date,actual,HAR,VF1,VF2,VF3,VF4,sVF1,sVF2,sVF3,sVF4,MC,MDC,TMC,DMSPE_0.9,DMSPE_1
2008-02-05,-3.378881059138922,-3.439036829671462,-3.440952901531515,-3.432287048803834,-3.452622935969527,-3.439242925464499,-3.4121132039346627,-3.5259795869263906,-3.4399251421703205,-3.440790980433842,-3.439710959247017,-3.4386331437558555,-3.439708611429076,-3.4398319081647335,-3.4399139009389486
2008-02-06,-3.3661901483432524,-3.5250328609147856,-3.4810916641032668,-3.553472865671781,-3.6327926234641814,-3.5140551652793177,-3.3941196575459895,-3.731323463672655,-3.5478355203794663,-3.5349853729441105,-3.5243346940849074,-3.524614215656115,-3.52410842100178,-3.5237712754362716,-3.524201223138057
2008-02-07,-3.4263620120352405,-3.4159351941715967,-3.3413578231561005,-3.50116947721078,-3.496601623025045,-3.3884014125552167,-3.2690871471932375,-3.604195195905477,-3.421400343658962,-3.4206073608926406,-3.417051716486117,-3.4154523356369415,-3.417086176607515,-3.4166042599379285,-3.416916893998834
2008-02-08,-3.440160835348685,-3.4954318186135693,-3.4882518383814896,-3.587091638538559,-3.568562434495516,-3.48087588667855,-3.477015144682565,-3.7764722388046543,-3.49553640255954,-3.4949523116496968,-3.5025298619700225,-3.496276930745428,-3.5012770881586213,-3.502616460648662,-3.5028097173874926
2008-02-11,-3.370459457759387,-3.542786600778814,-3.581059835842376,-3.512807607836969,-3.555573714046227,-3.543798419002422,-3.612770473878203,-3.6169408109370127,-3.552101760179742,-3.535717438530367,-3.5443787094480226,-3.5428989312438794,-3.54426718373665,-3.5444314833099386,-3.544582646721459
2008-02-12,-3.1933276964176396,-3.5005037562239587,-3.533239198440222,-3.422157888383932,-3.545581163262161,-3.4951290645018047,-3.4934103553251137,-3.5426350448116386,-3.5321144043938832,-3.490825875825085,-3.4982937317916205,-3.499359839696382,-3.4984419022172473,-3.49770780613054,-3.4981419990993885
2008-02-13,-3.1055151169074087,-3.6070007903121617,-3.6374630844802627,-3.5984664012145586,-3.572787390907292,-3.593585358749615,-3.6181546445820576,-3.622055958090827,-3.573558756218711,-3.5950701923019968,-3.6050242519634748,-3.605717781025185,-3.6051620917379923,-3.6043894571808153,-3.6047522193639097
2008-02-14,-3.0814040334802955,-3.6626198260077385,-3.5904768135537375,-3.6884324437543907,-3.7132679467695593,-3.662069298503916,-3.5298161790699747,-3.8131431917011875,-3.6873229957497013,-3.6574525347965112,-3.6609532875378985,-3.6618035603608554,-3.6612282171377637,-3.660502916198953,-3.6608306131248174
2008-02-15,-3.050782225350224,-3.735706738250043,-3.715781791147561,-3.749952017400957,-3.772675963364543,-3.735429211892939,-3.681669758337592,-3.8321735410726343,-3.74591156891353,-3.7266672284846476,-3.7357808257954033,-3.7361188673923227,-3.7358528765005166,-3.7351014432868044,-3.7355071676477993
2008-02-19,-3.037275826701424,-3.740691171567672,-3.739758005594053,-3.7228765934953936,-3.7258404221847874,-3.7338347465232706,-3.6911361629094697,-3.7865288656405176,-3.7322209037325447,-3.7308702451712814,-3.7357411950628188,-3.7401287007509985,-3.735368041974916,-3.7349932628196996,-3.735435397332475
2008-02-20,-3.0472410430247354,-3.6927118039679394,-3.632299066622253,-3.691262938800768,-3.717003828273487,-3.685456892883937,-3.545224235634217,-3.7588012583861046,-3.7088486267059078,-3.685235508844396,-3.6867222179224517,-3.6925168093500274,-3.6878514727965865,-3.685694480832806,-3.686201850715193
2008-02-21,-3.0505562958749186,-3.6859050448581763,-3.7327734609643715,-3.742073764630138,-3.7403200997043693,-3.678400085620309,-3.7892036929443873,-3.822631668017943,-3.720712700514153,-3.6842576327306746,-3.6953915945885125,-3.6875455080761563,-3.695448727270635,-3.695768288785181,-3.6957377081229392
2008-02-22,-3.065067969597439,-3.6604726017115974,-3.670408967059473,-3.666702850450182,-3.687486430757636,-3.6507870193733507,-3.6271340219603534,-3.725444672022911,-3.6648859889571064,-3.655278346007367,-3.6622715312546066,-3.6608242002606586,-3.6625267380459223,-3.6618870837835886,-3.662121812544934
2008-02-25,-3.067327786595226,-3.6787497471286117,-3.598787410815904,-3.5859528664958105,-3.641888999816162,-3.65968423532481,-3.442195229916747,-3.6404726556608678,-3.679169507373524,-3.660008672574132,-3.663440012900767,-3.6761995003817445,-3.664354589200262,-3.662300024836141,-3.6627246830749742
2008-02-26,-3.08176705353909,-3.66152412851116,-3.746492587997494,-3.6072135106023175,-3.6362842123397714,-3.6395129539020616,-3.7635405434944693,-3.5803532524117,-3.6607274814116817,-3.6526393803329333,-3.6620831302651498,-3.661243850255686,-3.6624450370894355,-3.6624238413994985,-3.662391196882767
2008-02-27,-3.0865056297892965,-3.749728825696713,-3.73009951443262,-3.6882293203427188,-3.7082456518489884,-3.731588661783618,-3.617676819663412,-3.7042287166781542,-3.7465237115766272,-3.7378746846451065,-3.7387887080099564,-3.745581211307864,-3.7392139587177917,-3.7378752921543454,-3.7381965625088167
2008-02-28,-3.0854682075511977,-3.7519531806025976,-3.7830187981006573,-3.7408213235828884,-3.705498688300167,-3.7446309494959946,-3.836110375597607,-3.7758706913344633,-3.7588061716128305,-3.737356173347832,-3.7509863874699656,-3.7516701836926813,-3.751719589662912,-3.7511699301827863,-3.75124668753453
2008-02-29,-3.087371903994831,-3.773849316549578,-3.7680300794142134,-3.7796611418295596,-3.7592282233314713,-3.76844818723311,-3.7526421735380486,-3.820085271416667,-3.7846917900878374,-3.7603764583216033,-3.7726815517332866,-3.773892021961001,-3.773044345068068,-3.7723247310007744,-3.7725582354222698
2008-03-03,-3.0957650039922195,-3.789583275360267,-3.7317255466249626,-3.7974505258383284,-3.787015240760077,-3.7773071330597427,-3.6326238769245234,-3.8726915877274743,-3.8025922395240457,-3.7790269900253484,-3.783113546120526,-3.788466707147895,-3.78321881573057,-3.7822820266213997,-3.7825897157413997
2008-03-04,-3.127421356440641,-3.6996750045655915,-3.6976523405186827,-3.5838720034893354,-3.6973190847326096,-3.6892378655628786,-3.614618408486792,-3.6362532054554872,-3.7211149443157265,-3.6884830961272566,-3.6891520684870245,-3.6975880761699784,-3.6896384390104084,-3.688662211513065,-3.68887703209972
2008-03-05,-3.1506300868690427,-3.6987268954259878,-3.679506180902254,-3.5253620867476614,-3.633228375709389,-3.6917318553834924,-3.598710341439936,-3.5556973668736935,-3.7020462190269954,-3.672482891006769,-3.6832191414648365,-3.6924536108891512,-3.683869854935129,-3.682397214993526,-3.6827343566147315
2008-03-06,-3.1661129118975104,-3.7141242634166036,-3.739841377104394,-3.572626994714045,-3.7373697834354567,-3.7080173397610445,-3.692382993418558,-3.612947034654452,-3.7443887125732327,-3.7031535081954856,-3.708481527442675,-3.7132436818295336,-3.708687749963885,-3.707918066234947,-3.7082045989614647
2008-03-07,-3.2319498449307846,-3.5135041162832183,-3.4740273645507216,-3.4471479891136525,-3.5004481225805275,-3.4993987343164874,-3.350787380517976,-3.4906543476022924,-3.5207725275833037,-3.5052551932052807,-3.5013926964506914,-3.51085955834641,-3.5017808460585402,-3.5006267994828533,-3.50090429739721
2008-03-10,-3.2639923207466706,-3.5461707594030814,-3.6153316316484205,-3.410565693966468,-3.5202853634008138,-3.5432832345355023,-3.5578709740715957,-3.4747058866039593,-3.5565886996408356,-3.529597495077512,-3.538523285831422,-3.54325967573683,-3.538808728384918,-3.537797048004169,-3.5382095355383583
2008-03-11,-3.289316151766027,-3.6189974653740697,-3.5103085227384767,-3.540012069601067,-3.5678507444939163,-3.60497948001581,-3.306071955968078,-3.5561184196020847,-3.609051143218634,-3.59761575432987,-3.599635024163101,-3.616883323569799,-3.6004839300700633,-3.597831238236872,-3.598439893367594
2008-03-12,-3.3118613906446615,-3.6527815116470683,-3.61378311838192,-3.4944603806161476,-3.6166507841888853,-3.6348026020464177,-3.4559755832706225,-3.5165352031513932,-3.6608786865214595,-3.629365361031598,-3.635829027728972,-3.6481074968918303,-3.6361667420086508,-3.6340496942885276,-3.6347751292435153
2008-03-13,-3.3946458897983027,-3.447095786742657,-3.3220042044419613,-3.3433641580020064,-3.4020685206604444,-3.432802752623733,-3.1155851958997745,-3.3986462285587384,-3.439161160153303,-3.4356449576708,-3.4267548582884766,-3.4436713783134065,-3.4269695656631023,-3.4250621253592946,-3.425692258224139
2008-03-14,-3.661091752525671,-3.167175236470956,-3.120714291640441,-3.146011347454568,-3.1389323689338333,-3.150877199214361,-3.0361455768155667,-3.1690692230531554,-3.1544509190468255,-3.157940117015609,-3.157750945535123,-3.163668455745674,-3.15767474839311,-3.1569711913924303,-3.1573133692645348
2008-03-17,-3.8315525520154505,-3.187077611387879,-3.1516495652883045,-3.1150985778843086,-3.1915479698693354,-3.1757127783591783,-3.0834223140587707,-3.2256290995911505,-3.2174705131144568,-3.1707573849435753,-3.1771467455661457,-3.1846944941811035,-3.177519018301424,-3.1758688619710913,-3.1765497247152497
2008-03-18,-3.911866929358473,-3.278911954527269,-3.194594372872528,-3.2114200678771216,-3.2596121563167344,-3.271535332648018,-3.119846930963886,-3.2474944034725,-3.2911472780832374,-3.2648769748443005,-3.2661758261012235,-3.2767892081332017,-3.2666259484078375,-3.264770629676037,-3.2655084214376053
2008-03-19,-4.013012590542666,-3.2608687685410995,-3.210916807492298,-3.3614323099058048,-3.283975505854231,-3.2426379303764885,-3.198402360083083,-3.4415326473370964,-3.273127111228461,-3.252946400812107,-3.263196321918835,-3.2608223903998423,-3.2631761821729888,-3.2626148798489902,-3.263004658407154
2008-03-20,-4.067212171309403,-3.3440437179183675,-3.28431571429858,-3.3783856678788866,-3.441814362902847,-3.3419420175513177,-3.291092392552454,-3.542246314785408,-3.3969126844169266,-3.337253745681152,-3.345000841994876,-3.3439017722594815,-3.344646181557198,-3.3442413379808666,-3.3448581994839413
2008-03-24,-4.083807651088979,-3.539532385821327,-3.5045438685745434,-3.5228310441708706,-3.537509101248677,-3.523377903204353,-3.5058901030344125,-3.6668624510867964,-3.574444182654808,-3.531303585563069,-3.533228035905144,-3.537931299187078,-3.533488501535145,-3.531826327521401,-3.5327744162604198
2008-03-25,-4.0865166924180185,-3.5996422841058187,-3.6082571495408544,-3.5162316576417614,-3.6094347862068243,-3.5919470680007146,-3.5960173629538335,-3.62766269468048,-3.6384775988925555,-3.5958024607646295,-3.5961028859680524,-3.5993860079591826,-3.596377034856108,-3.5950637215202876,-3.595791121257377
2008-03-26,-4.099618763698902,-3.6742182956554457,-3.682237804023948,-3.6896052254115297,-3.675842183706387,-3.6663164704947024,-3.6486232185529293,-3.8603962560440643,-3.6914799125297204,-3.6727113787677506,-3.6743618860797733,-3.6732285928112414,-3.674042800905547,-3.6730321493057017,-3.6739678688435
2008-03-27,-4.169442524748288,-3.6422143963473794,-3.636655467676503,-3.5944578782669074,-3.6332598971350847,-3.6379442147147416,-3.6121617007185254,-3.685590926910529,-3.668812518958725,-3.6439898473083203,-3.6370787231813226,-3.6405243017042928,-3.637297060837849,-3.6358293826628634,-3.636659991755322
2008-03-28,-4.2000477656823,-3.7485516688673695,-3.752714662407806,-3.7285512812757253,-3.771116062759135,-3.745294157113273,-3.7640506488074235,-3.8294318479772382,-3.7791271452609836,-3.7520138606383098,-3.7492101046567186,-3.749145245567613,-3.74923402150414,-3.7483521964811053,-3.7490336102823116
2008-03-31,-4.174697424203299,-3.788913339345368,-3.676324822967857,-3.7853762272417506,-3.8095876368163952,-3.7874798255295326,-3.5795932794909233,-3.8665547079401583,-3.804763955079001,-3.792223550072675,-3.7794895595133338,-3.78823540977569,-3.7802383054299056,-3.777700939419177,-3.778753934051565
2008-04-01,-4.193735113409276,-3.7398401239237833,-3.712850596874833,-3.6975424802766597,-3.756494258770282,-3.7403393583017763,-3.694241825741156,-3.782935606378017,-3.77150091996313,-3.7470794224876305,-3.7355021793388317,-3.7396817317859963,-3.7361927044934764,-3.734378100354471,-3.735182781435519
2008-04-02,-4.202858204689155,-3.769745214628092,-3.7338958236302755,-3.7706863759203144,-3.7705845152137654,-3.7723127212348615,-3.6733252470592896,-3.856775508375338,-3.784304288589569,-3.7763146730837134,-3.766356497384485,-3.769708952688995,-3.7664518393981785,-3.764832316970877,-3.7658991346277717
2008-04-03,-4.23009610054325,-3.8194933115459944,-3.817162482747121,-3.827181540697228,-3.7962690182522603,-3.8253927073386214,-3.8049358779113316,-3.913677004748794,-3.8233507933856137,-3.835512069700968,-3.817708674137696,-3.819057479449002,-3.817604819400819,-3.8162846214718646,-3.817321714728903
2008-04-04,-4.242907058117662,-3.85226418734258,-3.8579890514528725,-3.8922296125599147,-3.8538905589190886,-3.858533967513707,-3.8894021342221565,-3.9898969150178076,-3.8685270091270687,-3.869731026701379,-3.855196903345697,-3.852897975241826,-3.8552904605888925,-3.854152335392954,-3.8551110893826186
2008-04-07,-4.2408330834563195,-3.8813125965024877,-3.945056229052689,-3.879664796545113,-3.913273062355151,-3.8896863234688257,-3.9758952493577544,-3.9820453400883418,-3.9054554956077463,-3.889738760271913,-3.888490917651337,-3.8844063551159724,-3.8883537152741843,-3.8880497587419907,-3.8885748574528014
2008-04-08,-4.222753904664394,-3.927412515025916,-4.015762735261447,-4.00075023878959,-3.9789116883288256,-3.9339865535595813,-4.068814844761409,-4.14828699668694,-3.9664248513898896,-3.9352827734492033,-3.939511100111934,-3.929529735683597,-3.9390845073416174,-3.9394468095437953,-3.9397762402459646
2008-04-09,-4.235921325050463,-4.0119540826094635,-3.930794874658313,-4.085635861478979,-4.042789650831489,-4.024739827228869,-3.869766913409968,-4.202316922157119,-4.025341075491241,-4.021475415629227,-4.0109799985134895,-4.011737928692911,-4.01096760899513,-4.009039806079631,-4.010375542876748
2008-04-10,-4.265370434251066,-3.9673684997257457,-3.919941431097242,-3.954443407469347,-3.9875000760484416,-3.981982253533048,-3.9005631130934946,-4.039134659836241,-3.990284184293224,-3.978927485065034,-3.9645724068088866,-3.9668644103686796,-3.9646443342252358,-3.9632641928148113,-3.9642221823478914
2008-04-11,-4.282381856632274,-4.035324539507627,-3.993550602555997,-4.05572110508857,-4.048022372077907,-4.04560079235186,-3.965582304045053,-4.186013907817361,-4.042342284663373,-4.05480364930071,-4.0348621878583995,-4.035130823093297,-4.034866654892667,-4.03301138652095,-4.034311178671498
2008-04-14,-4.289815891410074,-4.087557289784346,-4.0665598062203765,-4.085921995175197,-4.089600169905408,-4.103553055382512,-4.048551905068334,-4.18696679503833,-4.102487799801247,-4.11361379335641,-4.085793173805772,-4.0878664998322165,-4.085853614972308,-4.084290359950832,-4.085394589472049
2008-04-15,-4.294880041029642,-4.117447634975353,-4.028754758413576,-4.08383760568993,-4.085433349467613,-4.131467350613683,-3.9229487216700605,-4.215983115471723,-4.104448806646697,-4.149786388172654,-4.104446723329075,-4.11746164335124,-4.1060210717304475,-4.100976102897898,-4.103174221663651
2008-04-16,-4.299987621566246,-4.19820956384876,-4.056200187128273,-4.0917755017221245,-4.178006453191986,-4.22240469666694,-3.8920833590679265,-4.182417736265369,-4.186410066658911,-4.244120138257205,-4.179197560127273,-4.196086898839095,-4.180572463483865,-4.175292156893374,-4.177750643795231
2008-04-17,-4.302795580993635,-4.253703386651212,-4.099269412714459,-4.068386119986859,-4.226193386886534,-4.281369033428769,-3.9407793433568266,-4.206132172492952,-4.249538133883306,-4.321730223995938,-4.2298088507536,-4.250809866249748,-4.231146307372015,-4.224807891024272,-4.228132684736506
2008-04-18,-4.2958496311012375,-4.317636637666221,-4.146646665597055,-4.28248719124423,-4.302094413735784,-4.334396550647709,-4.035956356250626,-4.3674456470433904,-4.323574060802411,-4.363019802372301,-4.301005456684483,-4.3154545682415595,-4.301251680850252,-4.298042044701332,-4.30001074095202
2008-04-21,-4.245591375305279,-4.434459872260158,-4.297823133679486,-4.277306610022237,-4.401494936637518,-4.453306869638306,-4.187226607098445,-4.388110134085881,-4.435208089421318,-4.505382204171858,-4.412529343919313,-4.431366895957174,-4.413751274852896,-4.409276693072981,-4.411448021752219
2008-04-22,-4.253155658344826,-4.374835259630983,-4.228668480666409,-4.283577091398145,-4.349275562339596,-4.39754393146835,-4.11524165265846,-4.371466555451637,-4.369421985165201,-4.423788470364877,-4.35731121532173,-4.372934460261587,-4.357918739065688,-4.354470043038318,-4.356323685913946
2008-04-23,-4.248375568990679,-4.339828291457499,-4.143681849643007,-4.266750093296138,-4.321636677772497,-4.375467642667507,-3.9976173459490845,-4.370632794980314,-4.32523513837029,-4.396722415960831,-4.321011885408052,-4.336533715457482,-4.32234571023851,-4.317869523605025,-4.319852039203719
2008-04-24,-4.291297911656499,-4.219722574499428,-4.030230852102221,-4.179076808660889,-4.224289053553946,-4.244171443474031,-3.917949393322668,-4.28415098468984,-4.226018671763332,-4.26908600736121,-4.204288181512091,-4.217069645842798,-4.205423886198799,-4.201719059266162,-4.20339926403188
2008-04-25,-4.308063842044626,-4.260309016483575,-4.13810310270642,-4.1723500928933674,-4.249247354272316,-4.297107693214488,-4.089353041109716,-4.32361312528814,-4.254319896954103,-4.324247629094536,-4.248338342197766,-4.258023098300041,-4.248273425418789,-4.245873176716604,-4.247607606486789
2008-04-28,-4.296713875503284,-4.363556582079567,-4.269639861733352,-4.1627532698432335,-4.36050248390229,-4.389701481623712,-4.225188225416427,-4.267704270019421,-4.360846627124905,-4.426483859848557,-4.349020797738161,-4.360351783660601,-4.34948866728412,-4.346849817491552,-4.348382649831766
2008-04-29,-4.305598300533282,-4.366531682317195,-4.329868983082209,-4.152909095779515,-4.352496564852671,-4.3922185002141205,-4.303936556209921,-4.19780916945686,-4.358456918041325,-4.417730682660762,-4.353150722826833,-4.361866660607067,-4.354006902942438,-4.351482561174567,-4.352667958862062
2008-04-30,-4.353057104452153,-4.194717959069764,-4.074504821760696,-4.006846117701639,-4.2048994106023505,-4.20396233332085,-4.029553198461474,-4.031132762040841,-4.211388646308004,-4.229486367960794,-4.176130467961471,-4.189647558853116,-4.176740343870364,-4.174132739557904,-4.175513364237094
2008-05-01,-4.3346108992796335,-4.267689370574767,-4.117025005090049,-4.157202674767751,-4.274986890820034,-4.2963505742032,-4.0456053712914155,-4.2622733502930865,-4.276985565012169,-4.323799231951126,-4.253354384827116,-4.264350527243872,-4.25377904654375,-4.250247249835549,-4.252361157973812
2008-05-02,-4.310812462805124,-4.270084729731413,-4.13119073110442,-4.1043176137496795,-4.252296381127169,-4.2841361191282585,-4.084854734339497,-4.17707739800698,-4.26577585564257,-4.302471779846338,-4.2494845422569,-4.263893709300175,-4.2500724264281144,-4.24666906702035,-4.248596891502853
2008-05-05,-4.298866389247451,-4.34492936591117,-4.271556333341371,-4.135674523375997,-4.313982103536261,-4.3748612277131125,-4.208461702142726,-4.231032780053752,-4.339654623288202,-4.3955020182476705,-4.329396082428621,-4.341177067891399,-4.3295292475569145,-4.326849520825953,-4.328681133524932
2008-05-06,-4.240741064208487,-4.300731922141814,-4.197187994183795,-4.066550610963382,-4.2654513985058475,-4.33542896255712,-4.112664178604385,-4.205920527452618,-4.272431112212898,-4.361798656114678,-4.2805527137160215,-4.296015653872283,-4.2810723300631235,-4.277612670063104,-4.2796539950213
2008-05-07,-4.1972264331745555,-4.301471676930617,-4.246910447522999,-4.2374009521459275,-4.28332352287181,-4.338314093224392,-4.20593749985042,-4.339961657598442,-4.293588248356523,-4.3553322796312255,-4.296555195599126,-4.300536186743516,-4.296719942008652,-4.295004257373745,-4.296090426653539
2008-05-08,-4.187419386226133,-4.258588969966637,-4.203579101102511,-4.028936916135313,-4.224603690760865,-4.286305800784358,-4.176060163390207,-4.141634273574943,-4.235846984359677,-4.296517452079582,-4.242926672328344,-4.253702394404023,-4.2433308396784,-4.240834887323956,-4.242312908190832
2008-05-09,-4.150056775850749,-4.435510658358326,-4.187013566218534,-4.22747032700518,-4.41483400460752,-4.46645835425561,-4.049304202179297,-4.423787026786375,-4.411688463798423,-4.488989621351375,-4.404192222800043,-4.429350748853046,-4.404876039781191,-4.399917489346322,-4.402737229640703
2008-05-12,-4.112356602930184,-4.424746577410343,-4.32078535907036,-4.151439691152526,-4.398606821962526,-4.453481322249584,-4.271599504029184,-4.223754934052996,-4.4049382697317165,-4.475791936078601,-4.4030218891040676,-4.418676415149479,-4.403833990954117,-4.399843496954359,-4.402068257645664
2008-05-13,-4.048156725222721,-4.460445074502995,-4.371299309478077,-4.243777781953227,-4.454734136308954,-4.487085423995634,-4.305299950077666,-4.339014682727894,-4.457296773322375,-4.526170483899564,-4.441877445864754,-4.456508458497494,-4.443214562120225,-4.439195306892995,-4.441027916522093
2008-05-14,-4.03270649684296,-4.484892160917088,-4.40968945507909,-4.368275349547013,-4.473736034155219,-4.512013756294453,-4.361451775091827,-4.471503479926078,-4.47672668861642,-4.531031177318363,-4.473127239314818,-4.482776528505427,-4.473559425338041,-4.471080576128511,-4.472474259457506
2008-05-15,-4.019610626270908,-4.517068788410344,-4.400565828469282,-4.302108915439805,-4.510082807007948,-4.552200424420353,-4.325175280159964,-4.434662660934358,-4.511934701587827,-4.565465271722767,-4.498454060783812,-4.512689399321893,-4.498821193943475,-4.49605512384077,-4.497620612036769
2008-05-16,-3.991680571048826,-4.498868120228257,-4.393066440248578,-4.408681872536742,-4.487484646790613,-4.529777244420358,-4.363137346243571,-4.5018135907957415,-4.484965085946335,-4.5336978712183535,-4.487336369401232,-4.496536191568008,-4.487671420049001,-4.485746597217625,-4.4867688215650166
2008-05-19,-3.9593735937813683,-4.452309052683111,-4.398208255935985,-4.351774644109882,-4.436806533407374,-4.5067772367795085,-4.373660012771101,-4.441647147594512,-4.432008645446947,-4.503952319563245,-4.44583159665253,-4.450715627419925,-4.446046783268609,-4.444327416063603,-4.445317171877604
2008-05-20,-3.942752530115815,-4.420664616879585,-4.396627238332538,-4.276691504631255,-4.393250977363973,-4.4588809290718725,-4.35686420632136,-4.325430661957699,-4.401102703324894,-4.4405217475892345,-4.411463608503375,-4.418152540905073,-4.412171004149297,-4.410080018405521,-4.410926328623435
2008-05-21,-3.963457086532719,-4.275367270044297,-4.178675126681416,-4.17002048998413,-4.264514111255668,-4.312795296384702,-4.0707260695137375,-4.213145084050488,-4.269346852053386,-4.302114510244785,-4.264067114840477,-4.274420939989536,-4.265170396193725,-4.262429702161167,-4.263303551133047
2008-05-22,-3.932883046715319,-4.394730652075285,-4.190494147491043,-4.313065853830482,-4.403944339817634,-4.4351372819414525,-4.049913430539688,-4.413842767000624,-4.400767977994668,-4.470225086715442,-4.376354331200542,-4.391739991156423,-4.377077131961883,-4.373704355958386,-4.375123963944276
2008-05-23,-3.9117980868845588,-4.299266123609485,-4.265849033420559,-4.163445979848109,-4.295872765861506,-4.323788395489728,-4.224520780007662,-4.259742261905013,-4.294643732109482,-4.349565717804049,-4.292213675001634,-4.296547477801536,-4.292759754084713,-4.291188148912101,-4.291841286302956
2008-05-27,-3.8858073524374523,-4.35681359563044,-4.251377566140037,-4.183823256723388,-4.338818081395979,-4.39797286740537,-4.164818917015109,-4.268894283380824,-4.344165650292465,-4.400384235628807,-4.340273576463983,-4.353677695371592,-4.340867131906064,-4.338643436444597,-4.339486179077503
2008-05-28,-3.8454233981961425,-4.368998903333569,-4.194309638208871,-4.14787326904673,-4.3451417324648025,-4.4014783676472495,-4.083262861430393,-4.26286387417051,-4.358771053235774,-4.432347283115394,-4.344031372682161,-4.366107503815238,-4.345111389678031,-4.341540374508667,-4.342805719068137
2008-05-29,-3.8311468023972677,-4.400409513434006,-4.231455327845391,-4.252619563917097,-4.41186229255257,-4.4217204642670955,-4.125549821192292,-4.4005091629091355,-4.401998074795088,-4.4757448955756205,-4.382857422028398,-4.396018283153451,-4.383272549063266,-4.380905718600853,-4.381934878719733
2008-05-30,-3.747087399101526,-4.485587056211487,-4.389226166312032,-4.262305298164963,-4.470304221440273,-4.501892280095444,-4.300302118078562,-4.341960663188285,-4.48486455216269,-4.512297058103425,-4.465896322038378,-4.480258054170241,-4.466562381014077,-4.464419856790043,-4.465163081870148
2008-06-02,-3.717837450785577,-4.458411128085765,-4.365469598172555,-4.333253372003648,-4.449971428624975,-4.486786692738104,-4.294213368020156,-4.450617859590361,-4.462252934256643,-4.5143900869315505,-4.445091617933644,-4.454996356320374,-4.445572905870056,-4.44374390190002,-4.4445186718125225
2008-06-03,-3.6461963557188275,-4.301323853574465,-4.278999558422366,-4.055454578393018,-4.287650107383276,-4.336636208929136,-4.2302323347248185,-4.157059770226557,-4.308304423462911,-4.345085353044962,-4.28761574269521,-4.297998161448856,-4.288115966547796,-4.286437682991928,-4.2870787133585395
2008-06-04,-3.5907358492286328,-4.234585346424012,-4.151558761113569,-3.9643642703065756,-4.21631427895168,-4.268056279585698,-4.047490873739827,-4.121796270709229,-4.245001591469687,-4.2806418522772,-4.214793229028153,-4.228907331095412,-4.216317676774601,-4.2133539816499015,-4.214159118456455
2008-06-05,-3.5434073519430385,-4.300676129756169,-4.262805105278731,-3.923067974700581,-4.278829519752371,-4.332778956686233,-4.220656125949673,-4.057503311671203,-4.318173647655702,-4.344617961325754,-4.27796412830504,-4.292511365647922,-4.279338429382839,-4.276708369266664,-4.277460290906988
2008-06-06,-3.5413254453498637,-4.098812659394748,-4.1148449275919985,-3.9053655207457427,-4.100040970238493,-4.105988711120803,-4.111112735040443,-3.9754172228238014,-4.106234223404124,-4.121083425643041,-4.090926688025252,-4.096045532639368,-4.091160826632828,-4.090489906447539,-4.09080050141686
2008-06-09,-3.464248918748509,-4.042261667728753,-4.051218921300469,-3.7969093882501217,-4.021723924116947,-4.089354311368737,-4.0365594967906215,-3.8829903027512174,-4.055694812020304,-4.067600445562737,-4.030438619069703,-4.03886722576086,-4.030692897229269,-4.029598608229541,-4.030071974468238
2008-06-10,-3.365904372188708,-4.071869359298069,-4.008641411486005,-3.7089259239306323,-4.0461071650923826,-4.096368278230488,-3.9089748722562376,-3.800714808183905,-4.085011389424124,-4.10668896218822,-4.045466910422877,-4.066879787756234,-4.046455468082114,-4.043638517246836,-4.044437728267514
2008-06-11,-3.3307418760303458,-4.089454734703432,-3.9738055838246846,-3.8453034219502973,-4.059561674203157,-4.126187496127456,-3.824033132124172,-3.978302598623098,-4.10269422415354,-4.091329967162958,-4.06638587392741,-4.0841770510502435,-4.067395323412716,-4.0646786654251,-4.065458626796074
2008-06-12,-3.2766199929661592,-4.043151037828821,-4.008815304714587,-3.7108939223666,-4.0045873024837,-4.080506763274722,-3.920223512582441,-3.8087927960508208,-4.061861486381843,-4.055482013957251,-4.021518759492388,-4.0382543997710165,-4.023144441577598,-4.020160688299585,-4.020862419237437
2008-06-13,-3.2554721946366816,-3.9663959360228125,-3.999450308822722,-3.604121372105561,-3.939252380780274,-3.9896287158673664,-3.991953595140876,-3.6695991158969106,-3.97953011533872,-3.9743761511391065,-3.948639103347556,-3.9613249833925916,-3.9495808980234206,-3.947489396274657,-3.948109986419607
2008-06-16,-3.232777723682986,-4.099532391265428,-4.051869389004258,-3.8473874636575287,-4.074212087813433,-4.128623319922548,-3.9914069264414627,-3.9762337496872404,-4.111656804152516,-4.140840616926334,-4.081106715903194,-4.096718471994604,-4.081564712597333,-4.0797001802838455,-4.08050211591024
2008-06-17,-3.223616887490114,-4.105572555946015,-4.105218146402797,-3.697091828351723,-4.0759760839924954,-4.143417884639916,-4.004328788570164,-3.8384604634459407,-4.115649653198545,-4.121604073620475,-4.080712503626973,-4.097848917391155,-4.081820391223233,-4.0790155655633,-4.079832898484027
2008-06-18,-3.2317190683329207,-4.045066538875423,-3.948020671180564,-3.6706717190698472,-4.009132483726519,-4.067647387748001,-3.829649433338887,-3.804879951686555,-4.0559344841129885,-4.064988153288156,-4.013638770171178,-4.037619160175243,-4.015700979228998,-4.011317038984421,-4.012453781231645
2008-06-19,-3.230042263938735,-3.9977670806942824,-3.9713571536125145,-3.7298431679482733,-3.9816681224299644,-4.055398671526963,-3.891178796050235,-3.8244757584348594,-4.0032865552874135,-4.042463953529444,-3.979510059308142,-3.9947886911423827,-3.98117682040462,-3.9775514329987756,-3.978560631941309
2008-06-20,-3.2133196541213023,-4.057635555848928,-3.962324210062132,-3.744242452595241,-4.022703941500055,-4.081574886753136,-3.806385664824519,-3.8426158364983087,-4.067073320925192,-4.055624686527174,-4.029167358509261,-4.051974501801023,-4.03166759254863,-4.026402016878638,-4.027794036480087
2008-06-23,-3.206120124693244,-4.1226960840007525,-3.9862729700253565,-3.8259976209978404,-4.093026042109642,-4.145223858943315,-3.802257264984429,-3.907776669972012,-4.131152792692403,-4.1375881118052416,-4.092496022717405,-4.117793479466854,-4.0939800637196955,-4.090019165816439,-4.091231073574057
2008-06-24,-3.198481822841077,-4.020420493825109,-3.887158251005971,-3.699201811131068,-3.9809653813843093,-4.077510142014623,-3.7134614795486685,-3.7948331168369562,-4.0349020910051,-4.032779515562553,-3.9907635318632493,-4.012904846074072,-3.991852457735309,-3.9885117043782907,-3.989614221937796
2008-06-25,-3.204746155048113,-3.985669444731911,-3.8528372766032453,-3.7018590571955885,-3.9718371133560795,-4.029525885489098,-3.7049360525465005,-3.8173231623938673,-3.998042339206971,-4.022620571094922,-3.960348094986879,-3.9794264091251197,-3.961272236540366,-3.958272078652125,-3.9592177430756483
2008-06-26,-3.207009510890793,-3.993146258685696,-3.8875981579879295,-3.8639393139931415,-3.988663883126723,-4.025214116990193,-3.7980399259845927,-3.9369934284256622,-4.009333503676797,-4.0372319612377465,-3.9790262764897815,-3.9922269545070774,-3.9798969790914835,-3.9775232732851795,-3.9783173785006034
2008-06-27,-3.2143818942034414,-3.91612238030672,-3.803259890153465,-3.752227470640551,-3.8954992125766523,-3.9619631809451916,-3.7157714816050382,-3.839094850749506,-3.9400681834243128,-3.9353348414834963,-3.8982981415983473,-3.911332760721807,-3.8989674589989756,-3.8967785421298005,-3.897553788227695
2008-06-30,-3.2078028111617365,-3.9644917146310026,-3.8045937691445486,-3.6602666136265123,-3.934816250686903,-3.9926019303037306,-3.670268352240249,-3.7932348880107765,-3.99227140358344,-3.9514911064339233,-3.935515599357278,-3.9580077861035066,-3.936628849267227,-3.9338603778366306,-3.9347441312199076
2008-07-01,-3.2325149404633455,-3.7425358319820305,-3.571684289412153,-3.5843079808795766,-3.715940268082322,-3.7722599189602453,-3.414403953607224,-3.665510411255087,-3.759767807196043,-3.7349412812134437,-3.720491617653727,-3.738494307011135,-3.721268666843132,-3.7186992250606403,-3.7195041285007924
2008-07-02,-3.2445408944369944,-3.815289169295338,-3.7067157715240846,-3.6791918786770155,-3.807953225323505,-3.8713541700907355,-3.614080353997416,-3.7675843471143184,-3.8313548832700834,-3.8590386811713606,-3.8009492588952236,-3.8129104074666516,-3.801699914129742,-3.79945395747687,-3.8002349854926845
2008-07-03,-3.305109092067078,-3.598463420572476,-3.6195669830444586,-3.493108826464101,-3.6025515298518673,-3.6482432975326344,-3.6408891713934053,-3.5752783363228877,-3.6178586147395944,-3.6413336604472226,-3.598862513297379,-3.6002862786623138,-3.5996670605754004,-3.5987301740198294,-3.5990590992721736
2008-07-07,-3.3628022040559067,-3.5540865171584075,-3.4820621127468474,-3.453616147697429,-3.5487764441772085,-3.59232369115657,-3.3831678437642925,-3.5382217978977692,-3.5670168702545295,-3.5825190868275363,-3.5439768454511267,-3.553894976377051,-3.544692058206053,-3.5428873364984854,-3.5434327051789856
2008-07-08,-3.3920503406811164,-3.548326083698557,-3.413984621710879,-3.3709229452074205,-3.5375492145124494,-3.582389839004333,-3.2498091855585183,-3.4452135431731574,-3.5614708341546266,-3.5642159120725783,-3.5282521821762938,-3.546529629669755,-3.5291594024902433,-3.526314696863665,-3.527179623967309
2008-07-09,-3.4053839028191213,-3.6073324797955304,-3.3931249510597374,-3.3730901430496703,-3.5985522128938983,-3.6469946855105935,-3.177247885015873,-3.47340892843932,-3.6215499590482,-3.6225182801541274,-3.577239907363471,-3.603349336644009,-3.578251349396702,-3.574864429317049,-3.575933660679105
2008-07-10,-3.502974711018746,-3.3849891222155475,-3.258531822437464,-3.2067781080911217,-3.3686260006825015,-3.438280004547342,-3.0695896557783553,-3.318206583462141,-3.398622015578715,-3.381811401768679,-3.3668346721859352,-3.3833098835013464,-3.367881537276253,-3.3647556517354213,-3.365851020500231
2008-07-11,-3.6300821389215643,-3.3008684667447192,-3.0695501208994656,-3.201537595028058,-3.2918817573709465,-3.331922116589311,-2.9147296716967372,-3.234630524518781,-3.312933894292135,-3.3206389654241875,-3.276942966831517,-3.2973596943563814,-3.2774486816323862,-3.2749127167680605,-3.275848245111321
2008-07-14,-3.6663868567069677,-3.4029814827945137,-3.278876039043879,-3.219919242159478,-3.388704986655728,-3.4439039097626627,-3.170767527272692,-3.312333935719176,-3.421909169794416,-3.4005986019891496,-3.3825207615061195,-3.4008663694462156,-3.3837143725431442,-3.3801484301266016,-3.3814476448570434
2008-07-15,-3.75098752838499,-3.317749429788264,-2.988043016359472,-3.1890801144176915,-3.305038324516763,-3.3587549091904823,-2.7655408432927224,-3.2931900154814935,-3.3386291149132252,-3.317413277690168,-3.2843340693346486,-3.315188134680953,-3.285251769074389,-3.280987075182699,-3.282814788091673
2008-07-16,-3.824719786135308,-3.3419142681895484,-3.0613942274551134,-3.2822592621056415,-3.3394831532677305,-3.3902930902166726,-2.9112792480217795,-3.3583268793089776,-3.36304456550183,-3.3719718113206643,-3.317368953664201,-3.3375261565459793,-3.318227478698488,-3.314433775354052,-3.316162473079082
2008-07-17,-3.8510524731321896,-3.4332501448208905,-3.002257501082455,-3.252146921323622,-3.430133290979344,-3.482000899892583,-2.7561660604116436,-3.3580049158107985,-3.4525588402683947,-3.450960459826141,-3.389062876633207,-3.4310172227522355,-3.390613163142044,-3.3849274219382486,-3.387259382937124
2008-07-18,-3.869475035170358,-3.562855666773996,-3.3331825252426177,-3.5241213835211,-3.560768816609769,-3.6078483859605406,-3.2616163818187665,-3.6522040519453873,-3.5908087095978547,-3.5799405260489703,-3.543693647549273,-3.56041796502333,-3.544526810163195,-3.5411009118204517,-3.5428098376201254
2008-07-21,-3.8492915177696703,-3.680680174079365,-3.489344232544419,-3.5812595073485682,-3.680738017209156,-3.7119866145660376,-3.3965818543819357,-3.681561022564321,-3.704538017327151,-3.6998522036752184,-3.659530619996614,-3.6760646385566096,-3.6603602966701767,-3.6565436343195605,-3.6584569506446214
2008-07-22,-3.874513674847707,-3.64688820210465,-3.3478322439696044,-3.556006344499722,-3.6466515757385847,-3.69626923684164,-3.213614567959339,-3.6904812380983603,-3.6773715061247882,-3.6670628915487096,-3.619600489148967,-3.64406749828299,-3.621198278731691,-3.6158904378652195,-3.618279893745037
2008-07-23,-3.9303460550377283,-3.6349719145153245,-3.297460626210767,-3.544348778775106,-3.634799186672203,-3.6984679780184475,-3.1805247220471626,-3.626687984042664,-3.6691363497207568,-3.6649727504280114,-3.6031335191565734,-3.6290997812173114,-3.603970608135911,-3.5989135059699753,-3.6016341735561204
2008-07-24,-3.942032860078353,-3.748312405204675,-3.3648271813127866,-3.8629920330575085,-3.747278604314561,-3.7908716836865617,-3.197356582492586,-3.908792022642784,-3.7570464549146463,-3.7632505427855847,-3.721990853567311,-3.743132892259047,-3.722300698527749,-3.7177938313497103,-3.720462593386977
2008-07-25,-3.9638635032562566,-3.6767486204082593,-3.385744139171133,-3.5420824753632574,-3.680618991543108,-3.758607240349806,-3.2947310566397126,-3.692636636777322,-3.710740453395784,-3.684134871576838,-3.648131826097282,-3.674469705518577,-3.649262836387278,-3.643351530284984,-3.6466921482193233
2008-07-28,-3.970150212416578,-3.7302226392362945,-3.513392670633191,-3.5430770964427847,-3.734554082561367,-3.7946980234655463,-3.449533022854318,-3.656936030196806,-3.760999181405101,-3.745373235092808,-3.703254267074374,-3.727301007916718,-3.7042988293215866,-3.6987938680226278,-3.701985194338863
2008-07-29,-3.9903086377571606,-3.733454331588339,-3.497917621883055,-3.561255478043517,-3.74115752423436,-3.7886089762613,-3.4199723892128158,-3.649014231665486,-3.7571282864183773,-3.7355443975704823,-3.7063468463626617,-3.731534271027878,-3.7072731545335866,-3.700835465485431,-3.7047761936205448
2008-07-30,-4.016709966696094,-3.7475379668037676,-3.4788104045099177,-3.7293684932277826,-3.7484860592722065,-3.79320163215165,-3.3671306675204997,-3.785614142566184,-3.7552985953423574,-3.7754869237808033,-3.7247473934605413,-3.7470161720857,-3.725382797247601,-3.719067136162068,-3.723090902709818
2008-07-31,-4.026429930874483,-3.7304379779505283,-3.519562916725512,-3.830323888982508,-3.731223604396914,-3.783696237419709,-3.496446975699398,-3.8804077866700872,-3.7425847595811055,-3.7462757154459547,-3.7218474886754938,-3.729962153278389,-3.7218133859348166,-3.718734410798169,-3.7211760723859704
2008-08-01,-4.012930805936543,-3.7314900116130567,-3.5290613951676737,-3.844150319444019,-3.735467018268468,-3.7708157107943747,-3.5056607568859763,-3.883185970607612,-3.743072376382116,-3.748943024849358,-3.7248763155084164,-3.7323488779798444,-3.7252592586952,-3.7227336488652405,-3.7244310625099244
2008-08-04,-3.9920255900967905,-3.8207710834253064,-3.6611656420056695,-3.7994155404473617,-3.8159330535987332,-3.8613320977176713,-3.659900862209666,-3.8816980049316387,-3.838449201187771,-3.854309982935545,-3.8100250858501705,-3.8181226082773874,-3.8106177648275033,-3.807695001751436,-3.8095506170610647
2008-08-05,-3.915727183107436,-3.8998886567157904,-3.7110678608517293,-3.975765430126766,-3.8914228062828027,-3.9134997488424235,-3.6776327305753305,-3.9833833654435,-3.9039327690195824,-3.9315210448736795,-3.8905305515736868,-3.897083791287418,-3.8901838495154952,-3.8878651698307896,-3.88987038067981
2008-08-06,-3.7724385197109784,-3.956600181835181,-3.733833372692175,-3.987232435882609,-3.954726753942329,-3.9993414054920042,-3.72638827254543,-4.041261967111973,-3.977630641483628,-3.9933378833715762,-3.941878503475924,-3.9541216841457545,-3.942170644488807,-3.938212488676712,-3.941078949273217
2008-08-07,-3.717987661880494,-3.8912539971716233,-3.719346627885358,-3.85262401146413,-3.8909832048759054,-3.9371272325513833,-3.6937823120241724,-3.95683673394374,-3.910397713129585,-3.9081498293129657,-3.8772219873235727,-3.890268786801421,-3.8774646873950482,-3.873425093900105,-3.8763504972672442
2008-08-08,-3.6809567023723018,-3.8956331664324453,-3.7790548735249403,-3.87981087130858,-3.9018056259690774,-3.912894872744996,-3.775060076909051,-3.9558981435548826,-3.916111253531032,-3.9094137628818726,-3.887770348167722,-3.8949590256655213,-3.888077341726963,-3.8855399992282313,-3.887336271931661
2008-08-11,-3.589471965464806,-4.010847511558491,-3.7475782474339185,-3.9574556874459703,-4.011232113391718,-4.065966979610844,-3.704192983465863,-4.0294099102566605,-4.02262271123221,-4.037794348733761,-3.988475903467529,-4.005053508479278,-3.9884671802021634,-3.983956407814186,-3.98715128433754
2008-08-12,-3.5207672723056707,-4.0193744860373055,-3.8174622121728934,-3.9496674533713994,-4.019303658008497,-4.073502234036223,-3.7858721772425197,-4.003388083829502,-4.039350512118829,-4.042549928587085,-3.9995992918028715,-4.016394364894769,-4.000357383520437,-3.9955340881212797,-3.998420019775085
2008-08-13,-3.278184978844451,-3.909861607522566,-3.7665859974271236,-3.701924395520951,-3.9166971965417563,-3.9678381357785035,-3.746455399447774,-3.7902982284457494,-3.939093387788991,-3.926769741241475,-3.888786259988884,-3.903926584877294,-3.8893536597711895,-3.8853023973666625,-3.8876791455629474
2008-08-14,-3.031580600922178,-3.9772300682935495,-3.87226874640554,-3.7881398083081614,-3.9894547931244717,-4.037357131381773,-3.886699313805551,-3.909325364499494,-4.020337542523103,-3.9954710995670255,-3.9627606545304603,-3.9728664341494735,-3.9632530815311404,-3.960635570827609,-3.962229754619277
2008-08-15,-2.885992004988147,-4.092056217105518,-3.9238064999498214,-3.866568433394345,-4.111262408281145,-4.13917218228843,-3.879038875865204,-4.021097874268147,-4.1241059419711705,-4.088009180417202,-4.0674975400371345,-4.089036412502453,-4.068184087442437,-4.065101470831447,-4.066494521171284
2008-08-18,-2.6741744002647554,-3.9964755473319826,-3.9308163453436866,-3.6940855559612356,-4.0203319356544425,-4.031251450113249,-3.919456879907575,-3.7807729924869746,-4.030194950081577,-3.9953964185442756,-3.9790067195929435,-3.989247097417323,-3.9795112495443,-3.977885118764931,-3.978503954432062
2008-08-19,-2.6179960016795363,-4.0568656691375296,-3.9230910642490247,-3.8319713708521235,-4.082841283087841,-4.110347068201608,-3.8829735338440927,-3.9859607443986396,-4.101260531859024,-4.057178853174657,-4.03727843645168,-4.05365066484942,-4.037834194384827,-4.035659876902563,-4.036342173230821
2008-08-20,-2.601204592663943,-3.983381990915443,-3.8055844320608845,-3.7414924664409774,-4.002194396857429,-4.030023594056058,-3.7491195617658892,-3.8434419370080817,-4.014220236223289,-3.994160741647068,-3.957437886270912,-3.9785239898384166,-3.9580201701577926,-3.955665233483202,-3.9562681121585137
2008-08-21,-2.5412237297659384,-4.064089752710732,-3.916863076594282,-3.8380027380853727,-4.081297900825481,-4.081925989088632,-3.8937910273666922,-3.904696810444899,-4.095672877734337,-4.060803442630934,-4.041846435409512,-4.056791775889425,-4.042389600539662,-4.040525516047497,-4.041060352466367
2008-08-22,-2.507411970899547,-4.159304932758721,-4.022669733397962,-3.786000068910075,-4.178967303163986,-4.179214897769983,-3.983162295658438,-3.916672098275354,-4.196190527252616,-4.153112178770574,-4.127809688987487,-4.152780168447022,-4.128555550881816,-4.126292028849561,-4.126758211112705
2008-08-25,-2.4828584424537508,-4.1217802431394865,-4.080094755515853,-3.9170099133080396,-4.132966571986681,-4.164713345086329,-4.077221058534396,-4.069231165508867,-4.154375311509005,-4.1184297555529135,-4.11163545863064,-4.1202220606170545,-4.111866617896565,-4.111158364683552,-4.111430565621619
2008-08-26,-2.45958889770521,-4.064935972650244,-4.0887891177357085,-3.694124863760055,-4.079020172482629,-4.076091986501263,-4.10898057186738,-3.757332555456073,-4.0963133495752535,-4.057344863247494,-4.048465150921654,-4.061047130230124,-4.0486445548017596,-4.0480835060063,-4.048320213497592
2008-08-27,-2.2168355615358526,-4.109880231706591,-4.136490207116401,-3.808800000145686,-4.12504081002352,-4.147098663709644,-4.130646263648656,-3.9075221479399365,-4.1364055872613035,-4.111942731441881,-4.099260459262824,-4.106318517832704,-4.0993787454357795,-4.098759938375536,-4.098955430169024
2008-08-28,-2.1918382194607884,-4.163022903439251,-4.132130914334544,-3.8145305149623194,-4.175295044836856,-4.183330518375799,-4.131889542166958,-3.8220050612055623,-4.190895870511946,-4.16162152487569,-4.142435019537082,-4.157819806904054,-4.143281631014199,-4.141779915325141,-4.141908847114747
2008-08-29,-2.165655843884146,-4.159222901635119,-4.126157947217372,-3.7355748384102556,-4.181777486115874,-4.165755212416185,-4.0880339542071855,-3.816207169718,-4.1844556731108,-4.138080099245867,-4.132998151223175,-4.147910114054163,-4.133671768911125,-4.132277190270956,-4.132320858496554
2008-09-02,-2.1405129710667,-4.07048241357433,-3.894912755849547,-3.8612523103467766,-4.082886132339111,-4.098440793242255,-3.8474584976847517,-3.95234477915645,-4.086960058346247,-4.056671656416162,-4.045449445213786,-4.064785518124607,-4.0459462853432395,-4.044621016331515,-4.044588396172265
2008-09-03,-2.088515058772212,-3.957565864224054,-3.8672807306515034,-3.6795753917762553,-3.9667901750304644,-3.9927391618534234,-3.84235989122554,-3.7356137570349204,-3.971080132723599,-3.965961466204563,-3.9370977696524303,-3.9505509947117297,-3.9377536655108365,-3.9366337160872336,-3.9366967487071545
2008-09-04,-1.9663180942156833,-3.967074367629271,-3.8346087585805964,-3.90991688749047,-3.9715960142846214,-3.9998127810863706,-3.7983472679813066,-3.965384511813427,-3.97552001154037,-3.976370371735922,-3.9509754443670864,-3.9627883321607404,-3.951202443435432,-3.9504011338316327,-3.950337077657088
2008-09-05,-1.885557183407147,-3.768986892918965,-3.692833218960084,-3.6051764861826006,-3.7741661133374524,-3.7898981291490683,-3.6734237037164084,-3.629297977798634,-3.77475691932162,-3.774084981812207,-3.7526276125503375,-3.7641754331467805,-3.752551226605316,-3.75201694938328,-3.751946838307978
2008-09-08,-1.7569863112503483,-3.5094690139021987,-3.379984733404965,-3.364529598870453,-3.517811610913613,-3.5156931906682805,-3.32494585594407,-3.388044590914626,-3.511667928897094,-3.5071699524140723,-3.4874469625875566,-3.5075016173585554,-3.488065950152486,-3.486797777213673,-3.486609315237613
2008-09-09,-1.6449573521182166,-3.5272089303706946,-3.428823585338741,-3.3173270555773997,-3.530159112535141,-3.547083942183116,-3.3894093103992264,-3.3570829302641085,-3.5249765284054897,-3.54318069798129,-3.5065081509588834,-3.520975856405796,-3.5067898599180354,-3.5058904626750316,-3.5058108586737515
2008-09-10,-1.2907942657231548,-3.5154841364929523,-3.4012914810328496,-3.223476200441165,-3.5203937437743487,-3.540915018194937,-3.3520797383148775,-3.241419805269057,-3.5090079511625714,-3.524957922276403,-3.4891353141562322,-3.5091189250250547,-3.4901174174572835,-3.4884244754057088,-3.4883273372280343
2008-09-11,-1.2741888560548533,-3.3456619265437917,-3.2277017691750713,-3.1924901496399483,-3.34889870771732,-3.363840558248315,-3.1777590906184807,-3.174045067025612,-3.33294202931445,-3.351535977032336,-3.323900663101165,-3.34048848386297,-3.3248520317817136,-3.323163283767694,-3.3230604962701813
2008-09-12,-1.2102558594333432,-3.314453980959246,-3.3218280584916973,-3.067713463645837,-3.3156113620428527,-3.3282141801766807,-3.2922250738957395,-3.1027705084799444,-3.2962014169987053,-3.3151572609167594,-3.2993750039671252,-3.310847548007317,-3.3005570322594258,-3.2988218913256513,-3.298895903223237
2008-09-15,-1.1969088018559588,-2.8834530151815696,-2.81621206501851,-2.82952033996844,-2.8823961525368342,-2.891563555532429,-2.7625261584797878,-2.77745861658006,-2.8637940909917163,-2.890213310039065,-2.8685172260005083,-2.881060784563613,-2.8703771311473414,-2.867507728889479,-2.8674801705745843
2008-09-16,-1.0942856669638108,-2.6232535779439776,-2.4095567482283653,-2.9269126250873025,-2.6243552719964356,-2.6159607071043487,-2.3510326188779556,-2.840001213486957,-2.6249280253495217,-2.6265411348320455,-2.615182819516491,-2.624846039476934,-2.6171191360535553,-2.613945196496182,-2.6139995174352535
2008-09-17,-1.063122186782531,-2.5607519729018606,-2.483452410086802,-2.8134463486722217,-2.56062028904461,-2.5649557909342486,-2.449567497493105,-2.7403975916885686,-2.55633714657698,-2.569031431036923,-2.5580280644088322,-2.5618682038179745,-2.558762705891624,-2.5572015949925024,-2.557249994139517
2008-09-18,-1.0752024161960514,-2.2725719112615423,-1.8922307704212231,-2.604963795356751,-2.2720930776067014,-2.2709949408895564,-1.7690261655289556,-2.6003353690769413,-2.281097957614563,-2.2752697683369627,-2.246484296192706,-2.2727269582026577,-2.249098329501711,-2.2452315155584044,-2.2449815289159694
2008-09-19,-1.0703955699451877,-2.4474442292884895,-1.8385896563992854,-3.012886031978311,-2.4456605222660666,-2.416811210164586,-1.6639045617726986,-3.0037004383965207,-2.4531039684014337,-2.403323420777968,-2.4183914680619933,-2.453581584130932,-2.4198443056981858,-2.416779375974421,-2.4168568831738644
2008-09-22,-1.0416605210066952,-2.6056328439075505,-2.4790515734314478,-2.774047665785021,-2.6078373134715176,-2.5946002270952553,-2.411647496361594,-2.7906411031048064,-2.600297923800072,-2.5913573528303795,-2.596102157433438,-2.6078377868613565,-2.596842813331396,-2.5953418777695725,-2.5955367620076015
2008-09-23,-0.9623579738942318,-2.4485972866143415,-2.5048806709130713,-2.7864844424168767,-2.4487066935218866,-2.448203557722319,-2.545945896030567,-2.656390626140402,-2.449978543011182,-2.4507643381385495,-2.4622857893356067,-2.4525392619912165,-2.4616085188427426,-2.4618607005015485,-2.461998095019136
2008-09-24,-0.9093558701647335,-2.5711950708787956,-2.5878510979883167,-2.865745033499261,-2.571037642726313,-2.562013576377574,-2.6185400962184278,-2.7978680199404886,-2.5681947943138947,-2.5676018606057416,-2.5819162976588865,-2.574125315241174,-2.582294820536829,-2.5817955561740566,-2.5821206295110994
2008-09-25,-0.8770281008346955,-2.746815523441332,-2.72777829956099,-2.9517023440829444,-2.744810055547739,-2.736826477124735,-2.6720569306232114,-2.9048546595706637,-2.7498687290818897,-2.7360605982530877,-2.7451897791448743,-2.7485465778160534,-2.746128744820087,-2.744123456441495,-2.7443320323567884
2008-09-26,-0.8389074059518721,-2.7464954369629595,-2.6861418709628846,-3.036477788293685,-2.742350044697154,-2.7368033144443236,-2.6538184920169763,-2.9960107738951445,-2.7427279819256367,-2.738928604226285,-2.7450294108662576,-2.7478352661101524,-2.7455116113583022,-2.7439005171343975,-2.7440776769088413
2008-09-29,-0.836961003400841,-1.947052879648965,-1.7727945203494473,-2.541249348383447,-1.9353591931543643,-1.9346110338511104,-1.7458761586897091,-2.3744023426564844,-1.95521130585017,-1.94539641258788,-1.949509458606217,-1.95544219517807,-1.949524016164886,-1.9484498059419928,-1.9483887782114226
2008-09-30,-0.8144838122658188,-2.315314491942061,-2.1608229571085484,-2.7172897019055755,-2.3119548830851313,-2.2977730382136485,-2.076122598859294,-2.6786544568697193,-2.3147600267574977,-2.2888419852864983,-2.307330977432597,-2.3191721256802396,-2.308477387571413,-2.3064668483198663,-2.3065612190357747
2008-10-01,-0.8012170573862469,-2.2685051522393707,-2.1931285621795418,-2.704257629509504,-2.2721250065815046,-2.2690641037538946,-2.1722853391028556,-2.5717541748866535,-2.2602389483263994,-2.2839129744575937,-2.271557501556328,-2.2712388323090438,-2.2727641385621706,-2.2710637434955703,-2.271177296205091
2008-10-02,-0.8035455794603168,-2.211129268859883,-2.1148671144560267,-2.731023588378605,-2.2156019504538427,-2.219572667910694,-2.1298033182527174,-2.5187605923289507,-2.2050968562194004,-2.245993760104327,-2.216973440515131,-2.213595288838465,-2.2174075014098285,-2.2166169620738447,-2.216730423130184
2008-10-03,-0.8143919657794885,-2.001669444359013,-1.810074941853874,-2.5713019878106578,-2.0097730837202055,-2.0081987640927874,-1.747425662925143,-2.4145301901737986,-1.999318218623679,-2.0393006807099354,-2.0005125299894173,-2.00662005511057,-2.001151944353101,-1.9994974502392986,-1.9996712373266377
2008-10-06,-0.8398299265770219,-1.868292678679933,-1.5560181428488713,-2.851528200403724,-1.8530914582134368,-1.8752972856184809,-1.5193089674772067,-2.7121093975234425,-1.8938333499140476,-1.8758966079308674,-1.8761259513871034,-1.8741210182255612,-1.8761744327823167,-1.8754554265247738,-1.8755633541993233
2008-10-07,-0.8482887853563816,-1.762964576536598,-1.6794488180326255,-2.531181417620293,-1.7526993633936354,-1.7767646864839806,-1.7872161545109317,-2.2810828302408717,-1.7727083204086636,-1.8161187531474328,-1.7836266822854032,-1.7708601375933108,-1.7830551106308148,-1.7842196818400486,-1.784347107540161
2008-10-08,-0.8858782514008223,-1.4527241734578782,-1.1016220867152104,-2.3395517290700987,-1.4453617031942412,-1.4637673407919316,-1.107274735299511,-2.1498770069064994,-1.4603790550432247,-1.5151590982140162,-1.4539252021691582,-1.455749829931004,-1.4533724865815987,-1.4539074007008792,-1.4542013438913737
2008-10-09,-0.9263385835273531,-1.3211022800532828,-1.1717752912495256,-1.9677030424646877,-1.3149261693709111,-1.3173666624803293,-1.216858188595605,-1.8950012129231866,-1.3215770358409642,-1.3136386948457168,-1.3332476077738629,-1.3302176731920625,-1.3337958769198415,-1.333428738157416,-1.3337049630557083
2008-10-10,-1.128704550865042,-0.6955948048003121,-0.29659288889154173,-1.868387668146682,-0.6468951692355577,-0.6997643126680034,-0.3444136779764566,-1.7659452760004022,-0.7024502531306159,-0.7276835454340915,-0.7118921594020431,-0.7016771154041019,-0.7103255486622072,-0.7120018183341974,-0.7122731826879836
2008-10-13,-1.131399242441509,-1.1812464586851803,-1.111177688119896,-2.0191925819524275,-1.1553589589335933,-1.1801646011618463,-1.251352383478116,-1.852708204659358,-1.1813548467974284,-1.198239868388729,-1.2078925017498958,-1.1905018621975816,-1.207046246031505,-1.208553874941568,-1.208758519420505
2008-10-14,-1.1107196851887815,-0.9429090807832811,-0.8778837254189202,-1.8691589527381802,-0.9097723297163662,-0.9472864203613272,-1.027177756140797,-1.7502922206725782,-0.9408874631644971,-0.9870326392241384,-0.9810791301911211,-0.9552569479367934,-0.9799360500818798,-0.9822951074827161,-0.9824196677111251
2008-10-15,-1.0901927831338691,-1.0564326632957446,-1.0876953298556435,-1.9398686132644878,-1.0516731821217797,-1.0609474150636409,-1.2883381492787713,-1.8148503295943188,-1.0522890800344695,-1.1066712028339207,-1.1045588849475796,-1.0704035080563505,-1.1032453498219628,-1.1062210539860884,-1.1062811872566085
2008-10-16,-1.1901031563278972,-0.7418673595289264,-0.6353916598391421,-1.7542392261440085,-0.7121487368195388,-0.7433268233788208,-0.8328297518566266,-1.6231854007049134,-0.7275777853167728,-0.7823656287416059,-0.7859658626815041,-0.7565294296351117,-0.7848143516419682,-0.7873220094735164,-0.7875818240941506
2008-10-17,-1.2087327025890677,-1.0863634979364711,-1.1678390684097097,-2.048501920115242,-1.0549805878674352,-1.0869810113008653,-1.4748985184799157,-1.9670350826273766,-1.0724060547018526,-1.1203475347876537,-1.1487632409551747,-1.1028307110517077,-1.1469934458878859,-1.1508515923631135,-1.1510217193125045
2008-10-20,-1.1987778734417205,-1.2032002937298278,-1.4472606098574712,-1.9240536593804765,-1.1871858628906702,-1.2032921886336403,-1.7662563125400765,-1.8707857098039629,-1.1955587284702631,-1.2233935488429581,-1.2651559940888852,-1.2127503123948524,-1.2637221150011533,-1.2675113829424103,-1.267621170312206
2008-10-21,-1.1145312050954699,-1.344722662735147,-1.4623479757343794,-2.04638924939541,-1.3153424621700134,-1.3446377847580318,-1.7171037126989146,-1.945835980799532,-1.3294016894659968,-1.3806929989743368,-1.3921323616593448,-1.3543806212328393,-1.3906723973855057,-1.3937149475179866,-1.393909520869518
2008-10-22,-1.0589459222281874,-1.2084380443196947,-1.3079066107769879,-1.9607231880201355,-1.1694625194135164,-1.2076677886424734,-1.567995452764636,-1.9308193898836687,-1.1910914084541993,-1.2428392064404505,-1.2605477484497412,-1.2215190812467083,-1.259549970518381,-1.2618892181915728,-1.262209120662325
2008-10-23,-1.1228399046125388,-1.0271531761253045,-0.8834738023375723,-1.9352600993414624,-0.9628537114531426,-1.0264371890594164,-1.0454349376328511,-1.8740218537580553,-0.9921293447919958,-1.0571861116163723,-1.0623591984095717,-1.0407350242705309,-1.062253096090165,-1.063016730542399,-1.0636107550323897
2008-10-24,-1.1582920305709976,-1.0564688599153258,-0.9382895762788727,-1.9428807461767132,-0.9913167862521202,-1.0562266916033902,-1.1136613545163738,-1.9525425634863474,-1.027483464802281,-1.0737961069370712,-1.093654629308801,-1.0702774776149737,-1.0930424078724337,-1.0942535408840814,-1.0948874966863429
2008-10-27,-1.1898864235768896,-1.0995308806178332,-1.049331665898461,-1.7933886610293497,-1.0576746965531587,-1.0990832215644257,-1.2179516920303743,-1.741324249127169,-1.0730473022047353,-1.1177256317268525,-1.1350595484185477,-1.1144249132070492,-1.1343439487796434,-1.1355087555442807,-1.1359484284362737
2008-10-28,-1.2438580181252412,-1.0058360746763846,-1.018981425145435,-1.646129875789954,-0.9714325701484295,-1.0057909716059539,-1.2010103951126108,-1.616817573550093,-0.9761629389434971,-1.0094526911820696,-1.044582773866904,-1.0175070762811824,-1.0434604345575993,-1.0454787941933426,-1.0459635055779155
2008-10-29,-1.3136718082875551,-0.9141637889156057,-0.8682007703352208,-1.5634809112803851,-0.8892462211486882,-0.9140799936676403,-1.0533127937618811,-1.5944614781434616,-0.8855702312666237,-0.9182513284241975,-0.9498623472842396,-0.9269846289026217,-0.9485365093501659,-0.9505699083075297,-0.9510160746660422
2008-10-30,-1.3175226288068669,-1.1116629960671642,-1.2100537668313034,-1.7902318544065574,-1.0782128814167964,-1.1116718138571489,-1.468880284790226,-1.8152435544378458,-1.0888410417463226,-1.1229078996187583,-1.1598176491248127,-1.122782219474997,-1.1598998237038176,-1.161264156453844,-1.1617141532436401
2008-10-31,-1.3056272015112127,-1.2361104004712526,-1.2495047354031001,-1.8933614406243227,-1.2004803964464426,-1.2358644199017073,-1.4902433744549546,-1.8538968503517346,-1.2088552495360487,-1.2517143319029398,-1.2744273880949115,-1.2477978738871771,-1.2738453191731218,-1.275405143973735,-1.2759612682300725
2008-11-03,-1.2731523786158307,-1.5307051766288997,-1.6305241450720873,-2.009284866499905,-1.502732815291061,-1.5307590530167092,-1.8048209141445697,-2.025405642606315,-1.502147889627796,-1.5335339774091614,-1.5665931263891708,-1.537784730020113,-1.5661745106054954,-1.5672635082157769,-1.567746422155028
2008-11-04,-1.2404764179278311,-1.6256292755976818,-1.6021349374636988,-2.1616669129697117,-1.6015590215267934,-1.625760273144624,-1.7285300291540853,-2.1838867929793757,-1.59732009993854,-1.6169158983955212,-1.6529622030125848,-1.634812418647544,-1.6523640805368442,-1.653321132173543,-1.6539578119175036
2008-11-05,-1.2441817159274302,-1.6613578718774793,-1.6862428954126525,-2.2443233056652625,-1.6128797973506417,-1.6613461084213905,-1.901555457183983,-2.206705840422305,-1.6205006311807404,-1.663593715304199,-1.6965756856010248,-1.6730802273206602,-1.6956604381212883,-1.6971124749442155,-1.6976967243932946
2008-11-06,-1.2570524727875696,-1.5954040399181553,-1.6428174632418624,-2.156369415572786,-1.567429612015346,-1.5955355789571213,-1.8453842769956443,-2.1559489470846978,-1.5707128984045526,-1.6039103126092291,-1.631725498767289,-1.6061273601717092,-1.6309371712418623,-1.632552476349253,-1.6331515368739535
2008-11-07,-1.2687023890299467,-1.6395806426504467,-1.7115995407232094,-2.1129078001345367,-1.6186532384925292,-1.6402767297363883,-1.8568812882453412,-2.126270588023692,-1.5835695555137654,-1.647266335937564,-1.6707153005339748,-1.643812179833565,-1.6698327548024825,-1.6710327294594882,-1.6716559125180483
2008-11-10,-1.2748362727352247,-1.6605322515793781,-1.6665132070380346,-2.0763303378992024,-1.6378265933918343,-1.660459580669488,-1.7663307272958861,-2.0776331718785284,-1.6174044598705646,-1.6582295547954662,-1.6835137030882852,-1.6664229459211022,-1.6831194869706392,-1.6834495946322576,-1.6840462364624882
2008-11-11,-1.2846002402660563,-1.5305620898791688,-1.5513419911577506,-1.8440216830698914,-1.481338965201296,-1.529887933413027,-1.6262289284031626,-1.8624003004219938,-1.4805991630378819,-1.5301078347415358,-1.5480678427297454,-1.5360084615014666,-1.5485424414293723,-1.5479597619946392,-1.5485755869269087
2008-11-12,-1.2906119109453362,-1.6190475643229294,-1.6559331811098918,-1.9696073132928138,-1.58665123992563,-1.6175125403247694,-1.7277747756085766,-2.012711643597568,-1.5883265789610888,-1.6116294634917956,-1.6400552306742902,-1.624036813500802,-1.6414931761119058,-1.6400664809157572,-1.6405794357597607
2008-11-13,-1.3742834479276442,-1.2137441038728731,-0.9604810286432521,-1.7472081559124635,-1.1834026735660295,-1.2159158560034857,-0.9946201733829038,-1.849621195486718,-1.1533522953382718,-1.229545634170166,-1.2225426642401058,-1.2185075620198909,-1.2232906895837052,-1.222061338113056,-1.2228263864455824
2008-11-14,-1.4349132198176608,-1.2045900617359064,-1.095413906631226,-1.6631708236180067,-1.1775828278392428,-1.2056646787048455,-1.2001013638886169,-1.7199090611058307,-1.1492291497033509,-1.2177395827161994,-1.2214264156528536,-1.2078749616189404,-1.2219857726739851,-1.2212160165592039,-1.222008568935221
2008-11-17,-1.469644267922432,-1.3083084700294196,-1.30626798729314,-1.7094394608273082,-1.2971150152529154,-1.3084183724390437,-1.4623421267389523,-1.7442118776205162,-1.2852593287153546,-1.3153107546336469,-1.3312421082647579,-1.3120685665427265,-1.3304986663801712,-1.3315964204571564,-1.3320759561249877
2008-11-18,-1.5146114170660734,-1.294637862439561,-1.2583311295293302,-1.6763221804969277,-1.2384231056441068,-1.2941317736749882,-1.3532907681778419,-1.758493575395096,-1.248494256544309,-1.2944721337114864,-1.313045547781106,-1.2993144650447102,-1.3129769644973708,-1.312931025524852,-1.3135782297021843
2008-11-19,-1.5596539866054535,-1.2677411989153828,-1.2299160158313758,-1.5772427119696204,-1.2191193513093947,-1.265261334329197,-1.2906167043110874,-1.618317806273404,-1.2296320455698095,-1.2662225283675006,-1.279890947411902,-1.2727976049443996,-1.2806011079588369,-1.2793135073958193,-1.279960752565094
2008-11-20,-1.7158456996430622,-1.049044548792924,-0.8613907544062669,-1.4108928438436283,-1.0324403768331418,-1.048613336787277,-0.858388883341619,-1.468500728910819,-0.993909880601626,-1.050394608924355,-1.0495361992430141,-1.0510182718677037,-1.0503170380615996,-1.0483565697590498,-1.049248517603931
2008-11-21,-1.8999878237038494,-1.0072371973771443,-0.8138496121276323,-1.349463729363944,-1.003172147656045,-1.005800149060126,-0.7957696495692206,-1.4821659340765119,-0.9630262258623687,-1.0073279670603656,-1.0099120750249142,-1.0093604632528235,-1.0101545681950799,-1.0087204423278677,-1.009470402991533
2008-11-24,-1.9877392752783072,-1.1989129139622334,-1.0433365809308037,-1.5044257198906237,-1.1727238521182781,-1.1979371331443407,-1.0337074421177872,-1.618421717210475,-1.1420658761187765,-1.1986377184147332,-1.2023778543154633,-1.2015854081306756,-1.2031715368773168,-1.2012317091160845,-1.2021902095016215
2008-11-25,-2.0722716502594816,-1.2294092052405505,-1.1497198593505598,-1.4926760156535084,-1.1951452537450693,-1.2280168611935238,-1.1685270745033076,-1.5305719427169273,-1.1711933744778356,-1.2290235912343401,-1.2335363310208671,-1.2314470086276152,-1.2346527268360281,-1.2325565340111144,-1.2335226805223112
2008-11-26,-2.1080264286972,-1.4089208216545501,-1.381741765293272,-1.6849339493948379,-1.4091820461228908,-1.4096677048088562,-1.468830818053606,-1.764072315176713,-1.3828154212493748,-1.4043945301440393,-1.425392436221476,-1.4109162452904336,-1.4250976837684013,-1.4254631489376424,-1.4259902992566016
2008-11-28,-2.1203909523426447,-1.7066384303956503,-1.7567414747585977,-1.8642144059822392,-1.703128337712991,-1.7035477114359208,-1.7449220264950331,-1.9926306571614372,-1.6714859261932657,-1.7088488785400924,-1.71496062846164,-1.7098257477571148,-1.7147158159841562,-1.7145483302828335,-1.7151723668703585
2008-12-01,-2.1532932604716555,-1.7997334807861232,-1.67878988509717,-2.032928260987539,-1.76075666093146,-1.7960384994677496,-1.6509232790028228,-2.1399465952122827,-1.7656220176910786,-1.8010564525186237,-1.8005047554662195,-1.8019564494168225,-1.8008208410563522,-1.799230209303957,-1.8000792482757353
2008-12-02,-2.2402954376278523,-1.6663512350245981,-1.5766582323823197,-1.8863600226565513,-1.6626440613243672,-1.6615166203075815,-1.5797727234543928,-1.9221178628279418,-1.6498894417747056,-1.6638771197984612,-1.6686371117112453,-1.6677926573687512,-1.6688088233780123,-1.667416010825265,-1.6682351196825869
2008-12-03,-2.338167286230824,-1.6621286694508282,-1.522303621550787,-1.9408108305232494,-1.655960562054528,-1.6599199679469112,-1.5170047011537908,-2.052569191702083,-1.6386386844863086,-1.6604716086049551,-1.6670793413197689,-1.664312859154645,-1.667240035187571,-1.6662001789226486,-1.666996711462471
2008-12-04,-2.4433559529317534,-1.6261883472002194,-1.5725352736428928,-1.9118845471479287,-1.6267450233522018,-1.625205414074543,-1.6298390929910898,-2.0045563434619,-1.6047611130839325,-1.622683911325746,-1.6417838951201582,-1.6319605492287141,-1.6415879224156498,-1.6417903546044534,-1.642252689244784
2008-12-05,-2.5595824785307197,-1.5501035714858233,-1.418135517502345,-1.9123073211168524,-1.5375312290805714,-1.5479557041517826,-1.4634316599440464,-1.9931912143620958,-1.5224494997046847,-1.5431600094145679,-1.5603250195084357,-1.5570988103309231,-1.560344051675389,-1.5593941218849503,-1.560318455703034
2008-12-08,-2.5829514463873533,-1.7310019266765162,-1.6121876263232784,-2.0220718751530704,-1.7315485061995186,-1.7292328810306048,-1.651650576772021,-2.0440769862482284,-1.708326713293504,-1.718161110482231,-1.7376712990441558,-1.7352943898139086,-1.7377151404723477,-1.7368579479185648,-1.7377516910514441
2008-12-09,-2.641245750449916,-1.7401973301009155,-1.5980228112066595,-2.097403628610154,-1.7716665136678345,-1.7430925475365169,-1.6336961322306378,-2.1770882352119267,-1.708410129770011,-1.7319603030804747,-1.7529678040516734,-1.7451061249678474,-1.7528361487298616,-1.7523741222646527,-1.7531898827559558
2008-12-10,-2.6658013339647586,-1.8520066838680065,-1.785267479452258,-2.071489406947844,-1.859699041151187,-1.850558008172761,-1.8071519879746942,-2.1460324848568013,-1.8333166091115076,-1.8504412539142359,-1.8611858484668737,-1.8547801958856027,-1.8617984563274341,-1.8606580534701915,-1.8613160875539203
2008-12-11,-2.674825098738629,-1.9625444176622027,-1.879463433381861,-2.191949272645265,-1.948833853582734,-1.9615484495627995,-1.9050373554624325,-2.2057660425213848,-1.931509875532082,-1.9599921936258566,-1.9688838477772113,-1.9647162480974312,-1.968833521902622,-1.9678708067528585,-1.9688217029260249
2008-12-12,-2.705307787429853,-1.8960791666100796,-1.8176061566741855,-2.160982876460365,-1.8860303423611875,-1.8981239862271835,-1.8620405041078896,-2.2157945596647144,-1.8700751523676977,-1.8952566571920504,-1.9064678929378414,-1.8988353092646573,-1.906400543229947,-1.9057092559259752,-1.9065839820683204
2008-12-15,-2.690025457815515,-2.008798184473231,-2.0407329780891326,-2.280204431878253,-2.0095180430523825,-2.008160953712518,-2.117743231049868,-2.313136842793183,-1.984945687696445,-2.0079129144530476,-2.0293649823636546,-2.0134304858990903,-2.0286914228994326,-2.029611379674268,-2.029954342560037
2008-12-16,-2.6750060486814937,-2.0278291248080804,-1.983262664759982,-2.260999050551225,-2.023035738366635,-2.0263219585883996,-2.0107819057615743,-2.3144971652752306,-2.0045041591394837,-2.0237431333354956,-2.037000010294377,-2.030436946396181,-2.0366448260581427,-2.0361151079106716,-2.0369880822403594
2008-12-17,-2.6724259365853906,-2.07214782348998,-2.0088334016912395,-2.3362808610135577,-2.0710876500497633,-2.070936808005134,-2.03300972825967,-2.386085171490504,-2.042569640334091,-2.070910356062517,-2.081168687345172,-2.076030618846415,-2.0814044222265315,-2.0796973667513843,-2.0810318465960878
2008-12-18,-2.6057939205836784,-2.147189415127378,-2.071354647323252,-2.3704478689173447,-2.139435130474942,-2.145174560952588,-2.064726930602743,-2.4229826137235353,-2.112104951646935,-2.1478102045501646,-2.149683599868721,-2.1493452033957787,-2.149682999192299,-2.148058429566818,-2.149515917103865
2008-12-19,-2.5215956565264945,-2.3046419066646227,-2.2018162320605508,-2.4221147380906536,-2.3000482411213348,-2.298041905687814,-2.192464103849092,-2.457055156559619,-2.287522150029008,-2.303167247933855,-2.3015837561630503,-2.304989388855983,-2.3015262631873536,-2.2995957556340225,-2.3009628750045383
2008-12-22,-2.49332277614201,-2.334494136160336,-2.3714430629929755,-2.5691057259535133,-2.3148420103002705,-2.323611725560108,-2.422654302113846,-2.567354602856189,-2.307278985836847,-2.3345029966426187,-2.3494475858367267,-2.3374324838167535,-2.349054536714252,-2.348765692184729,-2.349585072589803
2008-12-23,-2.4668497676957064,-2.5072037517009176,-2.435742772407425,-2.629767283712248,-2.511776689977375,-2.5011347450663566,-2.429813039949501,-2.6205928802912064,-2.4902875806456994,-2.5010526886017583,-2.504586808076829,-2.5072096299145876,-2.504828714522393,-2.5028346073736913,-2.5040329538547756
2008-12-24,-2.4426171325158683,-2.8700423116587968,-3.015818712560795,-2.8176892713311785,-2.902994809356308,-2.846978933076232,-3.0064025425260326,-2.8765607186149094,-2.9142512471170146,-2.87920499957475,-2.8722143871881447,-2.869230004174154,-2.8721500146405816,-2.8721118933347416,-2.8722599661915753
2008-12-26,-2.4193394420613905,-3.148101015992815,-3.1810038344258387,-3.094540841327451,-3.1438338322872603,-3.1285509715093,-3.16569219808216,-3.0438175287619744,-3.1480531639609173,-3.1452756181095127,-3.1432345317279426,-3.147892488527499,-3.1438307368744165,-3.141067127704533,-3.1424328274605413
2008-12-29,-2.3912839613482273,-2.9805830721857998,-3.013245225219022,-2.9761671215236576,-2.9764180869327412,-2.96059015703358,-3.009338461329284,-2.902004803285272,-2.973794009244591,-2.9807236129245553,-2.9782236509170015,-2.980576291882926,-2.97866455728073,-2.9768086679071644,-2.9777262776800706
2008-12-30,-2.3769257704721056,-3.0388093331359114,-3.0676159028285235,-3.1020050447956784,-3.0617972918631895,-3.023167773679945,-3.0886883871965214,-3.0748202797046393,-3.0243219999431217,-3.032819563422204,-3.0433312274910875,-3.039164134418556,-3.0432244176167904,-3.042782113362576,-3.0433832484913457
2008-12-31,-2.3593220457445683,-3.104184882007708,-3.0617942626283385,-3.1512992997574387,-3.103809414460859,-3.08902004216588,-3.020534590084736,-3.160418158434469,-3.0913787914772017,-3.100963766307669,-3.0976965661437283,-3.1045247186027214,-3.0981957176230575,-3.0962151978213943,-3.0969790799987647
2009-01-02,-2.3442890643522625,-3.025863424246959,-2.9408325766934897,-3.035854699944783,-3.0419329978888436,-3.0089146988042454,-2.8554947152654617,-3.089634415128741,-3.023580663640712,-3.0256847558915863,-3.0153593628852993,-3.026165053929117,-3.01609232896925,-3.0136460100555444,-3.0144538787542166
2009-01-05,-2.3221281299459338,-2.8854267629025383,-2.8289234919949955,-2.966689467110124,-2.90918803761621,-2.8665493999279796,-2.7619577787865253,-3.0133858284631465,-2.8826294973576787,-2.8762130715249232,-2.8817198869362515,-2.8854377967146085,-2.8828435666613195,-2.880284760650242,-2.880965201470715
2009-01-06,-2.326919665964962,-2.8458152348679757,-2.764669877905505,-3.0067606771448876,-2.8448156729826954,-2.8260750025834676,-2.7168489349361558,-3.1144064154414592,-2.8262960963414625,-2.840390068204451,-2.844137029363044,-2.8464620654033834,-2.844981395384521,-2.842819782444979,-2.8436309128738904
2009-01-07,-2.321138727409823,-2.9117495263137734,-2.812912653849299,-3.0284709499495017,-2.96047026490633,-2.898395573204566,-2.732766110552664,-3.1046949439225844,-2.8975033792893705,-2.9070187247671053,-2.907475614017704,-2.912934887417255,-2.9081963163285116,-2.9061255559814207,-2.9067881669658666
2009-01-08,-2.283730998131497,-2.8653612522636047,-2.78611722880967,-2.9127396400152024,-2.9187982406505113,-2.8506254161075746,-2.713019768501045,-3.017155515260109,-2.8573296904045526,-2.8444106781274057,-2.8602955000973123,-2.8650910733495696,-2.8604444280695382,-2.8593629479594878,-2.8599129731730537
2009-01-09,-2.280631267310702,-2.792085483578826,-2.7358596943084312,-2.89616406640254,-2.8271855355171054,-2.785376206855869,-2.7321906701171566,-2.9241419236980484,-2.774484583628674,-2.7650618227827595,-2.7960520532867084,-2.7952847441206687,-2.797022852854319,-2.7960350316725817,-2.7962825829886113
2009-01-12,-2.256296573807417,-2.891209583038309,-2.8374441799097965,-2.800945663128195,-2.9178326025021257,-2.8694512585079397,-2.7544751036999062,-2.8180398749550806,-2.8632322650494593,-2.877143015966099,-2.873352067254776,-2.8885407971595365,-2.873939858630299,-2.8713398394073124,-2.8721429787801003
2009-01-13,-2.2563735522144133,-2.777527681398054,-2.633387211655057,-2.771246717385687,-2.8006586936489026,-2.7704657883049375,-2.5155416504012527,-2.8538175263836423,-2.7308566419171756,-2.768850045856148,-2.7570495401077713,-2.774413878958675,-2.757814381011927,-2.754413287202403,-2.7555619978412005
2009-01-14,-2.247055500542172,-2.712038120835897,-2.680479367040094,-2.737683777887869,-2.7140169429505026,-2.6863455842051303,-2.674923808191276,-2.66253806281023,-2.6633650250863834,-2.687155460882114,-2.7035897317693864,-2.711153028122533,-2.703904388588741,-2.702549050794779,-2.703015833358626
2009-01-15,-2.2594050289737257,-2.538451295597685,-2.3577334584662206,-2.4143978237212127,-2.5759380833700156,-2.5183023577062076,-2.1980316482177966,-2.4355218971361263,-2.490907915646058,-2.5226989920524012,-2.5045998221990518,-2.53410232696693,-2.5058264804423898,-2.5010272488467082,-2.502281583977855
2009-01-16,-2.2899239486181644,-2.498096457511605,-2.4008303768470785,-2.3812226328688033,-2.5322832382127523,-2.4741834385625583,-2.2752276047870064,-2.409052113667664,-2.4773054097965774,-2.491476668125273,-2.4728349530194835,-2.4928786534950786,-2.4734706598343377,-2.4703161906197417,-2.471336036603007
2009-01-20,-2.285328098021506,-2.4033728544173494,-2.202613498864219,-2.355971472874664,-2.419238470315983,-2.375618652643935,-2.060330934931448,-2.415127383092943,-2.3795462382060664,-2.3965144749647154,-2.375693306903949,-2.401526848137915,-2.376992826862741,-2.3728534657403326,-2.3739245035077285
2009-01-21,-2.295952782472643,-2.422556153502592,-2.23665758526138,-2.2433467334368693,-2.4548697739339285,-2.397808070610862,-2.0932347285431825,-2.255665676447881,-2.3800366187750344,-2.4120576007938253,-2.385277269603809,-2.4188435560926695,-2.386128090927354,-2.3816034558408714,-2.3831489100062004
2009-01-22,-2.3286772279225594,-2.2499866414224994,-2.03403221559225,-2.1886607551554405,-2.276849716993579,-2.227064037223489,-1.8977218837002152,-2.227622203782043,-2.208798770934211,-2.2423259403993314,-2.2189431212830315,-2.248909362661546,-2.220849769453542,-2.214909214493617,-2.2166552940928623
2009-01-23,-2.3498483257549854,-2.1774710559785277,-2.0434710725212373,-2.1303662801299112,-2.204813045512323,-2.1465793596753753,-1.9724907079259062,-2.072487747300444,-2.1126462024874018,-2.172620985082607,-2.1542312139166215,-2.1763908014321265,-2.1557953855557273,-2.151638738158374,-2.152928354475081
2009-01-26,-2.3612295661390625,-2.279394477924962,-2.2092433872390096,-2.2424862299248063,-2.3120237850141483,-2.2462103994825737,-2.1508143538133906,-2.2284275445994246,-2.2327716998307925,-2.275243541320659,-2.2652081189275584,-2.279057691014814,-2.2662509415038703,-2.262936213712017,-2.264125514364122
2009-01-27,-2.3266206905988596,-2.331971112486098,-2.334871565743908,-2.2682196166992585,-2.371677008811914,-2.294172362880043,-2.3252989339276366,-2.1845230133078712,-2.2727616043844514,-2.3322573961949717,-2.325284677800582,-2.3312114129496893,-2.3262268110751863,-2.324654681563973,-2.325091946963372
2009-01-28,-2.3040545691865946,-2.444614252483581,-2.409986222398623,-2.2956016518360487,-2.481725124960975,-2.4034727203177795,-2.3165002094208065,-2.236401327368005,-2.388141186452645,-2.448710485211373,-2.424295188864279,-2.4400025993239147,-2.424802531148252,-2.422001215578929,-2.4231272314323866
2009-01-29,-2.262991048858218,-2.5530537293451587,-2.4704316372144968,-2.489929911294193,-2.595580649431759,-2.5200879360538564,-2.394554925088902,-2.447995783418718,-2.4913274323669103,-2.5647512738166243,-2.5351621182165993,-2.5496546586049806,-2.5353671155428463,-2.5328116403562846,-2.534061030275846
2009-01-30,-2.2607322624583923,-2.533586692483198,-2.4613355934125405,-2.447462850886256,-2.548695957345519,-2.4794359309244083,-2.353087758206624,-2.4591900619523916,-2.487398327008262,-2.536671069961568,-2.5106900869449107,-2.530802064210851,-2.511299077218126,-2.5070035687098535,-2.5088249852470987
2009-02-02,-2.232872265470581,-2.633690941117324,-2.510288856351009,-2.5347758521412507,-2.6691415869417496,-2.5995637384241363,-2.4147283890573514,-2.5312499178485943,-2.600052469493534,-2.6432848065843726,-2.6128904233274954,-2.631901505278043,-2.613880785156353,-2.609752044817593,-2.611329331237685
2009-02-03,-2.1741525051845607,-2.6492394423305248,-2.5450216510250505,-2.534280420029747,-2.684595467543379,-2.591034564545354,-2.3977834206922704,-2.719431470437178,-2.7629208732323205,-2.637534607822646,-2.6278735107197084,-2.647568732491452,-2.6278485689553905,-2.624490511253613,-2.6262098489009134
2009-02-04,-2.1387225004343984,-2.635824479215835,-2.509689882126236,-2.5204485838982253,-2.687753763712163,-2.5977501720083405,-2.347536412780357,-2.6682423300907274,-2.694414149017664,-2.6343733358854933,-2.614068324041476,-2.6341552371213752,-2.6150431302599957,-2.6103084537444734,-2.6122233608734198
2009-02-05,-2.13686785252267,-2.5066655732254506,-2.340060097606437,-2.343198750400172,-2.542843787062113,-2.4538625338090725,-2.1546971711998117,-2.382092625783629,-2.495141486644171,-2.4978649791352496,-2.474963325889243,-2.5047214775088404,-2.4760124656956597,-2.4698073018451776,-2.4723952986160103
2009-02-06,-2.1118877289251436,-2.6842685808746074,-2.495182854255019,-2.536982862864115,-2.7115788352423262,-2.6383883376675397,-2.2883266374178066,-2.598839281338615,-2.6810781373255486,-2.6812946213588917,-2.648826458632618,-2.681637433161719,-2.6501123853271724,-2.642982147539501,-2.646026180178061
2009-02-09,-2.103563648936131,-2.655280640582471,-2.5922408266491814,-2.475727642004541,-2.688031577383324,-2.5776111964540793,-2.450996654046675,-2.4894882109397525,-2.6828785375088544,-2.6525524480619325,-2.6285857275347335,-2.6531257533991703,-2.6299182564923766,-2.624684505283007,-2.626784931010347
2009-02-10,-2.124588628376386,-2.4022472466213576,-2.220686092887462,-2.281529694715924,-2.43106618095697,-2.358763439530314,-2.0634858082110763,-2.2853658769250886,-2.3945655727916235,-2.398285591899334,-2.3705918999449054,-2.4006919691520636,-2.371396571262465,-2.366057833181581,-2.3684725406866236
2009-02-11,-2.1283133980833284,-2.5107570910666945,-2.4035680380334132,-2.3997726777445085,-2.552045429828355,-2.457863266940877,-2.293915074086262,-2.381456824373175,-2.4930367736862014,-2.506304802454334,-2.4863862013120888,-2.5067691873262907,-2.4872288924407657,-2.4832141229743847,-2.4849128639354023
2009-02-12,-2.1394080301425604,-2.442688940372466,-2.334019179689726,-2.418922203378717,-2.4686162525165765,-2.402706253444679,-2.2472918704464875,-2.4331685112591637,-2.410617004970248,-2.4411149065435764,-2.427279532525746,-2.4413696894641506,-2.4275842771022424,-2.4250068812354146,-2.4262047849054382
2009-02-13,-2.101163311590823,-2.4713276806377773,-2.4455135761848537,-2.3330079753559025,-2.4888344156494733,-2.398147084580568,-2.385956706064226,-2.2860471951856565,-2.4391015369997824,-2.4721324516072114,-2.4541779522488163,-2.4677190482111726,-2.4542936470376424,-2.4515744263071757,-2.452912756485547
2009-02-17,-2.1055942200184363,-2.364261682674957,-2.3031062995580642,-2.3712421397748016,-2.368267413913839,-2.3007556742585287,-2.22035539134115,-2.4038507387976944,-2.354490704210738,-2.3647050884238525,-2.353117618960528,-2.363460904929689,-2.3537446857476647,-2.350912882776081,-2.352039650842383
2009-02-18,-2.12025071406078,-2.370028746933848,-2.2882009482740706,-2.224743461549413,-2.413696474536461,-2.2984084136422887,-2.1271875848917685,-2.3069959743987596,-2.392490066143059,-2.3724664839606184,-2.3468393965404557,-2.3691984753780178,-2.3473654200844702,-2.343736440944717,-2.345279558833373
2009-02-19,-2.1200719404119517,-2.5043118547720913,-2.36911837461506,-2.354298875506391,-2.5440461492462285,-2.4213814314514988,-2.237577245133209,-2.297123197965253,-2.5001750643299925,-2.5090607382964443,-2.475968405408115,-2.50262338506056,-2.4775403321307903,-2.4712290846477,-2.4735400703962274
2009-02-20,-2.154688989361299,-2.2825420612975478,-2.202443277841299,-2.0787498516141945,-2.29541945857361,-2.1628663645033868,-2.068361897993925,-2.019533767168601,-2.248361688194917,-2.288526263714207,-2.2520612014587282,-2.2779550955266217,-2.2530431388842063,-2.2473125379819416,-2.2496649343460837
2009-02-23,-2.1454899702811066,-2.3768687263046995,-2.2936979973641654,-2.1306737099827213,-2.408544457937806,-2.287045227427476,-2.1449138321579992,-2.1545362161948756,-2.393747533441528,-2.3821334771980043,-2.3445425486314506,-2.370820529664459,-2.346033741429977,-2.340226348824382,-2.3424551111205907
2009-02-24,-2.153272316029036,-2.330984418433772,-2.2032616180459264,-2.1969616952265607,-2.353829790263471,-2.2439914001905414,-2.063528930645224,-2.2768774447888527,-2.3359203232125236,-2.3359648243679203,-2.3044519026700248,-2.3293973078159196,-2.304922095211012,-2.3007421361481213,-2.302645933079812
2009-02-25,-2.193447613447769,-2.2484732630999673,-2.129423045642146,-2.038027773680513,-2.28127523376486,-2.126089209674785,-1.9739272278947224,-2.0595263874126797,-2.262725629297823,-2.2537278421830176,-2.2126367019774418,-2.2435970372080027,-2.213244621545686,-2.207850460630498,-2.2103218489683347
2009-02-26,-2.207424667081652,-2.332722187778762,-2.174582287476967,-2.190093225663001,-2.3738012118736953,-2.24136035711431,-2.022146461414962,-2.187990944009148,-2.327388694736266,-2.3438469376093893,-2.3040356520247784,-2.330572092997339,-2.3052217195799356,-2.29952198344845,-2.301738084377273
2009-02-27,-2.252638770670522,-2.199374129295352,-2.114221529396895,-2.098673634753765,-2.213128849530162,-2.0769315767313152,-2.0030946703619232,-2.1065087369943494,-2.2134600145833927,-2.2066430336607734,-2.1817475030068687,-2.197991444367336,-2.182821548271979,-2.1782059326396683,-2.180074317866713
2009-03-02,-2.265278820997712,-2.2711637581886053,-2.2311778089936727,-2.159731232970395,-2.2990638574901365,-2.1709074103658277,-2.116869601719951,-2.1922192907929725,-2.3009786285676213,-2.2719110607246424,-2.255711045718408,-2.270854032032935,-2.256749999866207,-2.2518286957697273,-2.253908063855636
2009-03-03,-2.3027225783834977,-2.19398181670376,-2.0547989448796247,-2.1216571321009026,-2.2061355784268444,-2.065510936165889,-1.915389852010496,-2.1448575628349005,-2.1605284740241704,-2.195951539519768,-2.170109676868645,-2.193416493973615,-2.1714525745000777,-2.1655268239981713,-2.1677869912314733
2009-03-04,-2.3206506542329124,-2.319991598787981,-2.175609488144502,-2.1650592207125148,-2.345609329592852,-2.179655597479536,-2.0515344625302916,-2.087677148255941,-2.2805535821113763,-2.328087687244297,-2.2849668655560134,-2.317019230183556,-2.2869959968736024,-2.2796673149617184,-2.282407355636939
2009-03-05,-2.3556447453382168,-2.2243048590856804,-2.1379192871025565,-2.132555166526388,-2.254740782392357,-2.1030119171634944,-2.0381762662744833,-2.142510304517477,-2.201578593012916,-2.2422217885507782,-2.2037720421721483,-2.222589176341545,-2.2049234613298774,-2.2008335743740286,-2.2025028800760658
2009-03-06,-2.4374444531949377,-2.088968596377241,-1.9588539245930217,-2.0657874282821638,-2.082609418332561,-1.938975566017732,-1.8829318199215406,-1.9699161632909437,-2.0423068917866836,-2.095096060170331,-2.067586452310636,-2.0885596669413244,-2.0681550677547134,-2.064146381365799,-2.0659308454019905
2009-03-09,-2.494344898189992,-2.11234292947334,-2.0223486831675443,-2.0104017743004237,-2.1416195638393147,-1.9811959760924112,-1.9398333606586398,-1.9743087285459306,-2.07957639656148,-2.1378452301073363,-2.089717471884652,-2.109936324879052,-2.0906456025760245,-2.0870942214171917,-2.0885789762993423
2009-03-10,-2.535292324734727,-2.215098272332855,-2.109939910478113,-2.1147763664929125,-2.2412267614142487,-2.0903316264525507,-2.0282550811810274,-2.0963676778080687,-2.1685332796617924,-2.227768942172895,-2.193073651622967,-2.2133173559108688,-2.193818060577507,-2.1888078431304874,-2.1911658033152
2009-03-11,-2.583005102848447,-2.1812177008957323,-2.0537275399648194,-2.0431510380054503,-2.196532885533584,-2.062125930985178,-1.92131517368907,-2.1717625177556665,-2.234687030279815,-2.1791273264466606,-2.155013079971953,-2.178847789905893,-2.1553367707355915,-2.1495597453285873,-2.1525611684301094
2009-03-12,-2.6028053035277128,-2.2769783768443292,-2.142752313940688,-2.1516614832121084,-2.322148817112844,-2.136047347549438,-1.9925377060300735,-2.248607642761524,-2.289041928005268,-2.305680058295263,-2.250449299873892,-2.2755007176333732,-2.2508608045401917,-2.2454480639194316,-2.248291866364052
2009-03-13,-2.628029796176323,-2.350912279546533,-2.246155929423145,-2.1390727125542845,-2.3759582766967915,-2.227369574167694,-2.150972496223084,-2.1149840670243734,-2.321609577412919,-2.372524352533311,-2.3197971747768,-2.3477219070843462,-2.320383297878776,-2.3139613968714925,-2.3173418861673025
2009-03-16,-2.6454468677103833,-2.4641451992846957,-2.3218706122266024,-2.288826360723694,-2.4843921142047845,-2.315483754866292,-2.190355641319476,-2.25771564918428,-2.4525608451438785,-2.4838013304761826,-2.427471286251671,-2.460832566893282,-2.4298747511925884,-2.419268849860979,-2.423961998880817
2009-03-17,-2.67128558024575,-2.4754782634487746,-2.3476966937795365,-2.3173304390391367,-2.4985648293980005,-2.354484346767203,-2.2366085791756523,-2.293944172499367,-2.4377925113233405,-2.4922144252311966,-2.444236974955996,-2.472235745682945,-2.4452456019254587,-2.4370106443567563,-2.441295919939756
2009-03-18,-2.771855239343759,-2.2364132155108516,-2.097350992979929,-2.145375522507628,-2.2246403947444247,-2.1098795813405524,-2.036431019805587,-2.106480435781162,-2.226850869438436,-2.2358400299994896,-2.2093684996495693,-2.2336130061159323,-2.2103450258159834,-2.202939210943746,-2.2068040167057914
2009-03-19,-2.802760940606565,-2.3517105302548225,-2.2078753703522143,-2.0707220700676716,-2.374849082988,-2.189236913030208,-2.082802721616161,-2.1022186595225545,-2.3581603117096193,-2.366819796668535,-2.3115566098569245,-2.3445722746492104,-2.312797885893135,-2.3020252449036778,-2.3079009872923764
2009-03-20,-2.805570143180475,-2.4066101758932468,-2.3635203896974226,-2.229383655659357,-2.4207562243293625,-2.272456422643184,-2.2650265107607988,-2.2055385511724115,-2.3946384818723234,-2.417688253053312,-2.385515947782541,-2.4040537305000145,-2.386625253864645,-2.379245398691077,-2.383133040611097
2009-03-23,-2.8107971631900424,-2.4435638287347317,-2.3949889128045756,-2.3398021753259273,-2.451602404002285,-2.340815746496095,-2.357232770426335,-2.3669637037896165,-2.4275972715807677,-2.449277443149287,-2.428267331557055,-2.439929920925403,-2.4288834780178887,-2.4245110195382384,-2.426878824795335
2009-03-24,-2.81888129088301,-2.447701532505378,-2.391960436221106,-2.2010199626481426,-2.4682803538596088,-2.329360145051494,-2.2961376854791937,-2.225343768554699,-2.415569932721178,-2.462472915724809,-2.419670322693812,-2.441147138326579,-2.420759427816946,-2.4133466132434056,-2.4172456233676107
2009-03-25,-2.8695276431800654,-2.3873508475355467,-2.2930250397835272,-2.251002486673302,-2.404932931775567,-2.3047638304767646,-2.2223750056591305,-2.2638530278352573,-2.361499606710449,-2.395193498901339,-2.365634336918918,-2.3845732281845367,-2.3663295201736454,-2.3599710109155474,-2.363541971922119
2009-03-26,-2.9263187680178127,-2.421145181478543,-2.337419477670998,-2.402739388677993,-2.4406927155474643,-2.330497330932835,-2.3022690390777876,-2.440808190834348,-2.4120900008072437,-2.4297413089870337,-2.4109342706423873,-2.42044977858904,-2.411209011987455,-2.4064825134384566,-2.4092845086734
2009-03-27,-2.9436266420165054,-2.5425206167570313,-2.560168063966029,-2.3889723567758088,-2.5826897990108715,-2.456166895494294,-2.531600033007321,-2.389852810485665,-2.5254957055770353,-2.57825160177338,-2.5345809932253336,-2.5415186129950906,-2.535007486797261,-2.5323734995766034,-2.533933137347115
2009-03-30,-2.954154733692327,-2.542996304483637,-2.4984828757686177,-2.5033652539871905,-2.567848331696638,-2.4593203126816228,-2.4807775184830523,-2.572546369507066,-2.5427167414455902,-2.5774540167463464,-2.537625005003523,-2.542318157988145,-2.5383612916628,-2.535514622998743,-2.5370689977394747
2009-03-31,-2.9761840616336945,-2.5540420464181146,-2.5131566698962695,-2.436159584574984,-2.579129049968859,-2.4747878644764114,-2.4996028373780335,-2.4060731556083548,-2.5073421589701383,-2.571901600277795,-2.541325269069165,-2.5518100698065815,-2.5418829547044486,-2.5385764092469962,-2.540483594096177
2009-04-01,-3.013882260325494,-2.5502388438531556,-2.4804523573011075,-2.48587681031262,-2.5925276469233647,-2.482414006775641,-2.4261797023481115,-2.577035385757776,-2.5442861512135555,-2.5759113788194616,-2.5386331061649354,-2.549474286999672,-2.5390871550452045,-2.534658930172439,-2.537214010396915
2009-04-02,-3.039383950370314,-2.6654090091320795,-2.5905556437677495,-2.552433108689833,-2.690945241350451,-2.5999804152374426,-2.5521079719272963,-2.5830395553830883,-2.670037762786089,-2.6834923294874247,-2.651165038263908,-2.663950390974111,-2.6517557135071326,-2.6478878006967426,-2.6500054455464674
2009-04-03,-3.0401417822912653,-2.7049620510028642,-2.626484088403605,-2.668502393489823,-2.741603249483671,-2.6296089567392884,-2.594317466758516,-2.6791441374529112,-2.6815894072112028,-2.7126086687919626,-2.6938892354336796,-2.7043699535066157,-2.69419641446651,-2.688650323863665,-2.692002473076697
2009-04-06,-3.035262785315156,-2.7158861060447967,-2.6760079467569713,-2.654473601984442,-2.7432614281278727,-2.645465970526641,-2.658556795151334,-2.6741382416329347,-2.6839355257190816,-2.729496629620131,-2.7041833197417846,-2.7147234689898676,-2.7046668608802684,-2.7000789485191157,-2.7027395424079588
2009-04-07,-3.0363718406418294,-2.795940168418828,-2.8068453488567693,-2.668494204110757,-2.8302395192206804,-2.7154284915820033,-2.803105498315673,-2.6440125051393775,-2.7645664924984463,-2.8217212534363134,-2.7860418562992018,-2.7938092409923367,-2.7864587250501307,-2.78269211401379,-2.7849738691056283
2009-04-08,-3.0544533082749328,-2.8322358747597276,-2.826572400545903,-2.6903226474050856,-2.891749005818671,-2.768627525903787,-2.839488230044286,-2.6334308354422866,-2.8018803624020654,-2.8614160564911706,-2.820653317556398,-2.8298900189364513,-2.821062860343967,-2.8176701348979765,-2.8198274702784447
2009-04-09,-3.04255814471499,-2.9792514075647123,-2.870334628047674,-2.7341557392842146,-3.0350236788356466,-2.9176220611705643,-2.799336268208756,-2.764194619594306,-2.9478811410217673,-3.0263879999893817,-2.952365276781551,-2.97653652247352,-2.9527987311337016,-2.9478599429969528,-2.9506630713687256
2009-04-13,-3.03979141865836,-3.021490676016132,-2.8851840531390773,-2.6445083591141327,-3.082417422746545,-2.9320290844983283,-2.806788636048068,-2.5424690409515387,-3.002214297298792,-3.060884425564333,-2.9764868132559767,-3.0148850857558314,-2.977429291932704,-2.9694410861408027,-2.973702007723871
2009-04-14,-3.0479142176464675,-2.973534356575335,-2.8262314479867645,-2.647142519772304,-3.077542733857073,-2.908765968622883,-2.7395894675532757,-2.667834266630827,-2.9636803310293107,-3.0359744300014246,-2.9381747454327383,-2.9687775597093466,-2.939190379795865,-2.9308030715938744,-2.9353166964881083
2009-04-15,-3.0557954458883447,-3.0065678866964882,-2.9189972805943385,-2.7113428665280166,-3.0862829833726937,-2.938960652004351,-2.8779448744468996,-2.6648650661411,-2.982677652518878,-3.018179161948466,-2.9747281236973193,-3.0009007074323013,-2.9753362837483577,-2.969068295380069,-2.972736926961183
2009-04-16,-3.0700479466169934,-3.054078589153175,-2.9100346919931637,-2.826521890444053,-3.114584208867209,-2.996018280433571,-2.8483641567500695,-2.8428643034114227,-3.043071266108874,-3.0869285852390838,-3.024108108887964,-3.0506250867868365,-3.025554639751561,-3.018467308698794,-3.021936034543666
2009-04-17,-3.0760166667026017,-3.0896309916786677,-2.9728170604373405,-2.708366883227195,-3.1698408816158974,-3.018271789504174,-2.8946037973940473,-2.7064671250923267,-3.0787557795202942,-3.1458777904753017,-3.0509333543182544,-3.0839177041333254,-3.051666700065084,-3.044794296770496,-3.0486883767484576
2009-04-20,-3.072646428843367,-3.1232313625504005,-2.954341249829424,-2.8337435132367768,-3.209567809064248,-3.0842593398927214,-2.8957894891624067,-2.823370211202998,-3.099496890560431,-3.1701200458192282,-3.086646118046225,-3.118037491757442,-3.0872151112362793,-3.080325007892681,-3.0843054023980523
2009-04-21,-3.093700107369265,-3.024986128965803,-2.765799245348153,-2.6185811529462115,-3.1175551902003993,-2.9742632705489913,-2.6822133302601254,-2.5379987135457127,-2.998678943937171,-3.093901468930991,-2.9711887877155596,-3.0199748237277193,-2.9722930095598525,-2.9627846191965923,-2.968049143607885
2009-04-22,-3.1370894305282966,-2.9192652280928315,-2.7230407251883517,-2.6180367836674736,-2.9900061438845986,-2.905087238319519,-2.6853197697441527,-2.577866047207897,-2.911550359795486,-2.9756665532801754,-2.879607643038602,-2.912794226857568,-2.88026462572587,-2.8737673746987955,-2.877506836464975
2009-04-23,-3.149706727060065,-2.9405621691625448,-2.740644459416612,-2.8015737080505105,-3.006086896595207,-2.9611097946719225,-2.681556779169125,-2.8872323459398173,-2.9333960068661873,-3.0060075395959998,-2.9165146949162746,-2.936915945601725,-2.9170058093764544,-2.9123122383728504,-2.91511332376243
2009-04-24,-3.146303697222375,-2.908898295341129,-2.831208393759985,-2.6503571934321317,-2.9763181090264386,-2.899447786345144,-2.786924644208492,-2.6859890468418364,-2.9039017930008373,-2.9908627813250166,-2.8865125737659745,-2.9029232850918927,-2.887154981168933,-2.8835556283596064,-2.8855875465209473
2009-04-27,-3.128503537160184,-2.916751478805219,-2.826782381488519,-2.7777364032054503,-2.983341140718797,-2.883998062138603,-2.7927331883214594,-2.8390612503709716,-2.912735116767194,-2.952913222340835,-2.901240056781503,-2.9148858555224417,-2.901245021546018,-2.8978294139860843,-2.9001552381698428
2009-04-28,-3.1049261917512903,-3.0639782178579376,-2.903224717031997,-2.8894402106391777,-3.1328147193098967,-3.0551581513934796,-2.8730853004307875,-2.980043738357702,-3.0594109812482957,-3.123918099305205,-3.043258731501447,-3.06202530486288,-3.043492843920222,-3.0395436997104635,-3.0421159643058098
2009-04-29,-3.128988506122516,-3.0588595987253253,-2.965199058748013,-2.906513513290266,-3.130093155934955,-3.033437725675492,-2.9146194087522495,-3.1311398121315035,-3.0571814987261083,-3.1368201094093515,-3.043502579393615,-3.055329869425404,-3.0432723031487194,-3.0410073139023193,-3.042712188686568
2009-04-30,-3.1524974354589403,-3.029096399383061,-2.8635438277296568,-3.0139678695928027,-3.1110007330121716,-3.0000297357471033,-2.860111255730365,-3.0809635995235984,-3.025222411832436,-3.047026757519552,-3.0166186959776926,-3.028458259103711,-3.016793476434816,-3.0124659046183537,-3.015164690830934
2009-05-01,-3.1735477625026056,-3.105105118595667,-3.0169016207227934,-2.9641373483571907,-3.179998008231761,-3.0729639163216484,-2.9824660281450033,-3.0071589633076705,-3.1021372990267255,-3.1401815612038386,-3.092205064227505,-3.1032353044344116,-3.0922107761145847,-3.0884736346019914,-3.091002478618154
2009-05-04,-3.2002503215654987,-3.14025758293505,-3.019042321866377,-2.900482205858986,-3.2025954646938133,-3.119445323490586,-2.984498195347621,-2.9224166513475285,-3.14022027183415,-3.184782497246707,-3.117354333596374,-3.136571844215326,-3.1178484221247325,-3.113287852655113,-3.1159357127746157
2009-05-05,-3.189749216439618,-3.186218110177562,-2.9954458338230414,-2.913164952655339,-3.2772758568501903,-3.15290586669638,-2.9562396680441947,-2.939797756985189,-3.1859194668248305,-3.244066397192149,-3.154462550115909,-3.181602561797025,-3.1550232535315774,-3.14937680079656,-3.1526204132767726
2009-05-06,-3.206626301388872,-3.078763839433705,-2.910030280923276,-2.755791069694635,-3.1420364671973373,-3.061056243513524,-2.8521226749550297,-2.754297172478093,-3.078345156515732,-3.1229295649718334,-3.0471744604302917,-3.0752982720444564,-3.048059521922672,-3.042406511066614,-3.0455022852840874
2009-05-07,-3.2540105398819024,-3.0324039099709674,-2.782631130182511,-2.7915933731766986,-3.118852887592826,-3.0327088993284153,-2.7275830315414926,-2.9080710682246527,-3.0328610222393064,-3.0988945262212053,-2.9964022680876923,-3.028268538829595,-2.997108704501189,-2.99059325855937,-2.9942093263669824
2009-05-08,-3.272476215485666,-3.077840804547443,-2.8960750929282333,-2.8398867278349758,-3.1427732590674053,-3.0609157238875717,-2.8695440877490683,-2.8368390950972753,-3.077657004696572,-3.118555533683143,-3.0487357806207216,-3.07510552737653,-3.050311075819005,-3.044423236567088,-3.04720369107647
2009-05-11,-3.2797876406032147,-3.1553704954461175,-3.0384159783441316,-2.9677984063504232,-3.221306194992597,-3.1507980497282473,-3.0090170069280684,-2.9740874059778357,-3.1581932162976463,-3.207806364364262,-3.1384544394233242,-3.1534049533040203,-3.1389169519336506,-3.1346768980055493,-3.1371747259554
2009-05-12,-3.315273344249015,-3.081111981279774,-2.9460448032655493,-2.7455746348859575,-3.1827217667580143,-3.1019281492534456,-2.897026770940509,-2.7542981923276364,-3.0853447850175026,-3.1671312081196703,-3.0519987174183183,-3.0768335161571745,-3.0522655739987714,-3.047365601142491,-3.0503794621750453
2009-05-13,-3.3338772835154415,-3.1481893332540274,-2.9919738248260943,-2.962316590101741,-3.2353389515523143,-3.141337645667181,-2.9824769263337902,-2.9517128489393265,-3.157322303359281,-3.161121654421198,-3.124629354278138,-3.14468966041648,-3.1249364166286377,-3.119523478084283,-3.1227921277884545
2009-05-14,-3.351316057385946,-3.1748304310610997,-3.0205749688630044,-2.92479902585386,-3.2629074851865374,-3.156244510719855,-3.0101228531566564,-2.893000915757127,-3.1855085831166297,-3.207891441804297,-3.1478376357010496,-3.1702912959273544,-3.148265987591263,-3.143320068160967,-3.1463396323987927
2009-05-15,-3.354608237131625,-3.217099518215148,-3.1126251246992904,-3.0011027941526076,-3.316907367195434,-3.1951072449013287,-3.118996102602669,-2.966599380156635,-3.234122052768825,-3.2457568263648646,-3.196364973586246,-3.2119276376916446,-3.196811634543497,-3.192701913115701,-3.195185243907689
2009-05-18,-3.355767954600731,-3.305483775942629,-3.2696310346864528,-3.10897137264428,-3.384202126876192,-3.2840700152846396,-3.2771463956030673,-3.0937276251751733,-3.3191369601671696,-3.3511436302143753,-3.2927705878850566,-3.301916739241974,-3.2927832220598345,-3.2903877688114047,-3.292143405910839
2009-05-19,-3.3721067870400243,-3.3210895867108214,-3.1399209966019477,-3.090279426877425,-3.401433460967986,-3.3133812045212285,-3.1377145999828198,-3.0734022905129996,-3.334846369919042,-3.3436406598850477,-3.290346681666617,-3.3147457934896494,-3.290697947499185,-3.284483918420726,-3.2882879813461905
2009-05-20,-3.38911554551151,-3.2641780519491523,-3.12499024722031,-3.0825429070527512,-3.3230512367367955,-3.273522079837099,-3.1385552531532808,-3.093304567359407,-3.2705985619666165,-3.2882647165783854,-3.243608870968524,-3.2600850275430306,-3.244016438310105,-3.240332120340978,-3.242468896835698
2009-05-21,-3.3974450587270892,-3.300869418436541,-3.2221198493508343,-3.0894302018682347,-3.3674024045071835,-3.319709763551924,-3.204360213509847,-3.1554265115297593,-3.303927040099838,-3.3771231906011177,-3.285867996635789,-3.2988482463065947,-3.286181968611509,-3.2824361705930167,-3.2847083401118713
2009-05-22,-3.393175159544462,-3.3353434859369053,-3.277945720222184,-3.222631658275458,-3.385020939684579,-3.3260680572077788,-3.2874767337118804,-3.2098467414975898,-3.3420363262330466,-3.3559839997373495,-3.3288812591585177,-3.3332770462501986,-3.329446329160409,-3.326377333021498,-3.3280922203459964
2009-05-26,-3.4080924281200695,-3.219696618987756,-3.2002955899134347,-3.0895402697301475,-3.293298567288221,-3.2049704097689893,-3.201298908449689,-3.109585791842578,-3.2319236900319854,-3.2565569568939905,-3.213451863478382,-3.2184969991233023,-3.213599773265896,-3.2113356301853697,-3.2128864802420978
2009-05-27,-3.472869505209461,-3.0998030281171927,-3.1291623172958,-2.9888815330838168,-3.164662299641142,-3.1114756653916604,-3.145273858999201,-2.9695344593553745,-3.1166278962970586,-3.135899630201945,-3.099389033650164,-3.0988671674934327,-3.0993452864693163,-3.0990627272126288,-3.0994719575842034
2009-05-28,-3.5597012234613725,-3.015454815240579,-3.001009547460326,-2.902620181098916,-3.0820240342091285,-2.973361744729561,-3.008131255854297,-2.9133255673814493,-3.02808462393614,-3.0506130456399463,-3.0104684782411453,-3.0136493955926884,-3.010716723531218,-3.009172042017902,-3.0101711318772257
2009-05-29,-3.6142030336701336,-3.0279592816088288,-3.072318361485838,-2.9717842088376663,-3.0936382949269503,-2.9913341519571284,-3.070441077091979,-3.057339565687232,-3.0472928583882672,-3.059546226143262,-3.033869603343427,-3.028436926791474,-3.033682784267674,-3.033418632410731,-3.0339798029260496
2009-06-01,-3.6228682992648036,-3.2516522982706038,-3.153692823337907,-3.0568997506486095,-3.3274402540698587,-3.245456906542089,-3.167827858923207,-3.0406826393550417,-3.28554279381916,-3.2412860447464586,-3.229759741176096,-3.2469340796417887,-3.2299755633261906,-3.2262739015832644,-3.228587304746948
2009-06-02,-3.6431589051155497,-3.19934220822508,-3.146779614649769,-3.0414000696664134,-3.2802678050550864,-3.1853174578848535,-3.1388642977640346,-3.0573802983137868,-3.2300923007469273,-3.1858116182816296,-3.189956677051837,-3.19730984579709,-3.1902931470149896,-3.1876054670705534,-3.1892198113020056
2009-06-03,-3.6369774398794363,-3.3268476074786912,-3.300614697933914,-3.1928309258097003,-3.42515595293668,-3.3145617959315694,-3.301176272055515,-3.2014587469666234,-3.359302705959189,-3.360003554419906,-3.3184759264074537,-3.32457666573087,-3.3184206237493816,-3.317174329828291,-3.318165452560886
2009-06-04,-3.63367705023598,-3.4978879390458344,-3.4195862736140112,-3.3237021446652886,-3.5990464632504096,-3.4930096557460164,-3.42209564009776,-3.3234116249362593,-3.528191155041548,-3.530231978534273,-3.4855372683242027,-3.497037069433613,-3.486044742672078,-3.482043377245885,-3.484337206905614
2009-06-05,-3.6416973359313793,-3.3509953261146492,-3.288193222860829,-3.247320809885318,-3.4353133171079593,-3.350035035015469,-3.300892125441413,-3.227311976290538,-3.3925420204683387,-3.3518726054001156,-3.3438234746022384,-3.350421670563438,-3.3439475240966554,-3.3424076568076866,-3.343458383761633
2009-06-08,-3.6530150267137618,-3.3338542371264848,-3.3804731857297563,-3.1449957554365624,-3.43310163550332,-3.319744094524363,-3.366502533935715,-3.147555029020771,-3.383303697358773,-3.368039662750016,-3.329694825807908,-3.3315386980088726,-3.3297489829643725,-3.3293641138031234,-3.3297998333729772
2009-06-09,-3.639659274395057,-3.485661237374542,-3.5417899684684495,-3.3027613928744604,-3.586948042782339,-3.465289517519775,-3.5388197269734256,-3.279983228705584,-3.511916018689545,-3.5226681593265985,-3.4800210035235497,-3.4832598148729623,-3.4801114329685774,-3.4799131495416584,-3.480198201914187
2009-06-10,-3.6491368251153786,-3.3906619962956377,-3.382382535720613,-3.3096871791076894,-3.4912018079532188,-3.400702326179573,-3.4079717130383034,-3.2816934599655148,-3.448081993592998,-3.3932743347119287,-3.388085237003582,-3.3888172873499194,-3.388034954985527,-3.3871237792505324,-3.3879493400853127
2009-06-11,-3.674249056557413,-3.389210234846677,-3.3962212324042844,-3.2234887983886913,-3.465727460090643,-3.3517537561609934,-3.4030032601813303,-3.1806386130091884,-3.4286667123656684,-3.418931164575021,-3.3802030979488222,-3.385533613039712,-3.3810288337988452,-3.378233945120159,-3.379674835083356
2009-06-12,-3.6856710739936167,-3.566077260054186,-3.520913991396073,-3.4794455081360693,-3.6443803148248706,-3.5322383770509775,-3.537033972775369,-3.476531777851603,-3.6149223160718025,-3.596706907341356,-3.562060996228499,-3.5661331700389947,-3.5624254372494684,-3.5600077249693816,-3.561499011465247
2009-06-15,-3.692376145115607,-3.5637122339307954,-3.5636379334577133,-3.398954831140018,-3.670832289627359,-3.5522126339440083,-3.561950094071765,-3.3922179213663894,-3.6305780069551736,-3.596157895666415,-3.5575119387221994,-3.5626332325204104,-3.5575858143772683,-3.5556087870407804,-3.5570412781498852
2009-06-16,-3.7124924474811505,-3.522939270386018,-3.496528673682654,-3.3136637902337784,-3.6414374121424857,-3.5080381108495224,-3.5059518761919826,-3.296810505613186,-3.590385908805143,-3.542553447187524,-3.5115717082736104,-3.520307155764623,-3.511821805344282,-3.50857741886728,-3.5107021798609033
2009-06-17,-3.743576597258663,-3.472287371670283,-3.331188682554189,-3.3016454060139284,-3.575784282451114,-3.4848587569751652,-3.3400483025120704,-3.381049883507633,-3.531341414673028,-3.512125776253512,-3.455905317760043,-3.4717416536794463,-3.4561415568039577,-3.452426111177551,-3.4547014724211382
2009-06-18,-3.7506430675003357,-3.5426410811040454,-3.490699447723588,-3.352408385092944,-3.662646653783075,-3.5242141288876305,-3.5059238501232977,-3.3218884056094002,-3.618090660648126,-3.5217357757110967,-3.5290944838293647,-3.5395328193598914,-3.5296210560104857,-3.525855086831825,-3.5282143662096392
2009-06-19,-3.74098575262964,-3.6314374234300977,-3.6385244778277746,-3.417327074711177,-3.7499335661044717,-3.606288824120061,-3.638176027542016,-3.398699627239565,-3.709801645318473,-3.6510074396468606,-3.6199245266937994,-3.626646562900496,-3.619977710178312,-3.618548457038786,-3.6196720638369655
2009-06-22,-3.751313002838543,-3.5467107700864777,-3.5188876526430874,-3.3595002242952834,-3.640158046117616,-3.51481361228227,-3.5329321920271277,-3.296341210581954,-3.6213837709501067,-3.5792149116148493,-3.5319024364616944,-3.5413439659988155,-3.5320597658371105,-3.529188129617692,-3.531045789661883
2009-06-23,-3.7672775965909864,-3.520772921324227,-3.409933173412362,-3.28712336032586,-3.6346721224108705,-3.528575399377493,-3.4279723315083235,-3.2233003371601066,-3.60941519378952,-3.512865013529834,-3.4957005830786962,-3.5142092853512206,-3.4961971208856766,-3.492236307908856,-3.4944775786395215
2009-06-24,-3.8019644212371166,-3.4714661822664934,-3.490864181033474,-3.267347235001417,-3.592850034184887,-3.456349024083928,-3.5093026234697122,-3.1586099167110127,-3.557756975415561,-3.446392085698011,-3.4604897576081766,-3.4686504760531296,-3.460381480351267,-3.4593456650943497,-3.4603565091650377
2009-06-25,-3.825842682029439,-3.4430730941285934,-3.4482131517698322,-3.309711560607087,-3.539276827135124,-3.4253373564340532,-3.45996568330257,-3.290642741202046,-3.523958634280459,-3.456959494780873,-3.439812299721568,-3.442123725749095,-3.4402761081745337,-3.4391537109757118,-3.439841845759835
2009-06-26,-3.8111590959312696,-3.605737244015493,-3.5543931264740762,-3.443280572914202,-3.742440658108966,-3.5865333335031933,-3.561532079964368,-3.44905570622288,-3.681574213287276,-3.605696831498411,-3.5959052153907085,-3.6046671659444014,-3.5963417305080294,-3.5928170532225403,-3.59512804847763
2009-06-29,-3.7922225279869717,-3.686172284032345,-3.6329979389484492,-3.4562382352583283,-3.8249901472399856,-3.6912560929898053,-3.6369757765643733,-3.4492104539621953,-3.799413573080436,-3.679136542789108,-3.6727931090303563,-3.682737038352283,-3.6736218179495705,-3.670319857155876,-3.6722837753441953
2009-06-30,-3.776615436454027,-3.638744281424053,-3.6327443622800555,-3.436336911442201,-3.7698302760182165,-3.6253735291037845,-3.641767199831603,-3.4136161008781674,-3.742367803284946,-3.682899188743612,-3.6308017558134353,-3.637374380942521,-3.631806790020761,-3.629352106882203,-3.6307290919085826
2009-07-01,-3.761631146131684,-3.789056661093614,-3.7791985404204813,-3.6469376541666985,-3.9089554699171782,-3.7731572967200813,-3.7978693243090866,-3.639580499266981,-3.8820854261507165,-3.8131232164732585,-3.7814336609764787,-3.786971040163408,-3.7824012105656686,-3.781614502399249,-3.781841036167488
2009-07-02,-3.7710644351396714,-3.806559712471825,-3.85503699738092,-3.623099936412286,-3.9302492996225142,-3.7798843563975315,-3.844291675345454,-3.6384872141548747,-3.9216983471157385,-3.806774547649754,-3.802254417914114,-3.8052974661748133,-3.8024129324329956,-3.8013127778187332,-3.8023198152531688
2009-07-06,-3.776436225463316,-3.70231382126575,-3.6865171220275554,-3.505559157648468,-3.835066675350386,-3.686263753466254,-3.702802263891507,-3.4892779279183097,-3.8110648403799092,-3.710538711366213,-3.6929119830757804,-3.70054101103957,-3.6934014906862807,-3.690709991842865,-3.692209163480259
2009-07-07,-3.768931552601263,-3.7418421278208744,-3.7063043400116586,-3.5415078812738376,-3.881354363669804,-3.719938795517734,-3.7247542579787165,-3.4729946490337946,-3.8522135903382484,-3.7272447832545934,-3.728687462800552,-3.7393836660863995,-3.7292278841828415,-3.7260675223029214,-3.7277967781135444
2009-07-08,-3.8103747726540553,-3.5595294165300944,-3.508642030787633,-3.2980395597854337,-3.6966368414034334,-3.5437836851482944,-3.5316301124287044,-3.184034229087531,-3.6573177515983337,-3.5612095961285832,-3.5372295596367698,-3.553609938723623,-3.5375227388299155,-3.5342087192740084,-3.5361555332781247
2009-07-09,-3.858332053901719,-3.551664153167731,-3.545766498546641,-3.34017422602091,-3.688713563750293,-3.531173833983279,-3.5591427225236267,-3.3020315553844766,-3.674446162543957,-3.536286448835761,-3.542384526257421,-3.5489195683783814,-3.543375694850118,-3.5399550639336477,-3.5419133528742557
2009-07-10,-3.8958261349578738,-3.541880142795625,-3.5289248921438365,-3.3970745663817272,-3.6814399139188567,-3.54088295772643,-3.5464754309713755,-3.359371723401218,-3.6861621229491504,-3.5024875422134776,-3.53633526560312,-3.5406099004723144,-3.537603062440347,-3.533429560613926,-3.5355591558470807
2009-07-13,-3.8959738075014587,-3.560193933228732,-3.5361138861612065,-3.433651039051001,-3.704614273754988,-3.577796852356971,-3.5371634848890667,-3.475472333679121,-3.661058580884367,-3.5709982429903504,-3.5563916962353685,-3.5598647117293862,-3.5567917703210186,-3.5544588686505207,-3.556058707187925
2009-07-14,-3.88163170835312,-3.6939155672930615,-3.6848511207557633,-3.4357847715183314,-3.8465235755004854,-3.6787382920275427,-3.6972413892726887,-3.359543299974619,-3.822149754392163,-3.6854700122572437,-3.679145947699707,-3.690049453544029,-3.6800356368122182,-3.6750152231513815,-3.678260684973464
2009-07-15,-3.8526442881944254,-3.8389182431989455,-3.7689717621657035,-3.563786140068481,-3.9524788537982123,-3.8203564306524402,-3.771396825913431,-3.5555928498003144,-3.958538351122198,-3.8530653078888424,-3.8180592841252907,-3.83418857755622,-3.81850517522958,-3.8132689504211843,-3.816827832952261
2009-07-16,-3.8633289484931472,-3.779908201668071,-3.765232668973183,-3.5475274775487153,-3.9222827569813434,-3.740360714861281,-3.78239243212553,-3.507898869235131,-3.9189139968676003,-3.7964034425506252,-3.765720963201339,-3.774286734347484,-3.766235961342659,-3.7614433222416355,-3.7649329143559482
2009-07-17,-3.876561988514008,-3.873196033210893,-3.8800295704390386,-3.550308699306141,-4.002912747843515,-3.834906752450457,-3.8913383370915664,-3.4401425866221578,-4.007324876989452,-3.882556921213615,-3.8530894396043753,-3.8673204085934954,-3.8539013874110686,-3.8488400855561142,-3.8522779748162956
2009-07-20,-3.864977774866749,-3.9021773383902465,-3.8633320957245516,-3.7260141949764676,-4.0399601487955,-3.893885835021593,-3.893167371697811,-3.6490044854873176,-4.011466286670009,-3.8925144295452143,-3.891306864818706,-3.900478003412723,-3.8914234603552615,-3.8868364186568862,-3.890436161068219
2009-07-21,-3.896759824481765,-3.8358301571676527,-3.749986779426663,-3.6555082778237775,-3.9462615477508693,-3.8721261122484414,-3.7535601545531594,-3.6257550169944537,-3.9383014843332185,-3.835894820687914,-3.8187146754358574,-3.8329010085072444,-3.819136500255456,-3.812350751437657,-3.8169463318904517
2009-07-22,-3.908575735339853,-3.7904465212081977,-3.7320606621073025,-3.573030321518416,-3.905726782137427,-3.80729398303874,-3.7312419608800855,-3.5432152865732887,-3.9493642475264554,-3.7893133122963705,-3.775080108620018,-3.7879288640537165,-3.7756337295378906,-3.763113073500031,-3.7723796918045975
2009-07-23,-3.9221904675136616,-3.8044970930059234,-3.6641229108393105,-3.6757641927895857,-3.9152866880427952,-3.8086204832661963,-3.6723107396356314,-3.723379943805396,-3.8939349585758922,-3.7989405685816924,-3.7867377880091944,-3.8026782091289637,-3.7870309458252183,-3.7736346534204306,-3.7837885674214413
2009-07-24,-3.9194306809543353,-3.787983355893075,-3.745157088696659,-3.568416636965966,-3.9180737971646087,-3.75345610196615,-3.7402354785123366,-3.5942412715743837,-3.8944336125135366,-3.774018114510157,-3.773049761452701,-3.7853264960673236,-3.77333984832869,-3.763203814434778,-3.77154043986944
2009-07-27,-3.918161335507562,-3.8157248489046887,-3.7341244757475045,-3.5491725361896296,-3.932510706140576,-3.8214807522692804,-3.7333619827718456,-3.5309718211147603,-3.9609198879598595,-3.8068963566867846,-3.795284528697266,-3.8112299620046555,-3.7954360962934373,-3.774863076039365,-3.792453953205612
2009-07-28,-3.9317766872848128,-3.752090508385343,-3.707609714744332,-3.584258521353739,-3.906267677678421,-3.7617446842391136,-3.7083665320658445,-3.5930692550955574,-3.8553929511024343,-3.757356687928248,-3.7445913972143345,-3.7492658900818205,-3.7445537604222583,-3.7283533020930975,-3.7429903653076058
2009-07-29,-3.942055316113224,-3.7419699987610993,-3.7220454283157816,-3.60558294871593,-3.882665334714704,-3.700080290559347,-3.7465710720024874,-3.585169163626201,-3.847206074845402,-3.730371972891828,-3.7383252208851214,-3.7414764635730893,-3.7384318896890947,-3.7244323493367464,-3.7375860751093786
2009-07-30,-3.9772199340934176,-3.722555930400208,-3.6422804248945053,-3.5459175535299936,-3.918835246961202,-3.6909205227704187,-3.6472518140003323,-3.596185290760904,-3.905382950338503,-3.685581440129441,-3.711475000383556,-3.720535389824774,-3.7115829683817916,-3.6810645067828855,-3.7083988982134275
2009-07-31,-3.9558827868166664,-3.642705860136855,-3.7197858613071637,-3.442706763849527,-3.802136411788782,-3.5715646683521096,-3.7313993883626213,-3.442806090230283,-3.785749549839721,-3.6133634127722405,-3.640392779291271,-3.6421572050001982,-3.6400429640446474,-3.6199746444971566,-3.6401294097244747
2009-08-03,-3.9552382850713403,-3.687351822155325,-3.7049886377784618,-3.4851080070992864,-3.815578192336015,-3.6726038054430314,-3.712689262454638,-3.4603156653451554,-3.8177190091015003,-3.7007451379352934,-3.6828864763744353,-3.6859589284731067,-3.6830789411230977,-3.6682236353311057,-3.682490309027005
2009-08-04,-3.955992947325193,-3.804693060199408,-3.761471280026792,-3.5031529549124785,-3.914471474878259,-3.763380619747836,-3.7670810670923855,-3.3572746698314186,-3.954103634573219,-3.7893180660348365,-3.782579025340237,-3.799782267403736,-3.783262131953234,-3.7463866756725155,-3.778526716023309
2009-08-05,-3.9832509680877863,-3.7074530751845427,-3.6472745419515142,-3.3942459402674707,-3.8179128131282654,-3.669772922930128,-3.6579073188094355,-3.28644917817478,-3.8594858434941743,-3.709166647560767,-3.6839318631327678,-3.7036222339422706,-3.685089297170509,-3.6482927479707232,-3.679761454135171
2009-08-06,-4.016538022652806,-3.7112010029834024,-3.6508482379960783,-3.351965864264384,-3.813210350795672,-3.7021807684563615,-3.629301827421352,-3.300448883502143,-3.831245659327915,-3.7444667769478244,-3.6876359326363244,-3.7063979019240105,-3.6885275878360897,-3.6517543212232173,-3.682618092102979
2009-08-07,-4.03004860198201,-3.8100278770202705,-3.730470329170363,-3.4964025596468074,-3.917213729021589,-3.7960651756415547,-3.7256528125391144,-3.4514992979801153,-3.9439018391698966,-3.8265378913687855,-3.785915157688786,-3.804723244863651,-3.7866409410478727,-3.759101375462357,-3.7808867735223526
2009-08-10,-4.02372512320574,-3.9980259443666784,-3.9159082718992235,-3.698037237297719,-4.114319677917588,-3.996042768924148,-3.925242107792171,-3.624129450043172,-4.14807778747669,-3.981969946411736,-3.976072352421118,-3.993822573785834,-3.9763372242897916,-3.949152011500113,-3.970809779034162
2009-08-11,-4.028874924286761,-3.9728438734585083,-3.888266648344855,-3.6465430559970273,-4.070530693895109,-3.951795925348848,-3.8899426093091023,-3.568239324424747,-4.123353506301613,-3.9679674059455383,-3.945243218925662,-3.9673437761806256,-3.9456917292479843,-3.9154889079983177,-3.9399959492317342
2009-08-12,-4.0697024693867805,-3.809737476807931,-3.8088307472768306,-3.606355277807891,-3.924871887093505,-3.772390756644085,-3.8343372066193955,-3.4762585809731625,-3.9720118420000166,-3.791087416818168,-3.7968061958487307,-3.8054804302650114,-3.7971912432718122,-3.779017397543184,-3.79485917625764
2009-08-13,-4.084619192427784,-3.859164090039591,-3.8220607502712447,-3.6335215347564613,-3.938168014727782,-3.85782444318307,-3.8263991283022083,-3.5795455775686023,-3.942897701474186,-3.866287873690758,-3.844262129932857,-3.8550798866146234,-3.844337546578776,-3.8269098971272744,-3.8415501125236164
2009-08-14,-4.1175405644381025,-3.80580617178268,-3.8937080153658927,-3.581335624165302,-3.94532009734107,-3.7879212960709934,-3.908628838432929,-3.5833019746926973,-3.955951795980843,-3.8104676034878127,-3.80702575648996,-3.8035619463950807,-3.8067160976231063,-3.799499655883613,-3.807549253523416
2009-08-17,-4.099999802451957,-3.899824975815642,-3.8635645088941137,-3.693590702619216,-4.0553126326114874,-3.8666447708388207,-3.8809914349141983,-3.685990600695273,-4.079891928434975,-3.871220719864867,-3.8887111758559314,-3.8976861903353126,-3.8887991543895977,-3.87230653496387,-3.886542110757445
2009-08-18,-4.09867751032513,-3.983662673698001,-3.9991106441904014,-3.765438014914832,-4.113375212055277,-3.9728677081633266,-4.011936207432765,-3.732108841171784,-4.109907509668739,-3.9985203947722905,-3.976809598040845,-3.978365664595241,-3.9762455981722877,-3.9613228090788946,-3.975722165717606
2009-08-19,-4.120663897299908,-3.830500186561155,-3.8808813615778157,-3.6524727957305907,-3.9886684453531305,-3.8354556216375495,-3.8721295343569837,-3.660903251166585,-4.011907286539859,-3.815775062422372,-3.830977534770179,-3.8297820105809732,-3.8309427374577014,-3.819094872030165,-3.8303814449044102
2009-08-20,-4.111848650073341,-4.122654749792255,-4.115810597481403,-3.865742163003254,-4.238471573884169,-4.117680383927444,-4.103591682235157,-3.8194219831563827,-4.260391866655951,-4.12549572624331,-4.107647419524605,-4.118897394005193,-4.108897841368528,-4.085442013342455,-4.105126049851891
2009-08-21,-4.091966511346279,-4.007766797609462,-4.013172787925933,-3.779459630377666,-4.128029315686178,-3.9911310444260835,-4.023805809018072,-3.719611941528812,-4.168574175440297,-4.0150622113943255,-3.9983448093395393,-4.005978611035285,-3.997967401556603,-3.9749205752573964,-3.9961906760903196
2009-08-24,-4.061178708799482,-4.041223706059981,-4.042456520753697,-3.7271907365438275,-4.142216287566444,-4.0344618797603635,-4.042737417060374,-3.6320179308918874,-4.174678662987644,-4.059106061477314,-4.018869451802087,-4.033204232552314,-4.019165691379288,-3.9897603218933133,-4.0160227850595644
2009-08-25,-4.052218200779976,-3.9002509236451095,-3.935357632559919,-3.709493344984455,-4.021516825615653,-3.8965664774561923,-3.942379833220721,-3.696064307523048,-4.049588057066905,-3.9165296446530653,-3.89810196796034,-3.8984352106545272,-3.898123413639806,-3.879224556752009,-3.8972992913833227
2009-08-26,-4.065418787599933,-3.9431286940588377,-3.955200641528578,-3.7173844102096902,-4.062336101778285,-3.941467965117557,-3.966494184005869,-3.666970343388003,-4.132986363785743,-3.9470871650268013,-3.9341646203001335,-3.940328540070034,-3.9344735100348083,-3.9145245225843537,-3.933282370943882
2009-08-27,-4.074871435857129,-3.8957846228793773,-3.936346752299912,-3.6748838162624864,-4.029582966824689,-3.89216719647428,-3.9337242213895323,-3.608793494525912,-4.044774949086325,-3.9164073745741197,-3.891472239711589,-3.8942883484994244,-3.892249394505801,-3.8752054542636367,-3.8909048318819726
2009-08-28,-4.018980533090511,-3.87431615247464,-3.90096733352439,-3.6566988573986507,-3.9991514844583884,-3.8743114813568993,-3.918507802660389,-3.5710396968427283,-4.045002233915145,-3.8720073333447784,-3.86981282731882,-3.872910756075507,-3.8703065338244564,-3.8514518118147447,-3.8690254528131147
2009-08-31,-3.970142909972777,-4.04212416619303,-4.034781177541432,-3.831826864955019,-4.1729785267819945,-4.018481495565123,-4.041745940902802,-3.762124382908156,-4.233847955458823,-4.04806649702678,-4.032378942131281,-4.0396235574403985,-4.033008921384584,-4.009437846340189,-4.030827954502332
2009-09-01,-4.010245646041992,-3.6972090892394194,-3.6886829246939343,-3.4862793155717067,-3.830480607569541,-3.700214434883673,-3.6801581515792527,-3.4883026970410707,-3.8713147981387754,-3.7049554894456924,-3.6888590826638534,-3.6937898925162918,-3.6891874298438543,-3.6705993184322376,-3.687330106920624
2009-09-02,-4.02201085568941,-3.7921324428980365,-3.802841524803069,-3.513259744167782,-3.974265624679145,-3.792749775058864,-3.825615072654539,-3.4288844733454162,-3.99726745867703,-3.8090506588638666,-3.778287913653591,-3.7879221859754564,-3.7786630027935173,-3.7524219079720096,-3.776643508745681
2009-09-03,-4.012499753329617,-3.8981484932275254,-3.9837134431391026,-3.6259371800190667,-3.9934787547444857,-3.896646884640955,-3.990335678623907,-3.5294899618538356,-3.99697656048798,-3.91618011318913,-3.892279538690233,-3.8960138908827764,-3.892476361911002,-3.8763776220214723,-3.892227710630506
2009-09-04,-4.012391177000486,-3.947822797133212,-4.011030988216088,-3.7033827920335844,-4.057178472248971,-3.952651803875499,-4.020684342636081,-3.624129916577081,-4.101240119250277,-3.9432813519975176,-3.941809288601828,-3.9439177258354197,-3.941817568015438,-3.9243117197917163,-3.941343462332792
2009-09-08,-4.00381419531437,-3.996027802798403,-3.9282915104097955,-3.8067024222142587,-4.105445101293968,-3.981977963218026,-3.9323576067686075,-3.726345864331656,-4.092644134977353,-3.9711122339477867,-3.978777133490809,-3.9922296006800133,-3.9798268415298943,-3.951270075419072,-3.9757008589905203
2009-09-09,-4.022231486951114,-4.062123184008829,-4.062204524391322,-3.8264642131410365,-4.212979274490139,-4.070782810788195,-4.0702921156628795,-3.7804630623439293,-4.235695979581068,-4.079539423737459,-4.0516667218794815,-4.058790280354659,-4.0522342163700396,-4.032517135321918,-4.050403611640183
2009-09-10,-4.0428866664491006,-4.134636010673662,-4.094815888394806,-3.9053992024775,-4.265097351934907,-4.1375807505749265,-4.107111151015538,-3.8373146202419877,-4.274255288516602,-4.143368238049343,-4.117157397674788,-4.128500875213384,-4.1174844134197865,-4.097532644080707,-4.114907095709174
2009-09-11,-4.035651410817172,-4.19169134001746,-4.115617271361829,-3.9951429065534243,-4.349329724699894,-4.1881869320790885,-4.14079094003373,-3.900325664474019,-4.374098311162915,-4.165219551089436,-4.174140407872111,-4.188296791973748,-4.17444734914243,-4.153645845628167,-4.171367229587937
2009-09-14,-4.050019105827045,-4.193821244892386,-4.116886372938099,-3.964929465218604,-4.332374280081648,-4.177034560329228,-4.143548424097868,-3.8553170349613946,-4.345765810138806,-4.176903807232658,-4.173252857778806,-4.188067814278563,-4.173513397561635,-4.149746838590795,-4.170422671439636
2009-09-15,-4.0731161152524535,-4.100784892878993,-4.069947864770396,-3.8191558583895984,-4.237512241713626,-4.092720970124377,-4.080042447637301,-3.739340938259545,-4.323850000719865,-4.09806400967818,-4.080883442462927,-4.093670396753801,-4.0807283315606995,-4.056559400260429,-4.077953364109983
2009-09-16,-4.069021913252396,-4.168617452537482,-3.915041612184895,-3.898599214716302,-4.298982086726291,-4.096993610123305,-3.946959590755859,-3.755196904112918,-4.39343894379988,-4.147719319864927,-4.1220666994085535,-4.158287985245311,-4.122394797402467,-4.076850587933951,-4.114873986965621
2009-09-17,-4.103005665768051,-4.022328503858272,-3.945771042308668,-3.7554991304386593,-4.16268297419112,-4.02083250646412,-3.9574604452702467,-3.6778781737272355,-4.201475042531548,-4.029107096313451,-3.996078205235815,-4.013208303507929,-3.9961873775199264,-3.9688202381036253,-3.9927631658523923
2009-09-18,-4.089991373104463,-4.155813662768289,-4.124482840785096,-3.9243263355515543,-4.289394772075055,-4.136538568397803,-4.147550838406006,-3.811879682563117,-4.341256733316349,-4.1355711968956195,-4.13645960490085,-4.148478576977085,-4.136739551312102,-4.113174219129676,-4.13425571793552
2009-09-21,-4.069471522755442,-4.070841664734959,-4.054200940701752,-3.8446857465922406,-4.217088893410399,-4.079573014121385,-4.052117694345295,-3.8176339111307325,-4.294588418549182,-4.073481501286605,-4.060325592222684,-4.067819990193016,-4.060759497057389,-4.039788626431797,-4.058936654896845
2009-09-22,-4.050097892747993,-4.168752913587277,-4.145706428531997,-3.93170622445568,-4.2829614759071575,-4.149596937227062,-4.146390142504435,-3.836625209046402,-4.3182383272529785,-4.161430653579116,-4.154944413107584,-4.165418933789716,-4.154991853774976,-4.135952889761998,-4.153366545978516
2009-09-23,-4.0308497521164215,-3.9488206176655334,-3.971632919435982,-3.770853595335103,-4.099187579169682,-3.9276466684261995,-3.9863658760276204,-3.6749953675033855,-4.130609802758517,-3.947876656223276,-3.9415385158489507,-3.9478735492368715,-3.9418260409383996,-3.9274480390027184,-3.940848195255576
2009-09-24,-3.9906302858354534,-3.902056296532609,-3.858653521016026,-3.6591773970901023,-4.0479457788442135,-3.8807829583525444,-3.866518211982073,-3.578114371654228,-4.097330696937611,-3.8825733379957956,-3.881113925844179,-3.894345160115717,-3.880955931048045,-3.860760405336439,-3.8788793667515216
2009-09-25,-3.9677920167602734,-3.8430079686491374,-3.8883920491147,-3.615984098567704,-3.9817596035240093,-3.813016396349231,-3.91600106521899,-3.4873806626765282,-3.9762844462397857,-3.833407828933166,-3.8308390713502747,-3.8358610963649546,-3.830871929569718,-3.8211804951426025,-3.8311031548566192
2009-09-28,-3.9206554398744595,-3.9622796001975553,-4.013198736945933,-3.721559498558274,-4.138543853059226,-3.9386211753058507,-4.0230206719613095,-3.67316196900802,-4.143275570321121,-3.9562126448535917,-3.951287188202137,-3.956824642566423,-3.9516851720461146,-3.9412271488385504,-3.9513194360473145
2009-09-29,-3.9196754685262154,-3.9271405316848758,-3.8946218638891312,-3.6883364028880323,-4.061720992795969,-3.9233964736419074,-3.8892375480972396,-3.668037603286132,-4.039167624891778,-3.9326745258346985,-3.912008126673398,-3.923417735239579,-3.9126222996861606,-3.89368269182247,-3.90989006252107
2009-09-30,-3.893014030968635,-3.662769638999111,-3.685050415009274,-3.4826490070025162,-3.8336682794076387,-3.653126189022626,-3.695721273141291,-3.455545603778403,-3.83846279717626,-3.646769014668081,-3.656955245709163,-3.659190158134604,-3.656859543234333,-3.645415418907969,-3.656603709803125
2009-10-01,-3.8186334144280107,-3.7038244265772207,-3.7190528029503636,-3.55749609825364,-3.8310290894470675,-3.686535241696824,-3.7374891868124065,-3.504194418270715,-3.8822714437501396,-3.7066290472117958,-3.6971211235634085,-3.697998046214526,-3.6967268150461705,-3.687173190388132,-3.6966727407719255
2009-10-02,-3.786868051741065,-3.767408435572292,-3.669357927332834,-3.521953522984398,-3.9332393110493795,-3.7474490502377136,-3.697851258962427,-3.446650128398587,-3.9787296535363015,-3.758549634340731,-3.743328454847238,-3.7611044793770665,-3.7441966517471346,-3.71820974560821,-3.740031440604668
2009-10-05,-3.7543061833867775,-3.806955734648577,-3.830119412366402,-3.6141733141360257,-3.948812085251567,-3.7928105030039707,-3.8562580847901184,-3.5690482820817593,-3.9693916468796213,-3.8008161689621596,-3.8004290090647905,-3.802909379788587,-3.8001104461774267,-3.7858901043961612,-3.8001403988477387
2009-10-06,-3.7534142055669144,-3.7976721370737803,-3.8197200212913214,-3.567536611557994,-3.918544676203327,-3.778752510769907,-3.822351504247816,-3.507600820908738,-3.971314054757305,-3.7894919444427444,-3.7837649331071446,-3.790442204161298,-3.7836472293433583,-3.7686568574082324,-3.782927422190708
2009-10-07,-3.735332212503521,-3.950768268104367,-3.9545912940662133,-3.7448123136226625,-4.07140210174126,-3.9407233480426456,-3.96870073926918,-3.6566314531251467,-4.1219771971052275,-3.9510954760249124,-3.936585232189245,-3.944023058984441,-3.9363793419304165,-3.9209878058738936,-3.9353824026186484
2009-10-08,-3.748323083636939,-3.9986666941934508,-4.005193816413851,-3.814058999780013,-4.134349869878903,-4.009441681701618,-4.0193641926512775,-3.798211459742841,-4.159596037256581,-4.003067073112645,-3.9899140084592593,-3.99435783796267,-3.9898106580382207,-3.97908913694187,-3.989106433392017
2009-10-09,-3.74074673606936,-4.2384487186642525,-4.235385287654307,-4.047358750146297,-4.36980411443673,-4.2453959964151595,-4.23896102168802,-4.028879419740501,-4.381611303407944,-4.255401677047825,-4.2268693900163905,-4.234802160090412,-4.226670232681602,-4.21610225886127,-4.225657177466306
2009-10-12,-3.7166708298546975,-4.395252076873141,-4.353316936931588,-4.222268630554574,-4.482097473466049,-4.396623700439321,-4.373237294488002,-4.134038998109847,-4.522670648702009,-4.403034704402548,-4.378607987924746,-4.390682611791911,-4.378470171299223,-4.368553100587465,-4.376468080171309
2009-10-13,-3.7101459937980583,-4.218068372396759,-4.228322795982419,-4.013831725470119,-4.3802950779473235,-4.213845331639909,-4.2514756401199385,-3.9687556272079023,-4.399495183145427,-4.231747933921577,-4.206248758242246,-4.212320266370069,-4.206259693104896,-4.199549909405825,-4.205392061311236
2009-10-14,-3.6903534101728,-4.4225698727305085,-4.313599803210946,-4.265286875389061,-4.494602989092646,-4.411724109806865,-4.34522520934785,-4.2016991983270975,-4.503726863206847,-4.425095579630209,-4.401527523380326,-4.418452076811755,-4.402151091621493,-4.391848943278593,-4.397805468520721
2009-10-15,-3.6801826944925833,-4.451365641028838,-4.377410676774481,-4.28830397487006,-4.552716992675545,-4.41500950608407,-4.399365647849126,-4.196352222024281,-4.593227968039451,-4.417577295215255,-4.430317504623872,-4.446276871248423,-4.430726614090699,-4.421915600188361,-4.427438564407881
2009-10-16,-3.6847764687404454,-4.259626884480981,-4.2160403897441405,-4.1391800887391,-4.36310067533324,-4.253515431990845,-4.227454494012665,-4.066581541499878,-4.422719260406652,-4.281404215044354,-4.251712618275945,-4.258256791201232,-4.252102955759415,-4.246731909992142,-4.25005455661296
2009-10-19,-3.675999365248231,-4.345215847740199,-4.279766676040834,-4.157049245925684,-4.385211687757861,-4.316484136452629,-4.301372169953244,-4.030734522483628,-4.427761634424107,-4.354662946804469,-4.323714114995215,-4.339475711850638,-4.32382642947166,-4.316178118558619,-4.320888122745302
2009-10-20,-3.6747117960154037,-4.206459334162123,-4.166421918786509,-4.047296263140127,-4.296690605674701,-4.184340557117421,-4.171293126574932,-3.931044037860922,-4.326904943177692,-4.216314493772907,-4.1889220197501755,-4.2023302142524255,-4.189155755254628,-4.182450803206658,-4.186787876478245
2009-10-21,-3.7021140978087206,-4.01565433847117,-3.9618819282512283,-3.8489766479005976,-4.123687634350834,-3.989584345066803,-3.9780945613036325,-3.78168362845045,-4.166743095537051,-4.010034888981014,-3.999200504287867,-4.010777684561663,-3.9994839848810497,-3.9915469086342497,-3.996239168953151
2009-10-22,-3.7198903447760143,-4.0002691130440295,-3.9167557865971103,-3.8451499557718205,-4.09414068123703,-4.017258630344973,-3.9229446917816375,-3.820467170557716,-4.156252252272475,-4.016245142773186,-3.983931715478116,-3.9956471855017437,-3.984339091318153,-3.975183944207611,-3.980652879085455
2009-10-23,-3.7490808373521682,-3.811478751123699,-3.8250433265880974,-3.6807676965451996,-3.8980918257389052,-3.8005662238298856,-3.8501865859264863,-3.5864817889243255,-3.9341703805358197,-3.815314964087814,-3.8033522361779277,-3.808044126712038,-3.803554201774864,-3.8011099152398473,-3.803488742792124
2009-10-26,-3.825086648543791,-3.6290850013261386,-3.6212593248933898,-3.4825994907002222,-3.756770139679665,-3.6037546431509444,-3.637834864111495,-3.425380565880041,-3.7641370297951133,-3.621267194233616,-3.6196896107575776,-3.6259908295407257,-3.6197660081021383,-3.6143057658409985,-3.6186041205179325
2009-10-27,-3.852558184747268,-3.6058519971315777,-3.567977427488488,-3.4557550746792582,-3.7331290199196974,-3.588430890131787,-3.599680295586584,-3.4075962785438523,-3.777128321126104,-3.606015428563098,-3.5922854001999993,-3.601332439053537,-3.5922313083945974,-3.5862579256670393,-3.5907096257412636
2009-10-28,-3.8995652340914333,-3.5656401667200694,-3.521368571670308,-3.3953177200635065,-3.698094838119936,-3.556196988443184,-3.5461418454592413,-3.3321531474906436,-3.773540332573603,-3.550944007470414,-3.5564015370997075,-3.5635919434229137,-3.556737459739514,-3.547987639667342,-3.554659973667703
2009-10-29,-3.9112038559588895,-3.7140180134029332,-3.671750277068439,-3.530414075087601,-3.8461252377302904,-3.7067720223694494,-3.687982913952922,-3.4809312049399255,-3.894133531026681,-3.725753188438302,-3.7024669919425066,-3.7094454656237987,-3.7023332099743027,-3.693039359595067,-3.7001527276666852
2009-10-30,-4.015243739135066,-3.4252022982603685,-3.4427664467191894,-3.3145292308064747,-3.5478185961188577,-3.4070231621730396,-3.449924938212521,-3.3102447373267716,-3.5413498942904704,-3.4160831164790038,-3.423263174502362,-3.4239732592554724,-3.423323183037521,-3.4194922865507755,-3.4231594825744325
2009-11-02,-4.141407463148672,-3.3259222033172273,-3.261522361528297,-3.1809166278342706,-3.433533435730338,-3.359502072380756,-3.2906684072400543,-3.164268061282124,-3.391010509014631,-3.357692141392084,-3.3164078295015047,-3.3239612381692103,-3.316514535755159,-3.3105782384807934,-3.3141201115893577
2009-11-03,-4.1469402292566855,-3.4071238531704093,-3.4306281411068626,-3.236790287283939,-3.496990212426299,-3.4296076990346163,-3.454151521520007,-3.1444116691040307,-3.579352277524256,-3.41154649117672,-3.402340445056559,-3.4055355817120563,-3.4021574076710714,-3.3989251520287773,-3.4014307042842296
2009-11-04,-4.220593976671639,-3.4202049850042706,-3.4465770899473185,-3.260198963520346,-3.5140911935958004,-3.403741007539596,-3.474907457054128,-3.1682233550252796,-3.558977830278697,-3.41130479296143,-3.4154142680178174,-3.418049638456767,-3.415205589354519,-3.413150233196506,-3.414508947779251
2009-11-05,-4.229657684913856,-3.5329590145539203,-3.480160772696575,-3.361864476338257,-3.5963531485291163,-3.5674148773725247,-3.4673716530236445,-3.326622834230592,-3.7666204219052566,-3.516367870888934,-3.521246870191806,-3.5298679696749473,-3.521176682201518,-3.5195098548975023,-3.517861120454983
2009-11-06,-4.262745766030868,-3.5538427682537383,-3.59973048448262,-3.399096490970535,-3.6689600139449903,-3.5720650034742745,-3.622590553887476,-3.3092042696262167,-3.7229868311504526,-3.562717026619293,-3.552890058249443,-3.552643545723084,-3.552318447881768,-3.5522974637801434,-3.5521747416446163
2009-11-09,-4.263539785358773,-3.908632197967833,-3.923209867987499,-3.7439512394645726,-3.9647352005188914,-3.919531827654715,-3.9363923785575268,-3.653432537096233,-4.07868828354293,-3.9111137795478736,-3.899767011329991,-3.906580307156171,-3.899670379097731,-3.900216481232307,-3.8981128320347334
2009-11-10,-4.271256132332409,-3.9388266491558737,-3.9342304333050713,-3.7654476043793514,-3.988129066027411,-3.9453001254569764,-3.9357612642059108,-3.6485160668522902,-4.109134257341785,-3.9403709170496124,-3.925709963562662,-3.934728374714637,-3.9260493882828595,-3.926772829942563,-3.923549724667208
2009-11-11,-4.30978868815554,-3.9073099560147346,-3.9849660090988337,-3.732424956141635,-3.9433252480835947,-3.8873076488413014,-4.005108980482352,-3.612491142661776,-3.9852530488911775,-3.9134681544076892,-3.9021885173777235,-3.9051170034634755,-3.9023461919654046,-3.9030240258931594,-3.9016100073954014
2009-11-12,-4.352139794302782,-3.9163162983399626,-3.956424858978673,-3.7894827661675428,-3.9941203103235683,-3.92081010621364,-3.9608995272136642,-3.750553512035226,-4.07388902846706,-3.9159373402508137,-3.917399703591997,-3.915378035596459,-3.917296359258449,-3.918681013120823,-3.916515901668516
2009-11-13,-4.388446790939167,-3.9368453818068936,-4.03029768433319,-3.789642688832337,-4.005050747945209,-3.9206841716240626,-4.058591426878426,-3.6948310353021148,-4.0689629018764855,-3.9296668350770614,-3.937827078210997,-3.9367588037800885,-3.9377817371734456,-3.939464138263281,-3.9374543968367703
2009-11-16,-4.3998787222035585,-3.9550245062788334,-4.030110314105367,-3.7955895423460824,-3.9578263743440467,-3.943895680375824,-4.05255105771816,-3.6736102030299507,-4.003525595312752,-3.9528280647948355,-3.950769851993602,-3.954137296352158,-3.950826576862645,-3.953313495925046,-3.9496372558843995
2009-11-17,-4.409778765073779,-3.9751121971509407,-4.087223910575917,-3.826244989461248,-4.006863402047628,-3.9610109908787057,-4.121775256198894,-3.7090892595424614,-4.070438585280859,-3.966612915358134,-3.9773499998695736,-3.976518310881932,-3.977214071904058,-3.980104582065176,-3.977512795205055
2009-11-18,-4.4470499903936265,-3.9715730313719875,-4.09658038433855,-3.820459906292669,-4.028439694390284,-3.9643905165373194,-4.149091930611172,-3.6812671910778363,-4.0634174785436405,-3.97783926066912,-3.9775096123447864,-3.9746919453644867,-3.9770479326114025,-3.981337612342796,-3.977672950991842
2009-11-19,-4.492846173921969,-3.9361518409616383,-3.99684536184192,-3.83779476257599,-4.033313541315321,-3.9198685171433905,-4.033864105864997,-3.7774121362498136,-4.069736086854961,-3.9281437022164125,-3.941297985015025,-3.9369175761717496,-3.9410294181281773,-3.944443877775209,-3.9410818461149413
2009-11-20,-4.504753763436727,-4.128919454946053,-4.186301135080406,-4.012552605942011,-4.165902556983952,-4.104122453506529,-4.240688384137937,-3.9114820209447,-4.26268738137298,-4.105919922175848,-4.129982671399044,-4.130319477083342,-4.129969792446791,-4.133867458801788,-4.129615136211152
2009-11-23,-4.529054431685212,-4.148652142368029,-4.227039132958631,-4.038057639861259,-4.188111257469266,-4.143549612310093,-4.248512441073087,-3.9778906265803826,-4.314764516432873,-4.151117030124095,-4.155451111796318,-4.15201664845927,-4.155625822472288,-4.159661119312176,-4.155077981893122
2009-11-24,-4.586557382346132,-4.009701494596378,-4.16940490508181,-3.8825202680987276,-4.0876194995037025,-3.979268719239033,-4.252263987066543,-3.8008505732709175,-4.117674214740853,-3.9960837489421195,-4.021942252918293,-4.013973120917891,-4.021690682345204,-4.025966520194502,-4.023169671336868
2009-11-25,-4.595713214128665,-4.354201272365996,-4.4137789386126896,-4.230222551726406,-4.411370614864253,-4.342975090444002,-4.447605806784686,-4.166415192804545,-4.555877614267169,-4.3244175375377365,-4.356662751317862,-4.3559707557122405,-4.35683187514946,-4.362506040956613,-4.3564602703625965
2009-11-27,-4.675642940054937,-4.003153629621628,-4.10213660905377,-3.914336372193602,-3.9882517428413324,-3.9935523858653816,-4.120334413655518,-3.870516293220542,-4.049683871842005,-4.013126928005314,-4.007997363022988,-4.007985814700621,-4.008471601151229,-4.011285359149918,-4.007638027651239
2009-11-30,-4.719159761131509,-4.089839376491162,-4.151535568690122,-3.963106757110128,-4.124581722136307,-4.079923631211503,-4.188711605991003,-3.891245782467652,-4.202032848875135,-4.074789743045154,-4.089395625763689,-4.08931391209355,-4.0896081631034376,-4.094735344785124,-4.088784116340557
2009-12-01,-4.758326314348957,-4.109481965770501,-4.224006548696002,-3.959274331512524,-4.132514476245484,-4.0902763383394936,-4.286795905443049,-3.8958693584995925,-4.227334746735287,-4.109626378687204,-4.116045735555195,-4.110399910883162,-4.116111761775621,-4.123442818316423,-4.115436561061856
2009-12-02,-4.78072562609957,-4.191858226288971,-4.219535564153311,-4.069975722830306,-4.245841019820773,-4.16358195539759,-4.245116084745635,-4.0138221694168745,-4.31082080947189,-4.186404065157496,-4.189876261625065,-4.191584999011902,-4.189635692998029,-4.196069630786317,-4.188894584183827
2009-12-03,-4.851433855457906,-4.055851413326348,-4.132502986346912,-3.900718677491559,-4.085446802497628,-4.004899994891634,-4.21106199577784,-3.8295460903899663,-4.113485529654921,-4.041593547492692,-4.055340593818327,-4.056205426540952,-4.0556749023113445,-4.064912674205856,-4.054084080580217
2009-12-04,-5.035950014745986,-3.8445169029514026,-3.8939591486065988,-3.7553131924368093,-3.9319824078145413,-3.8142831845927785,-3.9660290373777443,-3.716895724422908,-3.936924997173394,-3.822086971534767,-3.846570168423298,-3.8443803690572773,-3.8464806991643234,-3.8515323043709944,-3.846438921265506
2009-12-07,-5.057176874661019,-4.123551522345291,-4.174260088829276,-3.9966858679870496,-4.194490407077554,-4.093836806992893,-4.238667498360557,-3.949210259379198,-4.2533195389021845,-4.10911903557249,-4.1235132882299395,-4.123053999936638,-4.123229078443505,-4.130900181381489,-4.122229533856145
2009-12-08,-5.128218235563744,-4.025287923264787,-4.121487542549438,-3.9190940308681124,-4.080849483464738,-3.990814423131119,-4.2140746510105025,-3.904632798046357,-4.186702561904904,-4.003460075409203,-4.032445367683645,-4.023911982142142,-4.031997012962566,-4.038151743837281,-4.032544432835392
2009-12-09,-5.153258776082838,-4.074734084699207,-4.123053399689746,-3.995501747156019,-4.1949810546515005,-4.059769947458382,-4.237364178407769,-3.9832071191633394,-4.265084576945144,-4.071229364626257,-4.082538199826064,-4.075713849913333,-4.082176764986219,-4.088069751173746,-4.08238318054063
2009-12-10,-5.149797978499865,-4.221466039105503,-4.256343610343703,-4.125395600849637,-4.3238687392934505,-4.1789311665006625,-4.35274241892725,-4.107751400275729,-4.4041214489989065,-4.198919693179112,-4.224921859582757,-4.222406787526297,-4.2248757842538325,-4.23037842052426,-4.224521858683075
2009-12-11,-5.176426734124179,-4.358688967482556,-4.408157778082639,-4.2675292745655105,-4.422214461611562,-4.319523470225179,-4.501632324037217,-4.24322456260285,-4.409937873802857,-4.342598147651274,-4.362652614112693,-4.358453480699455,-4.36267889541763,-4.367374351613481,-4.362383593134699
2009-12-14,-5.132800123021292,-4.472879627348325,-4.48657428740029,-4.363259823224005,-4.526580962356355,-4.420721190387572,-4.596741796430897,-4.340329451627201,-4.582576128184369,-4.44177209296354,-4.471649350959826,-4.471466934313355,-4.471283483918779,-4.4785126929199635,-4.471022450953417
2009-12-15,-5.1294797996037635,-4.611354738150497,-4.501159984766422,-4.516980260481255,-4.652858817635139,-4.594972935938198,-4.481992329401229,-4.521218446603313,-4.667506173515755,-4.606903137733517,-4.597943516064197,-4.609342014710057,-4.59811760889294,-4.604450815840461,-4.595064693772293
2009-12-16,-5.087433849049269,-4.6029813413937,-4.56113246642036,-4.517676555217171,-4.662451158408666,-4.560133437203044,-4.615588298617978,-4.513530220994822,-4.729661253407744,-4.581364334353692,-4.596735791123201,-4.601538971438052,-4.596631566685856,-4.602608734029681,-4.5954948622153085
2009-12-17,-4.926217975321275,-4.502312183506811,-4.4489544603060285,-4.4240106564184805,-4.592529632561186,-4.469275335952524,-4.497600836849231,-4.41632374209671,-4.612169146297344,-4.486701841975392,-4.495398812340929,-4.500530602789915,-4.495187017080864,-4.501808340861437,-4.493853219123633
2009-12-18,-4.772208054475935,-4.519879413055576,-4.462927331041326,-4.447276076628427,-4.552574111734628,-4.497084237409263,-4.525109652787949,-4.431903405556754,-4.612141406297635,-4.512604836505679,-4.517761896791495,-4.519318165687171,-4.5180605973109325,-4.523860313043021,-4.516667858825915
2009-12-21,-4.711435886749946,-4.756194577778514,-4.590853985097735,-4.682575309742028,-4.78435636916245,-4.729303113226699,-4.56046587896991,-4.6843731519547065,-4.791498909735793,-4.7469070075063,-4.740441807094655,-4.7521857489841,-4.740692357127149,-4.746431364977608,-4.738043077928754
2009-12-22,-4.64317034219167,-4.707231320372243,-4.6347626311466215,-4.622060588700295,-4.70198062846194,-4.661866745012656,-4.636888711275941,-4.6166683588642385,-4.738380659812203,-4.694166648196283,-4.696083953630395,-4.70343170950743,-4.695658490369831,-4.7026699897430895,-4.694660988789872
2009-12-23,-4.555543052242413,-4.710698960997648,-4.743020458397794,-4.60793425057589,-4.720525344335537,-4.685697940323845,-4.822544357918466,-4.604069875541912,-4.8281726407605206,-4.69569117874349,-4.71360440554945,-4.7104469949817585,-4.71297417418298,-4.721088426657654,-4.713211667288161
2009-12-24,-4.415889180797124,-4.933292477741598,-4.939479743054889,-4.811819236516175,-4.948568212856777,-4.857418511909417,-4.980922141533464,-4.814946918535896,-4.875273694707795,-4.901317372838693,-4.925242295825815,-4.930832115354864,-4.925295716314762,-4.932379620451994,-4.924405070654039
2009-12-28,-4.311598198268671,-5.040634166101396,-4.988040610995916,-4.927191632984196,-5.027213003673356,-4.994811062417596,-4.989382950556113,-4.919800842154361,-5.024921818386383,-5.024208534350594,-5.026371761170931,-5.037975377246866,-5.026513446718476,-5.031895979262581,-5.024691898430536
2009-12-29,-4.261992351108527,-5.130538285356634,-5.038555792598709,-5.012887657042236,-5.15367251154685,-5.104721564428503,-5.009919811075081,-4.997441568019131,-5.11345589581476,-5.124472081038154,-5.112435223933225,-5.127278990044768,-5.112689899052382,-5.117314974157624,-5.11052724263417
2009-12-30,-4.233589215419776,-4.977234328397705,-4.984872903213843,-4.876470045222161,-5.009502561357111,-4.937402018179233,-5.008419807571366,-4.853787179471706,-5.022059213063175,-4.959189762647923,-4.970828146670276,-4.975273585535532,-4.970823313634068,-4.97298778144259,-4.970085089425455
2009-12-31,-4.2045769602858165,-5.022489371526486,-5.035960701386383,-4.91389293347427,-5.075665779075754,-4.942985900219154,-5.076322955413331,-4.880918748912397,-5.054785421562916,-4.989506625430493,-5.014418160621535,-5.019837249805856,-5.014424399907876,-5.015822760021399,-5.013728821072673
2010-01-04,-4.132467915249006,-5.0463049881004745,-4.8381295300964915,-4.956295298375608,-5.105656375112473,-4.987277929868117,-4.760341215234465,-4.921831118083225,-5.123908354194531,-5.023100358880631,-5.018238602899776,-5.040567168556576,-5.018555256170477,-5.0187813456356265,-5.015516268972414
2010-01-05,-3.9951389159798336,-4.891325807788801,-4.6976602637590625,-4.77315151152382,-4.923474636649105,-4.846601827380024,-4.558291601947602,-4.765505782273589,-5.025129042171116,-4.86722521329678,-4.861309740525798,-4.88550985690053,-4.861515007716801,-4.859797010386512,-4.858308815610593
2010-01-06,-3.9533060376250795,-4.911499356111366,-4.710543421998675,-4.812903522510186,-4.976469019360243,-4.877027230577156,-4.564139153420223,-4.823642748737184,-5.171165345125338,-4.887240577848212,-4.8862963449781445,-4.906054495603957,-4.886261504631151,-4.883623262835414,-4.883546077284177
2010-01-07,-3.867219554510417,-4.8147324406365115,-4.613314780002743,-4.670630256525377,-4.802301611430927,-4.803919088870025,-4.496032088326671,-4.6330782945497715,-4.866329177928419,-4.812023312414977,-4.78641365638974,-4.808856986337463,-4.786909000415243,-4.780320045507051,-4.783686849255973
2010-01-08,-3.824478726136954,-4.810655567693298,-4.662316430401495,-4.674688096143106,-4.868216445053044,-4.7694254255589525,-4.599343481284472,-4.624446602979235,-4.924422185794007,-4.773210780515288,-4.787719138287267,-4.806200190726641,-4.787964046321297,-4.779616465215481,-4.785637318558622
2010-01-11,-3.7830418782743607,-4.828955812019528,-4.687567518242071,-4.700067709321582,-4.931449335615453,-4.829430382055036,-4.637639390700325,-4.668231659589349,-4.926202508305969,-4.834025135863516,-4.80829632388939,-4.825737598556146,-4.808613756784218,-4.800237271496773,-4.8062372664643975
2010-01-12,-3.7511593378710715,-4.728499768931599,-4.546773801720001,-4.588637588843794,-4.811945430028927,-4.696770920295439,-4.447437426975425,-4.565504764709054,-4.861728259337055,-4.7073846637559935,-4.702584718374159,-4.723075664843515,-4.703313933461041,-4.690853784358566,-4.700277023117917
2010-01-13,-3.750392057718679,-4.7373441539603105,-4.537032526539513,-4.584367995875491,-4.82415331063995,-4.7257583576696485,-4.385859567199702,-4.5658628418981415,-4.84501220369459,-4.735936617019161,-4.706633531155743,-4.730844581818557,-4.706961265165747,-4.692208705183756,-4.704166490923457
2010-01-14,-3.736529871466486,-4.876241883414165,-4.6494002197990465,-4.720366889483914,-4.9282158290814175,-4.858270246065452,-4.486932664753539,-4.68501558205308,-4.924752892033516,-4.865024503418693,-4.840256536904625,-4.870531113030671,-4.840928239988752,-4.82140028249127,-4.837420749384944
2010-01-15,-3.7426840096320215,-4.648451434149906,-4.606866349384034,-4.4865262164117095,-4.714859277715568,-4.617238379014842,-4.522865710580864,-4.45267271352831,-4.708678619982956,-4.62366048021663,-4.633051520534639,-4.647112717962794,-4.633049440553646,-4.618412362019433,-4.631943222367284
2010-01-19,-3.7333848147759485,-4.8132700010711424,-4.568030592114597,-4.643506366711094,-4.8828178832460285,-4.753939420268466,-4.421265384794524,-4.60574469286892,-4.888887863986141,-4.781013960619363,-4.774232186455505,-4.805265545123399,-4.775818667444104,-4.751807963552579,-4.771638722497636
2010-01-20,-3.7429600870965998,-4.589632908666239,-4.385977048731553,-4.482420078153365,-4.607914827764442,-4.542477554821213,-4.2186878461817825,-4.451257073948023,-4.555445437733622,-4.596878629690575,-4.553411147648894,-4.584835129517554,-4.555225661703753,-4.534308791126267,-4.551093685730296
2010-01-21,-3.7769305283368233,-4.16969127431422,-4.032992429323551,-4.031090656974439,-4.2375496153086605,-4.1697964700837735,-3.9509600893580226,-4.001515900698,-4.290708033174129,-4.195911312373994,-4.1483756250222825,-4.167158931382069,-4.148889414977791,-4.12735060574777,-4.147141311631288
2010-01-22,-3.8203185536329944,-3.9850687906946387,-3.9622656163637213,-3.818052463177314,-4.045466437057777,-3.983075110980898,-3.933003320049868,-3.7683551587413824,-4.140054705470265,-3.9904283867491244,-3.9742461275614773,-3.9845189524280373,-3.974363491642301,-3.9552622318420467,-3.9735997019270775
2010-01-25,-3.8189814735274585,-4.133960903662022,-4.052683391434179,-3.965529010649992,-4.176146820295736,-4.1126140520402945,-3.9949704207659003,-3.9142422107095056,-4.180790382248438,-4.128296882191959,-4.114398958521216,-4.128964770345931,-4.114750852602019,-4.0943127959330825,-4.113440554286697
2010-01-26,-3.8284997600418644,-4.025583786728347,-4.007658767691397,-3.861471082382947,-4.061029996649658,-4.031520294610946,-3.966480159046775,-3.8262626672210587,-4.101753924492759,-4.079831242926305,-4.016665453548017,-4.025591378130022,-4.016896014231271,-3.999310211573572,-4.015877050145072
2010-01-27,-3.8693667206048152,-3.9070553289523247,-3.876919583216174,-3.7709734483938453,-4.002805817450286,-3.8976004043844688,-3.847116338967179,-3.725856919580829,-3.9943404417982262,-3.93935223152465,-3.8972415782004775,-3.9060505889414117,-3.8973987656338176,-3.882515485535739,-3.896670516751802
2010-01-28,-3.938392565685946,-3.7657740181821024,-3.7584383413120817,-3.68912346825123,-3.8660499981116376,-3.7542215377470245,-3.777307124119614,-3.6653567320427856,-3.9017469098803277,-3.768580439335728,-3.76170096945496,-3.764749213761379,-3.7617214685897196,-3.754645797033668,-3.7610947938660666
2010-01-29,-3.9990124552149386,-3.7759488425612697,-3.790091665443642,-3.716899631578892,-3.900116127796492,-3.7707521858676474,-3.8123897699915146,-3.723430904414253,-3.907567331760693,-3.793097853375716,-3.7759738426481273,-3.7752708142398648,-3.7761394834034827,-3.773999327809565,-3.7758162571062575
2010-02-01,-4.027540021278245,-3.887677591207984,-3.932466076787306,-3.779363457023627,-3.9939699106175826,-3.869334698350185,-3.9705217180707253,-3.7562274433979845,-3.992911945404797,-3.881748443449465,-3.8876494459500592,-3.8875491361131758,-3.888095562617438,-3.8818335668071824,-3.8876813118987084
2010-02-02,-4.0474330364384645,-3.937376151743265,-3.9619330616952553,-3.827432444127654,-4.025101346453712,-3.9098426667995416,-3.976953126791316,-3.8124945191102055,-4.002340866906576,-3.928410670307051,-3.934538329906167,-3.9377136025524413,-3.934644848539467,-3.9279455917734794,-3.9345152781462183
2010-02-03,-4.072797836636509,-3.959807632145072,-3.984800465928014,-3.8512261235557563,-4.056443019927055,-3.979870651257484,-4.0099877603788485,-3.8297883072530636,-4.064022896961199,-4.001927253218818,-3.958549531627505,-3.960026201607589,-3.958481433517844,-3.951734798566116,-3.958313409014155
2010-02-04,-4.133862060585183,-3.815978048375917,-3.8377601772871683,-3.710580993223905,-3.909496036822198,-3.7989199894126755,-3.8735752903704888,-3.7013692522190196,-3.8792892577527294,-3.809838404344378,-3.8153106368996617,-3.816488822056483,-3.814956835153707,-3.8101981473917212,-3.815216705536508
2010-02-05,-4.2801581645037565,-3.5500389168026527,-3.548740258882884,-3.4986430271999147,-3.7079937420759244,-3.519389448927851,-3.597479867696882,-3.5009920604057205,-3.7458549841430036,-3.5114552983012284,-3.5516461130729633,-3.5499555800912583,-3.5516550065677195,-3.5513125617703185,-3.5517427531397927
2010-02-08,-4.334835333610261,-3.727041149433557,-3.8050773400623275,-3.6104281534987384,-3.828379868302516,-3.753489704394947,-3.8918194582180217,-3.579818307235457,-3.822429131993789,-3.760961171586395,-3.73442562249555,-3.731323522103733,-3.7342842540843995,-3.731849838023359,-3.7344844133406587
2010-02-09,-4.481761089247526,-3.4782570104920767,-3.6177300294447803,-3.384913797618361,-3.6036181045488074,-3.424686073859517,-3.7220369832037243,-3.37545926807798,-3.5875949937678846,-3.425463223335495,-3.4882602504491556,-3.4814318165407796,-3.488142561059866,-3.488932009420851,-3.4884342987458177
2010-02-10,-4.562716631393885,-3.54919137152036,-3.764924173011854,-3.4214051404493717,-3.671254925835766,-3.501411945627328,-3.882262631520991,-3.4135617831381544,-3.674130760029897,-3.512434853537275,-3.5672969045788436,-3.557858581248131,-3.5670558846731666,-3.5689784218126652,-3.567939385153503
2010-02-11,-4.645542531345938,-3.546921822604637,-3.8020670184275667,-3.460823960314632,-3.668481696369675,-3.5012060190219483,-3.9667327450284584,-3.466632265986309,-3.6220557620943827,-3.51109644494637,-3.5740749629410273,-3.562939944513806,-3.5734940233820094,-3.5778280451864504,-3.5754450280030987
2010-02-12,-4.736769761379819,-3.6146280002224307,-3.8494285591561597,-3.540188730847378,-3.729437906068308,-3.548942793711518,-4.013388467529783,-3.535851426383982,-3.7272485382192277,-3.5547792042792095,-3.641431559174722,-3.6272394156694823,-3.6411740135448025,-3.6461493549057398,-3.6427636181687015
2010-02-16,-4.754955420606957,-3.88628106505574,-4.026892167503978,-3.7913703216640307,-3.9206340963517734,-3.8078604970869323,-4.109245025968801,-3.7896504176077483,-3.9244966991598536,-3.802136540911851,-3.8966904793200743,-3.8903389538307933,-3.8965520285089608,-3.898972444707364,-3.8971778721627004
2010-02-17,-4.772536780016358,-3.899609434691121,-4.111155580048043,-3.832789303880484,-3.9746602988978075,-3.857845099195905,-4.2674685595002275,-3.82983692603607,-3.9558138917434653,-3.875776761667085,-3.9228885564304226,-3.9077580527424933,-3.9227801008613907,-3.9270778396962727,-3.9243208711488666
2010-02-18,-4.780791799123079,-4.05857866092401,-4.228452035874216,-3.9816467958779502,-4.1229135681180145,-4.021649188025709,-4.33838093496215,-3.9841310052116876,-4.152577314252991,-4.029258776386708,-4.075095061476254,-4.064333450998465,-4.074938609020794,-4.079461762103598,-4.075951763367803
2010-02-19,-4.801106549815967,-4.080593316817601,-4.277607811888912,-4.016460601809504,-4.121460226641671,-4.0171382144110375,-4.401869394943654,-4.015457551067394,-4.161389819943457,-4.044916686989829,-4.09884188735511,-4.085113358725757,-4.098481439059653,-4.103236758116276,-4.09943144981296
2010-02-22,-4.784904773551729,-4.252986757927062,-4.3606467392217745,-4.190860072118753,-4.349349259780845,-4.182404075137129,-4.443454326096888,-4.202375026799421,-4.358451717073746,-4.218122640513393,-4.266817956788626,-4.257207949796675,-4.2668243432135,-4.271781004224069,-4.267433160851658
2010-02-23,-4.815969632268908,-4.040815050537671,-4.188288590249377,-3.9645005843158714,-4.106142348187392,-4.000858007852809,-4.3077848174401225,-3.971670565516447,-4.094782481716365,-4.023555379294921,-4.058826398527072,-4.049545653315938,-4.058750741734687,-4.063432212429275,-4.059443818054397
2010-02-24,-4.834811132343176,-4.0754839590198255,-4.229726661749736,-4.0183732654593785,-4.147485958653053,-4.038220249028648,-4.352511519979604,-4.0280392007204675,-4.137663030978825,-4.07564010136779,-4.09408944196053,-4.081227210619246,-4.0939849342010515,-4.099847898991861,-4.094987318261903
2010-02-25,-4.904404367984204,-4.016390314074901,-4.2098493975227065,-3.9702571758995977,-4.120336671452035,-3.9652135290176505,-4.368915579218224,-3.982180956435789,-4.114953776029078,-3.9774401796609076,-4.040905378094821,-4.025867001862997,-4.0407594360923795,-4.047256077718321,-4.042011191613877
2010-02-26,-4.94454401791565,-4.024937942988704,-4.2737873282698615,-3.9604081648115605,-4.158965653310763,-3.977728884388137,-4.4930682562862785,-3.9719546846647225,-4.168783764385033,-4.012204790086424,-4.0572837828416315,-4.039396778191753,-4.057026304570097,-4.066204126367634,-4.058429561212462
2010-03-01,-4.92140781239195,-4.255342435554161,-4.268824755465585,-4.186336293626438,-4.343725231301535,-4.243010340187875,-4.322111623221927,-4.203670426712113,-4.392581921332648,-4.2497524908914945,-4.264150104270675,-4.258382455233566,-4.264189651380989,-4.269799903241613,-4.26461385602701
2010-03-02,-4.921280511169905,-4.2791346131081704,-4.375116556601672,-4.2043246671448875,-4.330195504890549,-4.251091731883821,-4.4432607006247835,-4.22486489066515,-4.347489162881405,-4.278974793679271,-4.290020792407636,-4.2827890280437035,-4.289825955698474,-4.29646334653726,-4.290686396760198
2010-03-03,-4.94184526316438,-4.340303468137152,-4.490552320832702,-4.268380748902357,-4.389657006612781,-4.348534505894322,-4.5972413759653366,-4.293754192190451,-4.417339031801124,-4.388636564674821,-4.360438061059996,-4.349780867752147,-4.360136609182957,-4.367570313471025,-4.3612838009515125
2010-03-04,-4.958961658767029,-4.466726121085803,-4.479133867370891,-4.408392119772075,-4.558539648235313,-4.4670982416535026,-4.5241158853543215,-4.430203855928434,-4.552982446163305,-4.492218088346886,-4.471881305648079,-4.469614425879911,-4.472184769872219,-4.477372032042332,-4.47212011405701
2010-03-05,-4.936476195378729,-4.539461432980005,-4.64928832211772,-4.460505802534654,-4.554631451356174,-4.498928545121636,-4.673429594208733,-4.494084751212848,-4.536225714093443,-4.5417332270280175,-4.550319511857986,-4.543465534355318,-4.550499825911627,-4.556595591681447,-4.550938719036538
2010-03-08,-4.932731798440976,-4.647933225837192,-4.693867404002668,-4.567743654287427,-4.694443702900132,-4.618946175893556,-4.686957609312624,-4.597154151868746,-4.693959475095997,-4.657370767671966,-4.650409091017849,-4.649130847189987,-4.6508534604120495,-4.656539052190088,-4.650922495851494
2010-03-09,-4.93245873939101,-4.590284150720263,-4.642503884466592,-4.490980324551102,-4.586125267614848,-4.571636090484465,-4.6011210663440725,-4.533151312755872,-4.589607307332753,-4.602999288465172,-4.592950538159554,-4.593069236928912,-4.593449122636055,-4.599288311931557,-4.593738485298496
2010-03-10,-4.970397198971122,-4.482838270179111,-4.531287838791873,-4.379804397553685,-4.52140154907995,-4.4637006477426775,-4.571615199355137,-4.416287473310389,-4.544576028087508,-4.514101941715734,-4.4896072950949,-4.487427210794539,-4.4896791600302635,-4.498345826145611,-4.4907293711939635
2010-03-11,-4.972080045768562,-4.612032845193312,-4.619045928626781,-4.514727821732317,-4.639241121911603,-4.597161788041717,-4.609369630022051,-4.55740584699523,-4.622333009537553,-4.6373955213826585,-4.613573558410225,-4.615592333569406,-4.6139087366926415,-4.62197047169817,-4.614361811880647
2010-03-12,-4.9896515797841445,-4.612954838637198,-4.6650327536896015,-4.5149337442223345,-4.6237418280556835,-4.574370567457101,-4.668147588534252,-4.554528965965633,-4.650764830331516,-4.604810879244391,-4.6170192899933955,-4.618505022500111,-4.618152879379617,-4.625295193837825,-4.617939056064023
2010-03-15,-5.016770565997716,-4.561705683617106,-4.6368935734540235,-4.457935506245961,-4.571599544755594,-4.546643241649733,-4.66967272701557,-4.504379543104223,-4.602263201250028,-4.545325342690377,-4.5691999138137875,-4.568215904463569,-4.569528983062387,-4.578080731637707,-4.570113224803741
2010-03-16,-4.857128031045279,-4.550243679939718,-4.681532834787573,-4.455116014332375,-4.593196470754797,-4.532426588927781,-4.772835670124122,-4.4982684650940525,-4.622642180747533,-4.5505601999495715,-4.564372362223367,-4.560298801493061,-4.564138618619039,-4.573976524376111,-4.56548695282694
2010-03-17,-4.820598014141471,-4.64174305205575,-4.692619449908758,-4.536159803275606,-4.680654648216984,-4.612457240585276,-4.743358685085877,-4.584467267605542,-4.720874762415087,-4.632664948603051,-4.648453619371952,-4.64582189426822,-4.648640128107292,-4.659280259856056,-4.64952721743485
2010-03-18,-4.817261360020646,-4.749763534929796,-4.713204476679998,-4.663701168769239,-4.810810062740544,-4.743657387612307,-4.734546694869968,-4.701634266671375,-4.813222498976593,-4.743195562890552,-4.74805506725682,-4.750798008291163,-4.7484604805762425,-4.757063077750897,-4.749102021403241
2010-03-19,-4.810687752195095,-4.602691762845034,-4.604778919126667,-4.526956143934752,-4.743874036967129,-4.597049015505875,-4.678814752449392,-4.561187671820666,-4.746737514577636,-4.612741513144668,-4.609839761607638,-4.604390677174804,-4.609532080565711,-4.6195854834534416,-4.610700919821246
2010-03-22,-4.7857342755636285,-4.68397557307287,-4.581677614502619,-4.6082705969568,-4.771160814209994,-4.7060363323615295,-4.592344347814643,-4.647037135902398,-4.772436292171621,-4.712411124833068,-4.678892922139131,-4.684196732243215,-4.678916673475093,-4.687480014421278,-4.679321657543272
2010-03-23,-4.7610587612644615,-4.714471232184547,-4.730056179637787,-4.637534189577758,-4.815193458504879,-4.725630114642488,-4.818966508395491,-4.6763376108831,-4.794111010338542,-4.717402424983811,-4.723836891016948,-4.71792571645533,-4.7236749889493375,-4.732846445003876,-4.724452027975569
2010-03-24,-4.772441291609185,-4.56660503433774,-4.684128582496337,-4.471609711194284,-4.590369238931035,-4.537616761746508,-4.764047041756881,-4.514400299515917,-4.5992467075476835,-4.580774358055044,-4.581932057545168,-4.577612756034755,-4.582151385584482,-4.5938927212557354,-4.582901962083289
2010-03-25,-4.633296291478292,-4.512104626747565,-4.534081575897102,-4.435583994503561,-4.524626907805092,-4.522627677156368,-4.577434188546348,-4.470926749357632,-4.5132278713565475,-4.543301212559825,-4.51835762840205,-4.516798859730072,-4.5184954471008885,-4.527903558878149,-4.518940473869545
2010-03-26,-4.565074096466005,-4.4996239179560895,-4.546794741903214,-4.410581321570918,-4.541919631315829,-4.507010528952273,-4.599560388952587,-4.4524170824705855,-4.534016229924995,-4.531863801772247,-4.510046875111036,-4.504187372618138,-4.510121346213729,-4.521429327482579,-4.510775406159785
2010-03-29,-4.5469771103172665,-4.76608944203015,-4.749372581362931,-4.671263047928803,-4.754591855711785,-4.762710353456877,-4.775328338234109,-4.718188955450922,-4.774218260349344,-4.767443794481145,-4.765660912890236,-4.769332983035282,-4.765973846503052,-4.776713638603381,-4.7659784395117
2010-03-30,-4.480221146398536,-4.620966813409231,-4.703888934524227,-4.537886037740103,-4.696378026213113,-4.6159535552643405,-4.835998104766522,-4.5762362131167995,-4.7308097471161545,-4.631317903016925,-4.6368404014240765,-4.628786651914094,-4.636608773443575,-4.6459449081214945,-4.63764618143464
2010-03-31,-4.4748156329259645,-4.589352212026627,-4.6562324338039,-4.494550453747947,-4.620349763323553,-4.58128691867823,-4.7389081436798595,-4.535139904050618,-4.6191034802177855,-4.588636425841601,-4.600898824016704,-4.5944235487530625,-4.601051025385089,-4.609538519524401,-4.60161632679826
2010-04-01,-4.374119418437663,-4.68542264606819,-4.783517771830958,-4.6025834043960225,-4.740732608085757,-4.680032455157605,-4.85772384806678,-4.642972297438356,-4.721394656579155,-4.68524444555913,-4.6993260013415785,-4.692134854295594,-4.699384636740952,-4.706166051921499,-4.699992283340458
2010-04-05,-4.286134732027992,-4.899042121455362,-4.823859497019114,-4.822387350815624,-4.896643468932102,-4.894676625392816,-4.767879208438994,-4.858856193775022,-4.922170838428369,-4.908528410359088,-4.889009727779358,-4.898748902789851,-4.889012092632061,-4.895383300367884,-4.889026306142816
2010-04-06,-2.8896141498664156,-4.9487064085664,-4.839375748470823,-4.845025399446456,-4.95143842284435,-4.940595721288774,-4.742076239748191,-4.88813721953345,-4.965016585181096,-4.946395461706971,-4.932224558574884,-4.948543900526811,-4.932174701716965,-4.937816835964015,-4.932314790330372
2010-04-07,-2.77027982966619,-4.673487201143993,-4.743334682445377,-4.557594388367316,-4.660312097499828,-4.670628053824339,-4.736205417950449,-4.603593853890111,-4.6404696316731355,-4.69144964814383,-4.67899784825006,-4.677057805005568,-4.679147163065801,-4.676854144292236,-4.679602732949235
2010-04-08,-2.733560410068727,-4.869561013571327,-4.740676133468304,-4.7742853723547665,-4.843853805171292,-4.914968311181306,-4.646618446681502,-4.799396368893628,-4.819396442938402,-4.924990635140548,-4.85435430703964,-4.867187535434015,-4.854545450245212,-4.850137409971198,-4.85404857991557
2010-04-09,-2.7147050904567402,-4.819668666821551,-4.831393572309787,-4.703715294245338,-4.832578608330625,-4.792165906840053,-4.781722810384931,-4.7296661283766595,-4.828621459315013,-4.801131342780379,-4.815841718264768,-4.819670434102147,-4.816152889907111,-4.810421232298172,-4.81562332803868
2010-04-12,-2.704308058303369,-4.898069670776645,-4.909346176776137,-4.77873196112698,-4.924639757237035,-4.903328588299435,-4.830192227752043,-4.797674133736387,-4.90357860316746,-4.906625723812941,-4.898147847158299,-4.899657146670268,-4.898577084366248,-4.89253506838278,-4.8979082517522015
2010-04-13,-2.695118489684669,-4.79379142873525,-4.792831494641085,-4.663808160670948,-4.795071837348755,-4.773661187893786,-4.709999831474384,-4.667101891658994,-4.7851017275851655,-4.776013847308449,-4.788307447260403,-4.793772512712344,-4.789236440896895,-4.781202140371866,-4.788618456295178
2010-04-14,-2.6679300005523983,-4.925274272570961,-4.807991167910488,-4.803384314011076,-4.935706591682652,-4.942167688708383,-4.640685371802606,-4.804858292959992,-4.921082534126605,-4.956414669957539,-4.904486808164236,-4.923204142948288,-4.9048262005335665,-4.897314972591124,-4.903455617153422
2010-04-15,-2.6371054032068626,-4.94490596947921,-4.815126040468265,-4.802411465934901,-4.9653662163122485,-4.939888993762131,-4.606559664746326,-4.800688604122787,-4.945221794433744,-4.954342752523042,-4.920264395992174,-4.940896255207044,-4.920751553746878,-4.911838482171508,-4.919081924301196
2010-04-16,-2.623680621135527,-4.191564009558127,-4.186894146864052,-3.990929975435296,-4.146534613776898,-4.153258236034813,-3.9377586118028503,-4.007238681942643,-4.082946482725566,-4.17281410751454,-4.169230044185932,-4.1913961483040865,-4.171186624025127,-4.15979652007969,-4.1676303978830065
2010-04-19,-2.591762917503892,-4.313337269990563,-4.355744093532735,-4.117490894062407,-4.26318379106623,-4.3316987937228895,-4.146014903232344,-4.1304171003064445,-4.285671100602343,-4.335749646019809,-4.304852385235339,-4.313474799894694,-4.3051748105746945,-4.2955179578854965,-4.303983273377872
2010-04-20,-2.5379345983432016,-4.51749883662508,-4.468176576470956,-4.325713575115912,-4.537490285447646,-4.523945741078315,-4.243919510659214,-4.32554008997766,-4.462804081750013,-4.53694571070056,-4.497984041944096,-4.515752982343895,-4.498746167070248,-4.488031003649325,-4.49634933507037
2010-04-21,-2.4846774408505548,-4.339619662569329,-4.325529940588815,-4.133557177709877,-4.340319909182656,-4.3700016383243945,-4.104286354239588,-4.122295965139038,-4.330063200889143,-4.36159692826766,-4.325576243529576,-4.339056002263053,-4.326633509631823,-4.313242968320843,-4.32449742747114
2010-04-22,-2.471962497326049,-4.267986702857819,-4.178503365224907,-4.121586602317881,-4.268947260946149,-4.3300321854879025,-4.015259433768175,-4.112727077678873,-4.255026414439305,-4.311892259328811,-4.251087591778215,-4.265686481288714,-4.251389363544431,-4.242325866950778,-4.249960945641023
2010-04-23,-2.440355522476532,-4.390257182504506,-4.31559267655612,-4.243708677911394,-4.446293015053528,-4.401018118151296,-4.221890411887557,-4.233565436069103,-4.387457849500661,-4.394729091963862,-4.375110811159175,-4.386836673687532,-4.375209554223802,-4.367934388217502,-4.374620685866207
2010-04-26,-2.417698295522473,-4.483783311516238,-4.46106867523379,-4.305462253477919,-4.514669818894578,-4.49035349386837,-4.30757899422231,-4.29943107560962,-4.466250161397531,-4.49277674335855,-4.467041011008768,-4.48005307013462,-4.467435863626518,-4.458498393588173,-4.4660511078473615
2010-04-27,-2.4251759070340806,-3.9251417876932635,-4.033193097290175,-3.757014326419877,-3.9815764335716337,-3.9068758874768132,-3.9486741090383872,-3.7518641604835326,-3.9390782104276605,-3.9273979308500677,-3.9238769810492093,-3.925589792679406,-3.923764839443739,-3.918836270405364,-3.923680824446842
2010-04-28,-2.4171354276049315,-3.918476087204038,-3.981706436255385,-3.7637008821137408,-4.007306285219079,-3.8940447460383054,-3.9307812029537392,-3.754891004056334,-4.0122751605678015,-3.8823206082708177,-3.9150874414120267,-3.917104795938726,-3.915664263600505,-3.9108002222171225,-3.9146581541502328
2010-04-29,-2.397733789178876,-4.180351571675281,-4.0429217541444835,-4.06932834466887,-4.296814691699961,-4.187825961093343,-3.932633599536913,-4.0686046551858635,-4.211634830544779,-4.169861923683396,-4.160038097508737,-4.17326500736651,-4.160640599412639,-4.154878571454231,-4.159214024670486
2010-04-30,-2.3987747211521815,-3.8742992591690837,-3.901934217236489,-3.7501600292390322,-3.9653866631590615,-3.881849360615353,-3.8362277496830934,-3.7447812521581394,-3.9661938065348954,-3.8513764785091977,-3.8669619959758834,-3.8728148597859837,-3.8675827469770128,-3.863156128241734,-3.866201168613085
2010-05-03,-2.3924241547436416,-4.040497709095555,-4.055124807671744,-3.9153149630912263,-4.125801231424518,-4.061724068353428,-3.977969904943353,-3.9127478769816744,-4.119477138165441,-4.027990181452154,-4.031776124912757,-4.037813572043048,-4.031726951223663,-4.028554377199431,-4.031493043504465
2010-05-04,-2.3915651495951993,-3.7824129561677715,-3.873834313419098,-3.681608571514149,-3.858190870050468,-3.7673332371246957,-3.8541077152551066,-3.671508122444505,-3.867761316714758,-3.766555865131818,-3.7836591354246507,-3.7815836264160527,-3.7839214791162035,-3.781390366744944,-3.783661721232262
2010-05-05,-2.388832716439553,-3.7764187759690886,-3.584097059044745,-3.6286045786497785,-3.855620870863525,-3.8061805168359073,-3.4292984899730796,-3.6100177206529938,-3.8973611263947503,-3.789062611469459,-3.7458989799798785,-3.7655463754993233,-3.746238167448523,-3.7390206731300655,-3.744269352067689
2010-05-06,-2.9414551444787724,-1.8633933569208605,-2.0078792792066147,-1.965091206119648,-2.0726076388960943,-1.8023675867567635,-2.2101011070012406,-2.005159552657207,-2.125428618357174,-1.8387066742879157,-1.9009940378214387,-1.8675526986460245,-1.9000627407839226,-1.9069235913941944,-1.9038408602617625
2010-05-07,-3.0555452939643892,-2.1761100669467446,-2.2672998151930743,-2.2050607753207534,-2.3041158782800633,-2.2033035244292423,-2.3743768617999406,-2.221624296356161,-2.335561858785266,-2.2061404572587353,-2.1978152160199382,-2.1785094771114135,-2.197180542586356,-2.2003046490771614,-2.1991104058422954
2010-05-10,-3.0854283703578296,-2.3920580986415643,-2.8332892798705163,-2.3452646599198017,-2.491223661391587,-2.382298067091537,-2.9455436468335154,-2.339347429814505,-2.48325094775211,-2.391633483290507,-2.437647381740635,-2.407850067394711,-2.436947615173226,-2.4411565056457993,-2.4402182527889806
2010-05-11,-3.091594716058586,-2.5217698022096995,-3.046694850056523,-2.427730238758931,-2.583759535758179,-2.5295626971078513,-3.1177349960173864,-2.401076927918299,-2.611765953393819,-2.5419397641025507,-2.5697669224288298,-2.543814444627695,-2.5688546400321237,-2.572636454794888,-2.572532459320776
2010-05-12,-3.090696875735121,-2.667633403948122,-3.169171328818617,-2.5743015019372852,-2.755626507965493,-2.6735203388271738,-3.2567073014253665,-2.5493481144627284,-2.7515566989379896,-2.6940389666294164,-2.7115240333255066,-2.683049966915652,-2.7105157626995005,-2.71476658853807,-2.714206200904165
2010-05-13,-3.0978758024324273,-3.175108028999352,-3.551784340416023,-3.156829096773301,-3.2474233089966833,-3.194579345817676,-3.652138625813403,-3.139565430057049,-3.19451690805621,-3.2014726449188813,-3.216885086900642,-3.1867076418404645,-3.2169164067065172,-3.2205720648613503,-3.2197324839197377
2010-05-14,-3.129850298166638,-3.1583198238575507,-3.462888463740576,-3.177195199833206,-3.247915689666793,-3.1337908830791394,-3.6015587231400796,-3.161114451026081,-3.241161278828246,-3.1457931057429804,-3.1959531709861952,-3.1650926699167536,-3.1950990250842195,-3.1987126436857265,-3.1980327249983205
2010-05-17,-3.162865078086255,-3.1301585859668606,-3.3373108853590976,-3.1383744179289588,-3.199852010526657,-3.144070410588007,-3.4301634678809827,-3.1406900542039367,-3.2079799324873637,-3.126467563287285,-3.157264152392505,-3.1366666098253226,-3.156693764591181,-3.1589745137908856,-3.1587821330928114
2010-05-18,-3.2154833629375146,-3.0703671260208303,-3.3627009528204663,-3.0677190171299227,-3.1337879199537046,-3.0874857431522114,-3.4693319414769856,-3.0510473195473318,-3.122307380947137,-3.078528712621443,-3.1051397684175956,-3.081774412083519,-3.1044843842476886,-3.107149268503174,-3.1071340583401486
2010-05-19,-3.272151381804383,-2.946752299443782,-3.098004244404709,-2.969800397346979,-3.043752864334973,-2.9591994563519317,-3.188600450618279,-2.9641112156886913,-3.0229740752470473,-2.9468850177972725,-2.96836440422228,-2.951654114658514,-2.9677354567205865,-2.9695512424329875,-2.96981116957632
2010-05-20,-3.363102303351884,-2.7450843495392045,-2.9406017752134845,-2.7802469604122444,-2.8564292648870664,-2.751888341021823,-3.060787451640463,-2.7639818004090566,-2.8116234444965147,-2.7529795609159318,-2.7741104338667166,-2.749978572250053,-2.773438494533526,-2.776250678638674,-2.775952060052978
2010-05-21,-3.4637623236983965,-2.653461746768771,-2.8547613045967504,-2.6617757398989084,-2.7369365632923364,-2.6573151586377444,-2.936176440489917,-2.665903415798086,-2.7271565470999293,-2.6489619743783273,-2.6783439282460457,-2.65956111749227,-2.677324916871562,-2.6801648133219977,-2.679812831785628
2010-05-24,-3.4668500851858743,-2.9221429505693743,-3.2950709513640715,-2.8956772846580954,-3.0066435824013524,-2.899291099387919,-3.409932913061623,-2.8610858937032613,-2.976915800627114,-2.9000615188398973,-2.9606009522113297,-2.9400474465745154,-2.960006050055251,-2.9631236839830213,-2.963029947802389
2010-05-25,-3.5219075769970796,-2.7394515219918105,-3.013174075299353,-2.758491186587248,-2.8319060406222265,-2.732157631004728,-3.122910903176203,-2.735336454657708,-2.760366075383384,-2.7409822274119175,-2.7759105795875425,-2.747178719599935,-2.775323746998926,-2.7784863970478013,-2.778285967985126
2010-05-26,-3.577299636061485,-2.8178766016786954,-3.2002096755740106,-2.8142547099403474,-2.898749535203707,-2.8115465736124645,-3.32550432654915,-2.8075288629116124,-2.8729781019022655,-2.8206975868428557,-2.8596362100740853,-2.832159793236772,-2.8589515798517815,-2.863181541523432,-2.861918751887795
2010-05-27,-3.5297372429506813,-3.081965588847467,-3.4702347914962814,-3.0558951934425487,-3.135522837133242,-3.0529647626564196,-3.5834705403193436,-2.999781050501099,-3.0726828951988066,-3.066715853822588,-3.1214093538722154,-3.100010084033209,-3.120890554888332,-3.12390778100011,-3.1235907927410542
2010-05-28,-3.543126403939611,-3.0473902168402365,-3.3058608192693475,-3.0843113743019153,-3.154911500720084,-3.0483196430222748,-3.4366135532266786,-3.065290466142948,-3.1164429446738846,-3.0532886521315614,-3.0825868157976517,-3.0589044498004707,-3.0818255157969014,-3.0863459173624292,-3.084753384011033
2010-06-01,-3.523497323200022,-3.001677497864453,-3.386418516788902,-3.0198031622938326,-3.117898548032925,-2.992553338114429,-3.5471310855602143,-2.994687092455924,-3.0564800137040495,-2.9879013430907104,-3.049955814714134,-3.0158196470635508,-3.049313574380205,-3.0549534004582233,-3.0527538547783686
2010-06-02,-3.5040502963781264,-3.2673029496141006,-3.625687670463401,-3.271784532445744,-3.359445242654658,-3.246772847848185,-3.744396131955883,-3.252484852408632,-3.3096955861305153,-3.266322985039992,-3.3074830921768528,-3.2785059996233565,-3.306888409050966,-3.3121548100314073,-3.309956940221974
2010-06-03,-3.474230882324955,-3.315413088050248,-3.573874397180042,-3.3226794089084133,-3.4423371124587088,-3.32800389903172,-3.6885790003388865,-3.2893936660563625,-3.375059019302031,-3.3285367401070616,-3.349179984053646,-3.326128473862868,-3.348500473016293,-3.3526983454576738,-3.351263461285194
2010-06-04,-3.491519842154208,-3.194500436014291,-3.51130333786682,-3.249335944794641,-3.353395406378178,-3.1422072678271356,-3.6903945357773895,-3.2167105727553578,-3.300736274448009,-3.1550596223044995,-3.2356313190276325,-3.200196583448033,-3.2352181378522427,-3.2410950242205283,-3.238117962471851
2010-06-07,-3.51235410629429,-3.214777907205798,-3.459479377110623,-3.201188171814164,-3.348070343770837,-3.2385211010873993,-3.553529084204057,-3.208451381937053,-3.3362040989108626,-3.232656110549951,-3.2476355210165733,-3.2236967059672246,-3.2470243688124327,-3.2508649593088337,-3.249456087160306
2010-06-08,-3.599425396669664,-3.1270912467741403,-3.3154938441923467,-3.1121460218578423,-3.273713855516471,-3.149601962247613,-3.3980510105174204,-3.11457755748765,-3.245224310484918,-3.139855525437485,-3.1522861097814334,-3.1309375206657943,-3.1515724649245267,-3.155145139285145,-3.1536329519681847
2010-06-09,-3.6352786973503215,-3.2364795300098685,-3.4969155342917815,-3.17072808290148,-3.3804667560587895,-3.2679701481524477,-3.5487382096854567,-3.15018149255156,-3.3577065910010613,-3.251682811191968,-3.2638540421374587,-3.2439545331112867,-3.2626086534264562,-3.266537251422216,-3.2654846180873536
2010-06-10,-3.655510750568242,-3.335464287608905,-3.5645869230821714,-3.3052187936003175,-3.441342798577851,-3.342685619675677,-3.630451193825932,-3.2860877160855004,-3.4012970188366642,-3.3441269821079764,-3.361859324129004,-3.3432666387105394,-3.3614919122681832,-3.3645490865382555,-3.36321719773282
2010-06-11,-3.672884002637986,-3.3408423158640246,-3.6730645138276503,-3.29002936528186,-3.4342650461062596,-3.3565726315822015,-3.7552904230856803,-3.275360377344349,-3.419080601548339,-3.335140166831001,-3.3779985908332857,-3.354374380689946,-3.3773301859688396,-3.3815768453022557,-3.3799566472354883
2010-06-14,-3.6626615612833793,-3.4369317204598255,-3.698670610679699,-3.355317276154619,-3.5049516929107227,-3.4432245637213064,-3.7238323629526313,-3.3309133941413664,-3.4522479486211295,-3.4329306568038596,-3.460301002130988,-3.446404106287136,-3.4600790007568873,-3.4618837544827556,-3.461583690756541
2010-06-15,-3.6330170792984755,-3.6940410134440866,-3.9698579039810458,-3.620543427137946,-3.74492963603985,-3.719775336159747,-4.009739044573215,-3.585730583912262,-3.7108116559759963,-3.7100360621876574,-3.7239797027108645,-3.708088247109619,-3.7235395868560097,-3.7255475464932735,-3.7250968821575303
2010-06-16,-3.6181151841304136,-3.7547540098400867,-3.9263838929668906,-3.6898050609761146,-3.824126394634804,-3.779336067677156,-3.933158260337998,-3.6768918484071493,-3.7987543536831936,-3.7574452341827813,-3.7669506286876464,-3.7579728498414284,-3.766861130422184,-3.767988326111819,-3.767895988067392
2010-06-17,-3.6072058833897644,-3.688702884721165,-4.015043369852911,-3.6320859991103847,-3.7462579177585016,-3.7033187862372063,-4.100928895132554,-3.61331020538492,-3.725260690087296,-3.695488584491726,-3.722576085489221,-3.702775084191882,-3.722148076686598,-3.724802800623774,-3.724085219312274
2010-06-18,-3.559409559830338,-4.029972345021588,-4.166658510195529,-3.971953218285422,-4.066276906191669,-4.048720570509304,-4.186359415946837,-3.9354636346469327,-4.038660128542628,-4.042130364235741,-4.045181825984426,-4.033740774720991,-4.044385119021904,-4.044566633308266,-4.045833614032007
2010-06-21,-3.553047470471422,-3.866361151220622,-4.089692790223744,-3.8371659622245926,-3.949846470155314,-3.8733063780188655,-4.17904567836665,-3.8166021403124724,-3.93714411097189,-3.87913597744108,-3.8942787035444284,-3.8714904505113723,-3.893962038075364,-3.894448868693435,-3.8953171172567127
2010-06-22,-3.5410287244454555,-3.7390192321334705,-3.9200953156411207,-3.7131859197741064,-3.8270222091381827,-3.769248283239184,-4.00499861783282,-3.7003229511803877,-3.81953816590281,-3.755011782013542,-3.7616055035711535,-3.7444795321303435,-3.761006213803341,-3.7603766307613338,-3.7626073146588
2010-06-23,-3.5726891757755332,-3.613435150851001,-3.7460110610894732,-3.5686434708476193,-3.69828544616916,-3.628375415492367,-3.795458478185441,-3.5693590494887926,-3.6931374032788904,-3.604803813945496,-3.6293856301298195,-3.6152445562341167,-3.62873800446972,-3.6274410468543494,-3.6298811676161566
2010-06-24,-3.60118311689352,-3.568983999180339,-3.69179486204105,-3.5215277612304985,-3.6528779193689735,-3.5699276418176127,-3.749503898030763,-3.5107169828229554,-3.6727785464427707,-3.5594022505553937,-3.583401720023106,-3.5713663073106403,-3.583435223268687,-3.5811537155164563,-3.583763209583434
2010-06-25,-3.631477621699484,-3.4886086569321733,-3.6544441252156,-3.4517342887842846,-3.578107837526266,-3.4874230162030333,-3.7053630607161385,-3.4506708346752366,-3.581999442646114,-3.4822647011449512,-3.506557246326981,-3.492590444354071,-3.5064191398862516,-3.504463100543775,-3.507126527054056
2010-06-28,-3.611028242463918,-3.6514072256707455,-3.8320086615689126,-3.593194898621913,-3.7264069547211838,-3.66165320929063,-3.8747490827474094,-3.5939590001867527,-3.720725713490117,-3.6523700518166353,-3.6713804809962354,-3.658127061306848,-3.671016104048018,-3.6688740351141886,-3.671941066668118
2010-06-29,-3.6551015217916345,-3.305813350935534,-3.5389444382073743,-3.2690735266810678,-3.414199343514459,-3.3152030760036713,-3.659750288925654,-3.2569182977032765,-3.4177233805382916,-3.3080585119144685,-3.3359145397463714,-3.310764078454592,-3.335531354737056,-3.33206402854962,-3.3366604533941704
2010-06-30,-3.6960821125059766,-3.4187054051528807,-3.6588825188818133,-3.3586965740764225,-3.5260127521261713,-3.4358975179315823,-3.7463571704221676,-3.36282440896257,-3.507226181746024,-3.418174654733189,-3.446850864721153,-3.4275491749021683,-3.4457748658692564,-3.4431530845381952,-3.4478836941520923
2010-07-01,-3.787978045062489,-3.2284045480956305,-3.261701874616327,-3.1619252387587546,-3.3330810147897143,-3.275807901988137,-3.2745639270662035,-3.164381610367648,-3.3214125206809055,-3.267016559490704,-3.234737792474999,-3.229051506227621,-3.2345474502541425,-3.232013365277054,-3.2347967585044106
2010-07-02,-3.8334031544015934,-3.3492261324468195,-3.51573545242334,-3.269299895217719,-3.435858352841774,-3.3630426488015877,-3.5453176744707755,-3.261476259791496,-3.4369075815091934,-3.3592129596165483,-3.3668500887851187,-3.3558038909230796,-3.366353286578801,-3.3648772781615848,-3.3672985278767187
2010-07-06,-3.9106414618998153,-3.246427286554694,-3.4759776830020233,-3.177828210861639,-3.321715159107359,-3.2492024319560806,-3.5429040790641255,-3.1738783309962066,-3.327288071828723,-3.2408260429829596,-3.272760886991126,-3.2563345025295005,-3.272345277613391,-3.271023550958104,-3.2734936898705547
2010-07-07,-3.9190071942811837,-3.446311066619408,-3.596990366221434,-3.3600771821880704,-3.4937990528424314,-3.4696465129242133,-3.6227404263063008,-3.3630933714722495,-3.514766630458522,-3.4535038018500295,-3.4619434835706078,-3.4512688123460213,-3.461615591132231,-3.4626247882206544,-3.462262639104959
2010-07-08,-3.9536298590126804,-3.5024836685280714,-3.6435100291657427,-3.435580024823181,-3.5220690092127165,-3.549466869051475,-3.6683560963160975,-3.4368902761229325,-3.526787621834764,-3.5218473061338855,-3.5197850359610974,-3.507083757805077,-3.5198096337867715,-3.5207807257430943,-3.5204651430128497
2010-07-09,-3.919377150450738,-3.7601596068809124,-3.9560255613144983,-3.6487855704549292,-3.81298622168265,-3.7752375027966005,-3.947884995081581,-3.6331052571587237,-3.797961850492762,-3.7547671623055123,-3.7755455978547996,-3.766800039662717,-3.7753929149437853,-3.777283599348824,-3.776092290363896
2010-07-12,-3.932420005751423,-3.7178617980688706,-3.9225720681901914,-3.623073413680673,-3.7534601810269184,-3.735396262782736,-3.946850176701977,-3.624268545183921,-3.763813920332837,-3.6957585494158773,-3.734298760043243,-3.725421386940879,-3.7339921307310524,-3.7358625368239284,-3.7348614264100664
2010-07-13,-3.92999180847026,-3.886080225422311,-4.028417628455323,-3.829385827568877,-3.9716882058399654,-3.9049469619860266,-4.085122608160754,-3.8105255241773683,-3.9489888925884187,-3.8960399562985804,-3.9045794119449595,-3.8890552771607063,-3.904131484568499,-3.90597430237127,-3.9051036854492653
2010-07-14,-3.944176315249751,-3.8686878776729507,-4.0755564620242835,-3.773355680888737,-3.9680967481212543,-3.8835090529701533,-4.099337024247903,-3.76204763758727,-3.9342857388515866,-3.8653470503402665,-3.8889435622425377,-3.8765418870200516,-3.8887214447020333,-3.8903398659402235,-3.8895177040497924
2010-07-15,-3.976797576370239,-3.749095218059493,-3.9044688603724063,-3.6425607050770674,-3.80566562408061,-3.7382191195762164,-3.908167891749363,-3.630984989737554,-3.7409167522969238,-3.7055828894659286,-3.7585568026834206,-3.751498857467347,-3.7584102864537945,-3.7596882576356148,-3.758944687179174
2010-07-16,-4.026068517202084,-3.6509396633538964,-3.9083070009783447,-3.565421979034792,-3.6991667959093086,-3.613768619931733,-3.9714559055966063,-3.559733576548646,-3.691242391678907,-3.6219441493133053,-3.6764266480275496,-3.660550301441192,-3.676214794400962,-3.6771421660148684,-3.67701620547862
2010-07-19,-4.0494158018433835,-3.6912324843358952,-3.931713845930368,-3.5686460942891864,-3.7193365498697117,-3.735156499039443,-3.937402779379932,-3.5674497711178925,-3.7072180268156907,-3.6938229013089297,-3.710755308543643,-3.7016678640929657,-3.7104639660587315,-3.7129711802578567,-3.711319361940715
2010-07-20,-4.044265406374716,-3.6062235354789807,-3.745468801132825,-3.5242104917250474,-3.671848650043092,-3.6413407176711714,-3.7659121980104455,-3.5173929107103157,-3.6305726925893156,-3.6226097176966388,-3.620561430051065,-3.61141458142691,-3.6206766326315796,-3.623009262749464,-3.6208694095094183
2010-07-21,-4.105021314077857,-3.4732805518050047,-3.668498416505072,-3.3757100210670665,-3.550247705016339,-3.5017563323802046,-3.701166676667497,-3.383875343494247,-3.5184649140986255,-3.487438122201564,-3.496063427085957,-3.483669392497342,-3.4957696062496435,-3.500079900125185,-3.4965527223475528
2010-07-22,-4.117452234063734,-3.6203890078669336,-3.7503864919487833,-3.5629372392513057,-3.6596689555965343,-3.628605950507047,-3.797964865134852,-3.5578847626442816,-3.599797957429432,-3.6166271626041038,-3.6386387331656063,-3.630186930579865,-3.639135052491407,-3.6427392907346707,-3.638945731717901
2010-07-23,-4.126150128643486,-3.5135428441174326,-3.741877841886885,-3.447991597183147,-3.5884884503612793,-3.520330571587665,-3.804311797817034,-3.4552980664298016,-3.5477035618292594,-3.5150648333614622,-3.539912934059819,-3.5260751587179806,-3.5396393810347697,-3.545229982400867,-3.5405957566601254
2010-07-26,-4.0858772938383625,-3.7695413990102495,-3.949665485415756,-3.674428773313302,-3.812810366397788,-3.7931785984806092,-3.9852764423501843,-3.667735710089826,-3.819725816534869,-3.7757148593456535,-3.7909167470916727,-3.778363062302346,-3.7907071938255243,-3.799108235814342,-3.791376473650713
2010-07-27,-4.060405161835445,-3.7630729330434303,-3.8255730462792186,-3.6893634580920582,-3.842739278075314,-3.757161123726222,-3.811920871748768,-3.6993154266924715,-3.8186262069728065,-3.768926643453469,-3.7668983136543996,-3.763985260582438,-3.7669927594381307,-3.7710238255568407,-3.7670244845056886
2010-07-28,-3.990260655071498,-3.829062850330175,-3.998762509319663,-3.748491985710807,-3.9518140111612916,-3.7997348312029082,-4.043252225160327,-3.7498263209475335,-3.890113832516911,-3.822837571583567,-3.8473620666960047,-3.835090791501596,-3.8474153856752062,-3.854494508015485,-3.8478758546869942
2010-07-29,-4.033251059107895,-3.6495078543408983,-3.821768031765555,-3.6042055901709076,-3.797156513482802,-3.638171554026868,-3.925661182007303,-3.616759585122541,-3.7303784857266638,-3.6418170284036004,-3.6750157859214747,-3.6589329732873637,-3.674927650576926,-3.681822041843442,-3.6754576308292064
2010-07-30,-4.016651707087028,-3.675823286097209,-3.88210847760338,-3.6495190548426786,-3.797496200712658,-3.6674935693707837,-4.018399748095867,-3.652519983539784,-3.7538746381157058,-3.6654534203205653,-3.7075455562175916,-3.686274911402209,-3.706925257121243,-3.7161736872886375,-3.7079348085735417
2010-08-02,-3.9871379882688136,-3.9236633797563725,-4.043073802849427,-3.8934387933091577,-4.013298278657854,-3.9291462752593316,-4.156760453796446,-3.8909295307601597,-3.9560270904737176,-3.916442397768435,-3.9456666185229046,-3.9286334004943626,-3.9453695311131063,-3.9531717089772855,-3.945905572883147
2010-08-03,-3.9901062920439805,-3.9364297622699493,-4.054281811387589,-3.8771963754473178,-3.993868145314537,-3.9216729765702136,-4.1037642040715765,-3.8813904878887056,-3.939991337899949,-3.9325820399118006,-3.9524144763605,-3.9422734529630956,-3.9524758306805117,-3.9568939307568187,-3.952738424048693
2010-08-04,-3.9915035687540334,-3.9383926696414346,-4.116516203588115,-3.8956633983179967,-4.017457908069069,-3.942793986978882,-4.220647569141403,-3.891873894295432,-3.9667142129004636,-3.940799916338907,-3.9635843763437855,-3.947638246361753,-3.96331290012074,-3.9680861097981746,-3.9640808452241023
2010-08-05,-3.9760094846539733,-4.159756454534845,-4.218140438099461,-4.109959824986014,-4.243262547323917,-4.181249303146129,-4.233646577259399,-4.119087970467372,-4.250984168707831,-4.162248828268706,-4.169626114596585,-4.1645058998555236,-4.172174587352224,-4.171448803872099,-4.16936257552287
2010-08-06,-3.9998056745151658,-3.9967318065286075,-4.17598161148579,-3.9533087924918204,-4.086827627531209,-4.00018188880702,-4.280008347209723,-3.9625892176181834,-4.055988572783428,-3.991099641177065,-4.024981940857687,-4.007551705122258,-4.0248822766900005,-4.024924625410275,-4.025223010290841
2010-08-09,-3.9862881152050273,-4.304286758371898,-4.4650837122841,-4.212830767869648,-4.351998987732852,-4.305118971733976,-4.479109563595677,-4.203535043554211,-4.332847216190473,-4.308063005114005,-4.324421553989731,-4.314937022228368,-4.324167938945206,-4.3254503996260825,-4.324378223042283
2010-08-10,-4.037373368821923,-3.860307282462838,-4.189128697006482,-3.7923704612754774,-3.965794093560178,-3.848680550138453,-4.30737410988435,-3.7716845509294923,-3.9205799682412867,-3.858980703258627,-3.904248294541691,-3.879336592631964,-3.9035706302932787,-3.901506436870186,-3.90508648372691
2010-08-11,-4.049630515563017,-4.03361975626703,-4.183490322681724,-3.9642991200217437,-4.1072908316935415,-4.0320078732181175,-4.239580703183349,-3.954674391879453,-4.065101900438081,-4.028469663644975,-4.052028220306132,-4.041365742978525,-4.052516634095229,-4.05169775546966,-4.052293019595086
2010-08-12,-4.064791532843721,-3.950780740579688,-4.037898155601741,-3.919891060510049,-4.042634326929396,-3.964871244393473,-4.099755905730894,-3.9090270608467197,-4.005285881898019,-3.954222437303139,-3.96698948358791,-3.956204486094503,-3.9669082287969144,-3.9649940631564653,-3.967131799764731
2010-08-13,-4.070316675837369,-4.065151786798158,-4.235430336685888,-3.990741826950526,-4.109456405106678,-4.049005081700441,-4.300310104708191,-3.986655885636359,-4.07899957597707,-4.062312728629857,-4.087370605017353,-4.072692160868084,-4.0871557372427025,-4.085913915260365,-4.087462194911018
2010-08-16,-4.074763185584119,-4.013550658205991,-4.21973976698246,-3.957267866705329,-4.065180751604156,-4.017218859244027,-4.312405430670833,-3.967516709777433,-4.032813085879882,-4.013457144196052,-4.043531415944038,-4.025858008736691,-4.043201824229729,-4.041812116424324,-4.043894033990685
2010-08-17,-4.077269785442611,-4.181783988180078,-4.286287479654275,-4.1294582991670366,-4.2050405161883955,-4.20509006463064,-4.3320106674541154,-4.132412022858361,-4.197949147467992,-4.181482756644188,-4.1989967864143685,-4.186582057103815,-4.198659329007977,-4.1969566262390385,-4.199130769460422
2010-08-18,-4.094032883739895,-4.092086502910793,-4.247006404347463,-4.029076789309378,-4.155050777130574,-4.06316717084958,-4.295286669466296,-4.026457314256038,-4.145521960307838,-4.093723894500232,-4.112637842306354,-4.101057160374029,-4.112373723768199,-4.109266110976236,-4.112684409266322
2010-08-19,-4.132392358871251,-3.8418001963775525,-3.9797530836144093,-3.818025649980921,-3.9656992734989007,-3.8268256395732605,-4.108137357705278,-3.8164734517313383,-3.958214440287297,-3.841727576673099,-3.867407753826832,-3.848033718514592,-3.866772439009932,-3.86402638664243,-3.8675796235671878
2010-08-20,-4.1280392254710065,-4.004636143473455,-4.19164451086555,-3.9416315394125125,-4.049564099292623,-3.9886529802606847,-4.250048934174007,-3.9361980015696076,-4.045942074619033,-4.014547957183151,-4.03100003297393,-4.016075633710548,-4.030503158354907,-4.029444468742601,-4.030932816134272
2010-08-23,-4.13990089892392,-3.9544615267463787,-4.202080697398301,-3.8946637598241227,-4.04023272160535,-3.9738146092744357,-4.3220782876977415,-3.8867204488613165,-4.027670846258858,-3.9497447064525963,-3.99590775789297,-3.972058073891999,-3.99507637031785,-3.9924746855837614,-3.9962366537430354
2010-08-24,-4.1906742999102375,-3.750498349456762,-4.009508672959395,-3.686236724749952,-3.8373158014816293,-3.776361548203442,-4.150045930999918,-3.6868481804805757,-3.822654621196861,-3.7445684966074717,-3.790970996642541,-3.769686725164438,-3.7900522470279268,-3.7882015525108867,-3.7913550051664404
2010-08-25,-4.245684247999692,-3.710264108470674,-3.9935303219792315,-3.6430496020480456,-3.814974420797777,-3.716118333790138,-4.123091646956445,-3.6561439829321913,-3.800541339964741,-3.7053561902405554,-3.7505191583672315,-3.733968263953452,-3.750057662161565,-3.752406477273075,-3.7508981284930716
2010-08-26,-4.261298250658442,-3.740794173678741,-3.9549653204372555,-3.6769471611358773,-3.8635888112712773,-3.72815524114699,-4.079886239517391,-3.6888379702021146,-3.8381849553162946,-3.7499262626386733,-3.773924129368045,-3.755034929311962,-3.7732061725139583,-3.77922489512033,-3.7741239400068025
2010-08-27,-4.355978475990897,-3.5132366715764287,-3.813502281000991,-3.4663632925049668,-3.645623113662508,-3.564648482445081,-3.9889139383820815,-3.4751488138902946,-3.6285814100999843,-3.504133593086229,-3.560918161043905,-3.5381887824909946,-3.5604624954642827,-3.571438143428523,-3.5615225982667704
2010-08-30,-4.303695106171496,-3.8097008865839603,-4.026834497470782,-3.74325320160007,-3.8915677297213223,-3.8207611956314866,-4.134569972455473,-3.7528969898728657,-3.897592079084831,-3.8056726657729687,-3.843037501427011,-3.8260529149482227,-3.842638933158935,-3.8537490159009797,-3.8434275139110587
2010-08-31,-4.362613248706763,-3.5614198362088505,-3.721307994908362,-3.5018938231575283,-3.646765223038211,-3.559679753058643,-3.7978502586710574,-3.515081994690521,-3.618382436549963,-3.5663860008680213,-3.5848509200891194,-3.570511063649654,-3.5845164762935684,-3.593503433413248,-3.585144137123453
2010-09-01,-4.388110728523444,-3.6687029283631833,-3.8699796241773714,-3.6343431920981617,-3.7650929053289377,-3.680579368333141,-4.013170271033072,-3.63297254710528,-3.7675291626860403,-3.6703754274588576,-3.702464626998979,-3.680831578122416,-3.7020269878449543,-3.7137064862160982,-3.702825583653889
2010-09-02,-4.395670054260792,-3.887700204507105,-4.116716661793806,-3.8256024335241174,-3.9657140035331317,-3.920150528167907,-4.213090774207547,-3.838504112792647,-3.9432533740572366,-3.8805258117801236,-3.9246303548255503,-3.9116887205677617,-3.924750766039033,-3.936653994668089,-3.9253611705612776
2010-09-03,-4.406444402444139,-3.964771602129882,-4.177212023643749,-3.901179385064708,-4.016547399526331,-3.982892604683746,-4.2535270127903715,-3.914864854211801,-4.002616656788224,-3.9627686486890226,-3.9959757373064737,-3.983903570096232,-3.996032114594505,-4.0065842677157315,-3.9963944792985413
2010-09-07,-4.408904698508295,-3.91310805513724,-4.179789903983963,-3.8522176517151574,-4.009627325938341,-3.940980179245229,-4.299544471218607,-3.867951649072626,-3.9601677295571145,-3.897164861636075,-3.955232678923046,-3.937316447190467,-3.9551695372900193,-3.9710164813467843,-3.9561044585412866
2010-09-08,-4.4137351732015375,-4.106219467783438,-4.249574749438255,-4.038899037009385,-4.142806263778665,-4.114300305067796,-4.290009057474252,-4.048567121647587,-4.118649563952153,-4.115293252387626,-4.127375220560774,-4.118554491123353,-4.127317656697108,-4.136551049090742,-4.1277358407126945
2010-09-09,-4.436552690301121,-4.136470839494668,-4.305414056411555,-4.069336803092184,-4.139453703304577,-4.155916874573819,-4.354707136951312,-4.085365338829105,-4.099902092344561,-4.14304176130273,-4.160280848233273,-4.151915879542418,-4.159642496019865,-4.169803080078323,-4.160928311438414
2010-09-10,-4.41081807928148,-4.301217430109284,-4.477232788625326,-4.255733196734625,-4.4120989316516495,-4.308160357980253,-4.567362995689173,-4.271213343075045,-4.358035731584874,-4.306421271249191,-4.327199067791967,-4.312843285087157,-4.327529813236996,-4.342484307539335,-4.3280178896440455
2010-09-13,-4.4126875729807855,-4.284191491528249,-4.396949298935234,-4.231249957732066,-4.3361522451872645,-4.2989681776593125,-4.423597098691753,-4.239494318574353,-4.328547253661929,-4.281659035420295,-4.3008799765466765,-4.292396229848396,-4.301007936885401,-4.31021100025645,-4.301454340255597
2010-09-14,-4.406854073262463,-4.2811037432539125,-4.324095646086214,-4.220122853900618,-4.303898226383687,-4.314975362622396,-4.340134610967543,-4.217957030479528,-4.3093874397872165,-4.272315566988933,-4.291487627294614,-4.289306592281872,-4.2920331976602935,-4.300217189909634,-4.292236140737247
2010-09-15,-4.373523899564597,-4.29573583638204,-4.3941006237420375,-4.242134283686621,-4.339338059454026,-4.321763876928522,-4.436191136871208,-4.233533320853638,-4.3269676382340805,-4.284004140872755,-4.315473136037634,-4.306985966392304,-4.3151106324564115,-4.325747692122575,-4.316615121530658
2010-09-16,-4.387588340459366,-4.267266056848375,-4.558702752140148,-4.214255165237702,-4.358187245516008,-4.289755860993883,-4.668521477798126,-4.218552204327641,-4.322070394112758,-4.24800111777886,-4.312560389626522,-4.29575584014455,-4.311994226680686,-4.328780314210863,-4.313962358488617
2010-09-17,-4.3319953212546345,-4.305287165187378,-4.37530823176576,-4.251691486562445,-4.363460081231785,-4.319528237612121,-4.426059156058672,-4.250794357748125,-4.352952637515302,-4.297432170612029,-4.318540035182089,-4.312062667769757,-4.318220321762045,-4.327506019198602,-4.319201811182626
2010-09-20,-4.297761476484636,-4.339050169879029,-4.430324022587133,-4.275016822547568,-4.387741464946378,-4.378590212560629,-4.459113851570179,-4.286762207960329,-4.351516039410505,-4.333790549866369,-4.354571385503129,-4.34620804269918,-4.3541914433926365,-4.363904324420416,-4.355710977409863
2010-09-21,-4.280722310001561,-4.140316829412981,-4.309369547631452,-4.090970870051419,-4.156335105072766,-4.1292983502224025,-4.361978590045455,-4.098495508986368,-4.129931992337468,-4.146409816879005,-4.165348691546046,-4.158169727993865,-4.165817130945833,-4.172787553778507,-4.166279416387245
2010-09-22,-4.305565878607651,-4.096030337349964,-4.256746509390597,-4.039753155118888,-4.126236536565006,-4.129026362959818,-4.306943598216918,-4.04972847027134,-4.122786791361766,-4.08855786136832,-4.120516650512202,-4.111007131247451,-4.120879974450853,-4.129732144318948,-4.121652312651097
2010-09-23,-4.312836668268529,-4.147118095780364,-4.240603088894255,-4.097375257529624,-4.186724606507977,-4.196108113833094,-4.298617569156557,-4.100992902184103,-4.1793998312951315,-4.147429433080133,-4.166777823303711,-4.1582232480365,-4.16694619413899,-4.1758132904803285,-4.167823857354639
2010-09-24,-4.317368310090166,-4.156854719938138,-4.450303772717122,-4.095860549297542,-4.168026124968429,-4.15147350101974,-4.542634993157377,-4.099213872102018,-4.164226599526221,-4.184779015282524,-4.199090816656354,-4.182879629639042,-4.1988387960581095,-4.209952963779366,-4.200255167428102
2010-09-27,-4.311437450426364,-4.205249831982924,-4.4261921264477415,-4.14887641410586,-4.221873218592844,-4.233333392955707,-4.4790180369885935,-4.156007360801127,-4.19902161937871,-4.215311178912704,-4.239260400246282,-4.226186331037969,-4.239161927291368,-4.249461130558451,-4.24056302295458
2010-09-28,-4.331464726735304,-4.004727615665969,-4.2396422272990995,-3.967692711719244,-4.040131611352322,-4.017499506416865,-4.33689624322398,-3.9756141453373477,-4.004960677959908,-4.022971676046259,-4.0401044550845215,-4.025993924458451,-4.039708790375909,-4.052487347919958,-4.0414612551563
2010-09-29,-4.36067551710984,-4.07448767254441,-4.280622414444607,-4.023520268153219,-4.122339791643552,-4.08135586504048,-4.319051298199223,-4.030687713207481,-4.110041457793606,-4.063888517491108,-4.105634470718391,-4.095516948909831,-4.105542869534037,-4.117845928940556,-4.106946899506001
2010-09-30,-4.405274921736649,-3.859066752661495,-4.096677972372867,-3.812402306931021,-3.8943994911819884,-3.8824999360405323,-4.186265252594063,-3.8200406132254017,-3.86234053092274,-3.8751682842140034,-3.8988506445789857,-3.882883660046034,-3.898469201897722,-3.9145410226138373,-3.9004252687843937
2010-10-01,-4.461151849122086,-3.934221362199988,-4.206344010339442,-3.8874358789706234,-3.9447044850248525,-3.934626675717657,-4.325325621143131,-3.8947954843107144,-3.895916591849226,-3.955068033990006,-3.9793270163023133,-3.9647565807213474,-3.9789131370036035,-3.9948485298071965,-3.9810903087069134
2010-10-04,-4.398617385657451,-3.950999377635177,-4.258567340691646,-3.9083165099096324,-3.982822338591299,-3.98286792939673,-4.398347888286211,-3.910381732304726,-3.9588176764714005,-3.9683095031893227,-4.003834103331316,-3.9818374376052637,-4.003559077674125,-4.021134128611846,-4.005621230378034
2010-10-05,-4.404526321659881,-4.145076204525626,-4.26008448334813,-4.091052120576684,-4.115180294123568,-4.146305596183383,-4.277030513755522,-4.100107149162459,-4.109227018492126,-4.179157678296141,-4.163108963350222,-4.160367378782885,-4.163348559997197,-4.169729816290279,-4.164464889932433
2010-10-06,-4.405561645199518,-4.155322468999872,-4.3921588242406555,-4.121256714396211,-4.153463698494304,-4.223614925964109,-4.450029195524226,-4.132641614867565,-4.147795229109237,-4.127029519577691,-4.192610023991925,-4.180895528597723,-4.19258579904189,-4.206574154403796,-4.194111061051147
2010-10-07,-4.432235518631491,-4.133306265593895,-4.3776122210446875,-4.102378306678517,-4.139887571185487,-4.193407711888522,-4.493030739946266,-4.104648410345555,-4.098044877046359,-4.10584511883199,-4.1770608390494015,-4.161445525220039,-4.177043201325196,-4.193621330148477,-4.178953819388317
2010-10-08,-4.419309736428463,-4.287050252586515,-4.359633614139019,-4.259109202934336,-4.295514511768343,-4.366879446771393,-4.441444228212509,-4.268429217749156,-4.283663233042859,-4.276424960203658,-4.304317361158492,-4.295261913981127,-4.304344186968026,-4.3173860401352995,-4.3055717506872035
2010-10-11,-4.3939336983341395,-4.46805105217548,-4.608938115073638,-4.424015611773068,-4.449349730581147,-4.540176330805346,-4.630786263270053,-4.433164818719225,-4.442169254991591,-4.428418369124823,-4.490623444709879,-4.479566892176455,-4.490747421215281,-4.506263456689954,-4.491657902916987
2010-10-12,-4.402890098550051,-4.226440083423935,-4.405215589595694,-4.198498454944844,-4.296829896539878,-4.278787291450135,-4.5032582040486675,-4.207681898479861,-4.243343604617416,-4.2125177944269945,-4.257345210675579,-4.241760899597832,-4.257147095273849,-4.270738389194605,-4.258878966185881
2010-10-13,-4.365289190990273,-4.367230880538086,-4.396075628062683,-4.326777628985801,-4.329684224856809,-4.399068562984441,-4.41741345640201,-4.330392065237423,-4.3385685791973545,-4.392378119288246,-4.374800831975639,-4.370477249659615,-4.374668204990708,-4.383695657882167,-4.375553794634841
2010-10-14,-4.370293869237343,-4.294839666758597,-4.333317411657754,-4.239779857161201,-4.206546968013553,-4.294775481001588,-4.305309845129472,-4.239117831704598,-4.205729769062143,-4.309211782693186,-4.30151633429373,-4.303405304586398,-4.301745501020328,-4.310288832146866,-4.302489716043718
2010-10-15,-4.368584997063646,-4.1067965057915075,-4.312543312027495,-4.049989196234792,-4.061233922683939,-4.1188772367718105,-4.379929537095733,-4.053719657824562,-4.026882143174554,-4.126127664156946,-4.142397649486975,-4.135211915850265,-4.142479648226245,-4.1586689991298575,-4.144111034510338
2010-10-18,-4.355579316341852,-4.316938839669468,-4.461270117476268,-4.263425039643808,-4.252927918661092,-4.323212643907324,-4.474980514767586,-4.268178341048292,-4.234807295692438,-4.329357273209587,-4.3401301542902155,-4.340620817962573,-4.3409957720872265,-4.353029756509391,-4.3413945825478075
2010-10-19,-4.421244314631518,-3.9648982699469246,-4.069716371109597,-3.931745704361366,-3.9167336131432053,-3.9852338294708556,-4.1027763026334885,-3.9319156476237764,-3.8862409949479275,-3.9981147158781765,-3.985239073807026,-3.977318428615876,-3.98608242945856,-3.996389561571754,-3.9858424890716884
2010-10-20,-4.463949330411024,-3.978141654915923,-4.146072066263277,-3.934017148744332,-3.966312514901185,-4.010676347751868,-4.196034841484852,-3.938348284324856,-3.9343818467220895,-3.9758963533596443,-4.009341832448682,-4.004286222699662,-4.00969404683555,-4.023056188715663,-4.01055433580875
2010-10-21,-4.4953993250443745,-3.898686919373264,-4.0213056533229,-3.8644332597991062,-3.923090575322765,-3.9458316495509966,-4.07136824277003,-3.8722295829555127,-3.8809293483006244,-3.8766862430336504,-3.9222748895524435,-3.916166593337156,-3.9222074649026615,-3.9315290562846883,-3.9234284307048366
2010-10-22,-4.479378389158896,-4.160140817221156,-4.408937839819852,-4.12117006064144,-4.164205678853141,-4.19905578338231,-4.474961896542903,-4.1249055203079,-4.194130660477877,-4.155639267267621,-4.200975665354503,-4.191553715028139,-4.20171752066419,-4.213049976458485,-4.202594426663222
2010-10-25,-4.495043845508564,-4.100973024716172,-4.3975813362108065,-4.057539120602349,-4.103647628525229,-4.127109732004055,-4.500099958546241,-4.063286954606167,-4.076598136374134,-4.07475426180186,-4.152566353926656,-4.13900538764411,-4.152330676366638,-4.1678137449334285,-4.154757042935737
2010-10-26,-4.506952970244477,-4.175386315923615,-4.263267452552367,-4.149281441630392,-4.213115496074441,-4.226120267186656,-4.320290099870074,-4.161671009914462,-4.2111715482454715,-4.161917301698089,-4.195052787191411,-4.191784794730907,-4.195858009151822,-4.203935007508973,-4.1961716047693765
2010-10-27,-4.470478325971232,-4.193171270854286,-4.29587716752042,-4.168299698102985,-4.2555305188762205,-4.205717085696282,-4.384635409810751,-4.1752625253549995,-4.224366274094875,-4.181557860129156,-4.21483938641956,-4.206840474745892,-4.215099012146212,-4.2252965447402895,-4.216410837136188
2010-10-28,-4.464674896995956,-4.181320614020256,-4.311951087590449,-4.157755802965428,-4.31492474819737,-4.2173223810910585,-4.4201809928281195,-4.163825841321943,-4.223333630344119,-4.165968367619332,-4.20787300163926,-4.202999160989366,-4.208271300197591,-4.219723839262482,-4.209591607505552
2010-10-29,-4.461588516017408,-4.3400050890031,-4.391202163126742,-4.318013237999336,-4.455880554694517,-4.360405521300249,-4.466784483443516,-4.321851247100462,-4.41182573190197,-4.30945902231023,-4.352815719825452,-4.346071883993796,-4.352970245723574,-4.361099507924411,-4.35438685880506
2010-11-01,-4.49624312294166,-4.14203276050087,-4.397818751018664,-4.116191926404884,-4.198367757844815,-4.122235926164296,-4.513909369112183,-4.113475176078689,-4.158444505125442,-4.186083055094698,-4.1878459725556265,-4.174758421292056,-4.187691719068645,-4.200192936587719,-4.190055875440395
2010-11-02,-4.483940897742772,-4.531419639388797,-4.358850827867701,-4.507842483749642,-4.585134659749638,-4.600985939541102,-4.360652352591507,-4.513384366721701,-4.546315414838842,-4.477355469753638,-4.514018036716117,-4.52869365441855,-4.514814429696472,-4.518936431397323,-4.514664168491651
2010-11-03,-4.601375291547582,-3.8928245561590025,-4.283344915721852,-3.8657257245690797,-3.972909183313623,-3.892940049667784,-4.433670804868551,-3.8749865141678415,-3.916809670518918,-3.855896526689003,-3.959454274749454,-3.946418215719345,-3.9592011912971636,-3.974017880333298,-3.962406999047979
2010-11-04,-4.57811354723588,-4.292916200929987,-4.212990732383858,-4.2678522871568845,-4.242895908411693,-4.332673005502589,-4.202519166783412,-4.269233340440981,-4.274665127140463,-4.252958394759845,-4.2827467403632244,-4.292919287682615,-4.283278148847323,-4.289788826825239,-4.283483594274948
2010-11-05,-4.578991279641883,-4.220506651593499,-4.189591846293033,-4.17053718535557,-4.115304071355965,-4.169369861650982,-4.135781297821152,-4.168988607204576,-4.142113622829431,-4.272105156676277,-4.217840872157434,-4.229117741998682,-4.219106005546255,-4.222549252696461,-4.218489090028595
2010-11-08,-4.579718258390501,-4.342608216414945,-4.407840302621226,-4.312168837811741,-4.317908470483289,-4.355177054120565,-4.440668055484974,-4.313625514787177,-4.31854869551031,-4.326819043031293,-4.35727480881284,-4.353425711350814,-4.3575528968430115,-4.366671457781765,-4.358461595412246
2010-11-09,-4.6175510907254775,-4.141767841716243,-4.266432955242792,-4.112885971897253,-4.149962567651237,-4.123452478703939,-4.279695770985267,-4.112856578358989,-4.156783280651552,-4.128869162028291,-4.163110931350037,-4.162379964198852,-4.1633169711760605,-4.170151616996347,-4.1646089225948835
2010-11-10,-4.654454430074955,-4.264848648577444,-4.319101292720351,-4.232443750530646,-4.255153552904082,-4.242791233787869,-4.3460540389883,-4.228775806364744,-4.2507109726755195,-4.261799168190754,-4.277206077802026,-4.274564097205643,-4.277316473920079,-4.287036112131434,-4.278573195730791
2010-11-11,-4.681337155215192,-4.262070027524179,-4.300440382576557,-4.2348084874629395,-4.317817370398542,-4.320828578228993,-4.38957734206857,-4.236325821017797,-4.307976770303568,-4.225524195382864,-4.275795925063716,-4.2648151876661675,-4.275615652206488,-4.286317683949168,-4.277968202516651
2010-11-12,-4.732425256224518,-4.082792109989889,-4.322212313673416,-4.062337608587285,-4.134582495079622,-4.127465744167911,-4.454569352857377,-4.062238981245147,-4.116577481531461,-4.066657485758764,-4.127545421996261,-4.114535310565337,-4.127572859024932,-4.139147121939208,-4.129833450271896
2010-11-15,-4.743230300543586,-4.200105836985779,-4.33509509828757,-4.176435375667806,-4.2031279981239065,-4.240095133083326,-4.413717095993327,-4.179162807455339,-4.189704896687798,-4.198228688420247,-4.228114317731368,-4.218113679113982,-4.2281002308825775,-4.235459021678227,-4.229567862369141
2010-11-16,-4.832783490623852,-4.014839426602187,-4.11324026805373,-4.00576847232167,-4.014907203826505,-4.041402541883974,-4.207355122523068,-4.005909692603104,-3.988035186760116,-4.021288015820768,-4.036568202474741,-4.0261200660284135,-4.036240419725915,-4.042556043940552,-4.037283264154259
2010-11-17,-4.8726034891695775,-4.150004247048292,-4.305581746878688,-4.1331009872630435,-4.159912510700048,-4.176548467488928,-4.400525700901953,-4.129875089122268,-4.147547231954317,-4.137021394929512,-4.180650599379375,-4.173111089035704,-4.1804228210911125,-4.189602975881714,-4.182597773581058
2010-11-18,-4.901170709969803,-4.307921730852686,-4.3668619320297335,-4.287636542771853,-4.295594802238576,-4.339616110933286,-4.451496295751669,-4.2829699276173,-4.2949301445621915,-4.321046341763932,-4.326430576279053,-4.320086674869395,-4.326840725209273,-4.333935132669094,-4.327869626630635
2010-11-19,-4.932308026939981,-4.37704431308131,-4.425942246452522,-4.365560751947228,-4.404153705962802,-4.395811798311149,-4.498865319787783,-4.361310523847645,-4.396151065071237,-4.376432571855727,-4.390884621089959,-4.385733213407851,-4.391359117450933,-4.397034376032548,-4.391924184525858
2010-11-22,-5.003841906809907,-4.212395147614402,-4.346435932240574,-4.202919949511394,-4.27030832476704,-4.275136088641618,-4.42935139988546,-4.206295905587086,-4.247453193136648,-4.161208824409486,-4.239452682440172,-4.231056009669339,-4.239561575503703,-4.244593244343934,-4.2408789773434306
2010-11-23,-5.078713319041998,-4.273011802583157,-4.378027501580892,-4.261087193678708,-4.329099459902113,-4.32030884831519,-4.4912922397616,-4.258498647221272,-4.300315786960695,-4.255252106707274,-4.298336594802419,-4.288674045452916,-4.2982748953234315,-4.30575084964356,-4.300057958220299
2010-11-24,-5.1126377269187975,-4.4700002951232545,-4.56554655112966,-4.450612421617509,-4.4594653374773205,-4.510846927826947,-4.636006194963285,-4.441596090203914,-4.474781713248558,-4.465624012300988,-4.493080801049094,-4.484990366065368,-4.493438623015491,-4.500401830393526,-4.494567027436014
2010-11-26,-5.158264935191069,-4.434567846018645,-4.561012009266727,-4.4262469417300565,-4.458073748926056,-4.427213504702727,-4.659217619377554,-4.4268099829441665,-4.457912629670671,-4.468310017953751,-4.4593319353223375,-4.454389746105434,-4.459833941854655,-4.46692995851411,-4.461152920229694
2010-11-29,-5.308185628418247,-4.094961407987086,-4.284491055574957,-4.084212535706709,-4.124334682648035,-4.126210328136599,-4.379469441561707,-4.082506359193714,-4.100591710372634,-4.074175044931022,-4.131458736663004,-4.122092963201171,-4.1314478930695095,-4.137719195770443,-4.132945065666292
2010-11-30,-5.4284069599262565,-4.134248058720215,-4.3167784327057115,-4.127047074828931,-4.203896390291357,-4.197056641632868,-4.458509862623717,-4.1263339707783375,-4.184693727678198,-4.112756740608505,-4.17163869840859,-4.156410094767084,-4.171658483330667,-4.177712294994806,-4.17350518780384
2010-12-01,-5.4778390254899,-4.305036919747325,-4.389799794420494,-4.29581738883955,-4.305708570044098,-4.339849940419765,-4.491623408014504,-4.291364047106092,-4.296221526970276,-4.298304071710392,-4.327963930602797,-4.313861676675719,-4.328094703522052,-4.332490908069998,-4.329258716656328
2010-12-02,-5.497826985036525,-4.3523237126043455,-4.328328709879249,-4.337526458677097,-4.286586157194597,-4.353362830537936,-4.391181843881859,-4.331433686348858,-4.285864572825224,-4.360056037161193,-4.359249336449817,-4.358995034912699,-4.359756436410685,-4.363499484854135,-4.360483010070118
2010-12-03,-5.52873904510514,-4.357527161759648,-4.442306202552848,-4.342442378033408,-4.321121773850631,-4.356759765037889,-4.510802150795877,-4.335028163593476,-4.3277204979301835,-4.341769206058048,-4.3795225177754915,-4.369727549353071,-4.379242588844025,-4.38507826207131,-4.381397949849972
2010-12-06,-5.502933999383073,-4.605472037377118,-4.62786376386687,-4.5934559047186205,-4.586391811974875,-4.617379182246834,-4.676935778760661,-4.587742954673019,-4.605271150387794,-4.5842015685460025,-4.615276287508342,-4.612504017961758,-4.615367957941178,-4.619905047647086,-4.61693089923786
2010-12-07,-5.518016043055937,-4.395431738248538,-4.515361379009378,-4.386183498299618,-4.375713024144108,-4.406915267990058,-4.581784715650037,-4.381332816789316,-4.38107476586848,-4.375441725535726,-4.420608446063456,-4.4147328304019435,-4.420489881973582,-4.425125787881173,-4.422199684867132
2010-12-08,-5.534385559745562,-4.471252942835843,-4.573159141352285,-4.461003894898405,-4.431660654344876,-4.4650356268511535,-4.628570959732832,-4.453876336138706,-4.444540887389806,-4.449137794550125,-4.4959000344304565,-4.490647431513828,-4.496338983501656,-4.500762519399543,-4.49785967558276
2010-12-09,-5.554529745119529,-4.541948668871229,-4.575388965882207,-4.535753705921682,-4.499473864047836,-4.494547367767684,-4.651141582809379,-4.527505522076491,-4.513724123076901,-4.550874478312092,-4.554282377493105,-4.558636716784701,-4.555084781765212,-4.558951495757384,-4.555758954238343
2010-12-10,-5.56391883965609,-4.689069080482903,-4.664386412985002,-4.682806124569339,-4.677833300735118,-4.683945133548137,-4.750771322348313,-4.676207821470579,-4.686889185155331,-4.687470135146923,-4.694976507431013,-4.692873116975028,-4.694941112258783,-4.699694544652872,-4.696709943383727
2010-12-13,-5.566594790102412,-4.65718025142718,-4.546190565938018,-4.652066106277145,-4.6490417958551955,-4.661145344140032,-4.592862217777337,-4.642465261496153,-4.67084453348327,-4.623187003059235,-4.650152119360718,-4.655937299528041,-4.650476275481333,-4.6540887867458105,-4.651444064339105
2010-12-14,-5.565677705600799,-4.7044991649403425,-4.711745613340268,-4.700378141541643,-4.69116662907612,-4.675753740788948,-4.789113651673887,-4.693825110417252,-4.704253104313262,-4.7271447420129435,-4.714965563732076,-4.714882128266483,-4.715578669992813,-4.719156129520453,-4.716541865367089
2010-12-15,-5.612778366772995,-4.639193555773465,-4.638338397190275,-4.636279333396665,-4.620679994898211,-4.634078283327584,-4.71242178846082,-4.630028467617932,-4.635306224024334,-4.647508863413408,-4.646980151839801,-4.64312417227838,-4.647017351874588,-4.650924317260911,-4.648340269080089
2010-12-16,-5.625405749480787,-4.625178628405335,-4.570885242593161,-4.623399831972516,-4.60609417226534,-4.636313827400933,-4.697821600311463,-4.61660622892906,-4.617422284109999,-4.642966193069869,-4.629866752928294,-4.625869582952156,-4.629656736606039,-4.634953913685084,-4.631575645106256
2010-12-17,-5.52776856203845,-4.93182290813317,-4.526976161851194,-4.93127237210597,-4.903870010676409,-4.9554196082860225,-4.553662273132867,-4.926011949543111,-4.918151522986184,-4.938631412029597,-4.87576019712061,-4.892172216089648,-4.875852481583661,-4.878704476863129,-4.875451820249332
2010-12-20,-5.484640480135004,-4.843242840553496,-4.724962090747256,-4.842928570332094,-4.85394150603176,-4.864453258156484,-4.778408610093354,-4.836033180078492,-4.862218862344934,-4.8459969879364415,-4.832963613157641,-4.840668723239071,-4.833254971002207,-4.836124278616891,-4.833798940588009
2010-12-21,-5.4479443841843525,-5.144088297966709,-4.669836931434064,-5.144307155478075,-5.167532854647378,-5.138300197974887,-4.705842071830111,-5.13845026645078,-5.156056294009831,-5.157566309126812,-5.078565777437961,-5.096343463834328,-5.079324052999129,-5.080569235700341,-5.077758713104333
2010-12-22,-5.336338960341456,-5.262313326635916,-4.787970474718563,-5.263375446162752,-5.192500041770196,-5.236864157893836,-4.794901085634113,-5.251906322901674,-5.221871743260478,-5.297887698100886,-5.193754312576571,-5.222615935204673,-5.194496164132692,-5.1971625347109915,-5.193056016208185
2010-12-23,-5.279705572124257,-5.415765539977483,-5.074598451147362,-5.416728136540084,-5.360357495362687,-5.416826556024841,-5.109454253371607,-5.404993755278126,-5.367502657608366,-5.4215141682855705,-5.370509571641214,-5.38863440631554,-5.370735333786009,-5.37420299717141,-5.370543738845464
2010-12-27,-5.247106665839504,-5.539784464307805,-5.021237650361752,-5.540814361760535,-5.46339391330635,-5.493922979379238,-5.006548825365535,-5.531348767197402,-5.48303635003551,-5.580407214923127,-5.464113949811495,-5.486367089944778,-5.4644891910056375,-5.467901411540056,-5.463697431516491
2010-12-28,-5.1280730586955965,-5.633450167811386,-5.2459125381059675,-5.634117318014701,-5.63312289818012,-5.611480035803632,-5.252338341587754,-5.628129943755614,-5.614083220264481,-5.67044847718263,-5.578224667635635,-5.593271965078488,-5.578786327121811,-5.580003878315329,-5.5777491906967
2010-12-29,-5.0861867756467625,-5.753660413534736,-5.3063296583685915,-5.754023027137285,-5.685113514676307,-5.733341610281951,-5.228635976742172,-5.744974230510653,-5.695294872487079,-5.75551177755376,-5.682310055589541,-5.704888106219024,-5.6828450254869685,-5.683830088409376,-5.680974636646494
2010-12-30,-5.068365891631856,-5.529845657709352,-5.351989563213099,-5.529578996165637,-5.480011601100491,-5.516743078393473,-5.369229206084148,-5.518914598697753,-5.450195107954755,-5.503199420390444,-5.509516614763076,-5.5182905096304715,-5.509850326494538,-5.512782761428808,-5.510121321799799
2010-12-31,-5.05466326408407,-5.393699398048594,-5.339798592737042,-5.393010813081739,-5.38559933391553,-5.410290044883238,-5.408402270150236,-5.382913760920894,-5.35683084643018,-5.406514084494418,-5.395815912506011,-5.3937051589781255,-5.395838037911991,-5.398511923704941,-5.397345682721093
2011-01-03,-5.016335575329192,-5.29269521207367,-4.879676637520794,-5.291830958409503,-5.253095411492623,-5.339722725733758,-4.851930976047554,-5.283898303775113,-5.25520314275659,-5.281511881240457,-5.232107187211378,-5.250492912040417,-5.232616236378379,-5.2335400756633295,-5.231620574262914
2011-01-04,-4.9985836554384075,-5.101981082391034,-4.636333889415454,-5.101739022108597,-5.120637410607032,-5.12718046970461,-4.609807678783095,-5.0949477443101685,-5.119188968792125,-5.081114704287215,-5.029135131618667,-5.050134731421153,-5.029804302835041,-5.0293219678961325,-5.028110343628809
2011-01-05,-5.000423203625423,-5.093825391362616,-4.648378489499099,-5.094477379871438,-5.066452268450857,-5.147492333519556,-4.64695311028156,-5.086067324054239,-5.08144685650513,-5.072230330116574,-5.028061930170938,-5.038920594681562,-5.0280270240095595,-5.029737886893209,-5.027926417579155
2011-01-06,-5.0170734240151225,-4.8720780986760195,-4.607303136876119,-4.8741025395545,-4.849668038210468,-4.919784300651525,-4.635069542964591,-4.861390262715149,-4.860688759758863,-4.82454885840837,-4.837337364730872,-4.84840357095028,-4.837174473328489,-4.83920728327758,-4.837803620719286
2011-01-07,-5.048868684279257,-4.650120904437547,-4.426911712218501,-4.654801257599847,-4.620001267611751,-4.6888835963544,-4.484456993535874,-4.636443751271692,-4.649012994107921,-4.635857685869712,-4.623651160399629,-4.636776777089143,-4.624035328338531,-4.627449765140413,-4.624880368689132
2011-01-10,-5.0199811930735585,-4.70089212722064,-4.508209666633574,-4.707888011453859,-4.6550166664674,-4.692404418250984,-4.565169261916506,-4.689002125638829,-4.663584619231784,-4.716777984703564,-4.680765687507705,-4.691271159614912,-4.6809524431029415,-4.685778692121343,-4.681917108470708
2011-01-11,-5.008375380278268,-4.805987076496378,-4.567854485248409,-4.814324919537255,-4.737202786757905,-4.854451081632532,-4.58877818276475,-4.794813979011309,-4.732480977745606,-4.769152237815711,-4.77751525841798,-4.787165785469542,-4.77811057591419,-4.782561479605286,-4.778573221468657
2011-01-12,-5.011755667009599,-4.908384691429119,-4.712434098222626,-4.917447298715077,-4.9158621920337895,-4.944462540360532,-4.763430108544408,-4.899965377210116,-4.921529320227113,-4.87075756046295,-4.886650607152604,-4.89746354347103,-4.886953905184318,-4.892498396947714,-4.887708496447878
2011-01-13,-5.001891278087513,-4.85330762202583,-4.681127720738308,-4.86313866377623,-4.843415737847413,-4.8611835107450325,-4.681495625139721,-4.845816211420995,-4.872959446075113,-4.823696955243985,-4.831258974826739,-4.842789995403377,-4.8316065936844765,-4.836810105900933,-4.831923740350751
2011-01-14,-4.99016531220604,-4.869672307083649,-4.81790812107922,-4.881582694930736,-4.865134209921584,-4.864970551774277,-4.860955900836459,-4.862972186695117,-4.902169794444746,-4.848434270551426,-4.869771756046396,-4.8721162808576075,-4.86997785411592,-4.877009084190475,-4.871390402480052
2011-01-18,-4.994329402316416,-5.017819576438146,-4.746652079411451,-5.026337509971453,-4.977891749267141,-5.044036076943917,-4.753161365815907,-5.013832185881566,-4.991035746228275,-5.010064800659275,-4.980268498431831,-4.991559462644539,-4.980549278003891,-4.985299789774144,-4.980624992605936
2011-01-19,-5.0153167144627915,-4.843369763261431,-4.627536558518669,-4.855684009007864,-4.829575403889643,-4.899395443256243,-4.641437281002847,-4.838711743490636,-4.840161448602639,-4.775017975796035,-4.817018338117447,-4.831857227933463,-4.817438439352207,-4.82328327739617,-4.817144915881717
2011-01-20,-4.97734868055592,-4.6101809927432145,-4.328050096291309,-4.62296552816217,-4.588405984552337,-4.704336612712906,-4.368272861492952,-4.606570801781793,-4.59823271916203,-4.5362612731893535,-4.575849660736634,-4.58755117190737,-4.576443369290188,-4.581889245983551,-4.5767528359306295
2011-01-21,-4.88618179144702,-4.64173065159439,-4.589402568746925,-4.655890502288167,-4.678267837785978,-4.714061648511661,-4.689662709302326,-4.639360963857242,-4.699264337851798,-4.58255025570035,-4.645415969698078,-4.6475256108761585,-4.645887939583302,-4.65356867390535,-4.647747086271474
2011-01-24,-4.786489046060626,-4.74774759170302,-4.62962134797478,-4.763418276237721,-4.752331552742429,-4.8269365199843435,-4.675416744498357,-4.747036962110513,-4.744276372416145,-4.702352986540818,-4.738476053749627,-4.742323011627656,-4.7388444354992645,-4.745436065903025,-4.73971330316148
2011-01-25,-4.823965197410497,-4.413667823448046,-4.454905253486799,-4.426955673820943,-4.427929050189163,-4.480315515060579,-4.508331522923954,-4.4135857220329315,-4.4187363130222135,-4.364498314686345,-4.4303380272570845,-4.424923552016233,-4.431183750899634,-4.437982772950025,-4.43188263448001
2011-01-26,-4.840743486311567,-4.50722037126819,-4.337924087014481,-4.516669555899072,-4.546603425126499,-4.611038532426714,-4.357674371597405,-4.5075473095231935,-4.541674720978514,-4.448066164866792,-4.483119290685662,-4.496102288612354,-4.484584483185919,-4.486489907022416,-4.483150378635945
2011-01-27,-4.774711132508828,-4.661282623596753,-4.3307117153353145,-4.670546431936355,-4.708491938803154,-4.777349097549829,-4.3062474037197305,-4.662031711103615,-4.701476706889863,-4.55210103794235,-4.606612885894864,-4.63097855986666,-4.60787054121675,-4.6103359330177724,-4.605508620661029
2011-01-28,-4.784347538908436,-4.295317248585712,-4.286014284437947,-4.3050998698496015,-4.3102382259903615,-4.385433474275008,-4.317341074899022,-4.295900825468365,-4.321600878977984,-4.246242795606973,-4.297480328147668,-4.296383243358376,-4.298027315378492,-4.302665535812508,-4.298222208402797
2011-01-31,-4.79476369355882,-4.4880322818665235,-4.352740039563948,-4.497873487766955,-4.522135406412471,-4.5910296943291735,-4.3562901034002985,-4.488616522647566,-4.5207197766437,-4.436628302755304,-4.468296510494609,-4.477080694695966,-4.469168428469366,-4.471844356944356,-4.468060078756124
2011-02-01,-4.737300617648795,-4.6395205296775925,-4.344050990983041,-4.647071087296555,-4.657183856442908,-4.748041156761908,-4.37390719049744,-4.640249292651221,-4.645334242496826,-4.572076780467365,-4.59553784547517,-4.6092806792589975,-4.595917211055796,-4.600881771423475,-4.5953463314012115
2011-02-02,-4.679099613175777,-4.649554621891872,-4.386106898359123,-4.661030407015661,-4.6649362783180885,-4.767376930002679,-4.3780415567956235,-4.649847237846955,-4.667770736178611,-4.574846732697468,-4.608938225942716,-4.625673839523653,-4.609760807449588,-4.614481837043296,-4.608740553286028
2011-02-03,-4.671592690634404,-4.4712109674493075,-4.370870407111188,-4.479697339742588,-4.520652903096234,-4.585582616450068,-4.415669583395651,-4.471043818836487,-4.49465042210453,-4.417563693059994,-4.463368999147084,-4.469829421607489,-4.463737653544331,-4.470152296362679,-4.464180550850804
2011-02-04,-4.638376093009917,-4.601743631270702,-4.48158222594563,-4.607030796134754,-4.634004151294392,-4.6877085136653305,-4.516857989268094,-4.601236461159338,-4.644119548745083,-4.541775803104122,-4.588796101533566,-4.597475217177106,-4.590221822617964,-4.59531140995372,-4.589354732002868
2011-02-07,-4.5598157542087865,-4.821694386857066,-4.572670793837773,-4.833369017277327,-4.837525103318908,-4.923141760601929,-4.598358015681191,-4.819608082111545,-4.850115182826714,-4.771238133768905,-4.78708093519429,-4.794080023122362,-4.7872460020106855,-4.794221297929373,-4.787303492329089
2011-02-08,-4.5081156176497545,-4.802075656439416,-4.682850119103064,-4.813427208047324,-4.769798195058138,-4.881645020897001,-4.669762630360609,-4.797083680296791,-4.808017949306947,-4.720923889067452,-4.787494759060859,-4.797986362094109,-4.787558593427595,-4.796357109085399,-4.788023424188201
2011-02-09,-4.470672249615187,-4.711554666114677,-4.56074234032476,-4.717646011248729,-4.708837788650505,-4.820433768256093,-4.587870047776181,-4.706809641569997,-4.723238558995434,-4.640365069419025,-4.693668199529737,-4.698557071823831,-4.693611477799031,-4.698480926340545,-4.694230524229531
2011-02-10,-4.394123345323571,-4.523976923437168,-4.56579726815339,-4.527389196138121,-4.555461248374176,-4.57892139768368,-4.625389222587276,-4.521646584379458,-4.542883070995469,-4.489206151625134,-4.53865820525891,-4.540082357277174,-4.538911701530243,-4.544467166248665,-4.540484554012262
2011-02-11,-4.211615240345588,-4.672895666130829,-4.63841278646389,-4.67982452448716,-4.665302047869787,-4.727424085769227,-4.6297595113683405,-4.663664926846632,-4.666814378652471,-4.601710412016545,-4.671836285920894,-4.67398560722802,-4.6727091193947725,-4.677163318709097,-4.672137989509344
2011-02-14,-4.16140681205639,-4.901031856605984,-4.564183544681448,-4.9051077415338975,-4.9530466055875255,-4.9834217960920855,-4.536668776260408,-4.894535036567601,-4.958731506362561,-4.835721756863979,-4.84713297012405,-4.861947909312815,-4.8480800985384525,-4.850754441893154,-4.846615398058375
2011-02-15,-4.137799982399996,-4.6831503630483216,-4.650480941578106,-4.6861751576411015,-4.677489762643278,-4.784422044489909,-4.645545500313846,-4.6752367009750255,-4.707498991080984,-4.5812068431139705,-4.681137423318528,-4.6822340718872555,-4.681675999988772,-4.681099823832977,-4.681336683605341
2011-02-16,-4.143059229616996,-4.615481535625793,-4.552607958925627,-4.6163411848296585,-4.615325872273404,-4.716050627097542,-4.59287993860488,-4.611727880695149,-4.640132300127948,-4.547549259509217,-4.609347301981586,-4.607344978549657,-4.60959497855707,-4.608618007742693,-4.610319621026951
2011-02-17,-4.135772814534725,-4.929157483656451,-4.626447067298697,-4.929776784282721,-4.968474377758576,-5.051366817118911,-4.593645420023478,-4.922616528337979,-4.991239145344257,-4.797175646591942,-4.879489199490175,-4.898765149831748,-4.8797861742728825,-4.877208431656133,-4.878778547148019
2011-02-18,-4.115810174687959,-4.946973107279908,-4.725894981707752,-4.947231330603563,-4.964816978540801,-5.055100163657377,-4.713430638882713,-4.943027184130244,-4.977347477904512,-4.820206630399256,-4.915631255408059,-4.930781046593003,-4.915160233045288,-4.911554949063204,-4.915107397999345
2011-02-22,-4.139041418064946,-4.390488975966121,-4.353758655692045,-4.390491400114145,-4.419563883343579,-4.49268130890458,-4.376203105272654,-4.385068417669532,-4.422946754269724,-4.251240707200999,-4.390569964831278,-4.391661878029508,-4.390846318446762,-4.385517110657014,-4.391210039130903
2011-02-23,-4.188740082456953,-4.16310715436306,-4.0402675416814615,-4.162486632642966,-4.176434403302807,-4.2772282762808755,-4.043319899791587,-4.152721445330397,-4.188168825041587,-4.023891513171383,-4.146728773793872,-4.152701387117567,-4.147765813580598,-4.141972507000822,-4.147038644886433
2011-02-24,-4.24391498479789,-4.051812301813287,-4.001533832548555,-4.05107603643133,-4.0791238255098765,-4.192794763493412,-4.060572223201174,-4.042986425559609,-4.068935261072644,-3.9628860270649415,-4.0508307339875405,-4.050217038192849,-4.0511448147442035,-4.049874810073595,-4.0517327723531995
2011-02-25,-4.246168530315598,-4.356037600027604,-4.206483331159105,-4.352848536330964,-4.346900374414228,-4.44254601789069,-4.2494697114447835,-4.334636781083258,-4.36470526893713,-4.3049162764556765,-4.3400730811224,-4.342271917496751,-4.340033592280911,-4.338124259177876,-4.340871771707137
2011-02-28,-4.247518087939649,-4.394824658211833,-4.254041578790146,-4.3935944880596844,-4.448465801349695,-4.487667851938023,-4.247409522573682,-4.3830598102188745,-4.446960734281708,-4.303140649443232,-4.374543268095559,-4.380419611620398,-4.375055968948869,-4.372812061338377,-4.374658803824649
2011-03-01,-4.2888097177180144,-4.084374702049215,-4.13094474259121,-4.083548266810401,-4.114002830563034,-4.12323970305558,-4.2153136431675575,-4.0731499786524905,-4.104100947364179,-4.064437021932802,-4.100717175649493,-4.0913943088938645,-4.101133664763489,-4.100467618440544,-4.10206016494763
2011-03-02,-4.319278327097163,-4.166128992685931,-4.2284584068053785,-4.1658708579600745,-4.206164127429932,-4.268829302723816,-4.304454105036144,-4.155504970273695,-4.183627360464594,-4.065957534441495,-4.183816571303749,-4.172350516941977,-4.1835278137378555,-4.185003996518349,-4.185526170845665
2011-03-03,-4.322840990864142,-4.557013326237175,-4.392577871236274,-4.557139769794961,-4.58905395818939,-4.648713522450793,-4.402286681869179,-4.545130750306417,-4.5952431424804905,-4.471651552707152,-4.53534931960662,-4.54113331917155,-4.53570319226827,-4.536524200655585,-4.53581888642204
2011-03-04,-4.358193465347224,-4.18826520291591,-4.407610704624973,-4.1889261060714515,-4.244434956327673,-4.251487839389011,-4.512509967238767,-4.184041250281405,-4.22553241533486,-4.190772528190725,-4.232997138876988,-4.215661322195659,-4.23275647977014,-4.234752317576342,-4.234936065707782
2011-03-07,-4.400839184385412,-4.089222277484517,-4.205246896501747,-4.089824174437871,-4.117564477233918,-4.179610911680561,-4.260226498719752,-4.083464735808341,-4.086237527120822,-4.044099749062366,-4.114077692847327,-4.10051567796709,-4.114369664601075,-4.1165221478204606,-4.115030867338273
2011-03-08,-4.372569806265275,-4.235786148962759,-4.289474113929501,-4.237238853434269,-4.234413104959673,-4.3044584449384935,-4.325162226112177,-4.2290800319971416,-4.253793064708546,-4.14743098738523,-4.248433787342033,-4.238145206669085,-4.24860947786159,-4.2505701988447475,-4.248790487474672
2011-03-09,-4.392598898878346,-4.156176822384895,-4.282451609636315,-4.156251252225806,-4.2157601034735865,-4.251527544560287,-4.333368362294621,-4.156675941849762,-4.2205110784894355,-4.098936238182281,-4.179012792333967,-4.173381324369158,-4.179347748122961,-4.181733408974538,-4.179253403227342
2011-03-10,-4.440296933808731,-3.965080386820018,-4.095299463688246,-3.965662616298104,-4.065471135098913,-4.089553809617349,-4.1660261589985055,-3.965032606429398,-4.0546780308494945,-3.8747793343799732,-3.989609309646283,-3.976788165328996,-3.9892696004789343,-3.9936317051718744,-3.9904222857189104
2011-03-11,-4.462907222596368,-4.013432717963334,-4.196788229273003,-4.014691573034269,-4.110191805213443,-4.136949086757205,-4.249420008982423,-4.010314572533411,-4.139798574328741,-3.8339789061627068,-4.044582341515925,-4.030588135134297,-4.044983811526428,-4.048885309196261,-4.045343817875018
2011-03-14,-4.484276820360538,-4.035316725617785,-4.142616795052754,-4.037318096277587,-4.151669896362428,-4.156665498465073,-4.219675475051913,-4.031076991207918,-4.147677641622018,-3.892815109156015,-4.0575228305110445,-4.0481461315352085,-4.057331650387525,-4.063347384245134,-4.058471887573368
2011-03-15,-4.575135011527896,-3.758265281986399,-3.864790092842838,-3.759152235843156,-3.8760598060203937,-3.853299877556573,-3.923734501288996,-3.760102434784273,-3.875768519785429,-3.6390431573509523,-3.777552671553349,-3.7673373588498573,-3.777652171988903,-3.7836481100154136,-3.7783082050333485
2011-03-16,-4.842229811863858,-3.429415497001372,-3.7916495510027657,-3.4299929874626645,-3.570810472668909,-3.5185124640416263,-3.91834859217332,-3.434673626172713,-3.546116093058824,-3.3528318746725527,-3.49413082115114,-3.4755251799849725,-3.4934018413776986,-3.500906037334425,-3.4960033749606647
2011-03-17,-4.882067710835332,-3.6896647982997632,-3.9561164137714853,-3.6906826051876553,-3.8240459274558907,-3.7420262170121426,-4.082081257731017,-3.6914862372174695,-3.791037904481039,-3.6756794914839848,-3.739278733842113,-3.7235580539246778,-3.739088998274313,-3.7430315392874554,-3.7405001319465008
2011-03-18,-4.943053878809372,-3.7671263139191224,-4.004575597983802,-3.7725130933284285,-3.766839605248947,-3.7947937626953983,-4.093605315942852,-3.75869971257176,-3.7959905112472603,-3.7610573281239508,-3.8135312817148384,-3.8008242905074936,-3.8137449670618406,-3.8153918762657293,-3.814671477426444
2011-03-21,-4.953202715796296,-4.015221464639788,-4.1276615894455455,-4.018079869135229,-4.006033143215835,-4.103560826011497,-4.198864515916812,-4.010608014436931,-4.037040021629173,-3.9871710981624746,-4.0412188846317205,-4.034282022615535,-4.0416907675351155,-4.0426520226251546,-4.0419311110482585
2011-03-22,-4.9684741287227325,-4.098436775403705,-4.256222957302316,-4.100284284196522,-4.119828086767173,-4.210533705947023,-4.331419655685231,-4.0959290607837096,-4.129515884556297,-4.022752988283439,-4.130180940849967,-4.119278256123698,-4.129969817798866,-4.132320624675532,-4.131083623667186
2011-03-23,-5.017223047600689,-4.198743810849368,-4.460145381522724,-4.199328159686444,-4.237903121130962,-4.290064489992697,-4.569799595330926,-4.198603273434025,-4.243517290269944,-4.166520710789805,-4.249389021423619,-4.23673482587077,-4.248885411789566,-4.252435079415712,-4.251023594687474
2011-03-24,-5.045334041202621,-4.358566427567121,-4.533716922524847,-4.361905719656699,-4.3761988296389145,-4.450693329614778,-4.624907607005688,-4.356861283908873,-4.384000825018271,-4.326078839018494,-4.395392557204796,-4.38473569427285,-4.395490278638923,-4.397992272893355,-4.396567357068081
2011-03-25,-5.036200456368654,-4.557901948332994,-4.678985919783919,-4.5600432427815205,-4.607324161055047,-4.659924122090047,-4.709693565962997,-4.55915183578843,-4.611980224222012,-4.5060150899034035,-4.579932445041357,-4.574260004643509,-4.5801829547269755,-4.581546246370652,-4.580319541684199
2011-03-28,-5.0364674798336155,-4.611524387877414,-4.7382054690548205,-4.616962634291713,-4.631227546661226,-4.778471638521763,-4.7809223826859855,-4.610662539005401,-4.6565531448475435,-4.516685919273143,-4.63554087620551,-4.625384496990023,-4.636180202744664,-4.637024856628253,-4.6359529759012394
2011-03-29,-5.059744971764132,-4.571626444313782,-4.677219743407035,-4.568130926344952,-4.646982467357054,-4.676411779351089,-4.72774196543256,-4.57293312747429,-4.641664370870534,-4.504893647640229,-4.590455332565127,-4.584215949291232,-4.590432627241924,-4.591821839686008,-4.5905164125935
2011-03-30,-5.052645014479765,-4.682622725837845,-4.662252753234545,-4.6794416464557465,-4.72752219700684,-4.785309980186653,-4.679484338252233,-4.682761389304224,-4.7509176984337405,-4.621218424184819,-4.678515857298388,-4.679451139010936,-4.6783629849996995,-4.678818736634341,-4.67784032111104
2011-03-31,-5.0136003950970345,-4.766108158735829,-4.766848870254634,-4.763344642732849,-4.792599799613778,-4.844986189079987,-4.76116196989786,-4.76611925705009,-4.827385844313311,-4.712449684611704,-4.763601293613511,-4.767068215195451,-4.764101699353577,-4.76368052994072,-4.76303716232823
2011-04-01,-4.942431552994891,-4.712525604336533,-4.736081011505729,-4.7107734687160505,-4.773367455214603,-4.840502133850398,-4.803010559124438,-4.71234685317836,-4.750696473508602,-4.669327751299542,-4.720846434935859,-4.713958966458936,-4.720782128858725,-4.721629493341315,-4.720966097543985
2011-04-04,-4.828284201899006,-4.8136154908857085,-4.765307843532394,-4.81406113705616,-4.827127906029876,-4.971241764489718,-4.825750456939036,-4.813527847765989,-4.832545271659508,-4.78407684405735,-4.810747293655787,-4.809394318940906,-4.8107895820820525,-4.811396095953421,-4.810887865108509
2011-04-05,-4.773580044793123,-4.72852728003552,-4.786486113099709,-4.725154834244492,-4.73252011574676,-4.889196306962809,-4.840496486509646,-4.728079014956336,-4.741720464212137,-4.70374227552096,-4.741291372410995,-4.735125840201157,-4.741920204408974,-4.74291032836185,-4.742153465141134
2011-04-06,-4.7571999471218245,-4.752755404814368,-4.723120603500312,-4.744436636206518,-4.782956739110294,-4.951225791478061,-4.732917525600772,-4.749784552142079,-4.796962231440667,-4.674913446125401,-4.747662985762665,-4.749440854401658,-4.747755049100294,-4.748927847548479,-4.747761455487799
2011-04-07,-4.834918201803171,-4.256328816159569,-4.517930365432956,-4.2611560096123,-4.270120286203669,-4.349888699996732,-4.6449421644629645,-4.256174606651241,-4.283725535889626,-4.241544634992571,-4.3091849733162535,-4.28873953177332,-4.309048671748991,-4.311882793420021,-4.310754682651105
2011-04-08,-4.8178130911476,-4.387683868424977,-4.685248343390421,-4.3885394395522965,-4.409851823378364,-4.514798764538576,-4.77027445066719,-4.38604809419412,-4.418383441073989,-4.3464892238849036,-4.442577345682954,-4.422888848904828,-4.442421729751237,-4.445650632556145,-4.444197981195907
2011-04-11,-4.784901776044573,-4.368543104049856,-4.600137910424833,-4.36788864818974,-4.490270306167808,-4.516487882876916,-4.691464475783699,-4.365878524781503,-4.4786741045969976,-4.283388090987846,-4.411999164465635,-4.394168996998403,-4.412031945118502,-4.414706578228258,-4.412768981257107
2011-04-12,-4.766793062287989,-4.276036425089729,-4.425791138477465,-4.268532845984203,-4.326002041123927,-4.421696906846231,-4.460450635914617,-4.2720675602383995,-4.348328328362599,-4.191047618216702,-4.301254315326465,-4.2948569510919015,-4.301228333149751,-4.303540392461909,-4.301688964009204
2011-04-13,-4.759822831299475,-4.263138322796301,-4.402942691123099,-4.269877670762619,-4.282233098217835,-4.405864481822215,-4.485115161209177,-4.264459946769216,-4.311535913254514,-4.1894718115175005,-4.293347782826916,-4.2762931592610975,-4.292776178887953,-4.295458553739611,-4.293678667363177
2011-04-14,-4.735298793592067,-4.34259846648216,-4.518622391605028,-4.347904482058025,-4.425568281696254,-4.441006139408286,-4.587729302128552,-4.342388341958802,-4.423722412148872,-4.299965346804123,-4.374944122306708,-4.364131135007911,-4.375425966942904,-4.3769598532301215,-4.375412378573804
2011-04-15,-4.737545439515144,-4.447526393612087,-4.560093995464677,-4.456419674613175,-4.517871687790354,-4.535243907498853,-4.6730005106455295,-4.451386257997622,-4.494858262039845,-4.427507498096234,-4.474499475169493,-4.462641082231576,-4.474490025438083,-4.47644407939732,-4.475244859057506
2011-04-18,-4.739884730317296,-4.300497006408694,-4.430029798020821,-4.312040039575819,-4.3496144973643736,-4.382688610368809,-4.489042262631322,-4.302301953977773,-4.3254467964578165,-4.271463628352411,-4.328524834212745,-4.316973222728199,-4.32848490071433,-4.329392442050272,-4.32854346095922
2011-04-19,-4.711913582486983,-4.621326752066456,-4.514423638315701,-4.643080447092319,-4.6073562197194295,-4.729321398084736,-4.532116553191424,-4.632385203861345,-4.643212259919563,-4.576677957341283,-4.607849838983301,-4.6179501844360615,-4.60855368851553,-4.606788257111855,-4.60652576576841
2011-04-20,-4.680347828436401,-4.701976341946785,-4.506533871522755,-4.721793719679723,-4.72666083410489,-4.773340187090385,-4.534373304567708,-4.709869414545423,-4.744466479137413,-4.688635653327473,-4.673993421972713,-4.688603093929352,-4.675400296775279,-4.671531323877585,-4.672292320194665
2011-04-21,-4.656796633726923,-4.798413677662751,-4.60839136063059,-4.8242665635277096,-4.7699878066428125,-4.952427143520146,-4.611893931584027,-4.804586715263524,-4.800153902366451,-4.761121832732883,-4.7702700004818634,-4.79555795392394,-4.77055345167188,-4.769372267658656,-4.7691027877555
2011-04-25,-4.631810792575076,-4.858793637082853,-4.796879836822599,-4.88162335359554,-4.893719099308547,-4.940595118452395,-4.834302470549586,-4.867702882590771,-4.902890185965997,-4.824890251430258,-4.855387323217123,-4.858569880981868,-4.8562304854206975,-4.855262643943139,-4.854639258044667
2011-04-26,-4.604427787918541,-4.9713951818286946,-4.757241555244078,-4.974151654584771,-5.017385443635648,-5.0671414170719595,-4.689417730365778,-4.9728879443372245,-5.043664661500596,-4.937538569677745,-4.930284417839397,-4.955956204429606,-4.931066392436088,-4.9278756470909535,-4.9282498841152425
2011-04-27,-4.609724163366582,-4.8077354269299235,-4.660002419390552,-4.81244846910176,-4.912848517001331,-4.9452409775353585,-4.664215080006068,-4.808933721806417,-4.88959724834958,-4.736265061562659,-4.782122540979845,-4.798940284427889,-4.782676060594955,-4.782570809544762,-4.781426664205588
2011-04-28,-4.6019035070086804,-4.883661810822365,-4.628144941072086,-4.893627377438429,-4.99180280522202,-5.0330646981266165,-4.602648023331829,-4.8860560539633955,-4.982443853009037,-4.815247392171187,-4.841440604896648,-4.869195082061244,-4.842809912789484,-4.838362246130183,-4.838986723993264
2011-04-29,-4.547755940980352,-5.099663754926611,-4.588519815145159,-5.097347993617592,-5.2037342146772385,-5.1750122500572635,-4.513422371942338,-5.09492507224261,-5.162253307838589,-5.0893480050281985,-5.009478149100768,-5.041354740733738,-5.010565346122755,-5.005973981456413,-5.006354128216674
2011-05-02,-4.508199966584106,-4.808515465111548,-4.678769085493145,-4.808052789864439,-4.914877110033625,-4.904600894087921,-4.671800240670426,-4.804083421879315,-4.889991238969397,-4.75841207052008,-4.786521972465158,-4.7999261374064375,-4.78727709763356,-4.785414444266471,-4.7848721009327475
2011-05-03,-4.499391802111196,-4.581781360769632,-4.59798830554227,-4.5881213059250765,-4.691787424449176,-4.613951790978856,-4.617395833832474,-4.582015533109968,-4.682480721914131,-4.52275955667173,-4.584403583160654,-4.587359173056945,-4.585085097050894,-4.584796495997655,-4.583641058060981
2011-05-04,-4.523455547821688,-4.347179301112483,-4.355032122653158,-4.33884375984466,-4.472083150807508,-4.441481495332271,-4.380713154784462,-4.342659964494449,-4.447742161983624,-4.288069725497568,-4.34543031565919,-4.347414617622569,-4.34567694032837,-4.3470948447797415,-4.345419115909607
2011-05-05,-4.5889507471042625,-4.104971947138364,-4.217792919327765,-4.100602375444231,-4.270742881557602,-4.227306855395912,-4.2761248212283185,-4.096970126926694,-4.247052185808235,-4.025520320680586,-4.12476425564576,-4.115101996884931,-4.124390693549086,-4.127891272886989,-4.124991933443547
2011-05-06,-4.592925046779779,-4.1107109387816365,-4.244063120918523,-4.110192610033463,-4.239379889397414,-4.213915389935634,-4.323871986617338,-4.1077301444264265,-4.2443401955988875,-4.0406809769030065,-4.135415133601122,-4.1236084983547645,-4.135699407444616,-4.138769410734586,-4.135159496023422
2011-05-09,-4.59871249471924,-4.247163387420525,-4.4788964639939675,-4.256401677940913,-4.320582253821358,-4.35732727142858,-4.55753759180352,-4.247295704354135,-4.321392912008952,-4.193595849056388,-4.2916704016217695,-4.282213648943482,-4.29281296934759,-4.295399971262139,-4.292282236106362
2011-05-10,-4.546837302643561,-4.447020572260273,-4.495743422741633,-4.454127086743458,-4.554135325320097,-4.533111273312272,-4.539368024772824,-4.4489534989391215,-4.552614208088037,-4.3842852006417035,-4.459335808401374,-4.459967539989154,-4.459767375917105,-4.462179507821781,-4.459039007433053
2011-05-11,-4.541514099378015,-4.218307505503716,-4.458751847191272,-4.227662161301682,-4.273762262311442,-4.334695269011024,-4.529776910656256,-4.219721703384441,-4.287565944745493,-4.1362708481801045,-4.264065413898501,-4.251967362782718,-4.263772544835215,-4.2696352998415925,-4.265002520953761
2011-05-12,-4.578747056868831,-4.227408618411844,-4.402912438805002,-4.228850254154349,-4.312716348899412,-4.350644394380056,-4.445966036937062,-4.22941236597916,-4.311792565912789,-4.12059484986795,-4.256960797624838,-4.2593845191877815,-4.257191155708801,-4.261894551878749,-4.256619224319902
2011-05-13,-4.543164402647937,-4.241630275846767,-4.541445316780548,-4.233615436473601,-4.3628546753426924,-4.320336867662465,-4.608268415310786,-4.236046008824998,-4.360471611152992,-4.174413450727735,-4.292565909920916,-4.281467802570781,-4.293196193225215,-4.29800750379148,-4.292576342171696
2011-05-16,-4.474564502348744,-4.271497473937515,-4.464529436322963,-4.277975226021881,-4.34587296891724,-4.337138234162619,-4.53680360299575,-4.272763237358924,-4.368983624149255,-4.201246077454223,-4.307886858669171,-4.296462285020073,-4.3083446135871295,-4.313772802468624,-4.30835642140253
2011-05-17,-4.464718238387507,-4.144193368473416,-4.283684324072183,-4.142425395419672,-4.252643978526122,-4.236648402557705,-4.32468526964974,-4.140244611554891,-4.256190820554509,-4.075749047944053,-4.16726607867454,-4.164405185039249,-4.16749383585239,-4.171170997864166,-4.16676263934641
2011-05-18,-4.447406759674416,-4.331682457827035,-4.462949561320035,-4.3335207804239175,-4.435980173056593,-4.404750923387403,-4.504503366678123,-4.330189151497098,-4.431816329676238,-4.2645029924949025,-4.353548631102394,-4.3503770592886735,-4.354102070823418,-4.358221331467472,-4.353454248141654
2011-05-19,-4.4760699854341075,-4.220783158788533,-4.621372510136432,-4.217166121401451,-4.334795075946441,-4.304151402230634,-4.751755330833615,-4.218125803416086,-4.322038552079872,-4.151666288165574,-4.293450152493899,-4.27883443649513,-4.294749624997562,-4.300988320011011,-4.294383985965107
2011-05-20,-4.478920382023105,-4.300459446341855,-4.537644580022736,-4.293564056608608,-4.387611176291281,-4.357983525197156,-4.643940315199088,-4.295189451974939,-4.3868190037167265,-4.25907735857525,-4.345108213340458,-4.329041241898468,-4.345213335096501,-4.350877833004495,-4.345869591869614
2011-05-23,-4.35710890144434,-4.290767172001524,-4.609459468729478,-4.288974972629686,-4.368805998726861,-4.390723859081843,-4.731860508668633,-4.289514967296282,-4.3430082590015076,-4.219222034435625,-4.352471726106511,-4.335345045490717,-4.352432110302786,-4.35944480349318,-4.353533910783258
2011-05-24,-4.3263101270584,-4.3789098488708245,-4.580205658558914,-4.381404668887174,-4.438052436530762,-4.44730345978777,-4.665022760355435,-4.37788380697439,-4.425685235308008,-4.309651240669305,-4.419328868330365,-4.403677174005948,-4.41972399088422,-4.426060651857792,-4.419919425941312
2011-05-25,-4.315957573261975,-4.351106704466754,-4.582462181951097,-4.357913681538673,-4.394179180262584,-4.350954489379394,-4.667141319341901,-4.358850318297303,-4.3972812300429664,-4.306985995749517,-4.396467089454286,-4.378931209651246,-4.395669846686158,-4.402560039931484,-4.397378553787031
2011-05-26,-4.328340947869623,-4.333660690964258,-4.633360956444053,-4.333868429571826,-4.408771345395228,-4.386271303641399,-4.740267977554811,-4.334528106493536,-4.423565937368053,-4.2907516166270145,-4.388903968003443,-4.376930029536238,-4.389518219715503,-4.397045623351918,-4.390285130236237
2011-05-27,-4.320877523795713,-4.516232651752911,-4.729915936286716,-4.516678494713712,-4.570394645815674,-4.547131880048945,-4.759310341214264,-4.519053905396408,-4.5793987641133524,-4.468152850719378,-4.551900795333864,-4.539663909702589,-4.552652169235142,-4.554541430181218,-4.551388605584852
2011-05-31,-4.305261109502275,-4.517208581060238,-4.729446673171387,-4.518313873910581,-4.573150811937194,-4.575609100035704,-4.753559349472955,-4.516065510059308,-4.555809006725858,-4.446316026546107,-4.555051577734845,-4.541846234781749,-4.555220580913067,-4.558851845754231,-4.554904274251138
2011-06-01,-4.328407032740964,-4.258429794050129,-4.550266648841719,-4.260112474988674,-4.3015706605199995,-4.290055306304846,-4.636404040370455,-4.258953531934854,-4.302287731285995,-4.22237809971234,-4.311907699039066,-4.297431091902194,-4.312351669072898,-4.3164442456597465,-4.312445069447093
2011-06-02,-4.350827988669934,-4.192727314830414,-4.328731170710873,-4.196187865886826,-4.190870931880973,-4.228131104538356,-4.379665226868018,-4.196188791894984,-4.205360968337118,-4.141141025734616,-4.217938244930929,-4.207576899642463,-4.218398953396837,-4.222139645868434,-4.218144684094243
2011-06-03,-4.3642932149197,-4.228843889194487,-4.4416344923474425,-4.237024609365619,-4.268410962774982,-4.254940664512153,-4.5049206913708,-4.23223821402497,-4.283352154726116,-4.19967045346529,-4.266440040181985,-4.260073042794142,-4.266731659300306,-4.270285301585651,-4.266983226261599
2011-06-06,-4.391819315177764,-4.2356280518345235,-4.436631894210025,-4.2573304487123576,-4.240688684726742,-4.281339346830666,-4.54480421735398,-4.242758286913828,-4.275296833968517,-4.168129888847928,-4.277256100211082,-4.262595439946652,-4.277172986103589,-4.281714963523458,-4.2778951349770695
2011-06-07,-4.387627513863752,-4.308067029977998,-4.427083858388522,-4.312487526816313,-4.31880662013519,-4.358690652068292,-4.489875656476179,-4.312482595029082,-4.3372653632578055,-4.23497729516532,-4.335781018320588,-4.323844548427184,-4.335587529784723,-4.342102032672045,-4.336273487006555
2011-06-08,-4.395228176779109,-4.160682571592537,-4.410229629323662,-4.180106910447947,-4.206882706150761,-4.202712815847981,-4.493669865239689,-4.16770856681986,-4.233192513095866,-4.073280184554796,-4.208097955386776,-4.198441701894339,-4.208365762914031,-4.214758467580755,-4.208480281404682
2011-06-09,-4.356286351438778,-4.396564338079728,-4.520726725123957,-4.414051901289102,-4.37432657632211,-4.40951907837229,-4.587622664333754,-4.404767490318642,-4.400768644681645,-4.381165801895601,-4.425219597239131,-4.417047832617465,-4.425408451872246,-4.431262723361088,-4.426380800414416
2011-06-10,-4.373458446295777,-4.159119763318335,-4.366367743167959,-4.1873588098769,-4.123018598113923,-4.1595115980514565,-4.487227330923872,-4.170111498037125,-4.162409750739325,-4.14676751414158,-4.205840497309661,-4.188670050988469,-4.2054864849848155,-4.211930200228647,-4.207073149293029
2011-06-13,-4.339096248206823,-4.181436041986661,-4.4892463614660185,-4.202299117808374,-4.206174707220854,-4.208857932921714,-4.576782258407166,-4.189038015264981,-4.216362966840908,-4.11462193116789,-4.2407603172015325,-4.223923983897645,-4.2407820685268645,-4.251098611365173,-4.242215568728484
2011-06-14,-4.302304460882983,-4.393925238704079,-4.535437213486237,-4.422621168165134,-4.337996327452509,-4.430113024228245,-4.585378334903187,-4.407198726096356,-4.391071948648122,-4.320782459173407,-4.424713113020236,-4.420520092794245,-4.426047233092143,-4.431071950314594,-4.425042788200044
2011-06-15,-4.338677324935095,-4.027970493804034,-4.403305131624421,-4.04266099765042,-4.075592386138082,-4.044146872173232,-4.543222329465607,-4.033442532119039,-4.093204362222609,-4.007574946844741,-4.102702563285393,-4.09601794414621,-4.102853163821288,-4.110395451453567,-4.104587899515449
2011-06-16,-4.4078894751474325,-3.8621142768219054,-4.283156195971918,-3.871864753434201,-3.924181534132823,-3.846529537954108,-4.42118201356852,-3.866429003397313,-3.9352405218331623,-3.823967507018574,-3.943550746634575,-3.9256999011732345,-3.9431934203162147,-3.9559080867949454,-3.945921442380421
2011-06-17,-4.448237458676863,-3.9714673686778825,-4.255341198007831,-3.9771711470232467,-4.035610107848316,-4.021520526642478,-4.350988680136338,-3.973909256142588,-4.036747840209808,-3.8949605727159695,-4.026627502573144,-4.0061230691135155,-4.026563135294582,-4.035651765467687,-4.028347262035537
2011-06-20,-4.437407110819317,-4.06151826461687,-4.446505200515308,-4.078371506225945,-4.049390996791874,-4.096681810722271,-4.562654436367333,-4.068629353196127,-4.091206261072984,-4.009899423417265,-4.136967050939368,-4.125458391174269,-4.13682022751224,-4.1467642818168144,-4.139163972301508
2011-06-21,-4.433806909793436,-4.267148243456223,-4.346316095787795,-4.2669692699323765,-4.339381521104687,-4.323290435612655,-4.389770337346752,-4.263075467735325,-4.348500156094461,-4.229221227399307,-4.282573238130182,-4.280810950439973,-4.28242964267822,-4.285460517600858,-4.282792015880533
2011-06-22,-4.435121773424359,-4.195122615285029,-4.474866569242678,-4.2027791584185055,-4.231462246467507,-4.227822029811998,-4.582245776876049,-4.1994326820510945,-4.238863971010133,-4.130540027913057,-4.251775892834821,-4.236196370275277,-4.2518241317884895,-4.260342915183821,-4.253494392670395
2011-06-23,-4.579011267987611,-3.7458258322394866,-3.909572478889994,-3.731068361458928,-3.854230240279655,-3.780048836840033,-3.999738444188965,-3.737989521687073,-3.8220503281596567,-3.7248146199132095,-3.7796534875732797,-3.7637777445614384,-3.779322343043677,-3.785430383658508,-3.7811584271365195
2011-06-24,-4.55975537580909,-3.950273045849335,-4.340519788238675,-3.953798780836677,-4.059078384749768,-3.967162528134761,-4.469057023289208,-3.9500936557199733,-4.033673454163069,-3.937386756617815,-4.0278541702189115,-4.009216048412966,-4.028052687364412,-4.034523548923282,-4.030283370790507
2011-06-27,-4.56255464033525,-4.034643286487475,-4.339331554245064,-4.045712076761693,-4.069098157967985,-4.094224850987694,-4.473691132391343,-4.034956040138112,-4.06012262166281,-3.98559994361848,-4.1003953742815185,-4.076840053434695,-4.100320642191514,-4.107984731099618,-4.1030000223485406
2011-06-28,-4.467130945837207,-4.174389388810495,-4.45064528904286,-4.17222414327971,-4.227398015650929,-4.204178074692133,-4.531564021218056,-4.174667318462078,-4.192968594635024,-4.134206839146717,-4.228001294635324,-4.210966627812489,-4.227834152849289,-4.233920796904576,-4.229679604865681
2011-06-29,-4.3577433772656295,-4.1410914030526875,-4.309457147874655,-4.130905570668951,-4.104414636442608,-4.214816806960966,-4.334199415092614,-4.143004181632947,-4.1162209353814045,-4.026925901044768,-4.1714925065425525,-4.162355356665483,-4.171514664610708,-4.17645137001274,-4.172482473963384
2011-06-30,-4.313789839000342,-4.224291905082604,-4.587702669350785,-4.221693778158657,-4.309609204339233,-4.251271218671331,-4.6979143691692755,-4.22160684477649,-4.267846694771832,-4.200166719535808,-4.291580732268091,-4.275839972575003,-4.291747634095148,-4.296141911685752,-4.292816068466189
2011-07-01,-4.18838161929847,-4.38328346798747,-4.4831563811130355,-4.384802618422881,-4.488080577206853,-4.415805136351203,-4.546961053793386,-4.383483112039475,-4.455667926655942,-4.336924407084473,-4.400760795248632,-4.396688761032387,-4.400951149648555,-4.402408030805368,-4.400824302847016
2011-07-05,-4.014644532143667,-4.382993310549759,-4.6338935945852535,-4.380589769000622,-4.472631215541121,-4.385184407781196,-4.706524691565872,-4.382297449344216,-4.466095065304339,-4.356160428065394,-4.429747779666253,-4.412347557068585,-4.429791945564967,-4.434376284688963,-4.430610386685316
2011-07-06,-3.561934896543654,-4.379951978168051,-4.664826103048156,-4.378161372692501,-4.424936258156412,-4.390758666909141,-4.7216993660836515,-4.382021736917881,-4.414385942736086,-4.3294960267263365,-4.432410494419951,-4.424870156051625,-4.432669406768687,-4.435576089775855,-4.433544620560921
2011-07-07,-3.227532062418227,-4.709465643266131,-4.583543707484392,-4.694631892388955,-4.7565483102825405,-4.728229544761986,-4.5762990259018785,-4.70857590145013,-4.743606749184256,-4.676518223442496,-4.683598202065475,-4.69697473878958,-4.683869917941533,-4.683562236420017,-4.683504986199417
2011-07-08,-2.9469682615441664,-4.433132237239842,-4.621800826817979,-4.421058361200493,-4.531781648786232,-4.446514380114977,-4.668054887686214,-4.429767322974862,-4.505505749382059,-4.401156045002491,-4.466745003278284,-4.451255696638762,-4.466707428301824,-4.467366795115938,-4.4672873184236845
2011-07-11,-2.8123559930218573,-4.307573224113345,-4.579924104814552,-4.3049294966648946,-4.408060652598404,-4.319700571557269,-4.638026766110855,-4.306816029263016,-4.382449325317575,-4.272304858357975,-4.35618658871849,-4.344005154266304,-4.3568472136521725,-4.356183732820409,-4.356937414491292
2011-07-12,-2.738389622836171,-4.146590267895343,-4.2691755700872225,-4.138818662142796,-4.232907252887148,-4.151426618579185,-4.296273331813941,-4.146198084693943,-4.196699853159625,-4.149637664609733,-4.163784223103935,-4.164710422259093,-4.1644425920104,-4.163251335936035,-4.164228345042665
2011-07-13,-2.698357156895426,-4.234618758677473,-4.458665640975662,-4.235722939241875,-4.280311464395854,-4.236702771868095,-4.507720414174159,-4.234654973467551,-4.2956545452387696,-4.236033302958185,-4.272558553026392,-4.262397045255349,-4.272388379395507,-4.271832063241601,-4.273023798660003
2011-07-14,-2.7017381967839675,-3.937969951934324,-4.206819546584749,-3.9311205086374117,-4.023380928317151,-3.941695503340085,-4.256923304595326,-3.938906082551128,-3.9319459462015818,-3.828733458473472,-3.984622520238842,-3.9775541119084776,-3.9850789718323156,-3.983980556273983,-3.9851479374485286
2011-07-15,-2.682872440019749,-3.9762572564996193,-4.3199095890915835,-3.9699622773407683,-4.055144654356567,-3.9752017863785234,-4.3919055396762054,-3.979415820256275,-4.040608976298122,-4.068621241899854,-4.038651181765506,-4.027728926436601,-4.0394461355748925,-4.037414184512123,-4.040099935980665
2011-07-18,-2.671703012822643,-4.077987873185089,-4.2730745528686205,-4.085887003568487,-4.1529418186259655,-4.075507128959451,-4.299310715856908,-4.077421912927824,-4.118283404288742,-4.09204355668142,-4.112918859326537,-4.103365632051972,-4.1139573542315615,-4.112422437510527,-4.113116933682222
2011-07-19,-2.6218763037149917,-4.203900344031888,-4.309985846770571,-4.215869157906811,-4.211516565799797,-4.2016450236360985,-4.3303552668517,-4.19589476181096,-4.221843803278038,-4.245996621009658,-4.223260717044969,-4.2209560630030065,-4.223757633172516,-4.223085628417656,-4.222796343499674
2011-07-20,-2.5789523352840926,-4.311886392086827,-4.364585397014435,-4.312093041364932,-4.35323965430456,-4.299515881239482,-4.362668615012591,-4.308915964728728,-4.353128771225735,-4.3191704070296115,-4.317219616019698,-4.3236276233340165,-4.31846632414355,-4.316594142195888,-4.316801755634114
2011-07-21,-2.5551986941346807,-4.152684642527719,-4.2525801176853655,-4.150147126037311,-4.210707514900956,-4.133402012378577,-4.2884125022371915,-4.154941098685295,-4.226839508035367,-4.255096986739574,-4.169883455846084,-4.1668635644010665,-4.169998808139128,-4.168895927990187,-4.16986089608324
2011-07-22,-2.5258456166567784,-4.442118551355405,-4.575819092416896,-4.440915045631672,-4.5186534752193355,-4.393846237164293,-4.570267328713173,-4.4489036647852975,-4.487789132860551,-4.463222014827451,-4.462857148839962,-4.462747977229347,-4.463277403898638,-4.462114014346005,-4.462873088896195
2011-07-25,-2.5074965117300936,-4.372155790547238,-4.68853627725134,-4.376031039763967,-4.46672560525968,-4.350134485900234,-4.718307490857406,-4.367277091457712,-4.434507166747713,-4.281687812520853,-4.428490851091084,-4.420648518009733,-4.428626444325531,-4.427372884221176,-4.4293462242781745
2011-07-26,-2.473680565132274,-4.431603151651068,-4.533825871998874,-4.430912473765947,-4.514343143838222,-4.402045249603295,-4.5324227166169,-4.43099320582959,-4.522345314566527,-4.3420823828634125,-4.447072746270512,-4.450020799928657,-4.447798850780456,-4.446397936383943,-4.447336229492531
2011-07-27,-2.4399348916705286,-4.069834316342856,-4.240707188949766,-4.067865753292746,-4.1942579337505235,-4.049922235285105,-4.250184066763106,-4.077409579333424,-4.183587042920058,-4.049787348616802,-4.0956558510110606,-4.094990788174844,-4.096268414177655,-4.09449262969865,-4.09645511915206
2011-07-28,-2.439273847299305,-4.241470533762897,-4.217233327107882,-4.244685887751064,-4.407362889726745,-4.247999218118713,-4.286869631746881,-4.250212681597482,-4.371162235778697,-4.289069565534477,-4.241561702159677,-4.248650518057137,-4.241810925238042,-4.241224506721484,-4.241586807205055
2011-07-29,-2.43285230039182,-3.867117579666632,-3.96078918075003,-3.8684610814360814,-3.9898097579159035,-3.872050478923255,-4.050114295629541,-3.875791259785443,-3.9488282247137905,-3.9381192034804946,-3.888224380654065,-3.8801467814991906,-3.888567408385226,-3.8869909954079715,-3.889035654581123
2011-08-01,-2.4340230408191075,-3.6827651614919126,-3.719521917205324,-3.6825443016366615,-3.8266268680767577,-3.695678794916378,-3.798731565440635,-3.6971007593993983,-3.7626759085144976,-3.7504460739491265,-3.6929996547331614,-3.6868409496122228,-3.693068755892656,-3.6921204961882292,-3.69336865149039
2011-08-02,-2.4170103096490743,-3.730949426200766,-3.904007089458756,-3.7313237649963606,-3.8545731616463197,-3.755715695381685,-4.008720618554823,-3.7380957573059,-3.816284202825826,-3.738077679137329,-3.7664874607074412,-3.7540280437383524,-3.7667658257402845,-3.764913381385915,-3.767586408144199
2011-08-03,-2.4273053538357594,-3.4731440227655708,-3.4546268093813683,-3.4703164778961235,-3.601401195481005,-3.4953547593489978,-3.5084238954077556,-3.4869506944842037,-3.564609554746245,-3.446448432809206,-3.4708718854401717,-3.4711513728484453,-3.47087116249993,-3.4696465069242177,-3.4714685096023397
2011-08-04,-2.447863774300689,-3.217245434886244,-3.3702341511060365,-3.2144772740508465,-3.389835063531524,-3.226469643036495,-3.448578798129619,-3.2331852314722673,-3.326473518005282,-3.0922034295227596,-3.2475240680910358,-3.231760590492117,-3.247672569312138,-3.246311751129174,-3.2486230290114646
2011-08-05,-2.5703297044948368,-2.6135285216497706,-2.621609050575469,-2.6091454860269394,-2.8164675732220172,-2.5692537893031275,-2.662870422848732,-2.6415425075392944,-2.7600993911765785,-2.524333513213143,-2.6144261496013455,-2.6094698629028903,-2.6150430599974364,-2.6137322071435265,-2.614830088050559
2011-08-08,-2.7013237588895542,-2.403802230184307,-2.552423499763317,-2.402410386221295,-2.5153779731328774,-2.372607476352225,-2.6251380976530885,-2.419246386589196,-2.4659077151348043,-2.417742954365239,-2.4332746998568937,-2.4216536846357246,-2.4329730913441745,-2.4321282250133267,-2.434145304571883
2011-08-09,-2.867390154632693,-2.206963021601494,-2.133789124731344,-2.195237237919023,-2.3727252344249163,-2.208436839693494,-2.1802167454529515,-2.243090935931738,-2.2988931828592643,-2.26787676470049,-2.1941499692553683,-2.1944597775937424,-2.193858936208897,-2.1936323682238243,-2.19421913902127
2011-08-10,-2.964494939796975,-2.2663731773164075,-2.3569676415860052,-2.2594442527139478,-2.4198703028932016,-2.2645987898831668,-2.4419664465955715,-2.291711393502791,-2.3286829203326658,-2.2763520134258344,-2.2854280498706214,-2.2733088791954876,-2.2855118291339744,-2.284529740513881,-2.286300281813786
2011-08-11,-3.01816339312044,-2.344870797389016,-2.5981091241557737,-2.3411678906252433,-2.4826206668333715,-2.349404182129263,-2.6965058659275436,-2.360171404134226,-2.4210433132264733,-2.347324469805437,-2.392895220875989,-2.380586618125431,-2.3923724288694737,-2.391709164588416,-2.394149860028615
2011-08-12,-3.0374514847815104,-2.5360899327827022,-2.8591091761015694,-2.5351899281133314,-2.6197468756698,-2.5364835268135657,-2.9840877176660383,-2.537542711011187,-2.5737803532302985,-2.547739416725224,-2.6007950020224455,-2.5878166402325817,-2.6004443091196854,-2.599687496534697,-2.6025104028954456
2011-08-15,-3.0273287548039454,-2.979955934590547,-3.331234439902822,-2.974305444785587,-3.048111282984382,-2.948460320278933,-3.411201570175697,-2.9950033158133014,-3.0171328326252325,-2.9540794606444685,-3.0458034408576404,-3.0310556651438567,-3.0457557613204997,-3.045322106474446,-3.047170368000986
2011-08-16,-3.046829087797586,-2.8982584046703783,-3.2805312362489105,-2.888662775591304,-3.0183595683128766,-2.85205372053002,-3.4020612402149144,-2.920309117147067,-2.9706938056755825,-2.8890936657430637,-2.9708067749949376,-2.9581514181335287,-2.9706498753392467,-2.9702846429037986,-2.97259490063935
2011-08-17,-3.041868572066984,-3.15767767386477,-3.5990879614455156,-3.1481563951938276,-3.247960245185295,-3.1048831884046146,-3.7254310459242275,-3.1747813138156533,-3.222149038194902,-3.093578148654836,-3.2429291522819756,-3.225143169946533,-3.243297342777564,-3.242413106717213,-3.2450030050185643
2011-08-18,-3.094506677277128,-2.904186549060781,-3.071238993434165,-2.881128522524053,-3.065763627122882,-2.8720637161297375,-3.1407369250709,-2.9333998349535233,-3.000911630625181,-2.9529321494880025,-2.9342711949548828,-2.9204957018909163,-2.9347709567796354,-2.9341155427248395,-2.9351751869676206
2011-08-19,-3.0941480146648552,-2.921023802854698,-3.0805301369510687,-2.9094014939334087,-3.0515609907493366,-2.852999413448845,-3.1364933606965364,-2.9401144849801844,-2.9953445897417215,-2.9277639920204708,-2.9492600957775177,-2.937872234333029,-2.9488997124546725,-2.9493212708397953,-2.9497467383920912
2011-08-22,-3.062751951144043,-2.9556626426883326,-3.292717544227843,-2.944402154647087,-3.0559336609492003,-2.8956572777795135,-3.3583689116718074,-2.9717170062628275,-2.993408609173317,-2.8926333847510324,-3.019734290472643,-3.0119397895739874,-3.01917802650142,-3.0197734558014417,-3.0208018220504935
2011-08-23,-3.0521544366494666,-2.9259743300955012,-3.1838380715659005,-2.92096693432184,-2.9913167491347283,-2.8705349642744333,-3.273326967707798,-2.9342135688770283,-2.937652288775771,-3.003966668727391,-2.9790220952178625,-2.9703592837249815,-2.979130223634707,-2.9792674293157533,-2.9797496574383655
2011-08-24,-3.040139891771765,-2.9858181376676596,-3.1944355053368,-2.9833490430478085,-3.0668773135439205,-2.9033660967160237,-3.2602899469238755,-2.990655993374799,-3.00628090010434,-2.975267307755203,-3.026928002240318,-3.0138758119602382,-3.026875692713224,-3.027014658277023,-3.027647209374946
2011-08-25,-3.066602092586717,-2.8737484802685143,-3.1667959757731095,-2.874380559633683,-2.9066974889329145,-2.8179699973617947,-3.2440309149569644,-2.870557664211018,-2.815296333302386,-2.8048580713440274,-2.9346894156589203,-2.918554033908577,-2.934575729293876,-2.9351076293154557,-2.9357414887060758
2011-08-26,-3.0964870922202237,-2.808827869877103,-3.051456490885913,-2.7937215304756564,-2.940510702395232,-2.7715151661272786,-3.1291204807737385,-2.819357163429408,-2.8623873887069036,-2.8505824472549377,-2.8568328725266268,-2.8386123618084564,-2.8562763076525473,-2.85711316246849,-2.8577208060578925
2011-08-29,-3.0350512997449295,-3.3254605166114866,-3.7143246314818597,-3.317156973663497,-3.394323755037692,-3.2626400668948,-3.80556612766315,-3.327569143798201,-3.3357242496164927,-3.2399692519559107,-3.402588096208813,-3.3936966052709705,-3.40265608609051,-3.403240380747693,-3.403882219762135
2011-08-30,-3.0064130601445407,-3.049186927867314,-3.3334844126806584,-3.0507163731668476,-3.141219609165411,-2.9687927337420943,-3.408565315590556,-3.053121330424334,-3.081949646596441,-3.009601623819198,-3.1078208630359527,-3.0944651825205685,-3.108263994472849,-3.1080567333761273,-3.109019638793141
2011-08-31,-2.949659217281673,-3.102353932877819,-3.4371840162395433,-3.0946931542369,-3.2227366184480166,-3.048002370019496,-3.5444577013969973,-3.1097506545307687,-3.1445731623445687,-3.0379988552752257,-3.1705067183611035,-3.1486291461673126,-3.1701688978960654,-3.1707126474699363,-3.1720482278746847
2011-09-01,-2.8667555085042182,-2.9952466301216103,-3.3244969188077165,-2.985002361777604,-3.1544371104436317,-2.9649726994188006,-3.43643836077041,-2.9990395624525257,-3.0606001432182537,-2.9558992072648334,-3.061691456456637,-3.0467998105649983,-3.061244432586679,-3.0616215612010667,-3.062797318950704
2011-09-02,-2.8430529956119432,-3.2744082140144766,-3.6188664207422616,-3.264470325713823,-3.3844440348098916,-3.205165399729362,-3.6938056296709747,-3.2767364220541366,-3.2827704514302556,-3.133847635650968,-3.34118316036519,-3.3265589785775562,-3.34077228606366,-3.340880475339015,-3.342485468435396
2011-09-06,-2.8313319016558562,-3.188636848755199,-3.388650778890714,-3.173368899301753,-3.2872559678772486,-3.128858464323581,-3.4528048395240685,-3.193488254260852,-3.232332721870721,-3.1572288961812176,-3.229393131703791,-3.214273978369266,-3.2294857751790906,-3.228804122247083,-3.230334452381318
2011-09-07,-2.804876445930871,-3.418501036669204,-3.700553080504996,-3.4280549942647056,-3.453414524058122,-3.342449649379922,-3.7752746748800363,-3.41671554168252,-3.4283703064815754,-3.4255625822249285,-3.4751779705940207,-3.4660538434501347,-3.475538258594187,-3.4740979673471353,-3.4763061767530488
2011-09-08,-2.8213038140224715,-3.1771674266357266,-3.4203398077728524,-3.1848351865093014,-3.2658418216439786,-3.1178907248492287,-3.5086008282745476,-3.1773664188834574,-3.2316361557664766,-3.1664840749820504,-3.227655833628568,-3.215679735599199,-3.227495389731315,-3.226376939184401,-3.2286134750065347
2011-09-09,-2.849406356081918,-3.090265389411689,-3.2705986540903687,-3.0910885790849925,-3.1725722651035038,-3.042152357844125,-3.338838033540416,-3.0899565390004207,-3.1121662252771927,-3.111032017621066,-3.128360031258353,-3.116056002733985,-3.128106223267456,-3.1267636737997417,-3.1291379892980626
2011-09-12,-2.880946131567349,-3.0568677321174222,-3.2659608170810928,-3.05646945866449,-3.143261975908935,-3.028104182792349,-3.360743280151683,-3.05621229701451,-3.1034952209564084,-3.052648173153029,-3.1022670834897896,-3.0930031705744643,-3.10196019707954,-3.100332927599746,-3.1033608713280474
2011-09-13,-2.9048801087412106,-3.041898059729885,-3.3987212013603143,-3.051533859350735,-3.1072839249611386,-2.980588691332959,-3.531785373346026,-3.043093378668224,-3.079868400679669,-3.004014033166187,-3.1158652288279742,-3.102021981734823,-3.115455214155543,-3.112857943184849,-3.1174032797103446
2011-09-14,-2.931086136570942,-3.054694987557253,-3.2498252529383427,-3.057484281871063,-3.1935772702307097,-3.017516010986622,-3.3553867682641934,-3.052763567532635,-3.128677365880691,-3.1377893234682115,-3.0979100350362536,-3.083971707864663,-3.0975678790728574,-3.096152798387295,-3.098712696579759
2011-09-15,-2.9366133654443956,-3.1970743921349922,-3.495003691145197,-3.1898825968785918,-3.3012570915261037,-3.1661852937046864,-3.62875098851805,-3.193430078524964,-3.2669616691108443,-3.239392499612368,-3.260109703049146,-3.2478976703146145,-3.2600930752376245,-3.2569583534484323,-3.2618915797546717
2011-09-16,-2.9088917720870295,-3.29591895828955,-3.5403287233799476,-3.2998899820462713,-3.357130296423177,-3.246059433112078,-3.6257052879620524,-3.2957886681418493,-3.3032550708867525,-3.3321382443824974,-3.3459229947306324,-3.3340959936964003,-3.3463952142613578,-3.3430847525206593,-3.347033988478465
2011-09-19,-2.9091634560516337,-3.2592411113672206,-3.5622666547570176,-3.2496790025132203,-3.363146641832627,-3.2111720797866314,-3.666873432531204,-3.2501840234913613,-3.3219148321550858,-3.245064382501419,-3.3227275350117274,-3.303389125528428,-3.322456204209205,-3.318703099730225,-3.324103550349232
2011-09-20,-2.8962821119297204,-3.3250317621313132,-3.5896671366531967,-3.304322303400042,-3.425499684198982,-3.308665182314715,-3.6983159519238145,-3.308332796229586,-3.3714230483269714,-3.34410810050049,-3.3812938175603464,-3.3674232361617595,-3.3811600471158125,-3.377223245529626,-3.3826359741599794
2011-09-21,-2.943604248277886,-3.067796825432262,-3.284983724717245,-3.0516890826429597,-3.1525256999246483,-3.0005142290555145,-3.358886279513885,-3.0585140713386747,-3.119938404448825,-3.0873048586750924,-3.110790563949211,-3.1036385321677615,-3.1113259552102672,-3.1075914413551877,-3.1116623436957496
2011-09-22,-3.008371872917113,-2.952094680578913,-2.8474253459643797,-2.9140113597764588,-3.100434447743068,-2.9273897583205564,-2.8400909193591253,-2.9285960140064615,-3.067762381943738,-2.991111012168439,-2.9299698753834877,-2.938737721744502,-2.9301366230691857,-2.930973071876291,-2.9293463866951086
2011-09-23,-3.0413450771911523,-2.9572940899822253,-3.0611593031093114,-2.9406506405141197,-3.0988041821560053,-2.9017668548751465,-3.110863614445352,-2.9419826472770363,-3.0537252293189323,-2.9392856774786673,-2.9780748384893894,-2.96624521935253,-2.978033241192275,-2.976795804726742,-2.9783541075820628
2011-09-26,-3.0518433544821892,-2.989535999733091,-3.0358313096261385,-2.969976236152188,-3.125614808565462,-2.9131136810599947,-3.0492322082757033,-2.972915458102707,-3.0754623337452442,-2.9269893119507433,-2.997609311675679,-2.990114003198952,-2.9979308330860603,-2.996467528017572,-2.9975462333580687
2011-09-27,-3.067010818319539,-3.0458717703523615,-3.228931812503184,-3.0212603535952374,-3.143503763876209,-2.9666883835378814,-3.293057852871944,-3.0301740678066436,-3.1026628683407815,-2.9884975790195365,-3.081718771901797,-3.0675047854443385,-3.0817662423987806,-3.079852406195096,-3.082317774210833
2011-09-28,-3.1056338748236407,-3.0076410308846873,-3.1503885296945726,-2.998802559091048,-3.1334383513880746,-2.9437380876777217,-3.2169486787102457,-2.998842181983499,-3.086288361976609,-2.969338076117448,-3.037611517000888,-3.019498103904124,-3.037120284494066,-3.036083125847881,-3.038080693719624
2011-09-29,-3.16336994029021,-2.9326302890513087,-3.0200844821399637,-2.9095989217627896,-3.05767701408321,-2.848553394737614,-3.0726397805567505,-2.916215343033481,-3.0042617936344485,-2.868271770945443,-2.9528838599818714,-2.9391564643003263,-2.9530289104714313,-2.9518940310734716,-2.9531550561823243
2011-09-30,-3.143152651881747,-2.932187825873401,-3.112621636672554,-2.8804242243112994,-3.116992916920661,-2.8966618606170713,-3.205038229331761,-2.9005107367160665,-3.058566609149701,-2.965649945087991,-2.968129177709543,-2.9515668444625804,-2.9679931452469317,-2.9671176952376728,-2.9689132935874687
2011-10-03,-3.2078339012531307,-2.8060595166097504,-2.8475201861305584,-2.7832899613652495,-2.9229702913710485,-2.7695190287787086,-2.9094051820002025,-2.7900988200238745,-2.863864480658434,-2.7984710614062105,-2.8186662014170376,-2.8082357502913196,-2.818483047874854,-2.818887137418443,-2.819012657028212
2011-10-04,-3.354586762555156,-2.589794304305514,-2.5851853481216893,-2.5727209591464284,-2.7130830474911405,-2.5419012122755302,-2.61845431986094,-2.5818676138815757,-2.6731477303940325,-2.5549373250289573,-2.591486614753565,-2.5896651118160845,-2.591520556826275,-2.5919661390398256,-2.5913823749778757
2011-10-05,-3.402296915286304,-2.823985640794327,-2.792978256833152,-2.8050946191968116,-2.9150574990249907,-2.776509908337306,-2.7936047378853424,-2.818943269947125,-2.8626340855617465,-2.720463553635978,-2.8182392461806343,-2.821152551660191,-2.8183969121834775,-2.8191254413297875,-2.818174802560995
2011-10-06,-3.4350220032654786,-2.884880973629287,-3.0180763500766505,-2.8986125467799218,-2.9309220655625463,-2.773538573649911,-3.1073662412317176,-2.888602211369268,-2.879502819131244,-2.781317714294552,-2.921641320798743,-2.905973152799316,-2.9216075652974682,-2.923231575441384,-2.922534817237637
2011-10-07,-3.4677036664914525,-2.880576144638346,-2.975333700384901,-2.891934418523904,-2.9665925270698046,-2.7984537709084996,-3.04985465955838,-2.8802152991968035,-2.9087892091669625,-2.857732246950123,-2.9053957351690847,-2.8910326506995863,-2.904901610499377,-2.907345354813822,-2.906068982004293
2011-10-10,-3.44492696986883,-3.147668267688681,-3.394621606378922,-3.1459618345561218,-3.2047687803260856,-3.0711124714368605,-3.4899737348439803,-3.147659845070462,-3.1791748177523362,-3.134582522272255,-3.2010059368769213,-3.184513249331251,-3.2004473675583527,-3.2039391595897744,-3.2023091927147442
2011-10-11,-3.4365211862644327,-3.244138335634569,-3.4384473564123708,-3.2519755476492,-3.2758859045582707,-3.092796929681142,-3.5370384835161843,-3.244036548211469,-3.2369886002837336,-3.286931955241911,-3.2882456525216552,-3.270109461671962,-3.2878790343174464,-3.291857022255774,-3.289130488735992
2011-10-12,-3.4521730361363714,-3.358242897102917,-3.3975380969682036,-3.352200849655287,-3.4013027588661005,-3.2373270442166926,-3.4375543867870797,-3.3583000725501857,-3.3691221405594085,-3.3955420146837603,-3.368707082882142,-3.360901918782433,-3.368692536101877,-3.370710663488904,-3.368821828339124
2011-10-13,-3.4672175618443486,-3.3345442472969027,-3.4109377586919343,-3.3407594087325165,-3.3960209584835175,-3.2076597822373993,-3.4646651140360207,-3.3350801872728515,-3.3542893147212713,-3.3722607413356185,-3.352791346617813,-3.343912336621554,-3.3528821823704558,-3.355928614651223,-3.353321065077309
2011-10-14,-3.4485023963901513,-3.5502742062643473,-3.6226613393135354,-3.558591760849599,-3.569831867903585,-3.3725620972054213,-3.6307143831492614,-3.5498544730404453,-3.551700838610242,-3.6523263351599375,-3.5621581271859633,-3.5541909384375368,-3.562161383086989,-3.5645374170377586,-3.56222246624828
2011-10-17,-3.4395229158448073,-3.4939954914839078,-3.5690680390866643,-3.492304881415125,-3.5584993155209053,-3.3971696829841878,-3.604418467787983,-3.495257557691812,-3.52229501696628,-3.537880226008642,-3.5110977010124427,-3.5019148714741406,-3.5113965401535325,-3.5128235141824136,-3.5112830511173754
2011-10-18,-3.4504025908489777,-3.1982523465859405,-3.2642915823641014,-3.2017445682910726,-3.295275227492921,-3.0496264136612936,-3.312527164923317,-3.198707662329778,-3.2132368079685287,-3.211252966195424,-3.2136589459741587,-3.205841971837242,-3.213710316878157,-3.2164956552151125,-3.2138493791554086
2011-10-19,-3.4604339130317854,-3.3061353560350257,-3.391068520424992,-3.322127690443828,-3.341184694674825,-3.116615279932305,-3.4270491763171984,-3.3029849362404233,-3.28237378259225,-3.469765646281391,-3.3237869539371094,-3.315210539463032,-3.32416504433812,-3.32638352102553,-3.3237995390917567
2011-10-20,-3.490347319684573,-3.184171229733353,-3.2927063465237807,-3.184184495707488,-3.259260382411117,-3.032372757876457,-3.3230878167527402,-3.186150456381901,-3.2112378069885716,-3.2254883075847816,-3.2046465779475284,-3.1944395932900496,-3.2050347044423235,-3.207554340160548,-3.204947915803332
2011-10-21,-3.480611990909516,-3.3878650013790166,-3.54035002422404,-3.394623372505841,-3.4546077670641586,-3.2502681025627536,-3.6220943210684555,-3.3859778345535902,-3.41738860629146,-3.5057501683106156,-3.422515491481233,-3.4075147748426904,-3.4223769126861434,-3.426104970484142,-3.423075792347524
2011-10-24,-3.455150903963223,-3.5134952037859355,-3.5634079480046847,-3.518612145651347,-3.5150188719490387,-3.3944794631087976,-3.570487470590554,-3.506280375516572,-3.486538942849682,-3.651187120397555,-3.5258550051381072,-3.5198281786556933,-3.525927302176914,-3.5285537077076827,-3.5260867072734072
2011-10-25,-3.462366128691934,-3.361993918081998,-3.5057875992732166,-3.351675810882343,-3.4949341930816344,-3.2593934588231406,-3.5555328103267594,-3.369961336191904,-3.4462506638461248,-3.4014048866111177,-3.3883994478240727,-3.38173535988747,-3.3886560800284657,-3.391383240683008,-3.3887404972907946
2011-10-26,-3.4953122415121145,-3.2801105803920008,-3.334316898662079,-3.268005383891413,-3.4199384436349307,-3.191784995634424,-3.3798380138107476,-3.2948200532648135,-3.350635242022179,-3.4066683805536018,-3.290297026120402,-3.286514172427305,-3.2905806642754296,-3.2930349536976324,-3.2904872207592897
2011-10-27,-3.494029778365513,-3.447451872815975,-3.3684759355394744,-3.4386095271387447,-3.5609930545012256,-3.369790878498987,-3.3518472026690795,-3.452663196557775,-3.47599213496896,-3.4416639365296215,-3.435146460516311,-3.44668251671507,-3.4353396197894046,-3.4349806254643642,-3.4344293500853484
2011-10-28,-3.4972417484592233,-3.580032692256324,-3.540598546903357,-3.580075220114113,-3.656834403600198,-3.481244120292254,-3.553941546579274,-3.584991351736576,-3.584541495812399,-3.647319241574598,-3.5769944202875874,-3.5831442692408197,-3.5777331398023224,-3.5792621210743016,-3.5765105778394823
2011-10-31,-3.5040239813083374,-3.5242620748373343,-3.572166293641536,-3.514080633648936,-3.6169521531131217,-3.4428065593910904,-3.5842259237523337,-3.5353977848428326,-3.4807769401057493,-3.437655875500408,-3.5343714681453564,-3.5309156587209873,-3.534903724652833,-3.5368327582602235,-3.534378230029546
2011-11-01,-3.617293618805531,-3.04492991004213,-3.1594244185751905,-3.0460348021094403,-3.1434280203916387,-2.9429463680639945,-3.231035105533601,-3.04803423561999,-3.067713833721302,-3.011664118939147,-3.0707897997839466,-3.0602252141859463,-3.0711822970553064,-3.0739861312950842,-3.071292600653239
2011-11-02,-3.6521964952137522,-3.273714658345052,-3.4583384140743014,-3.274818024861535,-3.3465687033846643,-3.221531745162062,-3.5532668254842843,-3.2788016687317603,-3.297114600055684,-3.2867476317323443,-3.315451960926032,-3.3071911009651753,-3.3155561551581383,-3.3203975260323397,-3.316221203072437
2011-11-03,-3.6878462965172143,-3.3157631460839383,-3.327850659209728,-3.3255142736416103,-3.3883208689279094,-3.2273936865048496,-3.3812993432498475,-3.3186609300117,-3.357327310359853,-3.438462286273924,-3.3231052179664773,-3.3179652895577743,-3.3230698572612694,-3.3264329806276685,-3.323064614939269
2011-11-04,-3.689026408992888,-3.437645850712463,-3.5970873977395588,-3.4364053088523834,-3.5574441798206276,-3.3457545900697983,-3.6782657512538335,-3.4460934135304964,-3.51953416307268,-3.5066257798351663,-3.471556034320866,-3.4597093373007373,-3.471463544059406,-3.47781470474519,-3.472380593258726
2011-11-07,-3.657754670590901,-3.408671365376236,-3.5957695086004864,-3.4112353845686143,-3.533950335912843,-3.3334835329805603,-3.6697951890400335,-3.4110171383829893,-3.4120037745828777,-3.320183426520792,-3.4484169442915826,-3.437192165693269,-3.4483560735683163,-3.4544288125581777,-3.449127958369615
2011-11-08,-3.67566372049378,-3.4866840481600607,-3.6596273930453456,-3.4845566801080654,-3.588641498535238,-3.4145868249110443,-3.764663616309119,-3.487300661408512,-3.528027446177635,-3.513393130835633,-3.5277941834412445,-3.5147964902448967,-3.5274784059628073,-3.5352577916503085,-3.5287281257901437
2011-11-09,-3.7176497884454136,-3.410368197066277,-3.6083800526271133,-3.3961095966203465,-3.548303051527361,-3.3373923981213465,-3.692063465881221,-3.424097606226747,-3.4946468404140547,-3.355069204101424,-3.4499788143881585,-3.440083503961938,-3.4503218118145034,-3.4567782384303647,-3.450742958742091
2011-11-10,-3.729463653601775,-3.4285298606439203,-3.5229396696055746,-3.4203675750368254,-3.504048388710511,-3.330350277694758,-3.5656206822833254,-3.4365288232467988,-3.4533512258502093,-3.4387724861402345,-3.4482450304173984,-3.4366567314430023,-3.4485835779086313,-3.454091896470991,-3.4485105372790663
2011-11-11,-3.690333400889488,-3.700005704954823,-3.966144277475686,-3.6958277828213633,-3.7409221933514525,-3.6371429734092113,-4.047107344528099,-3.6926019997926662,-3.7277535143924303,-3.558546220397914,-3.7576309965288246,-3.743581064122859,-3.7577142679356696,-3.7678029704454543,-3.7589434706263254
2011-11-14,-3.6939993810320817,-3.597337262593465,-3.896815428032768,-3.5905667103045538,-3.67633262444562,-3.536332476939871,-3.992098786275242,-3.6064323925900754,-3.6463331396485748,-3.602584699911611,-3.658355899012161,-3.64235291246289,-3.658102901936154,-3.6678470130333882,-3.6596953336825195
2011-11-15,-3.7235098935117876,-3.4870507691936496,-3.776898337666642,-3.482512735762459,-3.5552073118608076,-3.3646466283692362,-3.8653663438755594,-3.4854611751837106,-3.5212152300795005,-3.46461835091789,-3.546030175701051,-3.530253827126857,-3.546451993459176,-3.5570441542873716,-3.547217153359357
2011-11-16,-3.7473536691351157,-3.524576211644104,-3.755314683666566,-3.5078632501604914,-3.6765422283286804,-3.4465540358212325,-3.840329299176151,-3.5439981347921257,-3.6444646703355135,-3.4830282555234398,-3.571638983301626,-3.5580413967700695,-3.5726979503276644,-3.5807872254687503,-3.572452235093869
2011-11-17,-3.8241684525076094,-3.3630435147396165,-3.5498146874034533,-3.3457548240565473,-3.5048864497913144,-3.29134441653549,-3.629387372019366,-3.3836984090697917,-3.4754741172253576,-3.403654456432884,-3.4004157482112656,-3.3850504302959434,-3.400274755580361,-3.407342363912248,-3.401066472197248
2011-11-18,-3.8482266937500196,-3.4864587366724225,-3.760075465961247,-3.4769864740402747,-3.6225872332885656,-3.392131655654241,-3.8863090545466066,-3.501186112458282,-3.577641096393937,-3.5399997090400084,-3.5454044748085227,-3.52866259028222,-3.545111137901588,-3.5568212728613786,-3.5465991145051503
2011-11-21,-3.889590800746913,-3.46657236606949,-3.653604503515132,-3.453712766702645,-3.5914573090263033,-3.3897037808879347,-3.6947104370320356,-3.4841626436217283,-3.5316865521276912,-3.4561404790010224,-3.5024634759792974,-3.4884227876018867,-3.503040092575099,-3.50890722954289,-3.5030175694442223
2011-11-22,-3.9417756142348304,-3.474408563475539,-3.6223692968324372,-3.4587798719546226,-3.6296894663812505,-3.4131600333954375,-3.6877768444673005,-3.4934850512371027,-3.5515615128346414,-3.4550431281351837,-3.5053193975763914,-3.4906524615005754,-3.5054902936636623,-3.513446311171605,-3.5058925099900122
2011-11-23,-4.0054907499797885,-3.4309134408333124,-3.646760684938077,-3.4156711858724624,-3.546813673251142,-3.361889286542091,-3.6905280277993837,-3.4512042493286645,-3.469579219718243,-3.4555101422882455,-3.4724517483184703,-3.465133653394553,-3.4725372355059108,-3.480495988558656,-3.4731947948311017
2011-11-25,-4.054838904277334,-3.5067545670110962,-3.573001413459075,-3.481708547375623,-3.612088075552869,-3.4240165781678265,-3.587256720832196,-3.538917894674314,-3.541911423057621,-3.6826799638510774,-3.5170722395253,-3.514321385275114,-3.5180732232254077,-3.5177430008736956,-3.5171589006865935
2011-11-28,-4.093911803080406,-3.5988393695564995,-3.805474629211736,-3.5945995282962775,-3.6973588981929155,-3.548257537206413,-3.879637122987268,-3.603574184845554,-3.6726135497783505,-3.6014169285933506,-3.6433366581944298,-3.6299943479588093,-3.6433274764414576,-3.650988811484616,-3.6443704085090176
2011-11-29,-4.160149693441814,-3.533750400679024,-3.8273741907546275,-3.525752837300504,-3.5937352962468774,-3.4558666180325988,-3.9317877101604606,-3.534327059098299,-3.5536405299008837,-3.6414737087073257,-3.596151593970387,-3.5789326544945492,-3.5957746557063954,-3.6061759468501298,-3.597583211822483
2011-11-30,-4.1783024111455305,-3.724211638242189,-3.787586813042265,-3.713057692908284,-3.8138575364083174,-3.6548041816201136,-3.8071537854501485,-3.720171226334703,-3.7136262047404256,-3.6528146508201,-3.7375754952740863,-3.7307290969384646,-3.737871349238673,-3.742434335862454,-3.73759713513619
2011-12-01,-4.202748817237883,-3.743698970738229,-3.8723517219286943,-3.7376990145248463,-3.8013693125606465,-3.6795005537713354,-3.9049506596137302,-3.744446397154481,-3.7025988719511282,-3.7410109857395923,-3.7706115318902436,-3.756753344583677,-3.770517154506645,-3.7768524478240946,-3.7710179679631555
2011-12-02,-4.225381852583002,-3.7215461268135654,-3.8750546408850273,-3.7261116676939112,-3.794243280098351,-3.656991276440296,-3.9394678608745872,-3.715077651538659,-3.66811345254621,-3.8301211970800244,-3.7597859994391167,-3.7486796507802493,-3.760060777043893,-3.7651819424279447,-3.7602103163088043
2011-12-05,-4.258395860200673,-3.764301756168922,-3.963305049546062,-3.762938909530644,-3.847589737836785,-3.704928260204829,-4.0106751015378945,-3.7631912125894047,-3.790590543724009,-3.870436734345535,-3.8085797159170798,-3.7966481963074212,-3.8090105425843914,-3.816079608280868,-3.8090478690804175
2011-12-06,-4.291334613580943,-3.868928760446956,-4.058960158189389,-3.8687015342897544,-3.964515409407922,-3.8131816953124313,-4.137523582957054,-3.8666474001912308,-3.923080147665581,-3.994398763683634,-3.912384507927842,-3.896139005448373,-3.9128520576479757,-3.920991193057053,-3.913092752548275
2011-12-07,-4.341536190250047,-3.7673638067917863,-3.9886552366236443,-3.767893925500739,-3.8373615870296027,-3.712659952762152,-4.05201091865734,-3.7660524917105236,-3.8115117955318065,-3.8732909514206026,-3.815086046862395,-3.799450163048411,-3.81523283967162,-3.8246367223574533,-3.815887236433029
2011-12-08,-4.475245942455173,-3.511466362797088,-3.775953871108099,-3.5079068083782987,-3.6117546780126175,-3.4660404674579244,-3.884706671502066,-3.5135705254019425,-3.542338290281622,-3.632528481785352,-3.570624867678349,-3.5535777222357288,-3.5703911932522177,-3.5816186745702008,-3.571874983479029
2011-12-09,-4.512457029757005,-3.719941699168783,-3.9453059677744315,-3.716356668237822,-3.845051325696844,-3.683139448870322,-4.074721805493892,-3.7249403926496822,-3.8191355436314853,-3.923774157126207,-3.7712812919575907,-3.758200169999272,-3.771288134303482,-3.7814009811682374,-3.7725929702282013
2011-12-12,-4.536802143096012,-3.7805127062301294,-3.968184992666329,-3.7762482227617844,-3.878920127864577,-3.7493464137856956,-4.017174961520265,-3.782713897699098,-3.803866774737229,-3.80605720692463,-3.819840477444584,-3.8097611537641907,-3.8219021841366,-3.8278052498694457,-3.8205693067463184
2011-12-13,-4.6302087021036815,-3.5917129028745767,-3.6809484499914475,-3.5929853812069465,-3.67820943164225,-3.5655894576178975,-3.7438615337073236,-3.5926144812414478,-3.5688131738838904,-3.637477083140853,-3.613914842397663,-3.6040982343089807,-3.61370608462781,-3.6198357835437385,-3.6143387898530746
2011-12-14,-4.764914608078834,-3.515564255121656,-3.758926128971729,-3.505254163381616,-3.6684255292848373,-3.4892245412989094,-3.873930045531107,-3.528406037543389,-3.5960359942717575,-3.614218888365691,-3.5699296383788135,-3.550580803693089,-3.5698915526377952,-3.577851641149689,-3.571183818080425
2011-12-15,-4.83493456046881,-3.727274719804061,-3.9482399841701032,-3.725214672418418,-3.850850202189511,-3.7089723364466907,-4.041906544824759,-3.732454852909849,-3.791600917782061,-3.8118933329148716,-3.7774383316570304,-3.7617465450092,-3.777639148793499,-3.7838894653227055,-3.7785650107511137
2011-12-16,-4.9027170054115174,-3.7955162591305776,-3.868376448185817,-3.7784593063027088,-3.995922861200014,-3.779211530295686,-3.9208747651410523,-3.8180293577511986,-3.8617139741891675,-3.8508730193534086,-3.8115244395904067,-3.801768784802724,-3.8117113903553843,-3.8136535677777568,-3.8117385237328794
2011-12-19,-4.9581348877803535,-3.777605338381716,-3.8563511975046296,-3.7743106122160017,-3.908427306205443,-3.7589959317428754,-3.9342193600879343,-3.7877152028352077,-3.8560774938521627,-3.9427164806354607,-3.797286560187356,-3.7850825008658955,-3.7969142716756026,-3.8001969967991913,-3.7977208935243416
2011-12-20,-4.990344186627726,-3.9462573904839355,-4.011002481501255,-3.939910493997939,-4.0739644838770825,-3.9313761859114678,-4.099314151346198,-3.9575762475514993,-3.9761583008608468,-4.098389461729401,-3.963248242653823,-3.9579752267501185,-3.963068399253628,-3.9655967313405855,-3.963553904170232
2011-12-21,-5.019638998647204,-3.9485436894664696,-4.00447941430732,-3.92882300905137,-4.097143286844437,-3.9379895007326833,-4.08531577976532,-3.975857219532809,-3.9979352589672272,-4.130419673096749,-3.963423576633037,-3.9543218931569535,-3.963519928173801,-3.966116698402378,-3.9636643217065206
2011-12-22,-5.008234229982825,-4.144762656557523,-4.223498320310677,-4.1409390923446034,-4.215082069692825,-4.136251983410706,-4.286874832785834,-4.144652184539361,-4.158826459688585,-4.254747437469131,-4.167695191876862,-4.153591573183518,-4.168060333857977,-4.170221918583211,-4.168133116498283
2011-12-23,-4.983067415278769,-4.404470132090509,-4.521961015191597,-4.402833637620426,-4.467144136605681,-4.399672070483285,-4.53549413225416,-4.401044617011408,-4.452395377798074,-4.544472565365577,-4.426934035980682,-4.413752448578243,-4.4267445164392605,-4.428832153815852,-4.426913119208073
2011-12-27,-4.96258555044582,-4.466373102655825,-4.54400279965961,-4.4616485128455645,-4.5112098795366,-4.462478816091642,-4.593601471565116,-4.468118807589566,-4.491197387225797,-4.628178632117123,-4.482899705528953,-4.475000619746414,-4.482847255765316,-4.484791325579461,-4.483004095089085
2011-12-28,-4.937488881960936,-4.348811344676074,-4.474588868573425,-4.348659312857953,-4.44786938038226,-4.346423147025847,-4.5464661052078625,-4.344659013886404,-4.38227144654396,-4.515611691703512,-4.379563504084121,-4.362574016939994,-4.379474669360709,-4.382611882763943,-4.379966548065015
2011-12-29,-4.937884041564149,-4.546013490071803,-4.6772126144085835,-4.5456064565137835,-4.586780047426244,-4.5451299651541355,-4.707980246994795,-4.541130168990271,-4.544330466889428,-4.632888355390974,-4.576865782251932,-4.564262477526592,-4.576877474383924,-4.579078388372191,-4.576910251743214
2011-12-30,-4.927684442795009,-4.7788198763991705,-4.845252625529395,-4.778240525341425,-4.841669561057639,-4.779325989604213,-4.854241695055405,-4.771758738789232,-4.812054255802504,-4.785609230405816,-4.792695131966354,-4.78571566486281,-4.792845326594079,-4.794679238331427,-4.792538018103748
2012-01-03,-4.95519153120917,-4.510610337625058,-4.318427098929292,-4.506022491514537,-4.594831301647192,-4.5102424552828495,-4.27908425140897,-4.523001321725079,-4.493152179195543,-4.501749100818825,-4.46829916768957,-4.488254321648636,-4.469026114807317,-4.467867253251125,-4.467240767774213
2012-01-04,-4.981579502051883,-4.501967240668757,-4.451918131934466,-4.501150003716316,-4.549131628550178,-4.5005723988509345,-4.453606635511092,-4.504962304167371,-4.509003333898528,-4.4843737646187805,-4.492701979500376,-4.49866903599295,-4.492610812190849,-4.493623303159566,-4.49239957332763
2012-01-05,-5.035481328017055,-4.3098365564190715,-4.315713207114256,-4.310009573987401,-4.300806350176418,-4.3074616935424315,-4.319198628579591,-4.29917495285737,-4.311249032316948,-4.276744772948982,-4.313585581973761,-4.313495687507136,-4.313223816974645,-4.316251549353464,-4.313593518749202
2012-01-06,-5.052830456760938,-4.433413142396078,-4.43205843115324,-4.433326587837341,-4.456930932458035,-4.43412101906678,-4.431536162899173,-4.4256508858312955,-4.450570418940783,-4.424263232851941,-4.435559545197177,-4.436657912649807,-4.43660597954055,-4.437424142879327,-4.435259503063903
2012-01-09,-5.024689978828921,-4.5675417003447665,-4.475731841235101,-4.567733719547347,-4.587973919870857,-4.570771772631842,-4.478903461055866,-4.570059775847446,-4.564783225494884,-4.5528677245684746,-4.551774749651903,-4.559562931074207,-4.552244376470263,-4.552823157435825,-4.551308082075686
2012-01-10,-5.02267536732634,-4.543328496386246,-4.4802531290455905,-4.544050487067635,-4.601104903297388,-4.550626039178408,-4.477901304353978,-4.549692505420191,-4.53426422579524,-4.532008222557154,-4.530166548896101,-4.539124199737099,-4.531054775654997,-4.531349820439468,-4.529735064096837
2012-01-11,-5.035850228406527,-4.58619818188858,-4.4932264700332185,-4.5863558333328545,-4.649619911976362,-4.59801667121757,-4.508663235112595,-4.586105580263386,-4.578574599717829,-4.573865051272879,-4.570373218851969,-4.580509000936484,-4.570512485266881,-4.572659072102516,-4.569826846655629
2012-01-12,-5.0378234092452425,-4.513760504247792,-4.505196847053861,-4.5141414671618225,-4.558050085067652,-4.531286930760229,-4.522119788210928,-4.506935126892801,-4.517783977979219,-4.507433647071771,-4.51661922114446,-4.5149086636836815,-4.516671059341208,-4.519965032808392,-4.5165153908258695
2012-01-13,-5.0188867915591935,-4.490530442654996,-4.473545321263985,-4.49001020976821,-4.5341268155622485,-4.515103231125228,-4.4923049409137095,-4.47670331934124,-4.508133913689934,-4.485285623692377,-4.487962269140151,-4.489878809168716,-4.487700064984662,-4.489731541999835,-4.48736085174278
2012-01-17,-5.01907740983684,-4.525419898488355,-4.475126895375902,-4.523915086414735,-4.541167360051899,-4.542786687883684,-4.466522540226249,-4.5108718100201335,-4.546299915931585,-4.530511082251955,-4.514349539757134,-4.525017694887991,-4.5145139205680405,-4.5172854039197174,-4.5137327557585145
2012-01-18,-5.043827365765849,-4.584395509312472,-4.363694708121557,-4.585152186352769,-4.617892596366071,-4.607886562227349,-4.3440537171630345,-4.5844184737981,-4.5978727328702655,-4.595744324752052,-4.540464663067617,-4.557570607642886,-4.5411245917411645,-4.543363496848184,-4.539173837757158
2012-01-19,-5.031003083251556,-4.652444136222945,-4.4161420044192905,-4.654376578744685,-4.65270478457296,-4.67910318223739,-4.402019962557092,-4.643930217446959,-4.642930976573737,-4.669759715413083,-4.607894906573138,-4.6286900877913055,-4.608478627336156,-4.610618682225792,-4.606825873424422
2012-01-20,-5.016306054818376,-4.8692280009219555,-4.4864493118318265,-4.871403665365752,-4.910330330557427,-4.896255680052789,-4.448775192689373,-4.869336663661373,-4.890939392434307,-4.89201759526017,-4.791990322897,-4.812455436946096,-4.793118481451082,-4.794212189870939,-4.790361976971721
2012-01-23,-5.030628115885488,-4.684800843874547,-4.509992012065904,-4.685465638299152,-4.7632417030313325,-4.707251191789285,-4.520840034685819,-4.688077848357708,-4.727422261698185,-4.720507195705011,-4.651770762905456,-4.665161992835735,-4.6516479456965225,-4.655218181261412,-4.651169177849809
2012-01-24,-5.050478284910756,-4.763932336192508,-4.638215445968416,-4.765824340176356,-4.850663900927346,-4.79422861471084,-4.626192691806722,-4.771652130278335,-4.805781089867127,-4.8072545632139825,-4.740981907876073,-4.755705287722911,-4.7416770759159155,-4.743541044723755,-4.740035992592457
2012-01-25,-5.077954570237763,-4.572030437678766,-4.408925707394084,-4.5741157941644595,-4.711760707547461,-4.593037043733437,-4.407022329565811,-4.598453730002024,-4.642390775864421,-4.612989943899941,-4.5360070170064315,-4.561037016300002,-4.537138501556479,-4.540439957351011,-4.535160533770026
2012-01-26,-5.098529982360846,-4.529264931504435,-4.302154618303451,-4.527700895090437,-4.6465720815306115,-4.562209509687948,-4.32554157946653,-4.536655825470552,-4.589463449295487,-4.605046844311531,-4.485910692525871,-4.510106309723891,-4.48729277561757,-4.493029568302447,-4.4853861467595975
2012-01-27,-5.073812076039919,-4.541755197717915,-4.459890923477951,-4.541712051642898,-4.609491163330448,-4.5732518266211875,-4.491249666403285,-4.545525890311397,-4.572888289795489,-4.620062718699385,-4.5295705958122525,-4.537845834919908,-4.531057320087005,-4.532767725120992,-4.529228166118912
2012-01-30,-5.065608328183444,-4.536207053132873,-4.488862219390049,-4.53748659405858,-4.634112459533209,-4.556380016609603,-4.531387075521902,-4.561315048495255,-4.58136941940179,-4.573902030335532,-4.529855220505465,-4.533390078502194,-4.530284486489986,-4.534030072819913,-4.529665845081177
2012-01-31,-5.115120838374512,-4.371553020090345,-4.356254344725114,-4.374766849000751,-4.492955584256401,-4.400186454672286,-4.412431076296528,-4.403272592939534,-4.4257537885741645,-4.443390182338125,-4.371795785934801,-4.372803640902666,-4.372183438289265,-4.375680826113163,-4.371937399046768
2012-02-01,-5.107303652128246,-4.604570007562282,-4.416279460458127,-4.604488450516263,-4.707124497319579,-4.640233165676553,-4.408305894577796,-4.62115464730425,-4.629131488814198,-4.637251604855861,-4.5686987622383,-4.591472420638803,-4.569445185103049,-4.571073057171183,-4.567632582401103
2012-02-02,-5.096519969832603,-4.686723796254178,-4.507978679865313,-4.688112241444782,-4.762047930890803,-4.701312485506796,-4.504580460350249,-4.715142809671618,-4.766459787586977,-4.782061620998651,-4.650225091484732,-4.675626388217678,-4.6514654595514875,-4.655206466927597,-4.64951418006386
2012-02-03,-5.075098411328276,-4.8333583471117185,-4.572796928554729,-4.8334465730169915,-4.8832071392496825,-4.877037945226298,-4.536664852947053,-4.8368347227316555,-4.8326317887083166,-4.868972852027711,-4.787008747763076,-4.81047456544772,-4.788064450348754,-4.790847245233375,-4.785556265511605
2012-02-06,-5.070202072036805,-4.898227806196374,-4.71787633581668,-4.897835348304209,-4.9617626422719034,-4.941116727102976,-4.696263349508305,-4.904232404689705,-4.919938368419131,-4.978947216578818,-4.864719880152429,-4.882864988330196,-4.865302800516817,-4.868397126957979,-4.863699374777062
2012-02-07,-5.079435459150739,-4.8910820770614505,-4.763987375690295,-4.895297406530566,-4.995574705470981,-4.932119564271376,-4.739863177155851,-4.93950696579816,-4.919853232682314,-5.004312452853397,-4.864220457810326,-4.88672780364942,-4.865571245485795,-4.86763364166398,-4.863073842054462
2012-02-08,-5.083255145055963,-4.895054204031756,-4.736106009644705,-4.896157817317753,-4.94812610699621,-4.934335812140715,-4.727289708768271,-4.895540839174814,-4.872495501160435,-4.925807561019141,-4.8674732192807015,-4.885455216437606,-4.86839120471989,-4.870808176301406,-4.8668390671029265
2012-02-09,-5.078805625679134,-4.712806822007396,-4.687218090580707,-4.711264732754287,-4.748985625079711,-4.776023753106919,-4.723822310458813,-4.709009115184467,-4.7100538500306275,-4.8500814298378465,-4.7155659058037696,-4.715403206250784,-4.716641179794626,-4.718171326786306,-4.715328294860356
2012-02-10,-5.082289265182838,-4.7769520003659975,-4.748974971755593,-4.777190245128223,-4.883716729095833,-4.814306648001305,-4.784346744482119,-4.800106906640078,-4.83970129977621,-4.873955280202603,-4.777303855530792,-4.779105130231965,-4.777221736208324,-4.780732142318113,-4.77707379409706
2012-02-13,-5.066211275932017,-4.902205375753596,-4.778041139932936,-4.9045112082050935,-5.006666117504728,-4.940310828172818,-4.812205446902787,-4.922019352473866,-4.963688494544227,-4.977393127181231,-4.881509413307038,-4.895857804667107,-4.881785471559378,-4.884802145589611,-4.881075784033862
2012-02-14,-5.10752250376563,-4.632755382162045,-4.661996765466498,-4.631064158590403,-4.704930989368196,-4.701192299822977,-4.686930544461243,-4.629577081114409,-4.750192438652281,-4.786338440559352,-4.6438442068086045,-4.640677998241728,-4.644513611103288,-4.6483607312631205,-4.643798446163058
2012-02-15,-5.166022009095879,-4.476355912957075,-4.486456248263536,-4.478693194181406,-4.60085593125902,-4.529221924475609,-4.5566747123035025,-4.503908858932463,-4.563361620981975,-4.590285329676042,-4.485205688688685,-4.479309290531779,-4.485873799782812,-4.489479545148604,-4.485300180914815
2012-02-16,-5.182601156766818,-4.603616185827006,-4.584297728595987,-4.603118255903025,-4.6809296891930146,-4.653354021175209,-4.654877610279275,-4.606385955501506,-4.622409011359413,-4.722965630989425,-4.610251440092029,-4.6065855195172425,-4.610169698715534,-4.614640400584108,-4.610277717052037
2012-02-17,-5.160320867801168,-4.892883242405019,-4.706470552905427,-4.898373553808703,-4.999884260056503,-4.922618477255465,-4.6799605181751325,-4.932021896898499,-4.947342907696488,-4.962383994101469,-4.854115344864547,-4.876693547609634,-4.854510049130633,-4.859373377920805,-4.853354132685354
2012-02-21,-5.162702033511851,-4.62185869492212,-4.591932456484239,-4.623850466342623,-4.684483845375234,-4.6760228830024415,-4.622535702532319,-4.626802704418736,-4.605204105289192,-4.7168283789332355,-4.623051501550712,-4.623608152398045,-4.623594382941868,-4.628190153215517,-4.622924354696254
2012-02-22,-5.162853339399397,-4.737801271482856,-4.608888397046673,-4.746594632952575,-4.779985321756739,-4.769682105848026,-4.588680212734409,-4.762196904809691,-4.743405779324906,-4.785188445894527,-4.714400118483418,-4.732256008509766,-4.715239907353934,-4.718566150605118,-4.713953590285848
2012-02-23,-5.184310116849961,-4.835041113676807,-4.656720167802827,-4.840131652539372,-4.875422857590834,-4.863761879691128,-4.619824164154122,-4.847280023702871,-4.861698265786372,-4.905941002899185,-4.799002516667,-4.82011554123841,-4.799910813523206,-4.804551036440627,-4.798396735857273
2012-02-24,-5.183043813996371,-5.041491093651799,-4.806479832676334,-5.045515561293333,-5.1163859118993615,-5.071402613442561,-4.760646780764162,-5.048362282267445,-5.085127338288924,-5.094393303292713,-4.995783536142903,-5.0169502848348415,-4.996527974301359,-5.001692326926117,-4.99498169499683
2012-02-27,-5.161272260403585,-4.786665007268547,-4.693164971361059,-4.790879784000152,-4.902167113292773,-4.814266735204882,-4.747573941181026,-4.803188224704305,-4.8224460788754815,-4.842493861366213,-4.774843781454201,-4.7853946162858625,-4.7749898276194385,-4.78077828185763,-4.774768534491768
2012-02-28,-5.152482993655066,-4.76391180687779,-4.745737802559072,-4.766881493624291,-4.79800309756711,-4.818568253767578,-4.791412180990249,-4.76667474917487,-4.728081282355393,-4.8773619233693015,-4.7685787550902266,-4.7660100853509615,-4.768593327961426,-4.7754891222262374,-4.768533954982457
2012-02-29,-5.201880319361627,-4.573125439112866,-4.561851717218031,-4.57544788004263,-4.647037354744414,-4.626642363251504,-4.616515197216646,-4.58963418324776,-4.572394553299369,-4.661760828550377,-4.579607717096598,-4.576337098556757,-4.579879569466303,-4.585888079908663,-4.579865536938637
2012-03-01,-5.230988049044975,-4.589500262968709,-4.564421520986784,-4.5987352003265665,-4.685521401150265,-4.6252949753657076,-4.596502582327285,-4.601552328587359,-4.5497912507538505,-4.627395112998407,-4.589686616675504,-4.59051640493356,-4.589276015765566,-4.595129267167025,-4.58972057439019
2012-03-02,-5.197422213295884,-4.702618940625931,-4.5897144234460505,-4.703219119883292,-4.791080792051201,-4.750817029649895,-4.59806324858089,-4.686552965540506,-4.745535051994275,-4.792554064248258,-4.686816117522881,-4.6947071656637895,-4.687704596280138,-4.692859906234495,-4.686843420653736
2012-03-05,-5.199887332149198,-4.64824312717856,-4.627387559949231,-4.653749448722876,-4.719039352546392,-4.713050377468678,-4.661463428859262,-4.655542274722116,-4.666612937991107,-4.765820184490148,-4.648974246139117,-4.649564338815437,-4.649090182720253,-4.655248678768304,-4.649277158063834
2012-03-06,-5.2068603695658675,-4.66983951542869,-4.636531857460791,-4.680204999806317,-4.736477682431485,-4.724279042355038,-4.638602802376201,-4.690488293089096,-4.66608512435314,-4.738846009307741,-4.665423499627678,-4.66944011594215,-4.666061324598424,-4.669700745416491,-4.665559525397355
2012-03-07,-5.221069432180099,-4.721198778040845,-4.77329428605745,-4.7409865290206605,-4.800627391882108,-4.7518513462371255,-4.796428739540859,-4.777139567878698,-4.7543996675132325,-4.783259983936003,-4.732649980713349,-4.728356075876562,-4.73338623961828,-4.738729849880111,-4.733113000593472
2012-03-08,-5.125202433752517,-4.899161770076536,-4.791086082442134,-4.908165799832978,-4.965676945144094,-4.9627640609279196,-4.793333331544751,-4.916555603574907,-4.916655205691971,-4.9522357848853185,-4.8827951235130485,-4.892783668768999,-4.883062424813274,-4.886406967597037,-4.882575840414352
2012-03-09,-5.116831697540069,-4.926016447840233,-4.794940124286971,-4.92376559249934,-5.006877837791128,-5.040624985593181,-4.839292781620194,-4.91233867327876,-4.975892599398639,-5.090711858660174,-4.907561609470871,-4.920126718727355,-4.907940021827451,-4.911510341302596,-4.907164425203644
2012-03-12,-5.118316469544015,-4.904558166294174,-4.866479057959767,-4.907539656242579,-5.010751711656943,-4.9985411382549065,-4.92092008620929,-4.920641091987252,-4.974345107383072,-5.039443818122659,-4.904094776810299,-4.904703002782593,-4.904121621200204,-4.910363908716374,-4.904295331345268
2012-03-13,-5.119633913575083,-4.70073499083801,-4.798724923757508,-4.696550915023745,-4.715045737552357,-4.795048575406913,-4.860076312294521,-4.679173920699174,-4.6912440824227435,-4.811198705390713,-4.72816165911169,-4.717825703026177,-4.728030980207986,-4.733187948707945,-4.7286223698850405
2012-03-14,-5.066576059102253,-4.850216739368689,-4.747292306701024,-4.826964901585961,-4.807245002312014,-4.981794959049932,-4.729228687773273,-4.783552745113852,-4.872587220750145,-5.000416273772883,-4.833285570015732,-4.847294740771664,-4.833917943649678,-4.836261784859024,-4.832867745628404
2012-03-15,-5.08050926363939,-4.802726828523309,-4.683333807555795,-4.797120239387244,-4.797728933551692,-4.894140097644601,-4.646227857028403,-4.772392962364376,-4.790766331735203,-4.94148230099339,-4.777808203797207,-4.796179369070296,-4.7787006177541285,-4.784964338958384,-4.77730475454318
2012-03-16,-5.056010770161323,-4.991795144594016,-4.782582548156813,-4.990016855714812,-4.989627733534668,-5.07515376966645,-4.743722987152243,-4.996701957817244,-4.980685204510616,-5.084942009646695,-4.950345541419508,-4.9669976511919085,-4.9511930756787805,-4.954520924690007,-4.949535935097834
2012-03-19,-4.957435998933471,-4.9020909596695015,-4.733049884756438,-4.897497201278497,-4.8691942184675865,-5.010385018526238,-4.725156017747303,-4.910372345927039,-4.904031105046372,-5.05077021405576,-4.873845051399349,-4.888230160107117,-4.874078562291852,-4.879719713842342,-4.8733190373047615
2012-03-20,-4.950883044248712,-4.904754218643873,-4.865163941357819,-4.890798952318422,-4.872708522307273,-5.020530932707383,-4.856322777777911,-4.853755413959691,-4.889999551353225,-5.042295734301635,-4.899376186004634,-4.905018126125523,-4.899879036032446,-4.90442372169101,-4.899111223589836
2012-03-21,-4.941482204353335,-4.893347148938656,-4.865182603885471,-4.887892530483614,-4.941489448890877,-5.007289396563796,-4.889284638231194,-4.880624677105264,-4.9006445552614535,-5.0222849058233665,-4.893760087715332,-4.892890766062223,-4.893955829849554,-4.9003380383857955,-4.8937896973176045
2012-03-22,-4.9301492861684695,-4.834613934467243,-4.875402386054742,-4.8328444229502585,-4.896395583583804,-4.916139323385596,-4.949224535156874,-4.823029583932541,-4.896618233835749,-4.954352349469262,-4.851020331731743,-4.842162479130285,-4.8507455006331615,-4.856901568674208,-4.851402202986387
2012-03-23,-4.920060546165996,-4.8708872769218505,-4.882648068596332,-4.8674348966910586,-4.858067996302624,-5.001016435954261,-4.9594023352493055,-4.838777845681105,-4.8810849054671905,-5.043627398103679,-4.885308375792909,-4.87375388807129,-4.885185805359729,-4.891455104987099,-4.885536715373466
2012-03-26,-4.906878638673394,-5.108081296813321,-4.896974098591454,-5.110852156825115,-5.118527108554833,-5.174010064506717,-4.867002794172776,-5.118452678829957,-5.120646095956785,-5.185156360386962,-5.068985873009731,-5.08143797915607,-5.069448113757159,-5.074705740441465,-5.068403555981724
2012-03-27,-4.899203651676118,-5.068600388284974,-5.002930811553939,-5.072937432487642,-5.110483934713964,-5.143408226873675,-4.998652247157919,-5.054539046584926,-5.0584281732130405,-5.1396471530314845,-5.061471699454043,-5.065322319289501,-5.061485929653166,-5.065400247084037,-5.061434636036081
2012-03-28,-4.929792817922078,-4.737306753336841,-4.77242808019779,-4.740165622669987,-4.830003816137825,-4.823476984554508,-4.81696316484951,-4.7261985741128525,-4.677617177246629,-4.832477715967035,-4.7510148588415735,-4.743139937749456,-4.751085813162873,-4.7549994926630825,-4.751350692422895
2012-03-29,-4.929992602587138,-4.738968557197898,-4.7168264205768216,-4.747717640744508,-4.85111159753294,-4.786215989552226,-4.734168992670441,-4.76369091916934,-4.792554813335561,-4.775799006475559,-4.736051206995886,-4.738908145714591,-4.736688094712571,-4.740491966327999,-4.7360655418880695
2012-03-30,-4.9194493587470705,-4.868763984786987,-4.831107331872237,-4.8708319468724754,-4.911422477187924,-4.932728132011335,-4.8449896231316,-4.876575143244888,-4.928694213840225,-4.950560675620805,-4.864938938906059,-4.867571568266699,-4.864946253176015,-4.8699284932266105,-4.864992297319167
2012-04-02,-4.9003479238636025,-4.8150221100081945,-4.788698054983027,-4.8283229020902905,-4.893800418054496,-4.87766352150078,-4.795043112523812,-4.840773545439348,-4.79045000713402,-4.879024028943994,-4.811188786265693,-4.8143343353670875,-4.811338098842132,-4.81734987943571,-4.811159003855714
2012-04-03,-4.905274881758412,-4.604426021639257,-4.627822124382151,-4.606735328930343,-4.676336795303768,-4.6647209511954175,-4.671358564707321,-4.607544232005238,-4.6794998350169275,-4.673393313352289,-4.611338487186868,-4.6057145219545905,-4.611484004877086,-4.616289329855937,-4.6114803921612
2012-04-04,-4.883804672580603,-4.732853000515296,-4.735452790553278,-4.736883256717128,-4.6785481335797465,-4.79497010792988,-4.7075819788631,-4.734480503595802,-4.731000415288327,-4.816101150406849,-4.7312660045094415,-4.733713338683021,-4.73210492393618,-4.73663324654193,-4.731304810983259
2012-04-05,-4.826888200735528,-4.804574996503471,-4.841222764121364,-4.802251377790435,-4.7796872359408145,-4.866819234497781,-4.868987669822677,-4.801461412475093,-4.865381013593895,-4.86353011278558,-4.818664553265863,-4.814261375862502,-4.818454282073833,-4.824048921265577,-4.819031496789417
2012-04-09,-4.73858160789889,-4.856394053426948,-4.885158586978277,-4.863957148051941,-4.884117134131156,-4.942757578659788,-4.936938825504072,-4.875090270584773,-4.901625555826182,-4.943212516153431,-4.866697150862606,-4.8598756116692705,-4.866719398762048,-4.875527321966296,-4.867486521220002
2012-04-10,-4.758470584062729,-4.427048935769837,-4.533436959848722,-4.43511263322804,-4.47959007168184,-4.5126190529894386,-4.610195999885613,-4.439097836208139,-4.493505481483965,-4.488506049953738,-4.455233239153897,-4.4410039097255165,-4.4552197265837945,-4.4616005913154195,-4.456055853800559
2012-04-11,-4.741923776461855,-4.748481630762839,-4.678092924083508,-4.76403669963628,-4.809095118920416,-4.86361774378667,-4.725686797851872,-4.766149080586912,-4.803938376378706,-4.810084532152512,-4.74222459293478,-4.746133532956263,-4.742627873063889,-4.747804209323444,-4.7423406443736145
2012-04-12,-4.708989274819427,-4.790882708894234,-4.7036182839191545,-4.7994792168892415,-4.915638375936172,-4.897542383128592,-4.694537792923201,-4.789921232518608,-4.789394471438837,-4.870066070375093,-4.776547602556262,-4.789454960772273,-4.7775613992861174,-4.785643385613573,-4.7765113880868615
2012-04-13,-4.691866307218889,-4.593126371049416,-4.674523579929746,-4.591412195505394,-4.576152631682869,-4.70449568619882,-4.695843467482488,-4.572444380120179,-4.520729971678671,-4.647582572352215,-4.613712803331344,-4.600196303277582,-4.613807943829378,-4.61690001829776,-4.613904764509722
2012-04-16,-4.649257134435313,-4.432874250042332,-4.488215095303375,-4.429784135734786,-4.434971276557848,-4.5641182028083,-4.519874061133656,-4.425487111231692,-4.529694319429408,-4.516124440783693,-4.451506238867208,-4.444024954924207,-4.45199920345386,-4.458799160246072,-4.45206892745136
2012-04-17,-4.563026717204936,-4.832444283394501,-4.74354633795901,-4.8373390373878635,-4.931032074973841,-4.949319594301188,-4.73862775567487,-4.8332597640293855,-4.992938127281864,-4.907746169911544,-4.818282412390263,-4.829935496550304,-4.8188669476890045,-4.825377159523435,-4.817957509881946
2012-04-18,-4.510353663803015,-4.688289624893619,-4.722428290433111,-4.691744401540003,-4.733889524413439,-4.797695690017473,-4.730512269815368,-4.69019895317806,-4.8403971166236595,-4.741782224736398,-4.6953290984067335,-4.695416799313888,-4.696255186432408,-4.702958250354275,-4.695646444954054
2012-04-19,-4.544272686031352,-4.28451748165649,-4.318861447562336,-4.294752402259082,-4.301990536667983,-4.375950044443919,-4.334928894339136,-4.300823902615932,-4.295894417924133,-4.3085857708687865,-4.2954835766072845,-4.294439785752859,-4.295756863481171,-4.29846627137624,-4.295635577743498
2012-04-20,-4.49200679170432,-4.554923568154144,-4.613815975722531,-4.566654397327793,-4.548727143666057,-4.637866578625771,-4.626547550473534,-4.558593685330201,-4.663451483477818,-4.5836646252250235,-4.5661841218444374,-4.563602988216994,-4.566601121164834,-4.57051888101955,-4.56629948130676
2012-04-23,-4.430000287850825,-4.57893439254838,-4.625816790454503,-4.586128505567655,-4.516882963809438,-4.708620021228633,-4.6167124139506726,-4.587340087228274,-4.572979356730866,-4.620376266943979,-4.58914204872494,-4.58493467508519,-4.5897562398187475,-4.596041299607413,-4.589423736474467
2012-04-24,-4.383775388661209,-4.493422458134076,-4.555876277545403,-4.506530207094567,-4.504184683622732,-4.596900276193723,-4.577588259491612,-4.515382462243828,-4.558606283268974,-4.511712002215257,-4.5091764125385305,-4.505646437658893,-4.509788245417317,-4.515327205411395,-4.509859857569578
2012-04-25,-4.37596234417292,-4.545404322154791,-4.53947407586881,-4.553663460559355,-4.673518163373327,-4.6622257314039395,-4.5916650494643765,-4.552933889730814,-4.668558769838855,-4.583690713390028,-4.54852635666535,-4.547594962292673,-4.549383192022791,-4.554983611700369,-4.549073560411552
2012-04-26,-4.349916486717334,-4.781185811180752,-4.592676673286485,-4.795298643310643,-4.824468571434776,-4.847808107069366,-4.5823506310614555,-4.803078303440889,-4.880538956424355,-4.795902627911908,-4.748688073055822,-4.77033307252699,-4.749538422900217,-4.750843592408514,-4.74773742198449
2012-04-27,-4.329495239745909,-4.8059992666052125,-4.6906746765244085,-4.814550848975718,-4.884429756474341,-4.888787538024591,-4.687091950502193,-4.82560906999862,-4.82680714037653,-4.832712239674168,-4.786004014959768,-4.804628970700904,-4.786606176145337,-4.788346140877122,-4.785427626888656
2012-04-30,-4.268399861574269,-4.849353289293724,-4.810897374505448,-4.856680412890534,-4.935667345005006,-4.936404464143267,-4.838756339365652,-4.868881293737546,-4.889759890245219,-4.890010634270236,-4.8492389545508985,-4.850331832933303,-4.849086251761379,-4.853854310941009,-4.849735820620246
2012-05-01,-4.2478925590833745,-4.694993029500251,-4.608032848761707,-4.708688393208494,-4.769596070461656,-4.7564739119499135,-4.642089006257396,-4.709693863009885,-4.695387209118066,-4.716675445236489,-4.683412324835147,-4.69217494785226,-4.68373500593109,-4.684557275688466,-4.683275030951759
2012-05-02,-4.200986972627742,-4.7395629602860545,-4.702529330711887,-4.744831344332777,-4.71132269487268,-4.817079804428334,-4.679723757014841,-4.75297673846717,-4.766034241416704,-4.761170127755414,-4.732248405719446,-4.741159778749274,-4.733179293079312,-4.733300623175575,-4.732193646855426
2012-05-03,-4.189952011204923,-4.626586754300816,-4.568351125692368,-4.6361027302660744,-4.745627382940795,-4.7111936098822,-4.586516195026742,-4.657298215056392,-4.764203543735796,-4.6423911886843,-4.620328299405048,-4.6263353562650344,-4.620686287192721,-4.6211860108895815,-4.620422537395153
2012-05-04,-4.189112359094529,-4.5779268402938245,-4.561616272651538,-4.596315583608102,-4.6392455967931765,-4.646693480276949,-4.575669033359956,-4.611363736553575,-4.726947945936239,-4.59395866005204,-4.574728820505726,-4.578238938610172,-4.575062655555145,-4.575099264324196,-4.5749513327981575
2012-05-07,-4.172755322838447,-4.484844752133739,-4.5371428563407665,-4.494605198160652,-4.4853801244137825,-4.595157464495819,-4.568601855010079,-4.500897508103608,-4.511629480053238,-4.508741822294388,-4.49971332275666,-4.4918739280883155,-4.501280332537436,-4.501128127655531,-4.500835073852819
2012-05-08,-4.189378920082702,-4.312611864792122,-4.31204287935294,-4.335312485456803,-4.310973987303382,-4.411375352160036,-4.345349584770902,-4.353763543142584,-4.330852117689286,-4.3292233865964,-4.318731583989497,-4.313578180605448,-4.318749572838866,-4.31997823641984,-4.319839421814729
2012-05-09,-4.204057688624755,-4.125322191858629,-4.164889260288589,-4.144371616884219,-4.182777787536124,-4.203420794801035,-4.203375001271404,-4.177549991477876,-4.218279472754122,-4.14082797722253,-4.135588831036944,-4.129795831099068,-4.135254728368974,-4.138082834826828,-4.137199192414155
2012-05-10,-4.18886877843252,-4.237584367801272,-4.369692012246725,-4.257405978519087,-4.280838127771438,-4.354256486103551,-4.443947644498926,-4.271570006748185,-4.285892818483708,-4.255392848277475,-4.268873962014412,-4.256753929855407,-4.268648692004313,-4.271841872788677,-4.271102476759271
2012-05-11,-4.1630410465341035,-4.3327598013755795,-4.3252791062087805,-4.340282885694315,-4.215859385566562,-4.495024189220238,-4.328402910371181,-4.338789108230811,-4.2480747590044,-4.358703974149405,-4.331537623402236,-4.333489657522312,-4.331920421812743,-4.335651036161906,-4.332334925145266
2012-05-14,-4.132496749840019,-4.248860379835129,-4.4079702988755205,-4.266154462420637,-4.274097219804977,-4.350726668438958,-4.486975133420299,-4.304229210791064,-4.357790724161276,-4.277216805043041,-4.285254876106767,-4.2680339643734015,-4.285286899226016,-4.289793719378149,-4.288212671044847
2012-05-15,-4.152060751854013,-4.2341737335935425,-4.283502622782077,-4.2543495574489185,-4.23749262139234,-4.331539941697628,-4.3229235558691155,-4.268199214146983,-4.28531448578043,-4.253292558046511,-4.2479074177350755,-4.239896604820137,-4.248573881465088,-4.251480607301052,-4.2491547908927485
2012-05-16,-4.175772673128935,-4.094435633835249,-4.317161722806844,-4.103181814200967,-4.069189220061604,-4.274023339300515,-4.407454713013996,-4.098455316051845,-4.191513957197383,-4.146380474801415,-4.147655892170056,-4.134083470460165,-4.147628030732342,-4.1547891432797694,-4.150823303695721
2012-05-17,-4.225348836050113,-4.00565502952699,-4.113786767470068,-4.0089651958146515,-3.9602231094670968,-4.188424380507895,-4.1714693793692685,-4.008720190320745,-4.045744675628692,-4.04973075621258,-4.036380447330912,-4.018986015722232,-4.036208501401215,-4.044801872765635,-4.038109256807165
2012-05-18,-4.219089343796279,-3.9928030745682603,-4.030388486036903,-4.0148009091066035,-3.980676914629152,-4.094017210871993,-4.069035782334925,-4.027702543171638,-4.0469357102316295,-4.03866321316474,-4.005319360518163,-3.997252775664245,-4.005265579747216,-4.013134270782137,-4.00666824170863
2012-05-21,-4.20461247035391,-4.129123033306583,-4.100414704458843,-4.141864715758925,-4.060730936753936,-4.341584028540768,-4.134443290691673,-4.146693067239427,-4.0520797461772915,-4.223364465993181,-4.131258583400388,-4.128327590591075,-4.131628122625085,-4.138958981601664,-4.132312825434641
2012-05-22,-4.239955324060128,-3.9594212355714036,-4.0762480463714015,-3.9778428938353887,-3.853050631230262,-4.18314140322537,-4.125129664172251,-3.9843411577166075,-3.8836848433487248,-4.118434735870678,-3.9889100964745112,-3.9742223386415403,-3.988812692212927,-4.000000651110749,-3.990785667646714
2012-05-23,-4.2823406094686955,-3.900620605714043,-4.046887162133237,-3.9288904737454997,-3.8944451537126388,-4.094519268173036,-4.134398796596913,-3.933083001406645,-3.8212583196526513,-4.066570255816565,-3.9377020614084826,-3.921093701247777,-3.9376157797251623,-3.950584676256593,-3.9404355950464405
2012-05-24,-4.297331883449322,-3.922126628287659,-4.069238894854161,-3.9451250058974643,-3.981571895783193,-4.103159892804733,-4.179346898042157,-3.958797444634476,-3.8991054649625476,-4.095235180038586,-3.9597744083025788,-3.9426812051041757,-3.9596811934119502,-3.9714200783140914,-3.96235300844084
2012-05-25,-4.300308189422685,-4.167739926839312,-4.381683577271399,-4.189653876931788,-4.1624573866368655,-4.306428205199602,-4.4793915301774865,-4.213440759550652,-4.13603542073113,-4.349059370488923,-4.216751008787395,-4.201484786249827,-4.2164146185903455,-4.226431453286905,-4.218969792013709
2012-05-29,-4.284700296890168,-4.0937304430385595,-4.335015923032989,-4.124270689675393,-4.0759706197477295,-4.25690563190749,-4.419983137441852,-4.151863092039802,-4.047201502285919,-4.3163319554300275,-4.14595487670738,-4.130775853890404,-4.146401868838373,-4.16156182411742,-4.149044297155127
2012-05-30,-4.298995224958941,-4.164830464017346,-4.271677674959049,-4.197284734665302,-4.145256449728613,-4.364821704939974,-4.338985243333695,-4.220123318815933,-4.108701021844545,-4.351861766577141,-4.193406825003181,-4.178914323161034,-4.193464640590366,-4.205803106833498,-4.195829935882574
2012-05-31,-4.339129603750191,-3.9678608749008952,-4.127857391911653,-3.9949673707645434,-3.981567980404598,-4.141138564861709,-4.210931775936638,-4.02063802714906,-3.9260471243201005,-4.167636206941091,-4.005525068054375,-3.98901747633771,-4.005442018247637,-4.018702393864438,-4.008426378727511
2012-06-01,-4.369550849781597,-4.100604755551198,-4.157021001971165,-4.125560732362687,-4.044681825430075,-4.18592408531032,-4.1837957820627025,-4.1515808922754704,-4.074943498908347,-4.2053432604538035,-4.112252793908061,-4.106974521073928,-4.112364597167534,-4.119689498453274,-4.113832473183084
2012-06-04,-4.429173682472789,-3.9337158924792384,-4.193530008721544,-3.953811613280574,-3.8284753433362555,-4.144821780243049,-4.286317935354809,-3.973768312628,-3.8839295894935972,-4.129750539372164,-3.9939426204628012,-3.975871991101295,-3.9939277118259158,-4.012693864581108,-3.9968240445765875
2012-06-05,-4.445340225510388,-4.068150931069442,-4.155136670791479,-4.099358255451682,-3.957837356124691,-4.299973248819444,-4.191983880677808,-4.117828925351058,-3.99689789312187,-4.201476573738091,-4.088045904336879,-4.0774844320231605,-4.088840228158495,-4.101122968353255,-4.090256537895564
2012-06-06,-4.4532022968561025,-4.150774260166954,-4.284219275588514,-4.180803437261531,-4.0206056941686725,-4.377380526086209,-4.320841249457816,-4.197547618529451,-4.068657761902755,-4.255398287093979,-4.178416130242836,-4.169551036110864,-4.179032674385928,-4.192469399304516,-4.181484853522981
2012-06-07,-4.459272021644636,-4.053546929588512,-4.177050061819199,-4.05809509847332,-3.8744404254663083,-4.410244591181823,-4.2491619414064274,-4.049809637886159,-3.971323536696496,-4.1854704478865585,-4.087172237010938,-4.070742516310286,-4.08718567220642,-4.100640348689265,-4.0895317113544865
2012-06-08,-4.448482703961578,-4.194070016116328,-4.387052223825643,-4.2098119933624,-4.070338740375126,-4.4561369727316125,-4.46734024198818,-4.217630866118843,-4.149534566969268,-4.342500401613936,-4.2383651938883915,-4.224381969252322,-4.238924634924438,-4.253143888914537,-4.240587295841496
2012-06-11,-4.463747320725969,-4.112075917370924,-4.248185113160157,-4.127388050206852,-3.972242213357862,-4.318879850867174,-4.307333818888738,-4.1432744284395,-4.0593154269222875,-4.3113535811106205,-4.143937281193637,-4.134602091467031,-4.143930163811745,-4.1577710485322825,-4.146569810676167
2012-06-12,-4.497438201713228,-4.06501184091349,-4.177731872273883,-4.086437341145522,-3.9265929119981977,-4.281985299804375,-4.260412774353974,-4.10563865105238,-4.013122017939054,-4.200638441925725,-4.093950290055051,-4.081791719747249,-4.094077340121631,-4.108435818892752,-4.096506388169914
2012-06-13,-4.539931251279081,-4.023104380115432,-4.22060916462586,-4.05509599400567,-3.9367837655937423,-4.236749218502226,-4.326093897580772,-4.064321872051773,-3.9960956650969868,-4.159685503649464,-4.0716250404936485,-4.057603726953572,-4.071571284817631,-4.089314488802055,-4.074712667460807
2012-06-14,-4.566666433491249,-3.9317291794401954,-4.1302801877219055,-3.9671743904307033,-3.8659000746731027,-4.084009592781295,-4.211618303540258,-3.9992842356434717,-3.913831699543396,-4.100295269398135,-3.9741576809850625,-3.963412727272921,-3.9738323247110445,-3.9897931505708866,-3.9769251577612055
2012-06-15,-4.564294940319621,-4.27594601818827,-4.353896886385048,-4.296483132698269,-4.190114121018062,-4.400520642410473,-4.419443721162891,-4.3034773954257135,-4.253923538500843,-4.42571042554326,-4.297189579260642,-4.2892934296587235,-4.297307840282282,-4.306859595714356,-4.298780689351143
2012-06-18,-4.589558275167806,-4.090888966995029,-4.315239642630528,-4.127032231121741,-4.011641899924145,-4.2340928881114595,-4.39460287599508,-4.145570223036418,-4.062419246039717,-4.185177699351783,-4.139765791712361,-4.1230994989469565,-4.1396686146540915,-4.1531123691890635,-4.14214146233765
2012-06-19,-4.583426668353139,-4.326808924320483,-4.399675781219255,-4.360974634160622,-4.241101617562347,-4.515887650107903,-4.453403568140732,-4.417072710363634,-4.29054080437154,-4.520139955786349,-4.345724278924142,-4.33784116988709,-4.345696695660949,-4.35801360199525,-4.348480345213418
2012-06-20,-4.631893109547019,-4.028470549373776,-4.246545916336557,-4.060901631873813,-3.971096839733184,-4.210512088412163,-4.35571690285129,-4.089544822652167,-3.9922233271742895,-4.20333710592383,-4.078061623116908,-4.062685258356101,-4.077678271239708,-4.095333355673198,-4.08198251309161
2012-06-21,-4.6082768928298385,-4.128722769520455,-4.253814874215051,-4.173754951968951,-4.075614259789638,-4.310819303550468,-4.352786838152178,-4.187545308967933,-4.104359369551228,-4.270913513142537,-4.160985232808516,-4.147453903301642,-4.160958449399494,-4.174555976387295,-4.1639426122643375
2012-06-22,-4.598251659121437,-4.290812218694059,-4.378972538030202,-4.338155828374901,-4.239790834061647,-4.465665363829867,-4.454910485538911,-4.360413908684223,-4.265369226096335,-4.401854055820022,-4.31343913049685,-4.305487824469468,-4.313464086853672,-4.326778899024749,-4.316382481062315
2012-06-25,-4.5898516555881095,-4.266015669029984,-4.413417383835777,-4.3180105124010515,-4.205289362478215,-4.410327503446888,-4.506926404996392,-4.345858506958428,-4.243423560752339,-4.371229735756425,-4.300786476111317,-4.28390943682197,-4.300504237974715,-4.315282909856795,-4.303834921078117
2012-06-26,-4.6183538764878795,-4.091307696501861,-4.351910903383044,-4.137463970692985,-4.049480736193501,-4.229514567824884,-4.455333105728062,-4.1618829595837665,-4.081016682396629,-4.157781077729458,-4.150842850300707,-4.131107002211236,-4.150249644956083,-4.169798146195806,-4.154781862908386
2012-06-27,-4.619055351900083,-4.335556973714204,-4.450602470902883,-4.388145750724542,-4.288794892133661,-4.457754205750888,-4.538539956417172,-4.416126334523795,-4.317534596864608,-4.393526506808422,-4.366233450104112,-4.354072546518111,-4.366315915085608,-4.3822355288989066,-4.369409434447483
2012-06-28,-4.659454673313068,-4.160355379130463,-4.193752671971903,-4.2200114374705295,-4.129358232804056,-4.46228728558039,-4.259537554451144,-4.244020098031243,-4.149631194559053,-4.261299295214922,-4.1727184397501125,-4.166521081142239,-4.173662753890853,-4.18821882108896,-4.175537123995965
2012-06-29,-4.620188945753739,-4.4118026244126405,-4.438268586470927,-4.46872007739658,-4.366033331811294,-4.650394998801651,-4.504784803906998,-4.497108361394105,-4.39813590183787,-4.519046423484592,-4.42246465609441,-4.417719131655604,-4.42290744909958,-4.435936759814473,-4.425027850528924
2012-07-02,-4.588078574206838,-4.273209424592348,-4.310710055201496,-4.330762168898166,-4.262119864075113,-4.464473920308762,-4.3708284637005725,-4.343677976242406,-4.268781032054827,-4.357164157352684,-4.283247522748308,-4.278488818882597,-4.2834466293340006,-4.293380494676522,-4.285056005014922
2012-07-03,-4.59452931955936,-4.487466248458062,-4.3103392330451555,-4.542444907255258,-4.479062465049659,-4.709433524099237,-4.342583329265053,-4.607301050139957,-4.481327380805095,-4.630894693033669,-4.452974271046807,-4.484163176733345,-4.454024830651369,-4.464079481291252,-4.454570424925314
2012-07-05,-4.6025800837021364,-4.531467413471108,-4.596055152516269,-4.578971881886778,-4.507268317950584,-4.63905303710796,-4.660716726594764,-4.594189125752136,-4.524429151499702,-4.554217423302748,-4.548247997295451,-4.5420387100025215,-4.5480971661120915,-4.562575492006191,-4.550845542651336
2012-07-06,-4.626742986568627,-4.535044669002974,-4.644419809296059,-4.58909814324558,-4.514602296218984,-4.693110725354344,-4.713756161288556,-4.60337896531113,-4.529814166481831,-4.606780621460361,-4.560560229148274,-4.547347977188793,-4.560465088351688,-4.574587653662043,-4.563621046788632
2012-07-09,-4.637580057283963,-4.563854746261239,-4.639180845423716,-4.638917792061264,-4.545654765840169,-4.739685151439783,-4.728272868841871,-4.650348157643444,-4.559216258468582,-4.59228865352463,-4.582912660973,-4.571216671111407,-4.582695429701768,-4.601104028176105,-4.586119897510143
2012-07-10,-4.683586986540815,-4.372351021051976,-4.524945737369512,-4.431279565273908,-4.359277708873613,-4.567631480466978,-4.574747402786243,-4.42636625404935,-4.3700166369072795,-4.264133303630732,-4.404195104944271,-4.39012152755126,-4.405342760615699,-4.418447187269308,-4.4072884094589675
2012-07-11,-4.724504514724466,-4.341970650254505,-4.427980809156366,-4.399512074101966,-4.331204872236779,-4.433233374723102,-4.469075067794951,-4.420600252289031,-4.338103382839608,-4.329900867950703,-4.360764982469232,-4.351831891422648,-4.360906018169599,-4.3747500317810495,-4.363833795719846
2012-07-12,-4.765533330095077,-4.303002476296871,-4.367040652671061,-4.39797417890533,-4.297784240835592,-4.346697228398401,-4.387675256154672,-4.384874042421956,-4.301410661450113,-4.131850071323523,-4.315091324932308,-4.311049761550916,-4.316180593042865,-4.330348627910703,-4.317676335372036
2012-07-13,-4.781459167887242,-4.379790280749459,-4.534508291659046,-4.4347668818836645,-4.375698147400273,-4.535830995055103,-4.63470728629608,-4.4396082067952864,-4.377694103849228,-4.472290216733839,-4.417486658806624,-4.401186947311826,-4.417659535784268,-4.43008912865395,-4.419708486036019
2012-07-16,-4.803465474349601,-4.453181738816528,-4.512771729342533,-4.505081394013916,-4.4530121250255705,-4.659578571403243,-4.553658975003463,-4.464704448858265,-4.452422404443013,-4.181114531929448,-4.472112290071338,-4.463754036584891,-4.47279702635622,-4.48260204973115,-4.473693000097355
2012-07-17,-4.871820102868449,-4.251884566385036,-4.299156808670347,-4.324596471554026,-4.2534870426180795,-4.449315027987181,-4.36464644767312,-4.316482699768071,-4.250365533653177,-4.3489781592938845,-4.264043547408844,-4.260693263374423,-4.264035272871147,-4.276576656783181,-4.266360638571428
2012-07-18,-4.896405206631045,-4.516262887114713,-4.357006073096058,-4.59227294753692,-4.523159061899985,-4.745876682136091,-4.378871397803245,-4.5636468566468835,-4.516506093863935,-4.526031265172462,-4.487500976805828,-4.508625541563401,-4.48842179761292,-4.497491483879344,-4.488787302507967
2012-07-19,-4.92284774782127,-4.511186514056196,-4.357035363615314,-4.566527424762042,-4.521252990097016,-4.670770312681117,-4.382404056821925,-4.561823076361641,-4.512092641683713,-4.684520664302763,-4.484883087748229,-4.510194811743311,-4.485990794090061,-4.490552130273112,-4.4850128869393275
2012-07-20,-4.939081391280171,-4.506688802686878,-4.469283254237015,-4.554598728886841,-4.514222653752879,-4.685876534928607,-4.515116688213497,-4.560299558342915,-4.507878539879826,-4.694524889790343,-4.502772540293666,-4.506246852506484,-4.502938479400312,-4.507810496672211,-4.5024143128556595
2012-07-23,-4.950080291028634,-4.425226384995925,-4.383753330363242,-4.4875122643346055,-4.443372793395468,-4.582527847866887,-4.4557308757591025,-4.489157043492589,-4.428645348339541,-4.494263387777386,-4.420961728257312,-4.428463625166135,-4.422565221542673,-4.4319307263546,-4.422258797840388
2012-07-24,-5.033679032024639,-4.217026624496045,-4.233595722175176,-4.2863360424725725,-4.226164693771889,-4.430345835173397,-4.290372118720493,-4.301019575277576,-4.218354304634594,-4.3095809752580765,-4.222016111369817,-4.2233275218046815,-4.222669060634291,-4.228622522955349,-4.223208027562427
2012-07-25,-5.0590870758489865,-4.358693182056544,-4.189131514093254,-4.4599325953485645,-4.370798260975776,-4.773165528128788,-4.231845651648175,-4.464742587598362,-4.359198423707108,-4.555723645418998,-4.327156232091922,-4.34741391166784,-4.327458956962879,-4.334151728888552,-4.328186044047023
2012-07-26,-5.118014902674729,-4.29531091011767,-4.225406353564334,-4.404548286327475,-4.311406842881537,-4.823840071420229,-4.2844588375275405,-4.407430571483404,-4.2964401996968205,-4.2498609345618235,-4.290142185549255,-4.297692165235318,-4.290852520201585,-4.297083609176029,-4.292118075122011
2012-07-27,-5.1449549620928705,-4.3185348040983005,-4.2014034507948335,-4.413862027183366,-4.34522415562391,-4.57451734703286,-4.221412591166525,-4.429466567128898,-4.324897460901374,-4.376561620812143,-4.298102674829887,-4.3096102288782925,-4.299735467094419,-4.307152920004797,-4.299783594686118
2012-07-30,-5.182639820557169,-4.393978343521566,-4.363083268289272,-4.482545361641358,-4.4286365033641575,-4.7610424310314965,-4.439424192399171,-4.462945374012785,-4.4031561228189044,-4.2700090212202175,-4.397676973296237,-4.393485065551085,-4.398089819298109,-4.406307664420897,-4.399708654629117
2012-07-31,-5.21359011133486,-4.495762577583606,-4.378914430575605,-4.617226574771552,-4.527503327131978,-4.929939524101858,-4.474747852949122,-4.601085802475659,-4.508294736040151,-4.40225589547249,-4.481688028092705,-4.487239006456812,-4.4818929407578505,-4.4925500094818815,-4.484602480270249
2012-08-01,-5.199289301649657,-4.316731920956411,-4.1507741291670595,-4.400056632025168,-4.317812067263482,-4.5699018952929595,-4.177537042538664,-4.409267593358527,-4.3153799892052795,-4.395844557972969,-4.28833488208145,-4.308858790946121,-4.289119348346858,-4.2947213796790695,-4.289936500877157
2012-08-02,-5.2836727185628085,-4.216913966551197,-4.095400289443627,-4.31750567499247,-4.229123781649892,-4.522545059482189,-4.1288796152876195,-4.336745281158009,-4.216898473852501,-4.090705673756449,-4.199972186874608,-4.2112808177648375,-4.201108712119325,-4.208640080484609,-4.201840021481603
2012-08-03,-5.2680141190731264,-4.5651052114234885,-4.258951773938107,-4.646673428751137,-4.6113144348403186,-5.075351146521159,-4.27554054437386,-4.641832345591945,-4.581643296080506,-4.429651913944623,-4.518461818775283,-4.536663225536039,-4.519962500411478,-4.5265832134979505,-4.518708771059306
2012-08-06,-5.25789703693244,-4.636058172049159,-4.559492106984498,-4.726854996433013,-4.682653845461153,-5.076349169552418,-4.63910171613527,-4.697791542097511,-4.649374838776638,-4.545635963628271,-4.636966280113784,-4.638709358259867,-4.63745773394304,-4.647392223150522,-4.638713515800223
2012-08-07,-5.254807426552785,-4.7777228745098075,-4.478636828101795,-4.891459623019599,-4.8247773093101,-5.079821584648437,-4.480865339994521,-4.8929885239106286,-4.7941491405091,-4.73176898545282,-4.7272219273912235,-4.751438260728873,-4.728353455579518,-4.736427732780037,-4.727850373084884
2012-08-08,-5.269164449089784,-4.754271811012895,-4.63320335187739,-4.8575207529833015,-4.804645318388933,-4.986646273917212,-4.680300771788971,-4.819881020499609,-4.779134977199365,-4.58221025654928,-4.74238854823582,-4.754137518009239,-4.743010776337525,-4.751251337508782,-4.743651099705085
2012-08-09,-5.2755561832920685,-4.9745926846545805,-4.853558925964759,-5.0426020051069855,-5.031087533472834,-5.1025418834934735,-4.831588166630284,-4.9892326620213385,-5.002226341730535,-4.522257345237574,-4.956968304501128,-4.970912293437402,-4.957911996772941,-4.964676611847018,-4.958139292538704
2012-08-10,-5.273458689537421,-4.993932728181782,-4.901172818384147,-5.08653241614487,-5.0367601407837626,-5.273693414133716,-4.953418581707203,-5.068869475903629,-5.004752924145546,-4.8569454980317674,-4.985868514482527,-4.9929953694437765,-4.986206387112687,-4.993957386323716,-4.987753410772421
2012-08-13,-5.17961088438062,-4.998401539648532,-5.019945714734629,-5.074353774291835,-5.058746907332173,-5.220356505592562,-5.066841666508152,-5.053386414183623,-5.031626985886087,-4.767167151296737,-5.0114799605123475,-5.001647068526811,-5.0122128110836295,-5.019703738463055,-5.013504389294531
2012-08-14,-5.165309056751169,-4.874099915428557,-4.976011972163047,-4.95248163801567,-4.928717991937014,-4.969350049515879,-5.048887534284877,-4.939549121322372,-4.902892572754082,-4.817285838645697,-4.904138292525759,-4.892090032591165,-4.90408002722656,-4.9120970206895525,-4.907000788840344
2012-08-15,-5.159597812703286,-5.099712660311914,-5.014935777598649,-5.204300077390967,-5.15513992610512,-5.174104401243812,-5.031625886730756,-5.1819445918461104,-5.127513624978081,-5.11742277149283,-5.08819887196144,-5.093601701635498,-5.088535261817434,-5.094931109907104,-5.089675466829539
2012-08-16,-5.16381564835753,-5.065878444350995,-4.954031558949625,-5.148888775711377,-5.1155879496288446,-5.240304933135462,-4.9692721081519595,-5.133733443367049,-5.089409563724817,-4.9778130537220795,-5.053848548502975,-5.0642178225168255,-5.054222459098523,-5.062253660668992,-5.055115203106469
2012-08-17,-5.146959113602031,-5.260074528030068,-4.99619471520867,-5.366250651763304,-5.295774812603955,-5.501973408513761,-4.979506107998703,-5.342964763097697,-5.269772743282679,-5.170816151136237,-5.217061886766139,-5.234451005224296,-5.216693575296795,-5.223000347698481,-5.217562436422477
2012-08-20,-5.123900939964843,-5.172167050711017,-5.057865981835263,-5.241264542540571,-5.235286508041297,-5.329794857117463,-5.059696218907327,-5.23788388980555,-5.192128407647917,-5.268205626594951,-5.15605225671831,-5.169125692088691,-5.156210072545426,-5.162692553055612,-5.157153476528089
2012-08-21,-5.146691307419041,-5.067684275588327,-4.993704276478893,-5.158401409843215,-5.117463175894586,-5.1266151441376975,-5.021691161696474,-5.142915356876569,-5.0788830479767375,-5.05588880959522,-5.0639188984322425,-5.0673891417215104,-5.064336736840158,-5.071039806327204,-5.0650400773756274
2012-08-22,-5.179335200149168,-4.841981178018602,-4.906153950063519,-4.9083034707180575,-4.917757772334117,-4.909197494278822,-4.9765936834496,-4.886795752339852,-4.871374168563263,-4.807535729808118,-4.864469656301318,-4.852487544810947,-4.864894557847745,-4.87243275995677,-4.866709630576026
2012-08-23,-5.1764266901996825,-4.792155158917776,-4.897137029901747,-4.888928477409995,-4.847445720338341,-5.018745226294595,-5.027024097918069,-4.86751353704353,-4.811457842998296,-4.720514978235955,-4.825925528314384,-4.808195283817556,-4.826066752532454,-4.8359020229100045,-4.828720025234274
2012-08-24,-5.169368573060264,-4.80744099311659,-4.923209677447544,-4.902582522888197,-4.855420001887019,-5.0125989801229665,-5.055711536920811,-4.876746294851535,-4.820526814347341,-4.776460241761328,-4.844476538094922,-4.826377281940118,-4.845005724726749,-4.8557349743399865,-4.846682490648435
2012-08-27,-5.151097121085799,-4.951345300570622,-4.978098358900089,-5.033599779004304,-5.02152737287984,-5.183958094033918,-5.086747426576796,-5.014372008578794,-4.971240659926623,-4.977148925747063,-4.971636625235555,-4.962834029220975,-4.9715897280954335,-4.981843449745393,-4.973993151520173
2012-08-28,-5.131965977920571,-4.797559490989348,-4.918062116425032,-4.853320886753571,-4.8387686641244585,-4.984067641831584,-5.014968332759241,-4.818048306235231,-4.812092848850262,-4.7733584105004585,-4.831213321285929,-4.818580485531864,-4.831141208763453,-4.841439540370925,-4.832241946285037
2012-08-29,-5.073623343713486,-5.057964944621728,-5.125839567774798,-5.144980179927115,-5.100039903367195,-5.25262566062813,-5.249338491298336,-5.122401302676735,-5.068085190810767,-5.086578928665131,-5.082046941383173,-5.068177887613049,-5.0824499927550315,-5.093941235010007,-5.083880637981944
2012-08-30,-5.022609419352441,-5.06442804992622,-5.184637448710266,-5.142959407529155,-5.100423921052024,-5.117416101534228,-5.245226011600459,-5.127736256827185,-5.072006816520277,-5.042850393819362,-5.091300743838318,-5.081125946216648,-5.091103481843175,-5.105203496483565,-5.092678383652809
2012-08-31,-5.082569034219475,-4.611964610185604,-4.722338936469299,-4.722401620829237,-4.625126417706985,-4.713706404487468,-4.854925531667804,-4.706036900463365,-4.613732824123424,-4.614037571802517,-4.642106599790997,-4.625182921053946,-4.64168713000818,-4.65586427276404,-4.6442313085013245
2012-09-04,-5.086482374217773,-4.74210253316381,-4.792494948978759,-4.848550342873078,-4.792782470310136,-4.920735129774868,-4.910432701200491,-4.811842709850143,-4.755146209446942,-4.777467888251084,-4.7640251610619995,-4.752322508160252,-4.764148514178855,-4.776482252348092,-4.766494516011006
2012-09-05,-5.082408190738086,-4.797070761123749,-4.895683907332128,-4.894247837053288,-4.8126333648611155,-4.926928933665525,-4.958607519448055,-4.859244516191238,-4.8013037431819665,-4.735673474611227,-4.822538818625597,-4.809058002693167,-4.8224956865213775,-4.836353511496144,-4.823602534460976
2012-09-06,-5.095891615267771,-4.827389115902806,-4.778596258115521,-4.927251106025385,-4.881820487240835,-4.9167841296646415,-4.8480831086087735,-4.885734779941326,-4.843089263734196,-4.803577138688657,-4.830064297740303,-4.831678220698292,-4.829689716945972,-4.844365512877834,-4.832970164629548
2012-09-07,-5.060770531433763,-4.9500960480811464,-4.8681186145979005,-5.023350166539547,-5.023129078818044,-5.0036448133664235,-4.902934854516644,-5.013439617218633,-4.968830535842033,-4.970903666540337,-4.942769885527039,-4.9483185616573175,-4.9426585497860644,-4.953870538635717,-4.944737156274115
2012-09-10,-5.0247201921178775,-5.131670422218796,-5.048559491776491,-5.192679760511049,-5.185105244654556,-5.217086961931751,-5.069483455317016,-5.19734622241482,-5.143953254848703,-5.13415239168414,-5.120899466672262,-5.127926496358388,-5.120963315350682,-5.131040354606379,-5.121445420729994
2012-09-11,-5.014038925280287,-5.164859589804423,-5.130043171771748,-5.198181808459529,-5.233462094182765,-5.246392872016297,-5.1256758507560605,-5.190052460392009,-5.191597908016306,-5.158687869945935,-5.161824727792776,-5.1647861959025505,-5.161941297747659,-5.170767485196143,-5.162184794292934
2012-09-12,-4.997852082240036,-5.149789372349929,-5.088071852639852,-5.222475276741919,-5.21789287292049,-5.266626773535775,-5.1192310038962185,-5.206578515562907,-5.168694180352985,-5.129081917959714,-5.146215464875178,-5.150617072008744,-5.146622736185809,-5.15792489705439,-5.1475887719784685
2012-09-13,-5.055482361610501,-4.712905936540911,-4.745341434120743,-4.755643507513372,-4.782349361683452,-4.721119992525313,-4.825538769765765,-4.749487269509528,-4.741095135868722,-4.6948599631759125,-4.726978465605231,-4.719309927264544,-4.72698301726377,-4.738787593738134,-4.728672967383364
2012-09-14,-5.085774657455544,-4.805161445577419,-4.65698978869033,-4.857915213174643,-4.861977236239589,-4.806426286074563,-4.701257885907921,-4.8607736953792795,-4.827446698770285,-4.808201389719176,-4.783755311234142,-4.791339119529672,-4.784142856372929,-4.791079670521805,-4.784418821792907
2012-09-17,-5.084258786583384,-4.956526663538942,-4.838527046512449,-5.037674523107744,-5.007631933052338,-5.0347397141129875,-4.883800241755775,-5.048908272568744,-4.97322386002751,-4.936948953202139,-4.9392927307321415,-4.949407529260507,-4.939948466464659,-4.951697889620299,-4.940948014535673
2012-09-18,-5.051090738950645,-4.991754781596606,-4.830611853541337,-5.045811376154734,-5.054032263418916,-5.1201690378859706,-4.860774955163597,-5.068332866491754,-5.01565470438589,-4.942315329931998,-4.967932029513229,-4.977822598551491,-4.968468907278935,-4.980567310809936,-4.969260188387163
2012-09-19,-5.01450454177818,-4.927376820087967,-4.7784674203001645,-5.001662745346921,-4.990719957117592,-5.068931194500678,-4.839180480096194,-4.9758635274925735,-4.955262994250432,-4.936513966080557,-4.905198668464505,-4.912376089148412,-4.905588764854976,-4.9122565414542745,-4.905946004243489
2012-09-20,-4.980098514158681,-4.956238673407144,-4.933730335499302,-5.01761545247919,-5.012135171350455,-5.088356243174868,-5.00964143446828,-5.00606686627572,-4.994617281753163,-4.8793997238795495,-4.958851588818999,-4.957315332317859,-4.959726660184983,-4.967472712836889,-4.959732739362611
2012-09-21,-4.937709857578381,-5.235205397799293,-4.971545898995582,-5.295118479969567,-5.304861050810219,-5.31951514724889,-4.97050332644564,-5.27598599934726,-5.260456494046152,-5.191899357519157,-5.190749137609411,-5.208316383686755,-5.191863197509229,-5.1980751210796,-5.1905485735087735
2012-09-24,-4.923347595782792,-5.09451741128521,-5.053078006640635,-5.1302710256341095,-5.169304295691735,-5.1721769841761045,-5.100945444750815,-5.118212809982723,-5.103917762610512,-5.097031730414273,-5.092897652315667,-5.094397301427287,-5.092971017347174,-5.10090787639023,-5.09330043806819
2012-09-25,-4.912452997878461,-4.875845286295688,-4.934109972944059,-4.905137224362339,-4.951462095622358,-4.948524749621767,-5.001933797904905,-4.89930135274974,-4.875842904970481,-4.890115474094191,-4.893832321855518,-4.886678444884285,-4.893779072560872,-4.900846556535311,-4.894614538747348
2012-09-26,-4.870218812985009,-4.874654316556625,-4.753980155548648,-4.933148693404791,-4.971276948237233,-4.978069223820295,-4.797568125079703,-4.9146496565708775,-4.867146926250534,-4.847735557148404,-4.861979055800513,-4.86560430322255,-4.862111654475163,-4.8690000542661975,-4.862176469305675
2012-09-27,-4.859265776765531,-4.91129023293991,-4.9398363301190225,-4.940912194572169,-4.967108904240908,-4.950713630288973,-4.980300219871634,-4.944193304214777,-4.89404261051804,-4.885233261591779,-4.921263457225281,-4.9132567748905736,-4.921796760880728,-4.927439061491703,-4.921457486154955
2012-09-28,-4.8755762440697845,-4.755615939778681,-4.8504620894640365,-4.821726848436012,-4.767422368934907,-4.789679733398624,-4.918358147792145,-4.8130792327560235,-4.739084498087689,-4.6830348637326304,-4.778935512326406,-4.770805527919147,-4.779145885832917,-4.789604500502023,-4.779729207064162
2012-10-01,-4.888051143359231,-4.650324887644326,-4.617294168104863,-4.735367412453963,-4.694657732315675,-4.680485893449613,-4.670113754837449,-4.711638606263199,-4.609660326655189,-4.589724722906881,-4.6518494602626985,-4.6517167759735,-4.6522367543148215,-4.6625566006353125,-4.652202433696639
2012-10-02,-4.924313148444963,-4.6093235025758315,-4.824957547563912,-4.662510498269671,-4.634691175047136,-4.6406851231314095,-4.94509298547048,-4.6562257685661,-4.583878955636805,-4.583671360106193,-4.658304625865617,-4.647337016760417,-4.658117353664787,-4.671970520864608,-4.659295687456999
2012-10-03,-4.924821729229437,-4.707918049445076,-4.796410112433846,-4.782585956832097,-4.758716738659581,-4.730516776558925,-4.884830621604454,-4.760543819636662,-4.665268665761124,-4.705659706716932,-4.733805284515898,-4.724127789502623,-4.734441655722864,-4.746013252771047,-4.734680635847179
2012-10-04,-4.864831673474456,-4.701880534820334,-4.79622301092607,-4.747359181468681,-4.744387144374548,-4.720191425144374,-4.878839617799533,-4.733600801128817,-4.677696276872924,-4.791728364478792,-4.728324437209197,-4.719981763372109,-4.728397210062847,-4.736817589666888,-4.729287448449912
2012-10-05,-4.8106421649654445,-4.728628270803008,-4.7849128601021595,-4.779265390925225,-4.813807103878944,-4.736259927935807,-4.858188925047598,-4.781855078094093,-4.667404973910077,-4.849831483188691,-4.7468235891234904,-4.7394773351037545,-4.746549828876375,-4.758870545946269,-4.748225851985446
2012-10-08,-4.7285804618641265,-4.933747544278436,-4.899865450065516,-5.0080793135279915,-4.9771426536495795,-4.9486365370345995,-4.935263588612359,-5.003838209112444,-4.90424143649061,-4.9823642078619965,-4.931893316270243,-4.932981068196961,-4.932671511933671,-4.942723058065918,-4.932809024497726
2012-10-09,-4.7437016582753975,-4.77426516451772,-4.874796822723005,-4.856831016635231,-4.842414370224268,-4.778050589318179,-4.931679596256533,-4.843160383306728,-4.716095557924822,-4.847160930351749,-4.799174254152843,-4.789753022009416,-4.7995695692362865,-4.815106068311097,-4.800848842544732
2012-10-10,-4.713831691215545,-4.755743826927075,-4.814179572206929,-4.835550224422162,-4.781164425954012,-4.766607908865501,-4.844500007590099,-4.851349071579578,-4.705070606210471,-4.7557198520084585,-4.769352019979667,-4.765996283141263,-4.769866309537285,-4.7837965938106715,-4.770631339947877
2012-10-11,-4.670729844356976,-4.858117378406263,-4.806048222846856,-4.964779230557914,-4.885787707536131,-4.869652362162471,-4.8386921804185805,-4.960701559050189,-4.818224820591149,-4.903350512772778,-4.851503220301582,-4.855944612932513,-4.852374008778643,-4.862965798701654,-4.852354545065768
2012-10-12,-4.6107183091146,-4.794538503368212,-4.815974289939542,-4.8666158097326235,-4.826339023790693,-4.793661257573596,-4.873905616181597,-4.889863683055148,-4.759784771127702,-4.894855002308393,-4.801993731791806,-4.799001740338474,-4.8022056985080654,-4.8134473959787085,-4.803579780067318
2012-10-15,-4.5390686816853725,-4.778134558659577,-4.833022459377543,-4.8271505537484956,-4.818023106596426,-4.781776366683796,-4.8962009286352695,-4.863519848306515,-4.727247787319689,-4.9009977994355305,-4.791738829878911,-4.788751786395031,-4.792005544017839,-4.802015113378319,-4.7937105875427
2012-10-16,-4.526483593182744,-4.964959905868225,-4.85564468643179,-5.011466615537768,-4.9974343366390785,-4.962318733600597,-4.845025341687282,-5.018365380261495,-4.945104837924017,-4.963384195412508,-4.945778408629204,-4.956766983299327,-4.946080658369091,-4.948344916041196,-4.945682065947125
2012-10-17,-4.498911404365859,-4.991449426364872,-4.8065570611374,-5.060104402777965,-5.049263911311325,-4.986281171892179,-4.755840794475595,-5.054392430636161,-4.951824903336827,-5.066378775306651,-4.956997788560224,-4.979538547053561,-4.9577048043010326,-4.957338402685618,-4.956705712756963
2012-10-18,-4.51517555774051,-4.810924910399633,-4.7954118681372,-4.898560834718242,-4.855636592019198,-4.805827171600616,-4.814580906858284,-4.873630590165154,-4.8013677741036656,-4.9037067590476475,-4.813968943109986,-4.8177877791076895,-4.814574215766071,-4.813116194920571,-4.814586247471948
2012-10-19,-4.52974479583497,-4.733777623201877,-4.738067853620045,-4.823689415621306,-4.76193708807446,-4.736878351832283,-4.799194806282934,-4.814317507726115,-4.715857146825006,-4.800168280629358,-4.738613547812998,-4.7379506316697615,-4.739027536194355,-4.740862217838664,-4.73966176105985
2012-10-22,-4.5578115954201674,-4.650602666692648,-4.745443665318481,-4.758935342790211,-4.678373706144438,-4.65283575220461,-4.834771960452114,-4.7519192600865505,-4.647517865077137,-4.725129548348226,-4.6743811795673675,-4.669519047812412,-4.674772257292698,-4.676591011140899,-4.675587017513783
2012-10-23,-4.548743071541102,-4.647698857925009,-4.643465757543489,-4.74737124437134,-4.681817896621398,-4.647049343804047,-4.675560636143715,-4.749020046328921,-4.6212566276923015,-4.720374634273452,-4.6510384068765545,-4.651481111962267,-4.65111657542716,-4.653129731682366,-4.652350844647597
2012-10-24,-4.505919012249359,-4.681201113269287,-4.6065135050897785,-4.8082460496517205,-4.687816577577232,-4.693623238684364,-4.619401521729885,-4.760039940806459,-4.683124301039821,-4.5172066608751935,-4.670489938920539,-4.681082254806507,-4.6718104185971185,-4.674123646346971,-4.670749639268218
2012-10-25,-4.506213000028698,-4.5746224902579,-4.511587169223104,-4.674989988833036,-4.5821196819383925,-4.582888095884161,-4.545451361589805,-4.677629666609751,-4.592289118930667,-4.568880175629158,-4.566626654757871,-4.576299841209784,-4.567381942353692,-4.5687625777379415,-4.5668237634133035
2012-10-26,-4.532635810359646,-4.476151580842637,-4.521996388241226,-4.585334071611678,-4.486401056093662,-4.480596807521475,-4.545412289029401,-4.5868704357556505,-4.442895202303638,-4.420311866969227,-4.487486000930386,-4.485576640102823,-4.48833529055845,-4.489801841506125,-4.488266540303106
2012-10-31,-4.529466987100993,-4.606829608942772,-4.475870583184592,-4.747940501324367,-4.59980727197127,-4.617921579647804,-4.4484866231468,-4.749168605199119,-4.584733697144722,-4.404303477905329,-4.581533607332439,-4.596801504401362,-4.5821149703738255,-4.585767000793138,-4.581735149005886
2012-11-01,-4.512291573259335,-4.664320159098944,-4.507191070655718,-4.826899136938022,-4.660685271753238,-4.680741353590742,-4.503098037095023,-4.806730284081099,-4.626705567536216,-4.513018858548994,-4.637778175598348,-4.652412046433561,-4.638010486397679,-4.64414787035217,-4.637406937828236
2012-11-02,-4.490291811062957,-4.591697894550333,-4.592486140957739,-4.674578948068281,-4.604520204213831,-4.603336150127961,-4.614215547776365,-4.6527348217370905,-4.532542505325905,-4.500836322042988,-4.597674345939636,-4.595463787331086,-4.59865643578173,-4.601156980758201,-4.597836896405731
2012-11-05,-4.481948806558799,-4.726051198672592,-4.700877474436085,-4.819669325389782,-4.736029453262645,-4.733524062373738,-4.705343998853013,-4.807606002671861,-4.6776505510977096,-4.758504963951571,-4.726365701832829,-4.72810145661599,-4.726574421714788,-4.730375963212027,-4.72635421269078
2012-11-06,-4.489879163345536,-4.698221731185914,-4.707037198787649,-4.847509017711248,-4.699868480078194,-4.707685463003324,-4.759669627291648,-4.8624816706466465,-4.672629163855731,-4.693141635276516,-4.707026518865741,-4.700818224706291,-4.707195100841403,-4.710259476186682,-4.707799487249092
2012-11-07,-4.548391351959331,-4.447840796243024,-4.407652823625024,-4.550854589668185,-4.4427593309348365,-4.454326211495479,-4.441065544589558,-4.543477007305909,-4.450340087882012,-4.399758792905768,-4.446406217224659,-4.449762634197773,-4.446953896594018,-4.44462147751193,-4.446028634284634
2012-11-08,-4.602087378453475,-4.394985619662617,-4.498194022804664,-4.452237679401749,-4.39875768968414,-4.400666652419133,-4.550060791556122,-4.433942244462369,-4.347564434811243,-4.414633945984673,-4.417358268098079,-4.40746201164464,-4.417419330586521,-4.421550435232038,-4.418546862751295
2012-11-09,-4.662260761165403,-4.305337418702222,-4.334266577596012,-4.3659933660135986,-4.314644459798495,-4.312810710189013,-4.389107162925264,-4.3434520231286635,-4.277612372254722,-4.349955191979796,-4.3161173297250235,-4.310885226922544,-4.316145413456303,-4.321583042121019,-4.316883146782253
2012-11-12,-4.64190501380921,-4.576019719710551,-4.659862518653136,-4.71323377347368,-4.583494656294599,-4.592721422170462,-4.732017691384169,-4.68097400058304,-4.469180628119177,-4.517678532623096,-4.599392468785497,-4.589477392527458,-4.599282202401212,-4.6130911200437295,-4.600767937609991
2012-11-13,-4.6835460079512705,-4.335637274960724,-4.436978328417629,-4.4250675061161555,-4.3401919788710925,-4.354511019273685,-4.46528574024359,-4.351418757332171,-4.286663066621831,-4.358557099533953,-4.359693693514172,-4.35223705269647,-4.360275351561053,-4.372305095585414,-4.360346663972025
2012-11-14,-4.728235319341522,-4.335936300419305,-4.403378838562595,-4.426685433359467,-4.338219266580533,-4.348762190303553,-4.443463521474848,-4.369275309635235,-4.269670736358004,-4.360318305825056,-4.354930200868633,-4.343581638340941,-4.354907286790202,-4.3679570441832025,-4.35579097690626
2012-11-15,-4.797101343354367,-4.236981011954524,-4.306006464171945,-4.317733836094681,-4.241285132889445,-4.261271602322951,-4.3855803921087295,-4.2748333982468765,-4.1954589571394685,-4.210561062832286,-4.2565709893571295,-4.249208101744801,-4.256610495215439,-4.270674154818814,-4.257927813776549
2012-11-16,-4.900373732636491,-4.1694624908652145,-4.303385443957091,-4.270853239389879,-4.171586942546349,-4.185107293991544,-4.393075837316517,-4.260756905903843,-4.161657844848823,-4.181180245823453,-4.201182122596237,-4.188026955820533,-4.201116325021204,-4.214161182820212,-4.202317623632139
2012-11-19,-4.895388057419843,-4.411847294944257,-4.457344726197292,-4.53138842331474,-4.4121263234620285,-4.439986337113211,-4.481324910675578,-4.537450676777792,-4.372391652751073,-4.3323019220618875,-4.4235512797979135,-4.417363679329225,-4.424330909644386,-4.4331242011178595,-4.423829630175464
2012-11-20,-4.891433448600967,-4.326303109544975,-4.4260152194502425,-4.432350264547408,-4.3282807042332605,-4.348856001904655,-4.4891341712736725,-4.418278028226615,-4.281983239250523,-4.335438134227938,-4.353461207127164,-4.338663384836844,-4.353762475009987,-4.364751007411894,-4.354053404259924
2012-11-21,-4.897101378469313,-4.5756853481971955,-4.632413286131959,-4.697415893760984,-4.576852336018395,-4.615227128571841,-4.703775506173636,-4.633893085250334,-4.517785286795372,-4.585673560875857,-4.59696364901735,-4.584885792719259,-4.596652229422052,-4.607692446095318,-4.59773816149285
2012-11-23,-4.890417819017316,-4.543699396496672,-4.511152470934656,-4.712089049952047,-4.541123035510892,-4.558897240274476,-4.514340236691479,-4.7427824354087145,-4.549733024799264,-4.666228138275066,-4.539002708961945,-4.547018707653832,-4.539475970085102,-4.544641058969286,-4.539100436468293
2012-11-26,-4.814216073177652,-4.7113684702689245,-4.695832382914026,-4.825077322223356,-4.711743920386096,-4.76387041358504,-4.697409487393295,-4.808066489161691,-4.668241791437349,-4.664235142867184,-4.7124841438641365,-4.714463120717613,-4.712810341503629,-4.720543304447056,-4.712439572025066
2012-11-27,-4.799672965348943,-4.506337305039624,-4.631530940819068,-4.584327743513543,-4.507310942370393,-4.533733575069463,-4.680605542161908,-4.559512590629929,-4.463729037417693,-4.53646804785378,-4.533548178221241,-4.522607393658024,-4.533295308252207,-4.543726178060792,-4.534070019954709
2012-11-28,-4.748381374320974,-4.368845171985062,-4.511776717697941,-4.477153843796703,-4.37152197168744,-4.387910479721734,-4.576730752688487,-4.430563878118382,-4.342882275963991,-4.427431285780325,-4.400414294075183,-4.389719605372162,-4.400470237372477,-4.411383946173315,-4.401381432206781
2012-11-29,-4.76120791253938,-4.430694268498096,-4.530206555914279,-4.5852078418518465,-4.431157859177971,-4.4623458304462815,-4.6049424682315605,-4.54326190597112,-4.404529164109376,-4.406327351686806,-4.455526292897078,-4.443100302860532,-4.455538811167779,-4.468420033195837,-4.4561764156257375
2012-11-30,-4.773280320610586,-4.483320795079338,-4.700218255775402,-4.577632041680829,-4.48316702452819,-4.5129788561480035,-4.781009217453344,-4.575671484354177,-4.4580058972829955,-4.480713911008779,-4.527512890588828,-4.509231086168761,-4.527514298637149,-4.545602486831442,-4.52871598003073
2012-12-03,-4.799561559798867,-4.449108501795433,-4.576964459010232,-4.578069156452826,-4.447626398202612,-4.47877702394677,-4.678750522952786,-4.552044002121358,-4.506355436584083,-4.565080356800192,-4.480985503567303,-4.466286047612505,-4.480671577574807,-4.497099433601352,-4.481339002251554
2012-12-04,-4.841116460414148,-4.406186875001006,-4.562482000952701,-4.586134393111791,-4.407506490657809,-4.429351675704483,-4.656245928004457,-4.546539577880789,-4.441190901424252,-4.516333689236334,-4.443641251202633,-4.428982326989727,-4.443739771955795,-4.4597054681797195,-4.444311346179584
2012-12-05,-4.898454600294475,-4.352285552258887,-4.568256355487459,-4.498518686425305,-4.352290464644354,-4.383877444614255,-4.680847556244358,-4.486563615475322,-4.359284742010883,-4.4263571597207525,-4.40025946026041,-4.384280109305273,-4.400204479615618,-4.421673304956507,-4.401056206304736
2012-12-06,-4.924323007350519,-4.4917387873168,-4.686894347287413,-4.64868180655866,-4.493472408489452,-4.519693826646304,-4.824261926462747,-4.599491513920905,-4.478771882956122,-4.622061210254432,-4.539234201458431,-4.522245398459407,-4.539051546761551,-4.562775653984738,-4.540289822141711
2012-12-07,-4.924324177726947,-4.5660156787186095,-4.72349689781533,-4.752393293674897,-4.56489084177477,-4.607273218523761,-4.819593773379412,-4.698655061824233,-4.548009758955722,-4.489257750911811,-4.6056889455080015,-4.583529816433432,-4.6055695656346565,-4.63021816825127,-4.6063389120126015
2012-12-10,-4.926772704492407,-4.7136138449461455,-4.783360430021176,-4.893420722604088,-4.716091479107128,-4.736518972086597,-4.847181124613951,-4.846822600283945,-4.6598769708140475,-4.732856736106231,-4.7355795040766,-4.723892091243554,-4.735211826315165,-4.7563362406506835,-4.736614473076489
2012-12-11,-4.931365152646469,-4.724670968970558,-4.811367440856276,-4.837267927946443,-4.726422410493819,-4.763787376843166,-4.857064466024026,-4.822903929796715,-4.662398948230345,-4.695480082401393,-4.746464807155351,-4.735966810592089,-4.7466606897613595,-4.766790620691887,-4.7474665283694
2012-12-12,-4.948260338243613,-4.75145853952783,-4.785196474442453,-4.845462978510615,-4.752954460408894,-4.7970172422998285,-4.825981907446671,-4.815246608511607,-4.711000795044501,-4.70094536788854,-4.763529188097287,-4.759388961584875,-4.764318744464263,-4.77889814712766,-4.76370494670516
2012-12-13,-4.997640102592846,-4.634081473222151,-4.795093467148009,-4.748850051650459,-4.633547663141195,-4.672561640325314,-4.831405552009935,-4.712916664365504,-4.622720706697158,-4.532453018362544,-4.668242596654042,-4.654258857235527,-4.667803841551888,-4.689687475743443,-4.6684664578498944
2012-12-14,-5.0176646164186005,-4.76772655374601,-4.850187016848517,-4.918594543509923,-4.767883733736742,-4.800293914962165,-4.873234894782313,-4.8982970661296585,-4.732204174416378,-4.658765752736937,-4.786657870400124,-4.776867907815127,-4.786568230669778,-4.804187838111841,-4.786742955382491
2012-12-17,-5.0320181321839526,-4.779413688016414,-4.805053908490114,-4.886625335549905,-4.781785701335927,-4.798943728846279,-4.811699971951559,-4.870969611113183,-4.729233998518781,-4.7071584910966475,-4.786383346423729,-4.786893052133678,-4.786446978470337,-4.800978301849567,-4.78685810017493
2012-12-18,-5.05515932240647,-4.719048735801358,-4.801733401755502,-4.832753640892676,-4.719447289441883,-4.728380711066945,-4.884579044603246,-4.796601253318615,-4.707253551205803,-4.676270848359154,-4.740026850770181,-4.724025670328469,-4.739878537853794,-4.759592830621857,-4.740636962967144
2012-12-19,-5.081884056726824,-4.793467942362267,-4.817398145978709,-4.953827693721641,-4.795359982368729,-4.810092308375181,-4.87925202636785,-4.907358415572414,-4.768903743321791,-4.761628125104935,-4.80343036468745,-4.79663107188148,-4.802971638571011,-4.82750155195815,-4.803848018871885
2012-12-20,-5.100480913300652,-4.754233097743748,-4.841687654318167,-4.840608958981152,-4.755134957666481,-4.792545253449104,-4.893441436003856,-4.822984791634568,-4.707489873587033,-4.539048897949115,-4.775533409039481,-4.767535682533474,-4.775660885979633,-4.797878957202539,-4.775808011364269
2012-12-21,-5.14850169553731,-4.627604297214199,-4.751587153872557,-4.719283374410654,-4.627637601689087,-4.660251338648877,-4.825405460257975,-4.675736644008374,-4.5912238210394,-4.4796508171501355,-4.656722711499692,-4.643876909496683,-4.656475404445341,-4.68059178433561,-4.657342921270455
2012-12-24,-5.146006526017719,-4.9302319078462435,-5.033080793074771,-5.001591544866398,-4.9282520739500155,-4.98375381345271,-5.111833190164945,-4.969783349946166,-4.911651038459998,-4.781949999937015,-4.958413304902974,-4.943877693344856,-4.958511808988693,-4.973856112247638,-4.958717636697355
2012-12-26,-5.1728910883825625,-4.731624642169805,-4.939471824268793,-4.820594144955944,-4.730863998780179,-4.798710087202571,-5.030675546398028,-4.775053877714045,-4.7153629476542385,-4.568473487392705,-4.779177169648053,-4.761014630014005,-4.77881742060095,-4.80423098885299,-4.779762059841235
2012-12-27,-5.292135439296838,-4.444638462656123,-4.657958885184405,-4.506216099560324,-4.443755021289502,-4.490056197230306,-4.749728315354021,-4.476039277380985,-4.426730659220149,-4.336995013726396,-4.491727808622253,-4.473605139014316,-4.4913741525734014,-4.514325234564941,-4.492241762132057
2012-12-28,-5.361484441901578,-4.461163329357045,-4.822247655656287,-4.5128860018607515,-4.459004874244279,-4.51883545776959,-4.933709800965563,-4.487608480332882,-4.441024788962445,-4.231453060157304,-4.535342046304372,-4.513508907714959,-4.534969249789402,-4.563425649009169,-4.536370448150335
2012-12-31,-5.612305792102051,-4.244688825265743,-4.50902462108471,-4.321051767149847,-4.242565288238981,-4.310257458447496,-4.6228170923327925,-4.284089279321781,-4.230387353639578,-4.086353666409376,-4.302548990141951,-4.283865771259675,-4.30219835954216,-4.327659809878496,-4.303130707661341
2013-01-02,-5.659570044053285,-4.47439952105789,-4.544480378000568,-4.639728451498141,-4.472316475514701,-4.532657967250065,-4.638871927114816,-4.581075553686139,-4.475990369915434,-4.392572362029204,-4.4953026083766945,-4.482529451167959,-4.495227649729876,-4.5067871166664935,-4.495913274709196
2013-01-03,-5.688329280134391,-4.554745423556685,-4.605410119835949,-4.69120860177597,-4.554192127729906,-4.632411928633801,-4.682307177195036,-4.6557176108158576,-4.552462220830018,-4.4419400333319725,-4.572559380194296,-4.564125750312339,-4.572740527826632,-4.583689907470288,-4.573206149526694
2013-01-04,-5.683804711054036,-4.707737255901669,-4.729981366520807,-4.861635624507638,-4.708601554337384,-4.780153128419084,-4.767272054381494,-4.782818217248212,-4.709291614300024,-4.690856552188466,-4.718265424846168,-4.710392357263443,-4.718558558337619,-4.725805654348602,-4.718927893943049
2013-01-07,-5.615968855324799,-4.8139974266506425,-4.821710825496496,-4.955002365707842,-4.8144740145940546,-4.898175252865203,-4.858203076587367,-4.892928275578228,-4.819804917964279,-4.734789836114155,-4.822537724181017,-4.81748453624333,-4.822612293300488,-4.83012496490788,-4.823205494452019
2013-01-08,-5.629915950966967,-4.910989526805809,-4.936274607653184,-5.089825574200152,-4.911704321782107,-5.016072919561963,-5.007915904914358,-5.00219890670744,-4.918615457889675,-4.789000404400038,-4.926218107321052,-4.916375217191991,-4.926582431804368,-4.9371792243814285,-4.927098481286214
2013-01-09,-5.648270091292364,-5.045434022279054,-5.001313750725223,-5.215378970050884,-5.04671943896357,-5.1347930322910615,-5.0828466416909555,-5.155511283676025,-5.059847655363807,-5.0119562297736495,-5.050760906018903,-5.046357900040958,-5.050686045132073,-5.056840501496885,-5.05145500683172
2013-01-10,-5.692999185981466,-4.934153574029719,-5.030299786205894,-5.047191702194024,-4.9357721841862805,-5.039629827227065,-5.070897690435185,-5.000038173003063,-4.9508470620560345,-4.892227656057801,-4.959959027267094,-4.945801389055651,-4.960256880054995,-4.970477049468066,-4.961031523062927
2013-01-11,-5.672896047019293,-5.079013042489331,-5.060762662443405,-5.1897357721297555,-5.081497430085141,-5.154258522283689,-5.082482121629685,-5.169175609463282,-5.103182282048059,-5.0561130415840845,-5.083673671512625,-5.079754493758632,-5.083972717122669,-5.089139892461172,-5.084196174659798
2013-01-14,-5.691219721065136,-5.0426748315451615,-5.063276342084127,-5.233145550372317,-5.044176077273172,-5.13857862967889,-5.105957025386834,-5.245491840724853,-5.061508880732591,-5.0818574297158055,-5.057130265057255,-5.048812515411722,-5.056875543088297,-5.064814646667963,-5.057874048923036
2013-01-15,-5.687022068904522,-5.1005542656707386,-5.061179400016348,-5.242586647383382,-5.103238456202395,-5.199113413978783,-5.104088757633904,-5.209301466326043,-5.127693532764738,-5.0607936548460755,-5.102566771129824,-5.10131088707694,-5.102416683742399,-5.109848016837916,-5.103444762577034
2013-01-16,-5.66441723936781,-5.268683980133444,-5.106204554286777,-5.420959059485359,-5.272447334492529,-5.362848003727255,-5.118195375983771,-5.436400709765969,-5.2949318582358735,-5.320857519553871,-5.2484928336184975,-5.258882922699298,-5.2485871509080395,-5.250479142743922,-5.2489474201538995
2013-01-17,-5.616269503147603,-5.280952872567791,-5.123618084447329,-5.374281391277659,-5.283261365717839,-5.33685462404399,-5.10227360693302,-5.379903479592206,-5.29107225588286,-5.2847448620029605,-5.255499157876812,-5.2692856665735235,-5.256775582769791,-5.257017260678566,-5.255269120544174
2013-01-18,-5.571843889449482,-5.2362188563917025,-5.134410264786099,-5.308667290763364,-5.240975865628495,-5.258205113898319,-5.122023749246782,-5.321024469510981,-5.2525671832887495,-5.365252902400538,-5.217973344887689,-5.229516079971296,-5.21855128362146,-5.21934218717669,-5.218162493658025
2013-01-22,-5.564717032033521,-5.206408787944664,-5.1283440190066605,-5.346024034696042,-5.210974593424063,-5.302075885354646,-5.179031462372946,-5.3480499330484745,-5.230692549385822,-5.308880181028529,-5.204316092199686,-5.206226926774809,-5.204581298371392,-5.21210342347116,-5.204710090815073
2013-01-23,-5.3859807832467155,-5.383118399119132,-5.1037767965304495,-5.604153323471236,-5.384517000694365,-5.488381983398796,-5.113327778778172,-5.564048524192032,-5.389627247113027,-5.4346188378644635,-5.3422319297737335,-5.36044207063329,-5.343325128530384,-5.344032514586727,-5.341879306957971
2013-01-24,-5.3202616416902195,-5.113160172799698,-4.9570901448477525,-5.3241801249555945,-5.113756046241348,-5.204166092143255,-4.971540170371704,-5.301611941301314,-5.115778274586548,-5.1021421693921685,-5.08962444259586,-5.10798927012487,-5.0905571755633146,-5.0932605197984016,-5.089355077655048
2013-01-25,-5.299234843211907,-5.084700990470054,-5.053213408602289,-5.234829137034572,-5.085955881244886,-5.171941246076186,-5.051292550658263,-5.239992747604975,-5.0789410543171,-5.021113864613108,-5.0834832137641826,-5.087829418266965,-5.084804093858379,-5.08940582465179,-5.083611463691712
2013-01-28,-5.257200123493556,-5.171686818568553,-5.070770290740709,-5.311041201916699,-5.175418155984757,-5.254979197408498,-5.083036158198748,-5.316172940054038,-5.185061675975873,-5.106882195788402,-5.15935063807608,-5.167052787963524,-5.159738895036309,-5.163652493918405,-5.159486512049757
2013-01-29,-5.178080679345221,-5.137310801571739,-5.116807901157157,-5.335576729513854,-5.141112995966272,-5.217613749741628,-5.127737934732521,-5.342413697646564,-5.140576917218719,-5.130620703245491,-5.138101601393268,-5.138381607705904,-5.1382809361066775,-5.14681759235348,-5.138539785992837
2013-01-30,-5.1676523314785,-5.123521978740983,-5.05785407635898,-5.302418885521382,-5.129385578786451,-5.2056469676615,-5.111556637496414,-5.266073806160787,-5.1545939123008155,-5.11529962536331,-5.121428378741775,-5.121805283937409,-5.121703701719858,-5.125464801831127,-5.122094133035916
2013-01-31,-5.182369010450161,-5.0183613078256535,-4.954859437262932,-5.124884307829148,-5.022422797627391,-5.060977617386288,-4.967983461870896,-5.1177027040367316,-5.0236943313576585,-4.988355781463889,-5.01098141554948,-5.016215854394517,-5.011322885287444,-5.011646625354475,-5.011044609952698
2013-02-01,-5.179910669596892,-5.215716888646735,-5.0313298299683,-5.312237511432516,-5.2165215699054,-5.263567681950601,-5.019918110027522,-5.278977729712098,-5.219710241864778,-5.214958767306199,-5.186696999675957,-5.199596299672305,-5.187245061284834,-5.183848161133223,-5.185843680266641
2013-02-04,-5.191042932440172,-5.171809764987357,-5.045707481050547,-5.283742020542917,-5.17633248531878,-5.219702583837754,-5.026303011999094,-5.273422940351783,-5.183399007846739,-5.069670083490082,-5.154955448312991,-5.164247351821076,-5.155897322798618,-5.154301903431156,-5.154527417371348
2013-02-05,-5.193770973926603,-5.222553018251943,-5.084122568124969,-5.314400163735992,-5.227583805913206,-5.297782861525919,-5.07662658626105,-5.3522329289351065,-5.231176667975777,-5.160505648953066,-5.204917442520748,-5.217957604565393,-5.206590023708442,-5.201278910177774,-5.2044351819509
2013-02-06,-5.209821247967544,-5.180976908240507,-5.084568523566337,-5.246615988528178,-5.18797364750883,-5.20138457891923,-5.074873595286311,-5.227435665896109,-5.207159487594035,-5.140971694844166,-5.167316703487593,-5.178461477278445,-5.168615914105996,-5.166788626732113,-5.166972384422265
2013-02-07,-5.244353606616833,-4.985123134061789,-4.9410743498987895,-5.069844578429374,-4.9844362062365475,-5.065462327112976,-4.964153107818962,-5.049657801432122,-4.999253317547475,-4.898317246686441,-4.982962499035011,-4.986215189872485,-4.984102234754541,-4.990004449014886,-4.98338131716926
2013-02-08,-5.244147321247133,-5.1721236606877925,-5.148839012709282,-5.2441374450969604,-5.172234202141542,-5.259228339587308,-5.117619945418095,-5.2530449038281235,-5.175368379066676,-5.06640677527339,-5.168636340271776,-5.172728255728099,-5.170082792967711,-5.176407735816121,-5.168763926510038
2013-02-11,-5.246481370252359,-5.336639336728329,-5.2139873910238,-5.3552445863856954,-5.351309688483622,-5.419375239815923,-5.177823428230657,-5.345971458860866,-5.362974551530727,-5.291008120235727,-5.320248872295276,-5.331393592883543,-5.321124573770503,-5.321231522022343,-5.319861494044199
2013-02-12,-5.2396014804144935,-5.325549639293322,-5.243518096476207,-5.386448052567195,-5.338875386610072,-5.375296840421551,-5.234871744361284,-5.346615215219116,-5.328480301590062,-5.261561839871983,-5.317826752841117,-5.32325491583485,-5.318406243391691,-5.32001040327718,-5.317688392020463
2013-02-13,-5.230844732249108,-5.156395834527886,-5.203443618866339,-5.207606630764146,-5.165904187275121,-5.239513493282989,-5.197107528424294,-5.25344167165306,-5.19904451576937,-5.065537271780908,-5.171596034438898,-5.162588314700342,-5.171007551162083,-5.176131686195657,-5.17143143527431
2013-02-14,-5.1277967887005,-5.419136969125148,-5.242449207224372,-5.540852931019475,-5.415141916677145,-5.486184320793726,-5.277726388367129,-5.515672767801017,-5.427783473462501,-5.33702122883931,-5.39865946286922,-5.4069234188956194,-5.398595675289961,-5.400093769012426,-5.398342239040488
2013-02-15,-5.114931287963459,-5.320461414097036,-5.207239407864935,-5.425474578321457,-5.312896239754597,-5.37361939571494,-5.224231406627573,-5.42381137066579,-5.343858657539349,-5.193572726119938,-5.306226268658025,-5.316615736734381,-5.30675173155907,-5.309309193087957,-5.3059018242871785
2013-02-19,-5.089551795292374,-5.277253101415241,-5.192382154979238,-5.349245082388571,-5.281576195851199,-5.373408872569637,-5.194651818390868,-5.378218482116025,-5.304947474261577,-5.143066421063645,-5.272493318822796,-5.277403875962795,-5.272862993472924,-5.274819201915525,-5.272029770826061
2013-02-20,-5.103889981488163,-5.087276232926224,-5.041629309635725,-5.141085691433476,-5.101149062297745,-5.141144658856727,-5.079728877496685,-5.145710517618663,-5.115215689722364,-5.0260801533157915,-5.088872494835092,-5.087400430293116,-5.0892113456699155,-5.092165349271764,-5.089248072578783
2013-02-21,-5.063697636401675,-5.032852258827948,-4.883179959735085,-5.119069868816422,-5.045576420926113,-5.077932389101754,-4.881605956297395,-5.125301125785841,-5.044675221611948,-4.984624443771416,-5.015348623626806,-5.025172636510826,-5.015632824537529,-5.01488558350502,-5.015210257984132
2013-02-22,-5.060606458597957,-5.100596718391574,-5.035522736018196,-5.210154568421414,-5.105896545169904,-5.158537955528838,-5.022074452815547,-5.280716611911398,-5.123277757478119,-5.061292001719583,-5.09567629032533,-5.099710935863722,-5.095495443601117,-5.098901788291606,-5.095653583591134
2013-02-25,-5.160917947820022,-4.6217957214797405,-4.744089581463906,-4.66522341779792,-4.625500037462735,-4.663744922432722,-4.808453314697971,-4.685831385249507,-4.639056763957212,-4.607152390178828,-4.648835659106102,-4.63652668249966,-4.6486450422402115,-4.655299085914399,-4.649736066993551
2013-02-26,-5.231694063451927,-4.643924240830021,-4.585139050828305,-4.75634615613182,-4.672886963939439,-4.663368166617443,-4.639612366540873,-4.776060621815709,-4.69075631730982,-4.63711090689074,-4.645061289050328,-4.643250154934755,-4.645777367347177,-4.647692441325016,-4.645605851220516
2013-02-27,-5.247115654908901,-4.7339157109210195,-4.725014204681195,-4.78885591767552,-4.752704014711795,-4.7914034584095635,-4.747295881839054,-4.792471259562859,-4.769038016347916,-4.703801352461577,-4.737237964430247,-4.735901488448095,-4.7379675979372635,-4.7408070050795885,-4.737613736177415
2013-02-28,-5.276236460336765,-4.698795908186696,-4.789156850812426,-4.733279395082333,-4.731576050679226,-4.772518725892608,-4.830690111017761,-4.777367682667591,-4.772439199949259,-4.667790882544499,-4.721065494307383,-4.710971666218494,-4.720883601084362,-4.7258943258973884,-4.721738635766245
2013-03-01,-5.322384871242742,-4.538296484939448,-4.6019350437842075,-4.582571251484519,-4.577401397938971,-4.560702763087008,-4.62704714861841,-4.643998313962624,-4.593962912050748,-4.541364240406984,-4.554043988357357,-4.54414551219766,-4.553962680920147,-4.557788443193157,-4.554484050738406
2013-03-04,-5.304402813589202,-4.786898279451983,-4.783922632985327,-4.857747922415083,-4.811810340916663,-4.8284222793754115,-4.799287103249346,-4.8634997653411,-4.856751242936869,-4.761492537334736,-4.791400749905155,-4.787519413802714,-4.792224143452043,-4.795019871465185,-4.791893379937468
2013-03-05,-5.289261322855975,-4.870003860626391,-4.830933541212044,-4.978391300386972,-4.901736877023464,-4.914190196378789,-4.857237817207088,-4.984413921805446,-4.923278499647687,-4.908958876030672,-4.870539893495876,-4.870799576366157,-4.870467233180846,-4.872450986773832,-4.870545027227356
2013-03-06,-5.2894006194883385,-4.920164451598543,-4.888004536094552,-4.997857724225922,-4.947229477027287,-4.986863104712597,-4.903814249232557,-5.052255298617789,-5.010305243645844,-4.884504861001849,-4.9202970842287,-4.919355805360584,-4.921326377080713,-4.922526210385026,-4.920557660521503
2013-03-07,-5.270713621675107,-5.023812887485251,-4.9804131182985545,-5.111918090063636,-5.034794413219963,-5.0822210102216125,-4.998711186501368,-5.128495902540744,-5.038505914509985,-4.941427264315484,-5.022587082369885,-5.02377545496882,-5.023032942141637,-5.02557017233982,-5.0227562026223955
2013-03-08,-5.262212871426327,-5.116247541236073,-5.019386143032964,-5.172768648547652,-5.149858158291304,-5.177285034595388,-5.002497670755782,-5.250387780743286,-5.188189801137654,-5.056412260352836,-5.106566970935433,-5.1116196716120506,-5.107084362523271,-5.106986542029536,-5.106322661999337
2013-03-11,-5.235506584752058,-5.24473084060424,-5.1634393215370205,-5.350021959907057,-5.274944867970002,-5.292969238434576,-5.202818877103412,-5.404538824000536,-5.328162369313891,-5.247284391410194,-5.2384764961258865,-5.2407594046984,-5.238560949274518,-5.241630165234352,-5.238728869127884
2013-03-12,-5.228929617009788,-5.111212786339446,-5.163060451852482,-5.210751698315318,-5.1316082093771325,-5.1577666723376545,-5.206685206269496,-5.25742650811961,-5.1710710010362915,-5.097461684214031,-5.125904516785656,-5.112934199847821,-5.12581512188501,-5.131124204033253,-5.126903946756529
2013-03-13,-5.085153678705387,-5.159020392690392,-5.188863612964673,-5.287905942054921,-5.185120004418812,-5.225850768837325,-5.231232627051784,-5.351968532067194,-5.247490883081084,-5.089802085268185,-5.173364755701125,-5.1620116895681,-5.173161608188737,-5.178923872242284,-5.174130072596612
2013-03-14,-5.043375696470894,-5.340439890437742,-5.214749780186742,-5.449368439033073,-5.357361178960093,-5.408753078087504,-5.1918069298012375,-5.527865184447996,-5.415418918835013,-5.285624967421741,-5.325090688662018,-5.332779312667775,-5.325120961183313,-5.3254109661897395,-5.324624191627912
2013-03-15,-4.9578591502912985,-5.207605341873421,-5.136827269589949,-5.301376545982438,-5.226737543895684,-5.262668762118457,-5.154428330848356,-5.3841475303234425,-5.277495103498876,-5.2132835359579035,-5.204829128265273,-5.20492119383389,-5.205147532582269,-5.204820941750311,-5.204693110968383
2013-03-18,-4.899744733123888,-5.023699505078493,-5.055977474425713,-5.104427002421042,-5.045322103023922,-5.0589032628389266,-5.066717412066021,-5.1640512051800656,-5.076860007610055,-4.956795956908171,-5.034034672953826,-5.02669172535589,-5.033940935090061,-5.037407390679662,-5.034548479533851
2013-03-19,-4.937032159414043,-4.6877307522221034,-4.767905785113011,-4.764947087987721,-4.689745437326294,-4.7062259667228155,-4.81713211465897,-4.800266158018719,-4.708145815130348,-4.659007602095058,-4.705958541194393,-4.696474440419335,-4.705870134960899,-4.71040440046861,-4.706817240436026
2013-03-20,-4.914865834573313,-4.875855100371367,-4.907942102867828,-5.003838481717489,-4.869242839330546,-4.907668358590658,-4.94644747700296,-5.057607543610129,-4.890958877291518,-4.874023614361849,-4.886707537655813,-4.878526772697694,-4.886674328665494,-4.891271683295374,-4.887186866756485
2013-03-21,-4.847319473055542,-4.771948958925449,-4.865127020329764,-4.916959297084431,-4.78042628163351,-4.818645055957029,-4.93688957239169,-4.962632808707393,-4.804393076538807,-4.766519017026534,-4.795439851637682,-4.781403244777107,-4.795445812601481,-4.802287185002259,-4.796547455230743
2013-03-22,-4.8495736173819015,-4.867250795169801,-4.955352085776779,-4.971613813470357,-4.868472799607034,-4.936529640527325,-5.027159062197362,-5.029811355046552,-4.91692466809624,-4.8311963401903135,-4.889474684648535,-4.87655863330147,-4.889694398098611,-4.896449331812584,-4.890271727050142
2013-03-25,-4.898157173415603,-4.610718323249891,-4.7803110628909975,-4.715045672361995,-4.618458921963831,-4.6872862496820185,-4.85604393913694,-4.756082043990728,-4.643414220750159,-4.569331160967598,-4.646284655075361,-4.628200238298236,-4.645909437989425,-4.656615002499048,-4.647745611610601
2013-03-26,-4.890389806160282,-4.869971283202031,-5.021675898936722,-4.946471475015447,-4.888936603691127,-4.921680027246185,-5.092142770355445,-5.003392910825706,-4.938888139771378,-4.878054339314069,-4.903485159588768,-4.887799203920602,-4.903253661746708,-4.9126928760485065,-4.904797474133359
2013-03-27,-4.897912417097874,-4.8732445583911685,-5.031455833280936,-4.936233328534132,-4.876532646168245,-4.9280874663817915,-5.0943930900046155,-4.985621155141747,-4.909582729087374,-4.840445268723004,-4.904723619839879,-4.889182917713464,-4.904345258752825,-4.914696475201932,-4.905947133770981
2013-03-28,-4.8832090766584,-5.026481016427011,-5.045057991773691,-5.1159708484861675,-5.0244377520270485,-5.099562592614245,-5.104074903437056,-5.154785864981621,-5.077072167441617,-4.930360805202874,-5.03520280264508,-5.027369843585889,-5.035118980806277,-5.043356352719202,-5.0358169081062405
2013-04-01,-4.872539420393003,-4.911644641441713,-4.9548318443139205,-5.015303426044602,-4.9264305902124725,-4.948496539120496,-4.968889337385831,-5.04163387739122,-4.923504760352253,-4.87275682121208,-4.920986512492253,-4.914409678493321,-4.921766479548631,-4.927510351176183,-4.9216094450723675
2013-04-02,-4.880040423965939,-5.024240932461082,-5.012871599044742,-5.108748909594392,-5.021216487870131,-5.077884600334147,-4.982322404744227,-5.147267941546837,-5.044114106026272,-4.884211173173927,-5.023981226815986,-5.025001828558745,-5.024323325564258,-5.030712362507575,-5.024240505082954
2013-04-03,-4.912383284622046,-4.883374904034108,-4.79737642349402,-4.985669684190289,-4.901407049115174,-4.920985807880575,-4.773766854943472,-5.030688070191884,-4.940635772373833,-4.783924861206285,-4.873115280335662,-4.879774922795653,-4.873398236425899,-4.876007318324846,-4.8728991646747915
2013-04-04,-4.945355090784105,-4.881670819047507,-4.837849227404662,-4.975743925882903,-4.889291648826912,-4.902311747112484,-4.83191179120473,-5.054826780848687,-4.927158830724641,-4.80191968216718,-4.87804075370322,-4.879699350890327,-4.877657652159968,-4.881442097162281,-4.877824007461108
2013-04-05,-4.9659813818369525,-4.8806062426465555,-4.804538101292002,-5.002671798087499,-4.903087878396898,-4.880226607196383,-4.822358531131001,-5.016968305327444,-4.933903517634105,-4.880093627630659,-4.87338873667672,-4.880021680814636,-4.873448684695191,-4.8763987551048,-4.873274428442957
2013-04-08,-4.975174008815399,-4.9814442533593475,-4.912926342054456,-5.130631667867788,-4.997220086073954,-5.048643075498063,-4.931221160624806,-5.1948704928407485,-5.045498846482113,-4.93329931044453,-4.977604156139713,-4.9814699360559125,-4.9773551106421525,-4.983298439419184,-4.977771042753018
2013-04-09,-4.959983943649097,-4.921994431500253,-4.895945871617146,-5.044139031172036,-4.921095867074093,-4.977999350238917,-4.882775964534331,-5.065571837914378,-4.902455100015171,-4.8199919776061195,-4.922064637164173,-4.922081869123967,-4.922070060459525,-4.9270918522925475,-4.92208402875518
2013-04-10,-4.941623329486699,-4.993391762167638,-4.948099029512862,-5.127621335170174,-5.0003052797986385,-5.047050736519922,-4.952427826518008,-5.148656041789949,-4.97832244845607,-4.86884817412495,-4.990690016774064,-4.9933613182121,-4.9907428980650135,-4.997940121351001,-4.9909115900416205
2013-04-11,-4.9463915712442,-4.95883169965084,-4.965193642379491,-5.042686375497302,-4.972267747535978,-5.000478212802985,-4.94961627110076,-5.124457222207366,-5.004763848510229,-4.868303007342038,-4.9618272440939055,-4.960419122600008,-4.961702892349525,-4.967452962452335,-4.9622244065378665
2013-04-12,-4.952322105615533,-4.973213050868574,-4.909243971704534,-5.126200418040047,-4.977673601235309,-4.997756724546303,-4.901720912633922,-5.165501292308483,-4.974455846806852,-4.906096755041408,-4.9666118728385555,-4.9714633587908335,-4.9667500435401815,-4.97181973269476,-4.966516860345343
2013-04-15,-5.054017957915355,-4.5155377215419295,-4.555286943799013,-4.6228205512169565,-4.515420161250249,-4.549235501393127,-4.5819471283637,-4.661544397416483,-4.518137358414136,-4.434157829138233,-4.526219284129578,-4.518516776273526,-4.526470885940135,-4.535994833674403,-4.526632526761139
2013-04-16,-5.061990006066508,-4.693096298006963,-4.711999956315728,-4.791728320323724,-4.704159978306007,-4.731032310708417,-4.740339298833538,-4.8132195512774985,-4.725207365609267,-4.5992175386552665,-4.701491405726885,-4.69621447884141,-4.7014905235364,-4.709495522618068,-4.702165649415591
2013-04-17,-5.151237412323731,-4.4734620084849395,-4.491531002364673,-4.592608499431926,-4.4526646423532155,-4.489031084852554,-4.500500110623299,-4.582443781353007,-4.405667693449727,-4.4685418633512315,-4.476834455808451,-4.473342004723333,-4.477364945817297,-4.485633794660937,-4.477219340472915
2013-04-18,-5.230568862006257,-4.430640700936651,-4.40195956105495,-4.563061951029477,-4.42903951310221,-4.427220753015661,-4.393192394462096,-4.562369023713476,-4.391024104389906,-4.4823517011994065,-4.4278216360374625,-4.432144965496613,-4.427951735215771,-4.433451222091712,-4.427539012893537
2013-04-19,-5.252249269932472,-4.5192583645690005,-4.53109254133566,-4.645270704519203,-4.513733673333538,-4.539373759492037,-4.520970954968502,-4.715959290093398,-4.492607300210311,-4.4990775718639355,-4.521979448778102,-4.521881827554019,-4.522052348156653,-4.529280539971714,-4.522308819745178
2013-04-22,-5.128955348841738,-4.576279808548461,-4.612426420266657,-4.732110945251969,-4.584726385158065,-4.5813024275374135,-4.6327368989571545,-4.769559289280293,-4.555640496612632,-4.576443787644563,-4.584487104492589,-4.580674600145304,-4.584613674819831,-4.591693587986806,-4.585331529329793
2013-04-23,-5.146163778281438,-4.380791572989813,-4.210494824907878,-4.525350060520046,-4.359258421912893,-4.416836053825165,-4.203260915346045,-4.5695452781547,-4.345070482814896,-4.351024112393955,-4.358180160210974,-4.3700664698307765,-4.358483611466017,-4.360274612195488,-4.35747406700723
2013-04-24,-5.116695391068572,-4.725948153027757,-4.660662200691794,-4.976213784779021,-4.722977350451717,-4.78940777581953,-4.724482091255431,-5.029171919545416,-4.701928067383444,-4.687944420398138,-4.726205618830427,-4.726403739880787,-4.726792794784624,-4.732785928064663,-4.726599399360524
2013-04-25,-5.083493232368644,-4.790971048259645,-4.6450460830361004,-4.995614129012388,-4.7609583192442635,-4.8324068854697915,-4.6830931161323655,-4.968451833995265,-4.719087127847771,-4.665435740712255,-4.7751269877822065,-4.787256327507748,-4.775959616176976,-4.779683509407528,-4.774759317879603
2013-04-26,-5.030733394519994,-4.731562422607831,-4.768655495025465,-4.868674491140043,-4.725442414229652,-4.766483379707504,-4.786448366379559,-4.950928838822103,-4.690941753184589,-4.747384872872362,-4.743999560020563,-4.73536977391508,-4.744618511286937,-4.749318033108205,-4.744266437048919
2013-04-29,-5.003411884224041,-4.846705318612714,-4.887005696491483,-5.006890506278782,-4.842409103689545,-4.891210201904633,-4.9429912182360765,-5.035728490201484,-4.857819861910044,-4.759669993990933,-4.863920708528529,-4.851155131662707,-4.863914604442359,-4.869842818711328,-4.864859207851831
2013-04-30,-4.940539490696051,-4.887180457403996,-4.865153022841175,-5.088887170833692,-4.884150399196933,-4.943225261570007,-4.907257719477328,-5.1401466256294635,-4.934732113337841,-4.781496555782786,-4.894614105766839,-4.888248345771051,-4.894279999520784,-4.899585008565062,-4.8949144244561
2013-05-01,-4.851739638596248,-4.802737668451724,-4.760652486136526,-4.928441564724811,-4.795574915047219,-4.869327366637652,-4.7833731991835915,-4.976230154550108,-4.8332680992083725,-4.69213289858144,-4.803743133639066,-4.803599480418775,-4.803868651771522,-4.807027186896565,-4.803857163174033
2013-05-02,-4.7865434542942,-4.960859671786508,-4.810595118590812,-5.076817576676106,-4.955187002122299,-5.012059830171748,-4.815517149686508,-5.109476474154899,-4.97955195902193,-4.805381394672888,-4.9456671199451705,-4.957051452843629,-4.946153884495356,-4.946413474315751,-4.945360419302065
2013-05-03,-4.716870780763466,-5.034798851655653,-4.8691819058099455,-5.189031898233606,-5.0388585673013955,-5.076505478682095,-4.861941903349645,-5.231925041812949,-5.091968154027096,-4.914635913467904,-5.018950805356539,-5.029610709463933,-5.019225268500935,-5.019310874025162,-5.018236954140151
2013-05-06,-4.637367544089029,-5.139981836505986,-4.978620038302962,-5.296592276391285,-5.134648279511627,-5.2011830519814835,-4.962488140995719,-5.2896796939296165,-5.175315744028302,-5.00731013920262,-5.12269892631763,-5.13426301157889,-5.124000751427673,-5.125670346718914,-5.122350540728537
2013-05-07,-4.602706188656276,-5.087401318654725,-4.998195729979236,-5.2805759890337365,-5.078552103223248,-5.1131820101278525,-5.042381843814138,-5.264811981459329,-5.0708491635814195,-5.018035414357591,-5.0846258888996925,-5.086231052325308,-5.0846224384659235,-5.088599590118101,-5.08490749328009
2013-05-08,-4.5794736383482535,-5.196956421089066,-5.088544769790858,-5.31332949799536,-5.189115079106559,-5.249805878155809,-5.068111958387212,-5.353571574623107,-5.230791314506073,-5.012927473593743,-5.1871053082491,-5.194465312662809,-5.18746306406728,-5.186636113245633,-5.18668325183084
2013-05-09,-4.556408142585059,-4.911266850130315,-4.994437951401019,-5.018281237686889,-4.892729575158442,-4.953152656708171,-5.092349953062466,-5.031838016210034,-4.922888980498162,-4.787607040204454,-4.931265392232024,-4.917317519726328,-4.931162833728279,-4.933520082373372,-4.932454046827798
2013-05-10,-4.528650069419388,-4.857712708383312,-4.961245487703297,-4.939141783400312,-4.842463446461105,-4.9079328191123865,-5.062493282650801,-4.975172252573208,-4.890684241791555,-4.770080586225415,-4.880281357845099,-4.8665180596810895,-4.880089891147863,-4.8808046949809185,-4.881526689027642
2013-05-13,-4.5029123952231584,-4.912094857654141,-4.9873226429646556,-5.030351140753857,-4.908174406930341,-4.939181911270331,-5.076749742266187,-5.037374845565922,-4.9201257944961325,-4.854051304958554,-4.930243487372017,-4.916014380738336,-4.930005253273746,-4.931250234201259,-4.931457580358377
2013-05-14,-4.464591978465336,-4.913973881471608,-5.004448787963029,-5.043970991381265,-4.9001619773993985,-4.962619195685459,-5.077887963933371,-5.112622358509262,-4.945484377511472,-4.852834536985529,-4.933548109793651,-4.92038621935931,-4.933574291563856,-4.933273948293798,-4.934563838148997
2013-05-15,-4.449441839531854,-4.812305659478302,-4.901957382341388,-4.898296322324853,-4.805084944993537,-4.841190051355156,-4.973789497046015,-4.961774287760496,-4.810570943484956,-4.855362874741376,-4.831416181768092,-4.819069093609858,-4.831175535136636,-4.830439759060228,-4.832382396492843
2013-05-16,-4.4560360579147265,-4.831848291390751,-4.857580586184961,-4.973912005772752,-4.8250568252829895,-4.882220055027133,-4.925074359482268,-4.996886171835329,-4.847888901347912,-4.756887948107851,-4.845238471434779,-4.836349604673937,-4.8454822049177455,-4.843406744712632,-4.8459705136279805
2013-05-17,-4.380498921440822,-4.976896204511157,-4.993061739417614,-5.115380883043456,-4.947653446541332,-5.020895985537258,-5.055978679228278,-5.168571843936279,-4.980019145658338,-4.8353049074625165,-4.988772745535119,-4.9797884730142545,-4.988538708230745,-4.987292482979559,-4.989592157023003
2013-05-20,-4.328197002509352,-4.931452882393467,-4.977438604632622,-5.021993161223563,-4.92580259075088,-4.967509670350548,-5.024774816866509,-5.062670678183514,-4.956701504804648,-4.821407388713869,-4.944514550108117,-4.935253967554621,-4.944544264684969,-4.941141295009802,-4.945240116483778
2013-05-21,-4.273796437593845,-4.87250475219063,-4.954573395987138,-4.9500766924229245,-4.852999031828407,-4.914735669621631,-5.018325269395404,-5.025502334213827,-4.9343641776511165,-4.643082074937603,-4.890555268014936,-4.876398055702614,-4.890718864681723,-4.885502814790738,-4.891383775336181
2013-05-22,-4.2493995821315735,-4.491521540705649,-4.507646576409631,-4.537613161284646,-4.480021588461709,-4.518759508326046,-4.535706378475951,-4.5701160160371845,-4.520184138106729,-4.377238419845942,-4.498524159410368,-4.4943754732601,-4.498560766200621,-4.4954211268966295,-4.4989112718712505
2013-05-23,-4.253579024265008,-4.522411110690352,-4.588192136113942,-4.547630490983884,-4.508072273695885,-4.569863309074488,-4.624927548908359,-4.614430298934285,-4.560237897958663,-4.424940557327622,-4.535551430713477,-4.528633421930969,-4.5356369739481766,-4.531768148161803,-4.53619721548521
2013-05-24,-4.251708464544054,-4.636107801212411,-4.740384015279276,-4.689784217919762,-4.619289657178578,-4.666825951370853,-4.816359638411922,-4.728336940739277,-4.653893217722993,-4.5784401576843035,-4.655965401019295,-4.643031792886513,-4.655803817415651,-4.651245567465577,-4.656939692143481
2013-05-28,-4.2528879938041175,-4.59629215912052,-4.686328159847936,-4.639410284072491,-4.56980205676112,-4.6305664593512965,-4.758470446115878,-4.64968008107688,-4.607933755257759,-4.462263036451238,-4.611877515540014,-4.601249597406959,-4.611551609920487,-4.606746253280177,-4.612786637479716
2013-05-29,-4.258281593083672,-4.472971695859181,-4.550275670963293,-4.447136823491695,-4.448412306903654,-4.513314265276679,-4.560807994241199,-4.448398488627241,-4.49291945153598,-4.283392351649692,-4.482291053455574,-4.4763810500483565,-4.482490119304599,-4.477512629614941,-4.4827734779406185
2013-05-30,-4.260257864984622,-4.624866992456129,-4.735313204207101,-4.595468436993271,-4.604513761838568,-4.665316467761511,-4.750886849777262,-4.648395606470566,-4.651936885424889,-4.479638288521972,-4.637793289522928,-4.629931512000786,-4.637916664612706,-4.633553049657978,-4.6382972927474215
2013-05-31,-4.2732738633148335,-4.49266550922115,-4.626389599082231,-4.512258323529035,-4.4549050660610865,-4.534162505984106,-4.689723180497663,-4.541651360142984,-4.506806008930615,-4.230844922955299,-4.511658860308775,-4.497371403774812,-4.511407337579097,-4.504037954139223,-4.512709699918664
2013-06-03,-4.315583175316321,-4.347654451593301,-4.403915287660439,-4.32156577868098,-4.3140175640393466,-4.403885193379884,-4.407724663549601,-4.396267850997876,-4.373241715054721,-4.104904798170245,-4.35556793968819,-4.352779127475554,-4.355587749639729,-4.349951909064866,-4.356162127713621
2013-06-04,-4.326155577253427,-4.378900045472458,-4.429060921151922,-4.417172259952093,-4.366143101684234,-4.409066334512508,-4.4548679142722545,-4.4566441016784655,-4.389848158374782,-4.244485875957299,-4.387853755946766,-4.380962638042893,-4.387805434495076,-4.384142931084854,-4.3883551140467345
2013-06-05,-4.36307253063811,-4.339667007996244,-4.420283508282521,-4.389031442031447,-4.326155176677219,-4.365880162037102,-4.460882954338106,-4.417044948846065,-4.352287965626611,-4.241929993262586,-4.352685671431563,-4.343669892013705,-4.352524807352274,-4.348975907021127,-4.353480970901157
2013-06-06,-4.415394243935658,-4.266849077357127,-4.369786630073741,-4.30415886617452,-4.2569759498127135,-4.295005678917297,-4.422799118891028,-4.339596110036703,-4.283189798080325,-4.13771330365956,-4.283356743329709,-4.271811931876208,-4.282987728308908,-4.279127606259685,-4.284155739760723
2013-06-07,-4.422415992043895,-4.374231364980402,-4.491210635001224,-4.419058144190487,-4.349966531936562,-4.404936843468366,-4.529236024303307,-4.4360840901959895,-4.3838975846127,-4.237597763057083,-4.390646300467173,-4.379514251185002,-4.390845650232552,-4.387855034524212,-4.391552607803977
2013-06-10,-4.437099762125621,-4.471364381814814,-4.636519598503339,-4.51011539220691,-4.44882938788735,-4.50427118315607,-4.697192941859235,-4.5293354833566255,-4.490384989882495,-4.327959843833964,-4.495993252827513,-4.483187815894871,-4.495519143299986,-4.492944845744581,-4.497290186591492
2013-06-11,-4.473664186048934,-4.381673896911326,-4.548310942455968,-4.446305120236352,-4.357635140101595,-4.408311854552777,-4.607458534854297,-4.46586733563157,-4.388901227954105,-4.20537510108063,-4.405957190616914,-4.392257355219666,-4.405765972659933,-4.403552682708977,-4.407290198504043
2013-06-12,-4.522510954054865,-4.371933677286335,-4.513909487844619,-4.449698655891429,-4.341397035509784,-4.3914371724253884,-4.567144616204073,-4.488018611980032,-4.376399764577023,-4.23665054196146,-4.392718944803597,-4.381093503676712,-4.392676417663101,-4.391628868856168,-4.3936912083965565
2013-06-13,-4.552877463383531,-4.439303391543702,-4.579459477957967,-4.48593639651013,-4.414499429324341,-4.464356393291911,-4.635292061571005,-4.526753594393527,-4.450076686730498,-4.31857382237522,-4.461113754948141,-4.4485501748887035,-4.460809665186378,-4.4613347368192064,-4.462136032164083
2013-06-14,-4.594785126636688,-4.3710070426076255,-4.527810074089175,-4.409775748749769,-4.342282143750176,-4.396165468483261,-4.575563255996287,-4.4610499401175865,-4.380761555434211,-4.25450467046906,-4.393272592120465,-4.382513673913377,-4.393195375903566,-4.3948719886169405,-4.394258138391443
2013-06-17,-4.6278509383446575,-4.403693187161271,-4.596989346129236,-4.452718736069345,-4.376084445276211,-4.42692212031805,-4.679642625850288,-4.466174019777207,-4.412139168893132,-4.289689417789536,-4.432489080719489,-4.417547986386808,-4.432194768877848,-4.43554579754329,-4.433956647765183
2013-06-18,-4.63304087916602,-4.592562578208528,-4.734020015389326,-4.654064689456706,-4.56456733698357,-4.628646269570123,-4.8198305615785815,-4.704584187901003,-4.60960444199268,-4.49451335427336,-4.616758577445009,-4.6001223806257014,-4.61659806233091,-4.621988207532658,-4.617939748556522
2013-06-19,-4.7384465836577405,-4.229731647475593,-4.3338549294811575,-4.241361585451137,-4.192942809840822,-4.257244414432517,-4.376921699681132,-4.261341551685916,-4.237484213781853,-4.079392838168497,-4.242864155722224,-4.23346661991603,-4.242995590495683,-4.248569166679407,-4.243526840300272
2013-06-20,-4.834560286098034,-4.219015315592804,-4.273723721430038,-4.268652948027983,-4.1860066785445635,-4.267188986778284,-4.31360199801784,-4.315553854592293,-4.23727582303256,-4.082113288715486,-4.229269533092273,-4.224416891965957,-4.229295821674077,-4.236382332759873,-4.229984813153286
2013-06-21,-4.9378335981211645,-4.15654842416907,-4.1577350831772195,-4.234600587234189,-4.137480485736235,-4.197943311031448,-4.18659577179184,-4.25401571452694,-4.174927894138569,-4.082358366710644,-4.162064235134394,-4.15879011860909,-4.162192563733078,-4.167526657524141,-4.162447534370863
2013-06-24,-5.121804235213272,-4.04124680560069,-4.105193249222274,-4.107406567432913,-4.019501985269144,-4.08420716954294,-4.143433182516356,-4.110111167049,-4.066435931219955,-3.904415159669212,-4.054584466523739,-4.046513501025382,-4.054890095081429,-4.061923624741256,-4.05531653088657
2013-06-25,-5.193283110472418,-4.156855670159537,-4.317067466925892,-4.216168246934135,-4.1347669526592865,-4.201239311250832,-4.412472324866129,-4.248620601508833,-4.185642810052343,-4.002884719340858,-4.186817168048365,-4.171304053284923,-4.186864105472761,-4.1953541900116935,-4.18813280499167
2013-06-26,-5.229914564944717,-4.298994138455848,-4.4376836102893815,-4.372312066574821,-4.292517074118644,-4.333450962857211,-4.5292529796095975,-4.391273060323943,-4.329217055974298,-4.1958446551338335,-4.325345331495414,-4.311498133997848,-4.325286538905213,-4.332919981593371,-4.326697704243019
2013-06-27,-5.2622398757876985,-4.339097755253585,-4.477535098723396,-4.4367626906217,-4.341553038053575,-4.379352314607606,-4.615294221957376,-4.446519866703431,-4.370740081657201,-4.154351695665876,-4.369960820902434,-4.354432549575332,-4.369595653788106,-4.378633066891455,-4.371577801191839
2013-06-28,-5.28706940756884,-4.306833245730477,-4.422872045549383,-4.400741414003094,-4.32014660895196,-4.324557796574888,-4.529873599410799,-4.399385196002144,-4.320344279545322,-4.132993528998714,-4.332085910319327,-4.31798375898852,-4.332065768456204,-4.340181203574001,-4.333439411661342
2013-07-01,-5.326084541429506,-4.486231981839473,-4.52152511882644,-4.6017923456891685,-4.514286251571054,-4.52662354695522,-4.604867960237792,-4.6256663915376315,-4.547714101900037,-4.329272047047568,-4.5026559132355635,-4.490917909433004,-4.5029086284830235,-4.5104836286098635,-4.503686907476192
2013-07-02,-5.410810331493586,-4.427733716303134,-4.572284889595999,-4.517605797754226,-4.454798168528367,-4.454921377327977,-4.653845081055166,-4.557885981491247,-4.47858766071474,-4.3668104052563645,-4.455710169550859,-4.439960372554392,-4.455429835897531,-4.462628658318335,-4.456904548293996
2013-07-03,-5.483443097360497,-4.4762075821359355,-4.630166730635465,-4.554945065479889,-4.518767484372783,-4.500701988452202,-4.70142753233841,-4.589654818988612,-4.52925231992104,-4.364346661682584,-4.502076853803508,-4.486783775235612,-4.5022307798996986,-4.510279092247333,-4.503200355985295
2013-07-05,-5.5726158768044805,-4.411317354106723,-4.557540077143599,-4.495426235910523,-4.465030377331177,-4.443220833430825,-4.667060968855295,-4.545392813183259,-4.461805421883556,-4.260999017571012,-4.440884258853994,-4.425813872259784,-4.441075891112975,-4.449762434247826,-4.442466236219235
2013-07-08,-5.5847799478045115,-4.596366592815677,-4.696197333103696,-4.686685266779752,-4.656012371786169,-4.627205508338321,-4.789605429249289,-4.738051871166226,-4.634052411767647,-4.484302194941656,-4.619657373729056,-4.606450077740767,-4.619501886786251,-4.627065167257175,-4.620798650922375
2013-07-09,-5.5803023869378405,-4.694278097778955,-4.753721959442663,-4.840149893425022,-4.734367334918701,-4.73283338960791,-4.82754129068294,-4.8641105298869425,-4.716727821009281,-4.659968196619508,-4.712538695670903,-4.699637590022377,-4.712644319032673,-4.717720572286119,-4.7134955448146725
2013-07-10,-5.612502247097315,-4.559989049795946,-4.640406809685911,-4.662969303801509,-4.630409523649199,-4.599941246713059,-4.721641541246494,-4.717616132325986,-4.601818758801564,-4.4866823654284635,-4.580905958019694,-4.569523086365792,-4.580883748993689,-4.586782295138786,-4.581767596045982
2013-07-11,-5.613461563368478,-4.757227495629721,-4.747818930687945,-4.837399411340965,-4.81868685555033,-4.801376785368723,-4.786173758043308,-4.893723096165727,-4.818724955041178,-4.725815671567759,-4.765591035208162,-4.7582755532778345,-4.765547051527579,-4.769315469194991,-4.7658441513438445
2013-07-12,-5.581137854143518,-4.872037211661824,-4.840137521531136,-4.9825236749306585,-4.967987659400002,-4.876916455389208,-4.889986747357645,-5.035477753045127,-4.9025505578240995,-4.82218720174725,-4.876769813241734,-4.873918430351765,-4.877682351984632,-4.880644367897467,-4.876963787619768
2013-07-15,-5.532762184242177,-5.0918243864361505,-4.955950357113489,-5.205797801540653,-5.181378977808052,-5.114363121565333,-5.001687824059924,-5.24114944760695,-5.134162884544153,-5.067675458693824,-5.086965659178875,-5.090784151158492,-5.087546031189807,-5.088897604479372,-5.086458071858704
2013-07-16,-5.4697466143871605,-4.924441529471978,-4.913276566444518,-5.053707037471573,-4.992683191570898,-4.981677037665959,-4.956097958312745,-5.088292128007982,-4.9992508333601755,-4.922115922891433,-4.9360320688318575,-4.928709814878802,-4.936063911086816,-4.9391767649250555,-4.936485137021694
2013-07-17,-5.433938047088809,-4.963102751982843,-4.953628755793895,-5.0624553458151835,-5.02404668650377,-5.00867563077955,-4.98943624041682,-5.092981861220577,-4.969630430184905,-4.958282017031701,-4.970771924413181,-4.967029949168519,-4.971224331550747,-4.973481993732674,-4.971106593392475
2013-07-18,-5.416341180811708,-5.027804815735943,-4.952499806746736,-5.165987095173998,-5.081307408017514,-5.039131038534982,-4.88978215476739,-5.1939012066813905,-5.03228500307048,-5.028120129514906,-5.022695971928705,-5.027835786840484,-5.025026454445293,-5.02240820598692,-5.022084702245847
2013-07-19,-5.412209458071854,-5.015791887056132,-4.97332675731518,-5.155653333221744,-5.08413419274203,-5.041853629551513,-5.001357533343152,-5.228804199093426,-5.037000644881968,-5.021927426762567,-5.017368068386975,-5.01707926416052,-5.017410498494487,-5.019872837658831,-5.017247510613527
2013-07-22,-5.302802104757975,-5.1029465809829855,-5.008484600900882,-5.26469784762717,-5.175821556238622,-5.1224767609406845,-5.034381278644255,-5.311516841193708,-5.132193034807726,-5.14495710083144,-5.100314045776849,-5.102364796904461,-5.10034266651923,-5.102760127478664,-5.100483786340244
2013-07-23,-5.292114139038471,-5.157990702039342,-5.041665378331981,-5.296980346616555,-5.225274701902419,-5.179540080523385,-5.006216383942474,-5.329669708312641,-5.181122162914091,-5.183622071225938,-5.148872794130279,-5.1569619473095,-5.149458646555894,-5.148855668446299,-5.148381300691193
2013-07-24,-5.299000575773492,-4.977499296928703,-4.964741807753985,-5.083844693969062,-5.045447349282083,-5.005041098514465,-4.983030035291687,-5.089451308967092,-5.00443795604968,-5.01906169867035,-4.980686250305049,-4.980018686815311,-4.9805733823007925,-4.98335707651828,-4.9810379042551745
2013-07-25,-5.289345599028,-5.0208802110408675,-4.891596798035968,-5.121576129970712,-5.077170942409366,-5.0384866428983734,-4.926529586109888,-5.107964205453947,-5.018801868397671,-5.052350327303435,-5.014431059409108,-5.019703061894472,-5.0152306599123415,-5.015557062826164,-5.01390132081903
2013-07-26,-5.241981886969974,-4.980811541098605,-5.021422055394512,-5.062282184550116,-5.061927979221526,-4.978229366778786,-5.088968175155063,-5.071845838286415,-4.969193333252846,-5.034857291952636,-4.992295377721784,-4.984303663709172,-4.992404837579027,-4.995154753399868,-4.993041678389084
2013-07-29,-5.216027775183998,-5.051636581922346,-5.075170822395581,-5.116155534302542,-5.119276708676768,-5.064920318614595,-5.124895015427197,-5.135721406177367,-5.076042857642741,-5.093920849573522,-5.061925207334934,-5.055683659362942,-5.062018970302191,-5.063998642837856,-5.06245729286444
2013-07-30,-5.201477753276884,-5.0152770030005716,-5.022924618793416,-5.088684309626329,-5.090299134785977,-5.023884792870237,-5.017970401957988,-5.196818363857445,-5.069149231014365,-5.069795452184117,-5.021838322245417,-5.0190124230764965,-5.021825066034754,-5.023488794375254,-5.021795182041543
2013-07-31,-5.184401879849025,-4.844386870739553,-4.83974564872156,-4.781476922029979,-4.958950928207056,-4.8622071349022296,-4.875994980480518,-4.802699553398036,-4.930187824056853,-4.904306036408283,-4.853651719138747,-4.8485407223811325,-4.853735977347312,-4.855376194747993,-4.85324587562505
2013-08-01,-5.138108109961218,-5.0906625404730415,-4.88307944003075,-5.170305814791593,-5.203212449056155,-5.1301363694814714,-4.866735111859435,-5.232995898049009,-5.18734246364688,-5.149147074004866,-5.076409036233621,-5.088744861045814,-5.076367659926698,-5.078767040716181,-5.075343779719776
2013-08-02,-5.119593804017678,-5.194395934002207,-5.076617818189584,-5.271397092722368,-5.289480112096603,-5.218670185206171,-5.0503751741557545,-5.358595963934956,-5.255771923177269,-5.229733514141109,-5.188004330602012,-5.194605409895436,-5.188661192279646,-5.191154545667605,-5.187627478806444
2013-08-05,-5.106938642528317,-5.262269744397211,-5.208327196731804,-5.333739456884431,-5.321678944426701,-5.286903485498216,-5.216539879566706,-5.350642549750981,-5.320211284619426,-5.281781017998566,-5.263063961187678,-5.264004960104982,-5.263748899817878,-5.26597457632704,-5.263211534886482
2013-08-06,-5.003720482550837,-5.14560719185764,-5.0842150185615465,-5.216567328013088,-5.226373424836094,-5.173874010202654,-5.106901583027829,-5.247350144017328,-5.212606147699971,-5.162053804864541,-5.149067462133576,-5.146076084996556,-5.149195697242525,-5.152894510038119,-5.149193917114995
2013-08-07,-5.0119576472293215,-5.190338391815588,-5.159876522195767,-5.2686404842521535,-5.256975297154251,-5.2104965863092625,-5.1629290984904,-5.273569469596825,-5.240320055711992,-5.194493034286848,-5.194520358870555,-5.192456550356704,-5.194338810111221,-5.196995311088684,-5.194542046684247
2013-08-08,-5.023089469192023,-5.173683675039336,-5.174034018434704,-5.206724222552818,-5.223156296644737,-5.209385409152655,-5.193672815754137,-5.240395139909203,-5.263449177442146,-5.1724223986030955,-5.1800212832749795,-5.17532550965929,-5.18012984644464,-5.182611979303373,-5.180232703082453
2013-08-09,-5.043093547412407,-5.060756001009587,-5.1307603595348565,-5.130731155966027,-5.1340396097444305,-5.065628980188771,-5.193147023437336,-5.1854109495911285,-5.121999999524693,-5.052858788418386,-5.077844519411161,-5.067144730226584,-5.077956190867656,-5.081546376904316,-5.078701307199901
2013-08-12,-5.044055673649746,-5.132658565354413,-5.157183270021538,-5.187619120406955,-5.163486822307347,-5.1467906958753895,-5.19435400803134,-5.202201612482996,-5.174624189404719,-5.12923124281312,-5.1405026112161165,-5.135323304564545,-5.140562025003775,-5.144180189558335,-5.14111359766344
2013-08-13,-5.069712580442843,-5.011623267335404,-5.123380988498478,-5.035388644434199,-5.086098915344839,-5.030337953274095,-5.161174026483957,-5.061077768103053,-5.065751846954407,-5.000670117531316,-5.029487015940393,-5.0191508090679715,-5.03021636987252,-5.034024891097439,-5.0305966538204565
2013-08-14,-5.084547152238255,-4.997152004842379,-5.149232237662011,-5.064541496717085,-5.05428708867987,-5.0055186949875505,-5.241346275893233,-5.103793469277988,-5.044778648894801,-4.993897625120324,-5.019976295334434,-5.003771417099065,-5.019849169963814,-5.024510130271512,-5.022035406574485
2013-08-15,-5.144076085475539,-4.841330329232354,-4.960573881469805,-4.919104258153872,-4.902032121301067,-4.850168738034723,-5.053451206495387,-4.952767185728288,-4.887935873782688,-4.830505630594297,-4.8630235437657605,-4.849961481269258,-4.862810781615358,-4.8692543547922185,-4.864937774442019
2013-08-16,-5.014661343224675,-4.859632617238187,-4.97327401557949,-4.88963222421082,-4.924387977483923,-4.876558473583452,-5.046664837273913,-4.949337728329432,-4.918315977383421,-4.852414707144169,-4.879980030471309,-4.867792241039973,-4.880031479159575,-4.88522455338137,-4.881313697064765
2013-08-19,-5.020902462976018,-4.9252287312293745,-5.064271066265229,-4.9624142407657645,-5.006427632480206,-4.936920133421286,-5.163609680128232,-4.985642512155969,-4.990606193968294,-4.9169229825042065,-4.951112510082893,-4.937401077384507,-4.950768564377264,-4.957542192925637,-4.952795638775022
2013-08-20,-5.0187336027304426,-4.989820463214591,-5.01872512300201,-5.068629634044346,-5.044819986871641,-5.015770344803117,-5.067446694990142,-5.161387269488493,-5.072108872954498,-4.989994373266974,-5.005235205254942,-4.996484134141724,-5.00532410479495,-5.010812642155288,-5.005903054177106
2013-08-21,-5.084327806249609,-4.661805239139957,-4.79470190532333,-4.698753784325405,-4.750941371339273,-4.683180179654941,-4.884160319691624,-4.7511272737821715,-4.741182522804774,-4.64964410345999,-4.689387953378614,-4.675426253458358,-4.689362252321118,-4.69657592605568,-4.6906572713400685
2013-08-22,-5.076187401695235,-4.970734226257018,-4.867168980595987,-5.059941542756907,-5.028697201285506,-4.987803595283864,-4.893439903072174,-5.167769456806979,-5.050030267477978,-4.963711736959969,-4.97007433663528,-4.970609913155146,-4.969730530686114,-4.972670348787382,-4.9694637068056
2013-08-23,-5.048550422218296,-4.931497957401128,-5.04385753987949,-4.978573440020505,-5.00576185750597,-4.936757761470753,-5.1299267748696105,-4.983250126952687,-4.9798167652406,-4.919810199048345,-4.9551442624512125,-4.944593774852107,-4.955519230414064,-4.961954019551777,-4.956518925301297
2013-08-26,-5.046304005126253,-4.87990924233168,-5.072713731210814,-4.940388305471607,-4.929717590291359,-4.887300818462846,-5.194801177345654,-4.9443190005539694,-4.912256046684556,-4.876625278795901,-4.912652015984548,-4.893432420832701,-4.912278788568505,-4.9198128618309305,-4.914886513941513
2013-08-27,-5.099285635493349,-4.699292620304337,-4.899103800260779,-4.755708166163376,-4.76332632261269,-4.704155680132837,-4.9782408604275155,-4.770983967388852,-4.73626778524466,-4.694361315390903,-4.73114598415516,-4.718346694382836,-4.730968667188612,-4.737472994701847,-4.733008188791574
2013-08-28,-5.089881243981861,-4.837679021536061,-4.992048703733567,-4.8770240592794325,-4.878792079206179,-4.845939631457135,-5.066685773681702,-4.892715994921518,-4.854958071849908,-4.835342488785764,-4.861521446241725,-4.848837984789519,-4.861344047127535,-4.866474744155666,-4.862807184799013
2013-08-29,-5.091272369493553,-4.842964050595713,-4.949601394859455,-4.893095899791018,-4.892523267589293,-4.852980852612269,-5.03129891348311,-4.906745894258949,-4.884124333301796,-4.839702516910966,-4.8650319317151665,-4.854435200525015,-4.864899177277206,-4.870959804538268,-4.866499130774423
2013-08-30,-5.12697664406172,-4.683625435213578,-4.852508017408135,-4.725922437144924,-4.749456616846068,-4.6911531582457915,-4.939654166644087,-4.740680646329082,-4.73442372499159,-4.679489790132562,-4.7110149355753315,-4.695805836466784,-4.710750608240502,-4.716893313663359,-4.712547114366059
2013-09-03,-5.092634826133959,-4.697820012458701,-4.720359201960575,-4.753833951034598,-4.77702258652969,-4.702670399388825,-4.760302932830159,-4.7909779092432885,-4.759932943298717,-4.6965927890139465,-4.7099728306339665,-4.702033427926886,-4.709734177358435,-4.714487770551832,-4.710399598161828
2013-09-04,-5.0898296338236655,-4.854929728572549,-4.892226205290854,-4.91163579575837,-4.901731570150662,-4.860364552570152,-4.961853404129962,-4.936681821128428,-4.879394151123856,-4.8542303290273665,-4.866224186994085,-4.859236210877997,-4.866385932597592,-4.86822471072758,-4.866773774923213
2013-09-05,-5.07047255746283,-4.925623283134964,-5.011876181876829,-5.015634604631499,-4.995289235814881,-4.926333359401014,-5.11174678932708,-5.029173570688576,-4.9719154830123715,-4.926307760528869,-4.947819461974774,-4.934368436261401,-4.947530775349327,-4.952683783077541,-4.949166446977618
2013-09-06,-5.100584579379605,-4.511326455762979,-4.650294541662714,-4.5709124688304925,-4.5622114908817855,-4.514596051552048,-4.753936714744508,-4.577702246703247,-4.5485673592672855,-4.511083235008712,-4.534476303572734,-4.518570311006048,-4.5341708979055735,-4.5399059086683575,-4.536009595036549
2013-09-09,-5.041431227400951,-4.900137463511024,-4.9543204885612795,-4.959786563333245,-4.954450903486612,-4.912600191830044,-5.030031257701038,-4.998443199469685,-4.950706391710396,-4.901470010990771,-4.915924527926339,-4.906859272867896,-4.916091560373369,-4.919686762866189,-4.916997549442775
2013-09-10,-5.012232354433135,-4.988083157089076,-4.918566109800081,-5.116689575429178,-5.0450946710359394,-4.990942533380906,-4.96756213993224,-5.135970311381428,-5.028813870937574,-4.99051265391225,-4.988478063957384,-4.987964038985298,-4.9884052383153055,-4.990449838963875,-4.9885857773774545
2013-09-11,-4.9916858724536395,-4.974448645644162,-4.958330458864126,-5.05837782030508,-5.05161297428677,-4.978493469508394,-5.018967726976912,-5.088571129694616,-5.017404893617359,-4.97520088330829,-4.984672913215185,-4.976211716728626,-4.984566216286597,-4.988335090082691,-4.985583991953072
2013-09-12,-4.972341226571915,-4.943849091509727,-5.009464282905122,-4.992518918333971,-5.002169621848761,-4.948824440101082,-5.076240031558076,-5.007256080281925,-4.995756028970946,-4.942366876706408,-4.960508246142581,-4.950939121256729,-4.960249285801732,-4.964429385377759,-4.961516032036439
2013-09-13,-4.906763631421466,-5.236081792165704,-5.202804371048888,-5.345225940482963,-5.307740021350226,-5.238107240376224,-5.233030586911022,-5.365680511492205,-5.296182794424241,-5.233509765903618,-5.241713586016944,-5.23725592975326,-5.241503509872555,-5.2448722686060565,-5.242043322969574
2013-09-16,-4.876929902458814,-5.136913013706078,-5.138034992723956,-5.221913417319663,-5.209814902061491,-5.144338198493854,-5.222423803899706,-5.247640080787346,-5.193114075488796,-5.132538355374561,-5.147926170032964,-5.138799418801163,-5.1473860382181815,-5.151881774984647,-5.148811526068218
2013-09-17,-4.86296328392279,-5.386872508188875,-5.210778671760925,-5.5153869541781795,-5.447626555344988,-5.386620988171562,-5.229697615465759,-5.567810396803066,-5.421820566112853,-5.376869689751138,-5.374399536173465,-5.383863157304547,-5.3743244817798415,-5.374655929633275,-5.373867494128706
2013-09-18,-4.999734996699219,-4.521874414632487,-4.7765706717246585,-4.517980333523973,-4.636806244251208,-4.543271415641024,-4.959604858255768,-4.5443659213711,-4.644644574489913,-4.517093840282106,-4.568855490228452,-4.5484722287592,-4.568648787622188,-4.578631838262486,-4.571564713586281
2013-09-19,-5.011135586434665,-4.8627742621817465,-4.854252992017342,-4.92262200304357,-4.930282551109983,-4.885271256019047,-4.903461458414736,-4.959734117268517,-4.946200659828713,-4.870519679874101,-4.8733152543089675,-4.865085980102099,-4.873312995942795,-4.878835716074789,-4.873675524936536
2013-09-20,-4.994649221438347,-4.843915025109618,-4.874887377532018,-4.910602632933737,-4.907251028720782,-4.85034590744619,-4.937507680108112,-4.947144706755444,-4.895505372512874,-4.835437464822802,-4.857174133556695,-4.848895156380689,-4.857231994272274,-4.861868198164556,-4.858095325249323
2013-09-23,-4.977542798955759,-4.839025858164133,-4.869011795279919,-4.93156352023308,-4.900204001209261,-4.845790976044751,-4.928673431917479,-4.9418628694280375,-4.884942028334875,-4.832383895688539,-4.854002740456061,-4.84315821279988,-4.853918295380678,-4.858369383352736,-4.854710263480814
2013-09-24,-4.984776609322047,-4.816338768483334,-4.86566325706643,-4.857257405317794,-4.8496884747150535,-4.824949759327258,-4.945806147942354,-4.868867874720925,-4.865822762128421,-4.8125717160703285,-4.830499548610606,-4.821371978184434,-4.830513095431822,-4.837131108083868,-4.831688928616513
2013-09-25,-5.018299774908541,-4.815584143941185,-4.891646557289876,-4.867522412121675,-4.868205402218038,-4.817975645211759,-4.949518186581109,-4.896511957313411,-4.871502377969083,-4.805592856903145,-4.8291647625467995,-4.818758310706768,-4.829131614084881,-4.835600629095942,-4.83041957351631
2013-09-26,-5.042366414900945,-4.857067936915372,-5.0150753728957405,-4.89788530725677,-4.908990529949249,-4.860262320908222,-5.104948704351793,-4.903240460018231,-4.910827259440024,-4.845647592666258,-4.88245793127627,-4.867721990535657,-4.8824936585644,-4.890411086400308,-4.884048817946299
2013-09-27,-5.04672629262971,-4.976689000462995,-5.018327790521999,-5.012303999610446,-5.042586054321941,-4.978335182682572,-5.070474441521438,-5.021680386570115,-5.0501749671797596,-4.965787105172747,-4.987072737212906,-4.978714384144859,-4.987330042871604,-4.994513183635727,-4.988006206831366
2013-09-30,-5.049320442995266,-4.792768025992198,-4.913094380936469,-4.86916287263223,-4.845828263147863,-4.794991662387644,-4.983974797135218,-4.880180737828419,-4.840572059073418,-4.78367921199657,-4.818272843970457,-4.806013299438912,-4.818121238379241,-4.826807157214584,-4.820107297801374
2013-10-01,-5.042471541061919,-4.848815741721047,-4.876958030910686,-4.886214769370588,-4.907683169329381,-4.848802101623315,-4.893270805226563,-4.90606479914032,-4.941827499534855,-4.834604656949034,-4.85722390838896,-4.851100417244282,-4.857267240729398,-4.863873250955008,-4.857213755222349
2013-10-02,-5.041123873063799,-4.8694166007688935,-4.981386147700031,-4.959279604184657,-4.932970733001105,-4.864500017724776,-5.070496267901025,-4.9748694030391105,-4.944445432953476,-4.8414446141800545,-4.891238408265854,-4.879015017913348,-4.8915289099175565,-4.9001179187175525,-4.893082648406943
2013-10-03,-5.12163791877978,-4.659869800228415,-4.696474867541009,-4.7504112289044915,-4.703081608688115,-4.653517409519051,-4.758584779158568,-4.753103844757478,-4.712326253931474,-4.632533208369222,-4.669540222611484,-4.662086662471859,-4.6699931919968485,-4.676731260635742,-4.67065589439566
2013-10-04,-5.138461765879255,-4.83048416791109,-4.982119499888357,-4.880457278505359,-4.893274692430612,-4.833193266074639,-5.088086717832541,-4.890982479483071,-4.9072763150111465,-4.813370961480656,-4.857175140472657,-4.842573017887508,-4.8570446306695745,-4.86595427171621,-4.859040680366876
2013-10-07,-5.15565339352131,-4.798350058054387,-4.949905064570578,-4.890912923664094,-4.850936269276819,-4.792635313171793,-5.0933871331473135,-4.894002985585275,-4.870207479901797,-4.77598611882265,-4.825326081508385,-4.8074264282890535,-4.82488340905392,-4.835451052554184,-4.827435258102559
2013-10-08,-5.17669158981996,-4.601898509008543,-4.762567429289341,-4.715833240841566,-4.633434445908112,-4.593072342008926,-4.874586221947582,-4.716966364388061,-4.610864615622903,-4.587821634256676,-4.629149989590041,-4.609808306755889,-4.6294899321658765,-4.636837205986301,-4.631337110302531
2013-10-09,-5.21104727063914,-4.60555448569725,-4.648264532090401,-4.807305715738942,-4.664485597827677,-4.601842084912001,-4.710287660588099,-4.888370230594829,-4.643853696096818,-4.589905039024798,-4.625116715975288,-4.613088691410784,-4.62451525735894,-4.631147891382513,-4.626794203748251
2013-10-10,-5.250848091557278,-4.729170003128859,-4.823140376803699,-4.855300455763518,-4.805650156366485,-4.72820162170934,-4.978747296549179,-4.871933972563925,-4.802562661036402,-4.718521454704526,-4.755449039936793,-4.739175200649356,-4.755106816033135,-4.761762231963813,-4.757254126480922
2013-10-11,-5.24750980697439,-4.741834299087743,-4.902695378274637,-4.803625999175697,-4.772826693338976,-4.745889507191196,-5.017440550960658,-4.819361912450201,-4.807290558366372,-4.746473997902172,-4.76843624805131,-4.752063894810339,-4.768314213806554,-4.776165803486885,-4.770524689720112
2013-10-14,-5.263086437579592,-4.726533655930142,-4.840846980113043,-4.805840093515071,-4.802514978580244,-4.734354662742489,-4.981526419564277,-4.8433460786631715,-4.804687979489315,-4.719672242807429,-4.755158619006501,-4.741587763104863,-4.755028243580683,-4.762427807516541,-4.757114469517638
2013-10-15,-5.345753266694684,-4.59469390022216,-4.810882345627694,-4.704000772342619,-4.650247130679535,-4.594414626462159,-4.960936569250634,-4.722604717912082,-4.655106756134985,-4.590980340218085,-4.631545953694823,-4.614951166426604,-4.63163563077071,-4.639542992171648,-4.633890173235205
2013-10-16,-5.411747381368504,-4.680894832323015,-4.807671828381818,-4.743355754902407,-4.760514139641816,-4.6968199052991855,-4.907829514371303,-4.747791031969562,-4.796776665449369,-4.680947375614769,-4.7033612317003115,-4.692741566218428,-4.703589834089726,-4.707855963639399,-4.705198369990504
2013-10-17,-5.391571358786524,-4.861809612562453,-4.879852354188449,-4.961402804421895,-4.928416612454169,-4.876528369209631,-4.941933333531379,-4.935373810410641,-4.960016291125609,-4.861949615636993,-4.875402030501582,-4.866715884185451,-4.876096487220721,-4.878884314892228,-4.876240865045966
2013-10-18,-5.355287990805472,-4.919147521683504,-4.899125173546527,-5.002547564556596,-4.955884013013883,-4.924977817119893,-4.9397239301806195,-5.005440103001473,-4.977725008382337,-4.919104186785844,-4.921037792229187,-4.921728610567076,-4.9215511315881315,-4.922506169592451,-4.921228278989443
2013-10-21,-5.289180972730512,-5.029313733709234,-5.008599860125445,-5.182978559910986,-5.082106972465082,-5.0327461724903255,-5.082051350468772,-5.197550722554022,-5.093551279898245,-5.033792011672456,-5.039137069813988,-5.034675329677736,-5.038988112997222,-5.042145452577566,-5.039951940277274
2013-10-22,-5.322304427004819,-4.879795839525405,-4.923236665626357,-5.071336901303913,-4.939856798362203,-4.884939613917171,-5.022614878766262,-5.068122887022137,-4.926024197445754,-4.886306619760941,-4.898051323013501,-4.887112899310818,-4.897970415791935,-4.901938922283401,-4.899639746208109
2013-10-23,-5.372669317275593,-4.880851553923474,-4.855218414367628,-5.052273810351318,-4.931374452353734,-4.866186474648299,-4.945508334213562,-5.005520553853617,-4.911960746139547,-4.899866488427671,-4.887701345737596,-4.882877245002531,-4.887955058219947,-4.888403197139461,-4.888242672453092
2013-10-24,-5.389095185382257,-5.024690632142064,-4.92128732923126,-5.183905731740234,-5.057569553143191,-5.005869657958582,-4.965916245336141,-5.154783741576898,-5.067040222012571,-5.057693395804762,-5.02066271502445,-5.025722280492262,-5.021587810696743,-5.0210359546968855,-5.020448288692597
2013-10-25,-5.396576854983399,-5.022702424611113,-5.04636499400209,-5.190721431458069,-5.081077085375435,-5.013124735559377,-5.131943455495589,-5.184627449813227,-5.088572068640964,-5.048724208206925,-5.036865274604486,-5.028194465834439,-5.0370652380023175,-5.039036722763679,-5.037621627970553
2013-10-28,-5.402215285355607,-5.07965267563116,-5.024842515243269,-5.224616328766607,-5.154630207501536,-5.078461141375651,-5.0677166404879355,-5.277395850001548,-5.191657178583005,-5.0953464973073785,-5.081707502849447,-5.080926800469237,-5.081645082882747,-5.084405302457895,-5.081906839486998
2013-10-29,-5.392366440587018,-5.106956627183119,-5.069926541557761,-5.302461034941007,-5.165537993421838,-5.100225878109198,-5.085142170190726,-5.397813592707291,-5.1984317538715255,-5.130255303965182,-5.110592579758438,-5.109133114838235,-5.110947868032703,-5.112017592121582,-5.110316552284675
2013-10-30,-5.428316962841711,-4.920551708062946,-4.924813851513069,-5.09117455013791,-4.995807527816195,-4.900297463119873,-5.014488878836363,-5.100992998229543,-4.999376337518026,-4.946274788975758,-4.936271938921091,-4.926427635530201,-4.936424217128866,-4.940154102900193,-4.937892114487911
2013-10-31,-5.442248210964704,-4.908965674584219,-4.868064980408774,-5.059340279028716,-4.969564731382574,-4.9009554018801555,-4.924741972577538,-5.071746560706981,-4.998173947388023,-4.924222492661342,-4.916529490168277,-4.9120885163265005,-4.916631707922443,-4.918813673538043,-4.916681302689616
2013-11-01,-5.388417083879807,-4.8972792018473745,-4.870197458814429,-5.066586256406122,-4.960072957118476,-4.888435686012326,-4.933207629483129,-5.099875518509161,-4.97707743454596,-4.9043016417994245,-4.908129453408121,-4.899274255126485,-4.908222221327751,-4.91091192862671,-4.9085816658290735
2013-11-04,-5.359371273903463,-5.113827664932209,-5.107402266301036,-5.266316583027423,-5.162370764400449,-5.102348912419154,-5.202365852795832,-5.24059198546942,-5.225077416443672,-5.125699034346601,-5.123174495167856,-5.115557980738192,-5.123359329092373,-5.1267178636156805,-5.124115573994654
2013-11-05,-5.345094916757403,-5.074483982064308,-4.983055103863899,-5.26669832158588,-5.1253281560042,-5.065312056156429,-5.039241839398372,-5.287172488707399,-5.155335400362402,-5.082015445393122,-5.079349214150862,-5.076187123336468,-5.079926407351802,-5.0826756941820195,-5.07984648365313
2013-11-06,-5.360570425456772,-5.050602602973103,-5.01483474975434,-5.218667535456565,-5.088617912101654,-5.035749614143866,-5.08210591477514,-5.274222246358752,-5.137126255999703,-5.053678423967494,-5.059518554590985,-5.052198395265908,-5.059538291727059,-5.0641801783162155,-5.06054121651457
2013-11-07,-5.441660215976745,-4.80296911658524,-4.853627532442589,-4.966514471696847,-4.830128613726325,-4.7885057049320805,-4.9688521821226175,-4.988301152914299,-4.828010869299111,-4.806838673872303,-4.819707180038418,-4.808333500505368,-4.819832639283824,-4.824619664714393,-4.821735213707801
2013-11-08,-5.44320629784731,-4.895690756941221,-4.873372632120848,-4.9667765980253336,-4.941747425124949,-4.905682159093452,-4.929765254829281,-4.987521340632472,-4.97026979348317,-4.895748477953174,-4.9035464956135275,-4.898060018725051,-4.904275151986459,-4.90678961174379,-4.903732386824723
2013-11-11,-5.402060585049058,-5.139844369177067,-5.0811091583180685,-5.239566472767183,-5.182063239567472,-5.138394411596143,-5.115973105389678,-5.257191208984754,-5.20783597567631,-5.1413325033314345,-5.143712692678239,-5.141017157215492,-5.143836410658692,-5.1461331792112475,-5.14374357213128
2013-11-12,-5.41582301135044,-4.892196643323804,-5.037502592019143,-5.011953373219649,-4.934984392805987,-4.892035342739723,-5.182591962019221,-5.017419717096021,-4.973293800604151,-4.894794384080486,-4.919093811638598,-4.9010649709889,-4.91863732663965,-4.926012831746996,-4.921561088415166
2013-11-13,-5.431368155069106,-4.952078675094102,-5.049690369957597,-5.054787448377088,-4.994311835110874,-4.949090974248645,-5.212617243594255,-5.019850143323129,-5.074136071312423,-4.952077736538515,-4.975531664241027,-4.962975294732818,-4.975127989119303,-4.9810765565964115,-4.977557850582703
2013-11-14,-5.415738434481334,-5.105415400328296,-5.049724052201248,-5.257917049270543,-5.147413138366031,-5.10087792731536,-5.152320551204525,-5.28791165183429,-5.220457317948269,-5.106955057697125,-5.112902430470167,-5.10819409456205,-5.112838246682303,-5.11732974101976,-5.113337171319193
2013-11-15,-4.9800435259499904,-5.327808570386713,-5.215006128575825,-5.504790407731763,-5.389826320523104,-5.317510838731478,-5.257179048660476,-5.55076191271717,-5.454260991443504,-5.330714464225448,-5.330199261956438,-5.327386667385392,-5.330313337811665,-5.333422017146566,-5.330296183681876
2013-11-18,-4.990047739145411,-5.047903584368021,-5.213157088562692,-5.155443786326436,-5.083790797764112,-5.043837823629193,-5.36063429302182,-5.156545690529879,-5.1128267790204776,-5.049863502831178,-5.074271495194956,-5.059097161564344,-5.073990742196187,-5.080676254969223,-5.076781973117982
2013-11-19,-5.018464428246671,-4.984238812647598,-5.093825369550463,-5.059365713203923,-5.006382696575168,-4.981059794333548,-5.23282700497329,-5.090124851871144,-5.017785894348987,-4.986296759176479,-5.005162234906417,-4.989343801847897,-5.004857657353307,-5.01098611357414,-5.007286819243204
2013-11-20,-5.07324073253489,-4.866065577864847,-5.019187576671272,-4.966782457270105,-4.916946532694195,-4.8650718057017555,-5.175239898164848,-4.971200519642695,-4.97136314871621,-4.869031298610847,-4.897603708719548,-4.879182101056264,-4.897218087316383,-4.904246505040888,-4.899923486552858
2013-11-21,-5.088499692809214,-5.093552200570004,-5.120228147805772,-5.2041876617218135,-5.131108271372552,-5.089915641955834,-5.172116235273869,-5.217870646700696,-5.173413805444222,-5.096494524099226,-5.1029632141309715,-5.097449373245695,-5.103521550532736,-5.1058931545330015,-5.1037971043507175
2013-11-22,-5.09425544150549,-5.206086104770888,-5.168776650764341,-5.336511680284983,-5.240873735901661,-5.194746562630013,-5.238783336570315,-5.330173199904538,-5.2963865857316055,-5.2142663842073596,-5.209998874600778,-5.207819966352709,-5.210718986931707,-5.213846614100878,-5.210508732800839
2013-11-25,-5.095518773974386,-5.25263669171517,-5.158327672131358,-5.364269951323568,-5.279318772475333,-5.247232492927057,-5.215657984972053,-5.368775802941094,-5.306093063512369,-5.258329202490131,-5.2495557924766425,-5.250952710620956,-5.249467824924856,-5.252845355680584,-5.249602418518353
2013-11-26,-5.10909088717992,-5.216873907721164,-5.283507624144569,-5.341271340501039,-5.255045684206073,-5.210168109304175,-5.395499058350315,-5.347282305473474,-5.291852163037318,-5.2234225758769295,-5.234892577512553,-5.222018840299927,-5.234411498077983,-5.241235813435893,-5.236655646286771
2013-11-27,-5.1092102483665744,-5.408561831121836,-5.449100576176411,-5.552698405339558,-5.441854709690907,-5.401324442722815,-5.5258675082110225,-5.594815852769083,-5.468439424038713,-5.415238205388053,-5.420570203429938,-5.411431675781101,-5.4213674927465325,-5.424994791949149,-5.421402783134353
2013-11-29,-5.091386150265545,-5.265407169037553,-5.424776372121595,-5.418050179778434,-5.312267447193694,-5.262289361714429,-5.5636598147744545,-5.414867338298168,-5.368214059107263,-5.2648470706931985,-5.290586634731574,-5.276428975896236,-5.290528888937753,-5.2982120776296835,-5.2928248149037795
2013-12-02,-5.100415944119105,-5.216492412549042,-5.212711762664913,-5.412784435490781,-5.246433106678573,-5.2145311236872836,-5.307123438334406,-5.387119354186771,-5.284880744255795,-5.2145313358875995,-5.225872779274137,-5.221227745909635,-5.226229987473674,-5.230483703000212,-5.2270211680365115
2013-12-03,-5.09051255071003,-5.113200042750035,-5.1576822171662995,-5.207468259835814,-5.133489367954209,-5.112195913549106,-5.216765903445384,-5.236909427463675,-5.169477499346037,-5.112282228935225,-5.123221571645413,-5.11502693066723,-5.123064043874216,-5.127601525867506,-5.124249889559869
2013-12-04,-5.15928380375667,-4.858281824204935,-4.933166048308083,-4.987472189076952,-4.875902524503482,-4.857852089436508,-5.03013895756894,-4.99429060296176,-4.919199071492506,-4.856445021769962,-4.8753066843347135,-4.863245599589664,-4.875331616695256,-4.880470534384288,-4.876880145018028
2013-12-05,-5.1419596432262376,-4.969894818265972,-4.991346802037938,-5.163873869196488,-4.988467129410579,-4.9655252688170926,-5.097679564927442,-5.191478633514066,-5.017967929150141,-4.9679619747570065,-4.983616776211711,-4.973526198444116,-4.983476211995851,-4.988862032780056,-4.985233711750196
2013-12-06,-5.132287308863777,-4.998198598807927,-5.045391707008388,-5.226487475113228,-5.015214724479106,-5.000527974479812,-5.138955914694411,-5.234398391079816,-5.078205771468218,-4.999081736385901,-5.020076648726361,-5.0029070274177485,-5.019925370240653,-5.026682674456231,-5.021871919637681
2013-12-09,-5.109555812445022,-5.129303317738167,-5.098530511861104,-5.339977940558152,-5.140552055086666,-5.126363639104753,-5.225376389577403,-5.303813885183423,-5.197624928405585,-5.122741831868468,-5.138522704041807,-5.13055558158654,-5.138434576199728,-5.145393850198209,-5.140451316789359
2013-12-10,-5.095259393151623,-5.091349964170592,-5.031251037855082,-5.247707490796005,-5.097814707765592,-5.093407537802421,-5.0606016350413245,-5.2136643113107,-5.136495225169992,-5.092162159278575,-5.095156006979064,-5.0932641073418115,-5.095673925741077,-5.09851359836677,-5.0958577159102
2013-12-11,-5.110862327652431,-5.010146947997309,-5.061888590113685,-5.18846561462455,-5.010631405239511,-5.008612016856023,-5.193443505692339,-5.159374036469585,-5.060237364125234,-5.010978615544881,-5.0283527206473755,-5.01693415180382,-5.028143554570584,-5.035227096746814,-5.0304115011892065
2013-12-12,-5.130426746724477,-5.0159166899618,-5.030941456486339,-5.116861915052798,-5.013011380163887,-5.013312169262385,-5.108221636178061,-5.103932023267385,-5.063787960303711,-5.015299493274217,-5.023737613649398,-5.0179982241148835,-5.02402925701438,-5.028445616483489,-5.024522985876078
2013-12-13,-5.1468849297779355,-5.045379248144291,-5.116524586484643,-5.121182264055341,-5.037357564289676,-5.0431626664498035,-5.211863735145907,-5.088809559538547,-5.116070501577498,-5.043139107323911,-5.059379979779536,-5.048356432904853,-5.059451784898668,-5.067585486484769,-5.0611064167077915
2013-12-16,-5.138724012692323,-5.131274874724787,-5.12833815166036,-5.290070254680006,-5.120643235998416,-5.128012516874898,-5.199562189187207,-5.262408281182285,-5.175082031337501,-5.123747132132342,-5.1407180698232064,-5.132913737545628,-5.141357449585457,-5.147924107537947,-5.142068402099564
2013-12-17,-5.121266966184274,-5.0234483833388035,-5.128077112051227,-5.142267474584925,-5.007937012990279,-5.023995655927992,-5.227504010768774,-5.094741453112396,-5.066585838564399,-5.031815642031788,-5.045669645482232,-5.031079250507384,-5.0454469785251606,-5.053575153853563,-5.04749989920679
2013-12-18,-5.629738555446482,-4.216099548682499,-4.535368486617166,-4.365146984554234,-4.184910246370407,-4.217945916788373,-4.792234051374269,-4.266530832481215,-4.290478957185942,-4.219928172073739,-4.267355092923249,-4.242511287323326,-4.266853953594242,-4.2868506779045115,-4.272717899622059
2013-12-19,-5.6109458440893825,-4.686697737290527,-4.7184062988440685,-4.864119488377907,-4.661724038902326,-4.6843845680846705,-4.8329267838686745,-4.851240388657284,-4.722825123977102,-4.666732148105083,-4.704914193645746,-4.693031896331542,-4.704957805823486,-4.710954552896153,-4.7068932435783255
2013-12-20,-5.517560225091092,-4.770556676624763,-4.801050366687268,-4.956152851465166,-4.747615258702758,-4.768458567485832,-4.909577835099213,-4.946204505849009,-4.805592242191392,-4.756217278440619,-4.787085903621212,-4.776469687164932,-4.788296749839841,-4.79209593920069,-4.789403644142968
2013-12-23,-5.361845405634464,-4.908371409189941,-4.878385932612821,-5.145984699518586,-4.883878094550121,-4.9078975974415275,-5.016396006236971,-5.092918856546413,-4.964660588495874,-4.909369746094042,-4.922114703327556,-4.910936449682711,-4.921582012604549,-4.926621515656243,-4.923896273261218
2013-12-24,-5.314542729969998,-5.076244342346842,-4.9050319823869994,-5.3404304391897375,-5.050654931254919,-5.075307957501731,-4.978252471902201,-5.349128840311309,-5.1278507537074125,-5.074731655609491,-5.0710315557908645,-5.074965289211537,-5.072248823903492,-5.072293653571501,-5.0715063815749994
2013-12-26,-5.185525190676186,-5.499521633498405,-5.356734867094023,-5.782028590063863,-5.48111842982571,-5.499098910383435,-5.431765637271563,-5.798574843670751,-5.555350650307902,-5.489417569155481,-5.496078190795496,-5.498831965366143,-5.49612776013641,-5.499659364984477,-5.497095435106348
2013-12-27,-5.150194513268867,-5.46575909351539,-5.430664143876275,-5.678838392639691,-5.4329811809189,-5.46562795353048,-5.518990031377917,-5.630290033241626,-5.527932354168657,-5.4650308254337325,-5.473523408998835,-5.468070122278832,-5.47402264262194,-5.478063496236318,-5.474799417976384
2013-12-30,-5.056054937574296,-5.63660038295357,-5.493452329863507,-5.903035394095919,-5.605518075428049,-5.634270585155932,-5.5318769920034505,-5.864264941178925,-5.685390028915708,-5.6124744475212704,-5.630037220147731,-5.635075848187903,-5.630240279125088,-5.632549668799852,-5.630542297372768
2013-12-31,-4.9379191893651235,-5.460028022252824,-5.55002041476608,-5.669969113420399,-5.41818197677825,-5.458767312939974,-5.685040339744233,-5.614867385555256,-5.519881355453846,-5.450880294700038,-5.480320562322281,-5.467290410902466,-5.48009664391216,-5.486047224789932,-5.483457395871276
2014-01-02,-4.888061752344043,-5.0859467237503715,-5.120594759231,-5.2936320035057385,-5.047679390635238,-5.085753314328761,-5.196911932317382,-5.250015046332668,-5.1240752720488665,-5.080882775149164,-5.097832821355716,-5.090107426384044,-5.0979998824715285,-5.100061939024975,-5.09965967901849
2014-01-03,-4.80964256162259,-5.209183093745426,-5.1692352229270195,-5.407695143390098,-5.163951996939119,-5.2068012516034035,-5.278686520539857,-5.329974928999252,-5.242251438663449,-5.177591889028503,-5.215714354760833,-5.210743085506062,-5.215848829974673,-5.218682277010458,-5.217520264084685
2014-01-06,-4.825770574263265,-4.971007345943753,-5.092110133060447,-5.193739815953234,-4.918835207885716,-4.9736975446997045,-5.230045288473653,-5.119575475830857,-5.011783155845092,-4.968356625750647,-4.996891687277257,-4.9801509216526405,-4.996681420615051,-5.000243488977144,-4.9996919149313985
2014-01-07,-4.7968726677914395,-5.1719364879434915,-5.078025148976256,-5.411271074978042,-5.13447039811272,-5.167900749689458,-5.157377960711577,-5.375589621345351,-5.2142558531574394,-5.148699460222773,-5.1730592283763,-5.171891307031859,-5.1739647530004484,-5.174895471454759,-5.173846205248182
2014-01-08,-4.823061334863172,-4.89398997098549,-4.954902252657279,-5.116456987885061,-4.852792753281042,-4.891691052376208,-5.096274163885314,-5.076412469255955,-4.9288943214665855,-4.879440996604402,-4.912789760794652,-4.899727493706463,-4.912685592016965,-4.915907736544973,-4.91618896057183
2014-01-09,-4.826916858093356,-4.954942144665342,-5.0514060919643615,-5.153406618270625,-4.920896945014893,-4.947934667774958,-5.157187119921379,-5.115086550764653,-4.9801225071127995,-4.946327386365252,-4.976781770502127,-4.961464631218418,-4.976678129146088,-4.979301346616497,-4.979374608443757
2014-01-10,-4.828265384902155,-4.9319266483491475,-5.021344640020442,-5.140913527497967,-4.89267261525792,-4.931695565564714,-5.158067613755184,-5.047950531555477,-4.972340289391901,-4.929831652157572,-4.954569637530085,-4.939246298726783,-4.954473668285356,-4.957323766539492,-4.95706055614655
2014-01-13,-4.8342868648226185,-4.941006962418579,-4.982869026195766,-5.189465680251377,-4.895826942564239,-4.926762816205506,-5.096679743216405,-5.145532847243319,-4.978528532204677,-4.920538598415764,-4.955979638175182,-4.944779129751613,-4.956067339873675,-4.958397824992634,-4.958015528469541
2014-01-14,-4.846447262380371,-4.945423426233458,-4.987415954217447,-5.149707205625915,-4.906019286081388,-4.938308830156521,-5.107355109497345,-5.091874770224841,-4.976472725054711,-4.937997018807791,-4.960101233690193,-4.949503560260884,-4.959795611154404,-4.962532512064202,-4.961963168561017
2014-01-15,-4.84245819291711,-5.050433101591183,-5.053132751254986,-5.213496544080181,-5.02608067552526,-5.035109503353601,-5.1663773476251755,-5.170535459325529,-5.074392882934596,-5.069984484038584,-5.0563379489291265,-5.051253483283733,-5.056361772325794,-5.0579320995379495,-5.057917386713187
2014-01-16,-4.807674515993375,-5.117974688170595,-5.090901998322369,-5.337418821749883,-5.100063452311988,-5.119004235769635,-5.107754366472407,-5.327320634449833,-5.130147753381681,-5.151265176763713,-5.122879313298111,-5.119640816260548,-5.123234048524682,-5.122865375960327,-5.123348231008183
2014-01-17,-4.790024886751121,-5.064302560701509,-5.12440358918392,-5.22668588104003,-5.037689705024557,-5.065467302519154,-5.185149888228934,-5.232683541881329,-5.065552491745292,-5.079537044882215,-5.077481325185687,-5.069101610844924,-5.077868931665765,-5.078425777442879,-5.078685649989703
2014-01-21,-4.810510395857099,-4.936199267400015,-5.032737141149757,-5.0470874105926296,-4.905010204897879,-4.926288488650098,-5.067323837687378,-5.016739684172941,-4.955392038077851,-4.948076787755856,-4.948763562708174,-4.940117389571146,-4.948762085413103,-4.94923639472973,-4.949574614193597
2014-01-22,-4.795201539202253,-5.272237501004821,-5.20624271778493,-5.403251272735283,-5.233330887894879,-5.250205474061466,-5.202439368701712,-5.360780912536366,-5.305373052436823,-5.264246059609658,-5.26744878766214,-5.271917468942926,-5.268377014685922,-5.267782986809467,-5.266915127706135
2014-01-23,-4.7820359612632775,-5.114587839477297,-5.065232699006231,-5.274736554481701,-5.095672133729233,-5.116381378737367,-5.0598516160294045,-5.2340485231624605,-5.1368051544355104,-5.1196472118946845,-5.113165381104674,-5.115845116469011,-5.113779521051914,-5.113132272646936,-5.113393492608263
2014-01-24,-4.802930647691885,-4.898267343414325,-4.813023180452315,-5.105171317423548,-4.867201298176524,-4.8885886294936745,-4.8329317811489405,-5.067559241139878,-4.926455532059784,-4.889720758519663,-4.893046040352187,-4.89889657961213,-4.894082425333549,-4.893423567659524,-4.893623362140806
2014-01-27,-4.86399769934052,-4.701132993134296,-4.739576964659165,-4.823088493020322,-4.692003737213372,-4.709438535297212,-4.785633299341133,-4.84354250884808,-4.700076464650382,-4.708030509705604,-4.7085503602845575,-4.703491088775202,-4.708921141844236,-4.709520950827935,-4.709530907204721
2014-01-28,-4.83742574266157,-4.882524131509261,-4.88329724253293,-5.023741361620705,-4.871564247989332,-4.874898106388673,-4.900625824048744,-5.049059183137112,-4.888205154449136,-4.886252354965293,-4.887219712740984,-4.885113363899289,-4.886963661901305,-4.888580626459474,-4.8879371581693585
2014-01-29,-4.859687860010011,-4.608830313453421,-4.63075405603173,-4.798415399705022,-4.57733815940655,-4.605936878291298,-4.677427228343215,-4.759036297224917,-4.654558067577175,-4.602843754303464,-4.6173553579907445,-4.612225177276791,-4.617540416398395,-4.619478582754826,-4.618540487706786
2014-01-30,-4.871053391567546,-4.772078426434665,-4.735303899487014,-4.999233059495968,-4.743579028379376,-4.757909809344291,-4.794699844050059,-5.0063339906891775,-4.816958529143088,-4.766100275103315,-4.7798391293210285,-4.773821953451296,-4.77975351133002,-4.781342759274267,-4.780572655649075
2014-01-31,-4.931239525296116,-4.5910702692864,-4.669757177980565,-4.793224504679937,-4.568545834965204,-4.599312262818093,-4.7819469085743656,-4.818149602035251,-4.6158393001750255,-4.594234433691118,-4.610318203521319,-4.59761160857772,-4.610544657842287,-4.614282472702206,-4.612367116954605
2014-02-03,-5.044653602289265,-4.483231101630239,-4.439412031894849,-4.70121008762105,-4.462186090199504,-4.475913026220646,-4.483402404756438,-4.709240104651476,-4.506866001867522,-4.4895991212768,-4.490088414235022,-4.484211621110022,-4.490114824429146,-4.493581517737311,-4.491472614835631
2014-02-04,-5.081848457956412,-4.496580126452838,-4.5567193738376774,-4.623008969985417,-4.462237309433587,-4.506287464368357,-4.657728690991327,-4.57096550864498,-4.533593639187681,-4.50772620576321,-4.507249370570938,-4.499533941291613,-4.507191620043105,-4.511649290383343,-4.508849678825799
2014-02-05,-5.16595967713922,-4.452599168474428,-4.455123696536913,-4.640430951487269,-4.443949666264661,-4.434963500559693,-4.580240988579875,-4.608818245641842,-4.469221219074945,-4.457399687916895,-4.462913413804384,-4.454771133207559,-4.462889032812598,-4.467163489216168,-4.464390270343767
2014-02-06,-5.134581251000592,-4.7245789702959,-4.658307261455922,-4.9546099239060055,-4.708318284551789,-4.708950228113872,-4.685411241959169,-4.885301707557733,-4.761461237252805,-4.723416623148478,-4.726313209317552,-4.725740250008721,-4.72589348468888,-4.728345776121815,-4.7270260367205035
2014-02-07,-5.138921858801038,-4.6154421698044885,-4.671586588694701,-4.77646209402669,-4.604118698718838,-4.61181226273195,-4.77373900737136,-4.726874913769374,-4.641498926204079,-4.621229682940923,-4.62995522867956,-4.620794929558835,-4.630414315768216,-4.634316142438703,-4.631644973965387
2014-02-10,-5.079045019565995,-4.883506375709228,-4.8394246985545415,-5.0903870352124585,-4.871391839402722,-4.886752018395584,-4.908373386761019,-5.064503947321813,-4.913509652065462,-4.908031507138496,-4.891701199147123,-4.886510209886417,-4.891691073095941,-4.894510317713788,-4.892883376457503
2014-02-11,-5.041386219604327,-4.828298100438734,-4.864273618414003,-4.983573051005553,-4.785411673755717,-4.825683491619589,-4.914418389987324,-4.898747480766513,-4.877338852382652,-4.833490245056571,-4.838998315227011,-4.832237074960625,-4.839536242317614,-4.841694303002213,-4.839857282295178
2014-02-12,-5.031200284922221,-4.90374308579977,-4.946352642481832,-5.057025863168292,-4.872610545711305,-4.910661776230592,-4.990947005945457,-5.050265245462165,-4.93941368925509,-4.920917273061815,-4.916244029786222,-4.907214023621636,-4.91610552695002,-4.919599359098498,-4.917349273187676
2014-02-13,-5.029238912212477,-4.932403417252467,-4.976422015869396,-5.075286182160236,-4.902905532676293,-4.92421962797074,-5.037725665674229,-5.005605309037295,-4.963810710617163,-4.933915843157756,-4.943351908120353,-4.9372934287775685,-4.94354552604084,-4.9458283380031,-4.944274917812171
2014-02-14,-4.961610587844794,-5.075724270275797,-5.0206887709782935,-5.269807187564679,-5.051350988603269,-5.069874507928658,-5.052742296000613,-5.186749226888699,-5.108864733800347,-5.078802128323411,-5.07737181130855,-5.075334253506352,-5.077449869074477,-5.080343709808607,-5.077787487399045
2014-02-18,-4.9425818400717585,-4.978185124159054,-4.97880594730116,-5.178022350723839,-4.964066091323203,-4.972730946780096,-5.071479152424304,-5.097798318065038,-4.9838749258368775,-4.973770250865313,-4.988949538005892,-4.981485715472215,-4.989038078189341,-4.992002717629478,-4.990338142361866
2014-02-19,-4.9402487432948154,-4.787184986861852,-4.882462386875132,-4.939633855533281,-4.745100378982734,-4.794817345882514,-5.008411581986582,-4.888434125939262,-4.807527992478834,-4.799277900799613,-4.80573978952846,-4.79269136143734,-4.805319236823842,-4.809685414254802,-4.807505954350219
2014-02-20,-4.913005555113543,-4.800305917882317,-4.868049143539475,-4.998459594018716,-4.747994884807723,-4.803957050093626,-4.958419476886082,-4.953218708506502,-4.823126966356122,-4.8024239691118575,-4.816528820985592,-4.806162845454889,-4.81634960106185,-4.819759858122945,-4.8180223718223365
2014-02-21,-4.879220770103016,-4.9424646930153475,-4.951298803628921,-5.185990316177686,-4.889402794505934,-4.93470975417974,-5.051247182456289,-5.1700553479933,-4.973561451234672,-4.934446311904792,-4.958219908405892,-4.94579526532238,-4.958059049578969,-4.960568414415879,-4.959193788893501
2014-02-24,-4.859316845881155,-4.833433942627464,-4.960519865738053,-5.007898364701215,-4.781541921299193,-4.8179744458378835,-5.09331232802392,-4.938316154110521,-4.865906375254024,-4.820803013477933,-4.855823874989163,-4.842365577582201,-4.8558668203896875,-4.86086569629283,-4.857720381777492
2014-02-25,-4.8431832417918415,-4.7369688322065535,-4.825207423978992,-4.918071630732661,-4.685822787271004,-4.733537713044621,-4.927262179828068,-4.883943636028213,-4.763248858772796,-4.720489965026346,-4.754647155047395,-4.743868382548312,-4.755111009525453,-4.759427300319919,-4.756388266835067
2014-02-26,-4.846727067604745,-4.7787836875709155,-4.82058444999275,-4.930660198249309,-4.775209773498161,-4.778760381032658,-4.896936850973538,-4.902183617909046,-4.801513476356881,-4.77698823639839,-4.793366641463187,-4.783414670219832,-4.793475565448723,-4.796804191721563,-4.794746256031257
2014-02-27,-4.859961270281694,-4.8381666837208375,-4.857510721234954,-5.033522663967945,-4.798075384107697,-4.827317031699328,-4.935939727804012,-4.995039885239994,-4.865118338886426,-4.828804536052941,-4.852313998697649,-4.843593742365325,-4.851764846449451,-4.856509031073777,-4.853763019220646
2014-02-28,-4.901216839924803,-4.6810696980878586,-4.830948404479052,-4.840923631737457,-4.618088732804645,-4.67797000864488,-4.976304877657849,-4.769762691084149,-4.708637494178044,-4.678584559637045,-4.703667827465759,-4.689003655873137,-4.703455818875484,-4.709714737288761,-4.705910580024402
2014-03-03,-4.958840837280117,-4.626597296695366,-4.736470129641525,-4.804544599834515,-4.592994527765491,-4.59628440425277,-4.876827846292043,-4.774977617434307,-4.636170466210828,-4.613587863491913,-4.6474982159470875,-4.630761932422857,-4.647233180529143,-4.653546077781519,-4.649893065729455
2014-03-04,-4.961179637316329,-4.842737524515585,-4.930952857261933,-4.991985576661456,-4.781328601651187,-4.828479338374673,-5.0313552581583165,-4.971417265309567,-4.875362311307048,-4.8520854849157375,-4.857709251560437,-4.847247049459295,-4.857648164099828,-4.86297504118812,-4.859380261159439
2014-03-05,-4.9100123949680565,-4.894643754291307,-4.959633686215492,-5.021125457061952,-4.846772267968315,-4.878628798024343,-5.072444066946418,-4.95190152197928,-4.915619913017872,-4.891304508709971,-4.908590961234429,-4.896898869062593,-4.908259705453149,-4.914483461715418,-4.910227435229439
2014-03-06,-4.8440163614766325,-5.010921238093069,-5.034533055945151,-5.149266803150697,-4.967462680687685,-5.005538928741857,-5.112578278406456,-5.101298614822312,-5.028867384185274,-5.01852755764896,-5.020231025085377,-5.013016199099406,-5.019934861202312,-5.023969756986241,-5.021116243357462
2014-03-07,-4.848318067048174,-4.812192401035248,-4.97422794168769,-4.955413199437594,-4.748946410188821,-4.820230632952169,-5.1445732102471675,-4.903812188060808,-4.841830995274231,-4.825021001981553,-4.8400724380260245,-4.823997147328672,-4.839953963213212,-4.848453766757328,-4.8424298673675805
2014-03-10,-4.8477573634421764,-4.982985731489557,-5.120014384442881,-5.093693973987987,-4.9624714800720495,-4.98038033926456,-5.278208674831852,-5.049509149314962,-5.002301306841285,-4.9882430500969175,-5.005383197478503,-4.9891324598186575,-5.005158045725273,-5.013281615261238,-5.007504232764331
2014-03-11,-4.802567611916878,-4.879454324219735,-5.0482751832909285,-4.995878047759967,-4.844640520381064,-4.864302403962205,-5.193442080292223,-4.915857705247581,-4.886595055015756,-4.876964624925886,-4.904109048609124,-4.888437012220448,-4.903892536690092,-4.910917495922514,-4.906200193643926
2014-03-12,-4.754959056614034,-4.874549637793333,-5.030391192872413,-4.970773547924599,-4.858421967966315,-4.858064672165254,-5.187238478503305,-4.917281647472974,-4.880421123668077,-4.869889621414563,-4.896288375356219,-4.8807933204634235,-4.8960778121325035,-4.903426867696304,-4.89858287817653
2014-03-13,-4.758068096460419,-4.73540944044406,-4.8327730542255125,-4.827306979304157,-4.708199319129111,-4.723717547940868,-4.91939265706049,-4.7833879940134345,-4.7439603906805,-4.732354689472773,-4.7504830447334365,-4.741131508068587,-4.750281807035362,-4.755101530871725,-4.75204097573703
2014-03-14,-4.674768629942888,-4.727555699683016,-4.830255982029794,-4.880366096862511,-4.682422072453498,-4.723494296456804,-4.978411657937656,-4.8231395914450665,-4.740364514520668,-4.727828659299164,-4.748437878650516,-4.734750044368894,-4.748222668826543,-4.755310700809893,-4.750363606968094
2014-03-17,-4.6683718317349685,-4.791491286350976,-4.942426126116179,-4.854615013899838,-4.780167147379112,-4.780231395172142,-5.1097285797483725,-4.795315743190353,-4.802957281881045,-4.793007358925531,-4.815723666583753,-4.799159983881218,-4.815632625753206,-4.824060376921755,-4.81785658685559
2014-03-18,-4.6634488697744,-4.869024882193174,-5.017598963705072,-4.9757378265858625,-4.827988133326,-4.86221277002711,-5.1805232280594025,-4.9506331400369605,-4.8835686093239685,-4.882289527164358,-4.893148003929766,-4.877488978191281,-4.893012278420512,-4.901536074209533,-4.895711539413305
2014-03-19,-4.712921108415808,-4.641849050435346,-4.79108413133313,-4.774050704691739,-4.531589041786621,-4.664349599633603,-4.912079790130705,-4.707246534788047,-4.665843244535838,-4.645507602380997,-4.666193302998585,-4.651023646077751,-4.665906389146656,-4.670670573775792,-4.667861819231871
2014-03-20,-4.736759965605168,-4.754067582199793,-4.84595087354361,-4.886225040298019,-4.673420810573761,-4.771890650786544,-4.956049878884719,-4.852931896737462,-4.7653396708902065,-4.756734946545596,-4.774086431791398,-4.7623823343535765,-4.773966031998456,-4.7789112103040425,-4.775463231176435
2014-03-21,-4.769670508329867,-4.70875732073649,-4.81957834243759,-4.879793655406631,-4.6190721105970605,-4.722104253678866,-4.959605502605995,-4.802332016773503,-4.721418318171233,-4.71359239925397,-4.732063833944603,-4.719715381210294,-4.732244568905267,-4.737521921235637,-4.733819278776585
2014-03-24,-4.793076987868375,-4.637956760782353,-4.751841591623314,-4.8083623319939655,-4.590285265783713,-4.64549382572586,-4.860881575956409,-4.7713819192253295,-4.650382173252058,-4.639840693061034,-4.659517049396595,-4.644972884773762,-4.659402102348432,-4.667057992985727,-4.661893550337285
2014-03-25,-4.7989867428261475,-4.651073522161471,-4.828007250752371,-4.786144035365772,-4.618236910393857,-4.635008636724664,-5.022583141138866,-4.733608948960874,-4.657512121838455,-4.635555607687568,-4.678347637120702,-4.66162426462957,-4.678242516792978,-4.690539828792738,-4.681301955036147
2014-03-26,-4.75694896354368,-4.665373217117919,-4.777043929594361,-4.7821235236673845,-4.611542085648074,-4.660797313861403,-4.8989806137817835,-4.7039288502313115,-4.678457387869932,-4.659378212055427,-4.685916008109744,-4.670651470298472,-4.685631518205089,-4.6959619320972825,-4.687821404601672
2014-03-27,-4.791776726921948,-4.611947552083743,-4.6204281336870405,-4.784322284627863,-4.588095287983231,-4.605933591003591,-4.707098784653633,-4.728526766568352,-4.619412368052889,-4.607372276512488,-4.624973337438125,-4.616982099072524,-4.62500740638621,-4.6335085094301265,-4.626600846959121
2014-03-28,-4.80135503039755,-4.715671092026746,-4.770069947008707,-4.855549025411116,-4.679825525190319,-4.713712351437432,-4.878230979695882,-4.827594323842084,-4.726445919499777,-4.71139806968912,-4.731264186388716,-4.718764546785408,-4.730729955683388,-4.740623377219635,-4.732768327019985
2014-03-31,-4.795928287627359,-4.860273272909681,-4.882963646183591,-5.021407521057971,-4.801984815407782,-4.849631921034295,-4.948354976445597,-4.922513198336001,-4.877317485509604,-4.847132995284793,-4.8715019916117575,-4.864115673650289,-4.872573441529899,-4.877865483052152,-4.871628148866147
2014-04-01,-4.771108308101156,-4.908796199890452,-4.9701897025233785,-5.093590017601391,-4.8286274709057615,-4.900809564083652,-5.064723500634364,-4.991766505554715,-4.92439373107881,-4.899888363217133,-4.925956659549724,-4.913583028707752,-4.92562794809576,-4.935748579231088,-4.9274927201289245
2014-04-02,-4.7587893653001005,-5.007149505145745,-5.02193090479904,-5.185469195503129,-4.974729385503274,-4.987943728933841,-5.104297147871774,-5.230240180463239,-5.018383401886615,-4.9975305417958005,-5.019422891467781,-5.010530084187092,-5.019769975844255,-5.027441651680781,-5.021385556618623
2014-04-03,-4.747580210952136,-5.025791965970966,-5.030592484734756,-5.179336949259725,-4.944986905982736,-5.009839914397627,-5.062805167145651,-5.175959064132835,-5.037242324195212,-5.01049013752179,-5.0343464820074875,-5.0285076561084505,-5.0351646389240985,-5.038220963325688,-5.035625095514443
2014-04-04,-4.7193393350879385,-4.757322682081392,-4.764465406765168,-4.915435566105364,-4.723296883140377,-4.734330080872795,-4.823236393559188,-4.878709829359067,-4.763749937971212,-4.7390692422286,-4.76899125380182,-4.760992474009674,-4.768850290410055,-4.772900535221638,-4.77022391897448
2014-04-07,-4.745217131905782,-4.6410594817869875,-4.660615344664697,-4.76664389019706,-4.620644470701326,-4.6122854615635225,-4.723676011299548,-4.726069256415353,-4.643019205117821,-4.614105657371357,-4.651118396221416,-4.643324572208311,-4.651292308805736,-4.655535298487852,-4.652040540768757
2014-04-08,-4.744528290995288,-4.7012166888059,-4.644330397431723,-4.837311039700194,-4.706009399483396,-4.697331507454777,-4.657044524010414,-4.820624741120177,-4.70380751600272,-4.686724922166692,-4.703237143821754,-4.701553470870916,-4.703185274868235,-4.706493617717391,-4.703876047907092
2014-04-09,-4.764936024028314,-4.767446783843331,-4.765634477518502,-4.98015684502651,-4.684988673972464,-4.761121703828258,-4.81921938881108,-4.925020514666139,-4.7838614076091694,-4.750965332081187,-4.777859835147568,-4.7709658727403355,-4.777819037733193,-4.781424892267848,-4.779351757047527
2014-04-10,-4.836341637564237,-4.519263697695688,-4.5725304073095865,-4.672131222638088,-4.470195046453672,-4.504670483697308,-4.657122380878563,-4.633645357704497,-4.523672061702541,-4.493716795173499,-4.533078369174754,-4.523325957657259,-4.532620326304178,-4.537775058798902,-4.534812776632296
2014-04-11,-4.908189800464841,-4.4914694203916135,-4.508137157609675,-4.61516533717994,-4.454206595569268,-4.467381709253189,-4.547190532185892,-4.580134273521645,-4.496184847100329,-4.478293614467584,-4.498134918601035,-4.4930759734898995,-4.498019374985118,-4.503358066692248,-4.499114583854109
2014-04-14,-4.896474709970184,-4.58649739587362,-4.670493049753832,-4.682631375275672,-4.543881449080206,-4.579742715133169,-4.7748121183951895,-4.62549101169325,-4.593904224758701,-4.61993545869409,-4.600829517610447,-4.591478419531827,-4.600758978621081,-4.606485611233567,-4.602148423926616
2014-04-15,-5.03065408721547,-4.3346950322806554,-4.448530561004523,-4.426580825074052,-4.333557289803185,-4.324198333012254,-4.551528968691049,-4.440990860333548,-4.3355787412302575,-4.357219185746064,-4.3543443905032895,-4.34170045276486,-4.354099557841937,-4.361972634897938,-4.355880182253731
2014-04-16,-5.066957686463058,-4.53649047201306,-4.5991382385804105,-4.633616601248423,-4.491165722702776,-4.515386133094865,-4.661670396387183,-4.562551967406744,-4.5420840647538006,-4.55209568183027,-4.545309039100356,-4.5393084451285155,-4.54512803460564,-4.548701702366578,-4.54559355508008
2014-04-17,-5.064948989773176,-4.6286939914896035,-4.6269094308414145,-4.740969361501971,-4.590978784246101,-4.595509448990126,-4.648212447589551,-4.686051617318336,-4.632616413940603,-4.672545241270745,-4.63271732942697,-4.631117930303434,-4.6327357974064745,-4.637330395782761,-4.633143196489578
2014-04-21,-5.05845551793814,-4.813506137287196,-4.7962231815056615,-4.9364961004264,-4.783139948282609,-4.773631237326546,-4.834470020943873,-4.896206270077982,-4.818191145099227,-4.789823724644787,-4.816629589336933,-4.814486115310741,-4.816236538848745,-4.819331961475002,-4.817199878091291
2014-04-22,-5.055306042865074,-4.87740908039945,-4.841963575699142,-5.024825140182883,-4.8534281597775415,-4.879864351446943,-4.916052500446794,-5.0386521565185145,-4.879172409650197,-4.907816962466524,-4.88275395655931,-4.878712697663396,-4.882752528389297,-4.884930434403099,-4.883551572212144
2014-04-23,-5.070907821446837,-5.003297230303717,-4.900173785852646,-5.143416937312543,-5.026087991206321,-4.969885363127437,-4.948322691952525,-5.133075300035981,-5.003333688087532,-5.1211432992509875,-5.002161886160816,-5.003277739456992,-5.002225600348421,-5.003795376317128,-5.002343605046983
2014-04-24,-5.113036869314097,-4.864544599553695,-4.79541531440442,-4.955785143159213,-4.857458817682229,-4.795799155771629,-4.796698620681607,-4.890416139583801,-4.860017074641177,-5.08712257327354,-4.86159324123332,-4.866200078685258,-4.862071677009646,-4.863286486548878,-4.861515702965636
2014-04-25,-5.158276678873781,-4.82968720195858,-4.836616707772545,-4.930932398132735,-4.830145580634151,-4.785704473217452,-4.887407938308227,-4.878685182665666,-4.827803295109528,-4.99851152589076,-4.8369837170058725,-4.831905080647161,-4.837731001751628,-4.840412245913573,-4.837423281765955
2014-04-28,-5.279931462402272,-4.603973472270959,-4.600903213130162,-4.690992566626515,-4.6191568496025575,-4.526003492602955,-4.65603314523377,-4.70249374816165,-4.6057771689592455,-4.65423619092123,-4.610271526784771,-4.604747758259893,-4.610008836480914,-4.613624837270535,-4.610925000670196
2014-04-29,-5.298724122948802,-4.845631631441098,-4.883473342016686,-4.949218397427662,-4.852995822438797,-4.7215781408037065,-4.8982710702836005,-4.930356979806915,-4.847867585957957,-4.886552336978261,-4.851731078382279,-4.848526544058876,-4.8520826414681375,-4.854028754498936,-4.852043702151342
2014-04-30,-5.307338004934862,-4.826254146941727,-4.775337992940542,-4.933385367922679,-4.809856313121009,-4.738800571401567,-4.75385801967662,-4.924520276722998,-4.83251092540684,-4.82731442641638,-4.825756083454851,-4.826580122519596,-4.826329250382295,-4.826947598398284,-4.825690086579154
2014-05-01,-5.325048319667472,-4.841219982264708,-4.788503148226745,-4.974045024451421,-4.824897760822359,-4.811749112319368,-4.7684668122978735,-5.017320224254941,-4.844596748020221,-4.64045860834758,-4.843134947078756,-4.8424816804592785,-4.843222524729316,-4.844579803795642,-4.843488830851937
2014-05-02,-5.385896239418537,-4.740176407629475,-4.777706078082021,-4.83934553542929,-4.70333728757077,-4.7215083831735924,-4.799648664901842,-4.864870739837131,-4.7617464585448115,-4.622538452269125,-4.753244176216201,-4.744655647304225,-4.7532836514035495,-4.754178032883026,-4.75358224125573
2014-05-05,-5.39753258357256,-4.87178874920201,-4.9001601174923435,-4.960676759674245,-4.851125780294616,-4.860305332283621,-4.93772202618979,-4.985101896997788,-4.884045487964413,-4.7888790186278065,-4.879004785014042,-4.873847324725155,-4.879132150167329,-4.88105559035757,-4.879682068994291
2014-05-06,-5.443454826338791,-4.838109635507812,-4.910106798814447,-4.904146821191128,-4.829418794038499,-4.773613278343752,-4.977363913415321,-4.869689628690988,-4.852403074815583,-4.921480723987504,-4.849974769364233,-4.843124762258455,-4.849729979112703,-4.851236483309576,-4.8503698129692685
2014-05-07,-5.617619175873589,-4.592544119429597,-4.631004654096722,-4.650327576065467,-4.584977261003486,-4.53204595079684,-4.687022689206451,-4.6241697660656085,-4.59903568393874,-4.6392251789243515,-4.600424130266324,-4.5939926778446765,-4.600451665768506,-4.601831218981825,-4.600663198092065
2014-05-08,-5.709656934343651,-4.704000454395879,-4.74979546820343,-4.757076255246554,-4.697260528340771,-4.602498530708952,-4.802526075223128,-4.734115386287289,-4.711767254584171,-4.741991818423955,-4.714216961658012,-4.708020101189655,-4.714167438580466,-4.715541598525606,-4.714306657872454
2014-05-09,-5.797568127760296,-4.704889085086405,-4.762023516914929,-4.767780560147752,-4.703607769673475,-4.603005300676396,-4.853289463918387,-4.783938188875078,-4.710854772844105,-4.8194953371021,-4.719694285753954,-4.709874187662246,-4.719303388469298,-4.721559141386535,-4.72002571102578
2014-05-12,-5.760558069274785,-4.9995747440292115,-4.964452998657543,-5.087285282917906,-4.985619348529641,-4.957998242391267,-4.990329703183267,-5.1169693065346955,-5.01266277198933,-5.11570745180601,-5.0021709120037965,-5.000303267080472,-5.002024922711676,-5.00317205021948,-5.00239866966305
2014-05-13,-5.732469141844429,-4.952703913711069,-5.0168795581151455,-5.00450778474199,-4.94403072444252,-4.86043744032422,-5.055637643954394,-5.008194981626945,-4.956526448671792,-5.000963796268482,-4.964129746992259,-4.956920515416266,-4.96435585503657,-4.9653597953024144,-4.96430434857004
2014-05-14,-5.728419995507175,-5.0016432238481645,-5.059579277571692,-5.056240957688608,-4.9857247807015925,-4.93431224848294,-5.148496541621554,-5.055112461121897,-5.0146703441470795,-5.033397252878691,-5.015715727578223,-5.0060087837793965,-5.0154429733785975,-5.01745175081149,-5.016214113391826
2014-05-15,-5.851917290739771,-4.7804217567469465,-4.829457490463839,-4.83272078672967,-4.779976280604045,-4.704869046098673,-4.884883384526659,-4.828252499940211,-4.7850243154234535,-4.883795795789697,-4.7897318754323255,-4.783971531401719,-4.789526582278495,-4.790858981268217,-4.789796034157704
2014-05-16,-5.877108933732393,-4.971901613718479,-5.033721111530567,-5.04814905441951,-4.956370332084732,-4.911747727807156,-5.1069948723093646,-5.05982372534698,-4.984791837923753,-5.027521121199237,-4.985127793265554,-4.979423476145918,-4.98514400263172,-4.986110977742932,-4.985424024686811
2014-05-19,-5.883585841316492,-5.107177866225437,-5.133149916129497,-5.201883532451395,-5.092354555858602,-5.07657184852434,-5.1871789071622345,-5.2010588650806575,-5.1221331449899665,-5.105871722127015,-5.117453582591897,-5.1099451195299075,-5.1174254652769084,-5.11843780491197,-5.117771616997388
2014-05-20,-5.9666923160164185,-4.9635556945345485,-5.016753572549753,-5.02929101386981,-4.951745645127155,-4.909247083541847,-5.071726823259708,-5.04540338915313,-4.971370729419014,-5.043968779825389,-4.974417854593394,-4.96684975513845,-4.974213567563302,-4.975014783880861,-4.9746219728882215
2014-05-21,-6.00454966723045,-5.044311151285343,-5.110464437866602,-5.089742715445782,-5.036673549732816,-5.008866478451449,-5.204796856297429,-5.118916361699737,-5.056827295186375,-5.1121390541794085,-5.0566317780132115,-5.048636277516069,-5.05665414979401,-5.057659801433932,-5.056866633881055
2014-05-22,-5.986430969851092,-5.139827868702323,-5.205300399068747,-5.235917446212524,-5.1355672798644685,-5.092956949666051,-5.282176625488877,-5.267452985910336,-5.137892757617323,-5.251917871363623,-5.15537689628492,-5.146229073320033,-5.154975472343616,-5.156160588940211,-5.155629385341813
2014-05-23,-5.945616667743025,-5.390345187582686,-5.32543329312576,-5.474713343542913,-5.38852868264263,-5.349299778708954,-5.320277593066587,-5.524877765969153,-5.3927331138036605,-5.418189484595647,-5.392190135130042,-5.390502001070496,-5.392351909548367,-5.392776700509264,-5.392393859772204
2014-05-27,-5.864778986110071,-5.32311413563239,-5.330432858741374,-5.406654805240621,-5.314170905217412,-5.310968932964644,-5.366398996015449,-5.463084295588029,-5.332341576696469,-5.303608026540361,-5.333613647848407,-5.326763944612112,-5.333321579161101,-5.334399178886567,-5.334077183268252
2014-05-28,-5.863721163857962,-5.3403530395248895,-5.341933030857506,-5.402613667941977,-5.335338773036437,-5.2930926199512225,-5.404838881186277,-5.387979347665784,-5.341192784336558,-5.407952539621965,-5.345815131339719,-5.342436787761299,-5.346138967342262,-5.346310813428247,-5.345846150048639
2014-05-29,-5.87248795121491,-5.413198223833786,-5.4502576623079655,-5.477091806693462,-5.40130922077013,-5.388078447676965,-5.490976207512649,-5.484632496608451,-5.4205749219986386,-5.436116717659598,-5.4227061218934764,-5.41642684793508,-5.422783029260335,-5.423438115509609,-5.422891417651111
2014-05-30,-5.870793925900024,-5.437388518411858,-5.483090255763217,-5.520191684151694,-5.4242214568886,-5.416843844939767,-5.548999784223095,-5.561587964439156,-5.447221835197769,-5.497765771366422,-5.451075037545065,-5.4426575752213475,-5.450936055587091,-5.452115701901565,-5.451452765223085
2014-06-02,-5.905911421984246,-5.304772288592175,-5.350066312816624,-5.370946262549312,-5.294127375793375,-5.272903854092254,-5.418974289539647,-5.399652548820883,-5.310849944514061,-5.363366440460495,-5.31600947726621,-5.308456255559454,-5.315954298575176,-5.3166289267634,-5.316166965612512
2014-06-03,-5.9174009795488605,-5.36089884149552,-5.427486204740457,-5.3814008123513375,-5.339255203740424,-5.338497336089217,-5.510231914245653,-5.389569868235232,-5.373252208281267,-5.3726836132378795,-5.372075874165153,-5.364353491029835,-5.372172125909553,-5.372982158351878,-5.372382280811938
2014-06-04,-5.917904256206026,-5.465190110633065,-5.499481337511962,-5.514053082433746,-5.454585219972946,-5.450099479912719,-5.569827601235588,-5.504592465316143,-5.471564550764504,-5.476158280315883,-5.4731250281386945,-5.467638894213213,-5.4728775690590465,-5.47391388560968,-5.473450005651013
2014-06-05,-5.902568794098842,-5.3032968027248995,-5.368190169222344,-5.332821293843188,-5.29189339224215,-5.283634472290247,-5.442255841850097,-5.275451101651514,-5.299695370770981,-5.210049160929789,-5.3117814832653565,-5.304962849283745,-5.311636577712988,-5.312273190651824,-5.311977772920805
2014-06-06,-5.871371675151514,-5.532990334811053,-5.509784775985902,-5.565416108199963,-5.511950644438116,-5.525875822780269,-5.528912944999564,-5.562390144049091,-5.540956521557443,-5.521987553077179,-5.53329087380939,-5.533323213833381,-5.53335682503271,-5.533451177866599,-5.533205014418188
2014-06-09,-5.841575961108075,-5.546257459818552,-5.557172655763039,-5.590826155627861,-5.525560090959158,-5.534537335837313,-5.572668659652317,-5.619569907791833,-5.5528727197498595,-5.440763360554284,-5.548103837423705,-5.546890195255353,-5.5488858854402325,-5.5482705253571165,-5.548364481496516
2014-06-10,-5.828402080117096,-5.641165072811423,-5.631420986832764,-5.70355904156541,-5.620195151794105,-5.621618229548017,-5.623607588550544,-5.691365418087219,-5.639938542373423,-5.531069980300721,-5.6408564008783735,-5.64109449537613,-5.641265964711895,-5.640827690898992,-5.64078514496072
2014-06-11,-5.849043971821368,-5.5962406262981395,-5.647122091608426,-5.624043802470624,-5.5619630506463995,-5.583310230326031,-5.680668806482706,-5.64269145138697,-5.604437066367443,-5.545616838956639,-5.602700209561175,-5.59846956228194,-5.603140068897414,-5.603333348965702,-5.60292330473647
2014-06-12,-5.7781123513100745,-5.487725920434027,-5.51365491369595,-5.562930774184646,-5.464938964064002,-5.491487451824472,-5.550284076049598,-5.613613087957894,-5.496267456063021,-5.4348535869907115,-5.49582448406072,-5.48872454884576,-5.495764916037207,-5.496404347430932,-5.496036224674651
2014-06-13,-5.82093985134408,-5.407130785609738,-5.4803862044305385,-5.434553314500983,-5.373400740692233,-5.391379986989215,-5.537185925896397,-5.482722638070724,-5.421529985050596,-5.3808496211583465,-5.418880159289482,-5.411901256366841,-5.418838893411523,-5.419528639117928,-5.419253437980616
2014-06-16,-5.728364027338096,-5.418566156561501,-5.463561179757966,-5.486296143052788,-5.372305000007445,-5.410128555798154,-5.51501347152105,-5.459473664738086,-5.437974153608214,-5.295559536888657,-5.432671019145081,-5.423804995807306,-5.433425315813116,-5.432821663157977,-5.432696373592919
2014-06-17,-5.736409165263572,-5.46621823886588,-5.463484954219403,-5.468438926121177,-5.440922501468382,-5.475146474013157,-5.525962997919778,-5.512159003507218,-5.476788463099731,-5.47910872878374,-5.4717397724938595,-5.468151557123666,-5.471416680406066,-5.472934734757183,-5.472075671544515
2014-06-18,-5.761526240097413,-5.432180493911224,-5.45980566385063,-5.496799319565228,-5.384746487239169,-5.451856162211411,-5.515622898335836,-5.5814200168551675,-5.44997051830453,-5.345655708409591,-5.443832999915675,-5.437533016373634,-5.443674958610737,-5.445522818445228,-5.44449728490767
2014-06-19,-5.7633074233804615,-5.5544234924916305,-5.558438232414342,-5.609531931493943,-5.523015326983503,-5.5594358810883575,-5.590445637904676,-5.695371501635441,-5.56426831052786,-5.421012044038629,-5.562694409545848,-5.5567047500598585,-5.5626450812133985,-5.563599125567051,-5.562988314103633
2014-06-20,-5.750445060923048,-5.785441159888253,-5.7168683566227525,-5.854643787794694,-5.759800974416267,-5.779535037567761,-5.713824988495423,-5.873314806173618,-5.789078066826258,-5.738689290504109,-5.781563839947535,-5.784969925251621,-5.7818758857959445,-5.781994468990633,-5.781600540507603
2014-06-23,-5.744569801214956,-5.749811749346454,-5.7167907576806325,-5.792582842712616,-5.723958785788739,-5.759310590897379,-5.72967949642256,-5.806943808736148,-5.754693598894004,-5.73975984468904,-5.746676188122173,-5.748600448816399,-5.747126967766749,-5.747297206921887,-5.7467615736513595
2014-06-24,-5.750239727979198,-5.571546716399329,-5.59569804857559,-5.545090093712013,-5.568654026519836,-5.546859417766296,-5.632941685143042,-5.536831329565206,-5.572029134713529,-5.603867052633805,-5.574210705184826,-5.573692427711286,-5.574414815241145,-5.575044728178609,-5.5744119979520415
2014-06-25,-5.728674905168977,-5.600510240333261,-5.529162840566178,-5.632441331810244,-5.588195784020289,-5.598233148227921,-5.516802024256795,-5.673279603202898,-5.602691563678454,-5.673808318206306,-5.595217411759498,-5.59961363263521,-5.595538518844305,-5.59623569387152,-5.595541445831739
2014-06-26,-5.717921171355644,-5.395782981894153,-5.496538189548892,-5.380807078511598,-5.3906445655665145,-5.406057541442629,-5.604444619306824,-5.369995952482426,-5.396990683593455,-5.4524254937381365,-5.406655862250954,-5.399824498103113,-5.40647425224428,-5.408995038242728,-5.407490099465391
2014-06-27,-5.616137709795954,-5.572220531367279,-5.565449073024633,-5.597214352789959,-5.55123806577778,-5.569423026850154,-5.585877156300562,-5.5700712646463915,-5.576215652977917,-5.585232379567924,-5.5727272308783435,-5.572339889190054,-5.572529048296316,-5.573190957888894,-5.572757663967825
2014-06-30,-5.5034795640960095,-5.629607832693496,-5.583762295209812,-5.701871194556085,-5.605236675426383,-5.643246489116152,-5.596413637469856,-5.724106032135725,-5.634472844643718,-5.688283008676762,-5.629386866847287,-5.630209816637921,-5.629297000058641,-5.630450957700315,-5.629576201464761
2014-07-01,-5.370075129395168,-5.584494057555878,-5.552109934451779,-5.651980407334523,-5.563546494634641,-5.576709600686717,-5.596267479903757,-5.6419761316606465,-5.586357691314789,-5.644785943228113,-5.5846820665728485,-5.584163321502285,-5.584695759812778,-5.5862526109500035,-5.5849803674000995
2014-07-02,-5.33777953373117,-5.686204416603673,-5.617300210203835,-5.737443168857654,-5.652841382632291,-5.689513659713543,-5.605144073002191,-5.8007064432443896,-5.689919498940931,-5.721210362345716,-5.6813284254372425,-5.683891845088123,-5.681539669868021,-5.681359600202082,-5.681225996357498
2014-07-03,-5.232072228338774,-5.718761182138195,-5.695108831623748,-5.800206871015465,-5.680634906160699,-5.728069936353967,-5.716778866523686,-5.786922601469521,-5.719802787316938,-5.642585383973816,-5.714681176919664,-5.718206384332544,-5.7147309349503015,-5.715506762550521,-5.714913032558281
2014-07-07,-5.174923101487405,-5.747073947094768,-5.727635712113034,-5.803376040483295,-5.7266483254691165,-5.7290550196813985,-5.729592839652756,-5.804706518020313,-5.74723685157052,-5.7507563419640775,-5.74608994945167,-5.747415272788741,-5.746317479048923,-5.74600349082043,-5.74600373784142
2014-07-08,-5.129749258806125,-5.501034689790141,-5.504008794110628,-5.512870839891937,-5.485126766662875,-5.48426364760027,-5.51203447020815,-5.518641622990495,-5.500976518999974,-5.523269515693048,-5.501417145218113,-5.501858156516413,-5.50147732974095,-5.501048744755302,-5.5012250089982615
2014-07-09,-5.098103163329176,-5.545555713301189,-5.55680642206794,-5.6008122600803105,-5.512663959064352,-5.532886282144063,-5.617344517404537,-5.632711385671951,-5.545025402479371,-5.5431085221746965,-5.553155483776733,-5.548385876133356,-5.55299189851266,-5.5535357157888035,-5.553552424777032
2014-07-10,-5.10369353579963,-5.46842102638783,-5.4421671401032174,-5.479539172260166,-5.454128863339213,-5.442210606730725,-5.463712889467204,-5.44496414194514,-5.4680618123424045,-5.539032609075621,-5.463835443677392,-5.466727216668591,-5.463942933449079,-5.463425775183731,-5.463626798026459
2014-07-11,-5.067398846246891,-5.535990896181494,-5.558163805384802,-5.524945738246763,-5.520003318464867,-5.534621078062551,-5.614124170869485,-5.518873565534876,-5.535093531485695,-5.5964636381618575,-5.535310291464216,-5.536461708346167,-5.535324784172744,-5.5352946259651405,-5.535595232043229
2014-07-14,-5.057358056344314,-5.697388997545331,-5.650906803761098,-5.747296188050541,-5.6653494700279605,-5.676373970036655,-5.654365633532092,-5.784625812360773,-5.69442542101114,-5.736517601777405,-5.694392410427476,-5.696828829526966,-5.694217875017912,-5.6941773747183815,-5.694456125435992
2014-07-15,-5.110264222996891,-5.26424568796571,-5.396327571211502,-5.287244405304934,-5.248921544729672,-5.2335397594598945,-5.512341956464272,-5.276817497072493,-5.262118155464157,-5.300154413949235,-5.27996659254337,-5.269628282383448,-5.27975175212762,-5.279623449031789,-5.280732504242123
2014-07-16,-4.986222774336256,-5.5550483424691315,-5.476492191627747,-5.594472959857953,-5.5456784107817425,-5.544135391736144,-5.49501301712338,-5.539075374590774,-5.552456491349052,-5.650030072907573,-5.547621011184388,-5.552987924090851,-5.5476956868711484,-5.547167330332001,-5.547670204497646
2014-07-17,-5.0466193187143,-5.173498104111113,-5.279984684897001,-5.20366721020992,-5.152231053615135,-5.154492502116893,-5.382533489783253,-5.163090935346156,-5.16955446379902,-5.256079319487182,-5.18461176997466,-5.1778032520339305,-5.184738766751802,-5.18388734999906,-5.185239187544577
2014-07-18,-5.060918074061582,-5.376806875579011,-5.418996361183845,-5.396985296470087,-5.3432360537749615,-5.35339470927134,-5.456246253307873,-5.330556002929734,-5.370182630661992,-5.440884819456732,-5.3782061948241715,-5.3772599462569985,-5.378439147710557,-5.37797217280814,-5.37815742116121
2014-07-21,-5.059722645566886,-5.408474012392687,-5.476389915462164,-5.441804003624987,-5.391832737113178,-5.389634430698924,-5.535188549064851,-5.454733522225194,-5.408114621167257,-5.47932349535035,-5.416081146902014,-5.411047184173883,-5.416192132079405,-5.415167208182228,-5.416508634100314
2014-07-22,-5.064766985918003,-5.478521747119814,-5.509335245757886,-5.508750610796117,-5.472082754393394,-5.446410227131812,-5.5496152385791415,-5.429702888727356,-5.480889183065501,-5.582422129607978,-5.478149560434131,-5.478408944194346,-5.478202827542315,-5.477241489807778,-5.478353288615297
2014-07-23,-5.048080200904975,-5.50088375139202,-5.505955108655631,-5.534762408643133,-5.50158398733756,-5.459957461743724,-5.582682011759112,-5.457375681365873,-5.501564616909516,-5.643679806402659,-5.499924802931011,-5.500412121756404,-5.499771538165303,-5.498456494187743,-5.500309587027788
2014-07-24,-5.051514039480674,-5.596791572271227,-5.517027409856741,-5.650683856364846,-5.582657499439707,-5.544001158287535,-5.526052425517799,-5.585965702276577,-5.586028041696369,-5.6770910334120375,-5.588267319125179,-5.596424572779689,-5.588977926374691,-5.58817749853852,-5.587821645939417
2014-07-25,-5.066751530125819,-5.4925100558408575,-5.561751521944247,-5.5428459226341396,-5.473503773322365,-5.462361145346364,-5.59466997790814,-5.513386878605417,-5.4830276709543,-5.542100615232058,-5.498704553813489,-5.49475999289332,-5.499205626501637,-5.498130423678432,-5.4985072695883925
2014-07-28,-5.091769517472621,-5.3954928769891435,-5.465646869409047,-5.43761151388261,-5.371387910237636,-5.37004235219342,-5.467712896103207,-5.421533938661856,-5.3877307788410675,-5.346402601545065,-5.403180931648997,-5.39875195016849,-5.403258018125933,-5.403130434505444,-5.403018728318204
2014-07-29,-5.131825262955985,-5.264009698874474,-5.38603543067916,-5.285052625718526,-5.212634520148514,-5.245495300769257,-5.400268904848168,-5.230169638589745,-5.247047681460732,-5.21899969351747,-5.275275401358299,-5.272854843061248,-5.275373939248526,-5.275370947867399,-5.275120700354407
2014-07-30,-5.195722512651692,-5.10789919898301,-5.178954076748422,-5.185074563224027,-5.0477611618759886,-5.117335217506617,-5.162299897405079,-5.194258288809189,-5.084539483556826,-5.072717100601162,-5.114866180877597,-5.113807380992783,-5.115299389310416,-5.114098957771698,-5.115106325097488
2014-07-31,-5.264767869848195,-4.993052971727693,-5.014206755223253,-5.070288995932976,-4.972375553880084,-4.9877289691639355,-5.015160649356423,-5.116218947515089,-4.9797308022982145,-4.970553546460073,-4.997512267676797,-4.995451671292649,-4.997967112727994,-4.997143752176118,-4.997854103987579
2014-08-01,-5.383313332461366,-4.8444793652809945,-4.879088344785928,-4.908752957200442,-4.8127040220357955,-4.845288061864473,-4.883622858069087,-4.985543265339641,-4.82811818256079,-4.842308302594912,-4.848282358183199,-4.845479476060536,-4.849078288041604,-4.847931162664411,-4.849072949739513
2014-08-04,-5.391088704862568,-5.0193305858005335,-5.069229323195998,-5.110434472922881,-4.979698911639244,-5.02913582555735,-5.057392022472191,-5.322292903540379,-4.9852646978800115,-4.947398762212553,-5.034597736669967,-5.023492546342467,-5.034249975160794,-5.035273778897744,-5.035414580581043
2014-08-05,-5.488218701927725,-4.788323112086688,-4.840933915866731,-4.844068742534573,-4.775294343884738,-4.781151301389061,-4.859664956206227,-4.875448278988126,-4.7770814412474865,-4.757409512823032,-4.7966063665787155,-4.791966247866155,-4.796700831096936,-4.797358824635349,-4.796887325798668
2014-08-06,-5.547481315739123,-4.850215898595273,-4.938184245624583,-4.947169073655589,-4.819075329677109,-4.844780418439025,-4.966944451466217,-5.006138574836441,-4.833017862149819,-4.794768348661081,-4.864072620274791,-4.858234135425706,-4.864155752180521,-4.865376278969063,-4.864772973054834
2014-08-07,-5.610307761448533,-4.803063101217367,-4.952182040251552,-4.860200129337892,-4.780738555614745,-4.804178349752438,-4.996543677504833,-4.911917187472193,-4.791974662518488,-4.759624566826346,-4.821655569418802,-4.810745474292329,-4.821650559096253,-4.823308817425615,-4.822361591334714
2014-08-08,-5.621950505405713,-4.87989834371829,-5.105307510151903,-4.942672839345693,-4.852002751782522,-4.88704857819619,-5.2166021600652925,-4.992053452338018,-4.855826776483784,-4.849744991819291,-4.910138055013562,-4.898086866896598,-4.90995855724627,-4.912413390275752,-4.911027960340974
2014-08-11,-5.6133577141199344,-5.032006391622174,-5.210066310330154,-5.086357723060153,-5.004468100741954,-5.02214647662246,-5.299179726889866,-5.135684264898182,-5.016447828283474,-5.016080513732332,-5.053784322040939,-5.043470942139393,-5.053672426423063,-5.055999429365939,-5.05445794777647
2014-08-12,-5.633600159231839,-4.903039029868251,-5.169731241989675,-4.938467892561521,-4.877987291157753,-4.891487216185999,-5.298820493061056,-4.958634230269804,-4.894037788836161,-4.887176985874307,-4.932615138843831,-4.921234176311726,-4.932576526250141,-4.93551252896789,-4.933592984734511
2014-08-13,-5.616983661071674,-5.115988770937522,-5.296354948229479,-5.17307595181191,-5.097934364324053,-5.102075238932358,-5.377376924060654,-5.1848601857857775,-5.108524644041404,-5.111253450434832,-5.138274731397029,-5.1275240186101225,-5.138066333254337,-5.140715940018817,-5.139031728786661
2014-08-14,-5.577874008435582,-5.282923031252279,-5.407876817216268,-5.347151985309649,-5.264555327734052,-5.250733798252132,-5.470497211598095,-5.334086598574785,-5.277710085111385,-5.287029439218196,-5.298708821807672,-5.28869723902185,-5.29870931793635,-5.300755726126766,-5.29927145988596
2014-08-15,-5.716424519226789,-4.724081013653019,-4.989941880150673,-4.7911992031649095,-4.6793944018623455,-4.717300831759006,-5.130346163461469,-4.84966806267595,-4.704179823197094,-4.718180856812045,-4.758938227340083,-4.7467186442845986,-4.75875767451863,-4.762410124267597,-4.760065273486521
2014-08-18,-5.70292485663936,-5.1985716759126985,-5.332331886268156,-5.231050215681844,-5.191197350655328,-5.18678761541037,-5.372273306889482,-5.2517954817232075,-5.194789639792743,-5.198527364781971,-5.21458208759615,-5.207337950225312,-5.21468639341512,-5.216245553194908,-5.21490964823298
2014-08-19,-5.670127566330258,-5.31146241699976,-5.3948154884764845,-5.373633438406866,-5.2997776161093855,-5.298210207054911,-5.435058079070465,-5.395776953708838,-5.3080875586859655,-5.298207760740715,-5.325044034744176,-5.318335993051896,-5.325195310745737,-5.326553986476916,-5.325425699343638
2014-08-20,-5.651318403632103,-5.141081749378002,-5.363582427787059,-5.225923518570565,-5.135217886669409,-5.134275427765577,-5.4867482639564225,-5.240823473082786,-5.1441255995268245,-5.145973973890505,-5.172218333925123,-5.158440031076601,-5.171986215736114,-5.175619563868872,-5.173139286007455
2014-08-21,-5.610049278999813,-5.244502581301496,-5.328963029039379,-5.299595012929778,-5.235544364993602,-5.24369873961484,-5.380740645245267,-5.36094273857221,-5.241217855309024,-5.235830351918184,-5.260231066557039,-5.252170655337457,-5.260596923064635,-5.261910569324334,-5.260659242354743
2014-08-22,-5.602905649561353,-5.201399395639488,-5.394864682381094,-5.263033051440409,-5.171714011505455,-5.204886780428848,-5.494336795549794,-5.331173244416172,-5.193323269872138,-5.172115987611998,-5.227833147536874,-5.217678819188194,-5.227797964173977,-5.231346458246434,-5.228864936338984
2014-08-25,-5.521635150799689,-5.399343501725269,-5.530577317242444,-5.451719391479675,-5.384991163170937,-5.389050174556463,-5.6297101851295555,-5.45795665189977,-5.394142507335297,-5.40837429729996,-5.418945614573213,-5.4097350579479775,-5.418477982916272,-5.421580210363611,-5.419556180456763
2014-08-26,-5.4537545508462495,-5.419184762122613,-5.546927477644764,-5.491626965145884,-5.400630451876317,-5.416778754657592,-5.591682141113991,-5.58193983447685,-5.4137897482106325,-5.408438439095304,-5.439194817902361,-5.43006963368598,-5.438988016569598,-5.441696309682679,-5.440019311094542
2014-08-27,-5.386441185577737,-5.448033503362187,-5.582257884609846,-5.526859471929814,-5.427145914518389,-5.4242048366073154,-5.633708438047502,-5.557616698482666,-5.4416036312136615,-5.4446722364681195,-5.465482219474332,-5.457994259230606,-5.4654534383982165,-5.467889279862586,-5.466059795134332
2014-08-28,-5.311458110735893,-5.38937837781468,-5.542927435037591,-5.461362920204166,-5.371510831005178,-5.373643664445176,-5.628099860302317,-5.496075551973039,-5.384475889145068,-5.371602713234356,-5.412854232467595,-5.4026204494903745,-5.412587559589385,-5.4151596570204426,-5.413565602690089
2014-08-29,-5.207427051545529,-5.463424060571447,-5.6638250270989445,-5.525812725845933,-5.444090585592002,-5.436591335538729,-5.746457510481251,-5.490928560247922,-5.46090045232478,-5.462373048703214,-5.486635200643447,-5.478454550333822,-5.486568380824198,-5.488469192769337,-5.487158828663353
2014-09-02,-5.126825681201355,-5.372415523350389,-5.430533822705955,-5.4753419604262525,-5.3455042948278235,-5.365093477286568,-5.4531212055036145,-5.570735480364782,-5.361122480971439,-5.362564913314171,-5.384401884746609,-5.37793216618403,-5.384492084794607,-5.3857261300696635,-5.385004233175769
2014-09-03,-5.08776130599619,-5.4470017020812485,-5.571301241742028,-5.487514863092507,-5.429125563356476,-5.440036912361465,-5.61327682404432,-5.5628357227065655,-5.442860749615188,-5.4244013840384975,-5.463865262238517,-5.456157367460628,-5.463890684282529,-5.464729899116365,-5.464357874998475
2014-09-04,-5.053322967291083,-5.306662077187217,-5.450922882808612,-5.335985135125502,-5.28676050978115,-5.289205732657228,-5.506226305328903,-5.342439717098167,-5.301137552709803,-5.298295539900429,-5.323105728823276,-5.314970901490625,-5.323216014586303,-5.324032507820668,-5.3236543502825135
2014-09-05,-4.993802752234342,-5.300954220056582,-5.420162486980717,-5.325629869435272,-5.270649281462127,-5.286485930894219,-5.490043617386071,-5.265786121286353,-5.299735990955354,-5.303126585736649,-5.313225985606326,-5.3078789434660045,-5.313096317701993,-5.313695612028603,-5.313629399493398
2014-09-08,-4.874826677301295,-5.35669072341958,-5.458971527519439,-5.415850398968298,-5.326492272679285,-5.346780594629478,-5.4950930364267885,-5.453258713548187,-5.345457698238585,-5.337935847917699,-5.372263301356451,-5.366525967296186,-5.3721806219755885,-5.372446979489471,-5.372725710109625
2014-09-09,-4.762984855077693,-5.275757712611458,-5.424346250705458,-5.302616363299289,-5.257265967959533,-5.272916967633078,-5.503472761493952,-5.360155363430423,-5.261830841619004,-5.252607266428133,-5.296642573591117,-5.287574916755036,-5.296612940585995,-5.296647211823462,-5.297419220321209
2014-09-10,-4.659192647857932,-5.216026501092227,-5.352524855820318,-5.219094205030578,-5.186837951796503,-5.221643164680762,-5.393841926959361,-5.2163809878192895,-5.210098381998392,-5.194929522442715,-5.229690827842122,-5.223458118498872,-5.229506781408169,-5.229232337855428,-5.2301328037013315
2014-09-11,-4.5352765208053345,-5.305661186139164,-5.441699068927095,-5.308809144706005,-5.269293453221259,-5.302434581811743,-5.475126615332139,-5.36891028358304,-5.294512666615712,-5.2693728653888225,-5.321430704166119,-5.314305889437221,-5.321326220954668,-5.32045197135093,-5.322194400516542
2014-09-12,-4.424701184382486,-5.228247027016092,-5.347999875216263,-5.260214506223396,-5.1704965700628245,-5.254371000339664,-5.411265707973225,-5.318781474250594,-5.1887023921971815,-5.228620631485508,-5.245433272492265,-5.239002193188636,-5.245785267587789,-5.243968498414424,-5.246179327160006
2014-09-15,-4.187524646700701,-5.292472914732807,-5.392585180927585,-5.31820624843174,-5.251127646938433,-5.285144680152184,-5.428192853218,-5.374268795369417,-5.270410566121405,-5.259621557027099,-5.306093976598506,-5.299947899075963,-5.3059545364661425,-5.304420407727116,-5.306674934104383
2014-09-16,-4.0624217212237435,-5.239618549683323,-5.339590828415072,-5.268805578290127,-5.184081779351815,-5.231406580210701,-5.340547871372706,-5.288077987737986,-5.20665071498764,-5.214925377198274,-5.250162070796197,-5.245727351293953,-5.2502328582360285,-5.249225453325221,-5.25035791869371
2014-09-17,-4.043740251394062,-5.164941369375329,-5.166480677979264,-5.198575307520006,-5.1120530578557535,-5.189439769472825,-5.165061872069368,-5.272580166933461,-5.137906781769021,-5.134463107559945,-5.168318113664736,-5.165827976278729,-5.168261525771829,-5.167492327157607,-5.168640684908469
2014-09-18,-4.018762154758325,-5.393449290263988,-5.435996850853061,-5.402705828683124,-5.330204534493301,-5.43458112769238,-5.396747499957999,-5.468256984982243,-5.3599028888385,-5.292514780610471,-5.399029994979702,-5.396401937519366,-5.399103570329327,-5.397663038721187,-5.399411645273102
2014-09-19,-4.013167466165326,-5.327114829053509,-5.362986864089482,-5.336259001567011,-5.283074711904975,-5.324501406249535,-5.343002688113821,-5.297134378290361,-5.3257433576406745,-5.248398306004038,-5.327335150225692,-5.328275425698514,-5.327630442600663,-5.326539581151581,-5.327253638422563
2014-09-22,-3.998029186714852,-5.283546055355782,-5.369241727069724,-5.29311250807326,-5.277138929945086,-5.266449449716658,-5.375185481932126,-5.331624468035625,-5.280141255173315,-5.262844622242078,-5.292578481067071,-5.288795540623537,-5.292818957328304,-5.291685171070483,-5.293030872509029
2014-09-23,-3.982964491961851,-5.236497962568177,-5.333489363439092,-5.257409450327605,-5.193839655519153,-5.220106544952876,-5.379321521839929,-5.248834555636454,-5.2331518709478315,-5.187199297106947,-5.245712988023563,-5.241721157832828,-5.245860350659724,-5.244571250752297,-5.246148648050601
2014-09-24,-3.971349904401348,-5.2631459891392725,-5.352903061984057,-5.265579041812705,-5.227502403945023,-5.271485548857078,-5.3621337451072675,-5.246590902605852,-5.2591769711015175,-5.221382126110087,-5.269792627237851,-5.2675110032448735,-5.269723712040897,-5.268697885473888,-5.270190527824057
2014-09-25,-3.9679047667088176,-5.084647304912119,-5.178134817426084,-5.093615038693416,-5.044478278092825,-5.0794255621732125,-5.24069991677343,-5.05095033745256,-5.076182548191349,-5.08356812010549,-5.091659249665038,-5.088688707129103,-5.0916295132187965,-5.09068098866682,-5.09194175915122
2014-09-26,-3.9743850184337965,-5.048623550054105,-5.1785063846605865,-5.120025112291194,-4.97956970539368,-5.062124897445089,-5.2134323685604285,-5.158050922793849,-5.00521539776582,-4.975332250500515,-5.061527175277573,-5.0559738354108354,-5.06170072250452,-5.0599478315831465,-5.062007907828841
2014-09-29,-3.9589033781517675,-4.990734177514564,-5.108908350085681,-5.038154578597506,-4.937838885117837,-4.985569551410821,-5.154880651089824,-5.00371347213241,-4.970672640387147,-4.947088338583074,-5.002261504962845,-4.997020744520658,-5.001914223549092,-5.001004216313527,-5.002642043566032
2014-09-30,-3.956541608967794,-4.897720243733348,-5.016583756740255,-4.938161330350597,-4.836445504129302,-4.895193887158583,-5.0524816884158446,-4.943342684107626,-4.848872803581859,-4.82787756564143,-4.911786371117587,-4.906246944173869,-4.911753723963504,-4.910237629738259,-4.912040268100144
2014-10-01,-3.9785863060187983,-4.757693036975022,-4.849603349886077,-4.7934160892755555,-4.725028445003917,-4.73291025568758,-4.867113094849838,-4.761080148956416,-4.767228752801463,-4.72673565563886,-4.7676308434944685,-4.761475330721496,-4.767880656225321,-4.766427327331662,-4.767741895910228
2014-10-02,-4.001152415032496,-4.719051235180595,-4.774561603185357,-4.757853815205585,-4.701056935071397,-4.679363810839277,-4.769731406574896,-4.726029662715578,-4.736060065931707,-4.651834788390071,-4.722929187871767,-4.72063593687958,-4.722805140321713,-4.721821546887615,-4.723123328382061
2014-10-03,-4.000908781164173,-4.807268777021661,-4.8573558938797925,-4.815935508345,-4.752807108983699,-4.7873808487200895,-4.833817879180175,-4.790571357666446,-4.778729823547427,-4.73425957448535,-4.806083907457394,-4.80757630172973,-4.806261846116925,-4.805214147837503,-4.806219437323596
2014-10-06,-4.01089689809413,-4.759014745695447,-4.8711115977605735,-4.801106803982141,-4.740643682397186,-4.71990396931963,-4.913343759211613,-4.833139123891167,-4.770419024702989,-4.7613560928633305,-4.770788607678961,-4.764449382381642,-4.770661598015398,-4.769174863485345,-4.771213016021457
2014-10-07,-4.0322938692737305,-4.653821168708043,-4.7731119364748995,-4.701388264681661,-4.612000893668534,-4.612575484431086,-4.798731485386934,-4.761167955424604,-4.6298238346953635,-4.6091807259024895,-4.664746526419933,-4.659290071416237,-4.664578864577864,-4.662799022540407,-4.665203964231979
2014-10-08,-4.0817498956505895,-4.488141819035881,-4.558695835787417,-4.535810202030202,-4.481436717468124,-4.465941756827232,-4.537052638084525,-4.594215211999484,-4.507472333413874,-4.388104636727601,-4.4956123108583625,-4.492172571783324,-4.495334166042532,-4.494037382858756,-4.495839836244076
2014-10-09,-4.146462254771002,-4.393640913192355,-4.42511579466519,-4.470450905981697,-4.354888414515906,-4.369143873673194,-4.405939029135839,-4.519576879587503,-4.381966140505871,-4.340793118168381,-4.3956071178988445,-4.394445257735101,-4.395682795645146,-4.394686613572793,-4.395842815243117
2014-10-10,-4.2219803770082835,-4.303601783450088,-4.2839708593752865,-4.339613626446802,-4.318283902010996,-4.212222148312268,-4.191366419664729,-4.327114487510764,-4.3219340610694355,-4.20021772411101,-4.296258117080245,-4.303080800060632,-4.296705700679075,-4.295938110457141,-4.296287833056535
2014-10-13,-4.314813198657068,-4.195829332160753,-4.185350426095789,-4.262518401977326,-4.228394854573685,-4.076736441834368,-4.075584059895363,-4.289623622559306,-4.229883456243032,-4.121966644356733,-4.192159799807859,-4.196111800957185,-4.192096083821165,-4.19199177361285,-4.192255565570698
2014-10-14,-4.4072852986992075,-4.119434134651319,-4.120444880006506,-4.228774454764851,-4.108732432358071,-4.002854310367518,-3.977742352351739,-4.299751019389512,-4.090734736118909,-3.9365651494477265,-4.1193632636859085,-4.120563075444867,-4.119631633529205,-4.118835105607825,-4.1195834234735935
2014-10-15,-4.714826960721239,-3.8358573758933114,-3.7312352072295005,-3.9798655416700424,-3.8267289333108434,-3.776572572144682,-3.604126942897035,-4.1174353537315955,-3.838423627289463,-3.775581044013986,-3.8290026724168738,-3.8349286891664467,-3.828843667729693,-3.829392067544624,-3.8291655881859845
2014-10-16,-4.969518757080198,-3.858912166016454,-3.8236148346055847,-4.02063322569915,-3.844626093284565,-3.7919190737300883,-3.7007514211382166,-4.166193141260937,-3.8316669738585842,-3.7859311176085364,-3.862086953428914,-3.861174377425649,-3.861957029402155,-3.862200543291969,-3.862394881649065
2014-10-17,-5.065948729310746,-4.080862026891678,-4.087409240085832,-4.209421108339336,-4.05543294064165,-4.043168257922241,-4.017966476620332,-4.366143033008042,-4.061132958666709,-4.039141497204532,-4.08756159067536,-4.084218902728304,-4.087347912364053,-4.087624817492288,-4.087967004388817
2014-10-20,-5.124286143047936,-4.148104193323418,-4.20156255724815,-4.208634802575543,-4.155679298384436,-4.009548800269624,-4.173544045776666,-4.232505119522775,-4.17459879883053,-4.122713967729541,-4.152806653441558,-4.150023640970746,-4.1528423546846245,-4.152594162062159,-4.153021877681632
2014-10-21,-5.15248920763602,-4.3308819896316475,-4.389816634632663,-4.440853829262169,-4.3025421474361405,-4.240738101252302,-4.375783316290576,-4.492050045102637,-4.303970175660554,-4.340179264394023,-4.337784746626403,-4.332981598462449,-4.337680619574388,-4.337658298606186,-4.338184048847255
2014-10-22,-5.205651507875347,-4.308146723694092,-4.33065135717087,-4.429428311637406,-4.309628180593623,-4.151619117880419,-4.288617722195802,-4.496578205757735,-4.285310514553741,-4.297175114673484,-4.313297314057172,-4.310918157468071,-4.313433433545148,-4.313607958924232,-4.313500728166402
2014-10-23,-5.2880745986922495,-4.3771565539022435,-4.4079833797120465,-4.49048093603526,-4.3772739509386085,-4.241030844185572,-4.393563120836252,-4.529843264943062,-4.374742859715087,-4.384069374358223,-4.3824342366188,-4.381790188161583,-4.382794339967262,-4.382804148398821,-4.3826001894996836
2014-10-24,-5.352561827769593,-4.421787054724788,-4.525510862121433,-4.540852055138123,-4.378922756834943,-4.315415456351861,-4.515389846906409,-4.541933333602216,-4.373529738658913,-4.400856876266363,-4.4351804076545065,-4.429287291050606,-4.435643947807615,-4.435605500526226,-4.435518435054627
2014-10-27,-5.441320166965023,-4.430002916678516,-4.550389285338352,-4.537374115345033,-4.4187213332533934,-4.302788878032506,-4.565057706080873,-4.531127482478932,-4.4066136093994395,-4.4401012646626095,-4.448402101453255,-4.436152257160227,-4.44826775961341,-4.448845224749235,-4.448950959470374
2014-10-28,-5.467651692126135,-4.580705961346226,-4.639270367228227,-4.705719311243797,-4.570065375100179,-4.46219899473127,-4.600058487259022,-4.780672997320642,-4.5497570582163425,-4.559327931666839,-4.593432836946065,-4.588050482919213,-4.593538929944143,-4.59386912084329,-4.593703831171569
2014-10-29,-5.540907987834022,-4.346226219655978,-4.412802443469772,-4.504224905760837,-4.3057029118291394,-4.27310107112548,-4.396487559400994,-4.646069392627213,-4.313737690755287,-4.284871586336834,-4.364614798328303,-4.354862101062693,-4.364469560749112,-4.365526735525764,-4.365275922583162
2014-10-30,-5.633723819972044,-4.408759395111972,-4.489395151886255,-4.568214214263103,-4.385987599778191,-4.301668420512703,-4.4999748214921365,-4.610044403159349,-4.395184526770428,-4.384417129840389,-4.426366920796821,-4.417671066643232,-4.426351903335976,-4.426998563584745,-4.426826075336822
2014-10-31,-5.666113294772559,-4.607972994204074,-4.667595338890331,-4.774707709623758,-4.572388227053917,-4.505028888181325,-4.656729371857528,-4.775275761473137,-4.613865510802612,-4.603284902097733,-4.621010627705008,-4.614308179112957,-4.620972942075395,-4.621762261215847,-4.621250700825718
2014-11-03,-5.660213827809254,-4.679046019198998,-4.70420959646986,-4.81943616957058,-4.663415106174009,-4.552603278087865,-4.671311900049741,-4.8634381872665315,-4.7006960480568605,-4.651673969224112,-4.6865027267800095,-4.6830778157907895,-4.686765648060973,-4.6874677650915375,-4.686761689116004
2014-11-04,-5.723832242914157,-4.537813494251809,-4.630379939088158,-4.686211055849583,-4.49239371892484,-4.480368329812942,-4.6425808291730535,-4.80123672093491,-4.522974768609754,-4.5335268993869136,-4.557151334782616,-4.547495171968323,-4.556925682476297,-4.558485694583218,-4.557833499623576
2014-11-05,-5.71083090000663,-4.688402102755584,-4.723409927042189,-4.899512938320846,-4.609218888711437,-4.621956286568518,-4.696278743318944,-5.093126707739326,-4.6394306243233565,-4.63829496009256,-4.706261743421735,-4.695841710725244,-4.706102281874194,-4.707596587053593,-4.706742813109675
2014-11-06,-5.643083976644922,-4.753812295584993,-4.80731649552719,-4.9519898355549,-4.632314584636297,-4.725980875370853,-4.794057388633015,-5.1522100154224235,-4.668372618067177,-4.700338076659311,-4.774671314521378,-4.7612611236355855,-4.774586743877688,-4.775965478666082,-4.775261868666944
2014-11-07,-5.513505408124702,-4.848004770886847,-4.8684890517205535,-5.0377873591791476,-4.782883107981217,-4.833035601451353,-4.8553197791191005,-5.11285813843176,-4.843580582117492,-4.834055737087719,-4.860512778259247,-4.85249201885512,-4.860809131828485,-4.861918522525333,-4.860871004323467
2014-11-10,-5.398191999499474,-4.999057859885409,-5.010468712712442,-5.164059920849679,-4.920705745304403,-5.0113751794129735,-5.01421016659649,-5.235759095915693,-4.964053970957155,-4.9742064316853245,-5.009497238141433,-5.004214634531994,-5.010105482861469,-5.010436212814864,-5.009733328430622
2014-11-11,-5.258848701658147,-5.125117003333727,-5.131849099192234,-5.28592986916721,-5.061926948027194,-5.1497100207471025,-5.145739541206207,-5.372411703128754,-5.12736181131653,-5.126241275053517,-5.134615282996927,-5.1268717911201165,-5.134619322537802,-5.135931874093399,-5.134991921294739
2014-11-12,-5.040521888689529,-5.076536212833401,-5.097247723579409,-5.27062113815092,-5.023035714433408,-5.108767144884353,-5.0633906618996205,-5.46135271206718,-5.04403067539457,-5.045605241871176,-5.0926008885658,-5.082277059330167,-5.09310407891947,-5.093811749913151,-5.092939853708734
2014-11-13,-4.885740416925589,-4.852742409525159,-4.934028282260109,-5.0060480928487285,-4.730632461309687,-4.907829118044379,-4.960416251766014,-5.129271619010742,-4.8044471510855535,-4.83185189717395,-4.870219460467546,-4.862514631433471,-4.870570595046966,-4.871181635826452,-4.870912484548176
2014-11-14,-4.70389424546864,-5.099978312839762,-5.150476159148266,-5.264542123866668,-5.015729694652655,-5.158118170797464,-5.16475477754175,-5.370504780321808,-5.096388255891879,-5.095223908047867,-5.115719081683271,-5.106826765333761,-5.115722188290581,-5.11691998768635,-5.116165249316661
2014-11-17,-4.675250762346397,-5.050896690789285,-5.168812469937316,-5.1627477297016275,-4.954218481565213,-5.099857537918816,-5.20581676289587,-5.188994935355822,-5.028111870659249,-5.053955446031386,-5.06892781678826,-5.05869556999995,-5.068760096178388,-5.0695895862022455,-5.069380454047175
2014-11-18,-4.650051567889956,-5.297134958677773,-5.273839679744371,-5.499474146708628,-5.1891105624845295,-5.345316822556522,-5.244719896327154,-5.61548522777777,-5.237414657980005,-5.291384849313049,-5.3045947567614276,-5.299269207970145,-5.304701195092106,-5.305257974005689,-5.304871482193559
2014-11-19,-4.6555628424811,-5.098639019469228,-5.130948105417303,-5.238855493447919,-5.005249836674108,-5.136643236783316,-5.148591180358803,-5.254893177162736,-5.061384795800538,-5.098105973453565,-5.109261575704758,-5.104141084666642,-5.109243072705378,-5.1096148218259385,-5.109540917586758
2014-11-20,-4.652907534801816,-5.322965118607808,-5.285562945578586,-5.426662311344087,-5.256984776304731,-5.3497273618076235,-5.282362081478342,-5.4738451682953775,-5.303799374803632,-5.322120642621604,-5.323387229644957,-5.322789693050975,-5.323504902016185,-5.323543322329446,-5.323464768613195
2014-11-21,-4.66316595235907,-5.213345209685306,-5.25321426125295,-5.321914534605378,-5.1147428932244665,-5.268059707682476,-5.2571795206730005,-5.365955836618343,-5.210070914062196,-5.2134499613909,-5.221628985570762,-5.21606328567563,-5.2220279575276916,-5.221774152150235,-5.2218520743115215
2014-11-24,-4.665508110075319,-5.489054821705014,-5.438090976773231,-5.6247674638649015,-5.38653275483336,-5.542022067950906,-5.436660309643535,-5.664246177613923,-5.4617352571812425,-5.486249880832297,-5.487878830040864,-5.489775324253987,-5.488135477448495,-5.487842225114721,-5.4880281339401265
2014-11-25,-4.672043738788556,-5.346173121605799,-5.365996004266105,-5.408108351399147,-5.249158730685251,-5.403517149759667,-5.388120851461466,-5.381328585062612,-5.357064216498981,-5.3503929887292365,-5.3505490665166695,-5.348763544651636,-5.350649396531811,-5.350482204638603,-5.350742423613874
2014-11-26,-4.666907308413666,-5.661700924670311,-5.555779892489242,-5.791792154805127,-5.515372864531721,-5.717247386971018,-5.527147663192423,-5.82464635364705,-5.638514412626305,-5.667545786419152,-5.652609491103019,-5.65793653607494,-5.652717153983923,-5.652440987548176,-5.652594288829151
2014-11-28,-4.645938166958101,-5.448757559147466,-5.189290804667595,-5.638390946299263,-5.220621098627095,-5.556233197755029,-5.047587288759995,-5.6607500134161475,-5.431430853515314,-5.469351675369382,-5.414991971830903,-5.445368489910299,-5.417052888149189,-5.414198429497025,-5.414351361248679
2014-12-01,-4.618555211498598,-5.152766594119543,-5.097422471893081,-5.246694390118069,-4.940049778784669,-5.225916759599079,-5.0411902694104604,-5.325809859661115,-5.124214683176869,-5.097575556551544,-5.143851436173591,-5.151734429692837,-5.144416082479741,-5.142892263079984,-5.144019215755896
2014-12-02,-4.561123267888809,-5.341036395165647,-5.242514991748145,-5.434611914655456,-5.121052310151102,-5.440538776033917,-5.171846017852577,-5.544619973687936,-5.306820287452024,-5.270504879421741,-5.330932236040229,-5.341049729992728,-5.331536633583497,-5.329888669930836,-5.330957301261012
2014-12-03,-4.47283613893009,-5.4377707431243945,-5.260705226769296,-5.551800999628263,-5.226296037419121,-5.537831535644798,-5.16939629327549,-5.631614593770996,-5.443413315370348,-5.363083662645625,-5.415887884387779,-5.431066730569075,-5.4159489652546515,-5.414434841184772,-5.415841384523427
2014-12-04,-4.437631869787653,-5.239941702430231,-5.230558015549045,-5.316793038914654,-5.019332168429545,-5.309804693306097,-5.207559722025331,-5.288794607173547,-5.219855612868925,-5.165150955032535,-5.234404456616888,-5.2398955014480535,-5.234335449978214,-5.2334889113027065,-5.2344727228428445
2014-12-05,-4.426740478412399,-5.334960196688815,-5.273773971872231,-5.4063844484398995,-5.096691567820225,-5.385215764225911,-5.222726263655896,-5.416882646892229,-5.254142791412313,-5.272456568293671,-5.324255291301109,-5.3330733474545475,-5.324578531849758,-5.323391499321455,-5.324302502002786
2014-12-08,-4.386386018403988,-5.205696920475054,-5.161939635498559,-5.269040171017478,-4.994382332710144,-5.25377760359086,-5.1166554123773205,-5.278567016450226,-5.155992154533884,-5.158270058170397,-5.1979669658114664,-5.2048366679857425,-5.197784847639845,-5.197133343275158,-5.197972040181497
2014-12-09,-4.364864394695936,-5.019528563152139,-4.960919922623894,-5.117623915740927,-4.793570694477274,-5.101687845828965,-4.908015365634395,-5.177004397548437,-4.917334638213032,-4.971868837916202,-5.014292899766383,-5.019116502298159,-5.014631717002486,-5.01345561134212,-5.014518513700472
2014-12-10,-4.329844887659857,-4.8270058871680614,-4.830484540344241,-4.925354193508169,-4.619137807870287,-4.878719339909018,-4.817960284412181,-4.941821869491139,-4.718313083061133,-4.802471729900369,-4.828321763482323,-4.829085002428342,-4.828490420877167,-4.827466864528975,-4.828591734516801
2014-12-11,-4.282835091100678,-4.774634700684902,-4.8191033886145345,-4.870486586937077,-4.548152208599516,-4.8472280474150775,-4.789102587504084,-4.84856057038727,-4.678491150191134,-4.754077921108237,-4.776403561738566,-4.775769353276963,-4.776596272139424,-4.77538649790377,-4.776640914664756
2014-12-12,-4.26042134467393,-4.633753002528741,-4.614550206962913,-4.771645879103383,-4.43633591284773,-4.7103463995556085,-4.570978821941865,-4.804620405555516,-4.519277539989723,-4.61581426689495,-4.6329976112295626,-4.635216473478804,-4.633130855848465,-4.631910746028662,-4.633264728572189
2014-12-15,-4.312763285424911,-4.382492359838766,-4.413449695235466,-4.53360450924743,-4.278634871966471,-4.411238844266867,-4.4006832539776175,-4.623730668303816,-4.2689667358925645,-4.375339059964232,-4.391719980707075,-4.385604856819818,-4.391593828634449,-4.390547517067401,-4.392142090994061
2014-12-16,-4.355369127955213,-4.295571245357153,-4.291861246908717,-4.478429030435972,-4.085492800748018,-4.380044199444232,-4.243845403358804,-4.573513274124231,-4.139749548462109,-4.276898247668275,-4.299938194573779,-4.297193238714826,-4.300069009030232,-4.298562640775896,-4.30036791692847
2014-12-17,-4.3845913963573535,-4.181620054471281,-4.17119191934011,-4.365135122168099,-3.943909320440959,-4.249299646994443,-4.126307616285604,-4.433260277595662,-4.025970356469346,-4.158473943638566,-4.183993939594052,-4.183299454159183,-4.184234107312399,-4.1829280717224435,-4.1843718884747245
2014-12-18,-4.370711193454929,-4.432910487151389,-4.504364321101927,-4.5693447608713695,-4.097648493346125,-4.542737939015405,-4.478584710186933,-4.53144480163683,-4.29930643921684,-4.384372091124185,-4.440648509859952,-4.43927567741842,-4.44110943237002,-4.440198867313157,-4.441070088558353
2014-12-19,-4.369098543334193,-4.5312472879443355,-4.577208920021076,-4.727376230203763,-4.29318777829786,-4.596320187268384,-4.559742926947435,-4.801113155793034,-4.358856188180987,-4.508190928712958,-4.542006633918797,-4.536382665902348,-4.542174202697293,-4.540822737574873,-4.542552538187697
2014-12-22,-4.361368226705985,-4.743857939186401,-4.835295302043758,-4.9139454053366824,-4.418380783244892,-4.8619078748379065,-4.781449808095964,-4.998198882077859,-4.555754901201267,-4.720203222045055,-4.754708045853237,-4.750813173282736,-4.754854840273493,-4.75361042185557,-4.755278030399583
2014-12-23,-4.316094208871521,-4.852423441398663,-4.909520419521912,-5.04857858352871,-4.5824282635631945,-4.915911948987545,-4.877483113321283,-5.135051300409747,-4.620723743957013,-4.849102913343364,-4.862304930344805,-4.85948235192552,-4.8626038397504905,-4.860653415634323,-4.86290215374502
2014-12-24,-4.249500017766703,-5.14361780455027,-5.003899694858796,-5.381534148117943,-4.7756750816212294,-5.176302233148923,-4.833605937148505,-5.480430400093145,-4.777173640931585,-5.154844195860125,-5.129293429152467,-5.143099310668774,-5.130328848318069,-5.127583599693517,-5.1293387472460905
2014-12-26,-4.179846089840963,-5.340425940375562,-5.30520356077201,-5.518274322640135,-5.026145797318649,-5.418510100577268,-5.20532027883619,-5.681970342083688,-5.005442875633589,-5.372677221325871,-5.338967407228257,-5.341069687840729,-5.339054291672517,-5.336250645078433,-5.339364933819584
2014-12-29,-4.107271691924025,-5.34131549307669,-5.256463593076285,-5.471730096321444,-5.13154585092987,-5.373563098507335,-5.152890650319192,-5.6094045980595775,-5.113508493201255,-5.347385779703977,-5.331214561136755,-5.338494920220802,-5.331313656955679,-5.328169812968502,-5.331314339379767
2014-12-30,-4.029449825475571,-5.270624825152532,-5.251269338662964,-5.402698040518874,-5.005547022091992,-5.32069759332174,-5.156892354317617,-5.498792175029269,-5.013234429472952,-5.256599663630193,-5.2677578879734375,-5.270522343300961,-5.26799479358678,-5.2650502983619045,-5.267949129300126
2014-12-31,-4.021253712789061,-4.934956503126558,-5.040597824466257,-5.047256177994327,-4.674829808072385,-4.934327172505973,-5.0016083138789,-5.089219230297271,-4.681927836635401,-4.880649749952748,-4.943396847915687,-4.941988792560067,-4.943596875061148,-4.9410825018176645,-4.943816778355757
2015-01-02,-4.017903075534622,-4.660159537333185,-4.675382039615285,-4.753359884597858,-4.574834274861395,-4.692877422353567,-4.654072290474454,-4.8710153160290846,-4.539388271667626,-4.644294918468754,-4.664054021663471,-4.661786207251741,-4.664188118778861,-4.662024371455823,-4.664319743305131
2015-01-05,-4.046310651937675,-4.528802221611098,-4.572848444694718,-4.602890509603264,-4.409950749595988,-4.578966857110641,-4.55855946062279,-4.663823819363599,-4.395214991136016,-4.542442322289516,-4.533730038612783,-4.532318352800164,-4.5337494311616995,-4.531948907702465,-4.533927357302612
2015-01-06,-4.069933473854456,-4.352839380001895,-4.345563192705966,-4.437456113707245,-4.313550499072927,-4.414934625888994,-4.329361705710091,-4.56599664844134,-4.270521452850872,-4.3485805725427635,-4.354476973500657,-4.352234927839981,-4.354250714551803,-4.352356045991565,-4.354610075296258
2015-01-07,-4.083672218401979,-4.422227026735783,-4.45718382720613,-4.493469941095807,-4.296586388125048,-4.518200673265049,-4.438177364691507,-4.581713921818682,-4.249928425264521,-4.416161908983081,-4.427250422232642,-4.42440041033254,-4.427130784108041,-4.424893893577885,-4.4274805238017745
2015-01-08,-4.083179529253874,-4.587595233855505,-4.656151678685383,-4.670332986104034,-4.421653654018638,-4.675980141417964,-4.624062594881905,-4.776992093685574,-4.4080376939293835,-4.613831179047501,-4.595693649569349,-4.59218707672381,-4.595643511652037,-4.593111981615628,-4.595986537053075
2015-01-09,-4.104568858408647,-4.359013133984417,-4.5099990607063125,-4.417196847878294,-4.24379823011695,-4.397867479364791,-4.520816408936381,-4.456910360942433,-4.225428657664182,-4.340566589387642,-4.374678505628305,-4.3680997174292635,-4.37495283893415,-4.372900787005735,-4.3749922840504505
2015-01-12,-4.139914080195605,-4.364271148991477,-4.47966406152543,-4.416119878293494,-4.1762870682111926,-4.473737641051051,-4.492843511919263,-4.506211204306647,-4.18018496538289,-4.40449977800777,-4.37728936150261,-4.369111756538285,-4.377107802161148,-4.374895615078331,-4.377608773162766
2015-01-13,-4.203001769352648,-4.2675389768998135,-4.271267264529735,-4.330088578040594,-4.221597635539444,-4.316855196228137,-4.237299130153738,-4.450053712151527,-4.161177508143299,-4.267406953688815,-4.271783970560711,-4.2687527137581025,-4.271875705338545,-4.269467179007144,-4.271830275662634
2015-01-14,-4.278046715299072,-4.205109112213993,-4.272907855353865,-4.271951918965307,-4.021660032330948,-4.308878094082242,-4.232857841691321,-4.374518030910974,-4.007992008905937,-4.240317029738633,-4.21202383093699,-4.209787130368467,-4.212136310437497,-4.209037264184686,-4.212105999839692
2015-01-15,-4.345932550930879,-4.193393161474495,-4.235542902837209,-4.242650223273018,-4.065836622832206,-4.350326879818455,-4.202161065545877,-4.384184966706007,-4.042240344021444,-4.280746353324866,-4.201263728002196,-4.1970265407703815,-4.201174151759865,-4.198922432377792,-4.201314687962247
2015-01-16,-4.39042230280255,-4.301951914653836,-4.3643944630203295,-4.3485927757901965,-4.164585208278091,-4.3937884543108945,-4.355221110640283,-4.4275142614098515,-4.152373930433019,-4.354665089726454,-4.3087065835551,-4.303648190931144,-4.308674902503801,-4.307261562527236,-4.308758607411414
2015-01-20,-4.428085308562746,-4.261575891464979,-4.33985635877187,-4.317247360668188,-4.138653779229158,-4.369869776301381,-4.355331776397026,-4.379807285808395,-4.098741100457776,-4.2969438474050135,-4.27183984299766,-4.264679589224186,-4.271626201336086,-4.269979978028298,-4.272023014415772
2015-01-21,-4.534367377021339,-4.185668869148978,-4.317758109575415,-4.230585693012419,-4.083298465930316,-4.231762376570582,-4.363326842878534,-4.312871767722041,-4.056068723035933,-4.167510587418277,-4.202683617873167,-4.197021660447321,-4.202736297422485,-4.2014744515021,-4.202862231485265
2015-01-22,-4.579355514270691,-4.333045127942752,-4.400711377168801,-4.385019727960787,-4.182693468757826,-4.397978527516942,-4.4051688516755805,-4.4386115179535395,-4.162215059322709,-4.342154507997933,-4.339039531804017,-4.336454036435073,-4.33920578393957,-4.3383355280465015,-4.339072508944331
2015-01-23,-4.6010012417182296,-4.4944225544257534,-4.586015318457623,-4.541137932928968,-4.316072462653492,-4.593348910760901,-4.573886020130625,-4.5971262478916595,-4.298540621064208,-4.539191234915527,-4.500305234906939,-4.497323301372884,-4.500395210711714,-4.4996143424599415,-4.5002688631504
2015-01-26,-4.606997351154836,-4.577672569483762,-4.604598301533658,-4.630744901475955,-4.435868618631007,-4.7087138975812435,-4.563005334916538,-4.727814314283961,-4.387561941611422,-4.623118869512165,-4.580256119932311,-4.580366670412376,-4.581222523811554,-4.579258929662344,-4.580126681967553
2015-01-27,-4.658969229112271,-4.361541971203476,-4.469715697980378,-4.411719386095031,-4.244252923714373,-4.442251278546081,-4.477537098022819,-4.4991783988229574,-4.186218869431788,-4.397957399446528,-4.37432879782274,-4.367759831385218,-4.374117981137161,-4.374099369970614,-4.374373818919399
2015-01-28,-4.757989191997168,-4.2950457955843575,-4.332851580209496,-4.36789275414739,-4.24656053246324,-4.372609193002714,-4.309198350165618,-4.57856343958687,-4.161954422037791,-4.310870713298804,-4.303340622111015,-4.300626014025887,-4.303346954059534,-4.302922018907625,-4.303366959351808
2015-01-29,-4.8560086268959735,-4.237736699089667,-4.257014894628602,-4.311195860011817,-4.086758631396946,-4.32257881044703,-4.242139538392289,-4.459060424673167,-4.030189708337377,-4.254759737888432,-4.244653351411878,-4.242121292173884,-4.244778228572294,-4.245244298892104,-4.2447483459471975
2015-01-30,-4.993914125502492,-4.154870502264487,-4.195318931255052,-4.248291751686013,-3.9714243214047547,-4.229871954440148,-4.158171848369083,-4.449628988668918,-3.8917585226206635,-4.169361459103048,-4.162514521713566,-4.160061707862466,-4.162885227343778,-4.163809102527057,-4.162544398084243
2015-02-02,-5.1966655572599025,-4.062132047551858,-4.085293598843529,-4.1638194925108,-3.973011722725376,-4.1475517810648155,-4.03410031930938,-4.440358161105549,-3.923305340710859,-4.108197345474607,-4.070097013748411,-4.066515522567245,-4.069931339696251,-4.071976262426372,-4.0702210431418555
2015-02-03,-5.193969501286039,-4.289480864891842,-4.298941373540357,-4.378390247371137,-4.090769548927382,-4.412692632499465,-4.232506521313284,-4.571074631201991,-4.060136832387594,-4.349370791545083,-4.290899371824364,-4.292652302675314,-4.2911063712097866,-4.2929183840493295,-4.2908856817264
2015-02-04,-5.282281316122245,-4.223555799728474,-4.292410757776059,-4.336710204217277,-4.0532233422872235,-4.317095666385316,-4.253186694668354,-4.582650763737009,-3.9507464412639703,-4.212554719071933,-4.236072500571967,-4.230105001384942,-4.2362457507207765,-4.238774416138756,-4.236384163418034
2015-02-05,-5.242221048902998,-4.485756310945083,-4.5202804824730185,-4.593598394970969,-4.319582408152627,-4.5797834268975075,-4.511112018180028,-4.782477644327977,-4.237005238071759,-4.512833935292897,-4.495782874603222,-4.489943367113871,-4.495832622156789,-4.498093778621376,-4.4960298337686195
2015-02-06,-5.311406437695618,-4.307699034542967,-4.426869418624398,-4.409719871253402,-4.203597191142042,-4.317049339781395,-4.468261564894684,-4.582110829289888,-4.1006313202690485,-4.304022430884245,-4.328177571311805,-4.318774001061637,-4.3283100449103,-4.330851257019331,-4.328543089948882
2015-02-09,-5.347896282837521,-4.480778922753939,-4.592908837821903,-4.573448417779617,-4.369272996043196,-4.557710515561186,-4.618403817247351,-4.745807342299962,-4.321093492225639,-4.522343490028827,-4.499292192685452,-4.488650720297597,-4.4992108784258855,-4.502381154667674,-4.4996172501649765
2015-02-10,-5.27498536350854,-4.561697312519466,-4.629547968149273,-4.674671783631805,-4.4379951852489565,-4.622237967107713,-4.632056444454672,-4.8533223863906425,-4.389428494636549,-4.590917351189324,-4.576306554035239,-4.56916659744443,-4.57613230162611,-4.579248323957704,-4.576612408037378
2015-02-11,-5.317364677313047,-4.514185025216302,-4.63710450662053,-4.634998990178728,-4.348997478982243,-4.528331096710388,-4.6382261053591565,-4.804181270757334,-4.237524509529157,-4.507721044653042,-4.535089601748749,-4.525427310216574,-4.535386233881641,-4.538514022177616,-4.535379905951849
2015-02-12,-5.299305698976246,-4.74568994458372,-4.714824810929793,-4.887149398261735,-4.577416184073557,-4.795250918799561,-4.653256844650027,-5.102614458686806,-4.499240348295272,-4.76023880383554,-4.7502852600533965,-4.749255065905997,-4.750224720192193,-4.7530481615720195,-4.750378090397788
2015-02-13,-5.115906485731551,-4.846939464555319,-4.826682331526303,-4.9742363399019895,-4.752265090956782,-4.857783051287765,-4.791895247057778,-5.227290962501521,-4.66735606015208,-4.849900062751711,-4.854339533821113,-4.848693218828146,-4.853817304693641,-4.85747110967314,-4.854505477286343
2015-02-17,-5.085669244162896,-4.88296368652861,-4.888441387261138,-5.011151143883791,-4.757406811621277,-4.857344581004039,-4.8417348927318855,-5.272063902322659,-4.63624571812273,-4.860785273120969,-4.892648505773352,-4.886730034975959,-4.892447853439776,-4.89592253290464,-4.892833206300566
2015-02-18,-5.082693786571995,-4.897131463840675,-4.875208828131432,-5.029516982969322,-4.8200480568022375,-4.896151792528908,-4.840573043479265,-5.336710479788604,-4.731121921012383,-4.886684721950378,-4.903741737652854,-4.898455734365319,-4.903512028733536,-4.907208325013607,-4.903991510122757
2015-02-19,-5.07073560854064,-5.047473811618739,-4.995297179297755,-5.166526366613252,-4.8598386283215955,-5.040170789128575,-4.945424245366976,-5.327407902522172,-4.781382139189186,-5.074825585544029,-5.043804367690983,-5.048704030154136,-5.044101365144903,-5.046593938504848,-5.043751464322385
2015-02-20,-5.0997837804461446,-4.7334802100359745,-4.876292380442641,-4.830945130150257,-4.620159476466176,-4.671002874995762,-4.891458568265693,-4.987322563017428,-4.526474822698823,-4.724798439540319,-4.752876823573231,-4.745534068927591,-4.752935502705212,-4.756322840462245,-4.7532406619531145
2015-02-23,-5.043717578365145,-5.0954992717178245,-5.0418107906346465,-5.20129362800316,-4.946939311200492,-5.11784896992521,-4.971147022070754,-5.350750761775566,-4.90354195997253,-5.12890501638277,-5.093565804746054,-5.097057320858297,-5.093311356590378,-5.096032120012364,-5.093582614823126
2015-02-24,-4.962872297888858,-4.93482488853877,-4.9685869462046455,-5.024348023760158,-4.840748047338617,-4.922328051320144,-4.947564582257729,-5.231914883020696,-4.8061086690868455,-4.935241650740989,-4.945085952754611,-4.938850343415531,-4.945207486219984,-4.948188084037515,-4.945372258741363
2015-02-25,-4.925071500485051,-5.048710476585264,-5.044484147305968,-5.14212737438237,-4.94285922233883,-5.107056802289617,-4.998941341719611,-5.308547290122006,-4.958878886474777,-5.0769678306498145,-5.051657455473201,-5.0503898551305255,-5.051754748490436,-5.053292156873946,-5.051686116636652
2015-02-26,-4.930519355513304,-4.9445674249978815,-4.983577978341224,-5.035736311741815,-4.850662971950259,-4.982969161294857,-4.948567001353397,-5.197408334107049,-4.808355571962105,-4.964028109728375,-4.955042545577117,-4.9498056091865426,-4.9547254091990665,-4.956990062172614,-4.955168784525082
2015-02-27,-4.9130026244377465,-4.976494368696072,-5.056599400966382,-5.044878985958342,-4.931892273143452,-4.995089453076657,-5.060665510545345,-5.146305214084866,-4.9168437159293115,-4.9866587891318845,-4.991073568768517,-4.98391459708437,-4.991294884640111,-4.992604248577321,-4.991286642776097
2015-03-02,-4.843993266867509,-5.168182955085871,-5.080155730639081,-5.258052579948006,-5.08427652634455,-5.197590006199376,-5.034103011296188,-5.450449759694205,-5.047058677444528,-5.18680514437373,-5.163463820924113,-5.166604447041161,-5.163437158502607,-5.164820428928392,-5.163478899645264
2015-03-03,-4.836331389970472,-4.9554591101028205,-5.008446992501253,-5.033885714270134,-4.906459515324488,-4.957773390430709,-5.0098099738477995,-5.148179523437471,-4.861327543056575,-4.973871540615278,-4.9657917554300735,-4.959086330837405,-4.965852058223018,-4.966928337682841,-4.9660151093225195
2015-03-04,-4.833117671076929,-5.028006973190554,-5.021922709588687,-5.08855894634569,-4.960691090783822,-5.062809629127715,-4.999031851080901,-5.158396339749766,-4.955705383684503,-5.067617136689366,-5.029088411019439,-5.030157069399478,-5.029151159457089,-5.029386334996051,-5.029144413335889
2015-03-05,-4.834822256353622,-5.121133147618689,-5.1819366558246,-5.176176594900217,-5.068756435677544,-5.063050684965924,-5.206557642261352,-5.199428649543084,-5.008090711911645,-5.111030290397067,-5.128743650092257,-5.1241770033091765,-5.128785179033124,-5.1296184531041105,-5.128899263733195
2015-03-06,-4.815780949199575,-4.880698365659389,-4.913564893590583,-4.92900332165338,-4.893142551989573,-4.758885508449068,-4.924921320936968,-5.0321702788830915,-4.82599571652708,-4.816536776103031,-4.886606629928194,-4.883424091635356,-4.886668187500131,-4.886869299635232,-4.886698882492921
2015-03-09,-4.807519327029328,-5.05293630165135,-5.138254278664533,-5.114299709386079,-4.891958681303247,-5.075481771006181,-5.14156026942293,-5.155902352117598,-4.854690044641578,-5.09326265670262,-5.060458181440767,-5.056616098059273,-5.060277917891763,-5.061149565013227,-5.060660758740651
2015-03-10,-4.849164270544759,-4.877709265147366,-4.977901732434955,-4.930711490827459,-4.811518879640141,-4.852980231147657,-4.999447416213697,-4.982871860267517,-4.7100669175624885,-4.879213767461172,-4.888639136603415,-4.884552946012661,-4.8887897896571895,-4.888675059060076,-4.888719967601217
2015-03-11,-4.870844740384705,-4.962383815802319,-4.9590807880261245,-5.018672255192977,-4.872446542165824,-4.960698231400776,-4.95461455662618,-5.108395110194457,-4.791546698588455,-4.959985791072153,-4.96487081816745,-4.962307351534075,-4.964790387889005,-4.964889777524592,-4.964897564602303
2015-03-12,-4.856465063460411,-5.054621824759411,-5.0930585261808545,-5.098075344911749,-5.011897361918192,-5.006663831914948,-5.0905688631424955,-5.1939486943254884,-4.99293843569824,-5.051026314018417,-5.061250166111158,-5.056155731466188,-5.0612645443371,-5.06100142836049,-5.061262614819704
2015-03-13,-4.918758832461872,-4.78163571544752,-4.86029198362175,-4.84437503768009,-4.7192769938488,-4.708826176889306,-4.891756377249733,-4.922536162673546,-4.601278108100264,-4.746625650123529,-4.793188630033551,-4.789427993051118,-4.793028288932292,-4.792877721910289,-4.793331851858132
2015-03-16,-4.921407637729754,-5.0442995765606184,-5.060377003577924,-5.114285254030877,-4.973286382160157,-5.015861335629583,-5.066172047038666,-5.227021368025852,-4.875102973956047,-5.026039135514679,-5.050826563933264,-5.046370066802828,-5.0508362804956,-5.050616687833615,-5.050974778841807
2015-03-17,-4.888791645317775,-5.015909444988889,-5.079223792217747,-5.072490610390197,-4.894146832289133,-5.009484027882181,-5.080463545702808,-5.141064918461814,-4.794582727057034,-5.039687150351478,-5.0222826609964635,-5.019631955129043,-5.022283024987076,-5.022075769290151,-5.022298692941818
2015-03-18,-5.0300475847073765,-4.569603216338138,-4.586936507136947,-4.657605399229395,-4.532039339612972,-4.495917316005472,-4.554172852354308,-4.8313634508994605,-4.435057283764714,-4.540383366345966,-4.577941223630711,-4.5719752679965655,-4.577693037389783,-4.577094947975537,-4.578021175787104
2015-03-19,-5.0400051775037875,-4.807619814088824,-4.9039443727802885,-4.869061385297583,-4.727749953063049,-4.696505796842895,-4.891032202795534,-5.004858742474053,-4.628469342339061,-4.756730624173356,-4.822880842855166,-4.815819523176525,-4.8230613642299,-4.823264862421676,-4.823031104169175
2015-03-20,-5.023502318640131,-4.965631277051764,-4.989111801381091,-5.038808757137464,-4.889117707790426,-4.922731197764971,-4.964629462663191,-5.177529689629587,-4.823346448980921,-5.007715751664814,-4.97160498219418,-4.969018728737881,-4.971327067932692,-4.9722860931329,-4.971677323865002
2015-03-23,-5.00523521407084,-4.949827665468317,-5.010841688903495,-5.00605202239187,-4.83327528810199,-4.8740540955876686,-5.002626971860216,-5.05817006270446,-4.7716808789820755,-4.97555572777691,-4.9513341305290695,-4.950892132912051,-4.9512636283508815,-4.952217089878732,-4.951385739922698
2015-03-24,-5.018905609950383,-4.916674820526717,-4.9863502906675885,-4.98205905755763,-4.8472145199847665,-4.868135705402424,-4.992627446956286,-5.091192204308061,-4.775760495683399,-4.904622512248581,-4.928992947129396,-4.923081480468089,-4.928858503010734,-4.929931358852382,-4.929085209064584
2015-03-25,-5.0558868640586345,-4.834846263523484,-4.875346567874922,-4.920935746753105,-4.810774674256112,-4.869394842742715,-4.8763884592900775,-5.061184559955676,-4.78606223101355,-4.845959603550525,-4.847112192428887,-4.839510041653666,-4.84689061670967,-4.847751712830219,-4.847383427722871
2015-03-26,-5.11787443931526,-4.664595373228171,-4.754471085622687,-4.755502221393314,-4.613610268490532,-4.656329088141167,-4.77140153074416,-4.896900284204678,-4.5437353596380365,-4.6582491197043865,-4.680558642149604,-4.66953606488836,-4.679668282752854,-4.682519904169294,-4.680886167884189
2015-03-27,-5.106141985460002,-4.760332509301848,-4.812052139295196,-4.8373953137173915,-4.715725415761749,-4.743732231023793,-4.822302079868806,-4.946477278443637,-4.653536045880458,-4.75040614838761,-4.772074627320259,-4.7680606033903965,-4.772515983893522,-4.775131998327377,-4.772350915031643
2015-03-30,-5.036485272845439,-4.963820001058897,-5.001439292112319,-5.042818628152009,-4.819125571580812,-4.962908868542911,-4.9998366309442455,-5.143980793868339,-4.73161304486704,-4.992261402303875,-4.969447234370391,-4.9673457138395785,-4.969624051046237,-4.972765289527733,-4.969605097390165
2015-03-31,-5.049643016635539,-4.782069154535213,-4.870731775444811,-4.848068433534578,-4.756096419118721,-4.778066078912272,-4.890473626539342,-4.9433346532098525,-4.722316029708289,-4.786029016581763,-4.798187737974269,-4.789307379257912,-4.797742805470038,-4.801477876735331,-4.798479593819072
2015-04-01,-5.1330528531245045,-4.625750931469067,-4.683062025482337,-4.710260697725383,-4.637832046475312,-4.5979667647111935,-4.700009427389417,-4.832354672717336,-4.5447956499225555,-4.588173995312366,-4.641250318149708,-4.6316622826381195,-4.641103181309528,-4.645155707626733,-4.64154124535707
2015-04-02,-5.123590953201795,-4.782292524009773,-4.853608825248352,-4.859776859745825,-4.667772876239507,-4.821629567244833,-4.859045526342339,-4.936017673750779,-4.602185502784552,-4.819512501237151,-4.794191758218254,-4.787144969754941,-4.794241267044895,-4.797696942060381,-4.794469533985048
2015-04-06,-5.037854012795036,-4.863676421748653,-4.953574435225783,-4.92937291918096,-4.769748271102119,-4.874062780629205,-4.994113235304027,-4.976921529585304,-4.702958210631547,-4.880592809045378,-4.875885273766526,-4.868150412086555,-4.875486354882252,-4.881031097200891,-4.876248778675944
2015-04-07,-4.999053673542559,-4.934261174580635,-5.018704542682347,-4.998262906155671,-4.801841226495786,-4.958388644919539,-5.02551996802148,-5.055319889708459,-4.726754887721222,-4.979264219337837,-4.941548841925046,-4.937364556859592,-4.94147845088937,-4.945298519665221,-4.941712399614506
2015-04-08,-5.077433201976783,-4.638437997738178,-4.772348549404904,-4.716767190294225,-4.638762385217283,-4.622581942712744,-4.811825287140229,-4.816258769224923,-4.533718721517736,-4.6427765769905225,-4.662410651509394,-4.651928132959959,-4.662387536791497,-4.667960314855153,-4.662859496190854
2015-04-09,-5.0885453395994364,-4.8250008448689705,-4.876772641752861,-4.8980943273900905,-4.772432084398381,-4.781616127235723,-4.884443412476546,-4.951083785512939,-4.644893621455394,-4.808456111934077,-4.832973470852403,-4.829777400859749,-4.8330791668658195,-4.837765671492122,-4.833239434505679
2015-04-10,-5.018926048093417,-5.077721832240338,-5.131531763415261,-5.133003412115806,-5.02455623093627,-5.037318037621291,-5.125199161473593,-5.205815433486022,-4.964270694680398,-5.0789074622844135,-5.082176958076028,-5.081230927519144,-5.0832486231784175,-5.086432816360249,-5.0822137470561195
2015-04-13,-4.994950068298145,-5.034236687002219,-5.124022436537921,-5.096390821792446,-4.95975918872137,-5.077000767917429,-5.145923761776714,-5.1473684267847135,-4.925968567924584,-5.078082508193167,-5.044319839321468,-5.036798795115173,-5.045006079790047,-5.049017954705704,-5.044472683308456
2015-04-14,-5.024542215993307,-4.839592478720564,-4.957862733984702,-4.881079083593322,-4.804818330329109,-4.868246676786102,-4.9994846347653965,-4.894126615574902,-4.744522870758582,-4.876743007364649,-4.851636266295374,-4.845862874294792,-4.851465834981559,-4.854815590004736,-4.8518299145448625
2015-04-15,-5.0311017065716666,-5.054674149259015,-5.102781305634931,-5.124304868168455,-4.899059247384604,-5.07277665152934,-5.080177594150827,-5.225127961597623,-4.84948829240099,-5.1157430754010775,-5.058832025839639,-5.058885762515439,-5.059021443252242,-5.062874928006477,-5.058947081925206
2015-04-16,-5.045860997808696,-5.065727679413198,-5.0944033386447565,-5.134070813855053,-5.000306249605959,-5.047151038387116,-5.09414728426571,-5.261443849243701,-4.938415867277661,-5.081030966241945,-5.075983117323813,-5.070975036319503,-5.075686438044658,-5.078841434429446,-5.076256268415135
2015-04-17,-5.103469338735316,-4.790361399628368,-4.863681007757983,-4.86150438089537,-4.74750315741887,-4.789999427401076,-4.902164415458121,-4.950054286089799,-4.579477421499757,-4.795051707428516,-4.802155904339954,-4.795628236664211,-4.802418168661848,-4.806703182584024,-4.802401321701973
2015-04-20,-5.0895943187087695,-5.073760687114195,-5.086887368923279,-5.135635775137395,-4.953455701997781,-5.067344225808135,-5.0499160436727895,-5.238056542494574,-4.870382696098911,-5.0947344359277675,-5.076597929249666,-5.076432540950382,-5.076806784640477,-5.079469208559291,-5.076602293863999
2015-04-21,-5.117765394244968,-4.9610233816917555,-4.9977748873526915,-5.029464420330103,-4.839345646491458,-4.955120863381502,-5.001852797266945,-5.129094374402389,-4.720819826090429,-4.996852987590295,-4.965994857320492,-4.9661594735662655,-4.966282650124623,-4.969798796933622,-4.966118867604605
2015-04-22,-5.149923249187139,-4.921482863330134,-4.940802432571346,-4.987657168981281,-4.839319435875887,-4.8573671879873555,-4.932257915734479,-5.100833484691269,-4.7240898581099025,-4.915498434143572,-4.924851479281847,-4.924579533991034,-4.925268559348779,-4.927493754037478,-4.924883063520832
2015-04-23,-5.168301784679337,-4.883975536694583,-4.937536554062374,-4.932623313237949,-4.842192892713362,-4.8970704576186534,-4.973173366670027,-4.985239376806239,-4.726449246988943,-4.900418120885813,-4.891644186921939,-4.890041892619356,-4.892026178879821,-4.8948389750712265,-4.891700234668503
2015-04-24,-5.157814002539621,-5.099794204779786,-5.083228802551108,-5.171147565556863,-5.044656503567544,-5.142748844962455,-5.083369820475851,-5.2851089204625445,-5.0062952772593405,-5.151330259432527,-5.103786871887801,-5.102303166523797,-5.104203368766976,-5.106668120909973,-5.103882338128729
2015-04-27,-5.1493504923033315,-5.023186692900781,-5.035102862792691,-5.075736734292257,-4.997180088733354,-5.024586250404154,-5.068509013609526,-5.1193690391396265,-4.939644591041728,-5.052316073254446,-5.0285769292251885,-5.024754195181911,-5.028564044981569,-5.031958930110528,-5.028700324324275
2015-04-28,-5.150576951904788,-4.916056691046225,-4.871812686093791,-4.984866001676431,-4.93140129333979,-4.945464585825427,-4.827826451119746,-5.116252660078355,-4.9113780894706425,-4.944369225565827,-4.917731432973192,-4.91700137119321,-4.917967830757187,-4.918594342228514,-4.917627650831264
2015-04-29,-5.1670212164679254,-4.83742992692676,-4.826250898938174,-4.8974451385993145,-4.76385841814893,-4.858498071037261,-4.786262503209539,-4.974892008320793,-4.735461111625437,-4.868231792711899,-4.837264145499482,-4.838790809990287,-4.837493287997523,-4.839505868148454,-4.837230365255084
2015-04-30,-5.215687045720708,-4.741921679217236,-4.7358055410456,-4.821535956285544,-4.715400684938301,-4.720413860989389,-4.756494222627843,-4.93427959103604,-4.698598609327317,-4.756597063451501,-4.750901261032917,-4.748386098876248,-4.751160579616476,-4.754796186335311,-4.751139159725959
2015-05-01,-5.2283904276127275,-4.904146433718776,-4.867317663868027,-4.980341217947462,-4.861264128360526,-4.902281352330495,-4.833576990813792,-5.140140796008354,-4.872724538773557,-4.933911339616646,-4.910276578728678,-4.907186822471623,-4.9102356286545,-4.91425147077368,-4.9104264918063585
2015-05-04,-5.150808397436153,-5.112206759638704,-5.081266120078594,-5.195804487011046,-5.022028121092278,-5.149055304215544,-5.047226609868873,-5.318733707420312,-4.961194328374647,-5.153201558364143,-5.1166058612860095,-5.115604026542359,-5.116913670956012,-5.120694137411436,-5.116638510104956
2015-05-05,-5.1585219646665035,-4.845300596049335,-4.8814123929140205,-4.921017467599814,-4.744232993682768,-4.844787312920458,-4.880518280968961,-5.043970229918444,-4.629994010780731,-4.860135350485099,-4.856410865119142,-4.850988067982156,-4.856272643402893,-4.8611241544297705,-4.856682582781452
2015-05-06,-5.268072558360911,-4.658149459922332,-4.681465404630404,-4.719600950124612,-4.609989909667005,-4.7071322130137245,-4.685332486472559,-4.791039224050665,-4.610935837683001,-4.70662368237086,-4.666966898887247,-4.6620694219079715,-4.666806771620676,-4.670744706893112,-4.667138296315311
2015-05-07,-5.291579584606566,-4.780488361267015,-4.868861340757404,-4.851182715415727,-4.64857090369438,-4.7158543050706605,-4.867838523577317,-4.929851953970251,-4.55658411741484,-4.799496819840151,-4.79160826912079,-4.786944938792816,-4.791568593808856,-4.7950517986964725,-4.791771244533541
2015-05-08,-5.272906415434748,-5.07792517664365,-5.0486322490725515,-5.153762437548664,-4.958592033817261,-5.053232180122862,-5.034333821086033,-5.236467887547816,-4.857181342723195,-5.1041083349521275,-5.0762298842016556,-5.077597672012207,-5.076566355601528,-5.078601984415741,-5.076273748884569
2015-05-11,-5.283981034169085,-4.946138581646811,-5.048324933705053,-5.014596269553166,-4.87381975876245,-4.908812787394121,-5.049653547268458,-5.170199955404833,-4.75499753449015,-4.9520136866088995,-4.965563448780697,-4.955008139519528,-4.965330859844074,-4.970259287416349,-4.965895336474308
2015-05-12,-5.341374054227546,-4.727837081697681,-4.829293984350138,-4.791678671227604,-4.737848775525922,-4.660998537163424,-4.820397990491775,-4.951042918266538,-4.65237808435387,-4.723536344481136,-4.745641922855329,-4.736362653405784,-4.74555047321964,-4.751104935341176,-4.7459367306354565
2015-05-13,-5.316207480158758,-4.887620811204907,-4.975414765183054,-4.948254795437574,-4.84476213961292,-4.8261978424715695,-4.989594010939214,-5.043480432587106,-4.73764033999732,-4.881627636299204,-4.902714340484222,-4.89365667271384,-4.902537673686491,-4.90817281252332,-4.903024096606395
2015-05-14,-5.299054409292724,-5.123240791344424,-5.136393233225051,-5.199528339810338,-5.01568226252946,-5.114897896093323,-5.105746921446067,-5.355655989960516,-4.909614435966161,-5.151924443453753,-5.129020159159042,-5.126074108243068,-5.128625425925027,-5.133541811534387,-5.1290812312661975
2015-05-15,-5.233772952321285,-5.116949619375908,-5.133193485781221,-5.164665007505426,-4.978001089485161,-5.104781949866155,-5.116388489192366,-5.2489515284895365,-4.9082947327666595,-5.165232061744398,-5.12054394063974,-5.119130067264534,-5.120983992104574,-5.123461852361251,-5.120712421675556
2015-05-18,-5.2114308434840835,-5.239576421097375,-5.250958567013774,-5.303401062380479,-5.1555476613666285,-5.2423880661334525,-5.235265257218858,-5.3667873317476245,-5.078764205127789,-5.266758878009486,-5.243983000087243,-5.240271938397234,-5.243930750862511,-5.246442023045871,-5.244079541363621
2015-05-19,-5.210739538703618,-5.249609233980357,-5.235376954971025,-5.297042193526653,-5.186698978337844,-5.233271575518116,-5.2006252371035915,-5.358754479291597,-5.126608014270743,-5.2817762775721455,-5.249479214609545,-5.249855833263872,-5.250210258691911,-5.251345910802897,-5.2494272187319675
2015-05-20,-5.229595453205547,-5.123417277524197,-5.187539323509329,-5.202157346529305,-5.050851461792925,-5.088157375229198,-5.17525224867954,-5.332477413979144,-4.927795341608321,-5.138314580485466,-5.135669808288725,-5.128483366672966,-5.135748545486314,-5.140079040053061,-5.13584702923498
2015-05-21,-5.225035555950974,-5.330602952074469,-5.296020733120235,-5.383920150643587,-5.264189210726996,-5.343709186183629,-5.282578266215726,-5.492391217546088,-5.194133381819872,-5.326350738953648,-5.330596261989305,-5.3307827800719645,-5.330872772905517,-5.332975761410652,-5.330625034598988
2015-05-22,-5.209720554411038,-5.3315291737056825,-5.3457057323624815,-5.3883587863447175,-5.256702444042557,-5.30389729212122,-5.319971711722864,-5.461768456735426,-5.174746080873727,-5.393859430591269,-5.332078049044904,-5.3321107117593325,-5.332400358298104,-5.334910074278643,-5.332130631295612
2015-05-26,-5.20964494037332,-5.14911041688944,-5.19536962774588,-5.198264022744976,-5.088614524543298,-5.1286809919410725,-5.204122714435289,-5.288144224198296,-5.0483148836083185,-5.160178287815824,-5.157639931369472,-5.150496840473444,-5.157585275033805,-5.16049824305278,-5.157961322361571
2015-05-27,-5.186385046510898,-5.135528977636393,-5.20181080752428,-5.189337188082804,-5.000372923864621,-5.145758202076206,-5.213850601294477,-5.240066538431836,-4.927005863516928,-5.158434642880745,-5.144325464802093,-5.137571569476078,-5.144214787833969,-5.146883155457216,-5.144607923008447
2015-05-28,-5.159737779455623,-5.080191049251715,-5.179352850242373,-5.12897386597519,-5.015668003427694,-5.056517593825204,-5.1967328988323205,-5.213054341971913,-4.963927467705047,-5.025459350320176,-5.092781546264888,-5.085651981369909,-5.092889832654635,-5.096184317352172,-5.0931238931488805
2015-05-29,-5.132264971398154,-4.970675985989248,-5.056857908913267,-5.031791755881644,-4.964347454914999,-4.953739706976506,-5.068494440359168,-5.086624763987639,-4.8996352491822455,-4.9121386515865035,-4.982675717395321,-4.97640767213396,-4.983168944415883,-4.9851671716954336,-4.982825914149508
2015-06-01,-5.144772640552793,-4.926303403768283,-4.983518285348291,-4.974745143619106,-4.946233535640401,-4.922406734644912,-5.0064657135485735,-4.992297679604616,-4.9211771814112675,-4.9065684527247,-4.935009366866146,-4.930336003638136,-4.935214362702652,-4.937389119727313,-4.935179296224347
2015-06-02,-5.172993592968867,-4.959656594108369,-5.056901010664992,-5.022771721044336,-4.924657545808359,-4.949007830882032,-5.062030082990776,-5.1273914966127,-4.854430478792217,-4.953306389152098,-4.975689223221583,-4.968682483369376,-4.975477749858759,-4.979411946247611,-4.976008354212394
2015-06-03,-5.140536649010007,-5.074553866450623,-5.142391175948524,-5.120425775825233,-5.01090954800713,-5.021112328511647,-5.145719870065246,-5.199935125926584,-4.940119265436139,-5.0554342276463915,-5.083463101768257,-5.07704660768383,-5.083345982172375,-5.087185379997239,-5.083668958990872
2015-06-04,-5.084234942894009,-4.804804212724447,-4.966253798922322,-4.855565875710272,-4.793613416744824,-4.737657591385258,-5.006869585141999,-4.950499698411949,-4.7613782670528,-4.6890235508461995,-4.828425412338345,-4.81988739732302,-4.828427015775739,-4.8334093026089775,-4.828969990622969
2015-06-05,-5.010025977162055,-4.89656129651839,-4.990397286346248,-4.967356081898837,-4.816908887187414,-4.819927410842016,-5.005061770276057,-5.061825980386484,-4.748318364369583,-4.834041361812147,-4.911272124265495,-4.902781289677486,-4.911102128631666,-4.9167171906383045,-4.9117129745096495
2015-06-08,-4.97352551832957,-5.085446110314502,-5.203413831785133,-5.136483544338054,-5.013880686025277,-5.04685076790254,-5.234770888490849,-5.193440249636929,-4.9616862262989185,-5.059274886386393,-5.098197800700167,-5.0898443648477265,-5.09804014353249,-5.103877941861063,-5.098635025258348
2015-06-09,-4.982239660070983,-4.98311349522324,-5.143125795191172,-5.018971978911861,-4.899404442715617,-4.986149683240408,-5.19980223531063,-4.99906537768638,-4.829039531729573,-5.000202797630493,-4.999834806961175,-4.99357929969837,-4.999732011541904,-5.004081344047536,-5.000239171159124
2015-06-10,-4.993531454357699,-5.0477923443005395,-5.152688544764626,-5.082003716357131,-5.034716398724638,-4.990685425260132,-5.191713013983834,-5.120551507189724,-4.987012256665064,-4.96690959414294,-5.060806885934468,-5.052429678385222,-5.060554545369069,-5.064253301217511,-5.061177562473918
2015-06-11,-5.006666785174692,-5.15715288866405,-5.2652358550344065,-5.194285782742797,-5.091962545400348,-5.1072356620733075,-5.281487423644229,-5.239237166047401,-5.066128827893546,-5.082974948453834,-5.168783026503313,-5.161703999022645,-5.168882315788921,-5.17199625849648,-5.169109847712266
2015-06-12,-5.019911373979819,-5.085726716054193,-5.244671986838644,-5.107008199708925,-5.069377146088171,-5.059088007500743,-5.304427098018932,-5.105478497590465,-4.993120029439449,-5.053981028237551,-5.103539165018978,-5.093609841446926,-5.103374400441295,-5.105789976191316,-5.103889409527625
2015-06-15,-5.070875541221934,-4.95212965085142,-5.106266441413197,-4.978483149809357,-4.906925018575636,-4.906695542254254,-5.152203613969915,-5.006566531242501,-4.89627113389421,-4.907304177563864,-4.971211507389265,-4.964922805690037,-4.972152326676059,-4.973860002163125,-4.9716332750760355
2015-06-16,-5.091495281998418,-5.104545435753311,-5.164458152503713,-5.143966582674829,-5.127926229488362,-5.076710757862074,-5.222230388629865,-5.135862447702948,-5.070623949836096,-4.9960207345633005,-5.11207171106616,-5.106295675868419,-5.1118956028169205,-5.114258995977098,-5.112252867830293
2015-06-17,-5.148566138644758,-4.89206344198483,-4.991380712713023,-4.952062164141256,-4.896046303003103,-4.824522360580575,-5.006128895256307,-5.070262571111542,-4.878498557081447,-4.7715786662175494,-4.908166130677791,-4.900402830049519,-4.90806802295315,-4.910955443889817,-4.908516794046724
2015-06-18,-5.157562424631475,-5.047822126050057,-5.078549175120669,-5.09769112657754,-5.005392827585261,-4.965141131950337,-5.089991482728886,-5.152682981702935,-4.981286601452627,-4.887327081327428,-5.0526751563234615,-5.048982786718612,-5.053008230991338,-5.055041404555074,-5.052863012102118
2015-06-19,-5.1506652132403925,-5.1662077801021065,-5.203546632910679,-5.218336713203825,-5.113291135191933,-5.12016952753168,-5.2141219215809835,-5.26308988096701,-5.050028151605988,-5.121439608547909,-5.171809425840515,-5.16974249222654,-5.171892580889338,-5.173207039977658,-5.171916743951928
2015-06-22,-5.133308878321256,-5.201220719597045,-5.311319642725922,-5.247745639676867,-5.153639065168369,-5.162376046458091,-5.338084510735497,-5.313591126419162,-5.0805528804326325,-5.241707499725318,-5.214986621469814,-5.207837281454433,-5.214952298607772,-5.218315577850311,-5.215256759769181
2015-06-23,-5.110465724012502,-5.232472235767442,-5.314254228833166,-5.280355297823569,-5.184906994441758,-5.179331492037433,-5.32512242440192,-5.347861139480671,-5.128576957589242,-5.166227124718699,-5.244560942912185,-5.23710692361378,-5.244559757242941,-5.2468753847052145,-5.244805808769522
2015-06-24,-5.075468999997272,-5.19167509318578,-5.286811039923127,-5.231444914717993,-5.16560466809746,-5.155863560430001,-5.311393115355604,-5.273692427270786,-5.111627169297193,-5.11863805044593,-5.203661430194411,-5.1999654186325035,-5.203962484663234,-5.205019632871617,-5.203926048762014
2015-06-25,-5.062305603398208,-5.163592463443311,-5.23921650675817,-5.201242532317342,-5.153039814586083,-5.048016867239774,-5.239928484237992,-5.225501237792544,-5.086914922637443,-5.0278954884222875,-5.1686330531469675,-5.169671884569948,-5.168922960410607,-5.170033884049369,-5.168790996741386
2015-06-26,-5.063386391755309,-5.021801435514668,-5.1491267097055875,-5.06729083173591,-5.010892820368371,-4.996391226704359,-5.1820770089172585,-5.124820129487261,-4.98579661818037,-4.970466591276727,-5.0389695355289,-5.0300213415248125,-5.039276520791905,-5.039984540478667,-5.039340990264979
2015-06-29,-5.074564679720876,-4.928099177181529,-5.019187450770148,-4.96299873685088,-4.913764245899818,-4.88807808107152,-5.050861143633106,-5.004290944747227,-4.90899162649128,-4.894269614526075,-4.939989906806748,-4.931434548225965,-4.940030608938819,-4.940891443197445,-4.9402753804179635
2015-06-30,-5.128049123225135,-4.827733423491167,-4.900454695904653,-4.864147265992108,-4.8625788165925545,-4.780397518013283,-4.924749544394286,-4.908301657249458,-4.853199564902404,-4.86500643441751,-4.839277950182037,-4.832538743615939,-4.839556321369457,-4.840255694167174,-4.83956301711177
2015-07-01,-5.125965430719422,-4.927694412734466,-4.993647411752804,-4.9660777329250525,-4.889116511687824,-4.909172769821917,-5.040146040959324,-4.9402874307649896,-4.873969519675209,-4.926543164143657,-4.934462454276922,-4.929626506227853,-4.934527529512989,-4.936302159115322,-4.934650890300128
2015-07-02,-5.100456465712623,-5.075468007229898,-5.114295405407846,-5.119604843938256,-5.058060450155348,-5.010365665147761,-5.106975231448658,-5.200754463638949,-5.056097050240376,-5.037426137643952,-5.082315038112442,-5.07737950786297,-5.082347479308033,-5.085124043541045,-5.08247888206513
2015-07-06,-5.129428053087967,-4.882662310264894,-4.996805058036678,-4.925647733708338,-4.822840304464839,-4.876699715382187,-5.027933849436308,-4.925583239038373,-4.7879648926394704,-4.971180450147756,-4.895474356181301,-4.889721161590838,-4.895776836705371,-4.898134731969682,-4.895712805888306
2015-07-07,-5.226988227176312,-4.655063916750747,-4.659197485690185,-4.708460769316683,-4.569037701840486,-4.666643610187647,-4.657377866169918,-4.779990360163408,-4.535940278129223,-4.78396721877396,-4.655815455649207,-4.655160952491374,-4.655674261511826,-4.657481810472898,-4.655921408194241
2015-07-08,-5.32876221651712,-4.625793953075785,-4.716214604316793,-4.673177706155745,-4.536955480105708,-4.63967671293223,-4.754159011713194,-4.730253750280484,-4.497809011814299,-4.70276634314446,-4.637753934386115,-4.631478115408939,-4.637477180989188,-4.641356551146516,-4.638075935608552
2015-07-09,-5.3958487235094115,-4.737158772809178,-4.856558063730139,-4.7804317609593205,-4.680821263665334,-4.741390436075129,-4.877870113441755,-4.851189317556287,-4.658954453229839,-4.785847451258467,-4.753340864833288,-4.747768242906009,-4.753386456924076,-4.7570538099808015,-4.753685670798791
2015-07-10,-5.375220101812663,-4.842974145244682,-4.985460760729326,-4.90090115997123,-4.745268525496513,-4.821214982546418,-5.020464597246677,-4.998724996113387,-4.743198748356972,-4.735900151070225,-4.86280336323849,-4.856934502177124,-4.862837075382505,-4.867381666868361,-4.863247060175481
2015-07-13,-5.271713634539549,-4.99325684568926,-5.077246684885307,-5.035673048069511,-4.872936186669495,-4.975614473982052,-5.086305641351896,-5.063630626080536,-4.881984743994576,-5.069153342475614,-5.0023542049585386,-4.998724691214967,-5.002217878279702,-5.00551349326298,-5.002569594722959
2015-07-14,-5.200116088734857,-5.2037756327797124,-5.200465546800456,-5.260510853557188,-5.088510496922977,-5.191945959669676,-5.172689159643792,-5.346328715186592,-5.098821175684587,-5.169948785599401,-5.204253696356845,-5.203318057621378,-5.204359206152773,-5.206501220006782,-5.204274266498743
2015-07-15,-5.199192223985672,-5.092907067305196,-5.156319513567179,-5.135166297848891,-4.959995653063312,-5.097766454402162,-5.1823061935204855,-5.175833040599566,-4.938091490266154,-5.183674072235129,-5.101796954942645,-5.097451954754112,-5.10196788817502,-5.105471752719544,-5.101989967746398
2015-07-16,-5.179610677776793,-5.316583181306949,-5.276181439792757,-5.358625714609449,-5.204965322718636,-5.343402159844162,-5.235577962914651,-5.414416353188985,-5.197684533880395,-5.4263869030254215,-5.31709845968408,-5.317509453474075,-5.3163417386686085,-5.318571377074379,-5.317038887464103
2015-07-17,-5.155884567551001,-5.416477971031512,-5.3304360152411245,-5.460412172853867,-5.289822650610541,-5.442888604852251,-5.267404339008945,-5.526289292099917,-5.305224517119313,-5.495029326685716,-5.411090185328559,-5.416612577416281,-5.4111186605125,-5.411246170585401,-5.410898627036959
2015-07-20,-5.066029212028846,-5.34063101088627,-5.321657078151039,-5.389364063635399,-5.238787685821623,-5.362207953208922,-5.282015932755408,-5.451526337582746,-5.207753612015651,-5.476554687818544,-5.342631149750926,-5.342133480716136,-5.342779952529114,-5.3431572825672,-5.342547992320311
2015-07-21,-4.947698859967579,-5.273012435148031,-5.212253050360396,-5.312593125871592,-5.1711652109485335,-5.292293500449537,-5.161161084647419,-5.349191541549006,-5.128164892066555,-5.336467563280907,-5.26733713572186,-5.273005238507617,-5.267341026699082,-5.265930107392334,-5.267092409190949
2015-07-22,-4.735680537747223,-5.254349389916034,-5.181992051756301,-5.2966361712985215,-5.1575726270930025,-5.284417605490003,-5.134026689336473,-5.336593200337908,-5.09186547452203,-5.295856476002508,-5.248483842616693,-5.254135412153131,-5.2493744448583985,-5.247142525054775,-5.248292036316527
2015-07-23,-3.886522571255421,-5.137830589396919,-5.063981465180753,-5.176796402427493,-5.034831599095497,-5.155250528591167,-5.03000390093914,-5.22056184228837,-4.962665090475395,-5.142508147523322,-5.1312409389112,-5.137930342472057,-5.131590184824665,-5.1287748890251486,-5.131048198980821
2015-07-24,-3.693402058971264,-5.068407967700171,-4.991708651776221,-5.100667996368898,-5.000613088897034,-5.0743418892688865,-4.9463892656702955,-5.141499476408939,-4.9762617543338745,-5.067005868247779,-5.058752426429505,-5.06831182547463,-5.05990253750901,-5.056571060052284,-5.0586106012870715
2015-07-27,-3.5576043592307816,-4.924943391803383,-4.938443535394725,-4.9541035266138955,-4.839558186744492,-4.942425945068964,-4.917252257458496,-4.9935913794078255,-4.7954854081872265,-4.928763146803678,-4.928235813392643,-4.927457359676673,-4.928547042579502,-4.926612574630701,-4.92818667251866
2015-07-28,-3.488299774928101,-4.966396654097543,-4.924553444515817,-4.987041607328272,-4.806470786853831,-4.994486601702405,-4.834036711249893,-5.032590636522091,-4.76162220604798,-4.980935608392529,-4.958709580478712,-4.966054312294551,-4.958715926598517,-4.957006173874009,-4.95848889461486
2015-07-29,-3.4621524512207804,-4.928864960530974,-4.849412333980133,-4.946058030179654,-4.801331056742875,-4.942979459996188,-4.7256585687942065,-4.974230918452484,-4.779792670004657,-4.954202825075111,-4.918967771384459,-4.929700484835067,-4.919323666187474,-4.917089666125126,-4.918731306014743
2015-07-30,-3.4437806191596487,-4.914176617505905,-4.916324631809708,-4.924477957076446,-4.8125893805280535,-4.937769169718032,-4.841109921329832,-4.916796098873339,-4.891295460895564,-4.944255502052163,-4.9179401878836195,-4.916487615692896,-4.918116180533331,-4.91569812710116,-4.917770238380202
2015-07-31,-3.390850569856868,-5.062061611457045,-5.0241843783797995,-5.063257833406148,-4.939293513944693,-5.072056984612483,-4.9044609495701295,-5.037338903588137,-5.038311036724175,-5.088397009616152,-5.055485464194446,-5.062145958986614,-5.056264834266078,-5.053468485458218,-5.0552194656922955
2015-08-03,-3.3620553653748386,-4.961812763667117,-4.905801330450023,-4.9560235975812725,-4.8096856348939285,-4.9780476490078795,-4.742123213785515,-4.914457254497174,-4.862798153455226,-4.959166933091492,-4.950224212767509,-4.960893140569814,-4.950636462434126,-4.948156966363225,-4.949894288811492
2015-08-04,-3.3427860921871253,-4.953837513713753,-4.862702531266656,-4.943256643230895,-4.808331373328966,-4.969764442817697,-4.685265533056018,-4.898923659589747,-4.866160475296431,-4.987290765006544,-4.938441716211142,-4.953333929324304,-4.939190596689062,-4.936388034634249,-4.938163759671667
2015-08-05,-3.3228739454966143,-5.062123094422106,-4.93155680563337,-5.043886904181095,-4.876893675324492,-5.08131793674196,-4.633948209155566,-4.968853350880595,-4.960909510523053,-5.053847410599712,-5.03880377514254,-5.058936058619877,-5.039683731829556,-5.035813659316505,-5.038248444054984
2015-08-06,-3.3184084135404213,-4.9906732543649355,-4.90723827093721,-4.96065335580434,-4.751677296226464,-5.001380534142995,-4.539161190857377,-4.857070506232393,-4.873785143848155,-4.9838568121131,-4.967931081762889,-4.987893558710349,-4.9690486336188,-4.96419681462899,-4.967224801148514
2015-08-07,-3.2976237218585873,-5.022787029332061,-4.94760001302733,-4.983822425183908,-4.845589643855066,-5.024574228183775,-4.621024477644943,-4.888275491625035,-4.942845584366185,-5.091876332916576,-5.002343668012945,-5.020884312866096,-5.003243373343434,-4.998819892603377,-5.001680047042083
2015-08-10,-3.269127571118536,-5.25627647164634,-5.111804515351459,-5.20582572323342,-5.05797162644693,-5.265011498799979,-4.715835849947315,-5.11000706651067,-5.198828598097837,-5.276250425300341,-5.226866178404396,-5.249771780567533,-5.2278656211961945,-5.222965862361533,-5.226028983070551
2015-08-11,-3.262540274946209,-5.033518347589978,-4.9952533318107575,-4.977325754718622,-4.803567836355427,-5.038435975101159,-4.616809616179236,-4.8595704391668395,-4.9812419751891515,-5.073435590855427,-5.017041304191362,-5.033649296032725,-5.017927983354984,-5.0134941234299335,-5.016285133249877
2015-08-12,-3.2675790822043904,-4.847750551260867,-4.723490720274057,-4.796169873268975,-4.6392754460264,-4.852355058702669,-4.381659701395261,-4.708546453024877,-4.783647713140129,-4.869299636743672,-4.821566159614155,-4.841708004316205,-4.822386370533126,-4.818458921792615,-4.820784122559476
2015-08-13,-3.270041533727173,-4.872333884839007,-4.8726944929801945,-4.815667814595555,-4.672824435924738,-4.874851277733675,-4.559679886749355,-4.717106384461319,-4.782454003516314,-4.899810863774248,-4.859606695612595,-4.871977116839236,-4.8601822312655285,-4.857029451813029,-4.85902885757678
2015-08-14,-3.265114110766313,-5.043789663827441,-5.038392357845388,-4.971252311151836,-4.874733478413819,-5.045790650941705,-4.716487393396728,-4.900367913332938,-4.974175088138544,-5.0805557090819855,-5.0291720798991975,-5.042843382832169,-5.030022538871128,-5.026448967276879,-5.028587012637483
2015-08-17,-3.222890570767169,-5.007178726660515,-5.00830367936668,-4.95053450767157,-4.854996008194669,-5.0082687836330235,-4.76499413779371,-4.886044830296668,-4.918361986751493,-5.05073838758314,-4.995314544851676,-5.006144373420033,-4.995811138198511,-4.99330613046579,-4.994848442179712
2015-08-18,-3.2003481562494738,-4.99897240238326,-5.1247337070457935,-4.945729641418286,-4.834926286596393,-4.999071437174408,-4.890683633096631,-4.880925347748942,-4.886493323371909,-5.025284277886693,-4.9999266294598925,-5.003379860565763,-5.0004117546963895,-4.998389208419167,-4.999581449877244
2015-08-19,-3.1965253427164404,-4.772477760815742,-4.793416015775602,-4.697168710737899,-4.649240158842376,-4.7703091253677865,-4.5346745381874936,-4.629664891461596,-4.722922619208097,-4.776552924581573,-4.762419777081913,-4.772098328765008,-4.763288479742592,-4.760427178574905,-4.761847220708727
2015-08-20,-3.20219844455977,-4.635878890608242,-4.7251107617893275,-4.563705943329464,-4.4828275651038565,-4.631644681770152,-4.449907840694259,-4.500822710689166,-4.591143123383041,-4.6393083768073975,-4.632708486361339,-4.638207601569718,-4.633426039856913,-4.630932978245485,-4.63216044096866
2015-08-21,-3.230320511125845,-4.3716449350245075,-4.3551739462402335,-4.310808850723219,-4.366831329907457,-4.359985540907888,-4.222637388168786,-4.313846321183451,-4.332274818085841,-4.38903813260066,-4.361847709351864,-4.369800881055017,-4.362319137600874,-4.360815487093877,-4.3615917039561545
2015-08-24,-3.5533143091269226,-3.6066971050776075,-3.0029950343287823,-3.4614431125173244,-3.966147363579792,-3.591096889969594,-2.824771075365494,-3.6661319485834594,-3.869827304026979,-3.6106339987476908,-3.5398900324913054,-3.559433672995968,-3.541433847666196,-3.5380430020514324,-3.5389520292896326
2015-08-25,-3.694991405595162,-3.6989296003054406,-3.7261834432765086,-3.592864670514694,-3.8840988153725875,-3.6919272811417803,-3.6426188071172274,-3.637804827291538,-3.9052423486309253,-3.7038141515583645,-3.6999376004066975,-3.698789459211498,-3.6999036256308626,-3.699281904102424,-3.6997839505588845
2015-08-26,-3.8210693060728476,-3.672496753034141,-3.598842836905473,-3.574608617249633,-3.812589394805753,-3.6591372625707037,-3.4542307169663364,-3.6144184230180163,-3.820066883883659,-3.6739068510467057,-3.6613131170809528,-3.6692896253864644,-3.6615977477460975,-3.6601885221901003,-3.660881979511433
2015-08-27,-3.8510142995931655,-3.7525872688721567,-3.811299942009442,-3.6517659324861937,-3.7598682089699307,-3.73843644319807,-3.5625070329103457,-3.6143673164637575,-3.8185798687457257,-3.7537765410421637,-3.74880752976625,-3.752826417213749,-3.7492853281087415,-3.747297458526911,-3.7483061249631517
2015-08-28,-3.8590049219081553,-3.8905364089674026,-4.103302496313509,-3.778027939999299,-3.6240464283356526,-3.8772350652970724,-3.665791344872452,-3.61896699939173,-3.852262524024294,-3.890382836873286,-3.894126659283307,-3.902218662784416,-3.894939207549126,-3.891886166481748,-3.8933647344015343
2015-08-31,-3.8384500628537066,-4.013943339009229,-4.134336300919531,-3.8930932909971068,-3.82772745392817,-3.9997070168187108,-3.711388103843473,-3.7727524965495776,-4.000688282200772,-4.012693982885096,-4.008655107305097,-4.018831600637556,-4.009423707954336,-4.0065173292451055,-4.0078600470143195
2015-09-01,-3.8692047933468845,-3.9008830278602815,-4.031284412273127,-3.7883940604124837,-3.8219310792693095,-3.8870709923501314,-3.7011066597779934,-3.694505541059469,-3.919505900102918,-3.897342217685275,-3.9024817949431725,-3.906216656564763,-3.9032116142071125,-3.9007706347528806,-3.9018510191831046
2015-09-02,-3.9170269434997844,-4.017066694126126,-4.142068775025832,-3.8997319738100304,-3.878247485489361,-4.004972307811863,-3.7477470508129413,-3.786851560229788,-4.047208505586488,-4.0106558518602435,-4.0150307808772006,-4.021695764547326,-4.015729211350132,-4.013071153857208,-4.014246380110229
2015-09-03,-3.932568680852378,-4.097174539690846,-4.297614291687507,-4.003323447394115,-4.030384195441637,-4.086966386175282,-4.039232134419921,-3.9168068018437263,-4.122933661900337,-4.093203095227396,-4.107658498247138,-4.105791594587156,-4.1081148696848535,-4.106496493102227,-4.107251205365898
2015-09-04,-3.9394579747503005,-4.118991914495244,-4.345318436367215,-4.031670575015592,-4.165957750548064,-4.115306936873942,-4.2201392801747275,-3.9989085587418036,-4.192024507146381,-4.105792479834056,-4.136160032092348,-4.131089673325281,-4.136127114187173,-4.135677079067388,-4.136093535068587
2015-09-08,-3.9352846904873835,-4.249198842457983,-4.481929488785973,-4.147820502235378,-4.199564221380537,-4.240598966776975,-4.2507508039115525,-4.073953148142891,-4.278704029304201,-4.233010574333136,-4.2621741257166255,-4.259394263244981,-4.26254012464337,-4.261239416473412,-4.2618927233571835
2015-09-09,-3.9679471495697785,-4.134671821521913,-4.359258541774579,-4.040765965213889,-4.073662819366228,-4.121880427503535,-4.128797357523184,-3.9402207754608627,-4.125045726921782,-4.108769143751129,-4.1484782906062705,-4.146184116481739,-4.148986204312902,-4.147418707209337,-4.148203228526167
2015-09-10,-4.021451963153653,-4.1234667443012425,-4.374121001553968,-4.021527028252536,-4.036608887144868,-4.10811073657816,-4.152989465097482,-3.9151175761719212,-4.1148803486514955,-4.108298945860227,-4.140287249847273,-4.136797313834878,-4.140727207319677,-4.139190184921081,-4.139982293062955
2015-09-11,-4.03735363283209,-4.276308769690404,-4.516271414380541,-4.181153371924409,-4.1898754981566775,-4.264488308535934,-4.300437679030546,-4.111788858540961,-4.296179362013912,-4.260399085334587,-4.28898149231999,-4.286407999455795,-4.28956641728374,-4.288097554483299,-4.2887553613276905
2015-09-14,-4.02651911286717,-4.356015612165,-4.649333802149519,-4.2657185812561815,-4.312819814156452,-4.342902479211422,-4.4812987124833805,-4.175768821316438,-4.375565754599515,-4.320509627150439,-4.3787784180289275,-4.3705706002529565,-4.378839851426891,-4.378011005569006,-4.378744514902526
2015-09-15,-4.022489839094465,-4.4081285368959735,-4.5910102499319745,-4.305980375942363,-4.3243040347163,-4.39511680263687,-4.347318967738718,-4.2160664553477964,-4.4062248683261025,-4.36155655620164,-4.4154934958828544,-4.414879992193005,-4.415937217105652,-4.414048353417846,-4.415131398822535
2015-09-16,-4.031392828804696,-4.438932871826573,-4.602691170374681,-4.324908369796905,-4.376371377201617,-4.426427308186472,-4.342319998396394,-4.242985643373985,-4.414130238546501,-4.411024014812664,-4.4411273299749086,-4.442849805746931,-4.441192490637657,-4.439484871141951,-4.440699047807596
2015-09-17,-4.1218003113411426,-4.113045370320437,-4.158184973845899,-4.014661775391485,-4.194126590108215,-4.125530573828776,-3.9723222654551487,-3.974570132121067,-4.22378408491953,-4.081757537078697,-4.110949978092862,-4.113453935732403,-4.111653236265262,-4.109423246904447,-4.1105220446662525
2015-09-18,-4.174336344185557,-4.182942860323854,-4.341761867895874,-4.075809956743333,-4.309972243848496,-4.186295574610868,-4.216750785580565,-4.0371518697280795,-4.331248802706412,-4.130942252179831,-4.196822852067051,-4.193799618776914,-4.196875048051802,-4.195935482232807,-4.19674303697708
2015-09-21,-4.18666485144413,-4.232236375847911,-4.393946766959436,-4.152922441720082,-4.231677790459058,-4.223539328042735,-4.2506448564860335,-4.088907356136919,-4.206990692001756,-4.187444240879349,-4.240864396447453,-4.238905630352689,-4.241833362040647,-4.239886426378406,-4.240672761410067
2015-09-22,-4.204767586100063,-4.256470970002279,-4.3908074461046,-4.151006267379587,-4.268077995182166,-4.241829934528136,-4.215631433751883,-4.097700818528444,-4.2979944976894915,-4.235285353957532,-4.263073984227662,-4.261656493814396,-4.263240943100904,-4.2619673669299125,-4.262792067095909
2015-09-23,-4.228575854184985,-4.259190267310247,-4.456381457674098,-4.165881031311294,-4.220581551720129,-4.246172382916749,-4.30292675043291,-4.085022151977151,-4.258682050206128,-4.203789609468753,-4.2726946540061626,-4.268113280318544,-4.27247400351751,-4.271909425101249,-4.272599922918732
2015-09-24,-4.291003668182931,-4.2754224395756895,-4.368938878884448,-4.176354580095549,-4.198514849528029,-4.257596714736448,-4.141771542421261,-4.122764054135418,-4.256091633479536,-4.2278627697007884,-4.2743463302307525,-4.2779349079100335,-4.275002184276935,-4.273017835206267,-4.273889347158519
2015-09-25,-4.332344161219952,-4.355206865939156,-4.48346862588653,-4.245205045830373,-4.435078216346309,-4.3345360653277165,-4.364116146002321,-4.241646148414454,-4.392273424756141,-4.307909651773968,-4.36162199945505,-4.357819242183812,-4.361820785519518,-4.361169242775703,-4.361541873772359
2015-09-28,-4.351777197660211,-4.328728838277121,-4.4399970852221555,-4.228624047467674,-4.4422609444039285,-4.302986475007315,-4.373409603001282,-4.224227935369046,-4.332647161703266,-4.278054252747681,-4.335043832572771,-4.330327992630684,-4.334716841555188,-4.334719424100321,-4.335080488638029
2015-09-29,-4.467446784467247,-4.2295665278135965,-4.291719056437236,-4.132062412155015,-4.279496301679953,-4.198660551771495,-4.149548780630753,-4.104874729663386,-4.205029059443872,-4.188520187903265,-4.227797092496038,-4.2297172568422745,-4.228094144007505,-4.226939490143884,-4.227531587830802
2015-09-30,-4.5215317598065505,-4.3273758095409,-4.372237510256442,-4.229741483007609,-4.272683646283186,-4.295240819762927,-4.159571653097094,-4.196560494782875,-4.273146620241127,-4.2939315296788045,-4.319850592446183,-4.326388640405008,-4.320258230085121,-4.319185080870983,-4.3193410487451755
2015-10-01,-4.630933214898617,-4.26430519647474,-4.276425961567741,-4.161970398851888,-4.235466220820097,-4.241031362048453,-4.025030382186701,-4.134268827211101,-4.234285127722722,-4.2310129756528045,-4.254908713420413,-4.263993502649405,-4.255677872233818,-4.254580429986363,-4.254209978688204
2015-10-02,-4.7460971674819605,-4.277304322987789,-4.3098450460390305,-4.179718821582937,-4.1724581851891624,-4.2627486332962174,-4.033741972528877,-4.104793961478803,-4.202685524340703,-4.2404884983063615,-4.267121995705598,-4.27665196403395,-4.26770846173773,-4.267500189601984,-4.266420393067479
2015-10-05,-4.727617875271065,-4.5469015209543775,-4.513075975561626,-4.425065221261853,-4.3410889655260485,-4.530901266224456,-4.070480560077977,-4.370139776151253,-4.481848948559525,-4.505224424670744,-4.523071993352318,-4.5454237011990735,-4.524433623376444,-4.524839253320982,-4.521824904440192
2015-10-06,-4.761653746559686,-4.453617239508406,-4.519747216077057,-4.31780439909301,-4.202295653375121,-4.43313977180878,-4.068928038891492,-4.242396729281094,-4.34786659486472,-4.425241488422617,-4.437005698932032,-4.453611819669684,-4.438089128525844,-4.4397623931666415,-4.435882920924069
2015-10-07,-4.792735084005139,-4.4422767489884025,-4.36378849210338,-4.29693363492622,-4.188289905650823,-4.423601719936553,-3.820486751484343,-4.227557649556225,-4.292297067794538,-4.424326898413663,-4.40990884889793,-4.439823241930114,-4.411413694726275,-4.4147363884529565,-4.408288677505973
2015-10-08,-4.812979042490932,-4.5233701501478025,-4.562411668242888,-4.408203569633965,-4.3754688426258745,-4.513621763350095,-4.240423405067635,-4.369432114889365,-4.4658585263318535,-4.477873572812431,-4.51089389823466,-4.523279017293799,-4.5116323489203864,-4.514169262792543,-4.510163639587582
2015-10-09,-4.821624717448741,-4.614886744659781,-4.661849998348348,-4.51397775187212,-4.441065518108816,-4.605506877458544,-4.373002414150151,-4.478063953628095,-4.554530070954653,-4.591311543884498,-4.602961468954971,-4.613878596636956,-4.603674362362707,-4.606579423944873,-4.602277264144646
2015-10-12,-4.815524540307974,-4.772738930972428,-4.800995385743867,-4.662772159572792,-4.638358516877314,-4.765958317213263,-4.509401789652104,-4.613730108971143,-4.740470718552406,-4.737619529678537,-4.759829679545629,-4.7726905440195075,-4.760656095233162,-4.763838332533825,-4.759124495283677
2015-10-13,-4.802967825404297,-4.716172307648472,-4.763552758013328,-4.612980551751671,-4.481240898655587,-4.7096786874640895,-4.4206525991968535,-4.529014709548842,-4.609406970207843,-4.699340972265845,-4.703193255676209,-4.715969535974145,-4.704056616636657,-4.708198383199145,-4.702346547953783
2015-10-14,-4.820937681757799,-4.600996665427517,-4.622568326936449,-4.5251122214309785,-4.547644294944625,-4.59223907013855,-4.521308941746399,-4.527384998152436,-4.585421339410657,-4.568128056411016,-4.593717282492913,-4.600257425033572,-4.594634578058787,-4.595221083315827,-4.593601380717032
2015-10-15,-4.804564248778127,-4.682863369772913,-4.687030654195005,-4.613699944111243,-4.572853688201692,-4.677487694662005,-4.537612696676533,-4.596391826588454,-4.636691724382722,-4.654309353231998,-4.674025494126192,-4.6811552185413365,-4.674280315425306,-4.676344307873421,-4.673688463925435
2015-10-16,-4.751320538281991,-4.831807974632134,-4.743730328378496,-4.730121341171611,-4.575027903852085,-4.827090932109275,-4.3855134642198585,-4.723277405461159,-4.725385724896616,-4.831449841500271,-4.802804747297038,-4.826252323636522,-4.803997810162356,-4.808486881480756,-4.8017159779512255
2015-10-19,-4.731417788770441,-4.766677009001532,-4.792945794591558,-4.66548439328933,-4.610961640044487,-4.762671124288832,-4.558479269137808,-4.653360265478144,-4.7099226943065435,-4.747000462529592,-4.75447485646128,-4.765113176152722,-4.754957092881921,-4.757765605702532,-4.75396576842491
2015-10-20,-4.7310284626172345,-4.793282398300224,-4.791328327052759,-4.722148658887932,-4.644114774294185,-4.787117432726305,-4.587620052660392,-4.701147469751596,-4.732454026104076,-4.762174429048627,-4.781784402796611,-4.7922706726745705,-4.782805016408385,-4.785148027437744,-4.781305886147335
2015-10-21,-4.7831742763536145,-4.665723557214134,-4.659975278516484,-4.5604313924847055,-4.6835505851061905,-4.655643941133368,-4.541341923023362,-4.582959600964271,-4.652377772414183,-4.645621001994804,-4.657743010608064,-4.665772990941636,-4.65820658331536,-4.659982570126709,-4.657496986576186
2015-10-22,-4.813938465829156,-4.735063781007294,-4.612789511105066,-4.627565934306871,-4.812100007328268,-4.729046562877306,-4.452688155294554,-4.7021233121456945,-4.723894817612537,-4.714166381563855,-4.717457763703662,-4.733230440783691,-4.717730897691244,-4.721250548712943,-4.716796037675534
2015-10-23,-4.809606547730309,-4.763206052787915,-4.66000125333673,-4.645431127725285,-4.726752204253919,-4.7608579238754976,-4.408680724039299,-4.664621756550062,-4.693547777176556,-4.749844847423537,-4.742625090071613,-4.759939616718944,-4.743239932220328,-4.747700014870497,-4.741770801064196
2015-10-26,-4.815471054665258,-4.908818296051252,-4.841700752226616,-4.794808869885122,-4.850989567708796,-4.908630797819326,-4.581125026923624,-4.805797154308595,-4.924641183550265,-4.88631467162501,-4.891815156925888,-4.907069931295862,-4.8924855076495675,-4.896770309047441,-4.891030117040849
2015-10-27,-4.8320675912111515,-4.827599955334538,-4.708324715199619,-4.751558667612004,-4.716208748396863,-4.828044482935716,-4.460116066093282,-4.77661996261106,-4.775199152106615,-4.802435055538702,-4.80464612023501,-4.8240181212652,-4.805576504316617,-4.809272720646975,-4.803814863753406
2015-10-28,-4.907535412369527,-4.639900125143423,-4.492735497146504,-4.502282755609733,-4.602148334780345,-4.640092046893508,-4.130867983723596,-4.565353328527021,-4.732125277584221,-4.629707277029535,-4.613222051329449,-4.635494136150857,-4.61387916181206,-4.619427126816497,-4.611960130883153
2015-10-29,-4.904338934051637,-4.846089933802427,-4.712754091451306,-4.717905596279551,-4.764873685376204,-4.846613413231704,-4.342087067351856,-4.756523619921893,-4.927842536225313,-4.829892871359795,-4.821504473041051,-4.844052806284642,-4.822720156154503,-4.8294521393207175,-4.820170136041799
2015-10-30,-4.913458607537879,-4.812417237776029,-4.760662252170649,-4.707381282382196,-4.774855331986917,-4.81167999997215,-4.505582218185366,-4.711323679467711,-4.848759246750983,-4.80401000396249,-4.796715041303062,-4.810072511540959,-4.797499145340618,-4.80245481688443,-4.795847885334482
2015-11-02,-4.838857274775275,-4.895685500798258,-4.849148666518523,-4.76655038421925,-4.851920463347068,-4.895894203606295,-4.524382417689575,-4.778547135296167,-4.9380809256942255,-4.887485966636881,-4.878154258272881,-4.894564877340932,-4.878928806910214,-4.884681539724342,-4.8771335524803
2015-11-03,-4.785555692186895,-4.926763693671346,-4.8352368289461225,-4.794504552170351,-4.769534168843883,-4.9267183405926485,-4.453815921644912,-4.7748280908881355,-4.884915055673386,-4.918704449789756,-4.90346724536955,-4.925393356630288,-4.904752331280374,-4.911438841993244,-4.902134532913751
2015-11-04,-4.775343227353226,-4.8138246509088365,-4.795154989521674,-4.676038925178946,-4.573819705321688,-4.814013196095293,-4.40382686167527,-4.608000620748547,-4.768202141818317,-4.810214711789184,-4.790783279756693,-4.8115218859220175,-4.791695918451718,-4.796881601854808,-4.789497510755392
2015-11-05,-4.712693240857327,-4.847208337256817,-4.809620705961562,-4.703608603572522,-4.598276373612752,-4.847872736029285,-4.404941694542851,-4.668841775451773,-4.805335596439698,-4.8410884946323,-4.821616907958884,-4.8445212233432215,-4.822967624590946,-4.8276906965202,-4.820277616515691
2015-11-06,-4.640313845437973,-4.785843179407814,-4.761432713640204,-4.626252640126506,-4.844416945482177,-4.785214240127165,-4.507452323441214,-4.643412981833257,-4.917512050204171,-4.77174020683679,-4.775947819028935,-4.7854925788975,-4.7769895292046645,-4.778645894780873,-4.775129009333696
2015-11-09,-4.597339421688168,-4.810541658775531,-4.756611110095852,-4.676440317136849,-4.757647509619735,-4.810221127150283,-4.480721218999605,-4.719607059968187,-4.885641160978245,-4.801961496500324,-4.791349619516243,-4.808633784993015,-4.792256785749387,-4.792701234071779,-4.790368262309034
2015-11-10,-4.554551759693978,-4.817766737957889,-4.796358617584921,-4.7055830234980895,-4.6135529764302765,-4.818455892718535,-4.542739502273608,-4.692774197392903,-4.8099843172889125,-4.811552184146427,-4.799191876882851,-4.815859878730387,-4.800356037991306,-4.799212658619508,-4.7983590849813815
2015-11-11,-4.456688040566242,-4.905852960557546,-4.884731474003278,-4.778075529677405,-4.664601829440708,-4.906388626312147,-4.5681775696476095,-4.75053393823383,-4.88004348143454,-4.897151024540774,-4.8849227466201866,-4.902547420266318,-4.886045237352602,-4.883139804546734,-4.883831343034335
2015-11-12,-4.454002613165726,-4.8139981527018945,-4.744370472890489,-4.676511286698522,-4.59788219741844,-4.81456936307201,-4.380812273374559,-4.702819465270897,-4.784673465516061,-4.803965739731697,-4.7884898525510575,-4.811008877663033,-4.789485001295864,-4.783707419998741,-4.787165903981415
2015-11-13,-4.347708314349165,-4.7866257243582355,-4.721825832687641,-4.639270049803404,-4.6609331589681675,-4.787950187999709,-4.434249120269026,-4.689744644077528,-4.766009072545368,-4.770704158746192,-4.763052895220658,-4.783215107123354,-4.763659306949358,-4.757003797046336,-4.762030728842461
2015-11-16,-4.305755824817091,-4.753343962186877,-4.713748658455241,-4.608065469302186,-4.53601891086506,-4.753167476738774,-4.3585973263168105,-4.641304978863441,-4.73852697227093,-4.7438510740457005,-4.728795079885494,-4.75040522770597,-4.729534562518784,-4.7204278995724565,-4.7275354040511886
2015-11-17,-4.293187629748722,-4.706934893176224,-4.630455854105154,-4.557436014266854,-4.531343957919991,-4.706635236686105,-4.28440978922131,-4.598261893947724,-4.695875087436361,-4.694593252116883,-4.681016082193726,-4.704476456032561,-4.681939858506075,-4.670397873134473,-4.679641588636872
2015-11-18,-4.285736422684088,-4.743366257069417,-4.710939260783743,-4.554357124108609,-4.62574906925396,-4.743458963717901,-4.341428943363837,-4.560292067479382,-4.771839876433942,-4.731903130155909,-4.720623398327613,-4.740350742901993,-4.721546059678616,-4.708436468077068,-4.719144090546413
2015-11-19,-4.277004541917171,-4.836733505836744,-4.815913311620298,-4.685812527814292,-4.675416958515788,-4.8362988736534405,-4.523789857925505,-4.694890935311068,-4.826964973173965,-4.817366267865308,-4.815420275537989,-4.831729532898664,-4.8165435266957175,-4.805139524360018,-4.814290056770362
2015-11-20,-4.275242081994407,-4.938954426788605,-4.889736019618946,-4.77145702524225,-4.73533024214366,-4.938143397050275,-4.523612439422807,-4.786204347636374,-4.923833905802765,-4.921744020694059,-4.909236371413204,-4.933220423631598,-4.909993490489501,-4.895251668564134,-4.907738651612272
2015-11-23,-4.274577009764341,-4.9646209737503115,-4.911314676746742,-4.792901922704377,-4.735239421544827,-4.963441881046125,-4.541038143985517,-4.822877896811657,-4.925003236628091,-4.937586710021409,-4.934594788688124,-4.95862665522996,-4.935696018899685,-4.921322340135317,-4.933168831046456
2015-11-24,-4.284159840217279,-4.86104193912566,-4.821880665976087,-4.7177031354088275,-4.5999603414830466,-4.859556614862498,-4.47736155566859,-4.6898799924878745,-4.788857377290211,-4.830140986760348,-4.835508634362074,-4.857082218315194,-4.836164822069234,-4.823410475623693,-4.834142177680072
2015-11-25,-4.281375742541479,-5.093306545086851,-5.06275742290852,-4.930500196717852,-4.887937128560883,-5.091284128863867,-4.730603613050475,-4.915879970465708,-5.076123551438047,-5.065583302537045,-5.067649323324936,-5.08845360189804,-5.0685258442193435,-5.056106041884591,-5.066371635309246
2015-11-27,-4.275080037488381,-5.074481704807769,-5.024125641276118,-4.949942904750244,-5.035282681494464,-5.0744638799990325,-4.797685050500636,-5.000093167259904,-5.0837865736934305,-5.057472326972782,-5.056858393218033,-5.071069442798825,-5.058124678855183,-5.050748964100685,-5.055933892329914
2015-11-30,-4.264334786471542,-4.990989971034135,-4.95049411405144,-4.788452166120486,-4.916827220040453,-4.990044914672594,-4.6312669903886245,-4.835053503562968,-4.995601698949189,-4.962134020738543,-4.964688975069919,-4.984789026384701,-4.9654369332729,-4.9568177822294865,-4.963402804568254
2015-12-01,-4.215623131121904,-4.93619633676868,-4.912739259633008,-4.785869103733445,-4.898760991300484,-4.93324275104399,-4.752158875928788,-4.826872837722783,-4.90974301993345,-4.889027641278062,-4.9183885783865735,-4.931348655653077,-4.919061001314174,-4.915007982908305,-4.917898053123859
2015-12-02,-4.18871977299537,-4.957306926297831,-4.934017807170113,-4.753684126324216,-4.76487213279646,-4.954684327740411,-4.570292209431198,-4.755527309814111,-4.9188642655650625,-4.919863029018899,-4.9293492254849625,-4.951153984799945,-4.930719737606995,-4.922135304617775,-4.927891703436945
2015-12-03,-4.1941636148135855,-4.7262740836136725,-4.654112290278259,-4.567870098313793,-4.647794534933543,-4.723387103923587,-4.382522765285852,-4.646787031879278,-4.761954358432132,-4.689797226191049,-4.701584299260913,-4.721080982896838,-4.702365449353992,-4.695348019840514,-4.700335210750351
2015-12-04,-4.137261970944139,-4.725421089960292,-4.650697336824414,-4.523642161466189,-4.506172613775038,-4.726623634292946,-4.180931501664614,-4.558797352897607,-4.719286003834268,-4.71215936882284,-4.6919095642211355,-4.721067199350512,-4.693232575276691,-4.682341456179541,-4.689697073807546
2015-12-07,-4.096728054438652,-4.7262698544404875,-4.698460559359679,-4.546296598819033,-4.597993375333415,-4.724601659892899,-4.3657958463129996,-4.584303256024608,-4.750454746436068,-4.692056383563604,-4.701255101404721,-4.72205852734943,-4.701102411514551,-4.694827264893262,-4.699944635584065
2015-12-08,-4.070693891783839,-4.616193960044359,-4.589528606928326,-4.433302067384948,-4.4905361229526815,-4.615442120665152,-4.247383182242528,-4.467707277438064,-4.622802099019047,-4.592775866962156,-4.590116972967373,-4.611565115665137,-4.591029135030158,-4.582697860351068,-4.588549451156692
2015-12-09,-4.045808661421004,-4.540477681839982,-4.509623725230181,-4.3760439236780755,-4.385510640691834,-4.540183138407901,-4.192137092034613,-4.393873615364703,-4.507346922676417,-4.5352674223318745,-4.515976877657,-4.537759318737912,-4.516820701002077,-4.509226906310124,-4.514566503740266
2015-12-10,-3.9976742521346535,-4.5957102979554225,-4.62721362997329,-4.427962360940767,-4.403623407271087,-4.595485816300354,-4.309508271983728,-4.424312394051911,-4.558453656943027,-4.56206442015218,-4.573548510730871,-4.591945887923313,-4.5743583879378145,-4.567811161693674,-4.572370704731725
2015-12-11,-3.908258851824199,-4.593538220073212,-4.587086729243163,-4.424532626174044,-4.619734056788042,-4.595616146030342,-4.407564118502648,-4.494287009280117,-4.62911092750302,-4.544174343056281,-4.57704739520758,-4.590143273236205,-4.57750911415819,-4.573419476342808,-4.576440706385371
2015-12-14,-3.8754391814020366,-4.487220244152862,-4.403360796409378,-4.364276651713458,-4.425838678049623,-4.48623983589941,-4.1586086545727525,-4.443253221996347,-4.528037699559176,-4.443720605095998,-4.465907592550726,-4.483649531009023,-4.4664664487147006,-4.4601828215152315,-4.464691131812853
2015-12-15,-3.7896793663020594,-4.679962388261487,-4.638552316371729,-4.527532256605854,-4.508403946288249,-4.679507865966309,-4.329190343795571,-4.581772777471162,-4.622249070580137,-4.637832896757979,-4.654684302772477,-4.677756288983309,-4.655955976508712,-4.648377101489649,-4.653307269188214
2015-12-16,-3.7151476679725652,-4.428835820427577,-4.493250385003061,-4.313938320596843,-4.287032505520045,-4.431103204215884,-4.306994245649837,-4.259404046493756,-4.429906266113692,-4.374267581143714,-4.418344331632904,-4.426727843274173,-4.418992986455902,-4.415150317717928,-4.417788341371327
2015-12-17,-3.6349502412565475,-4.493833568683515,-4.498530400026384,-4.3690512682740685,-4.411755799532711,-4.493222115278826,-4.336379036353837,-4.372481027226074,-4.515182502849356,-4.420158652438381,-4.478623232408556,-4.490897669400571,-4.478820498285874,-4.475733439599963,-4.478104161928931
2015-12-18,-3.6345094162724076,-4.536971226946126,-4.514441339000234,-4.406903453427407,-4.452344329619511,-4.536911631852063,-4.300006660937931,-4.40796509769113,-4.551753911772907,-4.471731497463449,-4.519397158795335,-4.534299196160884,-4.520153229963325,-4.515098553745341,-4.518292644576227
2015-12-21,-3.6312195429342435,-4.610455116378208,-4.619376247700439,-4.448762089698331,-4.387504785211889,-4.610481773069823,-4.265525150168674,-4.413803249122074,-4.5665372607597625,-4.572990730793208,-4.589098433939403,-4.607331495410065,-4.590154091132069,-4.582545053351885,-4.587290601652794
2015-12-22,-3.6157037766256996,-4.664796956186276,-4.675468402292065,-4.514583631986178,-4.592728536575049,-4.664822851386449,-4.515643323820829,-4.520668210572069,-4.669494153720384,-4.59040377813689,-4.649872515732426,-4.661687092331134,-4.650483862775266,-4.647493782827264,-4.649400900135252
2015-12-23,-3.5342985747154048,-4.842081498094505,-4.850844923226527,-4.680612929111624,-4.558614294043505,-4.84241796556181,-4.489547982826257,-4.674485362918146,-4.810076160798709,-4.7902347181940605,-4.815843542603149,-4.837733092411067,-4.8171226096986715,-4.8102532914908815,-4.814223689539064
2015-12-24,-3.4779475029775475,-4.9044512984863005,-5.038327365222389,-4.744790626402905,-4.547725830740836,-4.904331979953377,-4.715457362824992,-4.635725715944357,-4.831108975487407,-4.857260572308393,-4.882642670056336,-4.897272979973609,-4.8835664282637605,-4.878949509570588,-4.881643329002434
2015-12-28,-3.4689385725689545,-4.8983245635624835,-4.915223643351333,-4.777363876367968,-4.667114783171711,-4.8992134275271475,-4.682820633648906,-4.738168758593066,-4.8490956809103265,-4.832742949020855,-4.878511097519948,-4.893427804696385,-4.879231183043282,-4.875574716444503,-4.877625540138413
2015-12-29,-3.4495867236750093,-5.019512772470834,-5.039351869429243,-4.881120561728829,-4.744009877986986,-5.019838415724443,-4.734806730411788,-4.832817306602175,-4.936230253921935,-4.990896810410477,-4.997083594653777,-5.0148370289066575,-4.997669065839169,-4.993647248237503,-4.995665219641149
2015-12-30,-3.4340975562472464,-4.9733493879220685,-5.050025443271661,-4.815465106788097,-4.7501137179344965,-4.974045939854242,-4.830502534057311,-4.742859090125522,-4.844863492997262,-4.917541190068676,-4.955259226846497,-4.966716929246702,-4.955475262200266,-4.953299525501301,-4.954592624181652
2015-12-31,-3.3453577640936993,-4.859182127160525,-4.882196969893329,-4.701160259325043,-4.788663779601749,-4.858251354167249,-4.672336356564247,-4.653864799019282,-4.808309207806458,-4.8339011471426225,-4.844685686250977,-4.856676876881032,-4.845039947897179,-4.84245474652987,-4.843598205756026
2016-01-04,-3.3206212365585936,-4.6208792488210095,-4.557149643273547,-4.4458133079155955,-4.53073409449737,-4.621517482226693,-4.25041213262948,-4.471835627479747,-4.541214679999084,-4.582998017649952,-4.5962097484425675,-4.617241021639657,-4.597405091464112,-4.593193944114952,-4.5945096259481435
2016-01-05,-3.2982741908810174,-4.64261029570299,-4.61140658333557,-4.486392127612665,-4.59448810579363,-4.644374051897457,-4.399893944694896,-4.521376957470037,-4.5706468083671306,-4.602199006520406,-4.622180298298874,-4.637120618887476,-4.622587837843741,-4.620432044381618,-4.621257773608849
2016-01-06,-3.275436262262166,-4.604754706147066,-4.579296831075432,-4.437068721169052,-4.521525044253048,-4.607298868000573,-4.33996907821907,-4.437355722587115,-4.584009293439525,-4.576713354342497,-4.582336008062894,-4.598303448508867,-4.582787366660326,-4.580328282726236,-4.5812338251282725
2016-01-07,-3.263731444334564,-4.422637979484531,-4.320283798151784,-4.301605531484664,-4.315465127446179,-4.424228668792427,-4.019436667174357,-4.346013908880085,-4.4360291379757415,-4.398602884507317,-4.396687172355507,-4.418723068521562,-4.3974543121581915,-4.393788727022751,-4.394883944612101
2016-01-08,-3.2529757734908356,-4.4250235985884165,-4.358731136329461,-4.324241729097911,-4.375241938751959,-4.424923962387263,-4.149699546702272,-4.342799324245156,-4.464417615015482,-4.388340582668771,-4.406542636124338,-4.422280371958635,-4.407323394875206,-4.404230172237399,-4.40523581617511
2016-01-11,-3.2266839166506616,-4.3889259863802685,-4.318602236890025,-4.2443821489239095,-4.385544704157516,-4.387883046724379,-4.098594529505089,-4.273702629397074,-4.42068492279407,-4.336523510341669,-4.367733793754559,-4.385214906848325,-4.36854268508112,-4.365072620836596,-4.366307494330694
2016-01-12,-3.247806245317394,-4.329406716847878,-4.268563690730936,-4.150428331699995,-4.168276402119993,-4.328191206364801,-3.8743971508241826,-4.2123212216717185,-4.314546429295653,-4.270699802744314,-4.29891365316767,-4.3256577038164465,-4.300387369993134,-4.295288446886547,-4.2967942124389324
2016-01-13,-3.2739844209529094,-4.290807338830411,-4.145337950432755,-4.157488189461647,-4.113844703346425,-4.287713601866377,-3.7284735467026833,-4.215033236014022,-4.3045956946213275,-4.254052251534038,-4.259035738053135,-4.288315074482281,-4.2606765284195,-4.254066415601616,-4.256226759578994
2016-01-14,-3.3304863066638557,-4.189331595900249,-4.065111573321883,-4.051869277165029,-4.0331721016423705,-4.18884341316822,-3.715107817467959,-4.100041268518546,-4.230680548710393,-4.156836295417181,-4.161266188115901,-4.184523890066375,-4.1622274270453286,-4.156970284260444,-4.158874610301317
2016-01-15,-3.3748190825073907,-4.207889708731215,-4.060731641493894,-4.121198568307012,-4.20479051829978,-4.203984178147371,-3.8937047383665506,-4.191259463710504,-4.28794959030475,-4.12365129410937,-4.1875089371607075,-4.203641103027176,-4.188409904074383,-4.184687830440368,-4.186190906565171
2016-01-19,-3.42422863091784,-4.154449473988184,-4.038198787308734,-4.056557439435687,-4.0513216062779165,-4.150242630381539,-3.8033326806048726,-4.136101609835524,-4.192033565530128,-4.019039368375525,-4.131075704092563,-4.151356290325445,-4.131871118323983,-4.128118652527849,-4.129674187110071
2016-01-20,-3.532752933488675,-4.038660089433834,-3.8032385595002043,-3.931743219904175,-3.982200457382396,-4.0357299876126635,-3.4949060364878184,-4.027968263597165,-4.11350850231046,-3.924611252572784,-4.006832925856536,-4.035358258340404,-4.00797433724111,-4.001617513072044,-4.004216288001679
2016-01-21,-3.6288723249009736,-4.030776731517699,-3.7893628721500345,-3.925698900043383,-3.9078661070696805,-4.028233446751171,-3.4526416912023428,-4.034817892039428,-4.054228952068128,-3.900878865060124,-3.998500802454626,-4.028144278698489,-3.9994498801493137,-3.9928906873057164,-3.995853465118838
2016-01-22,-3.624458017506438,-4.28437037414276,-4.161602885074632,-4.127013470528552,-3.892585447759875,-4.2846638644175785,-3.624055963296569,-4.136755698794938,-4.283835614660594,-4.155425883259945,-4.244791003740713,-4.281099179214565,-4.247118617942138,-4.236872851090672,-4.241266905766231
2016-01-25,-3.6251172111998273,-4.331845914107307,-4.185420962222079,-4.2379357838996805,-4.175068478790827,-4.332809191225731,-3.8842899545035685,-4.256850339921555,-4.320345798256691,-4.247474781173711,-4.306435385066034,-4.32948215900276,-4.307669770282266,-4.300789458571561,-4.304134619622482
2016-01-26,-3.6351312878711157,-4.308680227965392,-4.140435073906531,-4.216292086806682,-4.175886883536484,-4.308419102715932,-3.8183442719317986,-4.268231050350939,-4.2896576410355856,-4.258166259580943,-4.283152666682888,-4.306239704607054,-4.283783426404367,-4.277275043286758,-4.280856111405629
2016-01-27,-3.7070311316534803,-4.121425378354786,-3.97904033325778,-4.04658935543722,-3.9664588980439404,-4.121294377336132,-3.707710446210762,-4.0600586599249775,-4.085688863706796,-4.1066650102751545,-4.097283818787789,-4.117633323101117,-4.097783797439708,-4.091689501034599,-4.095187424397961
2016-01-28,-3.7636903135893363,-4.188582395299516,-3.936697389934421,-4.101028963210977,-4.2608121280320415,-4.18748728093199,-3.7524239484944837,-4.199212135674085,-4.172176682208311,-4.239819920177331,-4.163480687279434,-4.183385991146,-4.16427772197434,-4.156793222766556,-4.1610371970080635
2016-01-29,-3.761409909827392,-4.4135710642778125,-4.166758251601873,-4.31519161711117,-4.422299645329134,-4.413223712279841,-3.983587056262495,-4.385877540216136,-4.365850108208049,-4.316681588116592,-4.385765927820572,-4.407637888053623,-4.3867113055138445,-4.3800830937030435,-4.383788651425398
2016-02-01,-3.778464805689228,-4.339211295514308,-4.131590063074989,-4.288992696346196,-4.357340745951797,-4.339286349919348,-4.039519564450357,-4.371520913289289,-4.2796218505666905,-4.253637869651681,-4.317830966055136,-4.335882451900895,-4.31838799780701,-4.314143452774502,-4.316743190672325
2016-02-02,-3.790025831240828,-4.342746728321685,-4.208596336800129,-4.28903667395765,-4.30057664190861,-4.342041167116095,-4.105379708342032,-4.310359497655108,-4.284730275500357,-4.357107588070391,-4.322935109768802,-4.3377172407770175,-4.323468634954005,-4.319836976464117,-4.322111471210649
2016-02-03,-3.926683655397198,-4.039691647570948,-3.821875860703148,-3.992233167165258,-4.032141311188585,-4.03891419424103,-3.6808038106802545,-4.009875225216501,-3.994114396581224,-4.054982295113917,-4.017989951029124,-4.034450978133641,-4.018618916336765,-4.012972407531373,-4.016314422797384
2016-02-04,-3.9940382073605267,-4.137585649989607,-3.8708659242885464,-4.079228959611126,-4.073184109632967,-4.136614416039458,-3.673431293660333,-4.117132927052456,-4.102430077817224,-4.15494604062661,-4.107778614579449,-4.131599138783103,-4.109000454022064,-4.100304670781482,-4.1054228907192325
2016-02-05,-4.050809139584478,-4.1540038440633635,-3.9893053453940266,-4.092621551280058,-4.114428189111957,-4.153291043080813,-3.8125098610816575,-4.105953038019207,-4.1259336461773515,-4.144315883374973,-4.135383636555641,-4.149913056272759,-4.135536912754101,-4.1300407756243835,-4.133780450345683
2016-02-08,-4.0718286041252485,-4.129407842314565,-3.8814581475958225,-4.1086304677211585,-4.198341612917078,-4.129381365431281,-3.7915113001774294,-4.170413726829145,-4.094358294055538,-3.9914960385131,-4.110213170270919,-4.124563808420184,-4.113814641561619,-4.103249208917712,-4.108125619407297
2016-02-09,-4.182694995072362,-4.067028832481817,-3.751738092267573,-4.107669881832174,-4.165532820383239,-4.066798640481653,-3.7761267400446092,-4.205597125436607,-4.029455873965179,-4.119585212705017,-4.047626322099698,-4.059119288103997,-4.047953507342797,-4.0442758192200685,-4.046606315534535
2016-02-10,-4.279639709030729,-4.129165805101922,-3.9097480609658666,-4.121691904234197,-4.031357746807333,-4.129540447980012,-3.775506692509825,-4.163100913682958,-4.0915284124750695,-4.097255602627,-4.1056628694958635,-4.124553208626297,-4.10641257877499,-4.099744760765349,-4.104014300720778
2016-02-11,-4.445638136447294,-4.052726656829576,-3.8304011319006728,-4.017218870595277,-4.08272073224695,-4.053607874726777,-3.7306268232453603,-4.059156334355317,-4.022393712458408,-4.05867665857296,-4.031291141586871,-4.047331783077828,-4.032188161009653,-4.025312782759224,-4.029476836551026
2016-02-12,-4.456180335787678,-4.268419949665417,-4.057878810364484,-4.246883834351446,-4.191560922839294,-4.269745253107899,-3.972969504780985,-4.266064887449236,-4.230526548585985,-4.1445118548730315,-4.24920715094625,-4.264167465270315,-4.249620116294577,-4.244985530378617,-4.24787266966036
2016-02-16,-4.492076640170919,-4.31400075526067,-4.176611121661106,-4.287338284318893,-4.261926604487613,-4.316185798215792,-4.095015515816623,-4.295213955547531,-4.2704154134999435,-4.158903661866853,-4.301272287706646,-4.312024311344814,-4.301491789486349,-4.297989004145124,-4.300241336811364
2016-02-17,-4.512998120028414,-4.435897460505887,-4.21961391419501,-4.346180102556042,-4.294132716342415,-4.437674533793333,-3.985937012276595,-4.381050281558372,-4.40179381230232,-4.34342860151498,-4.405656187943352,-4.4313462313325545,-4.407549655056854,-4.398329495427322,-4.403010430800082
2016-02-18,-4.532096851626111,-4.477184900818207,-4.271520902761369,-4.398748054442524,-4.416790542804574,-4.479041524267166,-4.0821842055784225,-4.445595503926701,-4.430055183988759,-4.453281362648964,-4.4518389928677005,-4.473888777959835,-4.452918773947598,-4.4458415213946685,-4.449651645400854
2016-02-19,-4.57471992113388,-4.485326501760021,-4.320488461749838,-4.433202889626606,-4.392414582925071,-4.486392556671122,-4.177133516916642,-4.464429779924569,-4.441816706044286,-4.455590582392501,-4.464821559316892,-4.481824272309025,-4.4658185380687305,-4.460178330765407,-4.463154687563107
2016-02-22,-4.571458355260998,-4.749240749318646,-4.508351234384079,-4.664271678581986,-4.740294345431531,-4.755304187212081,-4.349830308393853,-4.715959472578959,-4.702336966557948,-4.746904061967776,-4.723308104652764,-4.741941444083659,-4.72433507094409,-4.71742586812434,-4.7211342760537
2016-02-23,-4.60156075045293,-4.6096601670700705,-4.459339001961146,-4.555581696053263,-4.41091139332223,-4.614042752340445,-4.249720749029284,-4.545170924050701,-4.565409174640624,-4.529873074420794,-4.5855669131937455,-4.605238080677496,-4.587086622043537,-4.579868364663947,-4.58332601456837
2016-02-24,-4.678609959619515,-4.449310602841467,-4.294719064946828,-4.399537074007607,-4.349247265522998,-4.452232092479317,-4.1313067821134615,-4.4151418249534045,-4.410060599975642,-4.447091895476037,-4.428620227871665,-4.445501720216987,-4.429200891506251,-4.4243145023508434,-4.42696697681402
2016-02-25,-4.716019009935784,-4.506217664209912,-4.412801467168682,-4.407176924769509,-4.277597551355525,-4.5101732185041365,-4.132337159768458,-4.3757463047924645,-4.47928961209308,-4.478070813368523,-4.48357059414023,-4.504143708758967,-4.484455039048628,-4.47780772897228,-4.481225033396343
2016-02-26,-4.75321852293954,-4.542061983706097,-4.412577050036978,-4.435706968376919,-4.409229469179577,-4.537207026701402,-4.158493747689118,-4.408609207754082,-4.521097452181753,-4.503959561129511,-4.519694766959439,-4.537435424959133,-4.52036261672536,-4.514500466693934,-4.517251883262848
2016-02-29,-4.808042897709249,-4.497284926475646,-4.489060509493565,-4.379455679030918,-4.328825866719773,-4.499314055450705,-4.27690717251724,-4.323651620213973,-4.466765368943816,-4.37586150328091,-4.480969403138993,-4.4958881415649605,-4.48156437424204,-4.478826117289152,-4.4794633638763175
2016-03-01,-4.836646565158935,-4.538911133709736,-4.443681264771139,-4.434490221302411,-4.41770376134531,-4.5401756540187534,-4.256790742495058,-4.401311256092561,-4.507880548480215,-4.495673763534495,-4.521179630477969,-4.5364756773003005,-4.522185944870195,-4.518916688725966,-4.519527398858321
2016-03-02,-4.889322697026636,-4.53867207568103,-4.481887832014904,-4.405531127392381,-4.328375913587748,-4.536088195483997,-4.221112671058051,-4.338176108725355,-4.496287828733795,-4.483399347892693,-4.5180718498788925,-4.536253998653722,-4.519290124234993,-4.516888916848616,-4.515762958501645
2016-03-03,-4.887730126403675,-4.638854974636675,-4.5210811477308495,-4.468799860068377,-4.414184934037168,-4.637428014399681,-4.138580959776255,-4.445722755666907,-4.594709992413256,-4.533892932540192,-4.609758764844439,-4.636551963624273,-4.611629359168297,-4.60999546225658,-4.606352445814351
2016-03-04,-4.8967737999518794,-4.605796698386348,-4.390270769252602,-4.424238362137501,-4.21079590057886,-4.602662660227063,-3.859740960125305,-4.404965161707326,-4.580037097147351,-4.398663605170923,-4.5613939673966994,-4.6012644449580336,-4.56322317898319,-4.5627018466058455,-4.5564864150848505
2016-03-07,-4.899779602669324,-4.6185806019330045,-4.498196979968342,-4.433524240243456,-4.337901199802134,-4.621132312739905,-4.098916471746364,-4.438058394278005,-4.597289521650887,-4.486974157227244,-4.585534637429953,-4.613297261572294,-4.5871764486614435,-4.588750316753241,-4.5820630929897685
2016-03-08,-4.926969115277557,-4.584703383640469,-4.424350445374153,-4.433255479080177,-4.268665181209389,-4.582305201706647,-4.0246963818273045,-4.409476811990309,-4.555904648410419,-4.44443298086607,-4.549317217925925,-4.580710343350036,-4.550892822219822,-4.5542633971375786,-4.545609417501517
2016-03-09,-4.9356856980483315,-4.634849561604596,-4.500420285010724,-4.450970324688385,-4.342432347449347,-4.632304751525033,-4.083290135824851,-4.43558656666702,-4.625379037986805,-4.510195245087433,-4.600885098243185,-4.631188839889262,-4.602622915973182,-4.60673830526185,-4.59723351212914
2016-03-10,-5.059058216776256,-4.42863465861788,-4.342413019729733,-4.309518920307394,-4.315509115824228,-4.4314657773773245,-4.150807566300947,-4.291001653639288,-4.395217557883488,-4.403314842417915,-4.410073081658893,-4.424861016797051,-4.410904568107881,-4.414037116404874,-4.408434856374213
2016-03-11,-5.0512402689237215,-4.796231632219468,-4.660272648895703,-4.632003634587035,-4.644213808549562,-4.795928921750797,-4.354156448699334,-4.62924919500282,-4.763243974195867,-4.777773719578058,-4.768788255316388,-4.79298521456712,-4.7697066837056,-4.77448203001894,-4.766217894121811
2016-03-14,-5.066969214973091,-4.7735810271995875,-4.646267441601417,-4.619779321798628,-4.495075646703769,-4.77348516124441,-4.3183474185009745,-4.595728360954709,-4.7335981574165125,-4.678226804646167,-4.743350186246386,-4.768510433662758,-4.744603109009072,-4.750322151754469,-4.740597420727192
2016-03-15,-5.099053057516289,-4.774460774503584,-4.6869744159359765,-4.578263689990882,-4.596108253467487,-4.785289758859126,-4.4119884838406325,-4.588998078726207,-4.7144466927928645,-4.6967965642919545,-4.748223994277128,-4.769706180011352,-4.748881496138253,-4.75444398510262,-4.745943026251183
2016-03-16,-5.1777639405983145,-4.60438198670967,-4.3967647840120305,-4.441402077582238,-4.56153325102014,-4.59914657271816,-4.154330350630268,-4.471327791919197,-4.569191721372523,-4.610709673483479,-4.578131113810348,-4.600515061878555,-4.579062822481186,-4.5853898570992495,-4.575365337955144
2016-03-17,-5.187519863047775,-4.8387059372772905,-4.644991473639201,-4.695509700362512,-4.65451075852851,-4.85229243423669,-4.402975913385236,-4.705751081366928,-4.76091139734297,-4.831642585038269,-4.807606316362025,-4.831842949106575,-4.808380904871778,-4.814365987263494,-4.805323696918431
2016-03-18,-5.194507524878459,-4.888038364876182,-4.598160856492999,-4.7347845162179185,-4.740193237697672,-4.8989609832288155,-4.307555993335763,-4.765406523092321,-4.822384645511211,-4.872855793292477,-4.852032127649174,-4.881811546376637,-4.8531308909690765,-4.861733150117077,-4.848745983333773
2016-03-21,-5.1875322180988634,-4.870974488927794,-4.70914705712314,-4.672872094478338,-4.669105380787982,-4.8776106980132035,-4.398433830860724,-4.683627095990011,-4.830907214247569,-4.7942633115543964,-4.840107261344913,-4.866182012965254,-4.841294324606866,-4.849285550094296,-4.83723514133524
2016-03-22,-5.167914149611764,-4.9104080980766165,-4.78470221600451,-4.769298904320522,-4.768381762590054,-4.923310370781725,-4.6033728929980375,-4.768713765166989,-4.842652040835989,-4.917778379012652,-4.88814235249874,-4.907421084538638,-4.888831635684449,-4.894019296395857,-4.886357411383642
2016-03-23,-5.1688423957124465,-4.940251845261606,-4.769217335215156,-4.746275111112545,-4.793242177118242,-4.948155722523059,-4.468053912412107,-4.754175594757548,-4.8829864608994455,-4.892875789743339,-4.908164360540123,-4.936329772808733,-4.909251364121081,-4.917442035272934,-4.905322107636039
2016-03-24,-5.1622790172162505,-5.0223395629235155,-4.8114859584297704,-4.85075652913088,-4.852425609611808,-5.042110498402864,-4.527566931988918,-4.86793164290732,-4.9480420119660256,-5.005938742053534,-4.989252478241337,-5.016236685094454,-4.990243515281127,-4.99899040473024,-4.986378899991312
2016-03-28,-5.131010658998649,-4.980843137100409,-4.828494487388602,-4.728113876957722,-4.763358819392313,-4.999946823086889,-4.452421965574211,-4.74516602176601,-4.9378338088209395,-4.908925778385092,-4.944855315291954,-4.975700647206356,-4.945833336693569,-4.956936795864188,-4.941533287542528
2016-03-29,-5.117536853709795,-4.89659305818478,-4.751751493778211,-4.725827071834682,-4.743422211681506,-4.905438648983467,-4.49201879227771,-4.742321809782973,-4.831510466396945,-4.850374348448915,-4.868512580602851,-4.892461553978985,-4.869133441633828,-4.877163601600877,-4.866280157154851
2016-03-30,-5.061499327534198,-4.949475829817304,-4.763466268505353,-4.796736484030642,-4.705002330800931,-4.962163267949341,-4.463416072515528,-4.781362501174742,-4.894102729127016,-4.841755178168176,-4.920236266629925,-4.94542385101667,-4.920910988261067,-4.931452320260618,-4.91722753752643
2016-03-31,-5.041054071420846,-4.991965979494763,-4.865858013418262,-4.796128733335754,-4.843790239301109,-5.010476993419795,-4.6091384541618705,-4.829106154708313,-4.940634793157995,-4.948024395167501,-4.9648157651312586,-4.986267494661222,-4.96604637698734,-4.973888234862879,-4.962510671730418
2016-04-01,-5.031298988448724,-4.895255532788312,-4.664356434840874,-4.65671246727591,-4.651231805664707,-4.900331080491492,-4.263168473971782,-4.688776686898229,-4.8841599265458315,-4.781541175488594,-4.8540127284609556,-4.889581000033863,-4.8556509807044055,-4.868712845756468,-4.850302098822564
2016-04-04,-5.00630213309319,-4.990245178452333,-4.776544436236994,-4.788085850554366,-4.782258334113636,-4.997174288192631,-4.434320286140615,-4.817585531791622,-4.925028756164651,-4.904207474198757,-4.9534503433866375,-4.98439403027678,-4.954403690009428,-4.966766328955944,-4.9502640270676315
2016-04-05,-5.007578950307011,-4.843343132618502,-4.761908583203955,-4.640584007663204,-4.742775141359634,-4.858923113203731,-4.518780387371113,-4.656462231139183,-4.79502968882589,-4.79248630897884,-4.819423753029552,-4.839986534909139,-4.82045127654064,-4.828056475863894,-4.817529323074128
2016-04-06,-5.012791379974345,-4.8152805335808,-4.7166058870545795,-4.6171564864547685,-4.56467585307578,-4.838324254971213,-4.460193686570008,-4.647968030837594,-4.73648380866966,-4.725370211030802,-4.787211313185664,-4.810894748188736,-4.788241088343301,-4.797200290989604,-4.785105999642546
2016-04-07,-5.040732346613208,-4.756767700007698,-4.625158633158248,-4.568911900914133,-4.621140844462388,-4.8108858267529655,-4.395315932139638,-4.607747858141093,-4.6377091638626915,-4.757478592287855,-4.729815906389438,-4.751295964080748,-4.7308606028297495,-4.738613996540886,-4.727978477914654
2016-04-08,-5.084932506363604,-4.777076049147836,-4.746452184282385,-4.5820351256384875,-4.607476815724362,-4.829822826673354,-4.575251564497356,-4.60849444409231,-4.640804212700576,-4.801498071200833,-4.756660628000249,-4.7738794861654315,-4.756479007630135,-4.762306630364669,-4.755676905414031
2016-04-11,-5.11846267947555,-4.747280797509456,-4.720037180831179,-4.602100470534811,-4.5477831026148365,-4.812947241351223,-4.583855357929829,-4.601186159050571,-4.609555643278514,-4.789034003754306,-4.731019112917331,-4.744812532259084,-4.731426977056129,-4.736350104403622,-4.73010047331244
2016-04-12,-5.107230914594091,-4.7834265175421615,-4.652669288166945,-4.578256997294013,-4.545975490291559,-4.831362024874518,-4.343406426665427,-4.612425663212563,-4.672399511244144,-4.7603016511749985,-4.753196854157693,-4.779160985636425,-4.754861440056282,-4.763803431901687,-4.7507314271400665
2016-04-13,-5.0669626581057745,-4.887362720037787,-4.74457332503366,-4.691138171108997,-4.655800477752143,-4.9300524129979415,-4.456911488859823,-4.695183876158064,-4.782379763294308,-4.821353368733789,-4.858012558181791,-4.884322547750855,-4.859399913056673,-4.868752071364565,-4.855588752578673
2016-04-14,-5.06019305414647,-5.030310315321922,-4.796845103634423,-4.916184305023514,-4.806308243684078,-5.057961214019408,-4.582328607540519,-4.905298644654268,-4.9422893454396375,-4.9852161218071585,-5.000766661376787,-5.02445968807948,-5.001594475934023,-5.011926103181302,-4.998383767505647
2016-04-15,-5.007987929674373,-5.182152531879914,-4.954270067401539,-5.00135269944165,-4.983874941177172,-5.224031195655262,-4.675375219136426,-5.021876299372234,-5.138291633924687,-5.126429825764658,-5.147211179155484,-5.175817569223727,-5.1481100020464545,-5.15932770943808,-5.144500746065838
2016-04-18,-4.905414514762086,-5.030757267124433,-4.9067286402164925,-4.803000983159778,-4.798935367195581,-5.059230549533207,-4.586702820960802,-4.789000431189395,-4.984073985492655,-4.959778438302237,-4.997541139024978,-5.024856697733911,-4.998744435764937,-5.008731911481282,-4.994968213937853
2016-04-19,-4.850065656338032,-5.037014542009402,-4.845017797517448,-4.844643525631838,-4.843526477118267,-5.080331422643668,-4.558086495284799,-4.88221893102503,-4.974210545675539,-5.005152306747375,-5.0023701351634315,-5.030241233568875,-5.003957686065595,-5.013262971919214,-4.9998721385548395
2016-04-20,-4.846129020845115,-5.097660873701855,-4.839650456532536,-4.920938348530265,-4.96295412510633,-5.130126583545387,-4.566029468653258,-4.96271538931019,-5.035746590548132,-5.072738391499361,-5.060908100427315,-5.088922504399969,-5.062135642567951,-5.071186401615121,-5.058183999111164
2016-04-21,-4.856792773962393,-4.98329938548867,-4.720691420787224,-4.734314440236869,-4.9783596045157275,-4.99194003335458,-4.415220290014113,-4.823558829843981,-4.941333453986984,-5.055616332707269,-4.94522025345948,-4.978277326023928,-4.946667497570725,-4.9535264820582805,-4.9424710570804855
2016-04-22,-4.879837475171078,-4.919525487258138,-4.771492569943249,-4.6780482835997494,-4.805508561805468,-4.953988295105548,-4.50165172326277,-4.71691489688072,-4.889641886043605,-4.901134710609103,-4.8896620503909185,-4.915820059115402,-4.890373682092698,-4.895334608689931,-4.88774043253935
2016-04-25,-4.888307316074937,-4.976585916302272,-4.832774428307922,-4.726585911326078,-4.787441978183777,-5.012844838501752,-4.516011190628748,-4.784996942557849,-4.901953717468243,-4.954482350277129,-4.94164070499268,-4.971455588704244,-4.942578121951951,-4.947653494326896,-4.939399173073726
2016-04-26,-4.899742033280347,-4.998527057632403,-4.778917100778262,-4.794961998985802,-4.839346587390206,-5.054665282183971,-4.487740606283971,-4.874731284974718,-4.903037768784289,-4.977287626856505,-4.961362882544891,-4.992331996355778,-4.962349815950752,-4.966596681464927,-4.959312954617338
2016-04-27,-4.939774661344994,-4.845256112561754,-4.636875037747605,-4.644087561616893,-4.846328409306178,-4.859718678662997,-4.409939491319383,-4.680104871987236,-4.822210699923687,-4.861539287561507,-4.816643215816302,-4.838916503849306,-4.817626636169764,-4.819827521104487,-4.814693637047525
2016-04-28,-4.969613028212854,-4.829863244338899,-4.636619484351916,-4.599202968582189,-4.862714669661097,-4.876317557840843,-4.426772696919089,-4.634206961569402,-4.776251751786378,-4.861848017600033,-4.802852291948728,-4.824990902833014,-4.803629875676618,-4.807715333117807,-4.800716282612118
2016-04-29,-5.025264392735854,-4.731101732524538,-4.510403966815797,-4.5273432212055775,-4.635156637648829,-4.761955305415235,-4.251783129267001,-4.583431518232034,-4.689615501109802,-4.717654682761065,-4.698072200899558,-4.726805351044516,-4.699001060772188,-4.70367741835933,-4.695612626111515
2016-05-02,-5.044995584034022,-4.82650311962169,-4.683181187150416,-4.595214398716995,-4.7165577122012285,-4.8475756875914096,-4.417015354177636,-4.635068448194822,-4.802788002159323,-4.775857896584481,-4.797057989112687,-4.822426255800993,-4.798348713539715,-4.80426077606158,-4.794744667310503
2016-05-03,-5.05164339509662,-4.794047892844811,-4.647788815694575,-4.5805157421880835,-4.658817690402065,-4.840420436506923,-4.403536241283353,-4.6183842835303235,-4.752639601331875,-4.775704513103362,-4.764919884768488,-4.791274199277963,-4.766180131610958,-4.77266208223804,-4.762810257139028
2016-05-04,-5.075287780530157,-4.802724804906313,-4.649909190609505,-4.581985758384414,-4.633086494704707,-4.827363183936778,-4.370577807399936,-4.601724129611685,-4.767681071285582,-4.748059509324449,-4.773517947203481,-4.800962630320006,-4.774463562095859,-4.782902260123514,-4.771054607376487
2016-05-05,-5.123999215699322,-4.789897935096772,-4.613288014295836,-4.521723487638313,-4.691932467129718,-4.826614301726652,-4.340252716267511,-4.5917887988404855,-4.7364063348818854,-4.799180628979825,-4.75770588507896,-4.785128937229705,-4.758331038885526,-4.767445913198876,-4.755226677333401
2016-05-06,-5.166190687245329,-4.81456172172432,-4.644088500008607,-4.594546497299492,-4.687321707455812,-4.882183141570404,-4.411891410112395,-4.6503550997179595,-4.762960582517021,-4.776510814619964,-4.789973930520672,-4.8108838011674795,-4.791045246028681,-4.7999634056494225,-4.78754389445562
2016-05-09,-5.187402008600129,-4.864249578186024,-4.727923094111985,-4.593071742508411,-4.677572474508903,-4.927581656128749,-4.409861357779045,-4.653161357475705,-4.793804503553956,-4.843730449440944,-4.831740711192432,-4.859202287359307,-4.833134415552909,-4.842466145819425,-4.829177501827353
2016-05-10,-5.171480823626677,-5.049390425265529,-4.859346386266493,-4.876925133883253,-4.9244867971277975,-5.113883549317063,-4.6553263872757755,-4.95373332746982,-4.989113102926113,-5.061617467078137,-5.023240171889056,-5.046426030650091,-5.024082277446334,-5.0323148215813545,-5.021165739093394
2016-05-11,-5.150280052920471,-4.959533104326542,-4.8190284082083785,-4.70233018429942,-4.7492491670104835,-5.0179919797642265,-4.518822154511194,-4.7687468974103275,-4.898092544896423,-4.943982811240856,-4.924996271826255,-4.95474210078105,-4.925934477250119,-4.936242361509551,-4.9223714008080925
2016-05-12,-5.144452401797046,-4.83170909246773,-4.694772230704364,-4.608299364992236,-4.699112762655383,-4.932530708148417,-4.493148522030262,-4.682782397140532,-4.748043908102702,-4.866518740830069,-4.8038958980724065,-4.828563040170773,-4.804731469625395,-4.812210490532133,-4.80212627410525
2016-05-13,-5.172718309210441,-4.802959605825077,-4.699710825725974,-4.576959707213262,-4.6518844787244715,-4.909826222305918,-4.50808818588223,-4.6367037692967825,-4.727730025888076,-4.806899487634034,-4.77818644622486,-4.800375679369635,-4.7786622468950775,-4.7857246128047235,-4.7766371009345265
2016-05-16,-5.118266222394541,-5.000424029981604,-4.846050101446689,-4.782151248984149,-4.846282061717418,-5.08131682330405,-4.621576532990528,-4.835296856496687,-4.949976948160049,-4.977209692408867,-4.971660191457191,-4.994751529190262,-4.9723868036433405,-4.980983405994838,-4.969552033050817
2016-05-17,-5.134086753696368,-4.808101761919135,-4.677885962366308,-4.65410699031566,-4.685808424886166,-4.879243171216056,-4.536037302425977,-4.708272387229547,-4.746114138589026,-4.805687848146433,-4.7851280440186725,-4.803295507539282,-4.785526267752343,-4.792124143981833,-4.783713880506418
2016-05-18,-5.256850552001123,-4.605315090757587,-4.466872938443486,-4.442797300416908,-4.600580606394448,-4.652429049382024,-4.338955483352251,-4.514977943591554,-4.571670254395414,-4.634664459125705,-4.584607962308671,-4.601881016754904,-4.585077572675728,-4.590790396763061,-4.58327793542068
2016-05-19,-5.343156549432245,-4.652968006086887,-4.521123851380059,-4.494517927254027,-4.544144111046959,-4.742923008791993,-4.342700448670618,-4.5625079120778125,-4.607692407676668,-4.649117752302672,-4.632303190094398,-4.650563221724687,-4.63298566947461,-4.638649551214803,-4.630637170750871
2016-05-20,-5.322040781301116,-4.874492648142952,-4.808991126625953,-4.718076779198316,-4.811475898841902,-4.929407862736501,-4.700074215131561,-4.733271257209887,-4.849177151167095,-4.864178607867799,-4.858558417792765,-4.8725456305925015,-4.858725169098966,-4.862639202402925,-4.857502626965065
2016-05-23,-5.315579341584345,-4.8889612748301206,-4.854562391658121,-4.7065204873729805,-4.732840074511287,-4.995257097848971,-4.700285944683308,-4.707661460664072,-4.846701520351807,-4.878903218747922,-4.873726596413928,-4.886422442972647,-4.874080551183562,-4.877322791668141,-4.872544954215752
2016-05-24,-5.055988420131028,-4.975909446951527,-4.893767015621323,-4.800434642943098,-4.8945785985085335,-5.029960780938439,-4.750628872354785,-4.816967874944975,-4.942214520635282,-4.995259443526981,-4.95599781208161,-4.972704971011428,-4.956615540264883,-4.960028742118538,-4.954693784000442
2016-05-25,-4.929911921466568,-5.016052286982779,-4.9202809779774626,-4.84461961121393,-4.960675706644081,-5.103639793537464,-4.79195856858321,-4.859984133025691,-4.989880802370521,-5.047485213701425,-4.997685833331905,-5.013643284290814,-4.9982733874706495,-5.001519831593243,-4.99640805196237
2016-05-26,-4.878810154078655,-5.155800362328403,-5.023807108170889,-4.917257170933172,-5.004134635036922,-5.226175523635783,-4.802836744160981,-4.93658449975726,-5.129161471373831,-5.1403197690704,-5.125856873514418,-5.149791836987072,-5.126725983389442,-5.1320800247225025,-5.123723853342424
2016-05-27,-4.870469101261342,-5.206548070014674,-5.103754761666758,-5.001496745740725,-5.1379547432754356,-5.315899592878763,-4.9353107219749734,-5.037642650841786,-5.182026136759545,-5.207404589297865,-5.185980735150563,-5.20234789434803,-5.1865267668976545,-5.190464073474133,-5.184253983355245
2016-05-31,-4.840370402629528,-5.0967057439584,-5.015326974817973,-4.838483170603948,-5.058205097288852,-5.189213722746755,-4.821206419600825,-4.875465602016997,-5.071630374338091,-5.092820202657776,-5.072660109059425,-5.092516513855159,-5.073363640543679,-5.075973899632045,-5.070923994409322
2016-06-01,-4.837003487722623,-5.068606393483214,-5.0018489962736705,-4.814996195889632,-4.9612815204854765,-5.149193488695345,-4.799120230129656,-4.826036042734133,-5.0458812093529355,-5.049318177307935,-5.0450469851588275,-5.062985832692489,-5.045533413042432,-5.0476593695522,-5.043301986357261
2016-06-02,-4.827747270591797,-5.0667920147994545,-5.056515901607754,-4.825639669193618,-4.988762622149919,-5.1345294431779465,-4.906283625705525,-4.836995273191077,-5.0401915480067,-5.0628651616387055,-5.04634561797492,-5.060111781375278,-5.046744528639805,-5.047635978075179,-5.045238053129971
2016-06-03,-4.8016734721356205,-4.945883113821965,-4.909644140700899,-4.794353526313564,-4.858395267968296,-5.065303317733015,-4.813982080846863,-4.781661503176537,-4.917300845183413,-4.953503694061348,-4.936816359196633,-4.944976553743473,-4.9370153713986324,-4.937556005198163,-4.936086399493125
2016-06-06,-4.789151079062098,-5.016252772821771,-4.998496012879204,-4.765354752350266,-4.962426579422985,-5.131204176812019,-4.857211472726099,-4.782665121098297,-4.9915199628427604,-5.015072945507642,-5.002327444747925,-5.015196564845942,-5.002411489528069,-5.003132648333415,-5.0013714434904015
2016-06-07,-4.7802991215601995,-5.19879609921889,-5.126015406062923,-4.967804006032077,-5.099283183931035,-5.257184904136092,-4.912002375945223,-5.030430671382732,-5.181402461701738,-5.166424151929168,-5.17736498302611,-5.194646324712281,-5.177185776397641,-5.177451089608144,-5.175329670757828
2016-06-08,-4.778944244277124,-5.1371300404955305,-5.1386701598213005,-4.890840705392625,-5.003295296504732,-5.17257756732597,-4.913189073980571,-4.9040158075673865,-5.1187818294714775,-5.074110895597717,-5.1153326915103206,-5.131829473653301,-5.115962654796174,-5.113796408636791,-5.113649274941831
2016-06-09,-4.787323564823183,-5.0833739116808925,-5.096474456436692,-4.833734483971059,-4.972572541001773,-5.179207350923507,-4.915376903418214,-4.849449729619241,-5.052564925487096,-5.0742488758938995,-5.063704205217209,-5.079095849184853,-5.06439306359904,-5.062076911285992,-5.062689637275993
2016-06-10,-4.79345076317899,-5.060007296137104,-5.032453684018606,-4.854765374727395,-5.006301264263807,-5.169145613503148,-4.918684259868885,-4.873842155270891,-5.03125760595745,-5.085591933964432,-5.044280060242252,-5.056529449145943,-5.044659280216033,-5.0427627567282665,-5.043581361160233
2016-06-13,-4.818102518364431,-4.9489881778035985,-4.903672970635207,-4.73256478751269,-4.841150527699755,-5.066559436769106,-4.739559927781415,-4.755352168376963,-4.912037540318228,-4.956863636599106,-4.934009017288715,-4.947679897295141,-4.934224099841901,-4.930784059937721,-4.932712049957772
2016-06-14,-4.863365930808959,-4.842539243751372,-4.822023485809753,-4.6369869919812485,-4.754150184888007,-4.972205844918006,-4.7006145809576125,-4.675061934644289,-4.815904165702402,-4.854148085544972,-4.82972766809343,-4.840048321648987,-4.829744977601474,-4.826962202601709,-4.828829217106342
2016-06-15,-4.893696276533266,-4.896502873003357,-4.857172774405502,-4.630291701942295,-4.791232058479237,-5.035088563144609,-4.673954549924041,-4.684396540192077,-4.870973630174314,-4.896467823838018,-4.876008097478637,-4.8923464518303845,-4.876535325571643,-4.871882752433193,-4.874392787861559
2016-06-16,-4.946285477402819,-4.786579911670096,-4.732092207149381,-4.545012121861548,-4.698193857380869,-4.873549616229057,-4.543895910915341,-4.580755794157436,-4.767810436694349,-4.778351352906282,-4.765944041938243,-4.782333681926623,-4.766468321358607,-4.761503363752199,-4.764268187347665
2016-06-17,-4.9801025108995365,-4.854029193472054,-4.804984030091895,-4.633012112151372,-4.789213803115579,-4.948388835664715,-4.678199390561207,-4.644861553637596,-4.829271573695264,-4.8574030054797825,-4.836453312656427,-4.851835326968867,-4.836371531495144,-4.833379560521656,-4.835439043164919
2016-06-20,-4.996497139592601,-4.922244425203605,-4.896762785317722,-4.663630086748896,-4.844435392997869,-5.047454845787339,-4.71930403133105,-4.6918487861045834,-4.8997203205906725,-4.919910590027536,-4.906075854536748,-4.920748922360428,-4.906747020842113,-4.903157341361853,-4.904680519322128
2016-06-21,-5.014903442242691,-4.9717963020962195,-4.892390500545966,-4.740572214476506,-4.869766894699021,-5.1138302078686415,-4.712859616719411,-4.8127841736538866,-4.94733222292027,-4.967586553067356,-4.953046473621654,-4.968636827601589,-4.953787258334219,-4.950096439404515,-4.951379771849665
2016-06-22,-5.042195090931431,-4.908469044293893,-4.930202136018832,-4.580780368626444,-4.846770809683824,-5.04229448604515,-4.742619242674726,-4.597702149640953,-4.890235304958493,-4.909381726476093,-4.888951923884737,-4.90310303932632,-4.8891785179120415,-4.887046724654619,-4.8878208979218645
2016-06-23,-5.039330752136179,-4.9934399282849675,-5.05365975349924,-4.7441304894938705,-4.92292182760265,-5.095935870128399,-4.914358084172806,-4.760746417044471,-4.979880844971837,-5.013519458340987,-4.980858340393389,-4.991722165235773,-4.981505489259083,-4.979761924924383,-4.980280027082703
2016-06-24,-5.277582267899284,-4.52801448222828,-4.413721765787081,-4.405396777480243,-4.546103213968662,-4.654881065436821,-4.356190465696902,-4.423995386353524,-4.521386420903988,-4.585072063761833,-4.515437264993013,-4.52559349082133,-4.515860470708065,-4.514480013140445,-4.514396382181914
2016-06-27,-5.439728554331036,-4.56230493152239,-4.489234430863091,-4.486820121322788,-4.502865515061618,-4.654418318485498,-4.453170221929491,-4.515443468872187,-4.551635077162123,-4.586928773725668,-4.556375386139461,-4.561908112714949,-4.556580085651532,-4.556814174994402,-4.5558372175844335
2016-06-28,-5.513041323639746,-4.672501023178098,-4.612604500340944,-4.545024705427446,-4.641544994260606,-4.84666891372714,-4.585007211790705,-4.5903891190222135,-4.6638082927413755,-4.716030249607932,-4.666164972189813,-4.671469659933622,-4.666090979622872,-4.667011722723297,-4.665799095119955
2016-06-29,-5.489992310189279,-4.872426570948323,-4.690754578764397,-4.7511834746338835,-4.7995806710304665,-5.013421052066916,-4.559645591899402,-4.812697618610867,-4.868182042901651,-4.887841002982422,-4.855489662619968,-4.870409363648404,-4.8560405811837315,-4.857181341480075,-4.853552318306672
2016-06-30,-5.512914675108263,-4.702430136361769,-4.680449170118262,-4.5582521473450095,-4.667016097099022,-4.882501589182513,-4.639014299237677,-4.583077643951251,-4.702345766252913,-4.727102358795768,-4.696013636413013,-4.701781215988796,-4.696583769263444,-4.696918741757812,-4.695583969295091
2016-07-01,-5.5333658447863465,-4.872588764911293,-4.853143781528172,-4.7267935697706775,-4.847681860692749,-5.04301984662934,-4.82700275715472,-4.752864204482153,-4.876689452342909,-4.91053678504505,-4.869491139607789,-4.870489360293188,-4.8695846261098215,-4.870458653835358,-4.869176883285733
2016-07-05,-5.5697523388382875,-4.892676313434512,-4.821257369678471,-4.754659945723318,-4.830952999850784,-4.988999471046148,-4.699313392264215,-4.799169428062702,-4.8989111427926275,-4.885405712584936,-4.88106363261365,-4.89187580069537,-4.881345737339356,-4.882867346594049,-4.879784258201238
2016-07-06,-5.699801158100513,-4.7682264535302075,-4.7164169327437575,-4.653876253671167,-4.719698594007755,-4.931361793051336,-4.681705553550619,-4.6906864034408615,-4.780940357138087,-4.788927202025108,-4.764330172568641,-4.768229774112683,-4.764187852801436,-4.765642240260278,-4.763811112393026
2016-07-07,-5.7770177691378946,-4.856436058349695,-4.792648667366721,-4.625465006243925,-4.804265163910916,-4.964645749602337,-4.620772918700707,-4.690374904260229,-4.87058448988695,-4.822447185966609,-4.841802133002382,-4.855829211208812,-4.841977354512838,-4.844238504142118,-4.840062271803635
2016-07-08,-5.806564973502425,-4.99694642888616,-4.943629093908986,-4.813937903263162,-4.959236327748272,-5.0981857520537694,-4.829554891800045,-4.855639916990534,-5.014547002215564,-4.997844656484502,-4.98556610044439,-4.996876620660833,-4.985615305858211,-4.987505671823866,-4.984423809095641
2016-07-11,-5.808069954608552,-5.034970433650293,-5.02514743691702,-4.857228304060351,-5.0030959119195195,-5.176997172924231,-4.927492215685344,-4.895000649635301,-5.046032969753953,-5.03342826320882,-5.026809615652322,-5.034850776378747,-5.027051585953261,-5.0282072071673065,-5.025948908281584
2016-07-12,-5.8115069212520485,-5.110203217444241,-5.054270743303766,-4.939945429187999,-5.0850871470774575,-5.1892349900394255,-4.929976027541982,-4.94482120220586,-5.12420948633873,-5.093979265468338,-5.099634084854748,-5.109503410176873,-5.099954024657309,-5.101678719633696,-5.098458911889221
2016-07-13,-5.84102314511361,-5.068095891063473,-5.0028020336948815,-4.86244484016187,-5.020585585803631,-5.144297208725267,-4.838961015631629,-4.932629976227596,-5.0877157796225125,-5.045472732490108,-5.054501909716655,-5.066431645333042,-5.054695557953706,-5.057117060773893,-5.053032560946208
2016-07-14,-5.878955634769523,-5.127349607931803,-5.06869735146547,-4.996861483792423,-5.100127252634435,-5.30193670786174,-5.017626769992794,-5.038666448079647,-5.159672207271097,-5.18922745293946,-5.124173588399028,-5.127182903914944,-5.123923409140601,-5.125491394378246,-5.123535723912235
2016-07-15,-5.887209766783545,-5.190582174047449,-5.161032637608457,-5.080948639819925,-5.172738408322485,-5.407167717496456,-5.159561002065198,-5.097089061512725,-5.227841496485957,-5.266929101967266,-5.191545977482623,-5.19023902695093,-5.191007835032234,-5.192144985848951,-5.191373124113417
2016-07-18,-5.838089684469593,-5.268949410543483,-5.2598129853003694,-5.141977835629674,-5.242674350571066,-5.321305768802366,-5.204571012881499,-5.125470638491971,-5.309720748621221,-5.270028214165403,-5.263943205680799,-5.266920274810619,-5.263945841800807,-5.264730290129984,-5.2635260099519074
2016-07-19,-5.846421886283344,-5.228820979810255,-5.213115424644763,-5.123240031980647,-5.213226041497156,-5.320678407912271,-5.174640693376292,-5.1401043814706,-5.270021292237814,-5.202030420882262,-5.22519228723418,-5.227260528451294,-5.225094468351427,-5.226155417514826,-5.224677377714278
2016-07-20,-5.841018586420397,-5.300055044205118,-5.25655397437124,-5.1367660022163655,-5.28278369580502,-5.3563868851625625,-5.137260100348115,-5.148603031079969,-5.32882816748271,-5.283553930213335,-5.289718351807909,-5.297738789895978,-5.29021820066524,-5.291425597725695,-5.288723356360789
2016-07-21,-5.8002799095796265,-5.222190444909024,-5.166889294027253,-5.053170146850504,-5.205064903944796,-5.233851913078449,-5.064772523263729,-5.065083329613594,-5.262967125068182,-5.214082665395403,-5.212069284499411,-5.220282066495086,-5.212464799592569,-5.213786691867159,-5.211294299586159
2016-07-22,-5.810590418352066,-5.300996024156909,-5.229912215840772,-5.1104629358919444,-5.28655819565099,-5.230413170337682,-5.059996542286789,-5.123725472729878,-5.341530959915803,-5.200865750285789,-5.287046106297878,-5.30014438958777,-5.287621430087458,-5.28917307181002,-5.285845601549472
2016-07-25,-5.807659395899379,-5.229207245078179,-5.217978214876066,-5.027312755552557,-5.220564215839713,-5.283508786883934,-5.077610013937244,-5.054368043278845,-5.2682586530450495,-5.199299924710624,-5.215547471030774,-5.224423093121361,-5.216262819430146,-5.216945681418815,-5.214526223586617
2016-07-26,-5.842104137763402,-5.076087065528756,-5.028497586215568,-4.893553074111151,-5.070995332287963,-4.93989743351583,-4.882330404031296,-4.9239193677389475,-5.123174628477343,-5.034628558908471,-5.057331378118331,-5.071738439425369,-5.057855249653147,-5.059395111773884,-5.056176690978178
2016-07-27,-5.7213539702951755,-5.084523006716787,-4.906375893289273,-4.891731495882887,-5.083478604599616,-5.137058945831997,-4.696589396589284,-4.972799718220908,-5.126019676914115,-5.077779853883589,-5.063274027275259,-5.079789576394544,-5.06375722311064,-5.066298493371338,-5.0614271489349765
2016-07-28,-5.773884307602442,-5.045945155300476,-4.926741254646048,-4.833534687270351,-5.043484228400527,-5.034456136886187,-4.725693157799905,-4.8699293233367404,-5.071878767914569,-5.035990760871899,-5.025102548425452,-5.041456642516168,-5.025644810267692,-5.02806505090694,-5.023466134220126
2016-07-29,-5.792899681170301,-5.089887821955176,-4.996066368571675,-4.902377786660668,-5.087363606625566,-5.168420744858542,-4.833310617445781,-4.923193844664952,-5.117421732043684,-5.1104931675589995,-5.074663136594565,-5.08815262265658,-5.076305530952479,-5.076839884325571,-5.0733381065158465
2016-08-01,-5.826966335423556,-5.0117893805373726,-4.954574446529128,-4.783478345867406,-5.009855875012395,-5.119131968801983,-4.809055077397759,-4.81758910939551,-5.064458869574281,-5.029904349557095,-4.999126807959784,-5.010363602521802,-4.999408411938982,-5.0008860764478476,-4.998199350867351
2016-08-02,-5.824032285913019,-4.961475000553523,-4.889608497697369,-4.67770011518575,-4.962565283777116,-5.059054353530676,-4.7122739179371935,-4.710518677007,-5.010601661551845,-4.953546177818946,-4.942136949446489,-4.958029420200056,-4.942727669195562,-4.944357360312422,-4.940886417496294
2016-08-03,-5.829660620465222,-5.119651213491386,-5.006245284402475,-4.822349446363506,-5.122917846913607,-5.203801862930349,-4.7423848011837375,-4.87747582723939,-5.137371675767993,-5.071426007102143,-5.092747706248441,-5.11609104274649,-5.093379072390319,-5.096284247200408,-5.090621571591947
2016-08-04,-5.831265245262852,-5.166796719658303,-5.055700559441354,-4.917272164928235,-5.171501902903093,-5.314708806743399,-4.874119314189925,-4.983240314001523,-5.233004700529564,-5.189208434454905,-5.150886135757185,-5.164837871864633,-5.151153721835723,-5.1536690516263715,-5.1494330522426415
2016-08-05,-5.8178701678551885,-5.334185257143867,-5.173905950168928,-5.132294579843587,-5.33792601220238,-5.5357536728889505,-4.998964660236901,-5.207512775363242,-5.376060423830039,-5.398681317863237,-5.318399676521379,-5.33399690970008,-5.318403826491283,-5.3211009933685975,-5.316940509805274
2016-08-08,-5.785760304076417,-5.420162916821153,-5.27944938886504,-5.177224544384643,-5.425354460416412,-5.550628914671791,-5.1067394738258916,-5.2346633402597575,-5.480391985792505,-5.4791214371532995,-5.3992650674689955,-5.416534033412969,-5.399776678516137,-5.402139864977925,-5.397740346816363
2016-08-09,-5.6767010517401655,-5.456782854751863,-5.335140392482049,-5.180469155860892,-5.46036802961102,-5.601756400568472,-5.175348338305056,-5.227925107443529,-5.515276837380135,-5.505656095159318,-5.433306047901088,-5.4502088143569,-5.433822807488182,-5.435508387198834,-5.432187908692897
2016-08-10,-5.536707081866981,-5.328665429568577,-5.25612279564991,-5.052697105857305,-5.338497927438192,-5.308249972612199,-5.073381963958515,-5.0921010468944035,-5.3963427486869335,-5.313367096445865,-5.306972745872511,-5.323146960043578,-5.307398580336995,-5.309536313910674,-5.305716238747532
2016-08-11,-5.29683685235483,-5.417048347146038,-5.324398555337472,-5.2018373803200655,-5.4274882779381395,-5.5814744529884495,-5.19475903202779,-5.23747315932636,-5.483031925415481,-5.52126749691863,-5.40231060274741,-5.414867094447244,-5.402859857379362,-5.404609785710065,-5.401312644780923
2016-08-12,-5.219287994636649,-5.448857819772543,-5.364534895161886,-5.196511941610422,-5.459986797868491,-5.544956370820039,-5.197029608048363,-5.223073150106721,-5.530711738949379,-5.499896709377724,-5.433847876393385,-5.4458706422679795,-5.434217036117697,-5.436543951729271,-5.432658757941086
2016-08-15,-5.154430125567745,-5.637847226086218,-5.490163236024896,-5.4495752370634225,-5.644453061815188,-5.744806619258521,-5.363316029434758,-5.487158585189226,-5.737056319078908,-5.746520025718961,-5.618058693296113,-5.635802349243569,-5.618480953519133,-5.620603902616053,-5.616785723528383
2016-08-16,-5.127865804339174,-5.418136211269254,-5.311911577620758,-5.184508963121925,-5.423985831503668,-5.567418850249255,-5.13520994900513,-5.210509652648362,-5.505812627696299,-5.515990967729841,-5.401128937798249,-5.4179755733013835,-5.40157449375846,-5.403568007337331,-5.399737031453439
2016-08-17,-5.122385963715848,-5.204740728730694,-5.148981919895839,-4.934821963838742,-5.2036370596419665,-5.32855807841416,-4.968831993782565,-4.940877053396586,-5.258100076068464,-5.243954943614461,-5.186453153667313,-5.201596113171228,-5.1866840575176925,-5.188725564895596,-5.185183315222032
2016-08-18,-5.1047498443578725,-5.403851912210574,-5.305927924607667,-5.199309533418351,-5.410984964314154,-5.569645262404369,-5.164428646141084,-5.237884606887232,-5.488309024896309,-5.4923282264372295,-5.38685879670735,-5.400387938154143,-5.386829817144971,-5.388767356094894,-5.385734689940692
2016-08-19,-5.057434375520801,-5.352271865089802,-5.302943131634726,-5.118461774126421,-5.357612774563244,-5.48448343610517,-5.181500693656108,-5.131399013843769,-5.450610067777693,-5.387936187165375,-5.335429684443552,-5.347685085799275,-5.335805447169427,-5.336680757535718,-5.33481438461668
2016-08-22,-5.067674045561981,-5.117281602979789,-5.155899522807949,-4.8581644635573555,-5.12998242477638,-5.191755658067996,-5.03191314660965,-4.85181071962759,-5.201800196073828,-5.114970157112879,-5.104200260492845,-5.114045241379646,-5.104527760528166,-5.105386716975007,-5.1038948666513235
2016-08-23,-5.055948734100278,-5.398984283845065,-5.361367501566137,-5.181694146530403,-5.407418427793428,-5.466841926653709,-5.226042907744947,-5.186197871183698,-5.467796037755975,-5.431160979019092,-5.386448202828792,-5.395976991311908,-5.386998165973396,-5.388026745840173,-5.385466054642186
2016-08-24,-5.050161274338435,-5.258320133678532,-5.269542399224121,-5.028759477521066,-5.263717135981581,-5.3811499296229,-5.169857343799409,-5.017611340420023,-5.295736802684955,-5.358539972273487,-5.247125077973372,-5.255358535109721,-5.247284492518706,-5.247929863105154,-5.246864188939727
2016-08-25,-5.033128405224291,-5.2436550584765005,-5.194090998072178,-4.988854581425866,-5.248887165217304,-5.338426381305853,-5.062345266003467,-4.98716607668475,-5.289957436022274,-5.31402021214237,-5.224374268079569,-5.237914862858405,-5.224635357293558,-5.225457222228929,-5.223622713189307
2016-08-26,-5.084534982366304,-4.8802495287445975,-4.8931164079360565,-4.684438790495028,-4.883957082629855,-5.181815702454556,-4.839720773174988,-4.6981827608792015,-4.971494365954857,-5.009506668297882,-4.879187839676098,-4.8801480810566105,-4.8791568306678945,-4.879532767935066,-4.879272927953846
2016-08-29,-5.000279273318422,-5.27245406839559,-5.248165317594251,-5.043333839376281,-5.272470956688772,-5.467360065256924,-5.146226531877562,-5.045083617256681,-5.332331256182522,-5.438594213246379,-5.259469947017687,-5.267735399680882,-5.259791271475251,-5.260390405334247,-5.258980539438504
2016-08-30,-4.987818113303085,-5.176789416260311,-5.168920624644084,-4.94988629645997,-5.176229330910783,-5.343747347889182,-5.06166999196658,-4.945495946057002,-5.218907516601711,-5.281331036776135,-5.16592874652173,-5.175273367345689,-5.166260419547314,-5.166663175741886,-5.165381812580371
2016-08-31,-4.980682541165226,-5.140140670496916,-5.13051631919009,-4.903164329654593,-5.159053502676713,-5.363665110104854,-4.990149511241986,-4.903340925018692,-5.223080075742073,-5.170906392768083,-5.1320878391210885,-5.13961811551623,-5.132379100447419,-5.132833529511798,-5.1312968688585165
2016-09-01,-4.9655895844004,-4.97343994668875,-4.971520028908124,-4.735774839692916,-4.988118017254749,-5.129805008987334,-4.827026178120944,-4.7239078399418215,-5.0354884165236395,-5.01188716240274,-4.964728300769618,-4.972723792488484,-4.965094588111824,-4.965326024457432,-4.963996157712411
2016-09-02,-4.966993338348488,-5.21545290747809,-5.163798141008953,-5.020074786424208,-5.218526782742855,-5.455577028657368,-5.064920452258105,-5.044829794525573,-5.282523411600508,-5.333224547984989,-5.206613885916939,-5.215069510215324,-5.206902042774957,-5.207003129186889,-5.205931915143734
2016-09-06,-4.958874595196057,-5.216237527122375,-5.172306675013001,-5.019707571133028,-5.226080282339013,-5.381544134937475,-5.038653064701211,-5.045301465905249,-5.277537747321259,-5.335146792652721,-5.208545310003625,-5.215652087407555,-5.2086910030679565,-5.208516258813154,-5.207675337392202
2016-09-07,-4.922812306584521,-5.251098075674129,-5.205557653092531,-5.02811862326419,-5.275104458345839,-5.2595225087028235,-5.0368102293354315,-5.043488689052206,-5.314787140391809,-5.210891717054742,-5.23528778453556,-5.248750437663488,-5.236289011142495,-5.235067947735668,-5.234071250648992
2016-09-08,-4.935093122069907,-5.176413362600978,-5.176659226672315,-4.9095141838303125,-5.184054742604436,-5.213316631387151,-4.989578962960569,-4.891127325926777,-5.205113511571057,-5.136567180856365,-5.1587738915227686,-5.1715771164170246,-5.15937619371545,-5.158141315025025,-5.157778013914377
2016-09-09,-4.948031272942328,-4.965739307357966,-4.921203569038093,-4.7761624408170835,-4.971928628652512,-5.128209793817641,-4.797341037183524,-4.795578524820529,-5.032579969776858,-5.022151963488017,-4.955560959553251,-4.964279521791414,-4.955888794942385,-4.954524864918863,-4.9546661419544655
2016-09-12,-5.010302494903711,-4.809333439564165,-4.747223830125208,-4.635831206356383,-4.823642445037025,-4.936312801541489,-4.621816395858241,-4.6534060048723855,-4.887832397369749,-4.841974260919971,-4.797762254171005,-4.809072316070784,-4.798082796245732,-4.796685867082676,-4.796733965549111
2016-09-13,-5.128804747764385,-4.605474472845438,-4.60411840965857,-4.427285106657348,-4.613769791887254,-4.737757350148466,-4.519458507265329,-4.423811480760772,-4.675843313092293,-4.705308851363868,-4.597410766762142,-4.602436427259018,-4.5976802221563515,-4.597093229465515,-4.597015162631821
2016-09-14,-5.153784964846367,-4.736884511867768,-4.713823362999688,-4.511895901722403,-4.762026172865691,-4.7617517228727255,-4.540353922826048,-4.535018751919877,-4.78199531319459,-4.719426326117186,-4.723975410915373,-4.736007754921085,-4.724293505362329,-4.724460451956661,-4.722788206443412
2016-09-15,-5.182323425946781,-4.755334240800914,-4.769158747024323,-4.587409806857482,-4.7641425495802086,-4.886857474925242,-4.705971026577068,-4.565786899613218,-4.794225121209762,-4.8986924887553265,-4.749219014020623,-4.755076096061582,-4.749452698278505,-4.749992789723727,-4.749139582271717
2016-09-16,-5.2076390497140785,-4.851406931692681,-4.864101781536756,-4.708915375871478,-4.854624505828509,-5.034454129196052,-4.856688652762906,-4.69712070647729,-4.926591413937314,-5.015987297902859,-4.850529244578065,-4.850853998976408,-4.850434401846264,-4.851312022828458,-4.850682958702125
2016-09-19,-5.236797372214331,-4.8668777418791285,-4.910723179760785,-4.680817252394295,-4.88844330816757,-4.926259284361963,-4.856779871570382,-4.646095402382441,-4.946179928967714,-4.914289780556147,-4.863237194306324,-4.865914496506759,-4.863527282084356,-4.864248387146391,-4.863132271759837
2016-09-20,-5.197831432328466,-4.995445925538468,-5.0185210599198395,-4.835248050133308,-5.018646487495181,-5.154902345883898,-4.972535499946237,-4.823003856640704,-5.0750264963799125,-5.091759386492844,-4.9955394943825056,-4.997187331078658,-4.995841873157812,-4.996604825231422,-4.995432657483388
2016-09-21,-5.2460171113277605,-4.8627878637479585,-4.8808976931596035,-4.722357671926453,-4.864379650074874,-5.047811638367372,-4.839962004232743,-4.707738453027165,-4.925335497516783,-4.953934877274955,-4.85922567306414,-4.862621137694028,-4.859132292728613,-4.860130926132149,-4.859084236617684
2016-09-22,-5.266132378734824,-5.025060356330992,-5.044072091452183,-4.8774250339891285,-5.035180572189199,-5.187501810419847,-4.996471706305453,-4.869682604540718,-5.10794556678204,-5.191981247458141,-5.021760774368238,-5.025526684764738,-5.021656599174118,-5.022796039110946,-5.021703936993729
2016-09-23,-5.271304399015025,-5.097566577157043,-5.063917463777652,-4.8971809428769415,-5.114389101270371,-5.262938532781619,-4.908610794888203,-4.91356705343075,-5.124854785829252,-5.234648131285599,-5.086598233113086,-5.097699301464948,-5.087090809071505,-5.08968295810743,-5.085180050429752
2016-09-26,-5.257576201667761,-5.062200774540191,-5.054672368125606,-4.920124760588256,-5.08027919257366,-5.242636375811159,-4.981063774735436,-4.923664775029953,-5.116655961995027,-5.18488579202288,-5.0613105718724505,-5.0630178472706255,-5.061334183729472,-5.063422423112525,-5.060610344400901
2016-09-27,-5.260222918083118,-4.985967017854501,-5.01225232859496,-4.831602014302042,-4.991258533790092,-5.181152818766904,-4.984155138642851,-4.8249838764881385,-5.045705744799133,-5.14402302553668,-4.9858119549289395,-4.986510451114223,-4.985917004876588,-4.986611959739808,-4.985843901401162
2016-09-28,-5.174318595784557,-4.998155042062576,-4.9857193097533345,-4.738639563104544,-5.003929426355013,-5.008062788533079,-4.730267080955628,-4.740732142577627,-4.926896187284059,-5.043189392468436,-4.978677776421205,-4.995543961187883,-4.980111629422934,-4.984253696004303,-4.975899346160413
2016-09-29,-5.261832763501656,-4.778294442733827,-4.754053949558984,-4.60228435456501,-4.7912420315909925,-4.836367116835898,-4.628628714863935,-4.597747579313948,-4.774676811126662,-4.880894291358742,-4.769296685984312,-4.777764532782026,-4.769539294395244,-4.773333976852408,-4.767802331983537
2016-09-30,-5.214427484650673,-4.965332365657769,-4.930195090823422,-4.867473199388129,-4.9722747497955435,-5.226660565297211,-4.914833185761443,-4.864060689683434,-5.035849262326942,-5.124046704762667,-4.966808558392793,-4.967622666971363,-4.967007820090287,-4.968338111230526,-4.96638120147742
2016-10-03,-5.165068349531508,-4.969872452628064,-4.962946983168795,-4.851483036426641,-4.96980479317666,-5.230499267325192,-4.942620556143178,-4.840828968136634,-5.042857301686711,-5.08946022515982,-4.972703959922038,-4.972747178549277,-4.972650918422068,-4.974239243748412,-4.972409518686122
2016-10-04,-5.206005691978413,-4.813284784114456,-4.812013491446699,-4.719623260970881,-4.812662077096423,-5.087992816004145,-4.790198850421791,-4.715809335941516,-4.8766060693108235,-5.024180000446288,-4.816490983888943,-4.815754044142031,-4.816728686366434,-4.817985396427544,-4.816166385653591
2016-10-05,-5.1882648155867095,-5.063379922900193,-5.019854985613711,-4.952898415067031,-5.064447432753537,-5.496134451794943,-4.9869636288825605,-4.994414265681639,-5.181005563976885,-5.293464511097763,-5.066185827889407,-5.063887835221427,-5.066187670505794,-5.06801800789044,-5.065752404236647
2016-10-06,-5.191248100818108,-5.035653789628235,-5.015526513294839,-4.9180765000969835,-5.033018629159617,-5.3127785812958805,-4.989164069267202,-4.928928049436629,-5.086991771257407,-5.204513536395567,-5.034416986019759,-5.036109442183925,-5.034561462697078,-5.036366087439128,-5.033927936900183
2016-10-07,-5.194822216570335,-4.887611385905399,-4.901614242173,-4.789689963845646,-4.899943477741907,-5.121645915935007,-4.897560073359025,-4.78665822781105,-4.9705548032632905,-4.975802679554005,-4.892246479452092,-4.8887580516966125,-4.8922780452371395,-4.894001978692594,-4.892094537541468
2016-10-10,-4.974128042167584,-5.236124477603162,-5.210951422651746,-5.140450584119828,-5.216910375596773,-5.43676549132711,-5.216505201768199,-5.139184021022377,-5.267274607401527,-5.43760574503567,-5.2351239760304145,-5.235718515782241,-5.2351382721188315,-5.23642037376789,-5.234881214128352
2016-10-11,-4.859168827974168,-4.941111876084421,-4.9449914120186556,-4.865028132803203,-4.945212607330673,-5.148822644014773,-4.96753622119029,-4.870309538021535,-5.034043088325284,-5.085886602337376,-4.94341983889103,-4.940982764379992,-4.9432877138645,-4.943737554446609,-4.943687873195458
2016-10-12,-4.829722820053112,-5.00798988957713,-5.04528372798144,-4.906711335144114,-5.0126874532280645,-5.109944096987528,-5.044411155026175,-4.902134534739894,-5.067949915077154,-5.09065364062714,-5.01103043381003,-5.007815281944181,-5.010823285906415,-5.011801812505939,-5.010969191965744
2016-10-13,-4.83466844751055,-4.873170295019016,-4.853173354081557,-4.730198910190051,-4.901054252919198,-4.955652859087856,-4.768589672733196,-4.763879037907217,-4.943661557962972,-4.923842915918102,-4.867921240585658,-4.87268089557242,-4.868249359474066,-4.869907925316887,-4.866921946796948
2016-10-14,-4.8589166377345405,-4.916977485574432,-4.950381807231853,-4.807905966830892,-4.950966748750471,-5.059838010803028,-4.936017750909671,-4.813411868997262,-5.004393461997837,-4.9097828318018895,-4.920897481362318,-4.918016996254214,-4.9208520774517295,-4.921670314483673,-4.920764358158922
2016-10-17,-4.8729776483414975,-4.966467857524108,-5.02980551935444,-4.82629770295497,-5.01672745529828,-5.032709414248601,-5.017924382260389,-4.812229837818278,-5.030617890280587,-5.031942123403298,-4.964738326907039,-4.96509681245866,-4.9651572530800365,-4.965057277035222,-4.9648997822819725
2016-10-18,-4.875612632744984,-5.144892282130238,-5.108143200240557,-5.044040243968301,-5.1556261141603645,-5.310554198271462,-5.07024345214157,-5.070283688815213,-5.234010650269762,-5.306143232436992,-5.140214817364833,-5.142500908897565,-5.140269994134312,-5.141108150279381,-5.1396289034694655
2016-10-19,-4.8768846866672,-5.173673701355526,-5.085954097567733,-5.065746432633777,-5.217335081522057,-5.267647904673201,-4.96444358041672,-5.097911176113192,-5.191590598078932,-5.2492139672311335,-5.164077133976521,-5.17188527059268,-5.164435258392284,-5.165407433451532,-5.162419182022542
2016-10-20,-4.921409905468706,-4.91362958811726,-4.9134917271179335,-4.836456521733565,-4.913580456224062,-4.933605855572421,-4.887629857832858,-4.805776010618249,-4.952795367404019,-4.925334210104333,-4.9079109582287375,-4.913652749674753,-4.9081953421842295,-4.907704862948884,-4.907642816826391
2016-10-21,-4.92872137885188,-5.14695850568352,-5.087842180963785,-5.057681073817094,-5.161158405630009,-5.2263963508262785,-5.04208249612031,-5.074616776337316,-5.205990702864632,-5.183090901949443,-5.139878577115226,-5.146982996402549,-5.140258455611767,-5.139739972333234,-5.139328443950645
2016-10-24,-4.925865372789442,-5.272181666713316,-5.18934496478852,-5.131248006015088,-5.28005337070728,-5.420166737252884,-5.091280061517604,-5.133510066558616,-5.32001165640585,-5.366188620364998,-5.261826934490074,-5.270726273275811,-5.262328851335105,-5.261003598757513,-5.260505716133241
2016-10-25,-4.93523803379243,-5.2131332204388965,-5.095473410766938,-5.087929706673468,-5.253127097021351,-5.270894123054034,-4.947129601177918,-5.136635440223009,-5.281088861562413,-5.162736561525568,-5.200890327943564,-5.213262957946492,-5.200932512656531,-5.197686078072012,-5.199161677496158
2016-10-26,-4.953116249230824,-5.037592085017038,-4.915664499767859,-4.878233166182782,-5.0265865409876325,-5.0777097308336705,-4.736606310877329,-4.90892275694029,-5.002043551799234,-5.194766219483037,-5.023853572921637,-5.0372454306181025,-5.023967923888217,-5.018180565827098,-5.021683220181422
2016-10-27,-4.971473723672454,-5.074393619781934,-4.907848838802437,-5.011400211697119,-5.057183762524302,-5.255936874494897,-4.836561990077909,-5.0448703833935955,-5.134713905625184,-5.246854156035239,-5.066124425205303,-5.073155053166104,-5.0667597184094495,-5.062234463217293,-5.064874581520954
2016-10-28,-5.050001691958749,-4.780818632744205,-4.690820441173937,-4.720976250893449,-4.763415725758619,-4.932696836272717,-4.648586426165393,-4.760766262593225,-4.797941991304505,-4.893872683809868,-4.7751680969161265,-4.779461861941554,-4.775722027356352,-4.7724322739877,-4.77435817359637
2016-10-31,-5.025365974118697,-5.056625039781146,-4.9666607761446775,-4.904983693748329,-5.050828067902446,-5.230333338402558,-4.877504441777819,-4.925392732140549,-5.0963836837070176,-5.191810686811293,-5.045021359499248,-5.055406361868378,-5.0456846495317,-5.042866466308622,-5.043812545552853
2016-11-01,-5.073766625679968,-4.823222887993917,-4.747481213722084,-4.667131367410243,-4.838018046196456,-4.958685297861304,-4.62953440259031,-4.718564417548727,-4.8771249660754625,-4.885823657568857,-4.811890741174728,-4.821994171959876,-4.813175727849936,-4.80991106502298,-4.81092402980312
2016-11-02,-5.135598755137258,-4.796394460374569,-4.718513183689521,-4.639866759409482,-4.791156925391675,-4.9539889636926,-4.599974357261314,-4.662501083071311,-4.819367384891972,-4.909333211722065,-4.784431895901171,-4.79529792209794,-4.7849454599079895,-4.783841185462522,-4.783301824860118
2016-11-03,-5.158569386007227,-4.948508395280492,-4.841215412751372,-4.749754202316208,-4.93753266770533,-5.130908884685991,-4.700429146818154,-4.807635744774041,-5.03568969457738,-5.212407221019105,-4.934688768050511,-4.947408084336653,-4.934462974790979,-4.9349958912080565,-4.933644922446821
2016-11-04,-5.161936835797983,-4.983081485196149,-4.861968559246384,-4.808305983680311,-4.983252552702403,-5.075132909372899,-4.722158398594272,-4.858770710535195,-5.008624423844375,-5.030430395312953,-4.964046960130208,-4.97820709085895,-4.964123329293433,-4.965178304921938,-4.962874608157183
2016-11-07,-5.158368406365136,-5.034620391568317,-4.970023342336289,-4.904581551814933,-5.011647606211896,-5.235474973321269,-4.93764854728679,-4.908345109125204,-5.078148422195479,-5.187307626713209,-5.025056750220171,-5.031013756595401,-5.025464636131317,-5.025864958952667,-5.024625681678745
2016-11-08,-5.199492035212309,-4.916898297149686,-4.874782095678225,-4.774574992800271,-4.897332607171413,-5.141187738982428,-4.826071389793803,-4.796376437092401,-4.946921938017396,-5.01901309135225,-4.908163378585313,-4.913221535182084,-4.907881955694235,-4.908771698318279,-4.907713861601296
2016-11-09,-5.466049793791534,-4.574684023510116,-4.3389432604491,-4.561189395559309,-4.574869210357718,-4.728857751079875,-4.273637471576443,-4.665562483257366,-4.640140397703133,-4.6791203988205785,-4.55832497372069,-4.567107608695817,-4.559617922256823,-4.5593454952123755,-4.557382192510966
2016-11-10,-5.7326252205175,-4.55473672376686,-4.361761812498707,-4.549620573027984,-4.60062476652284,-4.8147965649003455,-4.330871480109058,-4.668422029953384,-4.699505423517428,-4.633574462241736,-4.55043630627579,-4.553411820621933,-4.550239585354322,-4.5520974209818315,-4.55010992189181
2016-11-11,-5.655439712474322,-4.707157895726946,-4.626659031708127,-4.601736837171358,-4.728479317542875,-4.9484673555692495,-4.586723989890756,-4.647477414587136,-4.801860979484709,-4.854218367303966,-4.7013709059552005,-4.704960941894864,-4.70161748438882,-4.702572732874868,-4.700899860033067
2016-11-14,-5.661127467406115,-4.734639672871786,-4.635343524318727,-4.691199526916704,-4.792342349001786,-5.064673801677918,-4.597532855271377,-4.782919636645342,-4.919158319253512,-4.96650617927337,-4.739011650562809,-4.7363642297794355,-4.739180381066487,-4.740258588324028,-4.738690773599544
2016-11-15,-5.643101594141472,-4.915924822220432,-4.766879283360813,-4.84499884327175,-4.940650311007772,-5.209423032236687,-4.65731670789247,-4.936131944967393,-5.030316315011537,-5.080468291106633,-4.910520767434183,-4.912740133587407,-4.910533236648907,-4.912847181984269,-4.909553827161935
2016-11-16,-5.638487164960008,-5.009454376450694,-4.909445465069667,-4.934470918835331,-4.999156296595975,-5.265937301339018,-4.7947216161766555,-4.995093052129361,-5.040043095726412,-5.133506837657377,-5.007069053025712,-5.009831956695127,-5.007312617144171,-5.009777447455086,-5.005887480404872
2016-11-17,-5.634525960997244,-5.17672392095338,-5.042647046272791,-5.129434402160043,-5.21420078453181,-5.4208968582278905,-4.917881690439935,-5.218156742885681,-5.224423017676976,-5.276724283248984,-5.172963427545535,-5.177908846302813,-5.173366376821369,-5.175672153748774,-5.171935621415466
2016-11-18,-5.64505776713988,-5.2187519803992934,-5.118064796628849,-5.121378083005229,-5.2398494261817135,-5.4883900869276845,-5.036082043946783,-5.199747280670654,-5.333146682093815,-5.470857553196925,-5.212961495897398,-5.216999325268128,-5.213190872091221,-5.215601998978196,-5.212286025893555
2016-11-21,-5.642060046851165,-5.34813385942393,-5.225794696383451,-5.275277397585128,-5.380565740333412,-5.662699097387188,-5.14013049295916,-5.348365592841193,-5.477581371072224,-5.56187464693055,-5.344260807867689,-5.345719481494756,-5.344378108262967,-5.347313177152936,-5.343429810069373
2016-11-22,-5.655269725343029,-5.329760034897937,-5.207260211404576,-5.222385366029096,-5.313938611600572,-5.637833025722573,-5.071929490390668,-5.257570084835211,-5.376084226628475,-5.504306613390148,-5.31972618212922,-5.327080187445123,-5.3201501585137665,-5.323503195436763,-5.318340471340865
2016-11-23,-5.670890210233862,-5.294184549372609,-5.208146031069769,-5.226347600915587,-5.30084682831961,-5.684821058032965,-5.155220986423597,-5.277585663927431,-5.408746790848634,-5.581784266776389,-5.29350050178055,-5.295041365788638,-5.293693378466422,-5.2959798646082215,-5.2929022268707095
2016-11-25,-5.632780853881094,-5.505572278513525,-5.387832918678814,-5.463737062654014,-5.515071138486392,-5.779864564241156,-5.30427992570214,-5.546855090809738,-5.590008191264712,-5.827681528629305,-5.501636483517971,-5.50357638202835,-5.501409558415421,-5.506291675864352,-5.500608293710131
2016-11-28,-5.639793762015124,-5.280506287531442,-5.200025659867876,-5.164111722285893,-5.333047039990703,-5.564143353212547,-5.106838970901178,-5.212438508344226,-5.4140437513028195,-5.443431778062792,-5.276510231663698,-5.281208094985931,-5.27650916291049,-5.280179108607588,-5.27549931963397
2016-11-29,-5.603856624187972,-5.290411470928167,-5.198159338374872,-5.1529668166471145,-5.282105464303114,-5.541335108522456,-5.053702679780878,-5.1765906358402285,-5.288627727518512,-5.416501601049867,-5.280528629887951,-5.290189458164372,-5.280815133648048,-5.28568982505435,-5.278770566311336
