date,actual,HAR,VF1,VF2,VF3,VF4,sVF1,sVF2,sVF3,sVF4,MC,MDC,TMC,DMSPE_0.9,DMSPE_1
2009-02-04,-2.448298226693621,-2.678368160740348,-2.5997092797283754,-2.646777402591491,-2.643407307846967,-2.688550440414334,-2.543686315391017,-2.5969133184987583,-2.598068740049139,-2.6857427101780607,-2.665211867503161,-2.677636315805505,-2.665855314962102,-2.6649802266912674,-2.665140582846763
2009-02-05,-2.443551833714746,-2.513440788686984,-2.407182710035921,-2.4627126208544516,-2.462778221542036,-2.519681260656932,-2.3339781530645354,-2.379916466025634,-2.4073515043319036,-2.5169697697726443,-2.4953884892573743,-2.512009666125679,-2.496028321348368,-2.495059787373534,-2.495270169863991
2009-02-06,-2.37827783001912,-2.757094664006132,-2.637504084862264,-2.711723168010017,-2.7071020467999936,-2.763867623478994,-2.547493954995836,-2.639832004165652,-2.6473393457566634,-2.7580042245627565,-2.7363417230767126,-2.753111954561548,-2.7368086398900062,-2.7360199215483676,-2.736237900330508
2009-02-09,-2.2745163225370097,-2.718057028813834,-2.6952109690380603,-2.6514699500760055,-2.6928012180404663,-2.722493687293614,-2.6518982658664756,-2.6081858031802563,-2.6487232905602975,-2.721940299153459,-2.7074091782456344,-2.717296497670022,-2.7077226636146885,-2.7072072769749225,-2.707338517903859
2009-02-10,-2.321357773686278,-2.3851326148159737,-2.2660081596654296,-2.3298999179405735,-2.358353144421969,-2.3924822033835085,-2.1843305156704256,-2.2519254963118787,-2.3103585678042076,-2.391737089165034,-2.3646144126463864,-2.3819537044883536,-2.365061272149438,-2.3643561725944924,-2.3645177032586906
2009-02-11,-2.34641831468229,-2.5409883837771536,-2.4782889675068542,-2.488047128628365,-2.523814223834012,-2.5524893167759024,-2.436582068206803,-2.4303150480196187,-2.488449950184044,-2.548587912426303,-2.5279227188489157,-2.5384627637118564,-2.528299658343128,-2.5277425211391638,-2.5278421802837183
2009-02-12,-2.2348639937942867,-2.4532186204771795,-2.376947390624742,-2.44378578173246,-2.4331427065558335,-2.4585956315985094,-2.334397568455587,-2.3971961248645686,-2.4048018821259696,-2.4557535641844326,-2.4424505307099413,-2.450998027711623,-2.4426663915246105,-2.442283082213244,-2.442390502288424
2009-02-13,-2.2038665187253823,-2.4983266535848982,-2.4951274665671477,-2.458813173566684,-2.465903880757553,-2.498673566224715,-2.4795740572022047,-2.4245734564251276,-2.4336514726002516,-2.4973535248312198,-2.49282881330287,-2.4978588637277457,-2.4927870597993,-2.4926669948934137,-2.492768847059638
2009-02-17,-2.182148781770061,-2.3582126030968658,-2.3161252644681434,-2.370948685509551,-2.338142995868904,-2.354582804471739,-2.2894172040057703,-2.3454409028553633,-2.312236610505238,-2.3490598200294364,-2.352223971570764,-2.357375015279872,-2.35246640911798,-2.352073144447636,-2.352166503627271
2009-02-18,-2.1028442906026763,-2.361171735491607,-2.3207769441859485,-2.324945582519338,-2.3251683197580375,-2.369574061617947,-2.2704231286864545,-2.2707487075670945,-2.2752541049836696,-2.367979321634629,-2.350303664183728,-2.360557422767864,-2.3505905664546685,-2.3501123831190216,-2.3502238664569792
2009-02-19,-2.0488868362478114,-2.540479050101517,-2.4628229258656824,-2.4787344298712926,-2.512611323970513,-2.5474244713920258,-2.4039909215457453,-2.4109819010235443,-2.469828783113207,-2.5478946874476023,-2.5250956335861887,-2.5389457170431493,-2.52572564927892,-2.5248165356749097,-2.5250159151927365
2009-02-20,-2.0263003318559925,-2.238447097857587,-2.203959914465678,-2.158870594790854,-2.2121289625042726,-2.235691528348253,-2.152330609372102,-2.1016051440217596,-2.1623674343315957,-2.2328054116010905,-2.2253784404369155,-2.238203542288983,-2.2259108758659765,-2.2250278082440356,-2.2252930505526116
2009-02-23,-2.001081798193673,-2.3698667682818724,-2.3370895033041528,-2.2754777843364513,-2.334876658341621,-2.37489623203134,-2.2755478607778827,-2.215928874110692,-2.2815284955663,-2.376307368324017,-2.3555677937132917,-2.369408157924956,-2.356305523982971,-2.3553441821594108,-2.3554858882096927
2009-02-24,-1.9665210849188843,-2.2989055872865776,-2.2232242859252587,-2.240702578028347,-2.270829090051511,-2.30054929388019,-2.1553422391763557,-2.1849051419917687,-2.2236043666430594,-2.2992655664079424,-2.282981392080984,-2.298071419211917,-2.283251309554144,-2.2827810977714815,-2.2829043242944325
2009-02-25,-2.0722221122685256,-2.182679817023156,-2.1211553540633417,-2.106208871489868,-2.1395751076261904,-2.1848420230279992,-2.0422564777826997,-2.047293781477872,-2.080090885088045,-2.1798931701133974,-2.165145462558964,-2.1815775691548653,-2.165594807249524,-2.164838741389441,-2.165046356629987
2009-02-26,-2.0220760733467875,-2.301743022611776,-2.2057330559489983,-2.2509758689316435,-2.2623226296629073,-2.3072635517621007,-2.1228968704167097,-2.1856684494885505,-2.2006094570161587,-2.3059796135496273,-2.284262662092553,-2.299635056450549,-2.284932937029611,-2.2840402103700517,-2.2841876372996555
2009-02-27,-1.9660389695578513,-2.123824593858069,-2.075032388980932,-2.0838807963359844,-2.1056113199502176,-2.1178788252625513,-2.0275521150994056,-2.0521385516120754,-2.0667146685835394,-2.1163622714909827,-2.1140986400814925,-2.1229450044885416,-2.1145708190279047,-2.113942573671828,-2.1140439718994384
2009-03-02,-1.9001684410163975,-2.230850332978195,-2.2176560244818786,-2.199907744255668,-2.2117154040363785,-2.2322484406039558,-2.171336225025539,-2.170460611903448,-2.1666796284454084,-2.2330032643090534,-2.2230845620225232,-2.230929181794555,-2.2235593928938933,-2.2229237051479953,-2.2230434566308226
2009-03-03,-1.9538067419597036,-2.133233628220977,-2.0460850168686635,-2.105479124681536,-2.1073550383207125,-2.128155825175034,-1.9717249532914172,-2.056923393669933,-2.057686218640165,-2.1248941965101533,-2.1179909602019267,-2.1318795139721614,-2.118505089076586,-2.1177603515177457,-2.1179165964921323
2009-03-04,-1.9237241293765484,-2.302350987831959,-2.2204920856349055,-2.235018764978383,-2.2664943466999588,-2.3006450258749553,-2.138192158965356,-2.172573136215239,-2.2158664928167977,-2.300293239068994,-2.2837331231027465,-2.3008068784166915,-2.2845576688514275,-2.2834561225871264,-2.283627017894513
2009-03-05,-1.9957957304381877,-2.176299438235189,-2.128534222523665,-2.1401067783065266,-2.1588562237783018,-2.177079799680294,-2.077796125951678,-2.102077494442645,-2.120500404607254,-2.17590301053624,-2.164459303549213,-2.1753629302577595,-2.164913455933187,-2.1643009029220313,-2.164400385071389
2009-03-06,-2.2042018905232004,-2.0026666193981164,-1.9155889022675892,-1.9792326172707868,-1.9949835904261228,-1.9904748433441155,-1.8491584752378352,-1.926314122283362,-1.9580204720708183,-1.9854604775163014,-1.9878744129785264,-2.0005859852537142,-1.9881473672744523,-1.9876632371311627,-1.9878083587270972
2009-03-09,-2.3874435693442084,-2.0457319899697106,-1.9969017769233584,-2.008989221476061,-2.0278646671822944,-2.0445969683548677,-1.9427338203878768,-1.9604700045920846,-1.9906823512276586,-2.0448555914411206,-2.0335274068748728,-2.044474209382908,-2.033901266269373,-2.033342535187094,-2.03345627109471
2009-03-10,-2.4588370419549324,-2.1875045980079166,-2.1259945385600703,-2.1457202806665157,-2.159729998922172,-2.1862644168697103,-2.080167764683185,-2.1033407456170603,-2.119746613651348,-2.182395884917896,-2.174890196254177,-2.185698779816561,-2.1752550593777857,-2.1746551893216024,-2.174830622817268
2009-03-11,-2.3181968168470974,-2.147140052999442,-2.0734036244273293,-2.0964424686655123,-2.1174570982293677,-2.143158376194721,-2.0087647437542624,-2.050944669999061,-2.0673515976620194,-2.1413459807450304,-2.1317271189499905,-2.145800341140212,-2.132088112572601,-2.131464622116209,-2.1316302741034185
2009-03-12,-2.28516224995546,-2.278306215503471,-2.2027976155660913,-2.220494151565453,-2.2681509376770275,-2.2800350566550196,-2.1299763898308193,-2.1640156916897344,-2.2270307439803734,-2.2808629994906324,-2.2624506680002394,-2.277207505658152,-2.2627057491916296,-2.2622410597875096,-2.2623693146024784
2009-03-13,-2.2983368268731317,-2.360719399274479,-2.3105093430308146,-2.2819077988879313,-2.326618236334989,-2.360722110365669,-2.2523710688231753,-2.2246842556012103,-2.2910908627148987,-2.358041352476739,-2.3454221150879437,-2.35916962759757,-2.3456935814725357,-2.3451374646867595,-2.3453442870632157
2009-03-16,-2.3021272490643794,-2.5054084485717647,-2.4299225601791354,-2.4364101554058553,-2.4822415309433836,-2.5014953970832132,-2.3434924632974483,-2.364692124119969,-2.4413774659663443,-2.5004030423766177,-2.48511642295582,-2.5029776906088923,-2.4862473201177093,-2.4847531565129364,-2.4850221047726953
2009-03-17,-2.3111062814012207,-2.511746312983838,-2.440323429396513,-2.4450003261222326,-2.4893749717624463,-2.512052066354846,-2.3655445480860497,-2.3773472612912205,-2.4507974766215783,-2.5093714224298873,-2.4937968515342472,-2.509931437508418,-2.494227781365116,-2.4935621869252294,-2.4937074938811508
2009-03-18,-2.4413787911422444,-2.1903777737768886,-2.1012863042200816,-2.1324712679983437,-2.1813204532179684,-2.17710564041681,-2.032972112513574,-2.076738776751172,-2.1538593598911904,-2.171864990405031,-2.172685183615102,-2.186784859501336,-2.1731060319328805,-2.1724324686876617,-2.172606840903396
2009-03-19,-2.432098551710507,-2.352238806818466,-2.2830540514941773,-2.2464542990724428,-2.3112732048245643,-2.346303475577877,-2.188904788200788,-2.17684711435115,-2.2578112200989144,-2.345395161856835,-2.330350404056899,-2.350031950927153,-2.331144524340197,-2.330031137872821,-2.3302334869588455
2009-03-20,-2.466979339897548,-2.423736015945901,-2.4157124984379506,-2.368366430787991,-2.4010083887287528,-2.416681955094109,-2.3743847164360066,-2.315826660181917,-2.3632140280959657,-2.4127254389194657,-2.4138427441253016,-2.423483884273094,-2.4143384517268096,-2.4135826407296763,-2.4137704854084285
2009-03-23,-2.468584912816003,-2.474219224343888,-2.4526824270887366,-2.4296331889285976,-2.454755830013391,-2.4653909349088323,-2.423575665075912,-2.4077436590031853,-2.4361655037181285,-2.462028999078813,-2.466981679211017,-2.474097654476662,-2.4671685207247958,-2.4668009371745763,-2.4669298864232485
2009-03-24,-2.4742741495096108,-2.4687068416600986,-2.4569065711037754,-2.363964426160789,-2.441515228505421,-2.464083975429137,-2.397000476860024,-2.3129024048360627,-2.4137986032665526,-2.4595258966501956,-2.4560571584872,-2.468560087812119,-2.456499664119637,-2.455791443069175,-2.4559735698797605
2009-03-25,-2.5630839300438932,-2.372248291978189,-2.317013167448927,-2.3068110718963197,-2.350973656576078,-2.3691996227962018,-2.2610270475809595,-2.258524834210911,-2.3238865283325714,-2.3665734180072477,-2.3593871853308857,-2.3708753680469097,-2.3596014110777817,-2.3591255817667034,-2.3593135563420002
2009-03-26,-2.6732648475388974,-2.4167750341636114,-2.35943236571657,-2.393917198718004,-2.4155247936641118,-2.409911630090808,-2.3256613545317992,-2.3665054033140778,-2.3974753635384314,-2.4068398687815167,-2.408548360144533,-2.4154141224299703,-2.4085939733393325,-2.4083733459148324,-2.4084833424247654
2009-03-27,-2.6987537356479128,-2.57644517104558,-2.607837475906918,-2.539119338869824,-2.5490474457618615,-2.573488005826189,-2.6093719445745687,-2.5243545721401133,-2.53113132294178,-2.5740830164446025,-2.576597107962135,-2.5776063563056013,-2.5768463005508093,-2.5765455198680773,-2.576587059633905
2009-03-30,-2.722425971867786,-2.571347557438078,-2.5480740979241157,-2.559652094956276,-2.5574169569624567,-2.5612397214355576,-2.5332448175251225,-2.55557582351416,-2.544993210519875,-2.56125658713396,-2.567769376867719,-2.57135178099982,-2.568010829442298,-2.567756539361301,-2.567753776269375
2009-03-31,-2.781186176612024,-2.5737420577692545,-2.558481188416321,-2.517319527454662,-2.558269203446521,-2.567473187934635,-2.5337012297669177,-2.4936417727244655,-2.539440888945305,-2.568708486877178,-2.567546695492128,-2.573684876321586,-2.5677906362036484,-2.5675021539984364,-2.5675085902724524
2009-04-01,-2.8816736074463765,-2.5567298067414,-2.5168208828796357,-2.519950223006088,-2.5556223181194,-2.5584983045380336,-2.4844566060187234,-2.489877609587825,-2.531645444287503,-2.557967224895008,-2.547670269329774,-2.555584133600334,-2.547881760526556,-2.5475442988546435,-2.5476190740455875
2009-04-02,-2.9868989854214467,-2.7019867377718456,-2.659275224671138,-2.660047870473047,-2.6685139858031044,-2.693561820148844,-2.631743722325302,-2.633226360231039,-2.6375785565735574,-2.69129714638366,-2.694168230002489,-2.700902943305199,-2.694266062965183,-2.693978743983103,-2.694118441093898
2009-04-03,-3.0716488831930544,-2.750749573428623,-2.7033450074732315,-2.7371735992559407,-2.7412576637021786,-2.74586544547101,-2.678182322463595,-2.7032214816866174,-2.7240064408233935,-2.74121382527844,-2.7424085083624394,-2.74964167622416,-2.742618056278517,-2.7422948812208623,-2.742360490772927
2009-04-06,-3.11156076309237,-2.7553881657206656,-2.7370618216098013,-2.7365104382866043,-2.7329555364528204,-2.748161722961951,-2.705909227774522,-2.7205771450424923,-2.7177248518203605,-2.7453036733527085,-2.748753396763119,-2.755240804611488,-2.749444218703625,-2.748623725537507,-2.748718076344934
2009-04-07,-3.132235594568485,-2.8446479698690075,-2.870336851994324,-2.801571348739615,-2.825463270214455,-2.836092123272656,-2.8674555143417013,-2.7910713837142738,-2.8065928156794446,-2.8345148452659887,-2.842692456065279,-2.8453986978032364,-2.842874674163093,-2.8425342286759507,-2.8426702869411975
2009-04-08,-3.1959909826850947,-2.874776318432409,-2.8901796821377026,-2.81978371579586,-2.860250267479582,-2.8758037948704214,-2.882093763098681,-2.8032854434336993,-2.846855953386609,-2.876604978736768,-2.8709028667467478,-2.8756908017720986,-2.8710571696582345,-2.870836262560159,-2.8708808366549503
2009-04-09,-3.18924301478462,-3.0665187415524344,-3.013594612176107,-2.9796689688812616,-3.0172724846591517,-3.065211886348429,-2.9601084907476665,-2.9225034154318976,-2.9813928656035222,-3.0628478831743498,-3.052824659382317,-3.065271639173437,-3.0530449096707386,-3.0525650141295593,-3.052736435420732
2009-04-13,-3.188164069220669,-3.1089132998387194,-3.0550434567100426,-2.9533249410255857,-3.069632206333102,-3.101296686003684,-2.973670628093517,-2.869462647539452,-3.030091656307268,-3.1008389173487885,-3.087011067796696,-3.1075377031628992,-3.087522570803501,-3.0867115560510303,-3.0868974017567816
2009-04-14,-3.1536530667311804,-3.0328462000386014,-2.962929528466324,-2.9018840512107924,-2.995017964293665,-3.039240146344844,-2.8940688043232865,-2.82236453219783,-2.950655189131928,-3.0348614093625774,-3.0133623433659715,-3.0307608427180144,-3.013951560401434,-3.0130815189198605,-3.0132608688250726
2009-04-15,-3.0213970738106366,-3.0726403515145937,-3.04194190953751,-2.949403210761188,-3.038935193187825,-3.072597479701431,-2.98869686535451,-2.8932653685021013,-3.0112495508010904,-3.0719004123635325,-3.058163933672008,-3.071670059756724,-3.058470362072376,-3.0579072337457402,-3.0580680550859523
2009-04-16,-2.947843471545215,-3.130883376995372,-3.049724062817294,-3.0209508937811584,-3.103837212025469,-3.1282389238499944,-2.980758326247973,-2.9477475496939216,-3.0772603018627667,-3.126767907875375,-3.1132394881899828,-3.1294310123407314,-3.1138976189575964,-3.1129632212979343,-3.113137391884737
2009-04-17,-2.857834696496642,-3.1753481791354603,-3.1295400096687955,-3.0191924633408718,-3.1286755676725435,-3.1691372587080053,-3.0560558791462453,-2.952894281607139,-3.0916484046966946,-3.1699827505216738,-3.157526209983948,-3.1748200991351467,-3.1580438006350016,-3.1572641199660936,-3.157428370032112
2009-04-20,-2.789822420859815,-3.1983928250834954,-3.1059123611724275,-3.086530770982368,-3.1452417233493506,-3.199092539236722,-3.0325732819949525,-3.010475191465283,-3.111133531717184,-3.1956847809349394,-3.1774042632972788,-3.196200940866758,-3.17769572433542,-3.1770975093233695,-3.1773033069868433
2009-04-21,-2.8675296284663623,-3.0523506852236584,-2.9046939333699826,-2.8754620814808143,-2.9894303330853003,-3.0504004692888875,-2.7799961174315304,-2.757920778439198,-2.940731200313095,-3.0484379634633205,-3.0195783739228093,-3.049598893665744,-3.0203637882872885,-3.0191145620967497,-3.0194112478395585
2009-04-22,-2.9851911459564233,-2.9099218456386704,-2.794005665466825,-2.7604813351450064,-2.8656339197158114,-2.9134423879156297,-2.710858068495542,-2.6792808942416184,-2.834828316751298,-2.9103355618195885,-2.885619548821116,-2.9048231083073306,-2.885990540529608,-2.8853086460407127,-2.8855032587629914
2009-04-23,-3.008743837898877,-2.9452681301065198,-2.807744771427234,-2.8778824706304955,-2.897237639206461,-2.9531684488029635,-2.7384203161085745,-2.819670161281032,-2.873696813084203,-2.948624602969803,-2.927131658580956,-2.941611377642017,-2.927525923737436,-2.926983472061896,-2.927049927816295
2009-04-24,-3.078955047125549,-2.905395041018922,-2.87243731982163,-2.8013242360074617,-2.8609984983024983,-2.908914462009406,-2.827222539169116,-2.759788479335025,-2.841177032188614,-2.90627601781389,-2.894206047809385,-2.9045538609580683,-2.894636097635111,-2.8939836464648043,-2.894135091020738
2009-04-27,-3.134613259027148,-2.9110786779087103,-2.8580020350686173,-2.840910692372346,-2.8803979389001046,-2.908949545334881,-2.8263589638686355,-2.800931029417665,-2.8636902275524547,-2.906967792218874,-2.9009072370441285,-2.909577250819484,-2.9010352776115567,-2.9007590719207554,-2.9008424912797173
2009-04-28,-3.1277503919642355,-3.103074329214652,-2.9988823658880697,-3.0012661552352404,-3.0677950829358944,-3.1047597048036053,-2.943491251687912,-2.951686403768904,-3.0546873601692224,-3.102392243947886,-3.08739332730295,-3.100270424034993,-3.087540281541606,-3.087234759382979,-3.0873114211938795
2009-04-29,-3.0798565216528964,-3.0810712875027457,-3.027665969001457,-3.011428847764168,-3.0519597805890717,-3.0791265277863835,-2.9929330795062254,-2.9952226159544124,-3.040198898414637,-3.079444992689456,-3.071658298991777,-3.0800075607072595,-3.0718808026612665,-3.071554629185019,-3.071605498132283
2009-04-30,-3.039721836112925,-3.033834239360008,-2.9139329564847927,-3.007932525766189,-3.013034051268462,-3.0320341355721254,-2.878366145743579,-2.9754470593000146,-3.004793044819901,-3.032250832162249,-3.0204748005729005,-3.0307101210029868,-3.020583928357605,-3.020326843724436,-3.0204085717582143
2009-05-01,-3.018784381150863,-3.131799363834183,-3.0832850588803256,-3.057424694113007,-3.1131470348822634,-3.1279601974680653,-3.048007885477182,-3.03748606243523,-3.1026780005952195,-3.1293479162418847,-3.123880350332522,-3.1316482480399617,-3.1239737190243613,-3.1237238453282217,-3.1238314135059744
2009-05-04,-3.0480529127166864,-3.168614490500464,-3.102240385168875,-3.049080398787811,-3.1379857690241177,-3.1666436029401117,-3.0519052011421968,-2.9982487225135785,-3.1287251129570093,-3.1667262102076577,-3.1547556088404907,-3.1664744990375078,-3.154948708160155,-3.154467975343532,-3.154683320035018
2009-05-05,-3.000218619241933,-3.2296011862260525,-3.1195932746073898,-3.086979781394488,-3.195915685068769,-3.2261065692100965,-3.0520275602725633,-3.0230816253937265,-3.1843676717056395,-3.2277947168531416,-3.209279667283244,-3.2259466327784443,-3.209472552103077,-3.2089731620251594,-3.2091785927145864
2009-05-06,-3.0700589245083902,-3.0798323320592758,-2.9846493870512654,-2.923293625116521,-3.044204760282006,-3.0775738076496277,-2.917045657559473,-2.848202407035979,-3.0354549318369073,-3.0783840409734458,-3.0601678170787627,-3.077668589802244,-3.0605644739254605,-3.059791746630045,-3.0600729620777196
2009-05-07,-3.173118458470887,-3.017848497586533,-2.8549885824218295,-2.8795905234034445,-2.9855500657916174,-3.022498871513025,-2.7590988848724898,-2.7974859374162775,-2.978930644471931,-3.018596326934609,-2.9900804598479223,-3.0121714572633667,-2.9905781702745555,-2.9897325895119296,-2.98996818698661
2009-05-08,-3.230018974769447,-3.086314250807756,-2.9726594175711436,-2.9707604083146406,-3.053750089492681,-3.0861298512877777,-2.9141023314030265,-2.893863966248678,-3.050590396696201,-3.0846462153313134,-3.065963587397193,-3.0828566112761155,-3.0667951337432666,-3.0656717993494262,-3.065861425475611
2009-05-11,-3.2776739654261218,-3.191867773875053,-3.1217474703529904,-3.1041558145410444,-3.1657345370545054,-3.194569349755069,-3.077911560348297,-3.0525774180022016,-3.164368156216059,-3.1923555193599444,-3.1795582923199266,-3.189854450270576,-3.1797127744001004,-3.1793695539101794,-3.179499548010126
2009-05-12,-3.372752286553237,-3.09275571775761,-3.023215195586981,-2.925739031727488,-3.0625988625851823,-3.1023188992155926,-2.9649953163968283,-2.8625220218527216,-3.061794118129285,-3.0953208354641104,-3.0753913022280104,-3.0900535775601234,-3.0755838307449124,-3.075177861303751,-3.075299038003075
2009-05-13,-3.368438909026519,-3.1835718455708646,-3.0830304516448948,-3.065112259681562,-3.166980447873399,-3.188611766840223,-3.0315786847687667,-3.011781664226639,-3.167108797418888,-3.184849378409384,-3.1656484910327296,-3.178701921048817,-3.165907679284349,-3.1654397317695135,-3.165573049824678
2009-05-14,-3.4006767889022074,-3.209726024664186,-3.1152584503243976,-3.0686713611696996,-3.1865379324411824,-3.2087359274167153,-3.0602019612276354,-3.014077678104586,-3.191713465388645,-3.2095102985158834,-3.1922393031202607,-3.2064076259421386,-3.192547517979275,-3.1920349562069563,-3.1921655486544687
2009-05-15,-3.424750672352607,-3.2636587009971234,-3.207220609602992,-3.134706055682933,-3.24595530365541,-3.26377843019536,-3.168112387044222,-3.1017789534563818,-3.2515469986638124,-3.2634856784817496,-3.250751871776697,-3.2607265038724838,-3.2509376683956326,-3.250579652482555,-3.2506929379251686
2009-05-18,-3.3018750560340773,-3.383627992881482,-3.378082432185969,-3.288029366178594,-3.36550607817696,-3.382073097486536,-3.368661332697868,-3.267071132747914,-3.3716427813287915,-3.3833123847705386,-3.3785803127475043,-3.3830937359938105,-3.378626934007336,-3.378429129966372,-3.37855275587696
2009-05-19,-3.132408400866526,-3.3959500534649645,-3.2763816200262985,-3.246586782199655,-3.3754620595685156,-3.4023752705162655,-3.208237697205633,-3.1727533669608396,-3.381683858199991,-3.396955914559615,-3.373451530906786,-3.3906228464805617,-3.373562611919635,-3.3731939575694767,-3.3733519829608776
2009-05-20,-2.9884538710130606,-3.3143295569729743,-3.2192668096924444,-3.19896713758408,-3.294259289273018,-3.3199890004395067,-3.1702479601045965,-3.153738191134279,-3.300309661430312,-3.316548481875333,-3.2981896258114296,-3.309406461710909,-3.298480549621515,-3.2980327793336515,-3.2981269144435688
2009-05-21,-2.907493738934091,-3.3586795627526627,-3.3171399031532993,-3.255387486675648,-3.33814043260258,-3.3671019684149557,-3.2936309843805898,-3.2176656764996583,-3.341993135114933,-3.362141718865789,-3.3495047017904422,-3.358181101579238,-3.349656382771938,-3.349322920082078,-3.3494455327299044
2009-05-22,-2.9549089983768884,-3.3957921383073946,-3.3592932373592617,-3.3258061669732717,-3.382246540434257,-3.3945000287241864,-3.3525623164846503,-3.3033128807908634,-3.3834462492812283,-3.395557991483443,-3.3909788910651537,-3.394638023965954,-3.3911951922631296,-3.3909382853836987,-3.3909485760547997
2009-05-26,-3.0194507634327925,-3.2360303930436305,-3.2341826440460446,-3.171092922939914,-3.2238725942902775,-3.236448761320602,-3.233201718462421,-3.1545061085192687,-3.224037132305631,-3.236470882575355,-3.233425510294622,-3.2357378219588377,-3.2336042055103573,-3.233365238890639,-3.2334056782828964
2009-05-27,-3.196111082237209,-3.0788435124422007,-3.1125425840932675,-3.0153514503917256,-3.0680535946138026,-3.0861568987678933,-3.1329697783176735,-3.012326445032326,-3.0699485226316066,-3.0831594842814822,-3.080654197683887,-3.079271768432685,-3.080590477569086,-3.0806875267192533,-3.0806620422037314
2009-05-28,-3.500608735986095,-2.974750526600656,-2.974596402686233,-2.9061552941390376,-2.9630290286324197,-2.967692475349547,-2.9715842977052596,-2.8977978489706375,-2.963551086559866,-2.969513052627151,-2.972593028583008,-2.974242294778662,-2.972774090329422,-2.972486252278964,-2.9725822023056714
2009-05-29,-3.5836014653999597,-3.00716799376122,-3.048928245729305,-2.990890371783717,-2.995354729503417,-3.0009488355809326,-3.077778351619859,-3.0029247038393145,-2.996313158931023,-3.003853957694135,-3.013799474485376,-3.0088212954927984,-3.0136671613463117,-3.0137691148843255,-3.013814471763997
2009-06-01,-3.4551663461013598,-3.3291288538828216,-3.2726938709274283,-3.212031815670061,-3.3091805017898563,-3.3336818216811324,-3.2386317500967885,-3.168154749723623,-3.3122613153097853,-3.3330326212372223,-3.315617342098628,-3.32600185362264,-3.3158773197899327,-3.3154516658245052,-3.3155549907873603
2009-06-02,-3.516850624380058,-3.2353376958644264,-3.2105228155522476,-3.1667638626067047,-3.2133017461673816,-3.234920911257786,-3.196834532737903,-3.1399456367251157,-3.2179904272085484,-3.2347786005144425,-3.2304938011093607,-3.2352899135839843,-3.231018215638126,-3.230407763244212,-3.2304613302071177
2009-06-03,-3.457324452661067,-3.396953272960913,-3.3949430786669317,-3.3267159345209176,-3.3907666548789357,-3.39957321167335,-3.3856099804706283,-3.309420096673634,-3.3911025914553723,-3.4011219133725143,-3.392648063255057,-3.396741990484741,-3.3928416202223133,-3.3926473914109234,-3.3926497401258704
2009-06-04,-3.3890145353530348,-3.6064191422283023,-3.564145904813615,-3.5192016966359962,-3.590334985297497,-3.608702148823351,-3.5437501253013495,-3.487751346671287,-3.592118341004186,-3.609315578475982,-3.5988759299609407,-3.605927778763785,-3.5990324356307086,-3.5987518997335712,-3.5988274323314444
2009-06-05,-3.5613437210185137,-3.3859207014048534,-3.3447244644280234,-3.3171489278692814,-3.3791239727116333,-3.393184557413904,-3.3320260880758044,-3.289750814906795,-3.3795687794245204,-3.3914381315112223,-3.3775897073750243,-3.383645073443687,-3.377727245350006,-3.37760712420285,-3.3775783206630132
2009-06-08,-3.683714519297213,-3.3689782310418237,-3.428038948122503,-3.2957896604301244,-3.3571517666838893,-3.370078754776165,-3.4528384622977533,-3.2879872539379913,-3.358344106456127,-3.373864208211739,-3.372699672970324,-3.370351061120055,-3.3727835788244924,-3.37272054179988,-3.3727044606942154
2009-06-09,-3.645157909118077,-3.57230020633208,-3.642917480482199,-3.504238033210705,-3.5601165588157735,-3.5737270760648823,-3.659302640762075,-3.5080957473537855,-3.561746311065209,-3.5759049316667686,-3.5755085711460057,-3.574457845020599,-3.575524585697241,-3.575521073394151,-3.5755082696162823
2009-06-10,-3.6342599977786656,-3.435636000143216,-3.438795591273215,-3.388292172142801,-3.4267270952589195,-3.4457063190999624,-3.4512185693053685,-3.3803233086409095,-3.429367351627141,-3.445799042858308,-3.4344942750879506,-3.435162739740496,-3.43447104858349,-3.4345276711986905,-3.4344910489118616
2009-06-11,-3.665174424773506,-3.4387799421806817,-3.4649926122316344,-3.372508526406713,-3.4263413041794433,-3.43372555160289,-3.467565907107418,-3.3560912908117455,-3.429925200932874,-3.433951055782469,-3.437703426816252,-3.438636769248549,-3.4380647916762674,-3.4375677195059553,-3.437684498331456
2009-06-12,-3.6704522907777886,-3.668793621378831,-3.643881930590683,-3.6318779513782298,-3.656529609615092,-3.6620647790806085,-3.6510558574403538,-3.6064022064305377,-3.6599576994029914,-3.662350338648603,-3.666355175017899,-3.6685282477780015,-3.666455726703013,-3.6662523828054985,-3.6663426665737076
2009-06-15,-3.6491754272945003,-3.648258831648203,-3.668228951156491,-3.583405585029154,-3.6354712497489245,-3.6521486908271226,-3.6722644170500494,-3.568801005380494,-3.6391326308457788,-3.653162145391103,-3.646578945683765,-3.648896049086206,-3.64651765970249,-3.646505242361614,-3.646569722459801
2009-06-16,-3.634368475179912,-3.589519438040643,-3.5920628076349272,-3.489792717856544,-3.576278172481415,-3.5953391288957834,-3.591727109946497,-3.468828250606639,-3.5804309514267305,-3.5977002555176907,-3.584970616029016,-3.5893422086342577,-3.5850264156142684,-3.5848751432496133,-3.5849375903704965
2009-06-17,-3.621446137872376,-3.5161013611716885,-3.4166966724882792,-3.408922977366462,-3.5022309842488366,-3.531097988863982,-3.372227842062312,-3.3739633664780144,-3.506796921615048,-3.5361386257732006,-3.5014332806869257,-3.512721106738578,-3.501476284721944,-3.501276441070912,-3.501359392678619
2009-06-18,-3.5408170792834768,-3.614163439326011,-3.592481878359482,-3.5061934843176066,-3.6066945176077416,-3.631429460266137,-3.576311238724417,-3.483007624397842,-3.609658494382568,-3.645026303538306,-3.606428968917234,-3.6133438084391,-3.6066180733685926,-3.6063705882215418,-3.6063899763792384
2009-06-19,-3.5356674580394305,-3.738985171873349,-3.7724502993731557,-3.6443378657228176,-3.7286353965289205,-3.754548332937014,-3.7843152927211805,-3.636118190722931,-3.7328412619150697,-3.787263129972,-3.7378401889436175,-3.7393660449634254,-3.7379066733031183,-3.737817021497479,-3.73782267870645
2009-06-22,-3.6088102430482256,-3.613909361523557,-3.615260762341317,-3.5133227024735487,-3.608948514942166,-3.6278793538805187,-3.6059595998369196,-3.492464934138528,-3.611109508022694,-3.668025683117164,-3.607750765703943,-3.61269672772386,-3.607768709228176,-3.607609281366034,-3.607709850240815
2009-06-23,-3.6526135952254197,-3.575648692291721,-3.5102823519535433,-3.4361721263937097,-3.565211372587578,-3.5920235735497625,-3.4621496693240896,-3.389134526095608,-3.5714740389633395,-3.6336098442020948,-3.5594388235522905,-3.5720205708406763,-3.559800978168933,-3.5592509791247577,-3.5593626579873154
2009-06-24,-3.82852511929813,-3.5057704484234016,-3.5450604710237794,-3.3961180393008563,-3.5001116782419284,-3.5237386517939795,-3.553502955075577,-3.3845635900117275,-3.503851699330219,-3.5677366852191463,-3.5041427131673912,-3.505770218467384,-3.504077914228095,-3.5041498812514784,-3.5041424318953527
2009-06-25,-4.000026113759214,-3.470111383935325,-3.489000017630201,-3.397512638073423,-3.464974798829969,-3.4833763363175323,-3.4998326861255076,-3.386403236999626,-3.4695145631086,-3.524822177645458,-3.470629874894083,-3.4705828807961865,-3.471037455813092,-3.4706538123919817,-3.470632678036422
2009-06-26,-3.899186149921953,-3.6938811793383177,-3.6727900594239395,-3.6107198142352224,-3.6859355261082047,-3.712383351715904,-3.6626283781502216,-3.5823198377920615,-3.6959997125649746,-3.7582302559060152,-3.688488763139842,-3.693349580654058,-3.68874828776577,-3.688451621765875,-3.6884655798032795
2009-06-29,-3.8512205375793322,-3.784231222281053,-3.7685715231544714,-3.664514384388507,-3.7768902905446002,-3.8024952144445896,-3.757562690744276,-3.637473861259064,-3.789845794690009,-3.853678360365992,-3.77821738427214,-3.783460965777469,-3.778595374341801,-3.7781043481733203,-3.778183414881683
2009-06-30,-3.706595112506597,-3.699523801372332,-3.7206117624173665,-3.5951957290773384,-3.696179561785132,-3.718814534782871,-3.724233891369892,-3.586177516765406,-3.7057264284248963,-3.775113006943694,-3.697862301720007,-3.699548396770065,-3.698447509900184,-3.6978786470367906,-3.6978567660133574
2009-07-01,-3.572253167214824,-3.896357134110828,-3.908919318616785,-3.8268337471126186,-3.8930046321365244,-3.9121515618418345,-3.9168910805408026,-3.8213097153302096,-3.9040575142546725,-3.9583574639519794,-3.89494717480071,-3.896036215610145,-3.8954713931421168,-3.895009808656751,-3.8949435615383625
2009-07-02,-3.5033471809605246,-3.89808816813909,-3.9636661148077152,-3.832443804357082,-3.8940936521389475,-3.91251144623142,-3.99173707947051,-3.8273954820782667,-3.90803121332985,-3.9621205151077774,-3.9019745873697,-3.899963576502468,-3.9021008846406113,-3.901943546170517,-3.901964959393206
2009-07-06,-3.502774706100507,-3.759116152507398,-3.7677815589633177,-3.6554135431683052,-3.754925905205105,-3.7733274414887292,-3.7775536254730806,-3.6345721592784406,-3.7676827896053826,-3.824587566127094,-3.756006953919764,-3.7592165754159854,-3.756271748186269,-3.755909415944141,-3.7559827257546052
2009-07-07,-3.536326870894802,-3.8224435949916873,-3.8182560292292336,-3.711272166748554,-3.818580910722752,-3.8383823659532745,-3.8106725438891136,-3.680670030544119,-3.83071932598126,-3.888015346298483,-3.81579230771376,-3.821997943892685,-3.816030574958754,-3.8157148232478715,-3.815752262246836
2009-07-08,-3.7533238926683103,-3.5723157713441784,-3.562083390987749,-3.426836799314011,-3.5691164136802187,-3.589989609664025,-3.526569205673214,-3.3983640897450584,-3.580884189980777,-3.6384509602076447,-3.560826962827294,-3.5701856646548653,-3.5609970430034035,-3.5606638060504117,-3.5607708998084906
2009-07-09,-3.8762308284903173,-3.5735070748964217,-3.594095760171039,-3.444748052206557,-3.5720276756359484,-3.5901116090530105,-3.5936174319445615,-3.4367904101774642,-3.5820959694046435,-3.642707459208139,-3.57070309708362,-3.573229507853266,-3.571233267364651,-3.570644121740106,-3.570689716240267
2009-07-10,-4.017349899087492,-3.570284528725578,-3.5765141745374196,-3.4831450361088248,-3.5680925042201714,-3.5860018007907106,-3.58157366060273,-3.464268606035122,-3.58127401126945,-3.6314044359874718,-3.5679171293800818,-3.5702589644410327,-3.5685875103165388,-3.567941430888642,-3.567919107596936
2009-07-13,-4.129641502778005,-3.595384732970628,-3.5915771056475294,-3.530740412380416,-3.594434465424932,-3.6126296661037713,-3.5883498839976418,-3.514258776546668,-3.610790348674724,-3.6484232393838143,-3.5925067370406256,-3.59495546978654,-3.592770982097504,-3.5925427526124416,-3.592499157363573
2009-07-14,-4.051854693944549,-3.781530503082148,-3.8101195802640717,-3.6457858970211454,-3.7821177955790075,-3.8049416647992302,-3.811723215584041,-3.6219166928719306,-3.8014591687880146,-3.85717429668729,-3.777034380887911,-3.781530323411598,-3.7774870511168337,-3.7770009348649607,-3.777000906654137
2009-07-15,-3.935980876900839,-3.9675084225669424,-3.944419734008604,-3.829131871970693,-3.972515872264195,-3.977053086640583,-3.927940235863503,-3.7902200059302116,-4.004735644199964,-4.002004067757924,-3.958119110555296,-3.9670709037323046,-3.958294206911385,-3.957948919742987,-3.9580518082919056
2009-07-16,-3.9251671414224982,-3.864203704589271,-3.8824684700780026,-3.743785847448258,-3.8686337990512696,-3.884403218581034,-3.877883278803885,-3.7246518656100083,-3.892204298648958,-3.9277432700247084,-3.858903746742073,-3.863729289900197,-3.859324394866422,-3.8588533985405915,-3.8588877323736495
2009-07-17,-3.878917587659581,-3.9800350297552,-4.02758331945378,-3.831840046512405,-3.987490516960688,-3.996593918306503,-4.029320179488348,-3.798575019961018,-4.018792141174834,-4.034260298263436,-3.9754212532324495,-3.9804413374596,-3.975710973484016,-3.9752965574530523,-3.9753925958649843
2009-07-20,-3.8710108313718283,-4.002362692881952,-3.991876015956014,-3.9037158402483,-4.0109210188391815,-4.018774642349407,-3.9831138057258992,-3.877670974760412,-4.032472110228305,-4.050770346758082,-3.996408895367033,-4.001142257805332,-3.996602876086356,-3.9964313914921794,-3.99638839754141
2009-07-21,-3.839780355875214,-3.913453385276872,-3.861747750668781,-3.7939887235531775,-3.9244721749805684,-3.9228278540919828,-3.810585754525714,-3.759481945430596,-3.9429856297614445,-3.935086777295395,-3.9001134590034874,-3.910935000694477,-3.900862290117647,-3.900187612956193,-3.900075878561497
2009-07-22,-3.8138386741308756,-3.8632756328400646,-3.839652532978077,-3.7440132568876234,-3.8798161294481197,-3.8719893118367494,-3.8247298414644475,-3.702443442115856,-3.912038172687217,-3.889867213257646,-3.854467937320343,-3.862547501702549,-3.8547363230944174,-3.8543746263338456,-3.8544205012081134
2009-07-23,-3.7748001283348764,-3.883641153140592,-3.781280824905329,-3.7876506346727434,-3.9035394519352935,-3.887624337640243,-3.7264675071114066,-3.752624258883923,-3.929795546171868,-3.891568631745131,-3.868360543304056,-3.8815784223619625,-3.8686354468791686,-3.868216733370148,-3.868287447897159
2009-07-24,-3.6897599590789483,-3.8624636387166817,-3.8559636683013094,-3.742242755696214,-3.885807770968975,-3.8678447728442533,-3.8439410450420146,-3.7215712265535954,-3.928381144727916,-3.876343989581761,-3.855758313576794,-3.8625410396109663,-3.85610388153699,-3.8556672454353134,-3.855727083768868
2009-07-27,-3.657965509629975,-3.896832032195409,-3.8617914364802366,-3.7375341819758665,-3.921613395918117,-3.900137003498185,-3.8251937379058583,-3.7091793079545425,-3.9666385402268687,-3.907375228129923,-3.885477872442544,-3.895797517155244,-3.885843088955668,-3.88528877324788,-3.885413652147226
2009-07-28,-3.7416019867947257,-3.802998571596405,-3.7871765590971442,-3.7088843275979912,-3.8285071029024964,-3.806786029321742,-3.775384531330269,-3.6908654434639305,-3.867580559342094,-3.8167581324959485,-3.79799533559109,-3.802043182109347,-3.798241934943257,-3.7980080893104273,-3.7979800637988106
2009-07-29,-3.7423794011009957,-3.7941471060998873,-3.7950640609600264,-3.7001414474437513,-3.8085046248690273,-3.799459602437803,-3.795746847284419,-3.695088695905433,-3.8347966925663863,-3.8180372098485957,-3.7915387150433335,-3.793871801904912,-3.791709908808629,-3.7915079723134837,-3.7915205536315906
2009-07-30,-3.746874767992132,-3.773684740025456,-3.7308818501626537,-3.6706630262920554,-3.809305480827041,-3.7768523436344092,-3.7177699035839638,-3.642883476174021,-3.8591283089454214,-3.7907731657625057,-3.76630505310106,-3.77308951219356,-3.7667370938794673,-3.7661309770668665,-3.766248500599832
2009-07-31,-3.85299094418214,-3.6696832648225786,-3.762569618611997,-3.576333308653482,-3.6932498513262986,-3.6710095776755094,-3.7996249668826736,-3.5875656274471543,-3.747354882378458,-3.6888347518989644,-3.6764035585007657,-3.6723456570285338,-3.676327993460164,-3.6763629433498113,-3.676395632778476
2009-08-03,-3.9811081681460383,-3.741840651422032,-3.7825961775237964,-3.638670639499219,-3.767220363420505,-3.7411325726792666,-3.7955572928151327,-3.632833250709364,-3.8180491120436457,-3.74874951974151,-3.7436988214473055,-3.742275940363053,-3.743848397558162,-3.7436786602721748,-3.7436990344427814
2009-08-04,-4.005661650807136,-3.9016824154860026,-3.9074339978414145,-3.7257148142180743,-3.925313892069163,-3.899002634079551,-3.8778462719105944,-3.6924060747626375,-3.971341777621905,-3.908996225623683,-3.8924536650806503,-3.9016190796458674,-3.8927546488643023,-3.892227183362435,-3.892389591044508
2009-08-05,-3.976077378775781,-3.757508135573009,-3.7490034544720223,-3.581803640863653,-3.7864676115125953,-3.7553390346820033,-3.719978852747022,-3.55054381727635,-3.834467813659975,-3.759846815467797,-3.746368998563576,-3.757100350546613,-3.7469704141317264,-3.7460690725167956,-3.7463074491733535
2009-08-06,-4.000959499238518,-3.763708620112699,-3.759622652919785,-3.56758935792889,-3.798890001332796,-3.7643014381004165,-3.7365324980126995,-3.5276251279244897,-3.8562128321382367,-3.7631238266689007,-3.753411218377405,-3.763703869141227,-3.753872550095066,-3.753106677409349,-3.7533304118473905
2009-08-07,-3.942079525407551,-3.8868206849852274,-3.8605150490647393,-3.7005363085096508,-3.920495163359165,-3.88638280860502,-3.8271589907506325,-3.6603786110957084,-3.9701475595574847,-3.8870803931860896,-3.8747902448686986,-3.8863999370956535,-3.875165548550825,-3.874534944184995,-3.874710607180656
2009-08-10,-3.8988114392409874,-4.13699737114195,-4.108934790994422,-3.9653528926842685,-4.174397938616127,-4.1369110468109005,-4.085086994300836,-3.932218472504823,-4.232711635289448,-4.136986536146997,-4.126756465501413,-4.136631151228455,-4.12698493000512,-4.1265377354735495,-4.126697551938024
2009-08-11,-3.925096403335331,-4.088895034007472,-4.063934853269105,-3.8942107454633503,-4.121699985492667,-4.0867811259028155,-4.020525732719982,-3.859030558645344,-4.1630863084913585,-4.088802005368621,-4.074141890108115,-4.087793063563677,-4.07441756473034,-4.073872882871401,-4.074062599451478
2009-08-12,-3.9683907014448137,-3.852204406333695,-3.8802761082096495,-3.7342731138497793,-3.8779364155847293,-3.8447493333907325,-3.8802318252847425,-3.707780001390222,-3.9167171052354535,-3.850171297462031,-3.8483177941249793,-3.852208050210304,-3.848399236791594,-3.848138113178448,-3.8482871719146936
2009-08-13,-4.133414006777486,-3.924306617087687,-3.9215681757811063,-3.784753318601665,-3.948685910321076,-3.9247356448493833,-3.9048616071111057,-3.7656403599130344,-3.98595834224969,-3.924649985052852,-3.9169297101546414,-3.9230582388021302,-3.917089615967927,-3.916792819554334,-3.916887660378916
2009-08-14,-4.237279601678711,-3.859157151457688,-3.9644471509140344,-3.7502603572115967,-3.8898486330074853,-3.854283835055252,-4.008339015207615,-3.755654371516518,-3.955445547711661,-3.8587318278027047,-3.867196102672665,-3.862471972997824,-3.867192029566821,-3.8671496051377283,-3.8672134030474434
2009-08-17,-4.236541009235052,-4.000710244689368,-4.00005402500494,-3.8782938051687528,-4.038947765769335,-3.994668208497598,-4.008658811947343,-3.8536138437226666,-4.0935942986646445,-3.9977715770398827,-3.9964583480564873,-4.000688426934865,-3.996576544831656,-3.996340508034663,-3.996416490622469
2009-08-18,-4.083572920442506,-4.117885494792636,-4.163847730651349,-3.997313784837953,-4.150593599404516,-4.114766776493472,-4.184466582382039,-3.986755255709791,-4.20380699700935,-4.116962475315496,-4.118656706893987,-4.118562711121855,-4.118480717257998,-4.118605704773155,-4.118632919501065
2009-08-19,-4.131431758060528,-3.889663515312032,-3.958075832616585,-3.8017002674849087,-3.9236221671474634,-3.889512799114346,-3.991915644717764,-3.7928224111269944,-3.9752113683035297,-3.8900351876602586,-3.89412119421274,-3.89210708003544,-3.894132604110184,-3.894184289587313,-3.894121302613251
2009-08-20,-3.994123221729974,-4.290384253020859,-4.327104063803882,-4.168358105052148,-4.3274750898908385,-4.289068423523479,-4.32298172013669,-4.1499253469653805,-4.393270945777044,-4.289770487831193,-4.287138591651037,-4.290794026092762,-4.287789796350123,-4.287002750427923,-4.287112963588795
2009-08-21,-3.955145209680139,-4.106007757641192,-4.142424251287189,-3.984019611645752,-4.138896292672662,-4.105701788123972,-4.1608334617468365,-3.957281040715827,-4.199069917789467,-4.106889153321069,-4.105400519888005,-4.10644036019027,-4.105341120620803,-4.1052030092665355,-4.105352849937855
2009-08-24,-4.0020802014192105,-4.151341732428102,-4.1994483892648935,-3.987660921874403,-4.1843862340187705,-4.151177073672503,-4.196469750308124,-3.970849729893992,-4.231706224176304,-4.152500663748021,-4.146161182995641,-4.151920804231824,-4.146461482501915,-4.146037130201976,-4.1461060520372675
2009-08-25,-3.8234984693773635,-3.964886862247203,-4.020216408445504,-3.8630835200045133,-3.9903361284334387,-3.9645204102766503,-4.046805258005491,-3.85688801552434,-4.034602247641765,-3.965350372797516,-3.9680997951707178,-3.965785498153277,-3.968227725357659,-3.9680738109236753,-3.968099108914799
2009-08-26,-3.789739262334309,-4.020913188891478,-4.061693355631426,-3.893031002627965,-4.044541190719478,-4.020919545781125,-4.073358377958055,-3.8862465114208016,-4.089437712168905,-4.022078664244776,-4.019900466471084,-4.021294471480559,-4.020143718197686,-4.0198655611859415,-4.01989585386777
2009-08-27,-3.832665452466132,-3.966683174912892,-4.032954179710334,-3.8529095620900966,-3.9986746840461627,-3.9654424429783046,-4.055521218354583,-3.8503163170035606,-4.05164035743982,-3.967703628062198,-3.969634999747605,-3.967947901557726,-3.9701884719373295,-3.9696437469344947,-3.969638710517274
2009-08-28,-3.8995429592992754,-3.938045382870691,-3.9906920541162543,-3.827520870270914,-3.971193258883211,-3.9396748889432467,-4.017433544934715,-3.8118606650696725,-4.0299077727458545,-3.938668347568379,-3.939879902423266,-3.9389144156900096,-3.940182436548717,-3.9398458732589123,-3.939876405701937
2009-08-31,-3.891600385398937,-4.17084435890237,-4.19919457815724,-4.061954166253827,-4.203228336692979,-4.165337152869549,-4.208179883978123,-4.044892186752759,-4.261940205677634,-4.168412404565564,-4.168586461686186,-4.171662646088675,-4.168959012850047,-4.168514653790612,-4.16858128390996
2009-09-01,-4.186744186023419,-3.693305945268921,-3.7136794203328853,-3.5796220446441427,-3.7311360895695618,-3.6948884731982488,-3.7166710619595933,-3.5643613191544508,-3.785191710297257,-3.6960804523722737,-3.690742699424909,-3.69351984163779,-3.691011008392759,-3.6907218443143095,-3.6907214379769577
2009-09-02,-4.336195414906841,-3.83781984197026,-3.8901036393948614,-3.690732170039321,-3.8860572269863063,-3.8404923778219198,-3.9037010676245085,-3.6779728126400526,-3.949975714583327,-3.8423469720528107,-3.834876870861198,-3.838264320979405,-3.8351326776422137,-3.834852160520388,-3.8348573276529736
2009-09-03,-4.398737832129601,-3.987511487044382,-4.101220811823427,-3.8579467893787904,-4.0167288941568255,-3.988126742402335,-4.145819441864118,-3.855075015693828,-4.080266458168817,-3.9904998381772763,-3.9946307946274247,-3.992010080770069,-3.994996773424928,-3.994614320521237,-3.994624837942474
2009-09-04,-4.425185817987176,-4.047392312616123,-4.137615368154858,-3.9251528925530343,-4.07948570139857,-4.049859021652705,-4.174737772174923,-3.9268046483539036,-4.142075457622877,-4.052221315129686,-4.053024021760075,-4.049760314157113,-4.053099762452193,-4.053015554716645,-4.053016091966256
2009-09-08,-4.336587747743164,-4.1141658500092815,-4.086893560154304,-3.997383540335224,-4.149605537910249,-4.113513130420598,-4.06846181226182,-3.969592952676103,-4.19324938366486,-4.113156707841201,-4.106188889740472,-4.1142307835276615,-4.1068608095143535,-4.106032447237348,-4.106129004747716
2009-09-09,-4.353910969179116,-4.169047014676265,-4.206014479831028,-4.049672265729774,-4.215656424062392,-4.172268525486078,-4.214459317815544,-4.045534742022015,-4.281718388869505,-4.174673005555805,-4.168009968825659,-4.170000793046466,-4.168406425858684,-4.167966191456253,-4.167990170252491
2009-09-10,-4.23454249062567,-4.256171143599454,-4.259696043359614,-4.132636805274072,-4.299384573290808,-4.257881635675977,-4.2513561627910175,-4.12483259529088,-4.35306972569708,-4.260856135034444,-4.250915846725167,-4.256090944050967,-4.251112155931028,-4.250872850006763,-4.250872082733569
2009-09-11,-4.2362712248680126,-4.329711922514979,-4.297331733966791,-4.21081039193254,-4.371660887116206,-4.334254526567135,-4.271128389586485,-4.194912941643983,-4.418055825893415,-4.334298120167873,-4.319466524955465,-4.329075078455911,-4.319556771918123,-4.319396300287583,-4.319416839824894
2009-09-14,-4.188475837413864,-4.320361063523015,-4.29177464678012,-4.180905403716165,-4.3552235220552875,-4.320808613708848,-4.268156675434604,-4.165163520007318,-4.3922532482157,-4.322722787197966,-4.309570105276831,-4.318434394627342,-4.309870711160266,-4.309444255448236,-4.309513970273846
2009-09-15,-4.265921212758232,-4.19247011612904,-4.208771754849559,-4.040627696366034,-4.232665058518242,-4.1942579256756245,-4.199214389826642,-4.021426919632895,-4.297476713596846,-4.196015676104321,-4.185768723786533,-4.192354169496155,-4.185829279599262,-4.185591538436107,-4.1857006944188955
2009-09-16,-4.116412231949882,-4.281588411039775,-4.112080601621278,-4.099837449972093,-4.317491578794266,-4.268027186102385,-3.9917364696261974,-4.071177160379491,-4.340189003514244,-4.2745998593411185,-4.250400841147106,-4.2755476389197,-4.250999205811863,-4.250048978658312,-4.250243465247158
2009-09-17,-4.054508331620813,-4.0863055627338944,-4.061424746204255,-3.9332022701408897,-4.12701393398563,-4.08944567081823,-4.016257658681576,-3.916324867841079,-4.167702884815052,-4.091279854649312,-4.073621670233325,-4.084816864206738,-4.073729057178188,-4.073440221719661,-4.073539324419627
2009-09-18,-3.8961749398455954,-4.281748433950404,-4.292928518244774,-4.158911590661718,-4.321480487701182,-4.280191736171753,-4.276770694825883,-4.148178426634135,-4.366825250928514,-4.282897772715982,-4.276050633187138,-4.281243922291323,-4.276233783163587,-4.27593373031193,-4.275994606819639
2009-09-21,-3.9061912618693846,-4.158729153502949,-4.177647451300204,-4.036780499751078,-4.197067409495016,-4.165213603488836,-4.173683032125112,-4.02531623187672,-4.249740873327325,-4.165832259416786,-4.156355245997014,-4.159316521124036,-4.156678004703584,-4.156286783468589,-4.156317356783611
2009-09-22,-3.856679090103725,-4.291597496035187,-4.3101239450859925,-4.173273289714453,-4.331220470717685,-4.2856738224214075,-4.300019718113725,-4.163795554965478,-4.381979079838492,-4.289371576698201,-4.2889422693576815,-4.292374388640204,-4.2893120289024464,-4.28880495972373,-4.288909791659316
2009-09-23,-3.7000790128701637,-3.9927655410754577,-4.040748726426826,-3.9034764680662555,-4.029869045199807,-3.993119598307552,-4.055958481639928,-3.892948395152563,-4.084839485539824,-3.995562757320637,-3.9936649131606257,-3.994168492514675,-3.993788447945077,-3.9936171937608966,-3.993650024132896
2009-09-24,-3.6689772503305553,-3.9371580309871694,-3.9377204474457566,-3.79449059427963,-3.9742391294044124,-3.93833298575555,-3.9097780179840522,-3.7739231917710767,-4.015084852785124,-3.9379732006416877,-3.928252480172695,-3.9363842197269374,-3.9282201419289793,-3.928092509727551,-3.9281754468729417
2009-09-25,-3.683694111212095,-3.87490071075482,-3.9487870773655427,-3.75131402336213,-3.908121219207172,-3.8700332914475424,-3.959486763436251,-3.7446409569183876,-3.9566724518184,-3.875449294560814,-3.876319300531612,-3.876407439275267,-3.876359384171596,-3.8763106012933206,-3.8762995486635083
2009-09-28,-3.6515712577728854,-4.048269417809839,-4.131443969964114,-3.9285817093531836,-4.095621772434326,-4.045237874256954,-4.148016814034803,-3.9239165591530396,-4.151754019397106,-4.048468937519699,-4.050717253363185,-4.050881085332406,-4.050920322026939,-4.050694242515615,-4.05069957521232
2009-09-29,-3.631962032622979,-4.0008700291419474,-4.0122834158323775,-3.8630360460545483,-4.037907329465562,-4.000125471508119,-3.9952058965845363,-3.8484643515738024,-4.075447847236702,-4.0008520031550185,-3.995749840408172,-4.000698155056803,-3.996280719070608,-3.995622777297152,-3.995679338726786
2009-09-30,-3.8740564625009553,-3.64035858279641,-3.683822423695655,-3.536221144429738,-3.680374794887848,-3.642514910089709,-3.692205889636504,-3.5284223333081424,-3.726375928639352,-3.643693655546779,-3.6407012542550743,-3.640597052814252,-3.640883551292276,-3.6406692233170115,-3.6406752934117703
2009-10-01,-4.036258995887632,-3.715071478745486,-3.750364861470673,-3.6333417782910407,-3.745961032764789,-3.713423286331091,-3.761233686189689,-3.6205565622153353,-3.787324693288558,-3.714978057946501,-3.714484090104996,-3.7149609701922266,-3.71442446132659,-3.71439961188527,-3.714466432633767
2009-10-02,-4.251327764624183,-3.799172135423788,-3.753642088508805,-3.6452990269002385,-3.8446994691355965,-3.798709547899132,-3.7073517597902375,-3.6164719835190593,-3.890944229460177,-3.7985880216299965,-3.7848979667483817,-3.7976551982423192,-3.785384421706866,-3.7846998212659093,-3.784804007192922
2009-10-05,-4.469106455167448,-3.860256598311434,-3.910181921157899,-3.756990290732391,-3.894054674530052,-3.8595727500356993,-3.9272494757403993,-3.7540975116374504,-3.9471391472034463,-3.8627688501462045,-3.8617337735545303,-3.8603709444398895,-3.861560445303293,-3.861681726540329,-3.861726914354544
2009-10-06,-4.559105306160616,-3.8515074174750015,-3.9092620101985522,-3.734628931201641,-3.8839552888109474,-3.8502192853022095,-3.9202077559749093,-3.726382197499055,-3.9355409164417714,-3.852164112067532,-3.851262387942471,-3.852356554243465,-3.8512428123533153,-3.851154524490231,-3.8512381311470056
2009-10-07,-4.706916349986262,-4.042053563051794,-4.0814075369912794,-3.930702785387779,-4.071374544847164,-4.04578988186556,-4.087381957269097,-3.9245399108289574,-4.117971531086799,-4.049253904851418,-4.040074540434835,-4.042067631168441,-4.039993585632786,-4.03998132338479,-4.040046281507973
2009-10-08,-4.865781937381478,-4.089585247009448,-4.124986752941917,-3.99133458200661,-4.125012029414241,-4.097179788362672,-4.1436063017132705,-3.99250870894446,-4.173522026319967,-4.099978369759137,-4.089721310834987,-4.090271035315949,-4.089677949778048,-4.089689064461786,-4.089702920339839
2009-10-09,-4.682753201624431,-4.412139807083023,-4.444296013888896,-4.3204825207617965,-4.453300861264072,-4.418237857675287,-4.450201678377833,-4.31922904117482,-4.5028017123328405,-4.418311779808773,-4.411603424404324,-4.413014136314819,-4.41155849161917,-4.411531156279266,-4.411573531749623
2009-10-12,-4.607004352613667,-4.611379501511896,-4.606383052294751,-4.52461048498249,-4.642552979746799,-4.614673548717558,-4.596098732977461,-4.515183470993444,-4.680023599370692,-4.615985307452256,-4.605439098304433,-4.611070215610155,-4.605484549077628,-4.60529210998738,-4.605397671582681
2009-10-13,-4.5709272570690445,-4.326080316804053,-4.369591465866967,-4.229392679648364,-4.376821181296822,-4.332931857272234,-4.397007550043869,-4.224978445171807,-4.443769823757817,-4.337973307963236,-4.32604628607701,-4.326307142379424,-4.326054174476267,-4.326010536784541,-4.326021351815918
2009-10-14,-4.290897251465882,-4.614761736872721,-4.5460096755370945,-4.52419073702907,-4.643378977370234,-4.617643583416149,-4.512656417590409,-4.505400939328609,-4.6603108255867784,-4.615835330514676,-4.601040788198335,-4.611567441281706,-4.601462317230092,-4.600786418865231,-4.600962557955796
2009-10-15,-4.148812653340774,-4.625975908606189,-4.59153372919344,-4.536212035212717,-4.661887510089752,-4.620121580313372,-4.546639265449119,-4.527946225554699,-4.687057385977218,-4.623416148573849,-4.61507468093159,-4.623966793493855,-4.615221701991759,-4.614871811404563,-4.615018977839693
2009-10-16,-3.951310513259642,-4.368688706247846,-4.350319237289719,-4.3055842829960325,-4.406979212075613,-4.365483513387708,-4.344598421858599,-4.291695147306944,-4.457680102576827,-4.36746873657348,-4.365598089597721,-4.3683614940767495,-4.365837081100017,-4.365566569623827,-4.365569685047587
2009-10-19,-3.650022997729651,-4.508055738874901,-4.483002575846016,-4.408126221415177,-4.5252891928481205,-4.499385079173414,-4.452143914530056,-4.397101679128705,-4.538191415943178,-4.495662799147867,-4.498755818143837,-4.506367261554939,-4.498800492446907,-4.498602373910281,-4.4987081650096385
2009-10-20,-3.510134641409084,-4.305147944969273,-4.296611413929258,-4.220631526775591,-4.340198376523109,-4.30058596035653,-4.260400368081874,-4.211471909951893,-4.367875155984561,-4.301949036147621,-4.297609671037175,-4.304273349014995,-4.297841609386578,-4.2975894152758745,-4.2975886271617565
2009-10-21,-3.436398924446348,-4.068352123168055,-4.048062187808613,-3.97675232906387,-4.112727710469332,-4.061556344929216,-4.020437122688865,-3.969278614103955,-4.1521845778067865,-4.061261414502013,-4.060324173596311,-4.067431989200179,-4.060526018524221,-4.060215877952627,-4.0602785516140445
2009-10-22,-3.4477768683285372,-4.077050464296746,-4.030817360073605,-3.9843312957767396,-4.109899763975467,-4.081654580692681,-3.9917283959811387,-3.9728181972742784,-4.143580198143147,-4.083735940324042,-4.066601931591359,-4.075951283303503,-4.0670064876643295,-4.06651987534331,-4.0665605655386905
2009-10-23,-3.316771504160418,-3.831005792104702,-3.860738446237252,-3.756667381193846,-3.8566909765567883,-3.828937330760583,-3.8679302346471616,-3.748137644041012,-3.891988532951006,-3.8335307464792723,-3.8303086790023446,-3.831223990509786,-3.830538553532776,-3.8303446050742416,-3.830312000553919
2009-10-26,-3.199824682569326,-3.616493909891884,-3.632004968737245,-3.5348598577585992,-3.660596760234516,-3.610425008427392,-3.6308552636428213,-3.5290037402333314,-3.6988569222275345,-3.6138230403691636,-3.614058622821629,-3.6161184576105967,-3.614181895687692,-3.614078193741048,-3.614051283581173
2009-10-27,-3.1787944079402304,-3.609867739905711,-3.601037131108818,-3.5151171479576564,-3.649522659690534,-3.6063691773358353,-3.585656692891529,-3.509649683065752,-3.6981299606749256,-3.6089513421818897,-3.603590275857385,-3.6090502899450265,-3.603668936279919,-3.60355207768725,-3.603576791462244
2009-10-28,-3.176291757350084,-3.5712687221920656,-3.558501162951456,-3.466366978393795,-3.6136516876994236,-3.5700883531933063,-3.552846506272886,-3.4551889518295935,-3.652709634558803,-3.5739699569507404,-3.5663177268004143,-3.571000829597295,-3.5667100490346444,-3.566236311383288,-3.5662929221480564
2009-10-29,-3.1639037318676846,-3.797526345416373,-3.7931347326156954,-3.687979276186183,-3.8433819295670055,-3.7949769849127786,-3.7915932019062346,-3.673075671109795,-3.8837042982522036,-3.798610625623434,-3.7934674709546328,-3.796880907793164,-3.793441124010701,-3.793329606070835,-3.7934255688548633
2009-10-30,-3.321678451488008,-3.3822062838021942,-3.4121679587726383,-3.3154678641884554,-3.4209629863345676,-3.378325610233863,-3.4178245866162658,-3.3149533292316984,-3.4552794263231514,-3.3796288678189863,-3.3834513768311933,-3.382416224919028,-3.383585538058398,-3.383442393366644,-3.3834403306994147
2009-11-02,-3.7009150346726796,-3.263191320637214,-3.2283519691944527,-3.153099600097842,-3.290804084583945,-3.2774739592385935,-3.2108899483669733,-3.144217201928184,-3.318199223850441,-3.2762158352198325,-3.2560159501053683,-3.2611297689397434,-3.2560952176712776,-3.2559558810800224,-3.2559788644291707
2009-11-03,-3.965802237286766,-3.396711876281519,-3.4434258421281005,-3.2896832869646633,-3.421809392834304,-3.4064164226069753,-3.4660898982847446,-3.2819508139462634,-3.46640840310205,-3.4124530568630154,-3.398119355185866,-3.396869359960724,-3.3980577219672976,-3.3980956551823502,-3.398115062295439
2009-11-04,-4.172794270157017,-3.422925603887108,-3.473212320084154,-3.327974722574674,-3.4523406704584674,-3.419783880689035,-3.494304909345962,-3.322324946630453,-3.4936235117629657,-3.4255884831988666,-3.424361501809808,-3.4230115516103448,-3.424302796646164,-3.42433106896517,-3.4243525730853155
2009-11-05,-4.197612963064076,-3.603562759534085,-3.5928199332359188,-3.4944869829095806,-3.624651036511778,-3.6147394617572424,-3.5854147314091964,-3.4787497557532228,-3.6509128525811843,-3.6175938247866357,-3.5977953146535646,-3.6029278531465367,-3.59804008005664,-3.5976581276429935,-3.5977453051698944
2009-11-06,-4.278495067759401,-3.605289878112264,-3.6729901020814304,-3.519693437751501,-3.647990686154394,-3.616680011415761,-3.7060591486634897,-3.512050649066618,-3.701328958546347,-3.621510094410708,-3.608601577025073,-3.6057923132699696,-3.6083672760686714,-3.608622706547468,-3.6086050394777733
2009-11-09,-4.198714605499237,-4.090855505439315,-4.140015378731217,-3.99811422286313,-4.117041412210766,-4.09434397244435,-4.1566649124766215,-3.9900662727209273,-4.153018350829086,-4.101047443972339,-4.090947695867399,-4.091133693210452,-4.090968659910386,-4.090812527660436,-4.090929579570128
2009-11-10,-4.182145351452657,-4.090919595180261,-4.126776764704877,-3.9885941720433227,-4.113416461459983,-4.0973462628814294,-4.1215898333269925,-3.979220852555905,-4.126014327203054,-4.108070523485196,-4.086808812990675,-4.090830194105052,-4.08708427732508,-4.086733943946298,-4.086789933759489
2009-11-11,-4.23895810640016,-4.01283575594544,-4.11448810564431,-3.919804616028816,-4.028759756416186,-4.00644656704975,-4.152041531066905,-3.9164438263935666,-4.067795731580499,-4.014051089834929,-4.018055535089874,-4.016793835496085,-4.018339374710797,-4.018010405988001,-4.018062616887709
2009-11-12,-4.252226193869799,-4.024898157936111,-4.084592484544622,-3.9539505813621245,-4.054285664745327,-4.031512489043008,-4.112156788909785,-3.9499785400361698,-4.098863095451602,-4.0410173901468385,-4.028403480895602,-4.025853592840821,-4.028483164820197,-4.0284293236547235,-4.028403548181526
2009-11-13,-4.389379183602871,-4.050175702675837,-4.161517797480971,-3.976857721009608,-4.078506861101589,-4.044000843181786,-4.21543890273475,-3.97247683759605,-4.139741009250161,-4.0497374496632705,-4.058397325088312,-4.053987484355521,-4.058561332065018,-4.058349507949352,-4.058404369500927
2009-11-16,-4.468588811491177,-4.092739178734226,-4.193807559888921,-4.0099332517901685,-4.10144900117114,-4.085992455465982,-4.231937263752709,-4.008361631195568,-4.140533307013144,-4.095306257872029,-4.098609071007656,-4.096665062707353,-4.098690878641232,-4.098495883607569,-4.0985964412277385
2009-11-17,-4.394061331221468,-4.126195976017185,-4.254672832547077,-4.051093708130816,-4.143151318297641,-4.121831143860796,-4.311926911397428,-4.052529251308463,-4.193856075979349,-4.131587333662669,-4.135915173681649,-4.132372877817875,-4.135894941828588,-4.1359259045837184,-4.135934433707541
2009-11-18,-4.550932411306139,-4.114115369673285,-4.253866650603874,-4.044767780247822,-4.146682945291813,-4.111121697577709,-4.319646151952194,-4.042750556892889,-4.210798553060756,-4.122633467339728,-4.1261668839246886,-4.1222064917658,-4.126037302738817,-4.126156944620396,-4.126197572349409
2009-11-19,-4.446887225913307,-4.057416293689303,-4.131885345613007,-4.006802712628075,-4.098304318046831,-4.0525905285613515,-4.171557317184216,-4.006752984589245,-4.153001142118501,-4.058072739419731,-4.06430386187814,-4.059621317406485,-4.064386134890444,-4.0643134979048,-4.064318634083286
2009-11-20,-4.363815753414649,-4.329520445606401,-4.408489216539385,-4.262685753708771,-4.344726320020732,-4.323996354108637,-4.454514096326413,-4.258279977532291,-4.388102241665385,-4.335590071817942,-4.335595149775938,-4.332817728864945,-4.3357889839621375,-4.335602195679803,-4.335593949329846
2009-11-23,-4.323965094413058,-4.342305015542793,-4.436599272115001,-4.285543235041921,-4.363720627602274,-4.3402051562417965,-4.492319887169967,-4.281660829753856,-4.415270281707134,-4.347301843477012,-4.351877850115202,-4.348460352015479,-4.352012074955214,-4.351824046146933,-4.351875861365933
2009-11-24,-4.417351007753133,-4.130200092252344,-4.289087861617848,-4.072673898521998,-4.166355252005131,-4.115430383741899,-4.379368024872601,-4.073928973528653,-4.246701588397175,-4.124711196631855,-4.146945910712788,-4.13986498960506,-4.146878401550004,-4.147044463355773,-4.146987704317224
2009-11-25,-4.2172880270582835,-4.623151200233311,-4.711128995690414,-4.554459965047745,-4.653300840935224,-4.617431344289096,-4.759681037404349,-4.55776994838929,-4.7087408343577755,-4.626114866557267,-4.630307092609187,-4.627434056630797,-4.630565361763344,-4.630323540312151,-4.630327257142084
2009-11-27,-4.027423026530988,-4.08624093390817,-4.186000569271809,-4.050046625386597,-4.087870956005783,-4.079471748419796,-4.23297741705008,-4.043346840915639,-4.1254799725318385,-4.081769583446621,-4.0954459541497,-4.094531064295203,-4.095596567137323,-4.095435685676485,-4.095455490083733
2009-11-30,-4.0586313870456046,-4.2205770586392655,-4.305356689856342,-4.146469001970461,-4.2379532170673,-4.216018416121694,-4.341525431635794,-4.142187254843683,-4.281727789449749,-4.226115043112977,-4.225937315607551,-4.223562924807798,-4.226056359387152,-4.225883745544008,-4.225937346123946
2009-12-01,-4.004096009037727,-4.254319575680323,-4.387448846565581,-4.172743457951794,-4.268598368720022,-4.249262873011015,-4.451682039676795,-4.170473622502565,-4.328950224574774,-4.257918610571794,-4.265285981261898,-4.2614835173696965,-4.265414648683183,-4.265210718993805,-4.265289479430433
2009-12-02,-3.979750736818535,-4.341767931608325,-4.401393566748291,-4.263442798042825,-4.369064022638203,-4.329974018241117,-4.413999628472477,-4.260582019524737,-4.409300780046665,-4.335468991321135,-4.3438026769244376,-4.344587506756227,-4.343737413509463,-4.34370258517284,-4.343778677865641
2009-12-03,-4.094896551184646,-4.135339303552603,-4.24097995752398,-4.037917385332376,-4.153324243940941,-4.113705831984663,-4.276519892574679,-4.041449724280272,-4.2158507871294475,-4.12199983547586,-4.140880520678331,-4.140609756992904,-4.141110307439291,-4.14076773978103,-4.140863827074718
2009-12-04,-4.5264098934597925,-3.835127145253644,-3.894118037574721,-3.771381542136392,-3.8678546114617056,-3.8239023624742905,-3.913615565842878,-3.772170435420481,-3.911713475697242,-3.8255212231067266,-3.838588353459251,-3.836753252497536,-3.838693886210614,-3.838534454416677,-3.838583975090981
2009-12-07,-4.615865182281448,-4.252514667783582,-4.333910949841806,-4.168347329944159,-4.285349661692458,-4.242302745741167,-4.361128750538686,-4.1678365160982755,-4.341594378393574,-4.249568224729007,-4.256198944872904,-4.256054220196377,-4.256131935310552,-4.256070531770644,-4.256181656241368
2009-12-08,-4.873368609697955,-4.102322743250648,-4.207203815122336,-4.032976129500111,-4.122764823836524,-4.08843275694492,-4.245866302198851,-4.037648494016416,-4.174277255881365,-4.094261416500132,-4.109981094001532,-4.106415212354271,-4.109912523184031,-4.109860455518319,-4.109988152459026
2009-12-09,-5.029239585327555,-4.176324561193838,-4.238840556660129,-4.1176087068008265,-4.218135222522814,-4.171733356971468,-4.263168850340347,-4.121316019158484,-4.281383538191845,-4.181050317462217,-4.18097139945392,-4.179109106662274,-4.180864505761175,-4.180995692231521,-4.180991095192458
2009-12-10,-4.944405505156082,-4.384374206295869,-4.4489571131704535,-4.317331828868896,-4.427436751996779,-4.367298440698115,-4.483925209477942,-4.3200504375105275,-4.495094068666811,-4.366773647554582,-4.388722230914464,-4.3872949802437,-4.388777687771526,-4.388607045454066,-4.388727163548568
2009-12-11,-4.917456068995381,-4.520870244698161,-4.595654159188257,-4.45661657056565,-4.549173593043515,-4.50783806514249,-4.634625922945042,-4.45684969618464,-4.589815223594249,-4.509032159322292,-4.525829687169743,-4.52367070861755,-4.525996686370725,-4.5257404985487995,-4.525820836754509
2009-12-14,-4.984966385730781,-4.673397082117352,-4.732455275754408,-4.592940537314993,-4.6994032400822405,-4.652860799403086,-4.75711888198709,-4.599116700057483,-4.74970680997391,-4.652647164630244,-4.675598141302139,-4.675382451096849,-4.675442942127629,-4.675371828452818,-4.6755869985427765
2009-12-15,-4.991650289810252,-4.835121066869688,-4.798312934976054,-4.753900641761362,-4.858922189840044,-4.830487774894805,-4.789686945648428,-4.758496312427857,-4.854738150197112,-4.833044292390405,-4.826219074886328,-4.834967204102624,-4.826348364479186,-4.8260135602293595,-4.826174959323604
2009-12-16,-5.050179682418679,-4.787891986552451,-4.796291351320184,-4.717226002634456,-4.817721169654594,-4.773924924512809,-4.80860989418452,-4.720280741536116,-4.847292800751332,-4.772499932559412,-4.78518010904866,-4.788632416874035,-4.785375148551661,-4.785002221140931,-4.785155603870164
2009-12-17,-5.315161824550461,-4.643448869280527,-4.6376420154977875,-4.5753696158972845,-4.6783986832435485,-4.631233891278759,-4.639726168467299,-4.582063579333684,-4.71224469363968,-4.6325367944228075,-4.6397021896626605,-4.643659980930222,-4.639759846175939,-4.63954555715031,-4.639678014739138
2009-12-18,-5.604168261256484,-4.672967503748561,-4.66241872443188,-4.61041263231477,-4.69191517787006,-4.660141534175615,-4.684409386275342,-4.619257934067378,-4.7103488922665395,-4.661860788965045,-4.672168443510007,-4.673898314707776,-4.67233441259575,-4.672098114284743,-4.672156964105914
2009-12-21,-5.6728858048048325,-5.019908340270399,-4.935013533067131,-4.947189280183911,-5.031994078213127,-5.004794303763517,-4.9173599310741904,-4.962332741842499,-5.027510138465803,-5.002853779665344,-5.0086332992853375,-5.017744177393272,-5.0087651517639,-5.008475290254214,-5.0085824221410356
2009-12-22,-5.65773906437133,-4.935013672786687,-4.925634219739975,-4.8688114428196725,-4.9445827990558895,-4.912001526078807,-4.925786020595605,-4.8815790768346226,-4.958659570359718,-4.907501586089551,-4.930768219937761,-4.935218398873614,-4.930653642509891,-4.930617519276499,-4.930744531556503
2009-12-23,-5.701273672129255,-4.929049726864189,-5.001456350790346,-4.85746344798482,-4.936972894942261,-4.917143436054133,-5.044792745717682,-4.872456408145312,-4.9823899255287385,-4.9152250206308725,-4.935161803773412,-4.931832103331151,-4.934909954072914,-4.93497394354298,-4.935143208672804
2009-12-24,-5.649516788592058,-5.226441295697152,-5.295064510288556,-5.146222853724542,-5.24316682899456,-5.19957619927696,-5.311256938039523,-5.174133440652854,-5.280837826072046,-5.199801545267669,-5.228331246643754,-5.22901706251387,-5.228502487196075,-5.228103743438007,-5.228290284269468
2009-12-28,-5.483414095989923,-5.337201799207843,-5.355729305023445,-5.260794868885064,-5.340291639763392,-5.324731718775763,-5.370571516887191,-5.285085504262214,-5.353863825908344,-5.325582481496136,-5.333704316105524,-5.3388073741967945,-5.333788043004343,-5.3333960738316515,-5.333648300899499
2009-12-29,-5.35679682925383,-5.470049747299063,-5.459978715979405,-5.389723886345748,-5.491927305895784,-5.462036895354265,-5.460150286214388,-5.416897738222518,-5.508960681029666,-5.464469324734243,-5.463264758000291,-5.470678768210918,-5.463393026553051,-5.463092495454318,-5.463199486997782
2009-12-30,-5.218703638034531,-5.223538180937973,-5.275698474769184,-5.160064245015139,-5.241730137305388,-5.210479914597291,-5.309376083375216,-5.177947435468533,-5.27562076759951,-5.209594009141878,-5.225837846841968,-5.227512066262841,-5.22578312867054,-5.225723176749312,-5.2258171261429816
2009-12-31,-5.113951340650597,-5.287088140031287,-5.345306157230447,-5.222827256912683,-5.314259353181211,-5.261454198456113,-5.380597972395639,-5.2396871350020575,-5.362332146733016,-5.255619380854318,-5.289823206473254,-5.289884888921636,-5.289781069616255,-5.289619844017112,-5.2897874958306454
2010-01-04,-5.025507844815117,-5.332566644168137,-5.218000776257332,-5.265572355505387,-5.3611690122099995,-5.316273976160888,-5.1798181801025684,-5.284654827499811,-5.361197360088331,-5.30993754548157,-5.315320634144048,-5.327796515332848,-5.31552591292271,-5.314975947077656,-5.315239551007614
2010-01-05,-4.932416785645179,-5.114769099036094,-5.018923359225232,-5.031166213450038,-5.129741084956895,-5.102830397788903,-4.985038074832082,-5.056193357267722,-5.124886912188353,-5.099886853487183,-5.098918920039271,-5.111672734964872,-5.099093024315505,-5.098663547226169,-5.098829144167452
2010-01-06,-4.855620944377099,-5.151907880638359,-5.045531998370781,-5.081203234403962,-5.17538113255088,-5.143405939191856,-5.001678864081365,-5.102381865227902,-5.16198496707026,-5.143407081297087,-5.136317969684392,-5.148990321808802,-5.1364388994447685,-5.136059704934632,-5.136259706941627
2010-01-07,-4.951720385630062,-4.975585450469863,-4.881102877133431,-4.87832869606651,-4.9731428132558655,-4.9716301631393796,-4.847172652510205,-4.902634506168317,-4.963488919641662,-4.9691807247097435,-4.9595344274852895,-4.972979546025745,-4.959701146050885,-4.9592366712328,-4.959443400130075
2010-01-08,-4.846694565827903,-4.979380832923923,-4.921649482731607,-4.895229311340547,-5.00835885620843,-4.970978197960203,-4.911365734275444,-4.911292697377501,-5.027373094286142,-4.971012543538494,-4.96847253976382,-4.977623661000711,-4.968649498917992,-4.968161566936355,-4.96839634086431
2010-01-11,-4.877677282901061,-5.001416829383205,-4.945286829274071,-4.920685721267825,-5.044446608309402,-5.00456441736264,-4.927773009538383,-4.939238724945989,-5.048962622969055,-5.010493356495953,-4.990597830099601,-5.000616511000769,-4.990786433689629,-4.99046856230993,-4.990546499854522
2010-01-12,-4.794597165041278,-4.855979020446363,-4.7745157641057885,-4.767375267479328,-4.889911098897415,-4.850542136143122,-4.749906205400669,-4.788912341715877,-4.90356729868153,-4.846890078301175,-4.842381053196436,-4.854445399929345,-4.842622600318244,-4.842156938757696,-4.842296382645975
2010-01-13,-4.303754644890161,-4.880300122946061,-4.792152042957326,-4.789547066300184,-4.920851917017803,-4.877897175824895,-4.762538597400614,-4.809037104465166,-4.921975562927203,-4.877824790556381,-4.864945275511997,-4.876622286865901,-4.865078964339252,-4.864707238609956,-4.864857097851839
2010-01-14,-3.9272775747219586,-5.075266592917826,-4.972154022975759,-4.977924702882003,-5.097074119914494,-5.076788799600609,-4.929269196698959,-4.990864485933195,-5.082803052612684,-5.080525347271694,-5.055941330397148,-5.071563603842877,-5.0562366896347415,-5.055715911894571,-5.0558330664924895
2010-01-15,-3.8900606524800034,-4.7550107857906845,-4.772502940736055,-4.666609762538623,-4.787965362637293,-4.748526286754287,-4.775391270496325,-4.6713159661812975,-4.820217050897479,-4.746735431021278,-4.751766088807054,-4.756498576488976,-4.751732474918482,-4.7516350963865595,-4.751712714070283
2010-01-19,-3.7676026562137,-5.001219466604733,-4.890441287927301,-4.893231609952796,-5.032573573824266,-4.988879677301297,-4.826330222764544,-4.8987029254231675,-5.020222957692458,-4.990073451417004,-4.98039109259362,-4.997856483823764,-4.980927717161054,-4.98006220372805,-4.980279688706829
2010-01-20,-3.6697845793571022,-4.684701213441626,-4.579327896185183,-4.611773212169918,-4.700350846949991,-4.671145698458251,-4.4959198970905225,-4.608709228435114,-4.680235174674908,-4.673301265763135,-4.663166893098941,-4.6826059713854615,-4.664079836120163,-4.663053892670801,-4.663096402156263
2010-01-21,-3.643213178481001,-4.141244695504708,-4.082347463685421,-4.049808078682018,-4.167773479087898,-4.141588665084797,-4.049251899393762,-4.042677470406418,-4.178940150929545,-4.142801996211775,-4.1286002177742525,-4.140987866905887,-4.128916207414861,-4.128439225831847,-4.128524262177537
2010-01-22,-3.670476349755538,-3.937046192239852,-3.961980683029096,-3.836514673061761,-3.9605539766503672,-3.93918754968701,-3.963742347191525,-3.8305187937197034,-4.000580289414507,-3.944929238627211,-3.933737758529713,-3.937818583722097,-3.933844127407757,-3.9336158878371155,-3.9336863103973245
2010-01-25,-3.653967559003922,-4.177425322200711,-4.169922983040717,-4.0732647486358475,-4.200037457657199,-4.174458026884002,-4.147818406691575,-4.066523869244052,-4.21086260406034,-4.1790709364502785,-4.168575858699008,-4.177409329377753,-4.168734470336903,-4.168387787882862,-4.168514288131193
2010-01-26,-3.691597231869044,-4.043049442124032,-4.075941970668451,-3.9446871695478936,-4.059290341734278,-4.047029252275059,-4.064927688007475,-3.942131183633065,-4.08061083619625,-4.054786223855468,-4.039212176573503,-4.044500297049959,-4.039405578526879,-4.039159326587115,-4.039176798013323
2010-01-27,-3.78177311253602,-3.8949981221018817,-3.910942871644739,-3.8127694816486857,-3.9369982082401,-3.8982567869312756,-3.8936836868652884,-3.805164016442558,-3.9717078523210296,-3.9054827261238896,-3.889321590844224,-3.89527730480327,-3.8894262319638058,-3.8892303067245075,-3.889282026401447
2010-01-28,-3.866059817713904,-3.720480572781284,-3.732740892786618,-3.6724562400773086,-3.7604126188548124,-3.7184694575811728,-3.729237187297559,-3.6677086369240355,-3.7999179392718587,-3.7246314282304662,-3.718192961893684,-3.720443329098106,-3.718311069490625,-3.7182227712281746,-3.71818065448877
2010-01-29,-3.6449236114023362,-3.756753769237637,-3.7779992587535562,-3.7171719175739986,-3.80102998523857,-3.76158162690704,-3.7745297298260585,-3.7191943436138017,-3.826199248526539,-3.7682305241910985,-3.756193687998451,-3.75724273330246,-3.756492384374069,-3.7562734862120934,-3.756203694770791
2010-02-01,-3.606650988333765,-3.93531636245276,-3.996118687314411,-3.8704930226668135,-3.9696072804189177,-3.9352811665918006,-4.024428673551049,-3.8669507634563325,-4.003203782009909,-3.9412052318087354,-3.939099519634024,-3.9377029607978153,-3.9391228924375215,-3.9390562820032065,-3.9391013237523573
2010-02-02,-3.391873182003709,-4.010578140761064,-4.059874917343248,-3.9431481202902945,-4.042176750311455,-4.005127771788313,-4.072979389199884,-3.943472513333209,-4.074604481772821,-4.005920414846628,-4.012401491579186,-4.012855651346894,-4.012357816076991,-4.012350960652974,-4.012376658346028
2010-02-03,-3.313620283469904,-4.040122623456786,-4.091180168000641,-3.974620124676497,-4.073076486382183,-4.047786859977831,-4.110542094426037,-3.9728177072728483,-4.110076103887191,-4.053688057320053,-4.042062527544041,-4.042045758852282,-4.042058164022346,-4.042094746266322,-4.042053008040096
2010-02-04,-3.3216604800409137,-3.8356609151860215,-3.878821148100403,-3.767752165802611,-3.8686990026490626,-3.830430618823708,-3.897634531999282,-3.7675976053315696,-3.9013779238432815,-3.8347943287778388,-3.837280538899836,-3.836827762713874,-3.83717691915307,-3.8372479087530005,-3.8372616903755303
2010-02-05,-3.520463098706716,-3.490964127425139,-3.498943262440971,-3.453089892391466,-3.543231703793963,-3.485243673840113,-3.5056612652042216,-3.4534277305249534,-3.5936511773084017,-3.4832654820563476,-3.490765178132544,-3.491118776720725,-3.490701509369957,-3.490816243011478,-3.4907784309102303
2010-02-08,-3.620064168807015,-3.763089519769196,-3.84816517087869,-3.6900765094537955,-3.7988642062112348,-3.774189622351195,-3.8840237010149927,-3.6909186099536755,-3.8440646168379464,-3.7845750042270563,-3.768666992804115,-3.766769387965281,-3.768629544517888,-3.768725256045389,-3.768671883449081
2010-02-09,-3.9160186236993946,-3.428838001781682,-3.5455183182157084,-3.377035273365347,-3.4743953592341987,-3.4148058284955902,-3.5960463658533834,-3.379674576067337,-3.5392030203905676,-3.414426974145794,-3.4391805231607164,-3.4350360340810107,-3.4390909424784666,-3.4392298527719296,-3.439205874616576
2010-02-10,-4.1326056672633635,-3.549661319232478,-3.729759378164739,-3.481086274317487,-3.594285524801873,-3.5397849144448226,-3.8010310934933,-3.482833999813082,-3.670327880354817,-3.5434205794383082,-3.565974405384409,-3.5613922305624204,-3.5659779609699163,-3.5660254607582154,-3.5659967523633713
2010-02-11,-4.365241040461425,-3.553233711703122,-3.7467599360109656,-3.5166441581879795,-3.600120000799182,-3.5428909238599933,-3.829811536711441,-3.524950655625793,-3.6703164828549224,-3.54463208809752,-3.573605965507732,-3.5681861367842647,-3.5734077740324333,-3.573679943758215,-3.5736487247940705
2010-02-12,-4.6967072639313745,-3.644441769801363,-3.8225689414051254,-3.611269516703164,-3.6920228771620707,-3.6284587451138144,-3.9104143453079647,-3.615140288450423,-3.7599384397532307,-3.6302811908142525,-3.664195075488871,-3.656699670782341,-3.6640161806320446,-3.6642460949550535,-3.6642493946143726
2010-02-16,-4.5274001434358855,-4.04009658632752,-4.173878613520127,-3.987870435354319,-4.060671489391707,-4.020221613260123,-4.233576052703998,-3.987185607046496,-4.112552766807233,-4.017084143358003,-4.052199284493837,-4.047980387922322,-4.0520346128192575,-4.052064438369472,-4.05219912737623
2010-02-17,-4.485837862133113,-4.039947706309103,-4.2070952105133825,-4.009438802391409,-4.076145518181507,-4.030452831139567,-4.277436832226005,-4.01220473813498,-4.13929038688875,-4.034448937708595,-4.058032195321157,-4.051151418692161,-4.057882232888009,-4.058117166230243,-4.058081117891197
2010-02-18,-4.359338185933072,-4.255880789037633,-4.4023681285925615,-4.215350599312742,-4.2856049555175915,-4.247850648830094,-4.4542057297390825,-4.2195446817360525,-4.342324999867056,-4.247396886064701,-4.269725671893566,-4.264279888586663,-4.269698329550571,-4.269742488065311,-4.269765022758147
2010-02-19,-4.30053041108587,-4.274716580537064,-4.433067784647496,-4.2416068534295315,-4.296346829608291,-4.260312712021031,-4.49326633400358,-4.242224536033249,-4.351364091815135,-4.264057501586335,-4.289975403675766,-4.283142601708966,-4.289871884777622,-4.289936728569209,-4.290012104977558
2010-02-22,-4.33454824384337,-4.500649071516992,-4.601025508965162,-4.469072569705561,-4.550602253056795,-4.4788763050917035,-4.63610988599518,-4.473148643328647,-4.612872889052264,-4.47682651839403,-4.511072805875588,-4.507431787963084,-4.511304787432263,-4.511004267747664,-4.511106230143155
2010-02-23,-4.4963712720166935,-4.192539317271465,-4.314016385549289,-4.143351523517305,-4.223953770267212,-4.187580308084933,-4.360439142550547,-4.147103231737147,-4.275199201351278,-4.1918146928704365,-4.203845708197054,-4.199696744836718,-4.20391106255493,-4.203896101424743,-4.2038701551052
2010-02-24,-4.637571631791843,-4.234226140024152,-4.354998970407285,-4.199730100995809,-4.268875667591547,-4.2251190758496575,-4.404874229084166,-4.2037808497635805,-4.319872271631429,-4.22707782889881,-4.247073708667563,-4.240526105772162,-4.247008556695898,-4.2471307784989385,-4.247113111872768
2010-02-25,-4.865594580482424,-4.1557361479680734,-4.2979657671324665,-4.133291134714606,-4.2005297991551265,-4.142899520670184,-4.364072330557283,-4.1365946568747,-4.270176367850704,-4.142604485325982,-4.172862237294418,-4.167038950345115,-4.172737187720785,-4.1729192550434515,-4.172921281287554
2010-02-26,-5.095881836896758,-4.170297217986636,-4.354230747642159,-4.136380112248265,-4.2302535454885755,-4.161082510545967,-4.43480097689525,-4.138194946795756,-4.335413296089339,-4.164646622133262,-4.191874996454223,-4.183264807569415,-4.192070723246146,-4.192005489547341,-4.191934457461468
2010-03-01,-5.1365611314496915,-4.497166842982568,-4.540136385516089,-4.445680621745831,-4.530557132479487,-4.498845555250217,-4.572902638075172,-4.44735709396472,-4.582558052222757,-4.500112312263825,-4.50254116766178,-4.499566441900937,-4.502590234924332,-4.502472511075906,-4.502537756250021
2010-03-02,-5.16329591361035,-4.503573535181678,-4.60350943063658,-4.452806715462005,-4.529511788394041,-4.499772938810169,-4.638852044962598,-4.455275227184987,-4.59528663590246,-4.503441386012647,-4.5123449900501225,-4.509399324656021,-4.512281625631527,-4.512356265207571,-4.512355937192523
2010-03-03,-5.0588202142276,-4.569125031633299,-4.703729141901786,-4.523113360878613,-4.591451895211927,-4.57389864938105,-4.752735828147071,-4.5278595554164305,-4.660817475532689,-4.581632771525836,-4.582941826802537,-4.579531618458406,-4.582738514260114,-4.582998294519436,-4.582959384515919
2010-03-04,-5.051354354125731,-4.729500390318728,-4.770063992925911,-4.68587583176343,-4.771082062653046,-4.731326386987505,-4.787548089201781,-4.691736800643805,-4.824177990672149,-4.734254435056762,-4.732973111136157,-4.732139856783823,-4.733184491937771,-4.732975187343731,-4.73297959403142
2010-03-05,-5.025334635967043,-4.813449133976916,-4.927380416269795,-4.760142388184349,-4.830398430941988,-4.8025181508173125,-4.961298144885282,-4.767604869687359,-4.877725423711397,-4.803587939158786,-4.824127041612703,-4.820871423310114,-4.824190682304234,-4.82407976152203,-4.824126431899756
2010-03-08,-4.911448680143335,-4.960858899486077,-5.037768258532717,-4.901468156795851,-4.989761338778061,-4.954997543818659,-5.051694259095236,-4.908613834378101,-5.0476510962846755,-4.956892300855624,-4.965353778697998,-4.96650341674601,-4.965534564548008,-4.965216383705339,-4.965340973955884
2010-03-09,-4.845974842180856,-4.861764045968755,-4.951827173934321,-4.789486903689042,-4.870558642087686,-4.858534351556421,-4.97163085796002,-4.800383776363999,-4.9005731784071935,-4.861705360326015,-4.866954452367946,-4.8680354070343945,-4.8671719327764125,-4.866845506229144,-4.866919896531822
2010-03-10,-4.925086617715597,-4.68407552055638,-4.765696508558004,-4.603630023235372,-4.7104604929691165,-4.679593357313524,-4.802628829755877,-4.612975821601939,-4.76191574600444,-4.685276797240647,-4.690449951817222,-4.691284314222132,-4.690616103895612,-4.690394414877553,-4.690430905539061
2010-03-11,-4.961487514964633,-4.859046195847158,-4.916500800076997,-4.7814947935271395,-4.883426249280157,-4.855779431791365,-4.932181249131758,-4.791124085590532,-4.925456758647555,-4.858566368448417,-4.861214442578077,-4.864338773795927,-4.861725088693329,-4.861128575895986,-4.861191140640495
2010-03-12,-4.911680637039866,-4.833804093850467,-4.921620028730612,-4.752113636238387,-4.845352689907619,-4.824750749366506,-4.952494675771062,-4.7605211584965685,-4.894677825482857,-4.825605533041077,-4.839479033350889,-4.839759532894007,-4.839907587208548,-4.839364069005961,-4.8394465283906785
2010-03-15,-4.955293976725887,-4.753562094125822,-4.861457512073511,-4.66695630469608,-4.76076219547348,-4.753913918828252,-4.887396198721815,-4.6782300708208515,-4.803168495513926,-4.754139574270366,-4.75974235240127,-4.761677533056472,-4.759937018095724,-4.7595187045390315,-4.759704264835117
2010-03-16,-5.017141407036751,-4.726426865584702,-4.865521099414124,-4.648193064326438,-4.749826465990658,-4.726256082396098,-4.905984360470607,-4.6592506416413615,-4.822535832935264,-4.7281095056228954,-4.737290010503409,-4.737370217502187,-4.737208002975319,-4.737139869413204,-4.737270347026932
2010-03-17,-4.918173763549056,-4.835620061081096,-4.932696324084647,-4.744844822944026,-4.85648713818472,-4.831537253877333,-4.96888385264622,-4.757560047499847,-4.911711292676947,-4.8332386110300725,-4.842065833550412,-4.843742971740328,-4.842321246347288,-4.841837596693088,-4.842008181379348
2010-03-18,-4.759877248627245,-4.986588200388003,-5.019118400870775,-4.90630242809031,-5.017376128123605,-4.990533037724095,-5.032461567952206,-4.918636556208626,-5.05465107560908,-4.993680276386419,-4.986105451879681,-4.989857258931506,-4.986309308777625,-4.985928920649949,-4.986045931454253
2010-03-19,-4.708273250673555,-4.773445306384952,-4.8200096736543445,-4.70374757904221,-4.841126438878333,-4.773697829932222,-4.850173813419576,-4.7142088046866535,-4.9011412739750035,-4.773649781188074,-4.777108188562398,-4.776931637244628,-4.77702552619272,-4.777071595445068,-4.777081255110314
2010-03-22,-4.768316940398236,-4.885671220491271,-4.86609978639718,-4.806308241200827,-4.918223864125399,-4.89311007094937,-4.880446862388403,-4.81891026447752,-4.948121704237575,-4.894783585361141,-4.881928794933019,-4.885505923202722,-4.882062074939658,-4.881853513021524,-4.88188469652415
2010-03-23,-4.741215067587678,-4.920219657297082,-4.977968579065368,-4.846392490471104,-4.9647418386219275,-4.926050533659695,-5.0162640686996065,-4.857091787529066,-5.018208944241681,-4.92635864110856,-4.925898420601612,-4.925099393770072,-4.925877555762364,-4.925909420071027,-4.925866025784025
2010-03-24,-4.7774847904687086,-4.716950639349063,-4.849276783257744,-4.632842062292748,-4.738393530797949,-4.710638205276203,-4.898291682775178,-4.641506818035263,-4.791895492090566,-4.711009325451543,-4.728962833794566,-4.729218418518213,-4.729094483839598,-4.728876669388905,-4.728937064930387
2010-03-25,-4.881285700861964,-4.645026345610595,-4.70817416961398,-4.572535270941647,-4.65297640600858,-4.6496313424319355,-4.720270409388245,-4.5826119019293525,-4.674559964756811,-4.652877643311711,-4.648291989953135,-4.649682264040322,-4.648397156773643,-4.648191777391251,-4.648256537289089
2010-03-26,-5.094341537321328,-4.627932219750783,-4.713298949810437,-4.54532290428226,-4.657047133216052,-4.6308355367415714,-4.743051413587639,-4.555472024221816,-4.68658647687071,-4.6326742707794395,-4.634390350534455,-4.634006505649676,-4.634436851249703,-4.6342888702582865,-4.634344673830379
2010-03-29,-5.120136126924463,-4.999085466947561,-5.0568369253985574,-4.909014381211435,-4.997450905783469,-4.998029461980256,-5.08279638961798,-4.922023747960112,-5.01922899089945,-4.998559414400487,-5.001592230145351,-5.004669515735285,-5.001856792606426,-5.001349382185938,-5.001539175155178
2010-03-30,-5.055252947145027,-4.7830161959542,-4.88822910401683,-4.707327455092699,-4.815417275109978,-4.783163277118378,-4.941723311206831,-4.7178540139363285,-4.874873714303762,-4.784960532777415,-4.794134187786859,-4.792940742113496,-4.794118509347617,-4.7940711357857095,-4.794116338098993
2010-03-31,-5.1999672193812385,-4.738413203125247,-4.838981843722929,-4.655307200347666,-4.754541659500723,-4.737810584227979,-4.891780588467997,-4.668206381189749,-4.8002067170405995,-4.740259352637065,-4.748281967151272,-4.746455509323626,-4.748442702141572,-4.748215501631014,-4.748257984320082
2010-04-01,-5.227623953705519,-4.870180106701523,-4.986981631091153,-4.801066104344215,-4.895071479834828,-4.871603931113982,-5.034331617888211,-4.8168686175461515,-4.9535077671245356,-4.871912972614455,-4.881552331210201,-4.880798605751199,-4.8816680294506165,-4.881493468200709,-4.881545806935976
2010-04-05,-5.208737640226428,-5.160157795273067,-5.167156959594755,-5.092698938617871,-5.161844580438438,-5.158622271292521,-5.1763635633754195,-5.110667502407418,-5.172246635090522,-5.158278798095906,-5.157871965850357,-5.1623005276762015,-5.157768830591427,-5.157679252918397,-5.15782329647712
2010-04-06,-5.116313852939095,-5.23068154310013,-5.230891601437227,-5.141003318396241,-5.233764472821097,-5.2315590023867315,-5.215277615662543,-5.162858432104648,-5.245414765179482,-5.231484107935798,-5.22320974011135,-5.232392878399313,-5.223316861810926,-5.222933828954432,-5.223125551992033
2010-04-07,-5.311729292077589,-4.835808339384515,-4.943744095892328,-4.752989400034102,-4.828790092100102,-4.837831015612878,-4.979761626075418,-4.772904342185912,-4.852155042683919,-4.841911538961347,-4.843917089561634,-4.846257810330684,-4.844065460952412,-4.8437647198419755,-4.843881077413902
2010-04-08,-5.33791907261508,-5.122542158479402,-5.0934871922917235,-5.054174211371051,-5.108030147429468,-5.131140156182679,-5.086726138630277,-5.075888062169222,-5.086958540702112,-5.1367590860791355,-5.1160715361417735,-5.122957094669111,-5.116316746029806,-5.1160307076004345,-5.116024651803736
2010-04-09,-4.571577706979849,-5.052686388008072,-5.119156250647772,-4.981160374659989,-5.062887587766118,-5.044708828123778,-5.151721102058385,-5.000233760183498,-5.091117891195979,-5.043161289460254,-5.057096955984585,-5.059253392106594,-5.057206975360948,-5.056974218771783,-5.057037724089026
2010-04-12,-4.406563475194376,-5.1704229201702905,-5.234557076926536,-5.10043137214968,-5.186036437115989,-5.172760267741128,-5.266344879139901,-5.117412535029921,-5.212560416630533,-5.174760093924955,-5.1757039872895865,-5.1765906904031045,-5.175847035146178,-5.175637055166984,-5.1756685717436905
2010-04-13,-4.413943977081477,-5.031599097221799,-5.087148633201752,-4.956970788446169,-5.034097445654052,-5.027813550570466,-5.113575875351491,-4.969842066467148,-5.052725599717005,-5.028909038333608,-5.0352341552203965,-5.0364257785656585,-5.035458794651601,-5.035080020068321,-5.03517296323669
2010-04-14,-4.325216594729881,-5.212386016119597,-5.190581819190592,-5.136675932381742,-5.221427134410571,-5.217808656699605,-5.176658788408448,-5.142619456790179,-5.222486317483898,-5.221616551233004,-5.203743761469799,-5.212756198694292,-5.203869462590776,-5.2036071409374784,-5.203666774640968
2010-04-15,-4.225142134228627,-5.2417736137727085,-5.217315120804233,-5.154973460033225,-5.2539972407210715,-5.24163839206869,-5.196761619304929,-5.16022558295744,-5.248105896312252,-5.246291493200355,-5.232953862961409,-5.241287292282404,-5.233146640854956,-5.2328013599565475,-5.232875961430183
2010-04-16,-4.597993761198528,-4.222686314098135,-4.284378160880811,-4.111949628586928,-4.217118255889836,-4.218112899486094,-4.266997943486199,-4.113840129831546,-4.184158090647587,-4.219030113757803,-4.218138153780697,-4.228272724564062,-4.218948776920754,-4.217865028888954,-4.2180392272247555
2010-04-19,-4.703608130264592,-4.438031284153783,-4.5279488744137515,-4.339108123729466,-4.417627031404015,-4.444118717712448,-4.540294515079561,-4.34076422556661,-4.417461683431512,-4.44668489526349,-4.441842635180211,-4.445956623124284,-4.442002671385293,-4.44165754496367,-4.441771405694422
2010-04-20,-4.150587830976324,-4.733864314380818,-4.7677159572091865,-4.63529342730531,-4.745006340870722,-4.739287228140703,-4.763582064843412,-4.638877969941818,-4.736741425156094,-4.740044359601613,-4.730548404657165,-4.739302069303464,-4.730787814800279,-4.730405309220588,-4.730496960685802
2010-04-21,-3.9636068715493704,-4.498517323570189,-4.550465009027668,-4.40300172616945,-4.507544318767032,-4.5073620587029755,-4.550841709812354,-4.40267573787488,-4.512344242802855,-4.508660408477634,-4.498225122602062,-4.501611716962588,-4.49867737271578,-4.498060288730083,-4.498163249822378
2010-04-22,-3.995406533877461,-4.416083380829199,-4.402228727163691,-4.34027522528734,-4.412187589899481,-4.4262123111734875,-4.388013417258231,-4.338984632520512,-4.402378051781924,-4.427304450536123,-4.410949844295176,-4.416406095817926,-4.411026725009717,-4.410849012153017,-4.410898381728015
2010-04-23,-3.8663220543147454,-4.567436169409696,-4.560271438390605,-4.4890442275821965,-4.588629813072257,-4.570364384208008,-4.552882833336316,-4.4890528979193824,-4.577662354692387,-4.57175541047615,-4.5625669590021865,-4.568602396302389,-4.562697948466704,-4.5624959627251505,-4.562520689839934
2010-04-26,-3.8480782020365822,-4.696061798606715,-4.7317271269644365,-4.611941998702064,-4.71274478937866,-4.697012758971274,-4.726255348796596,-4.6121647346960915,-4.712135976746154,-4.696930026286698,-4.694727771927227,-4.698255687628669,-4.694833640063109,-4.694593861550507,-4.694680412505444
2010-04-27,-3.8998879036544434,-3.960345833925514,-4.061353232287286,-3.885998245282347,-3.9873276323280216,-3.957322773705724,-4.08765084920495,-3.8870576149580858,-4.0248708520587035,-3.9578407565710303,-3.967826711691637,-3.9679637760253774,-3.967814273341361,-3.967806465107623,-3.967819289545574
2010-04-28,-3.8696116054142675,-3.990499352451611,-4.065027172798388,-3.920368916299011,-4.026389369741879,-3.9864069978326393,-4.093291752286428,-3.9190483701308754,-4.085802334193425,-3.9851753093286124,-3.996233806845113,-3.995518653574745,-3.9963670481761406,-3.9960973080333373,-3.996204387794299
2010-04-29,-1.5897899351728109,-4.365455118734155,-4.316526185972697,-4.309964609764343,-4.426634736483348,-4.362793101596061,-4.309637246801092,-4.301632276886698,-4.437774497779372,-4.35995124426593,-4.359514380509075,-4.364841384745345,-4.3598131258708905,-4.359379810657679,-4.359443649225789
2010-04-30,-1.46034812445568,-3.9558509340879415,-4.003686840671688,-3.898217393359223,-3.999798015320995,-3.9589985553566165,-4.0161417988637345,-3.891304270802589,-4.037817346251068,-3.9575184959371446,-3.957882783629346,-3.958172784873174,-3.9579991721198793,-3.957790499017486,-3.957834183443377
2010-05-03,-1.4215671735689785,-4.1903511359682,-4.234120387163727,-4.125827535920646,-4.227087362472609,-4.194244119251989,-4.2345907497569355,-4.118820211259503,-4.257175631583816,-4.194790876573519,-4.191713664397713,-4.19174434893605,-4.19177504788811,-4.191638532813647,-4.191674353119188
2010-05-04,-1.4216423927190147,-3.836223039923436,-3.9113059567332686,-3.786949680562875,-3.8637721816344,-3.834475260333155,-3.928486331161145,-3.7809361860700292,-3.9034076209158206,-3.835196410668119,-3.8418522503209376,-3.8406166010409377,-3.841812281537451,-3.84183993089483,-3.8418507322415407
2010-05-05,-1.4297596245300666,-3.839496387570957,-3.7539180747702567,-3.7515153255556686,-3.86531194252342,-3.8473950486360846,-3.6781969948017146,-3.7252374111003275,-3.8604064706120838,-3.8487532491804664,-3.821472477857746,-3.835481969516534,-3.8218186397408,-3.821307683773635,-3.8213896361161184
2010-05-06,-2.838392637284334,-1.496238445740644,-1.5325976895224835,-1.556562018332926,-1.5602174091583114,-1.4869706184107405,-1.604400135980331,-1.5781198904655624,-1.622242046668245,-1.4872836648788967,-1.5140511623270665,-1.498186655405064,-1.5137590353049808,-1.514223402476609,-1.5141593483820404
2010-05-07,-3.362777870959758,-1.956037838969632,-1.9937882327493834,-1.97656851136368,-1.995115476632384,-1.958683080870565,-2.0331292468307276,-1.9913419724117238,-2.0415170797375572,-1.9574517442396382,-1.9658979257996527,-1.9569569610617037,-1.9656722743353103,-1.9660705305778063,-1.965957653587343
2010-05-10,-3.388459109284457,-2.2686544067648664,-2.54323054666331,-2.2773411554610363,-2.3118750195577564,-2.2666445754746327,-2.6622272260394086,-2.318497392024128,-2.375524975649551,-2.2674165069032615,-2.3043791733662045,-2.287673491765013,-2.3041025641542423,-2.304641327732367,-2.3045007884514987
2010-05-11,-3.2672875428098607,-2.4472449457871903,-2.7970678519779324,-2.4409036162811866,-2.4802017532519565,-2.4481734223557052,-2.9263874659960085,-2.4810476499415075,-2.5498214397489534,-2.4490708293805876,-2.4895322567905733,-2.4761408462942205,-2.488963179558246,-2.4898329804461583,-2.48967495805943
2010-05-12,-3.0518644657918346,-2.6391507385351325,-2.9937624779606,-2.630217663992286,-2.6814119601550046,-2.639601709668337,-3.1258154576078128,-2.672818494676979,-2.746997170362993,-2.6406361865943553,-2.68204580889201,-2.66633695251484,-2.681561747797052,-2.6823960368110913,-2.6821999901529874
2010-05-13,-2.769622184828795,-3.2425861785425925,-3.492982240944613,-3.260813726233404,-3.2736873636942625,-3.244960197597838,-3.5912075504750267,-3.2937055484202147,-3.331633318955065,-3.2450398762932373,-3.276782065884418,-3.25891819059085,-3.276850234870302,-3.2771256834269096,-3.2769202898791963
2010-05-14,-2.5950759098909946,-3.187409640323388,-3.3699372238440244,-3.221190850895833,-3.2298041232694743,-3.1846563640667505,-3.4671228167238004,-3.2536501063374343,-3.2970438613282025,-3.1848631767280278,-3.2154160001984606,-3.199878313204012,-3.2150001370808607,-3.2156193450965436,-3.2155275539704986
2010-05-17,-2.6427234279134137,-3.1459811326304057,-3.266706840322274,-3.1657045544290887,-3.1724336323752342,-3.1486938116009715,-3.3295927682988733,-3.186880593351606,-3.2108226877370036,-3.1486106793066555,-3.1643005504986124,-3.154542265432784,-3.163986235729573,-3.1644216769991766,-3.1643737884704533
2010-05-18,-2.599809794665247,-3.069906728640723,-3.2467856422458596,-3.091451157507927,-3.0988956088587853,-3.0728529448701325,-3.331675786898616,-3.1172422868615812,-3.133570407366697,-3.0730710372674968,-3.094710807880937,-3.083357219399945,-3.0944654539218885,-3.094920858367244,-3.0948048769421743
2010-05-19,-2.6350908201313543,-2.9187385445213394,-2.999991988097035,-2.94445879213701,-2.958095815319652,-2.920906978516218,-3.038391418640091,-2.9626172779660704,-3.0000121912850295,-2.9213848633861152,-2.9313713865852526,-2.923673338839732,-2.931269598406097,-2.931523387311036,-2.9314334045408774
2010-05-20,-2.860139327530896,-2.666483054192791,-2.768486856290567,-2.701031880993655,-2.7111576385044356,-2.6672763597527394,-2.825210116721731,-2.7207060990481473,-2.7563433119933047,-2.668363786019713,-2.683455307111164,-2.672234853953172,-2.68314003622473,-2.683680903700224,-2.683540684059924
2010-05-21,-3.109544793630055,-2.558063655602975,-2.6695310704908968,-2.5783495166781174,-2.5901250130974773,-2.5598342636100564,-2.7148507254865253,-2.5959114160902823,-2.6195424230495123,-2.560274604726697,-2.5734115565150795,-2.564849594436544,-2.5730474090067066,-2.5735083430526204,-2.5734686137810447
2010-05-24,-3.0571640145335612,-2.928736922959704,-3.162234443889734,-2.94692582491664,-2.966180307962336,-2.9263780311928267,-3.2597086875836494,-2.97328266472336,-3.0124324214117775,-2.926970303612298,-2.959705752653471,-2.946364741627426,-2.9592946865572847,-2.9598538560825234,-2.9598183266764786
2010-05-25,-3.291119235709176,-2.67854691298827,-2.833389932704959,-2.7127437106607553,-2.7206195861638824,-2.6769678105482515,-2.91534193812579,-2.736206297095279,-2.767917757134947,-2.676687333559992,-2.702883930205322,-2.688187742010996,-2.702565872009602,-2.703080668200037,-2.7029929653544422
2010-05-26,-3.462272843082098,-2.7845437428814286,-3.0140958760463015,-2.814240978308532,-2.822713061826389,-2.7842377018078914,-3.107027587410114,-2.8419086138405683,-2.8774353931703653,-2.7858761285212723,-2.8155559199452376,-2.802297671882648,-2.815335611599479,-2.8157843039874964,-2.815657849456229
2010-05-27,-3.3947478531728894,-3.125470149611596,-3.3717793097325095,-3.148870408332305,-3.163172352700066,-3.121620624913629,-3.461374816981225,-3.1791519437356572,-3.210697714299412,-3.122908136874059,-3.156857822590628,-3.1442531674288112,-3.156615837265861,-3.1570903213326513,-3.156974175928159
2010-05-28,-3.437950530779082,-3.053545758306812,-3.1990339932699383,-3.09528900647779,-3.103593050031575,-3.054386649856788,-3.269975031143859,-3.120558761902049,-3.1638649271756067,-3.056669663801609,-3.076196340324442,-3.062589453089445,-3.076107440928743,-3.076409130200952,-3.0762928259615823
2010-06-01,-3.3193917676564735,-2.995964666535593,-3.2211318665853867,-3.035333636551842,-3.045441660828729,-2.9955734847493805,-3.3149997772884965,-3.069845504405517,-3.1114447468011983,-2.996025717606584,-3.0290057204658445,-3.012259224157293,-3.0288012998400244,-3.0292928314446694,-3.0291227475477376
2010-06-02,-3.2255478496693373,-3.339201077924996,-3.55972811262537,-3.3766483044671207,-3.3894831087704387,-3.336284539209458,-3.6349909591068883,-3.410859895665585,-3.454412063419607,-3.33760831313475,-3.3688699928463124,-3.356417218101124,-3.368730912546198,-3.3691434141531644,-3.368996418803415
2010-06-03,-3.2122221281256285,-3.38664201696415,-3.5420553784080027,-3.4189015916247203,-3.4484867501052596,-3.389035130908016,-3.606860645948928,-3.4483317426089397,-3.5104967519634216,-3.3922381839675024,-3.409679657432338,-3.398364397608484,-3.409552749289252,-3.409930358297002,-3.4097885421003142
2010-06-04,-3.2527726086140167,-3.2226631770022625,-3.398879273575796,-3.278423698951323,-3.2888773500545945,-3.214921833464882,-3.4826025398722105,-3.3082525637908047,-3.362163088741915,-3.2131769544609114,-3.2496071106635327,-3.2318006088628635,-3.249351681304131,-3.2498492455768493,-3.2497356084557065
2010-06-07,-3.3299726964772063,-3.2439310801680463,-3.3874524130160015,-3.260172702037673,-3.2967715972440925,-3.249072860306777,-3.450944593997776,-3.2810051344538835,-3.3513427801604463,-3.2512477004363842,-3.265845107917969,-3.254437287577276,-3.265671380993846,-3.2660224437475627,-3.265933872309632
2010-06-08,-3.6934229941967396,-3.093276331989385,-3.1982224206851573,-3.0970124795131935,-3.1437327101544104,-3.099276117970679,-3.243569660630675,-3.1118523055908414,-3.194490613703091,-3.1014138190899154,-3.108019955608841,-3.0982220506342792,-3.1078321161379114,-3.108197821172677,-3.10807856744719
2010-06-09,-3.922120400144467,-3.247015280906138,-3.4107604681790535,-3.23658624791272,-3.3047451699839776,-3.2540106361632746,-3.4587303339892728,-3.2553152352281605,-3.3693778036525246,-3.2566366482870723,-3.2672589565010384,-3.257507561753942,-3.2671264679491934,-3.2674738748698786,-3.267327345313125
2010-06-10,-3.975288910003495,-3.38395612465894,-3.5294393954039096,-3.385953239447171,-3.427398775580884,-3.3859578008579403,-3.5873389490208236,-3.400638429444918,-3.472307471260589,-3.3889517943778475,-3.40342572098443,-3.394185196863333,-3.4034742341944577,-3.403602590328934,-3.40349214910274
2010-06-11,-4.211901344949063,-3.38653213635934,-3.5958950981681324,-3.383002623413356,-3.4252807852362857,-3.3905774409624247,-3.6705633303251646,-3.408921411022399,-3.4798188620206747,-3.392572165514877,-3.41462484528564,-3.403883394894458,-3.414369906709512,-3.414673599373191,-3.4147163288986757
2010-06-14,-4.2636767145870795,-3.512064407552737,-3.6936511600446083,-3.493526062839262,-3.55190146920362,-3.514207617669912,-3.7433443132921744,-3.5117875742380464,-3.597292898974622,-3.5177160887320404,-3.5331004024024977,-3.5267667297144207,-3.533224299750939,-3.533184154764089,-3.5331638085807873
2010-06-15,-4.109899235293791,-3.829237624085611,-4.021638692900338,-3.813935525077686,-3.859146373543662,-3.836093447965335,-4.089771662812344,-3.829310459287366,-3.9077799688012536,-3.8420475276619848,-3.8545195287636487,-3.84611629066734,-3.854289715885199,-3.854698786081925,-3.8545918818468725
2010-06-16,-3.910786842037873,-3.885847824051978,-4.011553630138263,-3.866448858423281,-3.920993063162532,-3.892479366112074,-4.0381490873078825,-3.8790730526575334,-3.968391152597853,-3.9000870815173414,-3.899995292859458,-3.8946041286875257,-3.9001091279408544,-3.9000498080122847,-3.900044667485121
2010-06-17,-3.799816413688512,-3.7868551257750274,-4.003266769256061,-3.7779880567290505,-3.8118327862276553,-3.7918210382109176,-4.07708826332961,-3.8010884899179382,-3.8682172664205385,-3.796415002799085,-3.815081148280779,-3.805186879098597,-3.814891353209717,-3.8152903312836886,-3.8151773730701524
2010-06-18,-3.5870836956971237,-4.229771099294454,-4.337998828477884,-4.214875869290834,-4.252251102400426,-4.2338080627706445,-4.381373922670685,-4.220793411769552,-4.2915758961222075,-4.238103546395004,-4.244373479022425,-4.23836660980823,-4.244086448850163,-4.244482411790154,-4.244425734336121
2010-06-21,-3.5817021480688838,-3.993400745532508,-4.140607967952527,-3.993313705665296,-4.023654138174973,-3.9950621898233263,-4.19486905995466,-4.012412017812717,-4.072081174597051,-3.996870392067828,-4.01433326966382,-4.004064758949715,-4.014214141871158,-4.014550891916597,-4.0144174152650365
2010-06-22,-3.385090894368804,-3.828746935713297,-3.9457287805311476,-3.8251104803386053,-3.8607340795924827,-3.8348616605916432,-3.994471111428383,-3.8413583569773855,-3.9064430467467814,-3.8361867802388945,-3.845398965661208,-3.8367544229148254,-3.845202961936291,-3.845580917990847,-3.8454648621368843
2010-06-23,-3.3781712070827923,-3.67121202532473,-3.758577510988885,-3.6509024375363355,-3.6949389771080634,-3.6737555155016888,-3.799927368703101,-3.6589487011557247,-3.7189783387797584,-3.672870994969248,-3.6840564767093418,-3.678374576469164,-3.683778674133014,-3.6841207070549933,-3.684093997627313
2010-06-24,-3.2325488979295462,-3.622790466899744,-3.7051587288408645,-3.600071135527923,-3.6458200149311533,-3.6229829560097935,-3.743513389594382,-3.6058408617846496,-3.6756566489833844,-3.621126567224548,-3.634555855396084,-3.6293376203833194,-3.634622916575169,-3.634563497254609,-3.6345938378461655
2010-06-25,-3.2300813198829728,-3.5329186285636505,-3.6408719017761606,-3.519811835797179,-3.563133182845529,-3.5328746334161876,-3.678536329162604,-3.5297938176003907,-3.5902313147252403,-3.533814083376943,-3.547357820255228,-3.54150914399244,-3.547273872942135,-3.5474185807217964,-3.5474057370543552
2010-06-28,-3.107545385004975,-3.7595144213669824,-3.8874344246940757,-3.736307518692291,-3.782454830404987,-3.761940614386049,-3.9315758141123083,-3.7478063453053254,-3.8049031635076602,-3.762600574686476,-3.775489796243859,-3.7695124685567247,-3.775308034951892,-3.7755257788123027,-3.7755320612791765
2010-06-29,-3.2551892063036156,-3.2993240433139053,-3.4426694974338057,-3.28961611809151,-3.327258181236051,-3.3014030800401377,-3.5062205886421336,-3.3055280903074866,-3.3724074703052858,-3.30233847486415,-3.3202276792812606,-3.309167295546447,-3.3199087598926007,-3.320355329411452,-3.3203022652653313
2010-06-30,-3.321256566585723,-3.457926103524828,-3.613105464132035,-3.4363233999006346,-3.488143022184865,-3.4618085855121787,-3.6687525972558737,-3.454372090168069,-3.5246921086284297,-3.4637195423273384,-3.478798879154388,-3.4698078934056893,-3.4783911110469505,-3.478920522560162,-3.4788646867402067
2010-07-01,-3.6236356780704235,-3.207513890029971,-3.231773249598363,-3.1678105769173546,-3.2353475869851893,-3.218005852410489,-3.2406546247376222,-3.1666930032508724,-3.2559001377551713,-3.2249092968131756,-3.2098424246407133,-3.208240011276567,-3.209846331562394,-3.2099134032995815,-3.209857309679692
2010-07-02,-3.7524775878942465,-3.380602307802565,-3.495499410035844,-3.3462626607710653,-3.4097988937421455,-3.384621215502076,-3.5331583887388387,-3.3507559393422315,-3.4432428558082138,-3.38673801980525,-3.394027774455803,-3.389200237502517,-3.393852136000679,-3.394071506066343,-3.394064016066949
2010-07-06,-4.036304011676772,-3.2521799318086666,-3.4027422765958044,-3.2253866270984863,-3.2724003116524565,-3.253267178486464,-3.461945053488862,-3.235045197936439,-3.311280196281282,-3.2538626054387083,-3.272290551888537,-3.2650377574868408,-3.272101184924612,-3.272346557885769,-3.2723361815894347
2010-07-07,-4.108009046090864,-3.514670230442849,-3.6266319395457023,-3.472313574820809,-3.524909075787143,-3.518486751711041,-3.6683449989874273,-3.476829753306949,-3.5541635658907142,-3.519021069100466,-3.5281764318930047,-3.5232022100239835,-3.528782999630669,-3.5282148042448567,-3.5282134493279926
2010-07-08,-4.046750801923196,-3.583943635735076,-3.6869346209855602,-3.5514579926498095,-3.584257909548048,-3.595216708908568,-3.7254808517357043,-3.5591656740934097,-3.6008246275210434,-3.600073825500386,-3.597160678660363,-3.5909744538781867,-3.597133741558232,-3.5972062306492316,-3.5971999281499345
2010-07-09,-3.867387900080297,-3.903357946120433,-4.054298002418111,-3.8528280873076564,-3.924095847583553,-3.9074480787989105,-4.085950403431771,-3.8599470245972167,-3.94714636611912,-3.909443250495549,-3.919107887125683,-3.914658381142683,-3.919061250212924,-3.9190887874033304,-3.9191371337921206
2010-07-12,-3.8254689548608027,-3.824461746252178,-3.9740818072974995,-3.782504858713516,-3.8347862106397046,-3.8312089169086843,-4.009690189373914,-3.792719583820894,-3.8506306220973765,-3.833918270145554,-3.8404493467317375,-3.834388535022733,-3.840288203845524,-3.840410695898649,-3.8404784313183677
2010-07-13,-3.7130671794947507,-4.023880725638679,-4.127382668639182,-4.000687959190663,-4.048731942273182,-4.029435175464999,-4.163103113249746,-4.009645507294144,-4.081555891809907,-4.031836284785252,-4.0374922699237,-4.029713318772042,-4.037395276414327,-4.0375565048932325,-4.03754352200502
2010-07-14,-3.566688266805675,-3.988432733451944,-4.135756882179997,-3.9489412843601226,-4.026814379552945,-3.994846953567879,-4.169392125960745,-3.956826911881779,-4.059943891855867,-3.998299329051475,-4.0050967695217565,-3.999968277979281,-4.004992314316431,-4.005144550533448,-4.005137025627811
2010-07-15,-3.606297082506741,-3.827236416225353,-3.94243303896073,-3.77749884811562,-3.8534542567947803,-3.8278006066359853,-3.9669108622262397,-3.780203450558043,-3.872804574793894,-3.8270445235171056,-3.837773762731524,-3.835626177829757,-3.837713944821137,-3.8377077755612277,-3.837789474401744
2010-07-16,-3.5893210933671846,-3.713207151250727,-3.8853655630984845,-3.6833619838488194,-3.7331034918142745,-3.704492513971518,-3.942252508863257,-3.6966768899949574,-3.7639641883501325,-3.7018150746995544,-3.7354466896875818,-3.727512740376411,-3.735235555700438,-3.7354878734028034,-3.7355008888610657
2010-07-19,-3.6686184267352515,-3.776108911925957,-3.9457277239321003,-3.725029856116638,-3.7927267310493535,-3.7873812581713286,-3.9777274976974857,-3.7372002627115672,-3.8109125991527564,-3.797016270333109,-3.794133159349915,-3.790185783312135,-3.794015724835124,-3.7941546664083936,-3.7941738740616713
2010-07-20,-3.768098744315585,-3.671122141254882,-3.768142674098046,-3.630433069547243,-3.692991640782698,-3.6785803297333244,-3.7998973993057534,-3.635581843858584,-3.7178621254924518,-3.6843267951461716,-3.682892140019547,-3.67822837230406,-3.68294091514736,-3.6829644655064144,-3.6829258858192575
2010-07-21,-3.964730826550872,-3.505858369245108,-3.6373348184967442,-3.4639933195791253,-3.5345781659969533,-3.512396076429579,-3.6790902971048265,-3.4726467989575283,-3.5542489018232097,-3.5187640152534967,-3.5226393035127725,-3.518967200323508,-3.522578972496551,-3.522723647056676,-3.5226720725719542
2010-07-22,-3.876161120234799,-3.7096267068791016,-3.8017672112065024,-3.682586989422263,-3.727342388800701,-3.7108641221191005,-3.843016874109043,-3.691134928710699,-3.729549653751371,-3.712632354108579,-3.722083383187848,-3.7204186436648334,-3.722516194814093,-3.7221348197635447,-3.7221212644436843
2010-07-23,-3.9057318681013133,-3.5608371526656324,-3.707446756502635,-3.5349488757316267,-3.5913934006432697,-3.562322236584984,-3.753931961938509,-3.5515926069293884,-3.608988739574469,-3.567124657727991,-3.5796987471723725,-3.5732770213490657,-3.5796606939194686,-3.579832059319145,-3.5797619313329765
2010-07-26,-3.9237273181585794,-3.912530466957983,-4.04575983092914,-3.870578209845759,-3.929384974602256,-3.9169187404247996,-4.089986474049247,-3.878640952126661,-3.95576875746292,-3.9217267884771387,-3.92982848320513,-3.9243028518583714,-3.929741759084483,-3.9299012871110746,-3.929879110601622
2010-07-27,-3.96350308823093,-3.886933254176901,-3.9435176730096124,-3.846347383199429,-3.9174290374368224,-3.8864092747560885,-3.946618289626612,-3.848892012947953,-3.9364680071739895,-3.8852073498273096,-3.891104456253826,-3.891131567889056,-3.89136710995668,-3.891114480044883,-3.891129943785137
2010-07-28,-4.003419066198852,-3.950710021984553,-4.070889971538385,-3.9118001254653287,-3.995250122485028,-3.9437353425303208,-4.1102113753671725,-3.9194307062689715,-4.026256035161412,-3.937675678245286,-3.965682191669648,-3.961655040274592,-3.9656715319593054,-3.965706641590792,-3.9657270744613156
2010-07-29,-4.273966913297444,-3.7103331486272384,-3.81891313763361,-3.690887011202331,-3.7578343626529156,-3.7086052896958197,-3.8610509163403637,-3.6997995457679136,-3.7870096448732364,-3.7073883987748077,-3.72584293018257,-3.720790195138592,-3.725951209501415,-3.725846634848111,-3.72588242445312
2010-07-30,-4.407794431402818,-3.741875367052543,-3.8684466481134585,-3.7307611461146153,-3.772000950320544,-3.74019934201393,-3.925546394989809,-3.741107563386378,-3.8022986724041594,-3.738665800288789,-3.761055104143878,-3.753044151631944,-3.7608607471217312,-3.7610763772529148,-3.7611111283811893
2010-08-02,-4.482015035478079,-4.0882185449094495,-4.174921393042061,-4.072846306997213,-4.112102319341411,-4.086878577701872,-4.22714545178578,-4.0792612290578365,-4.132672621986232,-4.084101887408077,-4.103361981131026,-4.094666476471196,-4.103174982722301,-4.103299551513986,-4.103408504666998
2010-08-03,-4.239221425037672,-4.0978135731546095,-4.191321192376397,-4.06544023844934,-4.114891979487414,-4.0924159909971705,-4.227337344537657,-4.071651481300111,-4.1262332733871,-4.086485562310181,-4.110851692428746,-4.106167928629677,-4.110917153247596,-4.1108135166737405,-4.110892575035027
2010-08-04,-4.2346407936866655,-4.093056145180019,-4.217955283931108,-4.0749251891995,-4.122317782143563,-4.091852607914988,-4.2644108468720505,-4.085754110137674,-4.151659245932389,-4.093663095796657,-4.111266367287392,-4.106484287556048,-4.111127565245099,-4.111315414379845,-4.111326644997638
2010-08-05,-4.136802881811015,-4.365732031986,-4.422429903384794,-4.336149081318687,-4.392787182285037,-4.369764889759885,-4.435205118265479,-4.338989856506268,-4.415344704022845,-4.369978355938253,-4.373040837174008,-4.372553601396005,-4.374194489987957,-4.372981830675801,-4.373056865773067
2010-08-06,-4.249704096378942,-4.112311899063923,-4.230394962875371,-4.092475575765345,-4.139407386529082,-4.1092720876904165,-4.284109199130848,-4.103594416563917,-4.164015160725006,-4.104605322062375,-4.131156267243513,-4.12284550305603,-4.130999781955842,-4.131146595816912,-4.131208729683954
2010-08-09,-4.163959465014665,-4.540296011626868,-4.6712393976907425,-4.494989258020237,-4.560899944411711,-4.538658460066865,-4.7127009257228565,-4.498294142398115,-4.584357820056742,-4.537037812405797,-4.557458889456221,-4.552301380479994,-4.557286268228946,-4.557437509860023,-4.557502244285063
2010-08-10,-4.416796780463384,-3.9478542942640833,-4.156683293043322,-3.923852579576621,-3.990622972054156,-3.943242825310106,-4.230704710989267,-3.932970047879509,-4.032728969638538,-3.9407321831604807,-3.977699896150695,-3.9669117795650606,-3.97744746366329,-3.9778031133924694,-3.977773205722224
2010-08-11,-4.3991153797821605,-4.195818004446725,-4.310317484436177,-4.157969225373944,-4.223147077813982,-4.1954749579824515,-4.346770154661182,-4.159309718073038,-4.244032827483339,-4.19535214154258,-4.2099741708780565,-4.205144427856121,-4.21028492687489,-4.209967835403601,-4.209996279882887
2010-08-12,-4.195114932716268,-4.094832160309256,-4.159095559316507,-4.077260441251559,-4.130279048780408,-4.0958291905913065,-4.187400375921735,-4.078885730866448,-4.153967869942635,-4.097472283451302,-4.105299594222415,-4.099850336538157,-4.105252507430745,-4.105347751668602,-4.10533641955656
2010-08-13,-4.161236216533145,-4.241102801396647,-4.371570719221089,-4.1981537064133585,-4.253234283604591,-4.238961005286589,-4.410037433956232,-4.201971661353744,-4.264728642186524,-4.236856675653173,-4.257495738500737,-4.252242634251374,-4.257395772044962,-4.257427126242979,-4.2575247655666395
2010-08-16,-4.114759050160053,-4.180674658657908,-4.328294740321487,-4.147396660667237,-4.192380034610301,-4.181591873163861,-4.379348015494714,-4.154862109240819,-4.202601615218895,-4.181577599092011,-4.200890090735329,-4.1938451188493,-4.200940295425522,-4.200855115060277,-4.200941834045132
2010-08-17,-3.9050685648398993,-4.383407173959186,-4.469161554364362,-4.3482740372224855,-4.386474946954373,-4.3861559196065825,-4.504932764641446,-4.350594951661677,-4.388462486278618,-4.387787664408521,-4.396609655877578,-4.390701702408502,-4.396486385081613,-4.396620787565633,-4.396649372944334
2010-08-18,-3.782515668932326,-4.257364142701748,-4.372283754876993,-4.216806594184089,-4.2755185096845105,-4.250377760518182,-4.409192002639522,-4.221102649682415,-4.292771779572509,-4.246904189338733,-4.272137728577184,-4.267415176166431,-4.272028451699184,-4.272096213533835,-4.2721877802130805
2010-08-19,-3.8230255823493775,-3.927449784530761,-4.013249347148293,-3.9087504714646855,-3.958164521925564,-3.921762324546197,-4.057775528060077,-3.915354324739814,-3.989227194029408,-3.9190440018475754,-3.941761728534389,-3.934049513848113,-3.941444069936539,-3.9418295461645876,-3.9418124347364873
2010-08-20,-3.582858316536851,-4.167032329064378,-4.303195870037421,-4.129823275842705,-4.1820323101722074,-4.165769673947309,-4.344169191732005,-4.131791239284954,-4.198956269444458,-4.165196565706505,-4.184490869824639,-4.178640077292769,-4.184285728724782,-4.184414627363365,-4.184519296512
2010-08-23,-3.6109831842598217,-4.100535199364915,-4.266672920254353,-4.068381820876087,-4.12682341025126,-4.103547876696146,-4.336367730113489,-4.075714216773718,-4.155134367845196,-4.105097493142952,-4.125461317313593,-4.116353539207101,-4.125168751391654,-4.125550071184433,-4.12553669647426
2010-08-24,-3.5632491214677384,-3.833140489388804,-3.9983889540053124,-3.792010288498582,-3.858260152465712,-3.8352321020070153,-4.067318978599742,-3.801214389122465,-3.9002866575753656,-3.8376146340439736,-3.857834945027278,-3.846945659115662,-3.857520286367856,-3.8579601316653167,-3.8578978522991765
2010-08-25,-3.5956654438314684,-3.795265195304546,-3.978127657034681,-3.7557824386762775,-3.831037765094157,-3.7951950943408383,-4.041309429813447,-3.7684557276673285,-3.871280885791413,-3.7959747836241386,-3.8198194005649406,-3.813136595751024,-3.8196315546646695,-3.819925263610971,-3.819886802225114
2010-08-26,-3.708200852000827,-3.834294729587166,-3.973528709826433,-3.7901466162120667,-3.871319193926172,-3.8300001859699817,-4.029798652710332,-3.796990627744993,-3.9074253057201442,-3.826087833482281,-3.8531389173764983,-3.8460315323065095,-3.852974686533632,-3.8531571915918743,-3.8531934945560913
2010-08-27,-4.00897227123151,-3.538312821546603,-3.7155207498122738,-3.5136024677199895,-3.585554953639273,-3.549010832816283,-3.78919781272579,-3.527692209852327,-3.6394244273783696,-3.5555228275445523,-3.564810533359105,-3.555176517669465,-3.5646322851526078,-3.5649343265020494,-3.5648898123131625
2010-08-30,-3.988970162738445,-3.9729429356413104,-4.1225608861826855,-3.9257033388148086,-3.9982759658182645,-3.975717314885936,-4.172267744233633,-3.9329067012157166,-4.038798146382281,-3.9775738234291302,-3.992512713229486,-3.9852123070985392,-3.9923970467225582,-3.992578339072571,-3.992557893677902
2010-08-31,-4.302956027193432,-3.608249800041408,-3.7149056754153555,-3.5610182632562917,-3.6347495258855034,-3.6073118014787204,-3.753268839605063,-3.5638993244528674,-3.6566645642922544,-3.6054263147846335,-3.621389368062198,-3.6152618807184913,-3.621343171502576,-3.6213671090528337,-3.621407636092802
2010-09-01,-4.4758973863494225,-3.7649049978298312,-3.892026181126612,-3.7404305839420293,-3.7981387541770446,-3.766826230335179,-3.94842089067375,-3.745016897552404,-3.843940475601845,-3.7662902153767246,-3.78396750180055,-3.774350598278696,-3.783761420211584,-3.7840606390148546,-3.784015428717176
2010-09-02,-4.541139970195715,-4.073435181515516,-4.23048109332921,-4.028004371238556,-4.103842963482656,-4.078663345951614,-4.279899471130566,-4.036792871023504,-4.141347362355926,-4.080711311888857,-4.0954165910351845,-4.0895762102962205,-4.095374572021921,-4.095553815965442,-4.095474204472559
2010-09-03,-4.615690871193415,-4.1426036494784215,-4.2912494045969805,-4.094817648628517,-4.164465025932,-4.147544500948174,-4.342422616280652,-4.09970206535536,-4.200629511124555,-4.148484601487282,-4.161625466936484,-4.155104426460003,-4.161450127383775,-4.161689799203343,-4.161667894748439
2010-09-07,-4.714853200452204,-4.069079572678095,-4.245169120024011,-4.029588903170997,-4.113712672841784,-4.076330978851784,-4.302672698775897,-4.039777465841275,-4.159030056115419,-4.082926290485852,-4.094135460768444,-4.085650065726636,-4.094281564489408,-4.0943197021033235,-4.0942000909435325
2010-09-08,-4.735199114089412,-4.308824882219764,-4.422733958998048,-4.253574100173056,-4.323292907630261,-4.311332224372757,-4.455818115627859,-4.2527243966844805,-4.344920651180875,-4.311599433339096,-4.322072282824647,-4.3190952624716505,-4.322048764712413,-4.322006456368468,-4.322082568970582
2010-09-09,-4.752755477198482,-4.3309951192957845,-4.4606523562747045,-4.278321750076883,-4.340049961455004,-4.338700570086983,-4.493650159418596,-4.280672172895676,-4.355820929816095,-4.342588812788784,-4.345713164950336,-4.341554160240529,-4.345424207690285,-4.3456520955803,-4.345718066436115
2010-09-10,-4.706477356628299,-4.560647971548399,-4.691447480350902,-4.527424261886537,-4.605386534144387,-4.563078255291742,-4.717347868770735,-4.537521214913999,-4.632450227654221,-4.561292113683863,-4.57710027146522,-4.573710339882693,-4.5773714806988615,-4.577073535628959,-4.5771451325367005
2010-09-13,-4.715250594128806,-4.525445807571462,-4.620370812016315,-4.480742103251343,-4.547533126778986,-4.5273518667804,-4.636004372612222,-4.480903757191773,-4.553899044281478,-4.528826315697122,-4.536551908339908,-4.533901999504868,-4.536681728249438,-4.536542397248343,-4.5365580213448
2010-09-14,-4.5920873570887935,-4.508023846853516,-4.56349680905421,-4.456580938092691,-4.52754472709584,-4.5143692985135395,-4.575674071201476,-4.449951797246833,-4.54438359213099,-4.517726251371385,-4.513922520582662,-4.513772741169097,-4.514152933255282,-4.513906285919774,-4.5139270327256105
2010-09-15,-4.476327292195325,-4.527115285893182,-4.612641110649077,-4.4822982803745814,-4.556251808922076,-4.532157645449014,-4.632287055379992,-4.4792665900020765,-4.582803477014138,-4.542429559953107,-4.53730393033006,-4.534802473127346,-4.537329192765246,-4.537377613077675,-4.537301730066375
2010-09-16,-4.455551556907517,-4.483162616181214,-4.673956867469948,-4.450393544249425,-4.535000706403417,-4.485230643378152,-4.730348140834778,-4.457475548726753,-4.5830702372217855,-4.490958279113331,-4.510704785792057,-4.503508545741711,-4.510662775797063,-4.510834334747601,-4.510765092166453
2010-09-17,-4.4110790360187835,-4.544991260063707,-4.613352186029069,-4.495973516260627,-4.57287589487555,-4.545846511833192,-4.639711196011118,-4.488730124517436,-4.591009169910469,-4.5499830049626535,-4.553459148992111,-4.551416133377174,-4.553419957056808,-4.553487771715849,-4.553450464513867
2010-09-20,-4.386577903027041,-4.592324754188773,-4.676978610594651,-4.535295312085981,-4.617348433809714,-4.600982643033846,-4.700392848526217,-4.533595407646796,-4.626568711968845,-4.6055333811979,-4.6020441031881365,-4.598051242475078,-4.601762577987582,-4.6021096046254915,-4.602043115329009
2010-09-21,-4.318226322189464,-4.314371412820857,-4.432862095009852,-4.270263506336715,-4.3237661365216695,-4.312050260721156,-4.4651391788526915,-4.270591288315564,-4.340005793910968,-4.310599372019817,-4.329336182711752,-4.327625821499364,-4.32946064859092,-4.329305645279044,-4.329349503193216
2010-09-22,-4.316684785168343,-4.265386372994895,-4.379265604480256,-4.2169364412839245,-4.283766139648585,-4.273794001583198,-4.413311239692267,-4.219006387070474,-4.301822112048259,-4.277878265921416,-4.280050368930577,-4.275968843332192,-4.279999999342865,-4.280074222696403,-4.280075523411775
2010-09-23,-4.108084380333285,-4.342114802136852,-4.418919968586249,-4.294632607087907,-4.363523433298563,-4.351149946667185,-4.449167686906889,-4.292652168595554,-4.383637744544414,-4.355155929326942,-4.352145903083156,-4.3486422499196085,-4.352043696436275,-4.352144118020565,-4.352162671681322
2010-09-24,-4.027096624321703,-4.358205455332266,-4.549934927153342,-4.3066132334713,-4.3728234831766315,-4.359040348316467,-4.593992793644798,-4.309396974830954,-4.392475549799773,-4.36273641393752,-4.381573011916071,-4.377338442461037,-4.381590190043048,-4.3814627416655725,-4.381603183079483
2010-09-27,-3.959391173655463,-4.427761750937592,-4.580074579702371,-4.379497600478852,-4.449395247599023,-4.435809089079494,-4.6135615251269115,-4.382755635444772,-4.464529442292486,-4.4425208836909285,-4.44634545446791,-4.442776647756588,-4.446290912831041,-4.446229691180249,-4.446356809543682
2010-09-28,-4.091221613410936,-4.14508038265965,-4.291130984569202,-4.111654542996962,-4.156993563775558,-4.149660008286798,-4.3333846069225865,-4.11618172092115,-4.168996671118994,-4.152781574495415,-4.164212077853927,-4.158083200880619,-4.164009969201362,-4.164189618808836,-4.164237660102481
2010-09-29,-4.175086830166802,-4.240297116914824,-4.376112481057255,-4.193905459933318,-4.265685535867138,-4.2427980598540564,-4.403476518256495,-4.197254511803339,-4.28643668745344,-4.247537674441092,-4.257305918875816,-4.253080911935371,-4.257280725682128,-4.257330497988992,-4.257339499734368
2010-09-30,-4.375749625345514,-3.95966819701304,-4.104895862899333,-3.9174780017353936,-3.9763916572887514,-3.9649678136541633,-4.14979722086351,-3.9217219894433155,-3.988303899663921,-3.970134126472929,-3.979476370272251,-3.972004610935127,-3.9793601137444257,-3.9794516576105634,-3.9795152882207914
2010-10-01,-4.534364047276672,-4.075753064620261,-4.246805644585051,-4.033880367611392,-4.086825759792941,-4.076556676606766,-4.301197721152328,-4.041240099760664,-4.1013483764846335,-4.08193177072059,-4.099359379060603,-4.091607096332459,-4.099058980935394,-4.09938107739667,-4.099399402545173
2010-10-04,-4.733574684864596,-4.109598368182756,-4.296593406049462,-4.0694860002271,-4.1213110108281565,-4.116190392655073,-4.366780992080116,-4.074361634720587,-4.143577888512151,-4.121064395580523,-4.13772108641764,-4.1277320261226045,-4.137592562761389,-4.137728790680467,-4.1377719861137
2010-10-05,-4.620731857700735,-4.379467439305468,-4.484127883018127,-4.318670589146002,-4.373861184376788,-4.383250989063818,-4.499939475517548,-4.313389618008437,-4.365474200536421,-4.3856061151480406,-4.388385375044668,-4.3886187308773845,-4.38857549226473,-4.388225830655796,-4.388334253015477
2010-10-06,-4.6500318917303,-4.383754415313044,-4.5378760433007805,-4.350798495394191,-4.389717605576474,-4.401109605062514,-4.574308657184906,-4.358123736126967,-4.401876057954072,-4.405139831863199,-4.403560737064916,-4.398877327772616,-4.403612672567934,-4.40361548550101,-4.403602566676231
2010-10-07,-4.70266312605576,-4.325053459623257,-4.475980409615775,-4.294309060058966,-4.335054791471482,-4.337336510491412,-4.525065465260272,-4.30028288595035,-4.341785409323373,-4.340940111015381,-4.346979065336255,-4.339945188687564,-4.34688549422786,-4.3471393413037624,-4.347022342769959
2010-10-08,-4.5128686438053185,-4.529493453091997,-4.5917535418558755,-4.491309503992907,-4.535225944659429,-4.54534791521266,-4.6168415308087845,-4.490919478750968,-4.548575316898629,-4.548151496528853,-4.5387472941839535,-4.534103223243843,-4.538663074455366,-4.53876686946491,-4.538760385285535
2010-10-11,-4.488144524668134,-4.766763148379551,-4.876090195496375,-4.71194237996811,-4.771963220743747,-4.781868190018996,-4.891267084033348,-4.713624785439368,-4.780964393393167,-4.788303503152094,-4.77954683063932,-4.774182375884424,-4.779449547959793,-4.7797515113622655,-4.779571606590824
2010-10-12,-4.311066852455509,-4.430917141573968,-4.5437406582105515,-4.3962851484024705,-4.46443781387708,-4.437205899774064,-4.578704102617713,-4.400436808443261,-4.485347582215926,-4.438931611256694,-4.446908653916744,-4.440828566929064,-4.446768131447124,-4.447020972992642,-4.446939105014729
2010-10-13,-4.169898071571086,-4.633893917883655,-4.685459365040955,-4.576119152551805,-4.621530992301248,-4.6410395808096485,-4.689747868554096,-4.572295076668117,-4.610425640129203,-4.641807460230723,-4.63746908417132,-4.638741921360115,-4.6374506078534266,-4.637408557415187,-4.637437776546623
2010-10-14,-4.054501726677193,-4.521323980987927,-4.582326960774936,-4.447197333081481,-4.494256274665252,-4.526403217190052,-4.5673779056696135,-4.4372528043520685,-4.469420019726782,-4.5282339815357595,-4.522038785700307,-4.527084362541276,-4.522233129920906,-4.5218834472759974,-4.5219866719570705
2010-10-15,-4.181488003147737,-4.273012957793309,-4.410214971037175,-4.206186383420906,-4.270443086814872,-4.276372271030985,-4.435241246679765,-4.204988391933501,-4.262514725667548,-4.277539520149327,-4.287862761437711,-4.286845299849357,-4.288076090542988,-4.287791014773363,-4.287873012259718
2010-10-18,-4.1440090228270385,-4.585130088954871,-4.701366823896954,-4.5147175885263655,-4.56886259903484,-4.58764108009658,-4.709245736609434,-4.514365684092996,-4.557962509954549,-4.588324211651864,-4.595966967351544,-4.597532975113953,-4.596128073502839,-4.595880604985989,-4.595987480962938
2010-10-19,-4.343264163666015,-4.094362732989376,-4.167467571929887,-4.048457546799176,-4.083063361059926,-4.097606470032781,-4.185650480319119,-4.045300048294126,-4.069264366874895,-4.097662986386371,-4.102388186445667,-4.100268414315233,-4.102682170661897,-4.102350095637306,-4.102403652828334
2010-10-20,-4.45412428018515,-4.1352788718689535,-4.244939216486932,-4.07941071112704,-4.143704911914677,-4.137325295784126,-4.275277624915685,-4.080439406181134,-4.140593075524689,-4.136979405702591,-4.149165729645024,-4.147335048769627,-4.149356526094394,-4.149144391713086,-4.1491913862585434
2010-10-21,-4.574430696039803,-4.036433378468623,-4.11868501913802,-3.9900548494361376,-4.054243900362487,-4.0395114831182,-4.13414014147745,-3.9938440162590982,-4.05509692337343,-4.0384082995101895,-4.046223176637659,-4.044033240506903,-4.046225126374723,-4.046260074074497,-4.046239079090691
2010-10-22,-4.589228356871038,-4.401443308509739,-4.558405436049496,-4.354629873610431,-4.415092224162376,-4.40453311508666,-4.593325510311151,-4.36105920509701,-4.432191005113448,-4.402863444905608,-4.421561954511143,-4.415903010137653,-4.42186124649971,-4.421562765981179,-4.421605655028138
2010-10-25,-4.488708771266065,-4.318967911578687,-4.499352326822786,-4.2648302336886195,-4.328550816360606,-4.320847869802598,-4.5493580722032405,-4.27408793516567,-4.3382290404893835,-4.320635502284838,-4.343300758068136,-4.337011407631682,-4.3429969023374815,-4.3433565996097405,-4.343356852525849
2010-10-26,-4.608360518512793,-4.400591271723255,-4.472009367037036,-4.358973370068719,-4.413748160957264,-4.404818749615116,-4.492112193255275,-4.3660186171254525,-4.4180372664218845,-4.403297445759834,-4.409668090681842,-4.407125964552641,-4.409891343987847,-4.409805123945613,-4.409721613024045
2010-10-27,-4.258249479723925,-4.412640452755022,-4.491771539462547,-4.369011104535235,-4.428208619759867,-4.411302850510821,-4.524819014404763,-4.3694945686532884,-4.439904382485004,-4.410748938433251,-4.423283711024408,-4.419275575295957,-4.423252960996052,-4.423332137327934,-4.423298996141712
2010-10-28,-4.370673474152637,-4.379299483171921,-4.463501784596748,-4.339051319425407,-4.437913494498431,-4.378102484993025,-4.481312804325938,-4.346309678838363,-4.468087882638565,-4.378266066621113,-4.389895110807628,-4.390704392297078,-4.390533306296989,-4.38993681084785,-4.389908764921523
2010-10-29,-4.349938461624189,-4.606696443683886,-4.663850599452766,-4.564179676566494,-4.648027336834205,-4.6037633123162305,-4.678675309005084,-4.563408056243136,-4.6702806963916945,-4.603966721604654,-4.613083789024687,-4.611799909338311,-4.613087471252279,-4.613125618179884,-4.613095495421344
2010-11-01,-4.4963778824456515,-4.329227595657899,-4.4770854897772745,-4.2877976454197055,-4.340681675570302,-4.324612627557982,-4.523447364564351,-4.2866265649359345,-4.356199216043284,-4.322317355210395,-4.34976642285023,-4.3440670854606,-4.34972990308104,-4.349696498833391,-4.349783767405657
2010-11-02,-4.350133999644658,-4.878530212476533,-4.841075074940439,-4.828491624975283,-4.901597881577737,-4.881056127373497,-4.8344826509450405,-4.820830331703058,-4.884789866386737,-4.880351144459983,-4.872173323685933,-4.878702289249814,-4.872455149801444,-4.87216340232401,-4.87215185282621
2010-11-03,-4.7051083163264735,-3.998997252051865,-4.20539624668636,-3.96528650845946,-4.0253864293342145,-3.9959214627697714,-4.270942369891383,-3.9740647492029253,-4.054801281776398,-3.996990040749514,-4.030139489232828,-4.021944525756849,-4.029990430096241,-4.030249017560619,-4.0302154321554795
2010-11-04,-4.6118272993382865,-4.563514674054219,-4.568059966447197,-4.513887696112039,-4.544509446709092,-4.567979163409309,-4.5591627904266785,-4.5103747787047945,-4.527239118162512,-4.571401531204914,-4.560274140460717,-4.565722341701067,-4.560488764084101,-4.560173092859166,-4.560242342665538
2010-11-05,-4.442293487281746,-4.4607746574224,-4.502577517864112,-4.379088224086167,-4.42795296018107,-4.460810159474957,-4.4855031308401045,-4.36969105619702,-4.394530789964292,-4.460892566219071,-4.458438793132125,-4.467566128169069,-4.458767378736449,-4.458089810502262,-4.458368854381815
2010-11-08,-4.3889707843127415,-4.616669789738543,-4.694008470861758,-4.5605804492851325,-4.607387177104028,-4.618359079149741,-4.705287698377522,-4.556025898159885,-4.607572906510742,-4.621115059698872,-4.624156885274785,-4.624415650047926,-4.62418508165924,-4.6241470436642125,-4.624145069871691
2010-11-09,-4.288605422837217,-4.346956757897012,-4.445600153848396,-4.297205205188501,-4.351498666528472,-4.346060830637091,-4.455454263755124,-4.292214775110028,-4.353798197552002,-4.34675299258976,-4.356963293968256,-4.35874997415358,-4.357098322100832,-4.356850215113232,-4.35695794319831
2010-11-10,-4.3150039886915454,-4.4797978042591655,-4.5448212386818305,-4.418956483782058,-4.475703469966039,-4.477166762782982,-4.556854639165538,-4.4122982871086895,-4.479775351372866,-4.474817617537221,-4.485244595986796,-4.486055243529023,-4.485412011603258,-4.485149069169546,-4.485226806081926
2010-11-11,-4.386869990407146,-4.4875101051793385,-4.539119338389986,-4.435109322901631,-4.51264184487403,-4.491732610708969,-4.554332991527457,-4.432141856111132,-4.527161533450755,-4.493169802347049,-4.492967203688861,-4.4889884600433225,-4.49304813078957,-4.492994642889394,-4.492964934184913
2010-11-12,-4.58542602683687,-4.253061184570063,-4.3942855359663895,-4.215297822165902,-4.276181795613692,-4.255155844351967,-4.44140010730269,-4.215769322719194,-4.30091431796332,-4.256788834205962,-4.274078317152072,-4.266837870515063,-4.274227544549248,-4.274095509085822,-4.2741091208335495
2010-11-15,-4.528209186692846,-4.428242321456693,-4.531614449854856,-4.381197338593791,-4.43302990142596,-4.431923823549654,-4.559820774640744,-4.381744396569198,-4.433493469670519,-4.4357566530335655,-4.441615885478145,-4.4366951155706005,-4.441613306113369,-4.441622400397906,-4.4416209103173205
2010-11-16,-4.663911715748545,-4.172992643005052,-4.241935905727509,-4.141685678331665,-4.157058431484793,-4.173437006116698,-4.273312403445607,-4.1405144169784025,-4.1494854034231565,-4.172347161521771,-4.183079076129135,-4.178856801850841,-4.183082681636744,-4.183008780813743,-4.18307768116275
2010-11-17,-4.76679813587878,-4.366624159894046,-4.476711441232618,-4.332180727782068,-4.375180581798636,-4.368145270871338,-4.507833793703691,-4.3310815891871455,-4.384660910902191,-4.368866407651045,-4.381533919313816,-4.379526881953574,-4.381550642398579,-4.381512546401498,-4.381555506135584
2010-11-18,-4.750175880655272,-4.583476059130087,-4.654225027954833,-4.538633521095676,-4.586446184151866,-4.588325502199102,-4.67438626154719,-4.53376321611024,-4.5917905427304895,-4.590649692918896,-4.5926541425476906,-4.591492921167438,-4.593040343193717,-4.5925679714735,-4.592638703784395
2010-11-19,-4.48288807015406,-4.652339596177034,-4.71418663488856,-4.618371292404141,-4.654275833565081,-4.64955678600592,-4.728652748909675,-4.617509667808543,-4.652529119972578,-4.646186868823494,-4.6598512578012325,-4.658962390058202,-4.659923716803981,-4.6597615868369076,-4.659848723999587
2010-11-22,-4.435907925809028,-4.420252371702612,-4.513155123217671,-4.395460450595766,-4.44076524862455,-4.423022884939234,-4.543898580448721,-4.397767833270199,-4.452337031711517,-4.4256820367194685,-4.434610897442845,-4.429999309384855,-4.434539419445403,-4.434683441741342,-4.434646793603033
2010-11-23,-4.5047532310482765,-4.488067494884359,-4.568698301406922,-4.455153226916992,-4.503571155169617,-4.487357860385472,-4.6062005744493035,-4.455673331230122,-4.515704039274866,-4.487050404950438,-4.501240706611587,-4.497749034942507,-4.501149434330225,-4.50126667743568,-4.501279966400141
2010-11-24,-4.493962904453109,-4.756367124823325,-4.848451505179885,-4.707862528125752,-4.755321935058802,-4.759151820535292,-4.877326048312961,-4.704909505968616,-4.757824627013716,-4.763223328915302,-4.768837889783105,-4.766123230416032,-4.768917935443158,-4.768774992928092,-4.768828014828275
2010-11-26,-4.50097900909491,-4.704943297336054,-4.80540118274325,-4.679805930211672,-4.700786552756702,-4.697209993575239,-4.830122931106564,-4.683955431884409,-4.707638816036485,-4.689005724873988,-4.718237627698231,-4.718738973490426,-4.718498650124309,-4.7181011235259005,-4.7182599914310055
2010-11-29,-4.832041309755714,-4.252224169658415,-4.370537753442369,-4.22218521372911,-4.261946272585027,-4.250030485148906,-4.40537271716766,-4.222930517499533,-4.272578438376635,-4.252849532304717,-4.270056949067963,-4.265542061717678,-4.270068932349155,-4.270116438602496,-4.270083532083152
2010-11-30,-4.931961012068227,-4.314714227876134,-4.4288150065985095,-4.290832159520941,-4.337360836667053,-4.313083127735256,-4.469999251357637,-4.292588250197901,-4.35700769694156,-4.3133976864290196,-4.333071674277459,-4.325356084579808,-4.333051720228866,-4.333251800511556,-4.333112384471995
2010-12-01,-4.922481468895079,-4.55246029875934,-4.629890552244753,-4.517083397156077,-4.5401420969348685,-4.550301440908248,-4.661027743364489,-4.515647408769696,-4.535435599567064,-4.549876175508718,-4.564241387935049,-4.559415639058461,-4.564289658662423,-4.5642303067115115,-4.56424690888837
2010-12-02,-4.9309001923954225,-4.619849976050571,-4.655029517551595,-4.566745537916356,-4.580683417516657,-4.620902947898346,-4.676188641950628,-4.5654323676834805,-4.562855969367146,-4.6228389646147106,-4.624223842771142,-4.625605072286593,-4.62453221721078,-4.624071240721106,-4.624198436149879
2010-12-03,-5.006723252155099,-4.624263479840146,-4.7150240108478565,-4.5707382000561285,-4.601128546949038,-4.6236098430683485,-4.735010384027015,-4.572758987928529,-4.595711502440498,-4.625718101130316,-4.634952228766782,-4.632496219954462,-4.635001623310073,-4.634805207343913,-4.6349518900202415
2010-12-06,-4.9958889353448654,-4.927694115764179,-4.991445308682646,-4.876624799528605,-4.9178015805649045,-4.928464027826129,-4.997793261460091,-4.8775356958023535,-4.9188786878351,-4.930263714596078,-4.933384130240811,-4.935924260347097,-4.933510791671552,-4.933162041996769,-4.933357945202703
2010-12-07,-5.203005200342595,-4.623706340265478,-4.720476985681919,-4.579801784341134,-4.615984027156777,-4.621514338734751,-4.742525806943578,-4.582337656222263,-4.622287173068106,-4.620964448978138,-4.6359753378865785,-4.634624077884279,-4.635998819803968,-4.635913741458104,-4.635984232218432
2010-12-08,-5.231737374667346,-4.728479249214758,-4.825512876123247,-4.675827394994797,-4.713288525851153,-4.729201293981215,-4.840269961103225,-4.6788194302787325,-4.707086092786682,-4.730559458435203,-4.73945966122506,-4.740969309215021,-4.73971781181525,-4.739244172626703,-4.7394327822385325
2010-12-09,-5.184046425487641,-4.826333878052731,-4.890436447323409,-4.780651535699853,-4.7965471139449,-4.820551633357852,-4.895503040052459,-4.782844852886932,-4.782977879456406,-4.81940102738065,-4.831429074590357,-4.8363763705911405,-4.831877928090837,-4.831181862886505,-4.831407928402565
2010-12-10,-5.2384519289473985,-5.023746535145819,-5.064435214891216,-4.973213074291887,-5.016831470745516,-5.0232293034464295,-5.073412613647844,-4.975135997373108,-5.018011575471964,-5.0249124864251575,-5.027268757902747,-5.028720302770307,-5.02743587169509,-5.027061218250569,-5.027251679235604
2010-12-13,-5.267312243156902,-4.977185154661375,-4.975898420629661,-4.927331590167052,-4.974650299956291,-4.975616425300499,-4.977299618703676,-4.929528065139519,-4.968476666549475,-4.978774427812665,-4.974942045602125,-4.979156298561622,-4.975062733605023,-4.974824651301138,-4.974917059674309
2010-12-14,-5.427713447478988,-5.011947691335571,-5.066390355841905,-4.963423413788596,-4.998804065475573,-5.007820435689264,-5.071883838907334,-4.965700959232137,-4.987677196283489,-5.001983275241838,-5.015962591466344,-5.019319288544086,-5.016548138901696,-5.015624584164446,-5.015921335688495
2010-12-15,-5.750774413729127,-4.914587017318872,-4.959406788428709,-4.868028496819191,-4.912720075315004,-4.916205109082744,-4.962235644941922,-4.8729160084695184,-4.905788786518526,-4.917998802007392,-4.917846509329149,-4.919195740874354,-4.91794342410933,-4.917658604553484,-4.917815525719128
2010-12-16,-6.21099186287764,-4.899493882784612,-4.919417793959795,-4.85279733965906,-4.886170379360029,-4.896842513518051,-4.942683208332414,-4.858059422660405,-4.867556250022914,-4.892214128721442,-4.901807688255281,-4.902889737619048,-4.902045435946346,-4.901568242194658,-4.901777115836341
2010-12-17,-6.325917081432691,-5.323745149859327,-5.183195644345257,-5.280249715947257,-5.303503647444931,-5.323986488244739,-5.175126036764188,-5.286111466121836,-5.277251141372076,-5.321358019932943,-5.301193503792135,-5.31344332427218,-5.301280406453805,-5.30087028869152,-5.3011263922278475
2010-12-20,-6.629094815199796,-5.194151760034806,-5.189428398531983,-5.151076529273978,-5.191112834636769,-5.192755376827045,-5.198977341092865,-5.159551496811257,-5.1844777646494915,-5.189063720033801,-5.192541793766468,-5.196423842544565,-5.192896510499905,-5.192374184311284,-5.192509733293123
2010-12-21,-6.70001419892003,-5.5973043391433865,-5.425418280480677,-5.5536662841140805,-5.585652445947025,-5.591576462252009,-5.424165363018516,-5.565211334339743,-5.5545296079797915,-5.584476481931328,-5.571837422725821,-5.582041463968242,-5.572132894958783,-5.571574824582637,-5.571746075482347
2010-12-22,-6.599254188057322,-5.722941773418358,-5.556487584834905,-5.668901559228161,-5.676626383402522,-5.7227800611460236,-5.547124387375765,-5.6832003312373365,-5.641465774139468,-5.720404277818823,-5.695798910386877,-5.712088889950891,-5.69617346892291,-5.695409822476685,-5.695688687312489
2010-12-23,-6.420776775729927,-5.878085986997154,-5.773653338235418,-5.829995291984695,-5.841719544008018,-5.8764012617038555,-5.777502215272458,-5.846784720566615,-5.819646753946019,-5.872045787576831,-5.861146628439942,-5.872424303656352,-5.861259746553089,-5.86097635452945,-5.861085926142563
2010-12-27,-6.195678781084019,-6.044082974670062,-5.863504271872339,-5.995484773128257,-5.995389935863417,-6.042397991532348,-5.850507202164447,-6.015533553751234,-5.953435912183991,-6.039751513991969,-6.013871500380092,-6.030203760063955,-6.014205518339106,-6.0134519324963005,-6.0137321108869966
2010-12-28,-5.911406610482816,-6.14105735942872,-6.012558287313961,-6.101568701940895,-6.124580420819875,-6.135559032377608,-6.008429814900023,-6.118774683453884,-6.095819282082411,-6.130597762418061,-6.120248884528459,-6.132353882360443,-6.120389858432546,-6.119939769048484,-6.1201750778161355
2010-12-29,-5.72506364376193,-6.311828880516713,-6.1591612996197185,-6.268581607444879,-6.268324534098837,-6.309902084411357,-6.12859717172057,-6.284502085191827,-6.233232663259606,-6.307546155624123,-6.283842225102776,-6.299397769123282,-6.284004366424595,-6.283515306486798,-6.283742989324782
2010-12-30,-5.493023599802892,-6.004341188274291,-5.9789099722256855,-5.956754281300688,-5.979084310442793,-6.000853933367105,-5.983826196610238,-5.973427298576396,-5.959218129088817,-5.998608225098704,-5.998460268217698,-6.0049763956289,-5.998624685059415,-5.998371636344337,-5.998422102328091
2010-12-31,-5.19274880778693,-5.8336237943084255,-5.860656232030429,-5.791487346570117,-5.815543763680569,-5.831278536041906,-5.88722641966312,-5.80104453104603,-5.7976420950888246,-5.828431165084311,-5.837801918972698,-5.837858760080395,-5.838016157700908,-5.837668593697303,-5.837783905159069
2011-01-03,-5.0719320337879985,-5.719369061721037,-5.573694657242173,-5.672208878122009,-5.6955654008901115,-5.722056758952509,-5.556231278416658,-5.684607068790069,-5.663480618483063,-5.7214236492284805,-5.695462224740869,-5.708468152933477,-5.695637198252995,-5.695221568579678,-5.695386530727591
2011-01-04,-5.078925468867175,-5.489608921163927,-5.3130282163170355,-5.43781011725994,-5.475970444649787,-5.487946547863607,-5.285042942502501,-5.449891306512891,-5.4514906557897005,-5.481832951214815,-5.460143236275248,-5.472557667914988,-5.460330984263071,-5.4599466257019955,-5.4600617768528785
2011-01-05,-5.101302615657488,-5.50323746417954,-5.339223536744134,-5.446968432530374,-5.478938693534908,-5.508778000937933,-5.320612894225945,-5.460463618401217,-5.456388175858417,-5.505410761460991,-5.477247774416509,-5.489088344794301,-5.477296776051348,-5.47713348774213,-5.477173977605721
2011-01-06,-5.1743500387566534,-5.220514041201225,-5.139028638879565,-5.161880280583351,-5.200258947856779,-5.224066364573246,-5.129136003739922,-5.173077733871515,-5.189938950089023,-5.222715168199661,-5.205957603914601,-5.215492567681066,-5.206079855404296,-5.205866237872898,-5.205898311203999
2011-01-07,-5.364881318547073,-4.946294862157988,-4.888450216140668,-4.879701178273433,-4.938929760443728,-4.954198683143169,-4.889045208537195,-4.892333496229483,-4.930584020901358,-4.955133408858044,-4.935237125337999,-4.945749791027692,-4.935487562831308,-4.935010460649559,-4.935154969736411
2011-01-10,-5.512933951074758,-5.039205441918534,-5.005079898825123,-4.972011405791323,-5.017484717292685,-5.044220643771368,-5.015912074015172,-4.985943377891371,-4.989902673278787,-5.045333582594709,-5.031382152822575,-5.039936447927807,-5.031518261784445,-5.031147395666609,-5.0312815463721225
2011-01-11,-5.417052979644033,-5.192352035900392,-5.137101427689484,-5.127631441976599,-5.160093890226625,-5.201465021430725,-5.137728740806947,-5.144887289364967,-5.136465913634117,-5.206319467227893,-5.18220682603198,-5.19136505608918,-5.182390450711893,-5.182003679327481,-5.182130509482458
2011-01-12,-5.127828668956593,-5.340848361973801,-5.307544166909787,-5.281551677692619,-5.3352038841098395,-5.340873142598446,-5.312146948444034,-5.2970781726004565,-5.323318901547603,-5.341134981844119,-5.33462514450128,-5.341109274359899,-5.3348862739166965,-5.334452621380974,-5.33457173463578
2011-01-13,-5.0215543964784235,-5.25222991401722,-5.228404579001772,-5.192816326396416,-5.237010988109518,-5.250659333136649,-5.212914190611069,-5.2078837077408675,-5.230024110579672,-5.248904686316914,-5.243835455295447,-5.25338059963708,-5.244213207771342,-5.243730190964814,-5.2437529527398485
2011-01-14,-5.036410120510536,-5.248210632997078,-5.281888890553484,-5.187775428717151,-5.245405159146549,-5.247332642659373,-5.277978166060346,-5.201767432695057,-5.248691947700489,-5.246272274061449,-5.248960362828603,-5.254803989698232,-5.249199985014253,-5.248794046444399,-5.248894657815738
2011-01-18,-4.792038111845262,-5.442103617799375,-5.3654826600698975,-5.390906875415188,-5.423207992215865,-5.447717709429667,-5.357870660203378,-5.4020882635093015,-5.402735872779389,-5.4516592208518055,-5.428999872658715,-5.437967143235827,-5.4291867364000606,-5.428834472270224,-5.4289279881203765
2011-01-19,-4.760877208902637,-5.207817392555089,-5.152470421260803,-5.147214307441279,-5.211701391684157,-5.212058768389602,-5.145936458929049,-5.1582817292320815,-5.203455723344089,-5.216981723701793,-5.197845591273768,-5.2083476097966575,-5.198248633072194,-5.197805820353837,-5.197804943853636
2011-01-20,-4.898739981911641,-4.9155578265987465,-4.820608997794989,-4.852459700160738,-4.904001798555339,-4.926459359672324,-4.813717988539515,-4.8623030575753985,-4.891489671957309,-4.9289758078552275,-4.900302004587566,-4.911483110739556,-4.90057288649732,-4.900141793571757,-4.900250436873302
2011-01-21,-4.694622485854536,-4.978241894642919,-5.000314298194327,-4.922375247841069,-5.002613343536962,-4.984021453010746,-5.0092870194834065,-4.929646747765187,-5.024922509330372,-4.990784190944045,-4.980097663117454,-4.983359742850841,-4.980297782384211,-4.9800660185973715,-4.980073505764367
2011-01-24,-4.657826498638411,-5.13049379489929,-5.127151499349246,-5.07229835770369,-5.13772428643091,-5.136834351019226,-5.116647226090913,-5.081539848205712,-5.1371924140185525,-5.138108091242633,-5.127171863095626,-5.132454409164737,-5.127186385316072,-5.127178944232307,-5.127128787709843
2011-01-25,-4.844695657444614,-4.683619110121187,-4.743783691377104,-4.634979402813732,-4.6964602705232705,-4.687560470594426,-4.749969200292289,-4.638962373559712,-4.695375461931329,-4.691983294557305,-4.69081507852678,-4.691502893173757,-4.691024854431556,-4.690878983173271,-4.6908088671773855
2011-01-26,-4.9220802921819935,-4.823339835500624,-4.777510727969973,-4.781894160599301,-4.843876648276116,-4.828822112845053,-4.771329344744229,-4.786907761725917,-4.849931230331082,-4.8308620517384675,-4.81573680771667,-4.82127129869457,-4.816141432096648,-4.815780765559548,-4.81570428958168
2011-01-27,-4.82222756419665,-5.0255713792610335,-4.901984630914369,-4.984626692434406,-5.053771692996664,-5.033071335155138,-4.881112359691808,-4.991337797919978,-5.052770940441331,-5.03654539572583,-5.0063372657939205,-5.017842385138556,-5.006598159383079,-5.006351018302409,-5.006301045253408
2011-01-28,-5.064941038130228,-4.5245602184974185,-4.5493905451323755,-4.489776186651479,-4.5400579531367935,-4.534227837130489,-4.559313246091037,-4.493230204057773,-4.545673593826216,-4.5399087976314645,-4.528346535401349,-4.528152324583759,-4.528552183241048,-4.528417945965402,-4.528332726337016
2011-01-31,-5.1675061134952145,-4.807806874486718,-4.777949228615485,-4.77039878062336,-4.827950571358641,-4.816816081255954,-4.774617408894453,-4.775433490809862,-4.827207504662291,-4.824036267066647,-4.802932991782012,-4.807012873362742,-4.803231980709969,-4.803102634092108,-4.8029048000149865
2011-02-01,-5.18989110871815,-5.001442751839909,-4.892260552099119,-4.964686437768719,-5.010613992588859,-5.005257615019603,-4.887958869367695,-4.966835086672087,-4.998160163387233,-5.006537073945603,-4.985582055997378,-4.992564724652945,-4.986143364036303,-4.985680975387522,-4.985538523440716
2011-02-02,-5.163815022210176,-5.004033996682385,-4.914060181494847,-4.959983732432906,-5.014213937648672,-5.012259899643677,-4.893162451439456,-4.968469404435994,-5.001131353931366,-5.01028653958568,-4.98867496636954,-4.997369780583798,-4.988828517897266,-4.988721044293356,-4.9886436804195835
2011-02-03,-5.089003839807639,-4.758981499493753,-4.741062960886785,-4.720433854564407,-4.766519922359337,-4.760013496178741,-4.746494905251002,-4.725277831208547,-4.756695863009395,-4.757690305748587,-4.756599824363316,-4.7592417519325725,-4.756952077768827,-4.756615454528368,-4.756581644174128
2011-02-04,-5.126499391708746,-4.911023973554965,-4.882971308869919,-4.879629805340945,-4.9136343102749285,-4.9125559948771045,-4.880941526275572,-4.884147682971175,-4.91422348104255,-4.910839770844267,-4.90640662184662,-4.911903067525723,-4.906745109641219,-4.906246324917225,-4.9063846260236685
2011-02-07,-5.157708003158731,-5.210877475777311,-5.130129966610571,-5.164029533872984,-5.216384874765265,-5.218418283787767,-5.126439855368307,-5.171397161872048,-5.208673268422819,-5.220515418525142,-5.198624223280015,-5.205866822295928,-5.198671925096628,-5.198518915796151,-5.198593180420919
2011-02-08,-5.098523442605423,-5.17715762903705,-5.165504752640202,-5.131252352891425,-5.180547434656652,-5.186666856919953,-5.157322964867353,-5.138870065258905,-5.183075641605544,-5.195469380089642,-5.173452828422255,-5.177611522674551,-5.173649092321415,-5.17353098041229,-5.173408620882876
2011-02-09,-5.05380382286505,-5.047999844504111,-5.009358732303795,-5.011114100674641,-5.04886580510247,-5.055240115385467,-5.015783581114527,-5.016440130783442,-5.041437795691848,-5.058349995086053,-5.043071308227607,-5.048305600396756,-5.042938389220288,-5.043101982446169,-5.043059123098526
2011-02-10,-5.341360571033367,-4.78498637031784,-4.83567043355764,-4.758569767989836,-4.789455596523386,-4.785560433008059,-4.851070688695926,-4.762215935674787,-4.785870119137539,-4.7869068552042044,-4.79219037367,-4.792913814004186,-4.792514083653643,-4.792101821494951,-4.792193220435692
2011-02-11,-5.463936088301856,-4.995295985309099,-5.019580638951428,-4.95371728699515,-4.9924028402620655,-4.99321839835857,-5.018493747212014,-4.959454803706254,-4.989987855782833,-4.993292792086267,-4.996855254311085,-4.99912914988856,-4.997059351760582,-4.996805634133752,-4.99683753703599
2011-02-14,-4.968279082213264,-5.318143118708916,-5.193026043923611,-5.278688190727088,-5.324332457299218,-5.315464623544225,-5.174025223249961,-5.287161016508068,-5.31238010295007,-5.313478707010371,-5.298049894652229,-5.309756664359573,-5.29840684547291,-5.297937659991226,-5.2979959843334345
2011-02-15,-4.582999705453981,-5.012032513426818,-5.03134531037171,-4.978323198504265,-5.008684806953262,-5.019961354205258,-5.034112474613349,-4.985348120596698,-5.005203927016578,-5.024763476134009,-5.014665117726644,-5.015205993388223,-5.014698018362625,-5.014729777102056,-5.01464210906958
2011-02-16,-4.322965074970675,-4.917893532485121,-4.915274149509845,-4.891796459780261,-4.905139842758734,-4.922810030889263,-4.925377205856367,-4.8960014517978845,-4.911964442088084,-4.921585350975068,-4.918420499775409,-4.9173195176472735,-4.918585148113549,-4.918399018054153,-4.918415436749743
2011-02-17,-4.28067116900583,-5.318432586271941,-5.202090251455876,-5.290328887449354,-5.325037540235345,-5.319801793650637,-5.1810619095894355,-5.295198886188194,-5.327343121768647,-5.320418199376326,-5.300604412166414,-5.308544786236304,-5.300725312507771,-5.300616530385217,-5.300590442729508
2011-02-18,-4.259671167566939,-5.323621474022223,-5.248454632401181,-5.300660608638769,-5.330376288181599,-5.3262210552168705,-5.2529979344161,-5.304888201966617,-5.32646046199156,-5.331861737945277,-5.314748635523492,-5.319974373041557,-5.3146957630729625,-5.3147461828811755,-5.314729125679106
2011-02-22,-4.249729341669862,-4.597700499740691,-4.60081826586694,-4.5718545931710945,-4.609339106840551,-4.602591847019367,-4.610451419030234,-4.577097527183575,-4.610752532545843,-4.605807204473716,-4.599888558214183,-4.59941055999828,-4.599916216538898,-4.5999843090823305,-4.599879389729827
2011-02-23,-4.3657129740973435,-4.324870582135143,-4.279597930704818,-4.29318186306812,-4.324976755858505,-4.33381916634999,-4.2762484798017395,-4.300096264278907,-4.3206392196887435,-4.33595047103621,-4.318092692438973,-4.322404263588048,-4.318410827281573,-4.318127961029627,-4.31808044464338
2011-02-24,-4.690226554034097,-4.202856571089383,-4.191643298078398,-4.1787919258060215,-4.211826528619422,-4.214529744683474,-4.213546062818768,-4.182857802276676,-4.209607466496505,-4.214979410519499,-4.20489503931651,-4.203168901960515,-4.204806396226908,-4.2050347839052655,-4.204898383175076
2011-02-25,-4.503463673029616,-4.643191662973788,-4.607712205243983,-4.600828967701085,-4.6373146533166105,-4.653974113607092,-4.624287722905198,-4.607598182987775,-4.632705557936134,-4.653609241400834,-4.639856854144248,-4.643178916816369,-4.63973029155038,-4.639820666623764,-4.639812495529853
2011-02-28,-4.313753605211978,-4.70097959650445,-4.666656663890431,-4.672239431933612,-4.720252188436641,-4.704788713766914,-4.6578520551553755,-4.676872798339196,-4.7234630185635345,-4.701708197059253,-4.695106706149711,-4.6984455476026055,-4.695311451989577,-4.694979389173712,-4.695083815788919
2011-03-01,-4.415964031641138,-4.266574427659998,-4.316292525727275,-4.239606143502998,-4.266218692430023,-4.268455432843154,-4.340500448724722,-4.241217790342616,-4.272230610849744,-4.26523741990122,-4.274994143563101,-4.27134798758264,-4.275530544128888,-4.274912593770536,-4.2749762186961
2011-03-02,-4.414956575947653,-4.37004426984589,-4.427476390337405,-4.345107936200498,-4.3838068028822015,-4.376972417687194,-4.452962746108384,-4.347609150486099,-4.393653820719127,-4.376592470025345,-4.380592578156688,-4.376087701537673,-4.3807140286175885,-4.380539524700603,-4.38060095108757
2011-03-03,-4.177336523489074,-4.87685238722315,-4.826912112890091,-4.847036173873246,-4.880248821513505,-4.880984668106552,-4.8327446736087385,-4.849351567367483,-4.884604710839729,-4.879786654596192,-4.870955251039856,-4.874414616073253,-4.8709043940901084,-4.870934812760387,-4.870938064699313
2011-03-04,-4.166712638152668,-4.3891199686742,-4.527089569052116,-4.366776302230854,-4.404928803765792,-4.387874697438833,-4.572148099164962,-4.368830370332829,-4.413498886809841,-4.389076948388205,-4.411842327359968,-4.402976451573,-4.411704069430336,-4.411946700186375,-4.411872715083754
2011-03-07,-4.187135113060011,-4.279450021946296,-4.3596619746894945,-4.259973224031685,-4.291206929935748,-4.285532157555298,-4.387749166376705,-4.261677704323622,-4.288231578472337,-4.2865165155535365,-4.292973873884951,-4.287751015217607,-4.293061616088702,-4.2930234602596,-4.29298517920513
2011-03-08,-3.946071776524945,-4.472874980298032,-4.527563130237323,-4.447073829801201,-4.477696833112576,-4.486606333300016,-4.540223162855222,-4.4510567317417475,-4.485063740916764,-4.49025074742463,-4.481168694799321,-4.4760186552967305,-4.481213369721935,-4.481225827068418,-4.481164588319257
2011-03-09,-3.55459444878499,-4.356663012099592,-4.438461873495675,-4.343502450558726,-4.385416718731278,-4.364230656811511,-4.4607570588806,-4.3455834681222205,-4.397124854079478,-4.365262331598685,-4.369696042045623,-4.365611068276635,-4.369840953409084,-4.3698075800848155,-4.369715224324621
2011-03-10,-3.565245281240621,-4.120836608733704,-4.199470480632025,-4.10556904331108,-4.1580486104326395,-4.122833995674328,-4.2182736463962085,-4.109353091496209,-4.1683454850718356,-4.122994968136123,-4.133193187640989,-4.127314170641468,-4.133096951233538,-4.133384933110699,-4.133225076444253
2011-03-11,-3.58142139388285,-4.190729473556922,-4.302036424906831,-4.176993936282921,-4.242490218004798,-4.196627368165457,-4.320097980180367,-4.180276013216292,-4.27194668912308,-4.20077462452778,-4.207464526084806,-4.200524328933724,-4.207712858820455,-4.207894845226038,-4.207514568259997
2011-03-14,-3.6536203665709746,-4.2168770931770805,-4.288086830201356,-4.199845689771112,-4.269316143779718,-4.221207843492349,-4.298186485861317,-4.203951449877989,-4.287428601195235,-4.2215646266193305,-4.227485479973724,-4.224215716825108,-4.227464722352201,-4.22766718741809,-4.227517395533361
2011-03-15,-3.87241805900635,-3.861328190269622,-3.923142922864725,-3.848515374771068,-3.9043450165145464,-3.8617714615856413,-3.9289939842609423,-3.8526467977431498,-3.9236447099888454,-3.8642634393288025,-3.869575470004227,-3.865449894361831,-3.8695605548338143,-3.8697588183329783,-3.869602486415826
2011-03-16,-4.528744696799511,-3.45079575146954,-3.6400794757118966,-3.4477107223021113,-3.5101851920836955,-3.447996709306508,-3.676642355886193,-3.4500878577433403,-3.529795834767014,-3.450893845558098,-3.4800379370884507,-3.472228571857624,-3.480016005306372,-3.4802511487918624,-3.480107030304013
2011-03-17,-4.76696795294638,-3.829136415237948,-3.9821976330075257,-3.8204696561336617,-3.8778907322907092,-3.821434995120441,-4.010111321898026,-3.8230495557376973,-3.892865954321032,-3.8220321676585804,-3.85178950586974,-3.847259260502555,-3.8518676324730583,-3.8518078068630555,-3.851819422200875
2011-03-18,-5.000140281310484,-3.9437640386295736,-4.094675012845127,-3.9247806024435703,-3.9469111502888894,-3.9414476223003976,-4.129713344031147,-3.9269729112093907,-3.9578910414760604,-3.9416123704919923,-3.966730932841093,-3.963460904481938,-3.967040103537608,-3.9666965439899116,-3.9667599317931916
2011-03-21,-5.026815127339741,-4.308404703148529,-4.3955187022835,-4.293929607758997,-4.309657375095896,-4.3137819653161324,-4.430797369715906,-4.294613752763551,-4.318110632833608,-4.313558902757274,-4.3247991717906,-4.32033144810876,-4.324758816876036,-4.32481212848862,-4.324827769407991
2011-03-22,-5.039095629468143,-4.372790977891361,-4.482094364284064,-4.361008077979062,-4.385988930230378,-4.380471623498183,-4.513252848832977,-4.362877898664197,-4.400508744833964,-4.381169041719122,-4.391730625929888,-4.38664726213789,-4.391486052794027,-4.391864966912001,-4.391763354176501
2011-03-23,-5.245805020999388,-4.399379035637525,-4.559225664049224,-4.394214185794201,-4.417211636142449,-4.403087263957844,-4.605403059201953,-4.39313336633523,-4.431675541006179,-4.40344034396769,-4.427919449658367,-4.420458343458982,-4.427616709247963,-4.4279990276130405,-4.427975025596844
2011-03-24,-5.400605357179431,-4.593676140871925,-4.712329373894711,-4.584009090918603,-4.612720077152272,-4.599667860249361,-4.751495648310706,-4.585027031307049,-4.623355705442342,-4.600922823090599,-4.615834032421029,-4.608947932555369,-4.615652225215869,-4.615945014511821,-4.615874607175214
2011-03-25,-5.394904023653789,-4.848477500271184,-4.940253464907098,-4.842606146724049,-4.8852085488364185,-4.85697899113014,-4.963695337777477,-4.8432653505625165,-4.903698776849934,-4.860878410821896,-4.8650793881818,-4.862805301797067,-4.864805378046233,-4.865325837182792,-4.865126715974582
2011-03-28,-5.427886282955444,-4.924732270071239,-5.0221307670784245,-4.912191079782821,-4.953087302398716,-4.9411272528172105,-5.040910436178477,-4.916285851924089,-4.977301158350804,-4.945513630778846,-4.941542207436789,-4.935496922971515,-4.941719328411811,-4.941762725051726,-4.941593964339466
2011-03-29,-5.427608325876231,-4.86744914127533,-4.949477991281587,-4.861962402483192,-4.893177106813191,-4.86742306204039,-4.962546988518296,-4.863420920649921,-4.90633048686346,-4.871301535536842,-4.880013642279589,-4.8768025277413685,-4.880047648050219,-4.880043455544366,-4.880049201394181
2011-03-30,-5.417189311806968,-4.999541204893565,-5.010761165088501,-4.992041407390742,-5.017539638598399,-5.001833508195076,-5.015341155535312,-4.993099243954795,-5.036250742643894,-5.004543433033152,-5.0013264203168815,-4.99973674444783,-5.001235738791656,-5.001381299730001,-5.001346526291799
2011-03-31,-4.929239260443523,-5.098098043417711,-5.1239805989657015,-5.087881238651141,-5.104515275453457,-5.099866989657247,-5.125880828583954,-5.089716674380747,-5.11949432889269,-5.100884460944708,-5.101150853508508,-5.100940692961449,-5.101360167948375,-5.101215295778436,-5.101158259904754
2011-04-01,-4.83396304090412,-5.020102378638171,-5.05463436426655,-5.012646701137518,-5.052477327356812,-5.027342715840619,-5.073737048191688,-5.0135831485678075,-5.066029812862588,-5.03128772929469,-5.027471404104935,-5.023073465486812,-5.027317579817013,-5.027605325092717,-5.027496608144154
2011-04-04,-4.7247920037390285,-5.161751495571951,-5.159769940046587,-5.150466447462023,-5.174309877717277,-5.17043877409001,-5.177648324322126,-5.153403834866754,-5.174515725447532,-5.168238398316494,-5.163372970874559,-5.161457038819183,-5.163424021505479,-5.163231798121639,-5.16338574330946
2011-04-05,-4.614889139451312,-5.034548002491775,-5.085189011370371,-5.028650297677291,-5.047094180312062,-5.05134399422068,-5.112650590512946,-5.029477686769661,-5.059228670649755,-5.0529069910532,-5.045958107970748,-5.041325992703296,-5.04617605122033,-5.046064997565616,-5.045978989497033
2011-04-06,-4.521844359842261,-5.071569654772477,-5.070651846180122,-5.070532861205128,-5.098040916240206,-5.088316589306468,-5.077508941449412,-5.072650981746912,-5.110805466860415,-5.090446218216433,-5.07411012009138,-5.071784211510055,-5.073952294806993,-5.074326373413519,-5.0741618763053316
2011-04-07,-4.6940572558821385,-4.41274755220014,-4.578311185675341,-4.4038626813314785,-4.428019242180186,-4.421997458776697,-4.624057823297105,-4.404888061503855,-4.442064342933627,-4.421813726148526,-4.441325728087279,-4.4326545076038535,-4.441240551120586,-4.4414248840277715,-4.441357874574368
2011-04-08,-4.723399050674993,-4.632939627090551,-4.822651439174219,-4.624673063265558,-4.650612063403858,-4.645246691454205,-4.865537422970967,-4.625840118247154,-4.670977069680831,-4.647055626640549,-4.665519515806114,-4.655920694158333,-4.66545039954184,-4.665698098519559,-4.665573145002726
2011-04-11,-4.629345940430152,-4.626230122808831,-4.774176138369868,-4.620168838222432,-4.685704050404323,-4.63257251348508,-4.793189519771484,-4.620635223101914,-4.722273589743355,-4.635203575962431,-4.6505157183034695,-4.646490391518475,-4.6507951155492,-4.650754871314046,-4.650587516000753
2011-04-12,-4.768438022581721,-4.507267335391813,-4.607194394701823,-4.503591263740024,-4.528838796481397,-4.514883700383313,-4.616017339998059,-4.505283418883814,-4.553316525614931,-4.515916792689275,-4.523670084544776,-4.518813917705723,-4.523703141183333,-4.523870556275922,-4.5237308216256835
2011-04-13,-4.918465440192204,-4.5053885488576455,-4.606437307181711,-4.489583552947634,-4.525099723602988,-4.514827609326684,-4.619647864974242,-4.493923863763965,-4.541760580143084,-4.5167128381751445,-4.520865384974175,-4.515543114507151,-4.5206751545473365,-4.521013605027393,-4.520905613840981
2011-04-14,-5.105566825880794,-4.590094693463274,-4.710493561318721,-4.575347854058716,-4.624631034352643,-4.589143142956979,-4.7300234686192235,-4.5769911475379965,-4.64956931140813,-4.5904458547927005,-4.609175800914167,-4.607116960098592,-4.609422859877971,-4.609400644462353,-4.609229086580549
2011-04-15,-5.254990004581977,-4.737227939799276,-4.828321875105058,-4.7154240061568595,-4.761580402018089,-4.7319334155530735,-4.85484835764308,-4.719417373745731,-4.7731368775360865,-4.730756041388933,-4.752910861529849,-4.7476018335972,-4.752903232536678,-4.752858421728336,-4.752936643591005
2011-04-18,-5.660356474343314,-4.529442150733259,-4.627059022497754,-4.505538638485298,-4.5428332770015105,-4.527279408491823,-4.642856094681358,-4.512808768513115,-4.553524601129556,-4.527455132024443,-4.544554154957321,-4.54004417498028,-4.544583251494769,-4.544611007723187,-4.544595141546521
2011-04-19,-5.535132516827664,-4.994095290027338,-4.970171907908482,-4.9594979658171665,-4.9959212219397156,-5.001152576075952,-4.973708869150169,-4.970129541733137,-5.000983631044152,-5.002552473632108,-4.989915180045803,-4.994867786827843,-4.990310396204687,-4.9899117592533955,-4.989910165336068
2011-04-20,-5.502241376087014,-5.090101174836796,-5.015282157463007,-5.058266769156764,-5.097736009989937,-5.090991649465375,-5.030762101222538,-5.06980388113248,-5.086268190430607,-5.088910513098445,-5.080779390491168,-5.087884791660565,-5.0812062641004045,-5.080711510781391,-5.080761985488044
2011-04-21,-5.569945836108331,-5.203349697103893,-5.1331751463371456,-5.1694457093867126,-5.212293928020092,-5.214832104472423,-5.128585408155341,-5.183738398354583,-5.215556115877524,-5.215400647350719,-5.192815615527197,-5.203574260852898,-5.193185156219198,-5.19302244382414,-5.192783431792069
2011-04-25,-5.459560949532265,-5.268230186708808,-5.271546191444513,-5.23605334921706,-5.289119090516267,-5.271147335906422,-5.284515576205641,-5.246627849649404,-5.293824446992265,-5.271672133259132,-5.269334211197746,-5.26980634702128,-5.269567427148141,-5.2693690954484405,-5.269326567507561
2011-04-26,-5.21629990145399,-5.362296187992943,-5.2695817266766545,-5.3399138528600725,-5.371084960221849,-5.365294655799086,-5.254260479909573,-5.348628181944812,-5.367471334525402,-5.363294448102546,-5.346375521652179,-5.357053098033697,-5.346924563645019,-5.346438878796428,-5.346361107136685
2011-04-27,-4.912985647576361,-5.13653032768229,-5.076521150892714,-5.114416991516856,-5.183004305651213,-5.1364825576210285,-5.060157990188603,-5.1232849726071334,-5.1940154817053745,-5.138206245609375,-5.12531936969758,-5.1331752277445,-5.125737164522291,-5.1255786545855235,-5.12531034017216
2011-04-28,-4.509122341266157,-5.264585147627439,-5.150078403331601,-5.241723855866952,-5.321879372114856,-5.267056071948518,-5.135720189962707,-5.250357854682331,-5.320831395860044,-5.266151717986363,-5.2458347798576765,-5.257006883863509,-5.246666283813755,-5.245871165873394,-5.245772779393203
2011-04-29,-4.294284296490712,-5.588698646183296,-5.331064953384402,-5.565138557702327,-5.617814072351505,-5.588469192137509,-5.3000230441404,-5.576797286409094,-5.59703676052468,-5.58523543337996,-5.546789023694124,-5.562642756546334,-5.547229633104999,-5.546626502033968,-5.546670607235448
2011-05-02,-4.26105625600008,-5.158513109571341,-5.107580186908741,-5.14073571532933,-5.198052656973592,-5.160021368483916,-5.098943154519045,-5.148334741886553,-5.205107443529043,-5.15816130707848,-5.149623256367839,-5.156330730860424,-5.149855806940488,-5.149727723369093,-5.149601468246164
2011-05-03,-4.346365645286933,-4.855787064625968,-4.891820957650289,-4.836965590047964,-4.897718781378228,-4.8498494274916855,-4.876268922573029,-4.8433755523615005,-4.914911631055571,-4.8486873135568445,-4.857741993583532,-4.861993371329071,-4.858288366817381,-4.857784859094617,-4.857737686265544
2011-05-04,-4.412673636068216,-4.555446763863678,-4.571215785627131,-4.546324082910102,-4.599951388631667,-4.553541682091895,-4.558765358275328,-4.550797878308262,-4.615804477592578,-4.553496353236972,-4.556321508099603,-4.559184740522511,-4.556480645822008,-4.556484102608381,-4.556328165189923
2011-05-05,-4.5627550885650185,-4.263436932485704,-4.335530852471308,-4.254834889906875,-4.326481674916502,-4.260106998044521,-4.34288001246006,-4.259509352102269,-4.34877011791965,-4.259110052879227,-4.274974453611804,-4.271629639434438,-4.275040009250421,-4.2752559341182,-4.275024124136001
2011-05-06,-4.589643184268663,-4.315486726665967,-4.408880923572152,-4.305150344173017,-4.367454737631217,-4.313411947348999,-4.42660788156074,-4.309660012652624,-4.388948336922721,-4.312297865994268,-4.330569276341433,-4.326404500201138,-4.330550019301115,-4.330825228903298,-4.33062035904808
2011-05-09,-4.5309946353666275,-4.532676549031263,-4.695170480806912,-4.5165419345207,-4.5685930157301495,-4.536806292678471,-4.716233467479878,-4.52236763616889,-4.583369310961302,-4.541311829779672,-4.559654937225939,-4.553750560154516,-4.559818218018372,-4.559912639256789,-4.55969523866033
2011-05-10,-4.3573394507528835,-4.82329260514047,-4.8846124213158735,-4.8042998942181026,-4.8628142619342425,-4.822147172409961,-4.884241432378759,-4.810204379218557,-4.8790705562348915,-4.822815529251227,-4.831972809230223,-4.832793076191113,-4.83233138911018,-4.832047279826272,-4.8319827033332565
2011-05-11,-4.43476149399422,-4.453509690575809,-4.613075146717219,-4.439059939782854,-4.488264265783272,-4.460354727111065,-4.631573237551528,-4.442674471172922,-4.513168320257485,-4.464257523709647,-4.479227404459518,-4.474787080572916,-4.479633719412684,-4.479549334368228,-4.47926986485114
2011-05-12,-4.469428332478833,-4.439692450357673,-4.5575907569846486,-4.428014422877559,-4.490491930498881,-4.443490106845322,-4.5565821461450025,-4.431138643677998,-4.5174836459353545,-4.447270356529672,-4.4559967321951,-4.459423682731573,-4.45601196421842,-4.456401072799872,-4.456042729831074
2011-05-13,-4.546393385147684,-4.457816780078349,-4.644466235804656,-4.452767112400572,-4.51253271159072,-4.455454911361833,-4.665951472838982,-4.453833112346554,-4.538415346496149,-4.457006793922384,-4.486126673704436,-4.4789703676238615,-4.486149980488582,-4.4864857741941595,-4.48619452540135
2011-05-16,-4.56321822972242,-4.517772731563776,-4.648624906198757,-4.499460242019001,-4.549565601528057,-4.517742073359638,-4.652859454354174,-4.504236584009511,-4.573492094823586,-4.519680444050085,-4.535613157495542,-4.533669569237089,-4.536148608903009,-4.535859739126469,-4.535645215175533
2011-05-17,-4.686624580377974,-4.356083358565688,-4.450446135963668,-4.34413262515262,-4.405342173891331,-4.355227385663858,-4.450142214110379,-4.3482382110266595,-4.428625857041112,-4.3566971554408624,-4.368552325222554,-4.365480465459827,-4.368485369419341,-4.368906605740318,-4.36860517409875
2011-05-18,-4.654344585506563,-4.63249353216849,-4.731842467512038,-4.617750532797773,-4.678545555414327,-4.6324084254599445,-4.738934053154059,-4.621271272652246,-4.706053844045947,-4.634395464182467,-4.646551003360904,-4.644280198393021,-4.646688780360615,-4.646862857926398,-4.64657296058082
2011-05-19,-4.70394380527088,-4.456357831264404,-4.6964689828811315,-4.4482630797861065,-4.516467040203476,-4.458209043390797,-4.7334838150506835,-4.44831217442546,-4.558944580770078,-4.461010418663442,-4.494631302515928,-4.485291082226355,-4.494788063252594,-4.4950397139038,-4.494718481381053
2011-05-20,-4.803561306892503,-4.566454479806485,-4.720063056795113,-4.556531157627198,-4.597914352571982,-4.565337667622541,-4.753847755647029,-4.555231247487138,-4.625665117395376,-4.56618324677254,-4.591532957274193,-4.585354474539928,-4.59142610775036,-4.591719236853306,-4.591575055345809
2011-05-23,-4.9051774963348285,-4.549208040303477,-4.7462454331832,-4.536915624665963,-4.587867441736959,-4.550658372741823,-4.77824696946375,-4.537917396711668,-4.616415055317129,-4.55250495943373,-4.580794383273357,-4.573229326157129,-4.580602164014151,-4.581119927275908,-4.580864252199192
2011-05-24,-4.7531174630145685,-4.662728520113656,-4.800023784474088,-4.645585485534272,-4.68802196564589,-4.663370992887856,-4.818552155175214,-4.648111227920105,-4.7094551616795615,-4.664813172740373,-4.684313844000655,-4.6775266860110944,-4.684302518940898,-4.684556959057798,-4.684352653846464
2011-05-25,-4.615973647167438,-4.627713303439593,-4.786451400793094,-4.604630999468314,-4.6307251032044,-4.622591830383091,-4.808534395765993,-4.605907387902214,-4.650990366446658,-4.622329689223771,-4.651007919536444,-4.645374367342882,-4.651112337306997,-4.65107561284942,-4.651022582944482
2011-05-26,-4.5752213175798415,-4.5912539600095,-4.781120953486319,-4.578736955742098,-4.620079207693355,-4.588828958684678,-4.813524745963528,-4.579025718077033,-4.649254614987594,-4.588517833085173,-4.621446569287605,-4.617135580587913,-4.621574261701849,-4.621638447289465,-4.6214913569196465
2011-05-27,-4.483230677691434,-4.854232906388374,-5.004272547643528,-4.83641572803605,-4.869290220493841,-4.8519908541641446,-5.018187341601008,-4.83843610427943,-4.895256719599136,-4.852679316569403,-4.875746812963106,-4.870455141734345,-4.875890359693907,-4.875825466881841,-4.875757462156518
2011-05-31,-4.458163016100923,-4.837908779232759,-4.982234346343832,-4.823261012238937,-4.862754009874495,-4.83936770826883,-4.9982771697593185,-4.826153928196997,-4.874310796174628,-4.84040916786457,-4.860574143738952,-4.855520731871764,-4.860569664148305,-4.86078485272835,-4.8606107502250895
2011-06-01,-4.4577612281845544,-4.4684583039268535,-4.647606681151248,-4.45272646531487,-4.482724271198098,-4.467237096446239,-4.674867479060184,-4.453317749417381,-4.496491452235739,-4.4689400689771634,-4.49591200219113,-4.491949822120122,-4.4962693536267455,-4.495991897119581,-4.495937384317019
2011-06-02,-4.614005229355571,-4.392808627982707,-4.486436525093118,-4.37311999548919,-4.383015293515115,-4.394585921399575,-4.504671638224413,-4.375842632054871,-4.391933080487446,-4.396044971107586,-4.406612082703339,-4.401668390530748,-4.40674293640592,-4.406700433263765,-4.4066174050057585
2011-06-03,-4.538683486783557,-4.45621019657503,-4.592124735006073,-4.435146094815419,-4.465043877308788,-4.45469727003082,-4.609509774652609,-4.437811266761138,-4.487282684035924,-4.454960585777172,-4.476588160401078,-4.475197797329801,-4.476565602584788,-4.47655494041001,-4.476601472684608
2011-06-06,-4.485767969451015,-4.481793135856025,-4.6192156364897405,-4.45389454768227,-4.495216406862164,-4.486833818104258,-4.639940615409824,-4.4573224806882505,-4.512823443423425,-4.487625117626354,-4.502287777872666,-4.498589854645429,-4.502340452927924,-4.502328933062629,-4.502293054087641
2011-06-07,-4.519734571803488,-4.594159054237606,-4.686777100444447,-4.5709654407223255,-4.588221158903898,-4.59574305581347,-4.709225789336107,-4.571523012403178,-4.594508507509106,-4.595856357576506,-4.609436412042575,-4.605241438581267,-4.609533504742103,-4.609474193448116,-4.609434871275594
2011-06-08,-4.3877230488919,-4.3690787044620985,-4.526291371714733,-4.340764646954803,-4.395651250022901,-4.370541832000131,-4.544764011460994,-4.343347488468248,-4.422304042311654,-4.3707124134084845,-4.392397835639472,-4.390236923426089,-4.39242561716486,-4.392462001239318,-4.392419670721301
2011-06-09,-4.096925370283856,-4.702542006917208,-4.802607641643156,-4.669054748898903,-4.67988619215304,-4.704377559427426,-4.817379551360529,-4.67001439985917,-4.683052780819049,-4.703583484032975,-4.717523172261709,-4.716614552491166,-4.717699209089123,-4.717346032362963,-4.717491974954327
2011-06-10,-4.086116137256625,-4.355336809151912,-4.491758206170037,-4.318849173876451,-4.3408459933105075,-4.358430780280367,-4.518821184881915,-4.320068663339858,-4.348184968008248,-4.358040464096757,-4.375731436981244,-4.372825748385539,-4.375575472601296,-4.375768193341925,-4.375706430434761
2011-06-13,-4.105299501145716,-4.399059205925528,-4.5874298737478005,-4.369707148716862,-4.418376359685915,-4.4021061983901415,-4.601967625340536,-4.37237155869856,-4.445506228793132,-4.402474060093942,-4.426161305001725,-4.42380064539643,-4.426276843932581,-4.426211464277449,-4.426169213491166
2011-06-14,-4.114192464777599,-4.717161510347189,-4.830687623864914,-4.675151927842452,-4.68498034360246,-4.720842204700079,-4.839974668438389,-4.677097803728938,-4.702546594628266,-4.719592136528568,-4.731676897013868,-4.737976014862455,-4.732180322878405,-4.731600001737691,-4.731658016151179
2011-06-15,-4.289509048719479,-4.181065283349385,-4.39463813122263,-4.157763234072948,-4.202945669372469,-4.179892664517978,-4.437257319285491,-4.157925733328736,-4.225555793227369,-4.18012678625998,-4.215347499139644,-4.211394565097884,-4.215404621885397,-4.2154169218320146,-4.215386818023178
2011-06-16,-4.093705060842652,-3.9795807972718658,-4.215471465826285,-3.958878148475867,-3.9926619254445774,-3.9746187018169543,-4.257543761218815,-3.9593440319315873,-4.021108040622529,-3.9766264582924054,-4.016429840007854,-4.011770308585314,-4.016179056404057,-4.016418042118886,-4.016475488454929
2011-06-17,-4.090300393842417,-4.146640604106256,-4.309452066216541,-4.131069505602827,-4.1843255429640065,-4.150598296144493,-4.332941552689569,-4.1330844283767,-4.208695189152952,-4.150172150872473,-4.172825591057695,-4.166650117772757,-4.172857264454338,-4.173026688943073,-4.172862218272581
2011-06-20,-4.088906083668161,-4.279570573990953,-4.50522962977956,-4.254611768191717,-4.281476108022604,-4.28418319309061,-4.5398717766073915,-4.258438191638224,-4.304383468850215,-4.283469357543669,-4.315630358867071,-4.31022229330166,-4.315638968860468,-4.3156986812880245,-4.315659076126276
2011-06-21,-4.0728078079939465,-4.587898800282846,-4.656330778288699,-4.57350739690625,-4.620981181386297,-4.592652128696758,-4.671625027251965,-4.577239515158023,-4.632681889146072,-4.590150308813801,-4.599591007651972,-4.5965983595327184,-4.599403379581997,-4.599613537525743,-4.599615182872101
2011-06-22,-4.089490515730931,-4.445480321649166,-4.61345945331319,-4.425155470753098,-4.461045686370052,-4.447485355079406,-4.651527262044629,-4.427991221648685,-4.476985975574688,-4.447363414416188,-4.473621800679299,-4.4676434612640215,-4.473643564342989,-4.473719224311511,-4.473658598440476
2011-06-23,-4.56510147355214,-3.808203872294772,-3.886589675935094,-3.805980002927671,-3.844333156683764,-3.8087448232607133,-3.9211070162068227,-3.8052510975712717,-3.854295887705747,-3.80851863666922,-3.824715722451988,-3.818578047161156,-3.82450384227376,-3.824860471486343,-3.8247502473960724
2011-06-24,-4.767341452585369,-4.114551522218499,-4.324485167939522,-4.104000473547144,-4.159449475574325,-4.1140036085212905,-4.376230117894488,-4.10266290309654,-4.178346259900772,-4.114630015733625,-4.15209869020951,-4.1465668790758325,-4.1522811598561,-4.152290292856367,-4.152163739548501
2011-06-27,-4.843555160857742,-4.241749722966121,-4.414399916162354,-4.225583736518418,-4.2734032409923755,-4.248548823876016,-4.463440331958459,-4.227358966207162,-4.29310706978382,-4.245729795171723,-4.273686383585746,-4.263631363363883,-4.273656578104499,-4.273917045880413,-4.273743698081359
2011-06-28,-4.796979042797247,-4.452467756652787,-4.619771740862654,-4.441336674490218,-4.475614471751241,-4.453768520800858,-4.654231326797552,-4.439968247957262,-4.487733811044535,-4.453744344888881,-4.481032483366803,-4.475118360987665,-4.480855683890938,-4.481053013195336,-4.481070657574882
2011-06-29,-4.920877193565479,-4.399505642219436,-4.508650351904043,-4.3888251487593335,-4.386847885365621,-4.407441964106812,-4.528976490924694,-4.389273258343138,-4.3967776862778525,-4.406845395763065,-4.417937973370521,-4.413383881555888,-4.417784748571159,-4.4181569490600054,-4.417978519186905
2011-06-30,-4.977967557270249,-4.45315574954103,-4.656343670612326,-4.444191572578572,-4.48868609704334,-4.4517738055305385,-4.698050808979696,-4.444354122024084,-4.499517540637777,-4.454162551369349,-4.48759116591384,-4.481040906818059,-4.487592546592519,-4.487789357758106,-4.487645215985571
2011-07-01,-4.8488493980818665,-4.65804778765403,-4.727534830208928,-4.644722363673358,-4.699638304368045,-4.659748435118563,-4.746574843207986,-4.64809427990966,-4.704867464023409,-4.6616673955192045,-4.669897627606948,-4.666296760002348,-4.669891027464029,-4.669985000327825,-4.669918693537623
2011-07-05,-4.645663199982347,-4.64442866710028,-4.792586212967445,-4.63218409916719,-4.661739615514743,-4.640176410023455,-4.818492828305237,-4.635047241062093,-4.675728073992201,-4.641368462993715,-4.668666038665696,-4.6656140265082975,-4.66868660838012,-4.668580152433779,-4.6687107703350685
2011-07-06,-4.587653990723709,-4.645568618937075,-4.812576990647903,-4.632919764096785,-4.653942256052669,-4.6448149799172,-4.8339408354536655,-4.635157047378418,-4.66816883157205,-4.645561297790046,-4.672457634166969,-4.668820885508304,-4.672495630078403,-4.672411658723717,-4.672496594844244
2011-07-07,-4.253331844732111,-5.102822297567765,-5.0690795485925655,-5.089501747147464,-5.091348689821129,-5.101798392695687,-5.062211114340935,-5.092282524335756,-5.098436399069172,-5.100726909103191,-5.096639652878078,-5.101306538079038,-5.097054255137279,-5.096551437583194,-5.096631999402039
2011-07-08,-4.150068318794258,-4.6960720384840045,-4.808336383025218,-4.690130661056876,-4.724071101062296,-4.695983568467625,-4.8363302670091475,-4.691111640872956,-4.733373839397501,-4.6964078887264336,-4.716511282766288,-4.711581572805278,-4.716456878245937,-4.716691965139098,-4.716552187319464
2011-07-11,-4.161320980353471,-4.529972609643232,-4.681441352259665,-4.520115967636909,-4.56751477896748,-4.529654936877603,-4.704178940590122,-4.522145279273624,-4.5784866057104034,-4.530167238120974,-4.5550102602088,-4.55102829987319,-4.555126820099114,-4.555153231552174,-4.555055897470394
2011-07-12,-4.2841455174823135,-4.325501074954776,-4.394712297435671,-4.319958430627855,-4.358510769565601,-4.324790297953017,-4.409446141123019,-4.319787893697067,-4.366710744568109,-4.323881431179106,-4.336859002626945,-4.336585866798263,-4.337009863758824,-4.336669211681229,-4.336862211539399
2011-07-13,-4.357728887836894,-4.4636303058323135,-4.595692385664083,-4.450392576430655,-4.483802335246212,-4.462143562932461,-4.625307933482364,-4.450423362995409,-4.494756319113803,-4.462934262686418,-4.4854609627720885,-4.479409795630397,-4.4852249796535215,-4.485530280454809,-4.485475476995724
2011-07-14,-4.499966023232271,-4.080568068153381,-4.222145406841229,-4.074683961965751,-4.123637532586479,-4.086530119567258,-4.258724218834146,-4.075087022959885,-4.1334643442015,-4.089305680831366,-4.106096842933732,-4.101017764883907,-4.106342283565355,-4.106288303976614,-4.106146551260708
2011-07-15,-4.7105914767611585,-4.14735100905832,-4.334005913222577,-4.142558659329975,-4.179257734010844,-4.1467843366103185,-4.385504379427126,-4.1411318502491445,-4.191881945915941,-4.150538729290189,-4.182220537087752,-4.17459338023062,-4.182155744165338,-4.182441497638066,-4.182278995430306
2011-07-18,-4.775845831529566,-4.285027044384448,-4.4051983127742265,-4.264845636561545,-4.315514728814477,-4.282686739863237,-4.435460709081815,-4.266846354428095,-4.319151724439795,-4.285405480628661,-4.306157156820604,-4.302290517131006,-4.306401868322834,-4.3062456829512215,-4.306192440694005
2011-07-19,-4.797817666079037,-4.45137278785229,-4.534485736289344,-4.4225912075076925,-4.447863590888714,-4.44649096643821,-4.565211014107334,-4.425685116337696,-4.439856596818013,-4.446507435338369,-4.465525733252081,-4.464448716436551,-4.465927895108612,-4.4653583772843675,-4.465515578058916
2011-07-20,-4.482759338622001,-4.595287211726303,-4.648658795135741,-4.577770990753915,-4.605869193218449,-4.594223226313439,-4.6656505390304535,-4.579903769155207,-4.60478903585523,-4.5924877235137,-4.604647696234856,-4.606422758303518,-4.604728902975958,-4.6045532390782,-4.604635949181668
2011-07-21,-4.543483930891666,-4.354107842707562,-4.420133438891557,-4.342105264658204,-4.367621977200308,-4.355859482063196,-4.458196557577575,-4.343036201918999,-4.361010363946808,-4.358304207525189,-4.368356068388004,-4.362443485251835,-4.368362738415375,-4.368415945422457,-4.368369625462872
2011-07-22,-4.178736425443852,-4.743169499687631,-4.835248323110692,-4.72768684062387,-4.775185729291679,-4.752224244484697,-4.863040560016789,-4.73208124619397,-4.774738706039859,-4.758200235675292,-4.761628996405198,-4.755499774191454,-4.761912287514179,-4.761959182469948,-4.761678173895614
2011-07-25,-3.865914861691669,-4.637902649154944,-4.830336039616125,-4.616651121806942,-4.671312913181024,-4.634715018932864,-4.86054860236358,-4.619361439889254,-4.6792573215673166,-4.6372568381394395,-4.670127358811752,-4.665961543984322,-4.670077186449274,-4.670276943213011,-4.670187532584222
2011-07-26,-3.7244370859227747,-4.719345554492788,-4.795370434852154,-4.7018115626954895,-4.741031263217853,-4.722369482285201,-4.804704066805063,-4.702195874058329,-4.7450282320763195,-4.723838119836305,-4.731653805672673,-4.733437910224427,-4.731932724940356,-4.731810533054226,-4.731679512595715
2011-07-27,-3.533236299341584,-4.23212552929497,-4.330232680679075,-4.223689495901351,-4.286737986794287,-4.236075767032947,-4.350216398731375,-4.22206382006285,-4.290563137490276,-4.237406024977414,-4.2502819365809925,-4.247630867136937,-4.250672877927794,-4.250431359359514,-4.250317707516072
2011-07-28,-3.1849429410727486,-4.48106364271674,-4.478798210812122,-4.462434278039597,-4.542826369929938,-4.48121022201339,-4.493319593117277,-4.4638889127093,-4.535518595110122,-4.47958373000298,-4.482318801837896,-4.4871526650301305,-4.482773790870451,-4.482362729160137,-4.482293532409746
2011-07-29,-2.4933741461004955,-3.986559248201469,-4.0375476044038034,-3.973439476123349,-4.033206474345601,-3.988833976179491,-4.06623200133298,-3.973855722038962,-4.028842028728222,-3.988480037120951,-3.998405177826991,-3.994511173566631,-3.99856699921276,-3.9984927189674586,-3.9984091573988807
2011-08-01,-2.0760562329897208,-3.764367624086992,-3.780414095581408,-3.7542369299049834,-3.810848820923734,-3.762481307746802,-3.809039428332619,-3.754272878929028,-3.7986953309053986,-3.7625055343715044,-3.770867576827449,-3.768449774750237,-3.7709369521170495,-3.771010625659932,-3.7708847493010893
2011-08-02,-1.7203807970409508,-3.853476498768345,-3.952229532424264,-3.8415658314106964,-3.8922418482270644,-3.8529565724886323,-3.9797403385376438,-3.8405554909134354,-3.8923155951229877,-3.8514788063583207,-3.872352775844009,-3.86947897700117,-3.872290398605744,-3.8724192894141938,-3.872382399072737
2011-08-03,-1.5829693729841816,-3.5091744111178733,-3.4888662579120218,-3.502852697592479,-3.5403557965725336,-3.510536596994785,-3.4924607184633696,-3.503619759339443,-3.5388994733252197,-3.5082385157762612,-3.507286253548797,-3.509382964159541,-3.5072701607102275,-3.5073529014701244,-3.5073035749196677
2011-08-04,-1.5382651100018598,-3.1855066503624525,-3.252771039126625,-3.184006359303778,-3.2436269856342888,-3.181432948047201,-3.2677215736614116,-3.184937827449649,-3.2440017063132656,-3.182469156676356,-3.198673380182672,-3.19373162423164,-3.198649089836353,-3.198868523052978,-3.1987433949121087
2011-08-05,-1.7066196962215028,-2.4092208802095,-2.3757613215551836,-2.4188779809559193,-2.4908773315068533,-2.4202220123833533,-2.3754381101526705,-2.420323101495804,-2.4919564070960245,-2.421419768868777,-2.4069116965210453,-2.4050073000154706,-2.407431813101609,-2.407253965406711,-2.4069860000133656
2011-08-08,-2.003040509045878,-2.162097081193379,-2.210424937120366,-2.167440951939751,-2.2116616514906795,-2.1660904206543155,-2.2267898003933597,-2.1689357336608155,-2.2108549357046066,-2.1655688698470006,-2.1729396229417413,-2.167281793278769,-2.172829247317411,-2.1731342280539634,-2.173015333719237
2011-08-09,-2.4582808752904692,-1.9218093690597524,-1.8405459899274343,-1.947269805980055,-1.9735514762263302,-1.9146919152224369,-1.8477822357651188,-1.9474660327615856,-1.9667126620942896,-1.9126959582711887,-1.9125939494478952,-1.9121574878678345,-1.912398524668139,-1.9127367704791065,-1.9126520572220913
2011-08-10,-2.891378229608844,-2.026520542528748,-2.0433242008211248,-2.04451652190652,-2.0849074690709113,-2.021905733887288,-2.0610469202274513,-2.0434914866916007,-2.0858492824104724,-2.0227079830601893,-2.0327935234195924,-2.027587725342266,-2.0326703700577435,-2.03291621768056,-2.0328506344912007
2011-08-11,-3.016953945316847,-2.151300883766809,-2.26138299020304,-2.164917178462975,-2.210347224145101,-2.150278844950648,-2.2992402465511796,-2.164397655395534,-2.2120766788550026,-2.151256554117589,-2.1736750466888743,-2.1652102418324377,-2.1733706032005826,-2.1738942147352094,-2.173750952652853
2011-08-12,-2.9883180508357694,-2.4110192653388074,-2.5678711810329196,-2.4169998261827823,-2.4475759161430686,-2.4127772163154138,-2.616983745452404,-2.4138080090394136,-2.4539925623786254,-2.4114743496513307,-2.442055804513142,-2.4350805207598487,-2.4418391740294387,-2.4421824990770187,-2.442130162839941
2011-08-15,-2.852557574179953,-3.0200668038225627,-3.208755959214177,-3.0314429797081512,-3.051364541508021,-3.0242204491978324,-3.2515973766515978,-3.0299091450133417,-3.057422533336688,-3.0227035485939515,-3.055610209782974,-3.0485243161574163,-3.0554600783896584,-3.055769995683696,-3.055702282643378
2011-08-16,-2.810985141750731,-2.851271402735627,-3.043173964167674,-2.87156927438291,-2.9024031605999263,-2.855604237677786,-3.0869634225115483,-2.8688581008321314,-2.9085601206145673,-2.8542118478784926,-2.887775427219191,-2.881241997484205,-2.8876996622510145,-2.888057006886765,-2.887891527267797
2011-08-17,-2.7691352725276475,-3.1771526194380484,-3.404782199168578,-3.1934421386019642,-3.212289306309207,-3.185642718438581,-3.4584292740218694,-3.189062780514007,-3.2220856089191185,-3.179213424250681,-3.2206843156187275,-3.2136403529405726,-3.2206465076380826,-3.2209040610839685,-3.220798765427801
2011-08-18,-2.824780154759008,-2.8148767087473967,-2.8766479965036176,-2.843561798664776,-2.863162469069931,-2.8137949352595126,-2.904585237327797,-2.835976405360415,-2.8621807810260473,-2.814886394123294,-2.830346781938048,-2.821841861087103,-2.830584112078356,-2.8305956421779856,-2.8304601655509587
2011-08-19,-2.795574035518328,-2.839976440204037,-2.902725682540287,-2.8571635137129423,-2.890589634274586,-2.8448501860066906,-2.9207333276884255,-2.853127975298774,-2.8864423463920255,-2.839216561348029,-2.853292102614244,-2.847201353733483,-2.853141623634271,-2.853523860311344,-2.853374251630801
2011-08-22,-2.9441894535411923,-2.904671922421433,-3.070269609652043,-2.920379653409141,-2.9478994072277023,-2.912313884880152,-3.0968517821049133,-2.916228318270349,-2.95007816520163,-2.9022343885050224,-2.935966171429497,-2.929180096816814,-2.93560201781921,-2.9362216717401877,-2.9360797729809764
2011-08-23,-3.003405899386404,-2.8691481839639428,-2.996340573076231,-2.8781070414538803,-2.898574937488734,-2.8680626627311807,-3.0306970835197067,-2.874405148411085,-2.8934157311707174,-2.869438417824149,-2.8942608293564582,-2.8901671093073205,-2.894131529836548,-2.8943258131973018,-2.894340212065565
2011-08-24,-3.030862136949379,-2.9659928808883214,-3.067278881184771,-2.9715980059683544,-3.005717503612815,-2.975627856916928,-3.0890858327876947,-2.9689119378428597,-3.005431211059336,-2.962110118217019,-2.985441449153845,-2.9794208351552074,-2.985331040014051,-2.985688505815851,-2.9855143453940913
2011-08-25,-3.0846249613984376,-2.79528942038898,-2.943281638889093,-2.8003482653433256,-2.819560435486638,-2.79563978069402,-2.98231093752226,-2.795766413534753,-2.8146984093185043,-2.795270954967421,-2.8244874129233697,-2.819041694664899,-2.824305319415529,-2.824639197726003,-2.824560349574815
2011-08-26,-3.378904106917415,-2.704973992083537,-2.8153198917282083,-2.7222502847813614,-2.7541276350187793,-2.7047877885952065,-2.852070321220895,-2.715239314811072,-2.7486388557480548,-2.7053817807208187,-2.7291497265498386,-2.719539027290617,-2.728961158857953,-2.7293271564140973,-2.7292540403768384
2011-08-29,-3.2675927299349676,-3.4557656420043674,-3.671324417939998,-3.463391733309453,-3.4855518372679213,-3.459002630045222,-3.712936896079683,-3.4589821540162395,-3.485944913519095,-3.453613343635767,-3.4963871843378937,-3.491288364587837,-3.496335778878924,-3.4965863836386855,-3.4964957150069904
2011-08-30,-3.4107232757669017,-3.0381124267732758,-3.182485678549549,-3.0435175239120964,-3.0856164730137685,-3.046345018448474,-3.2097626779863933,-3.0410191553296078,-3.0821752384027445,-3.0312759048497546,-3.0666053114729457,-3.059859990224529,-3.066642469423397,-3.066931299282905,-3.066695126287102
2011-08-31,-3.354405381506893,-3.1179996274086874,-3.2923550358879905,-3.1284785581090158,-3.1713050658719424,-3.1266824330649583,-3.330352433224782,-3.122145701980859,-3.1682234291646827,-3.1110978300914347,-3.152906429989011,-3.143846142903147,-3.152510790210892,-3.153215855480262,-3.153004172741694
2011-09-01,-3.305016849876675,-2.958706742593691,-3.128100656458678,-2.97159298720371,-3.0227972204395788,-2.958156359837153,-3.1693814376753706,-2.9633907389286076,-3.0153846373150177,-2.96040970279912,-2.9927338657670117,-2.98484882871585,-2.992472019172525,-2.9929546620899687,-2.992840874438582
2011-09-02,-3.124980544476279,-3.3391930324986507,-3.527773229603125,-3.350052371348216,-3.392181674038941,-3.344444420544605,-3.560889466603585,-3.3429488041877975,-3.3876105567290913,-3.334275659605228,-3.375475758300426,-3.365221221949481,-3.375224007941509,-3.3758314591030416,-3.3755874162440067
2011-09-06,-3.0084186828563753,-3.231674584243596,-3.334070415758232,-3.2436250141968204,-3.2746847551933485,-3.236057506632606,-3.356485477254036,-3.2379039412178843,-3.2697746045456886,-3.227515610935655,-3.253074267807476,-3.246123855691509,-3.2533126919643744,-3.2532925106265806,-3.253171642503126
2011-09-07,-2.8852036981548794,-3.552375853930021,-3.7177389106362004,-3.5519393173521343,-3.584315659078466,-3.557721528774876,-3.7411152560019443,-3.5502924160853326,-3.582443459825981,-3.547700165599505,-3.5830468501640134,-3.5783291808983257,-3.583282192622426,-3.5832626801386773,-3.583110440967655
2011-09-08,-2.9418353642104167,-3.1958823900284674,-3.329189696452239,-3.1971376905232005,-3.241783563303743,-3.198168926233215,-3.349855242276322,-3.1950115165788624,-3.2430483876150054,-3.1929698733078413,-3.2204596050863974,-3.2178156355948677,-3.2205648648697247,-3.2205968988280866,-3.2205106281999676
2011-09-09,-3.1123604808952825,-3.064445914631313,-3.1561966686452334,-3.066267378287482,-3.1046088121409925,-3.069898461361453,-3.1795190834822225,-3.0641299762115457,-3.0985288033106873,-3.057875671575049,-3.0833779547428746,-3.0797944284863505,-3.083331029176881,-3.0835798531781107,-3.0834297887504265
2011-09-12,-3.254513624125113,-3.027933147684151,-3.1410598905918334,-3.0289425080645147,-3.063800144345461,-3.033851107645731,-3.1715872454053726,-3.0265570952627168,-3.062055934469679,-3.0222805814865614,-3.051588063245992,-3.046730134977879,-3.0514437803486483,-3.051821944606784,-3.051657234805491
2011-09-13,-3.407063729560094,-3.014287752301992,-3.2295894219421477,-3.0113170734113868,-3.0475114278194506,-3.0196640444958005,-3.2717269436082317,-3.010237610251081,-3.0470708082130376,-3.0100081630579907,-3.0545677121111083,-3.047546608180686,-3.05445185170551,-3.054805608908462,-3.0546412466561206
2011-09-14,-3.2508478465831923,-3.044427757817576,-3.15735606150197,-3.0442433681456893,-3.0994357083763155,-3.046279618421991,-3.191863980626327,-3.04312238142674,-3.092246231977787,-3.044294593049615,-3.067990496678957,-3.062391709532241,-3.067813090051168,-3.0681925248507538,-3.0680647729399144
2011-09-15,-2.9901872589051424,-3.252854663311372,-3.43910961511464,-3.2539340042731912,-3.2937114607320432,-3.261337777043252,-3.478245254594426,-3.251218759611403,-3.294633727877597,-3.2463461705608228,-3.2893786318047784,-3.2856591295506585,-3.289559643632808,-3.2895910320633286,-3.289453694951142
2011-09-16,-2.829617110276823,-3.3821782343882254,-3.5398329310734375,-3.3791013488329775,-3.408694655084319,-3.3837955120526386,-3.579858003060259,-3.3789851235565007,-3.4073705209392493,-3.383015312162091,-3.412418144679268,-3.406909201265382,-3.412606267042881,-3.4125269456604777,-3.4124716257094914
2011-09-19,-2.7633564313385794,-3.314508272583282,-3.4995720956021796,-3.316512468491247,-3.3557522681463916,-3.3272120225530237,-3.5351631629162235,-3.314172219414488,-3.3512184397111433,-3.306397089064169,-3.350138203198868,-3.3421499097863365,-3.3499938112074616,-3.3504037357165988,-3.350232208749655
2011-09-20,-2.7339583683736186,-3.3934240926953803,-3.552286910508978,-3.3974673552874437,-3.426743672770207,-3.4021873806795675,-3.583694998865964,-3.3948896083109283,-3.4248264557608055,-3.38803593448193,-3.424800412403393,-3.420494215184355,-3.4247810635287546,-3.4249779422097313,-3.424883164983034
2011-09-21,-2.803229680455015,-3.0280096618333245,-3.150657260851943,-3.0329275669147395,-3.0627325519947077,-3.032766744116267,-3.1781458571379098,-3.0301896577766927,-3.05973667651234,-3.024911925458587,-3.05195623041148,-3.049098309070958,-3.052372938426479,-3.0520650217709413,-3.0520272669730413
2011-09-22,-2.840037359064634,-2.8826201054452647,-2.7905933311913946,-2.8926994302103948,-2.9265916038896274,-2.890893417302447,-2.788596853828126,-2.890239190791398,-2.923766496098057,-2.8776072242192763,-2.8690320014544035,-2.871934510637389,-2.8691196651463846,-2.8692371810603605,-2.8690787530400192
2011-09-23,-2.8243080860198333,-2.906178988868627,-2.955353474626335,-2.910555530079469,-2.9593042507660807,-2.9158154849456115,-2.967127111870984,-2.9092741724711004,-2.957745785877585,-2.9008340158095463,-2.916247288651462,-2.911947655101141,-2.916303014521884,-2.916572476173396,-2.9163235195918014
2011-09-26,-2.6852648345107912,-2.96142107851987,-2.9738745522097876,-2.9643516963864314,-3.00969008291068,-2.978969043959112,-2.977098678906652,-2.964315689748004,-3.009533779222621,-2.9520588678383786,-2.964743258867092,-2.9609880074932224,-2.964652800138805,-2.9650775544743095,-2.9648155913160386
2011-09-27,-2.395963189744423,-3.04463739328249,-3.1532143693968235,-3.0486585636366152,-3.0811641937637884,-3.057830129183192,-3.171726263669215,-3.0466765619947522,-3.0785916376326945,-3.0354031787681115,-3.0642118718543063,-3.060430824542178,-3.0642669604078203,-3.064452805122058,-3.0642917070672566
2011-09-28,-2.391853114096099,-2.976436883902395,-3.0551336035541197,-2.977435953431171,-3.0226910653241688,-2.9863153793980923,-3.067936623710637,-2.976871521791254,-3.0167432213824785,-2.965475694321808,-2.990871362497124,-2.984592551458036,-2.990663192513631,-2.9911638381647148,-2.9909455005699113
2011-09-29,-2.4546725865946537,-2.866252225485994,-2.9028632847466813,-2.8701095578981533,-2.907468250155344,-2.8793910887348875,-2.9097931546894467,-2.868912034310022,-2.9033406540300426,-2.842593532328627,-2.8739153549519725,-2.869430235041021,-2.8738482224582382,-2.8742137136081674,-2.873994652109607
2011-09-30,-2.5057144097728328,-2.868655618418289,-2.961926795495858,-2.882907012854014,-2.924396871302202,-2.8738695771846,-2.985714677289572,-2.8752994302563626,-2.9179033848406957,-2.8564713429097384,-2.887757194063034,-2.8783140321922343,-2.8875924350929214,-2.8881047293264146,-2.887877966267201
2011-10-03,-2.7108336933261254,-2.6985499748219275,-2.703624628550594,-2.7032440764373056,-2.7309899969417297,-2.7051622536706823,-2.714107480402534,-2.700790010781857,-2.723670201709243,-2.683232419948964,-2.7017771357079607,-2.698379618470595,-2.7018275427730263,-2.701980023465681,-2.7018461556619116
2011-10-04,-3.1922648196007306,-2.4103315414729183,-2.381832148702935,-2.415281245150761,-2.4489493926582915,-2.41678408042608,-2.380124296802,-2.412985683022156,-2.4442525235824863,-2.3920075047658975,-2.4065210182072776,-2.406515908185961,-2.4064804562605437,-2.4067214713770864,-2.406577247727804
2011-10-05,-3.3694695826614693,-2.764024896695912,-2.7295056151374113,-2.7670064004512422,-2.7902190327672334,-2.7707168258923334,-2.7168581072379907,-2.765798999693207,-2.7888639141226856,-2.745114066874886,-2.757431350211073,-2.7604935321890145,-2.757791811269552,-2.7575949152547325,-2.757474572433062
2011-10-06,-3.4743392574103047,-2.8510045348946496,-2.931394727070057,-2.843546388014011,-2.872213859785604,-2.862119620456811,-2.9504371199755965,-2.8475212080788994,-2.870650511859562,-2.825968841398225,-2.86659662818756,-2.862511671078579,-2.866644495601696,-2.8668003569397524,-2.866640951703485
2011-10-07,-3.7184052380275427,-2.842162659890238,-2.895165868302874,-2.8372886284926397,-2.8750575767090654,-2.8511761725473614,-2.906031953889829,-2.840366938789799,-2.870567244979769,-2.8262958110882135,-2.852058733208917,-2.8473495561130457,-2.8519646080168664,-2.852237835896111,-2.852097353125722
2011-10-10,-3.7196409892007436,-3.2190234732829266,-3.3857455022489407,-3.217002669179719,-3.2415684377715186,-3.227429216898974,-3.410716049293689,-3.217590925202569,-3.2403152084159714,-3.207058050962545,-3.249289394386454,-3.2451273698405387,-3.249239122892671,-3.2494303553842023,-3.249353726031858
2011-10-11,-3.5136279923482925,-3.3090230657436024,-3.4416988516867955,-3.304590772195127,-3.326286922961035,-3.318670822156863,-3.462522146602538,-3.308024729461995,-3.3247863347204123,-3.294315868686564,-3.332961304742084,-3.32705226015638,-3.332881238731862,-3.3330541171979635,-3.333020947220182
2011-10-12,-3.4503659849572075,-3.457421748853247,-3.483734741972665,-3.4563702051344483,-3.473876813851004,-3.465118709857554,-3.490659947452985,-3.4573906054139942,-3.4702031479555746,-3.445423880792166,-3.462239149184001,-3.4592040976532514,-3.4624791927681478,-3.4623195418162087,-3.4622861155520037
2011-10-13,-3.3461766210259816,-3.4071576458530117,-3.455506180477919,-3.4023884460951446,-3.4300323637702554,-3.4160470991093157,-3.465201451297268,-3.4068149531649183,-3.4283450520548255,-3.393066836415538,-3.416057659400725,-3.414237993598618,-3.416083804790468,-3.416226472791501,-3.416096907547649
2011-10-14,-3.3291997635722566,-3.700205477311295,-3.753250938277204,-3.69371140823412,-3.714475270201632,-3.710232321419019,-3.7610046108864066,-3.699803981844396,-3.715179569858569,-3.684582269526628,-3.7088925328205264,-3.706193748171748,-3.7089215451586575,-3.7089995908057714,-3.708921819451919
2011-10-17,-3.377974010451242,-3.615117728752336,-3.665592963407447,-3.6134981926106917,-3.6406434791194475,-3.6217373674316806,-3.68049948026979,-3.614897538736067,-3.634674694705491,-3.6040696038662667,-3.62523651206852,-3.621965033243692,-3.6253422825773023,-3.6253657247915836,-3.6252731462213226
2011-10-18,-3.531292593398353,-3.195409585804293,-3.2278845966429675,-3.1916232337724253,-3.23085309610157,-3.2064907831835288,-3.2388739053870665,-3.194607487126972,-3.22618905019734,-3.1761473318421136,-3.201483544488376,-3.2005082797398807,-3.201401913654861,-3.2017333727638073,-3.201537960446933
2011-10-19,-3.4679339951249544,-3.3667885137307847,-3.4242326615790963,-3.3584145980515694,-3.387808690293888,-3.377138494937749,-3.4381541050737034,-3.3651596642729604,-3.3826523336809213,-3.3511197530446304,-3.376553492586837,-3.3731323390677685,-3.3766667367032204,-3.3766140731889744,-3.3765880200010954
2011-10-20,-3.61852425746171,-3.1949763422754414,-3.2598908675340756,-3.192514553490997,-3.2258469281706055,-3.2093964644083175,-3.2666585634775083,-3.1945288501492075,-3.2219577590187516,-3.17515099786778,-3.2059081885901795,-3.203523588676481,-3.2060754455904825,-3.2061867929571903,-3.205973587384468
2011-10-21,-3.6517936459775884,-3.5025552304696697,-3.6108404508226837,-3.4971459113755268,-3.535356379348766,-3.5159342414017054,-3.638861492689756,-3.501400198975518,-3.533124181164321,-3.490197533405956,-3.5227417454520222,-3.518872463249193,-3.5229032211293467,-3.522960758650263,-3.522801949340666
2011-10-24,-3.603364832640617,-3.6802288460345935,-3.720613805762429,-3.673226182887134,-3.6850600134387936,-3.6924689141634186,-3.7336923456755295,-3.678927570490211,-3.682731615701302,-3.671062538939699,-3.688454311381957,-3.688418465253479,-3.68856079386099,-3.6885266700264845,-3.6884981707835487
2011-10-25,-3.244092147036062,-3.4274702669488177,-3.5219718770700297,-3.4296397321412115,-3.4780576134002823,-3.437673691010022,-3.521964204634019,-3.427765819164664,-3.4742116596647565,-3.418005610568646,-3.4417826037479147,-3.443430397959069,-3.4420258161724715,-3.442187734194865,-3.441870848329828
2011-10-26,-3.2659209906575373,-3.3076289297677346,-3.3318824004008927,-3.309703960842099,-3.3564539714690618,-3.3232826070570107,-3.3341626135607845,-3.3080598280448417,-3.351114244770638,-3.2928110636699284,-3.3114691929312,-3.311451821480788,-3.311880678983921,-3.3117311518646666,-3.311529413291315
2011-10-27,-3.22175306477639,-3.544296200055203,-3.4784966835511257,-3.5449001686394888,-3.5829156809115354,-3.551368679593356,-3.485502836707899,-3.544339019273348,-3.5721898638384615,-3.5380310356867692,-3.535336545140712,-3.540979507987492,-3.535412210327111,-3.5354301277104927,-3.5353765940327273
2011-10-28,-3.19753938120008,-3.736006537870435,-3.7063612754323993,-3.730658134807208,-3.756955569899744,-3.7487200066221185,-3.704742228684636,-3.735207085226827,-3.7518435187795447,-3.7241830278051653,-3.731134580291397,-3.737788644227868,-3.7315546491918528,-3.7313337079589592,-3.7311527631006376
2011-10-31,-3.178819975492639,-3.6476057951324257,-3.678884940878893,-3.647805466192947,-3.6800899723728913,-3.656605495029556,-3.683241782259321,-3.647358214120446,-3.674964836570892,-3.6363995288050304,-3.652933716568467,-3.653543691370362,-3.65334393582099,-3.6531057120491814,-3.652978365850762
2011-11-01,-3.5403864892916994,-2.967521955492668,-3.036633443661042,-2.9651033585022546,-3.002339773177247,-2.9756503113871244,-3.047032718477576,-2.9668475583663416,-2.9995304787445254,-2.958138792968673,-2.97872560008888,-2.9774086386458407,-2.9791079855736413,-2.978850746075831,-2.978780925017378
2011-11-02,-3.543276638858171,-3.297023342674363,-3.4294761384418546,-3.294109517622079,-3.3223564412651627,-3.3031379905891676,-3.4564926077464304,-3.2963934209892254,-3.3141303715098656,-3.289800696333585,-3.3213974091715155,-3.320389852528595,-3.3216185265477374,-3.321402510775304,-3.3214560322439226
2011-11-03,-3.5407942891649458,-3.344760120201076,-3.351669670795101,-3.336280098626913,-3.36553141051134,-3.3546733278247913,-3.3622475703359003,-3.343872586928402,-3.362158357028648,-3.3350999694316084,-3.3466290365741544,-3.34619546338872,-3.346684049519057,-3.3466663458861117,-3.3466592458557565
2011-11-04,-3.601601780605295,-3.5236555562369976,-3.641892452933196,-3.5198727080735814,-3.5655847210238893,-3.538366815687896,-3.6597994225879664,-3.5229904808408685,-3.5643464501642805,-3.5091634515272077,-3.544111153686919,-3.5409811192616534,-3.5442357656475445,-3.5443095729203558,-3.5441755810169946
2011-11-07,-3.6309866186501893,-3.475831869681349,-3.613999466194635,-3.470034756115591,-3.5209819691376176,-3.4869825432632835,-3.6392194566832554,-3.475180953589819,-3.517931179089692,-3.4657237069551514,-3.50072553966761,-3.496461791218496,-3.5006372655878963,-3.5009549867263687,-3.5008078098524567
2011-11-08,-3.614399606514202,-3.554990400924164,-3.6797685993423324,-3.5516737115553387,-3.588795514238503,-3.565378416334114,-3.71639390273305,-3.5545823320354204,-3.5854669435893776,-3.546383177237939,-3.5791100525661865,-3.5759509063636594,-3.578972610693211,-3.5792853585453543,-3.5791739027578853
2011-11-09,-3.688743263455,-3.4447248866175744,-3.582941472906775,-3.4462228038765796,-3.4896418049903013,-3.455393900345697,-3.6122803774287373,-3.4445689444227017,-3.4869273758790458,-3.436222550354938,-3.469949062147652,-3.465113147090923,-3.469889898036133,-3.470136502613591,-3.470035209751006
2011-11-10,-3.5813911799987004,-3.472968478461884,-3.5381785973466644,-3.4702671732412145,-3.496242865368111,-3.489275307319478,-3.553631807284494,-3.4730166534075293,-3.493560848782848,-3.4585681820013225,-3.4847255047466827,-3.4808355576223877,-3.484820131913667,-3.484929820271997,-3.4847749903237233
2011-11-11,-3.487167723092398,-3.8704516721599336,-4.076327571204283,-3.8663187220192814,-3.8828098007625798,-3.8855349737405294,-4.111505642371693,-3.8712332596601704,-3.8821724561316686,-3.8572542940382135,-3.908327349206616,-3.900299760183117,-3.9082670701779576,-3.9084237881400914,-3.908393044431794
2011-11-14,-3.439536120668636,-3.7121043117832215,-3.9380206705505167,-3.7110960156366914,-3.7408264570268805,-3.721722318484503,-3.969640422388729,-3.7125929821799937,-3.7387704601784915,-3.702755199693727,-3.751710135261792,-3.7467520615452505,-3.75135882327436,-3.7518172965096315,-3.751783409038308
2011-11-15,-3.4609062026588227,-3.5514133603576825,-3.765459859863984,-3.5483494695961793,-3.579047064775005,-3.5671425042208607,-3.7951460456632145,-3.5521946077278583,-3.578551283789806,-3.531398829516636,-3.588680474265343,-3.5824145793566715,-3.5888019643844804,-3.588996862258034,-3.588754329216472
2011-11-16,-3.444280330169772,-3.6010904493712865,-3.7631493923532897,-3.6019975516112472,-3.649476929299036,-3.6144383673471348,-3.7898281740754913,-3.6017688021010223,-3.6446361536394467,-3.576710032060531,-3.630452593404644,-3.627113201002179,-3.631069973425303,-3.6307737633261095,-3.6305588349737135
2011-11-17,-3.589700066561503,-3.367933258209669,-3.493133250364929,-3.369588689347683,-3.414112301301984,-3.377556256036161,-3.510660802689421,-3.368170439299263,-3.41203874727756,-3.3446184996553434,-3.3898449381022906,-3.38464958069493,-3.389836094473154,-3.390137571549995,-3.389929168981392
2011-11-18,-3.6327551073044777,-3.559634938668584,-3.7589877601948953,-3.558322338685536,-3.6062596602195365,-3.5703290153081233,-3.78892745263436,-3.5617587789586858,-3.6046985421623052,-3.532744073921145,-3.5952083128031456,-3.590465235684675,-3.5951287679016275,-3.595474509064005,-3.5952958669864934
2011-11-21,-3.6370801063092126,-3.530697500635412,-3.665541410941435,-3.529939635025919,-3.5694561562377825,-3.5397587177367096,-3.6790991892173537,-3.531911911408229,-3.5688631106752453,-3.507029851165751,-3.5532950256203906,-3.5487604868682943,-3.553413775241968,-3.553515606289128,-3.5533906690114714
2011-11-22,-3.7418435168998774,-3.5419110118461705,-3.645487228731704,-3.5419318880549895,-3.588416388073976,-3.549474502928336,-3.660891157805279,-3.5426127565476078,-3.584827697892851,-3.5219386487942543,-3.5604938016127994,-3.555234521861156,-3.5605533472514823,-3.5606977970425397,-3.56058788265607
2011-11-23,-3.882286027319897,-3.482111577030845,-3.63680281910027,-3.4826796263213167,-3.5219729508732405,-3.4895767235936104,-3.657270836370222,-3.4825342497519904,-3.521803325431909,-3.463519504902093,-3.5093068124832723,-3.5062718750957664,-3.5093539745730444,-3.509488887055507,-3.5093935610312066
2011-11-25,-3.9526902536239903,-3.5809648235551075,-3.620785666747954,-3.5832050747898223,-3.6133734650752825,-3.5959468327980972,-3.6183840581388957,-3.5806078578681046,-3.6167803643510252,-3.551081204484893,-3.586636755712857,-3.589097199496953,-3.5872627692808527,-3.5869018592572948,-3.5866759080206316
2011-11-28,-3.9750151696437674,-3.711304322297026,-3.8638617661463344,-3.708441045853048,-3.744160134460842,-3.716659673147513,-3.893335789712193,-3.7112431502743126,-3.7447431269798477,-3.7032120918873495,-3.739456239379514,-3.7341897379564895,-3.7393868292564503,-3.739494608063333,-3.739513533256753
2011-11-29,-4.114465568804389,-3.614018947581135,-3.8262605220614367,-3.610232708339857,-3.6385971857755,-3.6260915043460042,-3.8571385696808274,-3.613547413748388,-3.643759637687033,-3.5924391600465024,-3.652287638986168,-3.643418945248047,-3.652187801518784,-3.652438682901742,-3.652372587827789
2011-11-30,-4.03923235488725,-3.88875385857593,-3.9368566330439743,-3.8849695603974443,-3.918215581945548,-3.899524114476738,-3.957649871696082,-3.8885362795231653,-3.9197480179693227,-3.871086772622596,-3.8990513108324194,-3.896079373922539,-3.899110003975872,-3.8992226443507656,-3.8991142977298643
2011-12-01,-3.7819855928572954,-3.9033969861181257,-3.999666430768144,-3.8986066932772316,-3.9209148319509155,-3.9148488544997004,-4.021185290432217,-3.903119372849793,-3.9217511183088645,-3.8875131848357283,-3.921904096122571,-3.917612419778643,-3.9218191956024993,-3.9221152574769853,-3.921956260677678
2011-12-02,-3.8030629374189227,-3.848616677221386,-3.9626062715635846,-3.8411785047482905,-3.8757797853431546,-3.8560857224725327,-3.993483533315379,-3.848825406814718,-3.8679277548876336,-3.8369860523554387,-3.871294355605487,-3.869305602723688,-3.871241616413388,-3.8714304798146744,-3.8713557622152868
2011-12-05,-3.830962853721061,-3.904919805058799,-4.0525451533456875,-3.8996020895623014,-3.9326215343565183,-3.913149305252831,-4.084684633414284,-3.9061636628424283,-3.9323200830889613,-3.889340920205789,-3.932676071683622,-3.928707168060293,-3.9327539077817177,-3.9327959350002963,-3.9327518152296825
2011-12-06,-3.7090128030912286,-4.042562974140232,-4.183567822346765,-4.035900665105125,-4.0711184366610285,-4.0514131263428315,-4.208708785105835,-4.045215771652261,-4.073681349957264,-4.02584290942577,-4.068509785296919,-4.066394371647047,-4.06887103555675,-4.068690317341026,-4.068581527978399
2011-12-07,-3.6068816083587842,-3.8957354696881534,-4.056023151225555,-3.8898579320353113,-3.9190530693673953,-3.9038459171189475,-4.085684562763065,-3.898289069473351,-3.9188230806631292,-3.8748846572116613,-3.925343020434719,-3.918061246274987,-3.9252399895948806,-3.9254945253814837,-3.925401252809546
2011-12-08,-3.796432656117797,-3.5404914231101894,-3.7240572441003787,-3.536536168752772,-3.5743680513695604,-3.5477619422760855,-3.756326373349362,-3.5428927398577943,-3.576115208922686,-3.5173545980437475,-3.574599991575353,-3.567462017439248,-3.574393599449196,-3.5748121686976275,-3.5746883992162544
2011-12-09,-3.829265457954771,-3.844747217869504,-4.005791669480558,-3.8411205545625204,-3.8846353034294974,-3.850636126229562,-4.037310297342433,-3.847654833359001,-3.883714157289416,-3.829929511645383,-3.874450867481068,-3.868342169753453,-3.874591747157013,-3.874538490443755,-3.87452266073716
2011-12-12,-3.8223956862941364,-3.925807028054305,-4.061083944820927,-3.922150668728826,-3.957531151022474,-3.9304392568608484,-4.072622945941431,-3.9293820264125414,-3.953888385263157,-3.9098122893588254,-3.949301792545319,-3.9465933946523015,-3.9515212516730087,-3.9493919406188063,-3.9493510583718052
2011-12-13,-4.001247193225481,-3.654490902777453,-3.717035100504902,-3.6488687963917785,-3.677742934371761,-3.6590610149976603,-3.730553541317835,-3.6583139451648994,-3.67915724676677,-3.635061316626958,-3.66503114353726,-3.663823730797012,-3.665050578425881,-3.6652085997927104,-3.6650698793153293
2011-12-14,-4.230561391069907,-3.5546359610173663,-3.7200494680158487,-3.5527380184538013,-3.600817607948694,-3.561338772761755,-3.745550043380806,-3.5577467962001568,-3.6008725991848434,-3.530413000697149,-3.5848834502538707,-3.578043796656797,-3.5848951102920044,-3.585219162162242,-3.584973533615758
2011-12-15,-4.371074266650346,-3.8490965438562914,-4.005790853867267,-3.8461427013535636,-3.886689757981354,-3.853395347788173,-4.037150599878203,-3.8539356958834525,-3.885712668141139,-3.83948428920847,-3.878944969207464,-3.872586800086573,-3.8788967751177306,-3.8791172375617466,-3.8790116312692633
2011-12-16,-4.550135440663171,-3.9421262268870527,-3.9897586752824137,-3.9413904816891234,-3.9950114717069085,-3.9486224686618088,-4.002162166229771,-3.9425355798685273,-3.9905917808315325,-3.9270993547049247,-3.951211531871948,-3.947629295647412,-3.951246960924224,-3.951438749828894,-3.951295613610691
2011-12-19,-4.78873488781921,-3.911046713530372,-3.9667071439423234,-3.907446659354724,-3.945502762479275,-3.916501270723901,-3.985607765024614,-3.9159198122546277,-3.9430956112070676,-3.900105746428779,-3.921958856125628,-3.9174839695147847,-3.92181305365384,-3.9219826148818244,-3.9220176000322082
2011-12-20,-4.8518342056864805,-4.131859692331212,-4.17911379377113,-4.128746649208236,-4.1637809484866555,-4.137978263351639,-4.204094857922461,-4.136941077016537,-4.1619982440483305,-4.122848859171928,-4.141966574696747,-4.1423781736494725,-4.141939463127819,-4.141951314274754,-4.142016640991086
2011-12-21,-5.114117224533991,-4.107851316723501,-4.14007611002351,-4.107734779151895,-4.148687704320559,-4.120593048959277,-4.153818346453634,-4.108781725682236,-4.155468518438643,-4.088405310823688,-4.115183194146928,-4.111446413348343,-4.115866410164811,-4.115476062300007,-4.115259470884938
2011-12-22,-5.2991688786843545,-4.372216137377194,-4.433397316217014,-4.369423903748941,-4.390721996192812,-4.383307742561619,-4.462793564826973,-4.380840671366172,-4.389659252698809,-4.364712589258392,-4.386863827206656,-4.381833172516851,-4.387198688583009,-4.3869650140163134,-4.38689824396161
2011-12-23,-5.164168246098809,-4.7104477174214106,-4.806129524349809,-4.707391625989762,-4.73059975382694,-4.720403038154519,-4.831263178805739,-4.723418108640415,-4.7345802083810975,-4.706585344950343,-4.729599847846981,-4.724179172443051,-4.729443720355195,-4.729690173627659,-4.729648468353572
2011-12-27,-5.074284821790383,-4.764474718003991,-4.832297730345996,-4.762437910919334,-4.777410793362576,-4.778284531754425,-4.854931527221534,-4.773410292311326,-4.779102425146132,-4.760662566358238,-4.777913543021768,-4.774901531999747,-4.777867808487873,-4.77796009657288,-4.777947140975085
2011-12-28,-4.9279304408489475,-4.589159812966291,-4.684886338136194,-4.585419954708181,-4.6226511465294875,-4.605909332752776,-4.708762841032444,-4.601976809865878,-4.627292732874518,-4.586040854718441,-4.607432292815283,-4.602979938667682,-4.6073429737719485,-4.607623952533618,-4.607491901436283
2011-12-29,-4.872810497041106,-4.83074870208317,-4.934676128537772,-4.826480419109228,-4.846558157449309,-4.846664865274315,-4.965511484999181,-4.840730329167055,-4.850079820582723,-4.829429655535548,-4.85159701912626,-4.847435371443547,-4.851477218745472,-4.851710090286122,-4.85164957840644
2011-12-30,-4.841786879928614,-5.120939719964075,-5.181791780569254,-5.116305383794483,-5.142703769169941,-5.131294240010466,-5.203701471272075,-5.130239853330904,-5.144793590265928,-5.120737137704992,-5.13324435499973,-5.128870280529453,-5.133016437673372,-5.1334871352165,-5.133300052015375
2012-01-03,-4.89875496540582,-4.752569063781318,-4.618365626290446,-4.751221308901917,-4.776306056115385,-4.755871645522291,-4.606250665024095,-4.752183473183263,-4.77475828501749,-4.75243026794781,-4.727383034678698,-4.7362786792790335,-4.728005050258558,-4.727294436713536,-4.7274103658083515
2012-01-04,-4.950106559120836,-4.741528649652132,-4.711057175656947,-4.736777258207662,-4.756300619510733,-4.7527914803963665,-4.718959409480979,-4.7469288714871425,-4.7594759536585185,-4.739899984283698,-4.737494362142214,-4.738623953698139,-4.737391764739486,-4.737618299005162,-4.7375225559845235
2012-01-05,-5.075186789726979,-4.477149222193103,-4.484024192536347,-4.471451642915724,-4.470878424539975,-4.490300927362867,-4.495207815297988,-4.484604021614802,-4.472983387240255,-4.475460847546446,-4.480286288875939,-4.480427226413654,-4.480212091550162,-4.480334697902787,-4.480305150285722
2012-01-06,-5.026117964563221,-4.6566692193670844,-4.663034426098188,-4.652941534465477,-4.661831945240773,-4.667586499878782,-4.6797687393057625,-4.664532929634181,-4.6606914969067175,-4.655983884073023,-4.660716461829343,-4.659240500818873,-4.661001769428875,-4.660695516318091,-4.660755248464902
2012-01-09,-4.934725211514755,-4.853488023729213,-4.79728966500249,-4.850267007084079,-4.85582074251553,-4.871877003220209,-4.808157781768502,-4.858988221978667,-4.856718006520591,-4.853425640549888,-4.84655483337909,-4.84735244364281,-4.8467985707247045,-4.8467087925231365,-4.846577638427136
2012-01-10,-4.910666977020563,-4.804335682457077,-4.765805798129186,-4.802083789813783,-4.820734164987333,-4.820291650030098,-4.770002560499901,-4.810119420009854,-4.825823178294423,-4.804447082525412,-4.798000200301295,-4.800432791267681,-4.7985333336261,-4.798093359230521,-4.798037772910691
2012-01-11,-4.917994702487286,-4.847165429436597,-4.788409637711444,-4.843369920743684,-4.860966984169152,-4.8638340200479675,-4.802052797787007,-4.860136035713086,-4.865173014766737,-4.847321280581519,-4.838852441482843,-4.843299233798287,-4.839036119628773,-4.839022471832328,-4.8388845565839285
2012-01-12,-5.0950231597826585,-4.719875552458372,-4.718851859715339,-4.716724971397307,-4.732769022226781,-4.742146966240968,-4.7284775275188915,-4.735085833532185,-4.738906303632895,-4.720133514445339,-4.720707212815624,-4.7227090873172575,-4.720795693605075,-4.720815778835801,-4.720748512272045
2012-01-13,-5.171436426742395,-4.690168266843883,-4.686053768198929,-4.6875570399698185,-4.701584753556029,-4.704897009707606,-4.706975152036815,-4.704978957751313,-4.707373638059321,-4.691192094951523,-4.690911391598232,-4.6904070851814,-4.69092035966597,-4.691059159490632,-4.6909275137964555
2012-01-17,-5.237138434492368,-4.7423716392798045,-4.716385962030633,-4.739721275672829,-4.744893510306285,-4.748506474547843,-4.73659311897536,-4.758043467128072,-4.749656483491082,-4.742767450835318,-4.740366975817895,-4.742691350618515,-4.740439409590631,-4.74029533203041,-4.7403832363890785
2012-01-18,-5.09771023414137,-4.81651460644127,-4.664553942048804,-4.814379284817115,-4.820546955916478,-4.8326003929134895,-4.668922563505968,-4.828684876782893,-4.8195035277711336,-4.819156281961628,-4.790986081049102,-4.799879345871599,-4.791037084774965,-4.791025947373932,-4.7909937311208015
2012-01-19,-4.951358959118959,-4.905935393011686,-4.740364523797757,-4.904215337578796,-4.898668827411603,-4.929878344243086,-4.752359171213656,-4.918680719420189,-4.897406413389298,-4.910172361183239,-4.879753131371533,-4.8865576444474,-4.88011007878993,-4.879876472797614,-4.8797675593462655
2012-01-20,-4.822959317804058,-5.191136197980395,-4.920687546514943,-5.18937532548756,-5.1924135447905,-5.206685138785572,-4.911143791339956,-5.199605686980292,-5.19077360938329,-5.194687168593542,-5.143624538355725,-5.152244863824116,-5.144322642545599,-5.143774507355661,-5.143601695061696
2012-01-23,-4.805367038041069,-4.909855632106666,-4.786412495601232,-4.907746263470693,-4.924681880000968,-4.922802181369305,-4.7906495228089145,-4.92485009340342,-4.928780273517642,-4.912388245727555,-4.889017888175154,-4.892872832936932,-4.88913844999273,-4.888995831769089,-4.889033324515658
2012-01-24,-4.662926879774349,-5.0107300607633,-4.92350839861175,-5.008843012132244,-5.033444785870209,-5.0289688843636124,-4.9315381929008995,-5.026190091939853,-5.035322651292281,-5.014028755781907,-4.997556899218893,-5.0049371933612345,-4.998108689964639,-4.997803250620344,-4.997613794007339
2012-01-25,-4.769127061076579,-4.748630212228196,-4.632784835639658,-4.746923954746191,-4.789382118540904,-4.753094871257422,-4.631870511042273,-4.757500927547726,-4.792244344645723,-4.749123396257857,-4.727248173867928,-4.736960814948707,-4.727699529997245,-4.727388831834184,-4.7272941738748795
2012-01-26,-4.897902092927094,-4.7029262034508585,-4.539112196759205,-4.699385336055565,-4.7260042660870525,-4.717855900245706,-4.538961101157537,-4.722486445759326,-4.725970581354053,-4.706040950039733,-4.673755925871339,-4.6857962021267054,-4.674385365934536,-4.673874686342213,-4.673767580924563
2012-01-27,-5.025212518911603,-4.737455839082269,-4.684907271410349,-4.735858243330342,-4.751753817295758,-4.749184944728648,-4.708909910217827,-4.757906479306859,-4.752735665407851,-4.739426590662265,-4.731855500096465,-4.735150117973853,-4.732305424715994,-4.73184523715343,-4.73186630264948
2012-01-30,-5.17142136155101,-4.7313384584951805,-4.700878227835883,-4.730616050263875,-4.753192888110843,-4.738872398806409,-4.722102792831174,-4.743400169416117,-4.751413033657125,-4.732757999313686,-4.729051573803473,-4.728402786336721,-4.729209117205507,-4.7291067702277285,-4.72909866811295
2012-01-31,-5.450166920139672,-4.511293349885938,-4.5002635552196795,-4.511203083403296,-4.543261357011997,-4.529693955650952,-4.519514162224641,-4.5311440426215555,-4.5457348539152855,-4.515350835137709,-4.511004433875788,-4.51290098721269,-4.511199279307736,-4.511206895983902,-4.511064812845289
2012-02-01,-5.466434645461297,-4.83239860208816,-4.701935263807038,-4.834053526275558,-4.850167932254001,-4.839964875177195,-4.7106310854174565,-4.853860646706664,-4.8520821325197145,-4.834235040017633,-4.8106800118069,-4.8208754222105785,-4.810889883065889,-4.81068398403904,-4.810662307199403
2012-02-02,-5.309063437777466,-4.932342155849155,-4.805958256285981,-4.935068625991647,-4.9438871451202715,-4.939114952479671,-4.806015295691881,-4.946123328554808,-4.94666743691544,-4.933572237274859,-4.910317795877927,-4.922741438687595,-4.9110248632699305,-4.910345425844417,-4.910359085867962
2012-02-03,-5.215351896748445,-5.123340913464804,-4.938218543482558,-5.12704714597769,-5.121170461310214,-5.133717271677575,-4.95883545587757,-5.134594592567165,-5.117313777388432,-5.125182007071205,-5.095521285832207,-5.103207745930384,-5.095875890416528,-5.0956323145010085,-5.095534952595333
2012-02-06,-5.205290342863236,-5.193704070862687,-5.065776102555868,-5.197512617356774,-5.198324766056698,-5.202516911938565,-5.072462955515657,-5.213796741784083,-5.201561852454727,-5.19561382904034,-5.174099270301445,-5.179922358183853,-5.174550505223049,-5.174203475067461,-5.174119904860073
2012-02-07,-5.085954568163482,-5.140601233486669,-5.044169422755005,-5.142862886922292,-5.165334873416661,-5.1589133454509355,-5.04539951851788,-5.147770076409405,-5.169311820141077,-5.1462679510960685,-5.124759717619828,-5.1331946495826495,-5.125240611087899,-5.124956271699363,-5.12479910981247
2012-02-08,-4.88817375884921,-5.142538436569799,-5.025128638194684,-5.145621601547115,-5.143424905500797,-5.1580895381386425,-5.026584539625171,-5.158977784595197,-5.139498883912601,-5.146353820832086,-5.124103661397676,-5.131160121288458,-5.124489762029111,-5.124118644780208,-5.124121875397196
2012-02-09,-4.912343499715565,-4.901073959015417,-4.889578473858979,-4.904736076652644,-4.901095994020754,-4.915657767229224,-4.919273141103702,-4.929167429895839,-4.898391871141339,-4.904589283093201,-4.903670470872828,-4.901483893868711,-4.904056286029772,-4.903568395685307,-4.903678873076655
2012-02-10,-4.996587782499971,-5.001440334813482,-4.98547747719919,-5.005391545815151,-5.025093226701316,-5.007715277087479,-5.009835919590321,-5.027587165589678,-5.0234650138265415,-5.002853351057728,-5.002455364998208,-5.002820982942652,-5.002836798315302,-5.002381006558519,-5.002475740235506
2012-02-13,-4.899170626876105,-5.181181472099285,-5.0898520671752525,-5.1846481612718645,-5.202034992105478,-5.190793106762761,-5.108160920678673,-5.201662812929065,-5.205394552170943,-5.183687408339575,-5.168805587674585,-5.173564258053947,-5.168913067147445,-5.168794581256151,-5.168837496040627
2012-02-14,-4.998499141664227,-4.804899498737836,-4.834426328940509,-4.809579111580041,-4.818722224185716,-4.8140426948143755,-4.857416475189737,-4.839819736133688,-4.8238347321100825,-4.808533459542826,-4.81408935574822,-4.812623339529836,-4.815024976703704,-4.814043534821032,-4.814094625681998
2012-02-15,-5.233124420028569,-4.605296312124675,-4.614108043938633,-4.608718495225807,-4.63432156552457,-4.616197321015084,-4.641603785190708,-4.625720265344197,-4.633528154872032,-4.608628190080769,-4.61071916255825,-4.610080491194266,-4.611026642285363,-4.610528574136579,-4.610752518568667
2012-02-16,-5.422455857356686,-4.784410321245714,-4.776845550217116,-4.789070714078931,-4.798470930968415,-4.7898374953321,-4.8081358348937435,-4.810413786542701,-4.796237111235303,-4.785601089126882,-4.788083289807383,-4.7886981131466815,-4.788030984562927,-4.78775423943155,-4.788101897529605
2012-02-17,-5.267074982099111,-5.190027598714161,-5.047859398609887,-5.193329174897785,-5.2149708116975795,-5.192792094232041,-5.046125634718305,-5.194956366376869,-5.216376743636621,-5.190512369894446,-5.166013495044681,-5.175138075605689,-5.16630021840857,-5.166032479011947,-5.1660364840337785
2012-02-21,-5.259670661410928,-4.814593188722253,-4.793994952066576,-4.817968728404462,-4.825447603882817,-4.827654027300098,-4.810893027398183,-4.833243979055664,-4.819052583485619,-4.816840389352407,-4.814966261823611,-4.81512826538172,-4.815063030622154,-4.814970788192488,-4.814997104233495
2012-02-22,-5.049434054799993,-4.971583086277734,-4.872532346085671,-4.97289297773618,-4.981330585519409,-4.982655999638824,-4.8656507434349,-4.971965634276417,-4.977589276181785,-4.9732132918342895,-4.955182917754994,-4.963799385782226,-4.955702635422087,-4.955292143266352,-4.955224428226663
2012-02-23,-4.934048182332397,-5.08011403199224,-4.946112593225701,-5.080538964944327,-5.082668453815305,-5.085399895434254,-4.9399653240534285,-5.087880064742617,-5.074347453204919,-5.080861516593019,-5.057331393237212,-5.064112831053816,-5.057710742647123,-5.057324846397186,-5.0573285800726575
2012-02-24,-4.869875221074948,-5.351445959521816,-5.173343729456041,-5.350349389729716,-5.363629287610306,-5.357320421584354,-5.168152200334238,-5.359263139326206,-5.35579988106804,-5.35154506401268,-5.321709357890772,-5.330006692491708,-5.3219377873714695,-5.321779761226765,-5.32170994862196
2012-02-27,-4.867233382466021,-5.008584612745797,-4.936006085079592,-5.00598457215804,-5.036737014648599,-5.009587644027721,-4.9461310989507865,-5.015267673543956,-5.032351676633207,-5.009088449700016,-4.9984076126509285,-5.003630187575617,-4.998937965371677,-4.998376041745674,-4.998420977497458
2012-02-28,-4.890684569712587,-4.9734975946064495,-4.961594576824217,-4.970600480361348,-4.978999733948123,-4.9805394173813236,-4.97603300639644,-4.980144625499026,-4.974909232016973,-4.967249874783534,-4.974190959072621,-4.974934947941055,-4.974643554860706,-4.974120964621096,-4.974215324972883
2012-02-29,-5.030615004953327,-4.728557453632753,-4.7210461411202775,-4.725080432808762,-4.74838438765454,-4.735263378636886,-4.736387926686084,-4.735427060618411,-4.7431544271348685,-4.722411169712447,-4.729857172328111,-4.729471578365256,-4.729934853956178,-4.729863022828017,-4.729915288564433
2012-03-01,-5.194093380520201,-4.763810779148061,-4.742454236832634,-4.762237483778914,-4.788798104354744,-4.767914311893273,-4.757939398238032,-4.770355090839067,-4.779269814523391,-4.7615479805440595,-4.762744860636532,-4.764163208451345,-4.762598350089265,-4.762726446468479,-4.762792196649569
2012-03-02,-5.248473963342523,-4.9279169045109175,-4.846299728259079,-4.925426908937348,-4.9416465516606225,-4.9352605980644615,-4.855411993892881,-4.942624571427928,-4.935818628342285,-4.924150065533173,-4.916129294050891,-4.919426744966511,-4.916310731595767,-4.916241307784745,-4.916146395594492
2012-03-05,-5.323746088142079,-4.845055174825672,-4.831525470619587,-4.844711692137171,-4.861243807406931,-4.8576528975042015,-4.840493128909792,-4.860764655913481,-4.861993032130304,-4.839777908371907,-4.84482215641153,-4.846654563402136,-4.84480099973126,-4.844902504769023,-4.844857764227358
2012-03-06,-5.216246816595538,-4.871141814596308,-4.846367050361409,-4.871492223012867,-4.892697971517041,-4.883358664968092,-4.855493565801302,-4.884358805967045,-4.893391012139992,-4.868428818805269,-4.869034531706886,-4.8699879786601645,-4.869482596099443,-4.869285539854869,-4.8690787629576455
2012-03-07,-5.25229915432309,-4.927738575899404,-4.963300483675165,-4.9278994670586345,-4.960354831135018,-4.937391887289297,-4.9698585580421355,-4.933072257261722,-4.964037776455333,-4.925759941575076,-4.935087686297473,-4.934150328705645,-4.935640181322679,-4.935216975785977,-4.935154559592537
2012-03-08,-5.185351028348774,-5.162674664080564,-5.086292305805306,-5.162816667251808,-5.177538540756303,-5.172768308559645,-5.092365942059172,-5.173092124595868,-5.174381567007971,-5.1613957758167155,-5.151211828421949,-5.152897640327222,-5.151134419112246,-5.1512257633368,-5.151242755839723
2012-03-09,-5.216815960660068,-5.193267583468359,-5.102268186540254,-5.1929345530766025,-5.2099826677698005,-5.204270692353051,-5.124864837342716,-5.210749302133843,-5.209948716853862,-5.19113509484301,-5.180970045958679,-5.18426361147309,-5.180993107040297,-5.18114968198949,-5.180980866637446
2012-03-12,-5.22724197437347,-5.1531617541494885,-5.12734519566981,-5.152068931555721,-5.1818534731365835,-5.16279543432783,-5.149214648265211,-5.167676370952032,-5.183179981876248,-5.149781618671469,-5.151837236082542,-5.152958233404825,-5.151825209721605,-5.152015530340731,-5.151866769542572
2012-03-13,-5.3700661035467085,-4.873485805024545,-4.951386469548416,-4.872706475403844,-4.885789310741555,-4.8797012600186624,-4.987056919640415,-4.889431384020994,-4.888732140232759,-4.871858982586134,-4.891768599382186,-4.886578796261548,-4.891752902784736,-4.891761209822188,-4.891795435796379
2012-03-14,-5.357784681616995,-5.081535763372685,-5.018517954957687,-5.082422432564469,-5.061516702352496,-5.088605053260472,-5.036894618493596,-5.108127623256183,-5.066423471112792,-5.081338501694613,-5.074043315667922,-5.079663061892985,-5.074181654253319,-5.073872093425537,-5.074017932557189
2012-03-15,-5.318419673787382,-5.02270091147275,-4.9399584460898796,-5.02419354074063,-5.02108315021716,-5.031427286971577,-4.94262503586992,-5.039723224832729,-5.023457701397011,-5.023171425939657,-5.009392882782059,-5.017292940210044,-5.00964421184946,-5.009421656366877,-5.009395535598561
2012-03-16,-5.237237752168271,-5.279205310565933,-5.134133867799887,-5.2812724150091945,-5.270639942334177,-5.285137868145452,-5.1333659455683485,-5.288531350765932,-5.26890867586318,-5.28059123411669,-5.255729485580163,-5.260231247024471,-5.255939408876299,-5.255765664465389,-5.255720053853091
2012-03-19,-5.322251238384799,-5.147284409262708,-5.03112059435527,-5.1503918638870445,-5.128813190445065,-5.16086708561821,-5.0422659628874085,-5.16154254212066,-5.131431317828137,-5.1502593280472775,-5.130917766026563,-5.131190003578732,-5.131111871449655,-5.130914529460484,-5.130919560150149
2012-03-20,-5.42493401943901,-5.13090466079711,-5.111235694306507,-5.135176144276047,-5.115696987918643,-5.142981677751102,-5.129230664698851,-5.1605919511044185,-5.121599282923184,-5.133860890055116,-5.130192393376479,-5.133550115275464,-5.1302238247033305,-5.1302416280480685,-5.130179201770455
2012-03-21,-5.271741377058808,-5.115937107396698,-5.1023550778743685,-5.120606754356844,-5.122674319333006,-5.129110279083785,-5.133935445788357,-5.144503942888582,-5.1256328528800985,-5.120240759538037,-5.118788587825095,-5.115500973601391,-5.118669343052455,-5.118878598491921,-5.118801978831709
2012-03-22,-5.211074564029775,-5.035744183796858,-5.069133915085837,-5.039355525402429,-5.046650623145993,-5.0455658825439205,-5.104223780064338,-5.061880032086261,-5.0527108623713115,-5.039120704391696,-5.046654777927683,-5.041496335840182,-5.04648951727477,-5.046725775327811,-5.0466809153951315
2012-03-23,-5.212368818828405,-5.103793095757143,-5.118944960757668,-5.107702707176885,-5.095387885078103,-5.125869844213696,-5.159697970902668,-5.131850161550649,-5.098367197688982,-5.111196972098274,-5.112682837535169,-5.108340256640168,-5.1126168630481335,-5.112741150480447,-5.112696527566826
2012-03-26,-5.103930302189479,-5.43785987657662,-5.291643201705673,-5.440839599388507,-5.434218564081509,-5.444904044187308,-5.291102208542284,-5.448035489833874,-5.430526872465356,-5.440267421571951,-5.414042789626599,-5.418808440875215,-5.413958735279987,-5.414132870740716,-5.414038110990945
2012-03-27,-4.916886904298827,-5.362018798135464,-5.319356131863192,-5.364628759731705,-5.374238669652577,-5.372285019963734,-5.334673222884311,-5.379047382036546,-5.37253793789938,-5.365168978549859,-5.358667729373062,-5.358858252026931,-5.358638320360681,-5.358735208928467,-5.3586967707560085
2012-03-28,-4.999860798518728,-4.900590760159356,-4.9283158815331864,-4.903879354093982,-4.92273831534401,-4.916450004457392,-4.950320743788379,-4.925063164879252,-4.9260324664359825,-4.907620619947268,-4.907961280346773,-4.903815870121058,-4.908141600481968,-4.908156090714375,-4.907996836997097
2012-03-29,-5.0882010554046895,-4.9119623320292245,-4.895251030643101,-4.914661013478323,-4.9414566527047254,-4.919658016458954,-4.90859138091921,-4.927843309248967,-4.943958165294322,-4.915465689845533,-4.911203399252546,-4.911641087842961,-4.911091003045568,-4.911316284052373,-4.911234648765946
2012-03-30,-5.103684834127804,-5.098043030648689,-5.077319682730028,-5.10298864500465,-5.104217055999586,-5.108254327196878,-5.087770756542996,-5.120703553844557,-5.107930353546471,-5.1043365328988175,-5.097143640970777,-5.0971217934484345,-5.097198639418575,-5.0971407258687815,-5.097174132618952
2012-04-02,-4.806667611581482,-5.031468948504703,-5.014596304258832,-5.035776965964227,-5.056544691108812,-5.047661609119774,-5.021381533303941,-5.046227036827865,-5.062725745005401,-5.043412257463509,-5.030144183824984,-5.031368303076457,-5.029985240441932,-5.030342236394363,-5.030190517187206
2012-04-03,-4.920163201161751,-4.751455673508671,-4.774989328942483,-4.757729478055088,-4.771600914725113,-4.756901685184381,-4.79755861803779,-4.780787645618756,-4.777230371285657,-4.756339443531554,-4.757858524062112,-4.753832823956666,-4.757896030842462,-4.757855410533276,-4.7578827157040955
2012-04-04,-4.9707926741081,-4.924281098283879,-4.933448075774164,-4.930478993068524,-4.921575395551089,-4.940830043999366,-4.943021005759066,-4.944317519486842,-4.927249144856934,-4.937813361211413,-4.927448384033068,-4.928233463347327,-4.927706413951072,-4.927561885994262,-4.927477367155031
2012-04-05,-4.876341563503997,-5.01412462983599,-5.049014147023984,-5.022628150759116,-5.004702832415545,-5.029815587062842,-5.0832491232233155,-5.054545089203501,-5.007317587812956,-5.025159416796613,-5.025867030092868,-5.02086155694256,-5.025885107889455,-5.025929068548432,-5.025895928197656
2012-04-09,-4.687888159248385,-5.085479453264632,-5.112820528805501,-5.0923280784665845,-5.098531660471189,-5.108476857600475,-5.13954429783216,-5.11986617300547,-5.1074140060334905,-5.102787644695345,-5.094160972573581,-5.090285991110198,-5.0941879469298295,-5.094464624400503,-5.094199691638117
2012-04-10,-4.991777736666109,-4.509331956929145,-4.585698530148461,-4.516310650376477,-4.526043953375034,-4.5359833759723145,-4.623840658905343,-4.544509339428128,-4.533479201747383,-4.526138611261995,-4.528124142122748,-4.523305740458936,-4.528087325931052,-4.528350261642042,-4.528184346989939
2012-04-11,-4.950665373236089,-4.9650159450346,-4.917335183127979,-4.970923069239934,-4.985482751226091,-4.997765052169047,-4.937596623517947,-4.98428177919291,-4.9836338115117265,-4.986655747332908,-4.960875563965821,-4.962173883546612,-4.960970307602773,-4.961052437448257,-4.960916388048817
2012-04-12,-4.608615485639536,-5.019429599402455,-4.962044720425295,-5.030607885183343,-5.048774981493559,-5.045568967050303,-4.962343419017499,-5.055006073395866,-5.0515661266520535,-5.042040599928729,-5.010118181002406,-5.015342964569184,-5.010343380929623,-5.010414571632594,-5.010145562379991
2012-04-13,-4.65760258130984,-4.739782201817192,-4.805937040710627,-4.7512405885325775,-4.742492245030141,-4.763467904409828,-4.842887670357582,-4.781951016830176,-4.750416499108738,-4.755703762690272,-4.756788523528119,-4.750416250432242,-4.7568098032373545,-4.756889447461033,-4.756822128101447
2012-04-16,-4.778633340268627,-4.5362631206717,-4.582258429529457,-4.549441779987129,-4.5379384648364125,-4.567969571554259,-4.613585896804807,-4.57909898152571,-4.5442168359997686,-4.556514267996751,-4.550026523044946,-4.546169187620516,-4.550150458279382,-4.550062566722548,-4.550054634059771
2012-04-17,-4.673588855823962,-5.079120266510751,-5.023756685118145,-5.089928352935285,-5.102322509702038,-5.095317835745691,-5.038422528093604,-5.109440568279092,-5.105044800086215,-5.090263771544737,-5.072714406886087,-5.076648341365793,-5.072965770102043,-5.072757747444037,-5.072745188111429
2012-04-18,-4.667355902012843,-4.8753485405789405,-4.904620654692967,-4.88517823268087,-4.893138291161794,-4.89631204681509,-4.915513313874198,-4.909859272675723,-4.900459136621521,-4.889718512570582,-4.882431355765067,-4.882112020330505,-4.882814633602228,-4.882489022711949,-4.882468424720079
2012-04-19,-5.03810760156309,-4.341077696603793,-4.364512879282691,-4.348452254734893,-4.3534769715316415,-4.369335004202231,-4.392373843469725,-4.364125474940091,-4.34971262759914,-4.358045228488365,-4.350401734333653,-4.347056791009532,-4.350496574054056,-4.3504711324888445,-4.35044346150081
2012-04-20,-5.10655130758081,-4.7347637537456855,-4.78043310835842,-4.740171081897515,-4.75031145264833,-4.756866737366398,-4.794605378056122,-4.761941510052061,-4.752599136909702,-4.749174467238236,-4.744481572100567,-4.744506498015005,-4.744634426266914,-4.744491413842881,-4.744515391956011
2012-04-23,-5.202233495559636,-4.755197788378316,-4.794017900692367,-4.764323177177956,-4.7656459450581155,-4.788533331508331,-4.815191946115258,-4.783544483236455,-4.7693700502058585,-4.7789333327722545,-4.7651849362063725,-4.7599878373740365,-4.765411949300062,-4.765442007837329,-4.765240413451525
2012-04-24,-5.210161888749117,-4.647248411102145,-4.692649799253225,-4.652773856200643,-4.664839949921774,-4.677758562159048,-4.714161583308756,-4.673623238000618,-4.6642894440413984,-4.669932384832223,-4.658600561759358,-4.65809489227204,-4.658871753870464,-4.658661636352751,-4.658654395573996
2012-04-25,-5.2087719351833695,-4.728194021256385,-4.728332553352787,-4.740390192066864,-4.760658074992291,-4.753842142648907,-4.74609913495379,-4.775583234643891,-4.766610051399303,-4.748735721609093,-4.730601001781025,-4.731535251136686,-4.730901530066143,-4.730908647307949,-4.730643484410581
2012-04-26,-5.0694241695964575,-5.025978344418402,-4.889881007279742,-5.035071453008631,-5.039363002852166,-5.052107607231245,-4.875441321865665,-5.036788466411784,-5.032574765085406,-5.044879720170091,-5.003398603197783,-5.01589248870825,-5.004315258208658,-5.003777460879814,-5.003407926874124
2012-04-27,-4.944368715790277,-5.055720363919478,-4.973143186538863,-5.066635943642086,-5.069568216766277,-5.080073857329381,-4.968543075340969,-5.076655734682809,-5.06346783097154,-5.076903203258904,-5.042956316112328,-5.049649272776959,-5.043285781909351,-5.0431557678093935,-5.042938742152213
2012-04-30,-4.799288175050444,-5.103346115349514,-5.07972056487561,-5.115233241060368,-5.1248692221585,-5.124586915348238,-5.105930876437962,-5.1304877307223435,-5.123508659048028,-5.124259273006961,-5.104427930090072,-5.103577243949747,-5.104361169846754,-5.1046025312521,-5.104459585956197
2012-05-01,-4.643653998219822,-4.872297690309898,-4.807151939195556,-4.877942715674892,-4.890678974047733,-4.888698903917283,-4.825665841035073,-4.888417653323784,-4.886958815730131,-4.883458263805399,-4.86474666244185,-4.868592166290561,-4.864988714300716,-4.864869591955016,-4.864772412635869
2012-05-02,-4.3864301986756775,-4.942352690009884,-4.916676552021021,-4.950002694126968,-4.943945892822933,-4.9621472499654695,-4.91926398603439,-4.964678196727937,-4.941255200968838,-4.958012299895897,-4.939729510381997,-4.943055032943013,-4.939903960372171,-4.939779490607237,-4.939736737084718
2012-05-03,-4.329976558530638,-4.799413786387618,-4.7578545586188,-4.809137756464111,-4.823413591609175,-4.816024166955269,-4.7657622034904,-4.823548818439504,-4.82089934751901,-4.814347931992237,-4.795231304929813,-4.798232435412976,-4.795519213635281,-4.795418024934715,-4.79527169137682
2012-05-04,-4.336556602730813,-4.746007186778491,-4.731531283366906,-4.750506380221709,-4.773548330082743,-4.765757740574082,-4.728169931109856,-4.760884724132557,-4.7767260528201065,-4.762282292504517,-4.743516124694435,-4.746832576057617,-4.743618137829666,-4.743735699778589,-4.743554148098464
2012-05-07,-4.320080793128102,-4.6341248966641455,-4.670457533297407,-4.6428138905463054,-4.650195939412217,-4.659654275274334,-4.693566397109469,-4.661032033285762,-4.657668181596204,-4.654087049462336,-4.644825732943519,-4.640299969845359,-4.645659358383978,-4.645061538936787,-4.644902181354762
2012-05-08,-4.364525154461811,-4.410684717536796,-4.404756741277101,-4.414271576820614,-4.428216443825621,-4.443889116330754,-4.4142261332669674,-4.423328115530825,-4.4295014186129595,-4.431901443333219,-4.412623503850356,-4.410394391801185,-4.412995151543098,-4.412959418136191,-4.412680425201518
2012-05-09,-4.358013154968943,-4.18394921471724,-4.207310034453584,-4.188691365351278,-4.216239266358893,-4.2015464925027945,-4.220288708723257,-4.20749416838861,-4.220835505155978,-4.195466713991436,-4.190636728944817,-4.18650143233414,-4.190614603423204,-4.190999730560304,-4.19070267990814
2012-05-10,-4.203636102184556,-4.35710117980237,-4.446729501152397,-4.361502221950719,-4.38927728281574,-4.379875810690308,-4.477356687537906,-4.392302568144614,-4.391782451301507,-4.370820456585898,-4.377259376043773,-4.370625292432532,-4.377205256728952,-4.377412021153351,-4.377334089796946
2012-05-11,-4.069925242320237,-4.499417268813863,-4.49947569999137,-4.508975862258944,-4.50519160621499,-4.526673862100887,-4.516641209919836,-4.5323932966871245,-4.513611608850302,-4.515891615666165,-4.50210202309722,-4.5004178850588925,-4.502139474966302,-4.502294307939199,-4.502119757292178
2012-05-14,-4.070592244739443,-4.38051869987422,-4.491837452093198,-4.383610685164276,-4.408361340485356,-4.394880787679709,-4.5230589645513115,-4.405574160019945,-4.413006593363224,-4.387600867753629,-4.4041836372855006,-4.3972368169806,-4.404145534235059,-4.404328348057035,-4.404248919967404
2012-05-15,-3.994590316636483,-4.351573010501003,-4.384549879660618,-4.356525837734923,-4.377983977912654,-4.368273046278559,-4.406111974298756,-4.374393506901484,-4.3788474576730465,-4.358695639857371,-4.361367628269108,-4.358292954023894,-4.361802839067393,-4.361630432965244,-4.361425836265163
2012-05-16,-3.9776870922164527,-4.148107458746935,-4.304049246106322,-4.158160740021994,-4.1752194637261155,-4.169329076643396,-4.340442406577259,-4.214079671393554,-4.186446183908714,-4.157416845594779,-4.179921858187069,-4.176109854473481,-4.180172930792557,-4.180297729528071,-4.179986272408105
2012-05-17,-3.998198964514332,-4.048615733272558,-4.127194271729114,-4.061651652891314,-4.060606464507275,-4.06914620328204,-4.161140615145544,-4.101389833938024,-4.0639977808831445,-4.054692899131756,-4.067671687930345,-4.060188134017171,-4.067414897566767,-4.067988954932617,-4.067721662745755
2012-05-18,-4.113189823717447,-4.055169342895463,-4.078388763932886,-4.0588249977073,-4.070958746483537,-4.071474549237581,-4.096584850565294,-4.073653012189171,-4.066868701141242,-4.058682718770996,-4.063523863225548,-4.058396794962762,-4.063439098840295,-4.063694392342553,-4.063576321044003
2012-05-21,-4.103306381376481,-4.254552246743899,-4.236975576959358,-4.265032224974045,-4.26716241666168,-4.2757220548581545,-4.254822589731715,-4.282791207011512,-4.268481472743211,-4.258804252960774,-4.255579726337141,-4.253810713220027,-4.256296844384464,-4.25588133412492,-4.255615050287363
2012-05-22,-4.2164077229816295,-4.018155194417236,-4.100675829423454,-4.026573892523169,-4.04049704854947,-4.039830045661349,-4.126540565643754,-4.061758770358519,-4.043241811243098,-4.020273412739315,-4.036072174744825,-4.02970694941202,-4.0358852750355805,-4.036401476250858,-4.036127633852573
2012-05-23,-4.219983813727146,-3.9395686913729695,-4.040075075915342,-3.945108615410261,-3.9796978381087458,-3.9547981926005957,-4.077446063875399,-3.9765303265582754,-3.9816341006116818,-3.9406983450550332,-3.961589820274672,-3.953088279150929,-3.961569847128743,-3.9619338558865844,-3.9616642173732783
2012-05-24,-4.308633120003231,-3.9723549885337497,-4.07367619136732,-3.9806486213998586,-4.016339840459116,-3.984016271647522,-4.117406370670832,-4.016254753042058,-4.0187416683563715,-3.974919881563595,-3.995540181789703,-3.989387491352743,-3.9955625407242072,-3.9957156264456968,-3.9956032342364143
2012-05-25,-4.132090985323026,-4.323606113755876,-4.47520627927717,-4.32818011949769,-4.356863354207157,-4.332127804538982,-4.5181475449916855,-4.3645264516362925,-4.360142204239135,-4.326664822304102,-4.35482515821061,-4.347714582399011,-4.354719014275409,-4.3549811919153285,-4.354876877902869
2012-05-29,-4.12656786986166,-4.215018375852613,-4.381155987839625,-4.218424497859592,-4.248484620896463,-4.230608344843951,-4.413148692493926,-4.254432970867506,-4.249230860209656,-4.220846425512233,-4.247308670173963,-4.242149054782423,-4.247340285042288,-4.247528254866064,-4.247379515284301
2012-05-30,-4.143968635425951,-4.304945639064625,-4.376823164916214,-4.310423123568028,-4.337638253663263,-4.322132236981622,-4.404886391447433,-4.334706092046597,-4.338236948122151,-4.312164306614066,-4.321958610058219,-4.315117249726892,-4.321948458973244,-4.322204310185324,-4.322018724235155
2012-05-31,-4.239131486044324,-4.017170377333667,-4.126289076500156,-4.023392874362065,-4.053023025115327,-4.028004499609446,-4.155968091387744,-4.052231040584089,-4.056475767128411,-4.0210618523379935,-4.039616886858213,-4.035667035156875,-4.039661199410889,-4.039756442146999,-4.039665546753463
2012-06-01,-4.311568697364424,-4.203459677227274,-4.242612930266511,-4.207276331849823,-4.226819240845627,-4.210125640929876,-4.263498623337166,-4.216253692163231,-4.228705798885122,-4.205309583460529,-4.212779203413869,-4.2089939427601415,-4.212707035161188,-4.212899470070834,-4.212827330253507
2012-06-04,-4.402802625100494,-3.9852691837344194,-4.164120166298129,-3.9920055949896422,-4.0118578373292895,-4.000229814199833,-4.213054420703876,-4.029666164193238,-4.0155293345145235,-3.986326532336545,-4.0238316326575285,-4.01713777659347,-4.023767833311914,-4.0239705761656435,-4.023908015036682
2012-06-05,-4.324505981527256,-4.190617069713373,-4.249229961737396,-4.195696756121788,-4.22123394211492,-4.204694765569057,-4.263012281918419,-4.211459444124629,-4.22256236933107,-4.189064868469543,-4.202925294239328,-4.199189361732357,-4.203146155837073,-4.203106848014687,-4.202974770454114
2012-06-06,-4.210200381754655,-4.311932801396152,-4.405850406518848,-4.31787371702521,-4.350924947773483,-4.320424222640577,-4.414484476436406,-4.343708226534492,-4.362186996239254,-4.304897322556662,-4.32854283048142,-4.32700908697577,-4.328849902693746,-4.32870007016642,-4.328608081548726
2012-06-07,-4.129921185754865,-4.150745939072491,-4.239641392281996,-4.164707473000852,-4.176652767130843,-4.161198774709737,-4.277650003022101,-4.20343447128493,-4.185644846885828,-4.140909825679117,-4.171525815160878,-4.162645541413022,-4.171466255431844,-4.171653680597949,-4.171560548690052
2012-06-08,-4.182764341456973,-4.348604124542805,-4.483370732203875,-4.358441794753173,-4.377960142718461,-4.356628430133097,-4.516114641421111,-4.393152275225191,-4.385263102655414,-4.340879222369781,-4.376059822586477,-4.369340796126517,-4.376230390520852,-4.376329479378802,-4.376117770312448
2012-06-11,-4.220653568691984,-4.206391298011103,-4.3005726610091015,-4.213816835380504,-4.226820479096197,-4.213147539344533,-4.326463325884425,-4.242330613247128,-4.232888473850136,-4.197460576686008,-4.226553367295876,-4.22116385388119,-4.226634475931647,-4.226616536063643,-4.226599797060262
2012-06-12,-4.377947440460962,-4.14691907741863,-4.224693808487626,-4.154233005136047,-4.169984932908435,-4.157439118780587,-4.250899885047427,-4.176861244661154,-4.176481028428541,-4.142916096753789,-4.163832484356334,-4.158394435023872,-4.16404778411924,-4.16393016388969,-4.1638725441080044
2012-06-13,-4.316471867101055,-4.102579156519391,-4.234435721639393,-4.109171561104704,-4.138761228793851,-4.1140465158829045,-4.279773617890965,-4.140784112114302,-4.140274281088075,-4.105205253731057,-4.131888600009072,-4.125215182329806,-4.131894345675763,-4.132004399920665,-4.1319637061142735
2012-06-14,-4.409934254961162,-3.97856935562049,-4.109701948932779,-3.98295374553895,-4.013965926880498,-3.988552597595709,-4.139969056668011,-4.0125080334899765,-4.019483219621576,-3.981372477453348,-4.004761355085286,-3.999533123340046,-4.004658048233515,-4.004955183040428,-4.004830727213144
2012-06-15,-4.374805837866327,-4.494292233102415,-4.550248779684147,-4.502140136096877,-4.518042531849795,-4.501284725971242,-4.585980314494268,-4.5278105109272095,-4.523336994246126,-4.495219894168365,-4.50883647599818,-4.502784122208579,-4.50895720927926,-4.508987538241135,-4.508879752587774
2012-06-18,-4.431583773533317,-4.199031604091311,-4.34885160340865,-4.198765530482375,-4.230207037407452,-4.205909411847116,-4.380389825760863,-4.21779697435323,-4.231871718951246,-4.195151653963677,-4.229332662612771,-4.222005830808211,-4.229352604730182,-4.229419944271553,-4.229396667083801
2012-06-19,-4.277249370440602,-4.528209265509616,-4.577012767539918,-4.532975907461233,-4.562733374969251,-4.53215203925975,-4.596055554733753,-4.542964764317109,-4.568365853907108,-4.519897876146552,-4.539992390502156,-4.5376346005237895,-4.540155955678925,-4.540097792077938,-4.54007261812035
2012-06-20,-4.482437233525928,-4.08162834768653,-4.227909903660437,-4.085811076531998,-4.1277445282870255,-4.082133620914132,-4.2650856375964015,-4.11358612410085,-4.137094317989939,-4.071417213316048,-4.1112398967031725,-4.1054635317586206,-4.1111482532435,-4.111395175349637,-4.111324300344736
2012-06-21,-4.46861639406711,-4.221175391580229,-4.301426552605318,-4.223251849579524,-4.268903531243895,-4.221270629665827,-4.331115700468862,-4.240715037591588,-4.275680195125623,-4.209634482242502,-4.239169112946881,-4.235710024924592,-4.239157388922411,-4.239393256535532,-4.239250991414297
2012-06-22,-4.499281495949059,-4.466248070318791,-4.523806867622315,-4.469471675998181,-4.519246044621842,-4.46513604737735,-4.535508362432105,-4.482097551743728,-4.528792774267845,-4.451995608440012,-4.477512683079781,-4.477062227358328,-4.477745158692955,-4.4778736475786,-4.477595399040396
2012-06-25,-4.479045497405188,-4.411701527291709,-4.508739099771238,-4.412570140464992,-4.461493729473715,-4.409683676989296,-4.531311316274436,-4.426204603376754,-4.468513549103347,-4.391365019895951,-4.431717848231919,-4.426083038708968,-4.431680130968685,-4.431948250191877,-4.431791749666777
2012-06-26,-4.679761506569513,-4.1635312323220255,-4.337527094019806,-4.164263387608662,-4.213744623766797,-4.162457453616873,-4.36559703680419,-4.185230917721251,-4.219832065081322,-4.147493559853151,-4.197737276420799,-4.1912028905502,-4.197483033713194,-4.197988947269054,-4.197857237823377
2012-06-27,-4.72924778348611,-4.504562589293088,-4.579679664316043,-4.5054084921489705,-4.547908579442359,-4.504537814729491,-4.599829332260977,-4.514174962159907,-4.5474548063718405,-4.4870521796150005,-4.521881764788066,-4.520527066331455,-4.5224252509165535,-4.522138259095801,-4.521959332480926
2012-06-28,-4.941794528752408,-4.23911939575918,-4.255864509059289,-4.2451214729017055,-4.306540568009944,-4.241373000132749,-4.2641860936386236,-4.2665184492340105,-4.308312998900497,-4.233200956850931,-4.244306745000553,-4.244280119161265,-4.244709898051589,-4.244726349601656,-4.244386182867231
2012-06-29,-4.9172113720486665,-4.616696255607886,-4.63338821460276,-4.620498609049151,-4.671171457448498,-4.626613045311826,-4.651925766390969,-4.636351454904369,-4.67381236567544,-4.6237755174826765,-4.622530872611804,-4.621338426534341,-4.62270176132021,-4.622867898065595,-4.622600313776614
2012-07-02,-4.838252274574544,-4.397660413811686,-4.421938995354895,-4.397314904875589,-4.452030165150769,-4.400217477572651,-4.43806258903564,-4.406554290321561,-4.448353450555335,-4.399943257474032,-4.403403836784442,-4.401316417453796,-4.403441277541101,-4.403527402198508,-4.403457023050265
2012-07-03,-4.690102144676962,-4.69209579730639,-4.576320878711299,-4.703016963501133,-4.749243546844559,-4.695217677138731,-4.561190014093142,-4.705979069906341,-4.754701739326985,-4.698551086133337,-4.670914391537967,-4.689517886460462,-4.671650427124268,-4.671432662024961,-4.6709533417533455
2012-07-05,-4.560196753848044,-4.74112935354275,-4.784295782950479,-4.742361594831605,-4.783307034574766,-4.752526904865819,-4.797034137003674,-4.754744772287184,-4.794621411109585,-4.755918384433265,-4.750642890948062,-4.749068768878305,-4.750616918777118,-4.750873193240118,-4.750710599814185
2012-07-06,-4.545076990304635,-4.713620759201059,-4.783416462240898,-4.715360295210602,-4.7690054861848115,-4.722129195127579,-4.800429820398628,-4.73211300594689,-4.777392882394029,-4.723852945452661,-4.727523959171013,-4.724032937543404,-4.727522499558058,-4.727734873073084,-4.727593210128914
2012-07-09,-4.548014569618968,-4.760222351345199,-4.804347986765797,-4.757908295579764,-4.822463341117838,-4.768185745723967,-4.819606435503112,-4.76713734540648,-4.827975268597088,-4.768665190831059,-4.769818334864688,-4.765270884041835,-4.769771450272066,-4.770188391025947,-4.769910403253254
2012-07-10,-4.519001419920272,-4.4749806897589055,-4.56976802821383,-4.478601396168753,-4.534331750283948,-4.4825421119399245,-4.58130340006974,-4.501730772049624,-4.539461366817917,-4.4844287689227835,-4.492010310655412,-4.48699733577446,-4.492744950668422,-4.492396816508223,-4.492070623808975
2012-07-11,-4.643045631870832,-4.450468428568388,-4.506190647358957,-4.44892694860953,-4.498944960996421,-4.459333107122318,-4.5171569593234215,-4.4501347043506785,-4.506517492436605,-4.462550866982543,-4.460789836745752,-4.457221488162416,-4.460692407148905,-4.4610453758783635,-4.460855389865897
2012-07-12,-4.744749231493107,-4.407526850585619,-4.442595710984342,-4.400689105323165,-4.472100151287783,-4.417134709771315,-4.446127404856374,-4.399035670983071,-4.471323817948886,-4.420108753456541,-4.414544101020614,-4.411655903920094,-4.415014386018215,-4.4149374223139475,-4.41463235993536
2012-07-13,-4.7661231800377655,-4.521948634150309,-4.624399314132539,-4.520926753427583,-4.570406651311262,-4.528652582729404,-4.662065137766489,-4.53597949828706,-4.564683401378075,-4.529796905373355,-4.544778303720581,-4.538541603867017,-4.5447877349892,-4.544845518651489,-4.544853448668693
2012-07-16,-4.686333013341803,-4.627539812567758,-4.667379726318903,-4.632261164362751,-4.6764446066397936,-4.633797800328888,-4.689447704953845,-4.641566758021929,-4.669781605761044,-4.635324868976124,-4.639006188760669,-4.633564213457168,-4.639038500783241,-4.639153071707624,-4.639076610701671
2012-07-17,-4.576360122691471,-4.319899912892122,-4.349978597520978,-4.319083657863083,-4.380191708832272,-4.323268303591918,-4.364565241380321,-4.329957327989112,-4.376207075843506,-4.324286652619819,-4.327629376914615,-4.325448327554467,-4.327800545557432,-4.327906770393788,-4.32768848572012
2012-07-18,-4.504394676388395,-4.7069208856232,-4.6074899168427805,-4.711263220032214,-4.764225552299281,-4.711481361152058,-4.6176076121872285,-4.7126027774696455,-4.753988772308816,-4.7109538762391505,-4.692213903603543,-4.700771311398453,-4.6924662823297725,-4.692517377722364,-4.692255927215323
2012-07-19,-4.432686460056403,-4.678815783643794,-4.5853223438784445,-4.682170141845983,-4.717943590926055,-4.680417135159936,-4.6029539105982025,-4.68448303398608,-4.702400214773154,-4.677895915284076,-4.666929583662779,-4.676960249569785,-4.667494146486726,-4.66709988095795,-4.66693055665681
2012-07-20,-4.39512618246777,-4.669095247628814,-4.645909230746703,-4.673490916986627,-4.708792803401893,-4.6686904144529615,-4.659097413422026,-4.683650280137833,-4.702542158466567,-4.666175209802629,-4.668147112699452,-4.669377450566101,-4.668344679914962,-4.668244352843949,-4.668181674589449
2012-07-23,-4.434639837193071,-4.548660233977161,-4.525149035100349,-4.550808446795968,-4.600367929159134,-4.543565842698682,-4.541872595369454,-4.55565294180234,-4.599928478934095,-4.5351062481369135,-4.546623928798042,-4.549066759741228,-4.5473335187641375,-4.54682376189107,-4.546643823216515
2012-07-24,-4.680453876327086,-4.2479977914494365,-4.257204993274082,-4.248038893381689,-4.30052280869621,-4.2447416874451624,-4.266486398943486,-4.252715998401672,-4.300998325433705,-4.243774953940436,-4.250802619230184,-4.252505014881626,-4.2511045295999885,-4.2509719374962085,-4.250858014223228
2012-07-25,-4.589727755668656,-4.483691536450516,-4.380478922064382,-4.484575701359282,-4.5612852082026265,-4.478296378130043,-4.371608294795402,-4.482645984663386,-4.548204015340638,-4.476691123627486,-4.464611020541145,-4.476089848711492,-4.465123708474342,-4.464966329052755,-4.464645027920952
2012-07-26,-4.472080345731408,-4.397558559936762,-4.353294720262999,-4.396551261109569,-4.478022952242789,-4.392292926911519,-4.3544034845638215,-4.387122929273557,-4.4590013167572256,-4.389678014472089,-4.392004534509362,-4.398974826613503,-4.392303749950562,-4.3922887541400595,-4.392064127401392
2012-07-27,-4.572877217118556,-4.43336376495267,-4.366439880147078,-4.432286392955641,-4.496269884065534,-4.425616327977492,-4.359184497263303,-4.4250652773040935,-4.487597738136095,-4.421172303176529,-4.421419972308434,-4.425978215278382,-4.422132366724198,-4.421615779268794,-4.421472003256304
2012-07-30,-4.650800546765619,-4.542140126879138,-4.526284870864085,-4.541720189488431,-4.607152011760938,-4.532378152851001,-4.541323594106297,-4.541975550575853,-4.59666691489036,-4.525276185375948,-4.542525634340556,-4.540428678576547,-4.542433664679312,-4.542579685743468,-4.542589990297257
2012-07-31,-4.764449915785232,-4.650244807830099,-4.580471658555275,-4.647872705708023,-4.726495327258212,-4.640621162443667,-4.583810498233622,-4.643292645321229,-4.7144754925716645,-4.632956588434416,-4.639238988917351,-4.643063217386783,-4.639457240983217,-4.63940610926687,-4.639287192480032
2012-08-01,-5.024902322717882,-4.393708864064646,-4.298990494927307,-4.392865577193499,-4.44604224199941,-4.398533326282821,-4.296767509082039,-4.394470695791769,-4.435526268116213,-4.405679876767693,-4.377846106633003,-4.386010486377506,-4.378053793716712,-4.377721942150005,-4.377889977606688
2012-08-02,-5.561276578591478,-4.262883604042928,-4.192711266584222,-4.2620031157643945,-4.329553385614808,-4.265444843496882,-4.1971464251105495,-4.256233494874123,-4.321781344204167,-4.267290927847213,-4.252748486585468,-4.2562014558192285,-4.253057486054941,-4.252753548506561,-4.252838016933174
2012-08-03,-5.581865280235416,-4.78767264349366,-4.616878700868581,-4.7900856472101205,-4.853738793315424,-4.779324460881405,-4.620835176514197,-4.789908584984331,-4.829245575896936,-4.776651703649733,-4.760880186138412,-4.769303841589021,-4.761299316590257,-4.76089990658663,-4.760908289880781
2012-08-06,-5.565778122818243,-4.881827934456903,-4.8413208682182125,-4.8823796220249145,-4.952448130954809,-4.871326493318386,-4.8685628751843515,-4.883855476195939,-4.930742192476335,-4.872627733120415,-4.881323138135475,-4.88086303661397,-4.881317777883279,-4.881306046309387,-4.881401859201165
2012-08-07,-5.415542955743301,-5.0755870110364425,-4.908676314915858,-5.075669478890105,-5.1464018289337785,-5.063871481237513,-4.9026498219214325,-5.073083193329216,-5.1171356531481225,-5.064365626797705,-5.047923994570016,-5.057472258358993,-5.048232195551922,-5.047953780685955,-5.04794789204659
2012-08-08,-5.502395042376934,-4.993381845128568,-4.925449503177024,-4.99314163675676,-5.061009942200589,-4.9794839321944355,-4.9430073496185205,-4.992891379027252,-5.0433380645846295,-4.969848829523758,-4.985243351594738,-4.990485354606086,-4.986051255864942,-4.9854504843468845,-4.98527999486779
2012-08-09,-5.5417047321820805,-5.236764167481326,-5.170865005052887,-5.237140076053834,-5.279283645085531,-5.220289378395263,-5.185343759463735,-5.240323361289938,-5.255807058326198,-5.211380658358301,-5.228854934517713,-5.232893470906115,-5.229034762648732,-5.228968542252282,-5.228881146260661
2012-08-10,-5.666254352514429,-5.253315131016555,-5.199515304236249,-5.254421966915124,-5.322427290875446,-5.241883890358525,-5.212664531611916,-5.258893517662718,-5.302200510386519,-5.236464393501105,-5.2477469646552,-5.250480385281184,-5.247791736362252,-5.247785273038815,-5.247785656314688
2012-08-13,-5.731757211337626,-5.252646892519598,-5.267217300154636,-5.25344092434438,-5.316347626347714,-5.23858869326776,-5.291487245115022,-5.2592146399465625,-5.303075578425142,-5.226565197283924,-5.259479911361789,-5.255347035242178,-5.2597699394319735,-5.259538552742701,-5.25953076377037
2012-08-14,-5.765459362920384,-5.082546833440765,-5.14126830644467,-5.082311443986242,-5.142850573819567,-5.0702917438633905,-5.17250460780458,-5.082632799403238,-5.134097674177147,-5.064106108623668,-5.098063430483057,-5.0917718569874495,-5.098097184065194,-5.098085331715645,-5.098127380590242
2012-08-15,-5.449299313394431,-5.412167659218787,-5.364919142036717,-5.411555804100402,-5.473040129072131,-5.3974695210109,-5.376010244072206,-5.409720204270464,-5.455269028888356,-5.390947327820011,-5.406582805162876,-5.4094594031627725,-5.406797498408766,-5.406661073021579,-5.4066186185586
2012-08-16,-5.248386536773055,-5.339865704003912,-5.279183736993994,-5.338966739682755,-5.387015654878819,-5.330326055672876,-5.304625122047843,-5.33490467502641,-5.356172600677503,-5.327229428600853,-5.335671463890973,-5.337702825723129,-5.336039293355153,-5.335555004404188,-5.33569544357561
2012-08-17,-5.095656525721712,-5.615061985299706,-5.462312745102281,-5.614091734977515,-5.666668423815411,-5.6067972875882175,-5.462925488018184,-5.606026635398595,-5.631477715127384,-5.60769957918202,-5.59126796457029,-5.594330506444203,-5.591291356034745,-5.591373126156309,-5.591277315136698
2012-08-20,-5.082492130090215,-5.458880738815015,-5.395762691589264,-5.458612978961492,-5.499502220040352,-5.443496196124361,-5.396537000256033,-5.456245323397696,-5.473631531833935,-5.435537743118203,-5.450269342909319,-5.455740398493416,-5.450241155724688,-5.450276522412688,-5.45027628133116
2012-08-21,-5.039868206852223,-5.287619095715983,-5.2455507419492,-5.28516176110397,-5.337427306279447,-5.279127966053068,-5.267322212765986,-5.278360732872858,-5.3163754111167565,-5.279088321095022,-5.285892401117078,-5.2863648037431314,-5.286056936562337,-5.285918439557641,-5.285945179164032
2012-08-22,-5.222693622095308,-4.989688170249581,-5.031737436700941,-4.989200497461542,-5.042021893096655,-4.976400727023434,-5.065353679458752,-4.9922308555518375,-5.033044312265892,-4.96863841126777,-5.002722849478652,-4.994914262057147,-5.002704539836254,-5.002771455113423,-5.002783387276635
2012-08-23,-5.391544118609216,-4.929617311184164,-4.9939970459676095,-4.928144448680996,-5.009862609244314,-4.923425146671218,-5.034221531704689,-4.936400854784649,-5.008875403025117,-4.9192634322743265,-4.947003808231317,-4.940572633571717,-4.947010418294764,-4.947069821802728,-4.947088301429808
2012-08-24,-5.035983821063079,-4.967659509900226,-5.041082430623768,-4.9664285408571045,-5.046546896910987,-4.963101798687768,-5.095839933763895,-4.974297126742401,-5.034554368551367,-4.96169656314167,-4.989275166873575,-4.978755401921609,-4.989327793387478,-4.989456558537101,-4.989361432903558
2012-08-27,-4.906095640432131,-5.174310638358481,-5.199022011515306,-5.174785929804497,-5.245699431421377,-5.165767770145389,-5.240867713002564,-5.1792700258369715,-5.233154521904432,-5.1621919401393015,-5.186461740859352,-5.181908301507436,-5.186479467898672,-5.186547741963783,-5.186520743518666
2012-08-28,-4.911881012528226,-4.938626870870561,-5.0180849276113975,-4.939023148202955,-4.98877785234359,-4.9340534115080725,-5.0602917911115375,-4.952422442933286,-4.98341680890546,-4.93250023401792,-4.959144508655935,-4.952923889240028,-4.9590334081789145,-4.959177384847403,-4.959207264543943
2012-08-29,-4.858325850587183,-5.294313848218509,-5.341240891371735,-5.294188020323571,-5.36637162834051,-5.290736541170909,-5.378891147474806,-5.3071610559335225,-5.36425074241026,-5.290063769203291,-5.3080658717726585,-5.302237771359515,-5.30795041717134,-5.308214762471527,-5.308119654234928
2012-08-30,-4.884793817662266,-5.267316419680387,-5.345240044673998,-5.261197878693865,-5.311704191777373,-5.261462691612661,-5.373897988448086,-5.2608031165134745,-5.3103181664829,-5.259972969441007,-5.285024159264541,-5.279052326962226,-5.284898923582436,-5.285054819410753,-5.285089719138387
2012-08-31,-5.311829717147733,-4.6332536605218895,-4.700425186042848,-4.629030904169185,-4.715444133361817,-4.634634215997991,-4.732212457204887,-4.6309947551786665,-4.7231096095002485,-4.635530040974726,-4.649033660833427,-4.642608367715079,-4.64872208212098,-4.649234891414646,-4.64911387976921
2012-09-04,-5.515031224778579,-4.833139183289579,-4.86838327129273,-4.831735929238255,-4.922559535524908,-4.826900061190724,-4.899317408730059,-4.836265796729382,-4.925634659122098,-4.824948064121474,-4.84430348114833,-4.840283883836705,-4.844480999396242,-4.844455924762382,-4.8443866212203055
2012-09-05,-5.615111145229119,-4.916934532574949,-4.9802951731054526,-4.912664506523808,-4.983943659038827,-4.916377074076879,-5.001385737140412,-4.912553329059576,-4.982792858335946,-4.915414524074161,-4.931236025526276,-4.923892229913331,-4.9313238022076815,-4.931357417914578,-4.931308760111847
2012-09-06,-5.168692898965156,-4.975363697429156,-4.952774416923773,-4.976814280431965,-5.05982235136841,-4.968796705344627,-4.98345251388759,-4.979203461583253,-5.0518475724578495,-4.967305068392598,-4.977390341149388,-4.976134550756497,-4.977304714370285,-4.9774653920930625,-4.977453217927016
2012-09-07,-5.02094578776771,-5.171481483704383,-5.13004248563306,-5.173619595379922,-5.232395962094019,-5.162224961622934,-5.143743947733403,-5.175368211597549,-5.230996039803509,-5.1622245233824975,-5.167937664408442,-5.17055458016115,-5.168080280219492,-5.1681507620785645,-5.167985126103197
2012-09-10,-5.005672834521641,-5.371477405396958,-5.329166116128973,-5.371923080164818,-5.412655988474082,-5.364335826938677,-5.338305799469122,-5.366812733332158,-5.398549623872661,-5.364924957798719,-5.366942674945367,-5.36995461662533,-5.367056850985246,-5.366995047701103,-5.3669714750340844
2012-09-11,-5.0236268750956246,-5.379308309187448,-5.366974960001039,-5.381921831702254,-5.40604973613484,-5.369221739363637,-5.374758867933487,-5.380948169172872,-5.399987947283061,-5.3694082180517135,-5.379671692328625,-5.378817480312811,-5.379700295752417,-5.379772676674268,-5.379698903411937
2012-09-12,-5.035621884537522,-5.334041646455416,-5.302345155685917,-5.336378991430628,-5.3925512836599125,-5.3249851190619335,-5.315310253561217,-5.335956543810329,-5.38282866263964,-5.32397572427855,-5.3327121023869966,-5.333784186852628,-5.332760433792568,-5.332779065763224,-5.3327601993263345
2012-09-13,-5.368602960146884,-4.704631380141699,-4.734152673438005,-4.710692865688086,-4.757141536277462,-4.696630234617198,-4.758959528411269,-4.726365881248681,-4.771254488812846,-4.695632309865357,-4.714147973601405,-4.7099787532621145,-4.714187203139682,-4.714242865176303,-4.714203851398983
2012-09-14,-5.625101685115172,-4.8892583528879126,-4.806856826894063,-4.89596046043474,-4.944237630991686,-4.8850544029607486,-4.8208056129323085,-4.900545375730302,-4.9372271666202705,-4.886186186538033,-4.878329468217211,-4.88200143878352,-4.8783527016156425,-4.8783906389166845,-4.87835120324727
2012-09-17,-5.571341766687186,-5.1677519529212494,-5.100097979887982,-5.169018616888157,-5.232738061246754,-5.162464932626851,-5.1081559361969635,-5.163429175815786,-5.234487195892149,-5.1636321105960175,-5.159152908531587,-5.160526506437451,-5.159553062769467,-5.159287787845461,-5.159200726284419
2012-09-18,-5.310268626374108,-5.229850680009185,-5.136688391289395,-5.238390358234468,-5.2867053890218045,-5.224304825373898,-5.143375123808243,-5.24125947309564,-5.279034101477856,-5.225426508700007,-5.217408904156597,-5.222023704335697,-5.217690973065851,-5.217611643557499,-5.217430319721014
2012-09-19,-5.192860300136896,-5.112331164427976,-5.021629661805307,-5.117565865962779,-5.176575333246144,-5.105658317829836,-5.036801415349619,-5.1130847846748235,-5.164714863379997,-5.106557487486129,-5.100460597621964,-5.103679008555295,-5.100554273239084,-5.100720499066476,-5.100471359993694
2012-09-20,-5.2026980144750485,-5.099051677585262,-5.088797247928459,-5.104108995725782,-5.160333511663308,-5.093579086141185,-5.114627882555395,-5.120818172670821,-5.176180994582185,-5.092942840410101,-5.1021539092273205,-5.09980282019772,-5.102933973633373,-5.102296334920977,-5.102176621214165
2012-09-21,-4.982866233990062,-5.558277574732043,-5.387901763314337,-5.565295607156805,-5.607548541884379,-5.55170383979349,-5.387783358049492,-5.558517618584576,-5.580871472208269,-5.552339223840986,-5.5316903464665055,-5.541003342421491,-5.5320247659046,-5.531795129544216,-5.531656234458708
2012-09-24,-4.809031076595605,-5.308691386044412,-5.288566046892381,-5.317173104291002,-5.356535598638992,-5.302514190940839,-5.31139634175003,-5.331678577667369,-5.3529951407239125,-5.30206526828237,-5.309826127975153,-5.308948445265744,-5.309731661238379,-5.3098041264266325,-5.309842619271652
2012-09-25,-4.745899051558518,-4.962326640503914,-5.008651113933707,-4.968658215564794,-5.005475492345901,-4.954063752657331,-5.036546752361348,-4.986200862274886,-5.016890860679888,-4.953545471541137,-4.975166098081379,-4.970018666925652,-4.975380942291357,-4.975195030869642,-4.975203823725247
2012-09-26,-4.736500479679198,-4.9759487227689,-4.900070413902746,-4.9842206175317525,-5.040145005479242,-4.964903597790588,-4.916817118228612,-4.980685626359765,-5.021361055601203,-4.966596880483356,-4.9683648146171135,-4.970981516307178,-4.9683262799003165,-4.968346515154275,-4.9683955870639105
2012-09-27,-4.699184715208569,-5.04575234153378,-5.073766622738832,-5.052534663903995,-5.086688077216551,-5.039792273579858,-5.092573439703612,-5.070442103917938,-5.089316486209562,-5.038770479011728,-5.054167734255973,-5.050688238307941,-5.054515339858066,-5.054155128417992,-5.054188000062778
2012-09-28,-4.746887003265472,-4.800364750725813,-4.871724347600848,-4.79654762381407,-4.859957384232752,-4.801661562954941,-4.899240758413933,-4.811350252450547,-4.8703303989929605,-4.801361100781389,-4.816753488630726,-4.810904010735858,-4.816642593706361,-4.816654983585668,-4.816825631968847
2012-10-01,-4.939675416448593,-4.657416284583599,-4.6406276558223984,-4.6551474996039,-4.73455694889943,-4.655572629354441,-4.661667804041138,-4.662160200750041,-4.725862504638305,-4.655792003280309,-4.658935277286044,-4.657991837548431,-4.659092145956022,-4.658897705778934,-4.658979320314402
2012-10-02,-5.039736840502487,-4.612277436334356,-4.773869735113116,-4.605240443386106,-4.66642489021301,-4.611114223855829,-4.816929251524323,-4.637758668140223,-4.694399670358039,-4.609736490955474,-4.645995909228812,-4.639673736423655,-4.6459047713045845,-4.6458748172909505,-4.646079977101713
2012-10-03,-5.026980644284676,-4.757000327155164,-4.82950216734417,-4.751097102017189,-4.830056473632201,-4.753351420757996,-4.867927500232904,-4.770651126859314,-4.833317223638185,-4.752773286344741,-4.775186755205282,-4.768832451901467,-4.77545771849533,-4.775135004026211,-4.775245707122839
2012-10-04,-5.104611125755177,-4.745573500240355,-4.825090024092762,-4.74163611709499,-4.793181527938,-4.741573216730842,-4.859439914239373,-4.755851395297688,-4.797472329870256,-4.740757958478055,-4.765373422207881,-4.757537171168099,-4.7654174268981695,-4.765376506606746,-4.76543271294687
2012-10-05,-5.107474427404974,-4.793217889175941,-4.846247608826991,-4.795287992882236,-4.856505137377688,-4.784524876576819,-4.875714225422481,-4.812880498406012,-4.8732864046803765,-4.78481577372244,-4.807430436735696,-4.799827589259151,-4.807312115284493,-4.807375103737529,-4.807475994385484
2012-10-08,-4.990426292154481,-5.142022853117934,-5.122560256645211,-5.13200208780901,-5.188402599143715,-5.135669699506352,-5.127947272547207,-5.1199573162485,-5.189830424171594,-5.136787488836097,-5.139953964074917,-5.1402825527577765,-5.140458633087901,-5.140034376142603,-5.139993671246642
2012-10-09,-5.131220583882931,-4.866143082670491,-4.944887557978032,-4.862428961871641,-4.946676860492496,-4.858218324193735,-4.969198531783239,-4.865456527467676,-4.953650579787184,-4.858404811629674,-4.884707498658693,-4.878067048753384,-4.885007283451286,-4.884868866266552,-4.884792460622426
2012-10-10,-5.292722180331313,-4.851499156429752,-4.898164797090993,-4.844266794218489,-4.91065528528998,-4.84856981816364,-4.912251525042376,-4.838049676976292,-4.9184615005501735,-4.8482169769366426,-4.862083901388995,-4.857959502859213,-4.86253729179655,-4.862098785477066,-4.86214297693624
2012-10-11,-5.199870831880859,-5.039953276552283,-4.999470865069755,-5.0271444184278975,-5.0991107089238135,-5.034664114951157,-5.002352255599061,-5.001034962158536,-5.07836640465965,-5.034350612339599,-5.035204234118759,-5.0390111888237765,-5.035849962721649,-5.035264501054035,-5.03524975732218
2012-10-12,-5.114082061397108,-4.934580384349172,-4.952202742796203,-4.927194648461164,-4.9842942806375445,-4.929558857975084,-4.962732637010005,-4.9192284276601566,-4.993222958032073,-4.93046404099466,-4.939160651062644,-4.9370528959008855,-4.939263326030756,-4.939052358648771,-4.939224926299338
2012-10-15,-4.982536023139493,-4.889269395452686,-4.935532494374976,-4.886378998605665,-4.930186920196115,-4.882008611716398,-4.946261800794764,-4.877586982531778,-4.950038023997433,-4.88137673357975,-4.89926631614669,-4.898206056455782,-4.899696056024071,-4.899258821199128,-4.899332041576592
2012-10-16,-4.834760787056319,-5.20850807726175,-5.12994902168584,-5.208249750648617,-5.24390097380623,-5.203669461192208,-5.134788979238121,-5.204167457595503,-5.2280330244750015,-5.2043623187843115,-5.197080405874039,-5.202235407810104,-5.197123023917738,-5.196933294937916,-5.197104466076096
2012-10-17,-4.760314042905134,-5.253642683201504,-5.1123521584894895,-5.252513973929218,-5.294436173973383,-5.239810306312405,-5.093877399727511,-5.233372466225883,-5.256387479131362,-5.240476360582082,-5.230390469834243,-5.243437000906116,-5.23095034314223,-5.230463302890533,-5.2303884882201865
2012-10-18,-4.696217083619776,-4.950343227496868,-4.938306916421523,-4.948102833328038,-5.025296258833181,-4.94039032383619,-4.95633771496284,-4.949660968909838,-5.008533375659341,-4.939574004539776,-4.953466704490858,-4.954063057593924,-4.953640929411201,-4.953563200114829,-4.953502284880401
2012-10-19,-4.596065993739818,-4.83554977712118,-4.83970761736692,-4.832990113733259,-4.903954842600525,-4.830849920387046,-4.8568635625683045,-4.826745514002622,-4.900980106422733,-4.829569205939611,-4.839054620661331,-4.839382276714787,-4.839355755579912,-4.8391512769684635,-4.8391184564463
2012-10-22,-4.6685379955212145,-4.712167833667962,-4.7840103847979165,-4.706706155695547,-4.790766521629296,-4.705080709448289,-4.81231349379932,-4.706069060219585,-4.792998846305112,-4.704988218428147,-4.7286405755928325,-4.72498552194156,-4.728792581144736,-4.728822858452162,-4.7287069751416855
2012-10-23,-4.724287112965561,-4.728551481720083,-4.727886206513182,-4.724379441839378,-4.795055745516688,-4.716218790610484,-4.733853964312721,-4.711846222104532,-4.794719919363081,-4.716073476413715,-4.730530197529421,-4.729886238148862,-4.730694563411314,-4.730760529854835,-4.730587689000586
2012-10-24,-4.677124679989871,-4.794686849905786,-4.739538025350705,-4.787609174900977,-4.862253027964636,-4.793002022800082,-4.73903596615709,-4.771601893731782,-4.849600598341699,-4.7951090984002835,-4.785683748536214,-4.793351575201971,-4.786251928575615,-4.785932777722479,-4.785749860863792
2012-10-25,-4.790810013676778,-4.612238213958658,-4.567580473644968,-4.609568351022241,-4.666414007204029,-4.607198268714393,-4.574937157541725,-4.589018331720986,-4.652547684562376,-4.606266435708006,-4.607514042507323,-4.612530677123519,-4.607905456014352,-4.607584117025698,-4.607550862810636
2012-10-26,-4.9653436064586005,-4.458391554904439,-4.497850858269768,-4.45189865935911,-4.521353943210962,-4.4553879470007836,-4.502913970452683,-4.4407690163201545,-4.527106124480595,-4.45276752571777,-4.467098156607886,-4.465540269009933,-4.467743185729217,-4.467198071023234,-4.467145560720406
2012-10-31,-4.72021357843446,-4.69782769149417,-4.599866773231868,-4.688772465304281,-4.74994809000902,-4.6988029761707,-4.580196364813816,-4.656640205259843,-4.730257057363055,-4.697963455136619,-4.679843283449719,-4.689851693633749,-4.680157415652637,-4.6799659542113154,-4.679872832892721
2012-11-01,-4.516136353959406,-4.796354517328446,-4.676811242775346,-4.790008697713836,-4.863600068014956,-4.797399984314913,-4.667633972823578,-4.771136066741175,-4.829999779707943,-4.7983618114524855,-4.775981960680942,-4.785741862913358,-4.777006933797456,-4.7760132607526655,-4.776008344606379
2012-11-02,-4.351323256863583,-4.662333309291436,-4.667632538549336,-4.66104782303559,-4.719564286113569,-4.657440012571093,-4.673688376994038,-4.66019954943592,-4.719176927331132,-4.655395402262476,-4.665104814446052,-4.664049187851202,-4.665586715345335,-4.665056440576906,-4.665132217317912
2012-11-05,-4.357882279903724,-4.887716959726332,-4.869553327428417,-4.884275558193698,-4.9389504090745575,-4.882532199608878,-4.866424767704789,-4.873718358632775,-4.92623398906557,-4.880412370988369,-4.885523922116192,-4.887660643903888,-4.885646682005979,-4.885551609050493,-4.88556371945891
2012-11-06,-4.263967244715651,-4.838351409206181,-4.839878603586508,-4.832582919319192,-4.912779213616424,-4.841802704189139,-4.848366009180588,-4.8165699758959875,-4.916918772235737,-4.842534152279083,-4.84081394037739,-4.839777309876622,-4.841419687019325,-4.840971084407387,-4.840890882389996
2012-11-07,-4.31707506245609,-4.4382765970516616,-4.411261150023261,-4.434974077346668,-4.485847000797549,-4.448346321659715,-4.425207567714334,-4.4217116709942195,-4.474247692664449,-4.454345161960609,-4.436832731300195,-4.439230520217238,-4.436823642340853,-4.436761790512508,-4.4368907821409
2012-11-08,-4.270103421394737,-4.369440566957996,-4.453883500312009,-4.367660854954713,-4.398954383669265,-4.369322981308229,-4.470269384159421,-4.364664068050281,-4.4153107985098465,-4.368873163061322,-4.385804786876457,-4.382162546954669,-4.385969758937531,-4.385722625582273,-4.385881795885055
2012-11-09,-4.205195520635258,-4.247638351517662,-4.278830482521769,-4.246813475238976,-4.2772537794838215,-4.237577432225335,-4.294368214088411,-4.2428436707168595,-4.277901313440037,-4.235003354710278,-4.256545079737539,-4.252573315995123,-4.256555479834438,-4.256493033229091,-4.256600769435494
2012-11-12,-4.186233901279281,-4.716541701008391,-4.7774272503037505,-4.7129370521893055,-4.766674858346833,-4.707912308779492,-4.792435179969481,-4.697257201669617,-4.772759605035944,-4.703640039239087,-4.730893465307255,-4.727425458972649,-4.731008537714012,-4.730886867273588,-4.730981159902842
2012-11-13,-4.234201160816309,-4.311736993662117,-4.390774290546566,-4.308736778488291,-4.348457073574154,-4.305534602274471,-4.399508546614698,-4.30043000244987,-4.3532888434319705,-4.300375152380183,-4.327627862200778,-4.324370311996163,-4.32827863776661,-4.327711504803264,-4.32770300451764
2012-11-14,-4.3858108007374055,-4.324906024004882,-4.379612559905035,-4.322106072775014,-4.364135187653269,-4.323052334068098,-4.399588677310495,-4.3180074123335075,-4.367057425803562,-4.3204423000141965,-4.338151970997562,-4.332695551309803,-4.338022469495831,-4.338162682493177,-4.338211322307527
2012-11-15,-4.6354214950906565,-4.173926562267224,-4.231184651498004,-4.171871774030555,-4.205705623408625,-4.164494676673344,-4.238568202876207,-4.160735072180413,-4.211878441542945,-4.1587154398636645,-4.185780113887853,-4.183346681606454,-4.185926366996463,-4.185820233606571,-4.185842499307468
2012-11-16,-5.118697158426816,-4.077899058315665,-4.180239202894795,-4.075894204257782,-4.123239877240171,-4.074593213994293,-4.204805146047526,-4.066409462086553,-4.137014493048326,-4.074264458441967,-4.099162076973706,-4.094702744223961,-4.099183649992448,-4.099192903511229,-4.099244611864095
2012-11-19,-4.976132669383256,-4.520392854828829,-4.552157685591303,-4.518931011517949,-4.557040982971665,-4.518279222495296,-4.547590052925515,-4.502839671266922,-4.557031159588329,-4.520228487605694,-4.525626145547397,-4.5234033545056045,-4.526042523123048,-4.525558183653791,-4.5256922910341935
2012-11-20,-4.801037091954681,-4.370328577980466,-4.445785284166752,-4.369869066065745,-4.412654149951728,-4.367004646324143,-4.469086046494748,-4.361604405319541,-4.413990809215105,-4.362254757933935,-4.38778744139702,-4.383879597842032,-4.388052192635402,-4.387646330197784,-4.387847536393418
2012-11-21,-4.649835344252934,-4.80360797924987,-4.840333375316728,-4.804100486295112,-4.8435527977992425,-4.800439996512961,-4.849331956332896,-4.7905117400941295,-4.830267003775763,-4.7987885343275964,-4.812267447753127,-4.8089683554470914,-4.812201069012842,-4.8120476139139186,-4.812323760574192
2012-11-23,-4.60973202523526,-4.728137668335347,-4.6910527290392166,-4.728708450880041,-4.7764536311272705,-4.738103416144817,-4.687805394198238,-4.709400929044068,-4.762033458344676,-4.741100909679227,-4.7218656031319215,-4.728354301998455,-4.7221021315221465,-4.721706808475847,-4.721892595146795
2012-11-26,-4.536359104348592,-4.999599949525134,-4.977105587723619,-4.999887898255624,-5.021328098576534,-4.993040361571288,-4.966778821807298,-4.984524062747909,-5.0055510429329315,-4.992070710711994,-4.995266740868445,-4.999164117623925,-4.995352447813694,-4.994999152846562,-4.995288285504882
2012-11-27,-4.546399771421625,-4.643703705520949,-4.732582712800459,-4.643795775816273,-4.67774084555971,-4.642089946750498,-4.750008399759204,-4.639607133785769,-4.68168623341558,-4.641324195656313,-4.66115738385597,-4.65690386983346,-4.661043431147183,-4.660978048264197,-4.661192871737455
2012-11-28,-4.598091314164491,-4.418735044459268,-4.520794761385485,-4.418750542469382,-4.470194992039861,-4.408250883923953,-4.543533407105354,-4.413511780833543,-4.474325933267791,-4.40699145230695,-4.43940826801038,-4.434572433659245,-4.439525824434617,-4.439531091580403,-4.439468686300467
2012-11-29,-4.656587605992081,-4.530423722000943,-4.596650418480091,-4.530053291535836,-4.583766354753517,-4.528525568031844,-4.618550003260989,-4.516106585804815,-4.578627124277453,-4.532053600839863,-4.545039928511384,-4.540204322382494,-4.545208157740303,-4.5450252130622815,-4.545107030322919
2012-11-30,-4.705848057226041,-4.615583255618814,-4.765791565649911,-4.615383717619954,-4.644124209428741,-4.617899878916305,-4.786741530514064,-4.601487608283152,-4.664624367814905,-4.618555936965636,-4.643491847265973,-4.63516189340309,-4.643888842525067,-4.6434045932417884,-4.643578906898035
2012-12-03,-4.825372511276818,-4.557532424857116,-4.644105770749671,-4.557025046322166,-4.603356036802767,-4.567304893952948,-4.66786728270907,-4.542003054979744,-4.609156081194666,-4.5749067347960475,-4.574969766042939,-4.570522441798541,-4.575088171258688,-4.574858872310083,-4.575042627841786
2012-12-04,-4.993103760210191,-4.486531303806172,-4.591180935459068,-4.485864188101563,-4.556860586699447,-4.4776963052394505,-4.616097974601534,-4.465307606441403,-4.572759618404841,-4.478315020346517,-4.508452541373233,-4.50234818106548,-4.508565796265223,-4.508489774778175,-4.508545183276215
2012-12-05,-5.280145153385881,-4.396957424398115,-4.5443781795627585,-4.396644303792776,-4.448395889371315,-4.396111649856498,-4.567554472909379,-4.371063227296582,-4.468014174799219,-4.400155788388086,-4.425549256543177,-4.421592793121828,-4.425888642999794,-4.425383566688297,-4.425654247689365
2012-12-06,-5.212407368254419,-4.642236597729505,-4.772736354731295,-4.6447290265749945,-4.678627578491343,-4.630719343215114,-4.795563042243058,-4.616925239788158,-4.696505688931466,-4.631261112291671,-4.668540022900095,-4.662811974006058,-4.668946787057863,-4.668466582883682,-4.668644250963076
2012-12-07,-5.226419098058112,-4.767507477703356,-4.864035379723101,-4.773008282562209,-4.822415015693764,-4.771748011386837,-4.881263113627333,-4.745593940948699,-4.847958637164889,-4.77478425220236,-4.78782271925416,-4.77837445157758,-4.787998683697317,-4.787868153461121,-4.787939286641528
2012-12-10,-5.17197477090501,-5.000957213688629,-5.035868913605847,-5.00939644635028,-5.040834539102345,-4.9890643477078385,-5.036710442703532,-4.984388043910514,-5.036497556408771,-4.987942130454758,-5.008584918563554,-5.005902204956404,-5.0089766068633725,-5.008628311289369,-5.008672122278227
2012-12-11,-5.0895995108191645,-5.000042196960649,-5.048880186286234,-5.008135387079972,-5.01589179130743,-4.992360192847993,-5.058345392908558,-4.992197621415436,-5.016943750968628,-4.987709117833033,-5.0109356542134815,-5.005105630768112,-5.010821186462341,-5.010961166407749,-5.01099750433802
2012-12-12,-5.0974657612445995,-5.021057918311612,-5.031385891955459,-5.030307689146613,-5.0225737996324,-5.011710278516492,-5.040677055999011,-5.016049603311778,-5.015760485024249,-5.007991904621136,-5.025584431805078,-5.024451328316018,-5.026081874489458,-5.025531969496803,-5.025634873338698
2012-12-13,-5.1660855727673365,-4.822280799757551,-4.917315287062463,-4.833172144431647,-4.8569246255251475,-4.824976326145325,-4.928114986162025,-4.817871490081363,-4.873904876861831,-4.828064519174736,-4.841172485007652,-4.834878708880275,-4.841167754410103,-4.841164334345034,-4.841266171855899
2012-12-14,-4.982763320833942,-5.040539720591068,-5.077931334557055,-5.052208921271125,-5.093520613165104,-5.041628904325237,-5.077217779481485,-5.035931129893579,-5.102497369229897,-5.042422569050929,-5.047294920231644,-5.044185495559989,-5.047493946577191,-5.047451767799976,-5.04735960042469
2012-12-17,-5.050239782643214,-5.044636309645413,-5.051055958528328,-5.053367589822571,-5.071969144438572,-5.036575584485399,-5.055892596673818,-5.041591023533208,-5.06641269873699,-5.035324897962025,-5.04628744351836,-5.047375537032084,-5.046548718703164,-5.046226293066547,-5.046311459502315
2012-12-18,-5.041128165862201,-4.913681393814328,-4.9583693337998564,-4.923707413187346,-4.950826933834932,-4.91507256275485,-4.981062467768745,-4.909598471178935,-4.962900085148538,-4.917506944176754,-4.924546468703261,-4.916813579588375,-4.924469776267999,-4.924511851512365,-4.924636671996192
2012-12-19,-4.718244433182602,-5.004231667005903,-5.005528599095032,-5.015439659814298,-5.056281629164634,-4.999156829928664,-5.015153501687717,-4.999101213615248,-5.059220269737962,-4.997216447826987,-5.006925294434227,-5.005141531492163,-5.006676324061583,-5.007120163652639,-5.007011608652157
2012-12-20,-4.584681046844916,-4.933764419103881,-4.981691806569989,-4.943129489485811,-4.934734873967105,-4.928470580534662,-4.997944324933996,-4.927834946184398,-4.951149355426309,-4.9259733207404075,-4.9455459453304815,-4.941339543323855,-4.945493715377979,-4.945618311685211,-4.945611036377612
2012-12-21,-4.319729002343564,-4.712712520126582,-4.789554713499054,-4.719924988202396,-4.751047790680981,-4.7174149016515905,-4.812515761347926,-4.7072325589094195,-4.77748563163931,-4.715877714328414,-4.729118264873018,-4.724362027881904,-4.729139580814294,-4.729171296973341,-4.729205773082738
2012-12-24,-4.244264317381125,-5.239780131924849,-5.2937390217076805,-5.247060622122311,-5.245830922261646,-5.245898129540651,-5.302378673850992,-5.232389970718335,-5.256844284975045,-5.246767724738769,-5.250328564027646,-5.246144693184181,-5.25161091970645,-5.250318814024217,-5.250397826254723
2012-12-26,-4.2640286130167535,-4.889711282683757,-5.0148540217901285,-4.897379859088246,-4.904748374540171,-4.893485607488643,-5.04434698925062,-4.879846661779488,-4.942293035112919,-4.896127497349071,-4.915718860603088,-4.904634717269097,-4.915539757233819,-4.915564552942471,-4.9158135929553435
2012-12-27,-4.4883340181398115,-4.423215125007161,-4.561334073915099,-4.427859385677643,-4.45572574115799,-4.431916390682391,-4.594077964314175,-4.4161081117290895,-4.499469272240366,-4.435206693102761,-4.45125710445064,-4.441680958217919,-4.451125767045321,-4.4511557386241165,-4.451352116146862
2012-12-28,-4.695663674488611,-4.458018561609715,-4.688824056496009,-4.464938584335777,-4.4728982734557645,-4.470293304929143,-4.726604575024492,-4.45126814237467,-4.551178459094963,-4.472108996138238,-4.501765636863087,-4.49429015030605,-4.501644915451776,-4.50173119191636,-4.501884740408741
2012-12-31,-5.348021664272346,-4.11546635225095,-4.2878325084459235,-4.122770215409073,-4.159915388560032,-4.131841314503059,-4.3262455467846275,-4.110017094631417,-4.21740767892324,-4.13518249227818,-4.150186575537545,-4.14302361792365,-4.150035374346552,-4.150080650205331,-4.1503049336303945
2013-01-02,-5.56403611297197,-4.498239136076632,-4.536861089122708,-4.512675447253211,-4.536982747081395,-4.507018236244965,-4.554148961609424,-4.490862212989701,-4.543271683451521,-4.510795540629394,-4.507038540804956,-4.50332451451947,-4.507016214414302,-4.507000665438295,-4.507118410091128
2013-01-03,-5.565316232581862,-4.630245150005822,-4.655728668028764,-4.644980528931679,-4.658124221075058,-4.632589068501867,-4.661888105753953,-4.629490416473207,-4.675405198458408,-4.634394275659609,-4.63668108392955,-4.633557250249352,-4.63705131632815,-4.636819736940753,-4.636761449453831
2013-01-04,-5.600451389775158,-4.875932696207666,-4.881122764114023,-4.8921448065143975,-4.919737473122617,-4.868362064547522,-4.888339799941871,-4.879291992954693,-4.90098920222422,-4.863693043686419,-4.879516595535812,-4.876774633042054,-4.879664797365609,-4.879669457381603,-4.879574238383433
2013-01-07,-5.576552410072362,-5.037221198269361,-5.029007467356167,-5.057528306849991,-5.055675151346041,-5.032329487767252,-5.023042708697031,-5.047193755963313,-5.0463556416620845,-5.027498942534221,-5.037164132126474,-5.03762377905771,-5.037335896461051,-5.0372333891048315,-5.037233009772984
2013-01-08,-5.655758732389949,-5.181362535444335,-5.176407516080742,-5.208885321927668,-5.209333704054144,-5.174408733661817,-5.1827893849953295,-5.196837600148169,-5.202843591394156,-5.172614201103176,-5.183418569772777,-5.182125421653115,-5.183559380024749,-5.1834259305024455,-5.183495638668017
2013-01-09,-5.748387388476298,-5.3899404078188615,-5.340335278809986,-5.413151356925894,-5.431508230771898,-5.378648856691221,-5.348599559027931,-5.406025475478017,-5.422165520240592,-5.377369954525219,-5.385469657381362,-5.388848134142563,-5.385587833371185,-5.3855205374673005,-5.385515927370571
2013-01-10,-5.982309187205295,-5.205274344450166,-5.252305570984978,-5.231074817950098,-5.2085227252649515,-5.188962642682034,-5.263339382151835,-5.2235074625392865,-5.2136674172924575,-5.1851433408692165,-5.217518684215801,-5.210631656815099,-5.217383928013878,-5.2174781172535205,-5.217591850007637
2013-01-11,-5.996791208355145,-5.437021039454201,-5.408499973804067,-5.458011716114715,-5.438116644109304,-5.417906613563859,-5.406603532985796,-5.45004617113201,-5.433815812708521,-5.413903470447839,-5.433681047630765,-5.434449123262155,-5.433729284746998,-5.433787014730569,-5.433713775112984
2013-01-14,-6.006296706495039,-5.375289447154231,-5.367714548716709,-5.40930709486508,-5.396393300122836,-5.362163110561381,-5.37448835899632,-5.398994689931113,-5.393613697279499,-5.36334355398207,-5.376501369956147,-5.376325158554818,-5.376400742124478,-5.376651757202286,-5.376561929090499
2013-01-15,-6.116104677235702,-5.461731896266757,-5.417367502563369,-5.488550045919544,-5.475480760639259,-5.447759645747516,-5.415400962750011,-5.484049801716683,-5.467834332019802,-5.442122766218894,-5.456175466589411,-5.459780060748573,-5.456317077848176,-5.456186665990707,-5.456218316391846
2013-01-16,-5.87719408927967,-5.724055158223965,-5.594350948710536,-5.753171720428173,-5.7250190661944105,-5.708830440891189,-5.581262519295753,-5.747509556485585,-5.698103176463211,-5.704822644934477,-5.701751516138851,-5.71126118450187,-5.702154605734583,-5.701688929091162,-5.701753604428805
2013-01-17,-5.719036351366364,-5.726010903212713,-5.602818565640132,-5.742065021202132,-5.72382222170846,-5.716295304220486,-5.589412741860625,-5.736710095956894,-5.695951906379436,-5.716408905390886,-5.70418004021594,-5.712778775036856,-5.704673712813485,-5.7043413076963585,-5.704162355845735
2013-01-18,-5.7094417164531555,-5.6430797524951695,-5.561120793408056,-5.655055499475738,-5.647721775264122,-5.629466972801907,-5.552534514108928,-5.651911215408985,-5.639313240629068,-5.6266054236311716,-5.627245514602909,-5.633949248057244,-5.627477450689922,-5.6273244379009935,-5.627236178837592
2013-01-22,-5.698675372694742,-5.584626047052917,-5.511803561438597,-5.612322781884975,-5.60528920515491,-5.57598727670761,-5.517899945227569,-5.604710697918821,-5.601259830452361,-5.573026493154726,-5.574680255394874,-5.579055246259422,-5.5748002722870496,-5.574863567945202,-5.574712962155456
2013-01-23,-5.5856845473342185,-5.868873565226753,-5.652429303968235,-5.9051960160421615,-5.8987318695039725,-5.864216472825202,-5.631630160859588,-5.8944903844702266,-5.870271176742506,-5.864583130706002,-5.830749266639793,-5.844828081300981,-5.831603329790389,-5.831048419047701,-5.830746373478747
2013-01-24,-5.509650155718981,-5.424720121784929,-5.296080860729791,-5.465747461095553,-5.446321432348352,-5.421368236977116,-5.288867554548754,-5.46101004107908,-5.414315445299684,-5.419522929806013,-5.40275776627926,-5.411996066590643,-5.403013361933458,-5.402850047685703,-5.402779111015164
2013-01-25,-5.567648676562324,-5.375398497764574,-5.33234558555667,-5.4132047147459295,-5.387489911299482,-5.373045580595206,-5.33220192899441,-5.409728444695427,-5.376529808166373,-5.375648784151638,-5.369063737642469,-5.3752975667938525,-5.369606964347448,-5.369217086905713,-5.3690943769843145
2013-01-28,-5.507444462411677,-5.526959426118991,-5.434297299360479,-5.558775654212245,-5.54427287725118,-5.520384175946178,-5.416636969190661,-5.560061922521787,-5.536309745931838,-5.520750484618241,-5.50976728597738,-5.517666947806246,-5.509903652073153,-5.509902186511991,-5.509795156320931
2013-01-29,-5.516298686324654,-5.463441955896909,-5.423435283616767,-5.511927850634475,-5.479355431621383,-5.455264134690543,-5.41689454362466,-5.505805482130676,-5.471532302654471,-5.458879130873535,-5.457580619483707,-5.462786755746773,-5.457817924369437,-5.4578352996615305,-5.457622981141928
2013-01-30,-5.505206390943559,-5.417602171314119,-5.349148475484753,-5.46340118851154,-5.4422279619337255,-5.4107311493689885,-5.341449116478741,-5.462886373191205,-5.439144680336715,-5.404933458495167,-5.4060852699144215,-5.41496019713375,-5.406510600485557,-5.406236709163333,-5.4061320616104425
2013-01-31,-5.4049368136394955,-5.226390480950746,-5.168889415877268,-5.253225424355223,-5.244601108538144,-5.218879197265646,-5.161509737932132,-5.254683166019337,-5.227681341104551,-5.219041579608607,-5.216675766269593,-5.224241372037024,-5.217303718014414,-5.216773535973434,-5.216708066761722
2013-02-01,-5.408800379078766,-5.49549605637719,-5.354223412538659,-5.519088493663999,-5.491064700082427,-5.490475712120128,-5.330384106664112,-5.516809632623855,-5.454310783155282,-5.49174479855377,-5.469735381836345,-5.480364478607922,-5.470581912922781,-5.4699408416565625,-5.469724191678324
2013-02-04,-5.519592539827398,-5.414361417510626,-5.312160382869813,-5.44313808472249,-5.419069227345492,-5.406142882751674,-5.297919950248773,-5.440035907594319,-5.384303706396436,-5.408106315588184,-5.396623225916354,-5.404880899015614,-5.3970347514275,-5.396844442951478,-5.396624524941858
2013-02-05,-5.583609425380586,-5.496656519339982,-5.384929923409477,-5.518996865565875,-5.515591463145154,-5.492582173210945,-5.377060000081674,-5.514318437026189,-5.486144403139261,-5.495277443711568,-5.4780961784163935,-5.486963642576361,-5.479180780917685,-5.478118712765729,-5.478090651360205
2013-02-06,-5.557007625430589,-5.432202674168403,-5.351437732090223,-5.451601710959143,-5.440470810959588,-5.422390813697416,-5.336508816816148,-5.4489655227029585,-5.41300478271366,-5.421767786246446,-5.4163394562037634,-5.425750608427856,-5.417029229390924,-5.416522016679927,-5.4163318151125805
2013-02-07,-5.942736933134392,-5.123009512555418,-5.077522071251303,-5.155035883683703,-5.107642348259428,-5.122065567567154,-5.079713088751725,-5.160288482411867,-5.0672375557789575,-5.118800601787438,-5.116702265862167,-5.121799146877828,-5.117758004116302,-5.116803035720325,-5.116702117841616
2013-02-08,-5.944268999522993,-5.445947415800595,-5.407931264199655,-5.473836078396186,-5.4451941142711275,-5.446252912775141,-5.400722219599063,-5.475945269677624,-5.413037434582832,-5.444376833808681,-5.439731316406651,-5.446020586549361,-5.440290513643437,-5.439800387063097,-5.439726599707333
2013-02-11,-5.829487014707951,-5.725790142375495,-5.620431765545604,-5.735479909235214,-5.724090875779847,-5.711388903467259,-5.607130895326537,-5.7328882237183505,-5.679631806122325,-5.710022792106935,-5.708362441260217,-5.7166431369925945,-5.708931289079057,-5.708415888702812,-5.70834469345948
2013-02-12,-5.597979267202325,-5.69840220855646,-5.616546599356233,-5.719361172174,-5.708130494048251,-5.685144971309509,-5.605246923827954,-5.713901954888543,-5.6730089157233925,-5.685874064327439,-5.68543055579551,-5.690551749236066,-5.685912579527689,-5.685474409866236,-5.685423316617715
2013-02-13,-5.497937208293579,-5.41520201148885,-5.428042782090187,-5.443141096227241,-5.41129152060667,-5.405615166535933,-5.4462692977571,-5.437828528078327,-5.392715341788195,-5.405057752821953,-5.422332081013266,-5.418349114569087,-5.422036075011335,-5.422286746210529,-5.422359307614747
2013-02-14,-5.4112545682762985,-5.845719321013265,-5.684390381384233,-5.87904870928862,-5.837142106128048,-5.84577150081998,-5.665089628536773,-5.876443092899134,-5.799244613207887,-5.843142750913265,-5.816887014101437,-5.829171649486272,-5.817314233436427,-5.816953572653906,-5.816882048443521
2013-02-15,-4.900078260430182,-5.678073068776302,-5.566744714916746,-5.712060834281142,-5.635416917565822,-5.67346326782204,-5.555250556692345,-5.709233633490264,-5.598085765466956,-5.671085605543351,-5.65865809683056,-5.667923982773871,-5.659316540224872,-5.658899257954275,-5.658669923293929
2013-02-19,-4.702828799440129,-5.620275675685636,-5.529265759446348,-5.644585067359696,-5.6123228024076175,-5.615594226418075,-5.523978987678078,-5.640096429999516,-5.5795308705947235,-5.613291566635247,-5.607654673119967,-5.615454656720966,-5.607774406808326,-5.607554140141944,-5.607676520068986
2013-02-20,-4.68262697280215,-5.316716538708347,-5.262255138567066,-5.335190211029803,-5.328039439697531,-5.305561444541171,-5.259369640377585,-5.3395727559040544,-5.306778818074631,-5.302091327502916,-5.308982446078039,-5.314436675004336,-5.309430049167613,-5.30922856403365,-5.309013353134442
2013-02-21,-4.6561762876700055,-5.238532731793554,-5.106402261124998,-5.2588633518350285,-5.248817014401564,-5.224753622194936,-5.087018771706721,-5.260335758655181,-5.217231261814012,-5.2226861228279695,-5.21571792956693,-5.225057744567826,-5.2160056858641655,-5.215863148381921,-5.2157415173198585
2013-02-22,-4.482396967536931,-5.371724072004207,-5.296302372372498,-5.401610616448071,-5.374009032293812,-5.362321346848652,-5.277829283380737,-5.39724026438884,-5.3517035460770614,-5.361791437387635,-5.357170180834833,-5.367187772251327,-5.357382097616018,-5.357555649574287,-5.357187397518565
2013-02-25,-4.748053577457157,-4.598370572500385,-4.68655589151597,-4.6235042098710935,-4.613871736737451,-4.6016171835596955,-4.705824710463296,-4.624455857961123,-4.635780569863217,-4.601476550537807,-4.616446173980384,-4.610409233448577,-4.616579170817037,-4.616438278065434,-4.616510214241355
2013-02-26,-4.929561614019621,-4.668099383102995,-4.614909019935234,-4.691568423572684,-4.715766714256731,-4.650496558011044,-4.616194016249745,-4.693042236753838,-4.709171396882936,-4.644583067924343,-4.660467233230116,-4.665230755176813,-4.660916406794176,-4.660536840950609,-4.66051014392178
2013-02-27,-5.019918302037928,-4.836790161119714,-4.82180580539368,-4.853909912314098,-4.841261394555626,-4.821893786004764,-4.833328178034683,-4.851306273900115,-4.827629878074474,-4.815859919298279,-4.836193958531951,-4.836709397955149,-4.836656715421519,-4.836131022466464,-4.836202563321274
2013-02-28,-5.180658654084351,-4.781258202192647,-4.8450477844110305,-4.798821707675205,-4.803293657786253,-4.76383561996426,-4.870504698527171,-4.796039818208563,-4.819986394017305,-4.764095292617591,-4.797116393918006,-4.79182832294682,-4.797288581357533,-4.797001169489667,-4.7971641728231855
2013-03-01,-5.617297036670871,-4.516396945129012,-4.568917249238212,-4.5298772183773846,-4.55814939165587,-4.497455957291495,-4.591380011632976,-4.5279048044173775,-4.57661561590609,-4.498574204337373,-4.529300709899459,-4.524185581692091,-4.529283529246075,-4.529286315756769,-4.529323927298505
2013-03-04,-5.799087795708245,-4.954200573127332,-4.939038645119202,-4.97594853580603,-4.9606486443449,-4.936429944074217,-4.932096995712426,-4.978358173351479,-4.938565012647496,-4.930899339605291,-4.951565657227926,-4.953282031890848,-4.95197062753186,-4.951723824525135,-4.951595538019877
2013-03-05,-5.805973084088421,-5.088294373404094,-5.041125637965637,-5.116706460031192,-5.108465086741176,-5.0695896064165815,-5.044216778827167,-5.1176575703590235,-5.077371412192089,-5.068204906517909,-5.081687787739114,-5.08383959835237,-5.081627965403423,-5.081669453491663,-5.081706499644788
2013-03-06,-5.830646741082568,-5.175222623016487,-5.131794693486728,-5.197644823720485,-5.190303454155673,-5.161710373841196,-5.1352496014726885,-5.201210276279783,-5.1677951040650445,-5.161491635461802,-5.1687552152576846,-5.170445937827022,-5.168896712201133,-5.168742584390959,-5.168773016621442
2013-03-07,-5.919451816726438,-5.352320456589741,-5.291345594389723,-5.380814333908951,-5.341737697921945,-5.34159657914002,-5.285560271487887,-5.384220420450891,-5.31991777614591,-5.344764667916263,-5.342647542025821,-5.348549316158485,-5.342987601441129,-5.342744003862071,-5.342689564398927
2013-03-08,-5.927608495335803,-5.491691292839268,-5.390720450394237,-5.502809118057697,-5.5011915802243125,-5.473227235614088,-5.37786442145031,-5.499770917675321,-5.457967055297771,-5.472040300485504,-5.474002712697944,-5.480076087444109,-5.474288219064,-5.4740296709288785,-5.473978559436027
2013-03-11,-5.695733357160549,-5.714601670511915,-5.6159971200957814,-5.739087929627188,-5.737116376049688,-5.700763736508097,-5.599195178132054,-5.75253771773055,-5.718544092592109,-5.698093517774527,-5.696196788379558,-5.704999096125231,-5.696634114802766,-5.696386731910436,-5.696223041496239
2013-03-12,-5.203861863602509,-5.456676982591865,-5.467572855869489,-5.492566499379235,-5.467957655392195,-5.445997966247319,-5.468292040130515,-5.5025650740661165,-5.468711174798633,-5.4448289384144415,-5.458969153566609,-5.45678607095715,-5.458966094297536,-5.459174058380392,-5.459011401723178
2013-03-13,-5.145712053003976,-5.543184556583619,-5.53193489150728,-5.58364104777102,-5.566820830252747,-5.529170097286294,-5.538763264105952,-5.583607335063875,-5.577350237202291,-5.526989009380767,-5.54410933053891,-5.543229856197556,-5.5442774913514725,-5.544157274254894,-5.544163129781009
2013-03-14,-4.979637764700063,-5.873856318506285,-5.730840856564147,-5.900611073095958,-5.880686042371477,-5.861874031656425,-5.707077272972622,-5.896600043318407,-5.859035609936178,-5.859242126472197,-5.846541686372762,-5.855770787495808,-5.846791484431543,-5.8466304861489355,-5.84651690194336
2013-03-15,-4.948160059257429,-5.627327626580495,-5.533603281034609,-5.651376182206152,-5.638725011606974,-5.616608476644372,-5.523851724924648,-5.648864462246122,-5.631658770407262,-5.614232495365904,-5.610437099172418,-5.617946222177187,-5.610440035346928,-5.610453384313825,-5.61044381388271
2013-03-18,-4.7822652517843505,-5.306854598834911,-5.307211398643382,-5.330502261936474,-5.330703418335658,-5.29716392942455,-5.310016564208036,-5.327504593419225,-5.339638137381159,-5.295550129663334,-5.307968802536217,-5.307637073150168,-5.308143818470728,-5.308030695860591,-5.3079784604515625
2013-03-19,-5.070499490035098,-4.747019285690768,-4.803228949174472,-4.775254953619749,-4.75988792443275,-4.749387122797016,-4.818248422299746,-4.780321830593784,-4.774668527271038,-4.751524485457318,-4.758620798750569,-4.755786203539403,-4.758573763319976,-4.758690965260419,-4.758674586652951
2013-03-20,-5.073865761607742,-5.1080427461849895,-5.110626682921144,-5.147036368702812,-5.119632374529977,-5.11290326020091,-5.121191736602601,-5.147313012875645,-5.125155697425868,-5.11219956372519,-5.110186981418582,-5.108806805186566,-5.110261294585747,-5.110310430999258,-5.110222766045796
2013-03-21,-5.207053386198431,-4.93306211970101,-4.988112835326166,-4.978240488911213,-4.948726773642933,-4.927197164781986,-5.008896317244688,-4.980394082959973,-4.963597704201543,-4.9230310122401635,-4.945846570037328,-4.941343291831391,-4.945967630501141,-4.945960700442763,-4.945906993949375
2013-03-22,-5.169236972084696,-5.109609346740416,-5.156603364622935,-5.147046093727395,-5.1135626185680305,-5.1080605597365105,-5.172585199342321,-5.150454746028403,-5.129522312947187,-5.1094657112343755,-5.120388500642988,-5.115444490566556,-5.120583346248312,-5.120374980411805,-5.120442749320073
2013-03-25,-5.47828198952456,-4.6544741682244455,-4.781360323427728,-4.694284213436654,-4.6755660218486526,-4.655888518842355,-4.81410903414285,-4.699506989096575,-4.703319028113557,-4.653033189318653,-4.6833696811179255,-4.673945452217112,-4.683401683731495,-4.683332406217035,-4.683449302890935
2013-03-26,-5.322695871102443,-5.116895017259865,-5.218020043946521,-5.150344810934293,-5.130082178276457,-5.103461302604547,-5.24371044859346,-5.153609400234683,-5.1610676738436,-5.100931923921659,-5.1397976826011,-5.1322413439172205,-5.139732143328491,-5.139715539726844,-5.139855468732522
2013-03-27,-5.241033952531048,-5.097247307995675,-5.202742556738896,-5.12901381031851,-5.113010634820649,-5.101399413514274,-5.217833845588378,-5.135808021120469,-5.134268609055842,-5.105278977126405,-5.1184271490987285,-5.112190550623994,-5.118440098488507,-5.11851257819095,-5.118500440465374
2013-03-28,-5.130404245640273,-5.353390017147022,-5.337053574408135,-5.3839203850607324,-5.354519700151933,-5.355733106218413,-5.34089581855421,-5.388029853996505,-5.358389366723203,-5.351658816261507,-5.350974067977184,-5.3514840768386,-5.351095436580556,-5.350989574189166,-5.35102252521725
2013-04-01,-5.176748090828356,-5.140326130051487,-5.14923653597794,-5.170229976538496,-5.172741439507475,-5.133242420444987,-5.150052646419063,-5.1749089174421,-5.184170946794922,-5.133026710412594,-5.142707821555871,-5.141441567356592,-5.14320661654437,-5.142871001335891,-5.142734967513317
2013-04-02,-5.158753784317752,-5.320930636608701,-5.279483798156302,-5.345867132803262,-5.333821791095338,-5.326108956982616,-5.270606798146524,-5.343709016216401,-5.315515194992038,-5.313609871270724,-5.314170375322445,-5.3187114218355696,-5.314297190111484,-5.314230420303473,-5.314194431923211
2013-04-03,-5.3050544572464355,-5.059961076154853,-4.96794976588522,-5.082445602230687,-5.091617207055418,-5.040754967552114,-4.956678416961039,-5.077587175515004,-5.06513035920595,-5.023247998756536,-5.043724051625556,-5.0493107498171526,-5.044074931097343,-5.0438195291346055,-5.043734994887888
2013-04-04,-5.38388648749047,-5.067691869257371,-5.009359403194545,-5.0924932762418,-5.096296316525798,-5.066118581704802,-5.001708975049148,-5.095041639048059,-5.083427031607262,-5.063619519832445,-5.05718247673654,-5.060930959590338,-5.057293740226477,-5.057328975473995,-5.057212866467523
2013-04-05,-5.428397525102345,-5.077696032241672,-4.992603556461713,-5.107088360520667,-5.116166957776883,-5.052978781356531,-4.975664310647959,-5.108350875292312,-5.109672845220452,-5.040905165284014,-5.060262726416059,-5.070646834333454,-5.0604928748840505,-5.060456125155975,-5.060274920505134
2013-04-08,-4.8325664592081266,-5.2614814021656455,-5.172702335009218,-5.2976706801310405,-5.294836505767748,-5.240439508839927,-5.169834598754956,-5.293580553926938,-5.293352076345837,-5.232635085955175,-5.24675800518096,-5.251533969871293,-5.247301777674765,-5.246827951122057,-5.246774143478069
2013-04-09,-4.772473413029227,-5.15732485729583,-5.103737457488309,-5.194347974289614,-5.1598298121864,-5.145679806225142,-5.083808963644501,-5.190471242148199,-5.141371928150708,-5.1462553246266465,-5.145873911699004,-5.151218123573006,-5.145938413432924,-5.146059600574494,-5.145901470747689
2013-04-10,-4.53015097015175,-5.280196996652087,-5.209129599421855,-5.313732519527197,-5.296844063273314,-5.264150610073247,-5.193562709047839,-5.315017263454789,-5.300779573093786,-5.257217251122101,-5.267173922915873,-5.272588941576182,-5.2673910855270965,-5.267226357285691,-5.26719648489397
2013-04-11,-4.36556723699725,-5.217057314547269,-5.192582120478425,-5.242031200962124,-5.230280800829072,-5.186601805906178,-5.174666377741892,-5.239979959655779,-5.233647376226066,-5.179083524911995,-5.210600956164371,-5.2167004326961015,-5.210902570368011,-5.210750833134991,-5.210615303422153
2013-04-12,-4.3059279678976115,-5.240646274228681,-5.154021346587635,-5.277143073893058,-5.247934200664508,-5.215388487357024,-5.121279927299952,-5.2776965145788,-5.230132729646744,-5.197900822816461,-5.221960262449398,-5.230539214783109,-5.222176518476094,-5.2222648163569225,-5.221993741908245
2013-04-15,-4.520930469513286,-4.476915273228424,-4.500525469336465,-4.505548744743609,-4.496875802716101,-4.481903778762313,-4.502957878509229,-4.502321852111957,-4.518538644102294,-4.484118121434826,-4.481961058483659,-4.479287300917425,-4.482083992306074,-4.482079136832267,-4.482000898735737
2013-04-16,-4.340856378683979,-4.817159801026106,-4.814061999714765,-4.842879424558094,-4.841453848975982,-4.8068766886622845,-4.810919595417637,-4.839330454993944,-4.850407347182544,-4.799766429972564,-4.817163615871331,-4.8187574241394096,-4.81720612211391,-4.817347960748099,-4.817217090663501
2013-04-17,-4.543793673413303,-4.448084805619689,-4.454423611546933,-4.479666098542142,-4.44652851225423,-4.484590192099818,-4.451947088003344,-4.4770023584263035,-4.443839268289335,-4.489608028346446,-4.448562972381414,-4.4485023125007785,-4.448857892412666,-4.4486549510988205,-4.448614720793895
2013-04-18,-4.776068550766285,-4.393545535490887,-4.364403038585293,-4.422607417305165,-4.409808921455037,-4.3912484156831235,-4.336228955363782,-4.421306915274396,-4.406157579254378,-4.397936100222264,-4.384522070039917,-4.39237127617457,-4.384770642893207,-4.384918116149709,-4.384573730807153
2013-04-19,-4.855319629837164,-4.5541027204163385,-4.551919022429153,-4.583573909636664,-4.570138917812918,-4.57425417286623,-4.541773577596778,-4.579089343474823,-4.581576018467267,-4.5866599646030775,-4.55138929293288,-4.555084986398211,-4.552041953331821,-4.551492654442673,-4.551437240622475
2013-04-22,-4.989344403204829,-4.6437442051871765,-4.659544306294117,-4.678345285945272,-4.674707699505961,-4.636959581836857,-4.649549896031968,-4.677474029119381,-4.6847449652168605,-4.644128471326652,-4.645568713638571,-4.647508338342707,-4.645603494663686,-4.645705231887339,-4.645617079778831
2013-04-23,-5.458429851457565,-4.307551949990567,-4.169062642199109,-4.334028410769878,-4.3075970231667835,-4.348639646381919,-4.165775921073743,-4.331681694157963,-4.251145706513287,-4.331541195768496,-4.2830229810712295,-4.290653965722488,-4.283174088926436,-4.28311200614549,-4.283034441398763
2013-04-24,-5.317187289632818,-4.939628595604424,-4.8589149168255,-4.995680995876592,-4.975923323936132,-4.963267611279865,-4.838572429761195,-4.998630417306898,-4.946431574472152,-4.950515636044764,-4.925125319911051,-4.937483474110976,-4.925690405929374,-4.9254127172071085,-4.925189227416664
2013-04-25,-5.344024612405066,-5.028043313585299,-4.878249475491545,-5.0726795385422125,-5.015028025027196,-5.057923503615616,-4.837231728017523,-5.081715659127285,-4.956603209976741,-5.021360612254972,-4.997667520087252,-5.013797612985115,-4.997989826301716,-4.997987399700963,-4.997708842776368
2013-04-26,-5.482252305205568,-4.910898483547105,-4.917580018122149,-4.947786940304934,-4.912471143881274,-4.907377162838808,-4.90002313210467,-4.95104544435034,-4.908610328905061,-4.9196792580344875,-4.911231447869244,-4.912585008696896,-4.911784615280101,-4.911457931206356,-4.911268682978329
2013-04-29,-5.579766418386163,-5.11475299784775,-5.117796213543636,-5.159707797623672,-5.119625642882134,-5.11587379651432,-5.1047987590893715,-5.167810796528594,-5.1178536452605545,-5.11528532886157,-5.114543396389521,-5.114864006658525,-5.114741008342086,-5.114790123858899,-5.11460930451053
2013-04-30,-5.723800055168302,-5.156188396371251,-5.109002902941727,-5.2126778218206535,-5.157214355641687,-5.148263126501606,-5.089912328151876,-5.217285895320692,-5.119197798524614,-5.14725271022805,-5.146256972939038,-5.153876225667522,-5.146731314119619,-5.146429086685184,-5.146324893768595
2013-05-01,-6.048519986306574,-5.013721752351146,-4.9578734879528925,-5.049579091982899,-5.000046433361139,-4.993304969148395,-4.937187450807899,-5.057505437917232,-4.965253454445077,-4.979230782779512,-5.001870744529975,-5.008702374083752,-5.002074886315419,-5.001969021482329,-5.001919802897683
2013-05-02,-5.750645505726085,-5.30891915113551,-5.158697585413654,-5.33683795786689,-5.298674522289685,-5.303183171004927,-5.122088186451906,-5.344968784613595,-5.236682969645955,-5.259472799960153,-5.278298777027818,-5.294525383547373,-5.278722396799215,-5.278335681759597,-5.278327186017515
2013-05-03,-5.51302911507642,-5.432553864837471,-5.269007632658723,-5.463872479332754,-5.455453082488954,-5.432424292302069,-5.246484218003765,-5.465169804468523,-5.416261156484256,-5.393402435749684,-5.402181172263252,-5.4120629696336815,-5.402534010688009,-5.402241875804451,-5.402170975601086
2013-05-06,-5.390978665844028,-5.619401325481143,-5.4477450307777,-5.656892100982943,-5.6079533754678135,-5.583013962497418,-5.416845114090533,-5.654660712880017,-5.5355607343704225,-5.541765806277132,-5.5865331065277655,-5.596437808067953,-5.586828245266638,-5.586698078182815,-5.5865471510946065
2013-05-07,-5.336648949779918,-5.5070934889551095,-5.395147531901538,-5.556931813312901,-5.501867357593572,-5.491001431784292,-5.370032436032747,-5.561761525196872,-5.446010379858162,-5.4749231006875485,-5.485446242705087,-5.496114096439511,-5.485517501887216,-5.485665560512003,-5.4855107048510785
2013-05-08,-5.174006369288695,-5.692702360587281,-5.563327970816483,-5.725640212871141,-5.676721613031675,-5.650098452238428,-5.526025207205936,-5.728724432938163,-5.617538055228164,-5.621887689820059,-5.666604995418357,-5.678802050883727,-5.667035844506516,-5.666773838908856,-5.666613852643545
2013-05-09,-5.209023814777623,-5.177241551025805,-5.211817993043433,-5.218021172875707,-5.1601689324768625,-5.182250829352097,-5.21715488110925,-5.222993275037222,-5.1618475438529385,-5.1848668706721375,-5.184390938209247,-5.183230748541992,-5.184551263773117,-5.184496483074744,-5.184461518958203
2013-05-10,-5.331728982543099,-5.101818306687098,-5.156827213445404,-5.13842985637013,-5.0815089265484925,-5.103325990742004,-5.1695921115711,-5.145286328050352,-5.080239799976451,-5.098329920076177,-5.113267395353328,-5.108701939002087,-5.1135023880983725,-5.113278681739778,-5.113339424764323
2013-05-13,-5.304356773732275,-5.21551999504614,-5.24302973682905,-5.255514999431869,-5.215221308248161,-5.200564983723904,-5.241401271669251,-5.262587885610977,-5.219634830005392,-5.19834780222005,-5.219706144397616,-5.217681852522713,-5.22019042785512,-5.219833192895548,-5.219768576435307
2013-05-14,-5.215658050668718,-5.223284582439722,-5.260018575134195,-5.270361630662477,-5.207206622284743,-5.1832850394623895,-5.262173655347384,-5.2730926419240385,-5.192470359918444,-5.1848252316631935,-5.229340986734639,-5.228355845072436,-5.229385284663311,-5.229335744384832,-5.229395968817791
2013-05-15,-4.727226160981092,-5.014094113180518,-5.058515957306263,-5.049587008195434,-5.002699142011294,-4.972731560362888,-5.065021319573972,-5.051633633801658,-4.983211346757334,-4.979351526903181,-5.022524202222929,-5.021040163066694,-5.022616353838908,-5.022510221568123,-5.022579329928501
2013-05-16,-4.530445653692602,-5.048386829165181,-5.0354061595747295,-5.095713094869992,-5.045427043668802,-4.983397357510158,-5.0387731089513785,-5.0950152956766335,-5.032455520678713,-4.97495812361108,-5.048298935691252,-5.049289634387346,-5.048399700808447,-5.048174634988276,-5.048343227425273
2013-05-17,-4.46291530565929,-5.295091081817533,-5.2630588372183285,-5.341792671973881,-5.275033713781369,-5.286177330411735,-5.257445280541149,-5.343677145773643,-5.254966251126339,-5.272299829977953,-5.289858382823466,-5.295227411870543,-5.28988074548854,-5.289924117263497,-5.289910760833054
2013-05-20,-4.409675597094478,-5.190846093911296,-5.187962712695797,-5.223303645869233,-5.189867690151304,-5.139316578697755,-5.177926861001808,-5.2291688731288435,-5.184171088887104,-5.12219742561818,-5.19032305685434,-5.192344726350609,-5.190429696950942,-5.190446047131832,-5.190374910484798
2013-05-21,-4.305116540918042,-5.080184983006829,-5.106363680039909,-5.112357267601578,-5.0636380128393395,-5.008513031738609,-5.087782934324252,-5.120090225460528,-5.05608498781187,-5.001668003591558,-5.082812437971947,-5.082441660569719,-5.083426376462197,-5.083031091551405,-5.0828715288659305
2013-05-22,-4.575995990670856,-4.417326298066376,-4.422454713959948,-4.438445464223656,-4.407892216483517,-4.389887812928877,-4.416010576290649,-4.443604274980585,-4.402889506272641,-4.390209475597698,-4.4175645687801,-4.418548841286672,-4.417540228458506,-4.417574857640997,-4.417609717143602
2013-05-23,-4.594424656771463,-4.486785156126591,-4.52794693348489,-4.505267208851057,-4.477995219112387,-4.45319039917038,-4.538616049619614,-4.507192455684394,-4.481535740897948,-4.4680983800636,-4.496099687289414,-4.495753728242847,-4.496263238651743,-4.495816167893682,-4.496137197625802
2013-05-24,-4.349753912084612,-4.715158834906284,-4.778044684145589,-4.739137394941014,-4.708387329776074,-4.7083704749746955,-4.797029479447846,-4.743058381534083,-4.715100456475385,-4.732012094338557,-4.729651891579218,-4.722201207826583,-4.729678641155335,-4.729646809484651,-4.729709404694439
2013-05-28,-4.2540981439289975,-4.654162556499585,-4.707618193381803,-4.678611144934515,-4.636349010525075,-4.623657885916258,-4.726978727852383,-4.681838924289621,-4.618857558618828,-4.633935356766971,-4.666062295389634,-4.659326976299056,-4.665943820401515,-4.66578698941487,-4.666110309065592
2013-05-29,-4.215834268812398,-4.441261656945368,-4.50021471438819,-4.450628489973253,-4.4230070053526,-4.427258088703083,-4.520391263407735,-4.443892572629121,-4.403856515911998,-4.440279733823299,-4.453908266510871,-4.450886268854635,-4.4540640128433004,-4.453607518413092,-4.4539233554240365
2013-05-30,-4.084393844320015,-4.7200334013974246,-4.794385536599934,-4.726337818123156,-4.707226226081995,-4.66034326883055,-4.802061030599435,-4.723387727175966,-4.700063739060513,-4.695280014907303,-4.733630314192209,-4.72880711704768,-4.733672227482706,-4.7333192649110405,-4.7336558254524785
2013-05-31,-4.140646110550831,-4.484201861020812,-4.587019437191566,-4.506559247075527,-4.4618444962166794,-4.465114704303975,-4.613496545572262,-4.510360911691485,-4.4431841765682005,-4.502310055864726,-4.504869062584221,-4.496251661094826,-4.504780509976802,-4.504555847518201,-4.504932307608316
2013-06-03,-4.333490768205455,-4.247748168764055,-4.297238658422797,-4.254259979157228,-4.232327174911118,-4.201834338072653,-4.308293357206721,-4.257408274533244,-4.212915497770128,-4.225958969198647,-4.259307560194616,-4.258153864944003,-4.258960562119537,-4.258806564127071,-4.259343286660522
2013-06-04,-4.367889117260622,-4.32935221516558,-4.372377787113876,-4.34564933227504,-4.327086557666825,-4.301953001182097,-4.390163280869197,-4.351618915806716,-4.324281655109576,-4.313701979528722,-4.3402295940105535,-4.334237533490866,-4.33999498908403,-4.340018072934961,-4.340261846024736
2013-06-05,-4.407697768246032,-4.275337071233783,-4.344359075403483,-4.296771664646107,-4.273144614472668,-4.249201477949004,-4.363522797311101,-4.3035601281855085,-4.271079123732035,-4.250545920892464,-4.290573462462738,-4.283129038172793,-4.29039523239529,-4.290343496123709,-4.290617894894141
2013-06-06,-4.5385339381580065,-4.165769631642281,-4.25936098224913,-4.185585822965571,-4.164092944658412,-4.155309555138789,-4.280041530113257,-4.188572756883044,-4.1643120004572545,-4.18761586403257,-4.184724455951534,-4.176141994490627,-4.184544437290165,-4.184528789953067,-4.184773904505265
2013-06-07,-4.479001150060595,-4.373143814964877,-4.467375909073871,-4.397241989746227,-4.367911163471752,-4.3262067970337315,-4.485271228068082,-4.398671976215171,-4.363154942727444,-4.350272531624559,-4.391974390395232,-4.383595794941382,-4.39191736283913,-4.391817266332291,-4.392015130372492
2013-06-10,-4.428621608250664,-4.550346845332935,-4.675312912559905,-4.576681401926662,-4.546924436117542,-4.4738085749125664,-4.691059960046932,-4.582597106098193,-4.547060985417914,-4.493037946244502,-4.574692959936727,-4.567585224296874,-4.574558543671563,-4.574455848605773,-4.574757870000491
2013-06-11,-4.571274306333744,-4.385022326645125,-4.518861820797702,-4.415513965279026,-4.3823466175684995,-4.343684469856422,-4.54914700797206,-4.423674299274706,-4.3769533613383915,-4.365662078179086,-4.413146336188966,-4.406360186256471,-4.412984267042483,-4.412881486559945,-4.413218764378638
2013-06-12,-4.388387744036273,-4.370594959805448,-4.487344737729017,-4.405074761854796,-4.367673020203185,-4.340698194561598,-4.5150865753314235,-4.405044612033043,-4.3597874264390795,-4.381556542977221,-4.394686467960264,-4.38782778718134,-4.3945111054539625,-4.394533265675744,-4.394752982465593
2013-06-13,-4.249299984051633,-4.4948317418300725,-4.607814366051644,-4.520570292228147,-4.493090681205977,-4.45503861833059,-4.635918276116936,-4.528522846584184,-4.487588535238672,-4.488491829770804,-4.518870169078195,-4.511172090155252,-4.518727760289576,-4.5186426785200595,-4.518934879864164
2013-06-14,-4.130410942526999,-4.378474615508156,-4.509469424987484,-4.404241592244529,-4.376531482701345,-4.336692361377228,-4.5384687446792995,-4.407697669375442,-4.37174586404035,-4.377334479404505,-4.40470126814719,-4.397696792091352,-4.404506589216808,-4.404557227987007,-4.404765202266532
2013-06-17,-3.900246204131643,-4.445700029154536,-4.599972712567761,-4.4760941692049405,-4.4443240873600045,-4.378102217880619,-4.625810771783591,-4.48161263612078,-4.439071568330876,-4.411676780593695,-4.475349643310508,-4.468281322349398,-4.475303376833921,-4.475177478529771,-4.475418282955292
2013-06-18,-3.805961170294127,-4.789670313299578,-4.889403850919833,-4.819305813198444,-4.78848514483733,-4.698539012275729,-4.916380613706567,-4.825864088599313,-4.785060343684391,-4.710173277125432,-4.810395394147175,-4.802886803079259,-4.810218028470304,-4.810130243016829,-4.810458529509263
2013-06-19,-3.958061230536623,-4.136577743126514,-4.238214758988073,-4.155252720510536,-4.134017756244091,-4.0605762042369085,-4.25815182395873,-4.160602699880518,-4.125698664041065,-4.082965073049908,-4.155393192067952,-4.150513425848182,-4.155329461026782,-4.155048296985755,-4.155430647569895
2013-06-20,-4.092406985460872,-4.13336266771481,-4.1944099747054215,-4.155962506605341,-4.130752835778174,-4.0235834189557265,-4.209070406277304,-4.156102119951264,-4.125630293024686,-4.020906712915431,-4.146042638397472,-4.145659305471672,-4.145976143024631,-4.145715770092581,-4.146088056190557
2013-06-21,-4.236536377513014,-4.033083168948696,-4.060531923550742,-4.056827088651296,-4.0317635376114165,-3.954598809648812,-4.072234078860614,-4.0579593493955,-4.0277208183925355,-3.946534112022277,-4.040042301505101,-4.0377993586941,-4.040082816051931,-4.0398117682822345,-4.0400843178748636
2013-06-24,-4.644137192288909,-3.83138711428284,-3.910304133821375,-3.8601100780472257,-3.829204870836596,-3.753816318003379,-3.9275102679348537,-3.8621168680279143,-3.823288815852316,-3.751901832974351,-3.8477451970668537,-3.843460132435069,-3.847750812447225,-3.8474184257773114,-3.8478027079170594
2013-06-25,-4.723008154211544,-4.056453518066425,-4.193030372089501,-4.089303860643512,-4.0547211701440595,-3.9623666860853772,-4.228857836827913,-4.09252206887408,-4.04758586900588,-3.966277343707795,-4.085309066197222,-4.079747853451399,-4.085251160656556,-4.084855894807019,-4.085383925846586
2013-06-26,-4.706867893688612,-4.316300311240638,-4.427614991513846,-4.350847611760829,-4.316150232511634,-4.243993446112792,-4.448154172364491,-4.355452540886007,-4.312420096453299,-4.23589328777025,-4.338955515135941,-4.33051696234447,-4.338955632806596,-4.338706915613262,-4.339030178785664
2013-06-27,-4.626941795006569,-4.378172425612835,-4.4845129635260985,-4.419687305404582,-4.376570116793327,-4.303216172747933,-4.517971222757549,-4.4275334310079995,-4.369773401126867,-4.301997349869786,-4.4011370069776765,-4.393960875386073,-4.401165198727769,-4.400824340831868,-4.401228585355353
2013-06-28,-4.759788658325328,-4.305978085082904,-4.402527210810094,-4.346398584229827,-4.303338595318954,-4.257278114224886,-4.432202176593864,-4.3478064868882225,-4.296524677906216,-4.254574097006012,-4.325721715247525,-4.319593833173396,-4.325674269890783,-4.325488086184263,-4.325791174883051
2013-07-01,-4.840096303483808,-4.622979234842418,-4.651571749398508,-4.668721350686015,-4.62218655204816,-4.552943985833739,-4.663720246370094,-4.6731071056980245,-4.616739211863766,-4.551508500894298,-4.629245935306631,-4.627634038863293,-4.629146895650035,-4.628985233967448,-4.629310535231588
2013-07-02,-4.904028150107053,-4.507424664085808,-4.617328735153561,-4.547118038818639,-4.506779269584725,-4.460048558055345,-4.638040687765558,-4.55176003433453,-4.504893350349421,-4.46509031776423,-4.528815264899634,-4.523100418805615,-4.528508768124913,-4.528575805856552,-4.528888992462028
2013-07-03,-5.052080964827008,-4.584867637372257,-4.697039984679963,-4.6259323845593965,-4.584865515857671,-4.539802337667576,-4.725660799952201,-4.628470105613477,-4.583276062811474,-4.540382287976935,-4.607453470158466,-4.598698254132673,-4.607409982335391,-4.607231848514896,-4.607522093362494
2013-07-05,-5.359858714325971,-4.463289694039306,-4.572494554108325,-4.504432783726443,-4.463949856173422,-4.423144195243735,-4.601244228694079,-4.511369304490179,-4.464017841158525,-4.427508207448289,-4.485700749035466,-4.477574615187002,-4.48567502629878,-4.48538076942227,-4.485775665312776
2013-07-08,-5.541070042092206,-4.789662898888513,-4.852817568931831,-4.829005505579913,-4.791256783835438,-4.75083677805438,-4.867068718483617,-4.836405808091891,-4.792769425433925,-4.761160009723042,-4.802464985342009,-4.798310230535972,-4.802203670760719,-4.802167911022547,-4.802514106180534
2013-07-09,-5.55809750681917,-4.951356154217095,-4.979817671001065,-4.997274455805182,-4.952126895358736,-4.92006094346195,-4.993142055842278,-5.0013134156807615,-4.952983301870718,-4.927792476768849,-4.959088043103878,-4.955388520423174,-4.958818172294174,-4.958941842476079,-4.959131732850437
2013-07-10,-5.815424497733647,-4.6985247283024325,-4.752841391769047,-4.740422873662029,-4.7006711820668015,-4.66196740307974,-4.765064945140946,-4.750830304874189,-4.703526757131907,-4.67330129185797,-4.709765779759404,-4.706124134564418,-4.70986485975561,-4.709496638576448,-4.709798532881056
2013-07-11,-5.846039951673163,-5.04568566635411,-5.029535705178903,-5.076411111638905,-5.048106636194917,-5.01719857218106,-5.03801735391224,-5.079151334823581,-5.05132229908079,-5.031738749483865,-5.043969919444254,-5.045012869493572,-5.043729892304641,-5.043660617438622,-5.0439795965614564
2013-07-12,-5.825468607151547,-5.229005335566765,-5.188677263784051,-5.273584736298352,-5.232866722156595,-5.211421867812925,-5.1885933720209785,-5.28467731037275,-5.24057958925784,-5.224676712411674,-5.222619134567016,-5.227106447035707,-5.222572672018196,-5.222355719968977,-5.222660014178063
2013-07-15,-5.763849062033165,-5.602095702354278,-5.481548970372102,-5.640696151659629,-5.605819832189995,-5.583565807760024,-5.482797907840892,-5.64155537194341,-5.614287263172831,-5.598346528025389,-5.58197558187441,-5.587598080004453,-5.582116289284466,-5.581735265018951,-5.5819635515752815
2013-07-16,-5.845486323513643,-5.290691934132517,-5.261556148967305,-5.331867272281572,-5.292593259611303,-5.26490024569619,-5.269523952526132,-5.332268333723731,-5.296454577928777,-5.2861099353946495,-5.288894453687448,-5.290323835685587,-5.289077615878416,-5.2887594457179,-5.288917775103592
2013-07-17,-5.755459071771109,-5.338634222307738,-5.3140235826320765,-5.370064818766105,-5.3404459748115505,-5.320551076362708,-5.329926483974026,-5.374924158517605,-5.345288155101823,-5.338487524125081,-5.337113952926663,-5.339494588275769,-5.337204010536979,-5.336933888862685,-5.337123203987916
2013-07-18,-5.663384143432799,-5.4436003575673055,-5.368439100884706,-5.486828365339979,-5.445818402408232,-5.433864548637941,-5.359623293434399,-5.48157439887609,-5.4506785471226396,-5.444129794808774,-5.430095359670811,-5.438425649313759,-5.430917890707115,-5.43011892233825,-5.4300842312220485
2013-07-19,-5.550976710690971,-5.419367356005159,-5.3670797570708215,-5.462790428000173,-5.422217748597647,-5.4047302533969255,-5.3719691983987765,-5.4658296572040985,-5.429526206672487,-5.419845123402818,-5.4119376023669625,-5.417441425841064,-5.41170629693801,-5.411862184037431,-5.4119443449973135
2013-07-22,-5.485173721377077,-5.554103314464095,-5.453226459858314,-5.605026121896632,-5.557880879452034,-5.541822357238398,-5.438450424790387,-5.613186544307992,-5.569958409206116,-5.5546942770248275,-5.535351741651038,-5.543856197076988,-5.535587888045197,-5.535446863960125,-5.5353745134938475
2013-07-23,-5.39783275362238,-5.627926258448236,-5.506576901815021,-5.672847715215047,-5.631213423963651,-5.6158553825686095,-5.485449977471899,-5.667481917572685,-5.639800477820144,-5.628131163510728,-5.605017727261259,-5.613858492879983,-5.605211180424382,-5.6050093540464205,-5.605001001747025
2013-07-24,-5.267220478632697,-5.292270514709721,-5.254981168522086,-5.3329118896120855,-5.294790550376136,-5.2799523608769,-5.253474140499155,-5.336747611991341,-5.30155664194022,-5.292255995891022,-5.285282585415421,-5.289598664064803,-5.285393884919039,-5.285267247759515,-5.2852765976374085
2013-07-25,-5.345776391885549,-5.339479041953011,-5.210534900467223,-5.371555611265922,-5.341433402187495,-5.330354449876713,-5.1929270925302555,-5.382213422665583,-5.3471860302356635,-5.339775216018828,-5.316012736995236,-5.325904319111044,-5.316036925439232,-5.316029544880838,-5.316006768445648
2013-07-26,-5.494037879753917,-5.260257378831432,-5.24857133498786,-5.297798432636958,-5.263295552592491,-5.254418985427178,-5.2539231489651845,-5.31223981151207,-5.27576516186254,-5.260664929471369,-5.259553444845014,-5.259643511093794,-5.259566641406369,-5.259500738858375,-5.2595911216366416
2013-07-29,-5.584002148478729,-5.383798693421881,-5.355838366649302,-5.411570586491304,-5.386103625716695,-5.374928094136859,-5.3699452673653285,-5.413612563881952,-5.395878813884849,-5.384542490166124,-5.381758832007391,-5.384665566458505,-5.382172238393983,-5.381623266110715,-5.381769858091436
2013-07-30,-5.599759281453419,-5.318243090119485,-5.279700402654786,-5.3511627909462,-5.320807592830006,-5.309253470575618,-5.276323545352013,-5.343643247069723,-5.333266154765211,-5.319029899823261,-5.310827011276595,-5.31796067812857,-5.311137824244201,-5.310784210182385,-5.310793434642711
2013-07-31,-5.864408470305319,-5.015991910344415,-4.9844783396626555,-5.021883072703014,-5.020563884375358,-5.0058076671656115,-5.005250925072574,-5.0160652872594484,-5.041315702030905,-5.018304803511119,-5.013434178111992,-5.016024159166134,-5.013351577812919,-5.013079130459195,-5.013428075873515
2013-08-01,-5.77537401029163,-5.44527592100104,-5.24788382900504,-5.472769019110731,-5.452667864115141,-5.432511552646257,-5.245861564407807,-5.462920265430685,-5.4760249578649205,-5.452248908832477,-5.411600323563888,-5.427672085606764,-5.411587165573067,-5.411331966269094,-5.411553633787377
2013-08-02,-5.5659837334793885,-5.60820786145171,-5.463524157400314,-5.636688357792791,-5.615824551880207,-5.599178492280528,-5.451331044619347,-5.630376076156133,-5.635273124437954,-5.614306984612592,-5.582796077895758,-5.592928599544159,-5.583085182921514,-5.582780094975428,-5.5827682568853785
2013-08-05,-5.480545848569755,-5.712393393352556,-5.605937961526757,-5.735745439178681,-5.7169180067149075,-5.7034721533508925,-5.604630622705352,-5.731536964529653,-5.734032422935073,-5.718590978842954,-5.695040510918775,-5.701579191446879,-5.695436680164171,-5.694916315243509,-5.695034712221924
2013-08-06,-5.390505322160684,-5.48769454055737,-5.380554571886463,-5.516894316724662,-5.493497521524914,-5.476174101867787,-5.376803314327994,-5.522100986269042,-5.511430936590536,-5.492832902501108,-5.470281419483601,-5.47911893051753,-5.470683592411149,-5.4701324888461205,-5.470297763916264
2013-08-07,-5.338220809887327,-5.549032227709167,-5.46287141497752,-5.580340042078662,-5.553820278736613,-5.537699978851294,-5.456799826590519,-5.579801330238768,-5.575322720304521,-5.553415945772662,-5.53499725069744,-5.542634927378456,-5.535390535228883,-5.534896429206467,-5.5349923935302625
2013-08-08,-5.150595331937018,-5.526607471893073,-5.466504767131553,-5.543494507827009,-5.5298395648422165,-5.5109972784048935,-5.461879346645981,-5.542769203455165,-5.545491360048642,-5.530962992649531,-5.516145997604432,-5.522621869604741,-5.516164433178787,-5.516051898307019,-5.516140073466056
2013-08-09,-5.095770047932563,-5.332699536696268,-5.323822689940022,-5.366787989546827,-5.3360277255792035,-5.3233396531347905,-5.339877812807231,-5.367195576371876,-5.356317968966618,-5.3332023414062135,-5.33380520013326,-5.333358099593573,-5.333799274424021,-5.333605726932515,-5.333821695611806
2013-08-12,-5.053156606277008,-5.466658806060902,-5.419851216863484,-5.487667288434282,-5.467756837177086,-5.456899294719241,-5.412216759286598,-5.492768106256543,-5.475492532441198,-5.467003661975716,-5.457943471657728,-5.464785312529657,-5.458456684132086,-5.45794179262465,-5.4579397993770815
2013-08-13,-5.115528807466263,-5.260562947880915,-5.284582729593714,-5.281082575126489,-5.262620200126604,-5.246433806458686,-5.2844383545018205,-5.281859893890098,-5.2841498252648655,-5.259369261964647,-5.264738036319684,-5.264680181667204,-5.265148954918281,-5.264451606197984,-5.264728775117696
2013-08-14,-4.874574277287937,-5.245200546925821,-5.298006334285412,-5.272478828174889,-5.245812745320289,-5.23452951556559,-5.321312758601237,-5.275169310085619,-5.262591179115614,-5.243504313097302,-5.257456409465349,-5.250678768302588,-5.25742074936478,-5.257348799111983,-5.257480717361508
2013-08-15,-5.036614019648041,-4.98699203795655,-5.028065775870406,-5.016897670484741,-4.986718818416383,-4.975546230535099,-5.0451335962682675,-5.026837042181948,-5.003834594353012,-4.983472953910939,-4.9977058708747,-4.993181227469464,-4.997826226964738,-4.9975394736649585,-4.997740787686336
2013-08-16,-5.125944392367099,-5.027084366808748,-5.066080170613416,-5.046164497341326,-5.0265883698743234,-5.013773029061566,-5.095422542670682,-5.04755279481905,-5.042882561893625,-5.024017892828053,-5.038244427016855,-5.032276570205314,-5.037878393602275,-5.038066882082761,-5.03826019531756
2013-08-19,-5.0964921036349615,-5.150175427008556,-5.199958645531736,-5.177389130420088,-5.149673207677948,-5.138616769171628,-5.221848098366812,-5.184787419912719,-5.171763164215407,-5.1476246012252975,-5.162140389590489,-5.1575216966625295,-5.162080814114152,-5.161907849842938,-5.162162835081469
2013-08-20,-4.889281995545574,-5.262082123672261,-5.228345322434049,-5.291320443008212,-5.2611379749095954,-5.243364609715288,-5.225754621793714,-5.295486672825572,-5.273412064254757,-5.258807455793762,-5.2567706929848965,-5.261421762632962,-5.257427334619028,-5.2566677585797095,-5.256771682220876
2013-08-21,-5.094038308238016,-4.705980842020938,-4.776983086698649,-4.733304929871485,-4.702217841445221,-4.689176990739801,-4.8103483278106305,-4.741054742303685,-4.726389048264055,-4.69919714445507,-4.723076669810654,-4.717227987335097,-4.72283411062779,-4.722748124137974,-4.723100740687748
2013-08-22,-5.016674662349034,-5.250795691572589,-5.130523791127388,-5.2763401583654,-5.249313694914428,-5.237658599014756,-5.132817223626243,-5.275316023043875,-5.264614746239281,-5.247010814508399,-5.230870141906805,-5.236923414826963,-5.230817915949103,-5.230732419050815,-5.230838683408628
2013-08-23,-4.850122870073124,-5.171658997970269,-5.207018414685505,-5.199127692286478,-5.168445586316574,-5.163413319933417,-5.22971984048354,-5.203073129728093,-5.189055576260058,-5.16760973736824,-5.180655404430141,-5.177799486159467,-5.180823450039921,-5.180436562680005,-5.180673208390783
2013-08-26,-4.780402180971292,-5.0814517635830425,-5.1796298722132805,-5.111849462190296,-5.077990557491128,-5.072986144272612,-5.21159314367291,-5.1182584750905935,-5.094187505615804,-5.076336768557933,-5.102561889225914,-5.095375309687819,-5.102122863043668,-5.102406643600776,-5.102603884542539
2013-08-27,-4.941841169279529,-4.777461661312709,-4.894876764941045,-4.808719293963738,-4.772327514711208,-4.7692661834648895,-4.927896862014614,-4.812903889948217,-4.790707982522057,-4.772327341561166,-4.802211851233795,-4.7962932902962585,-4.801947997637376,-4.801968421617236,-4.802246665574467
2013-08-28,-5.034300871767227,-5.01581020249096,-5.094335368469597,-5.0394659923128176,-5.012502047254612,-5.008178737562468,-5.115159702307048,-5.0459954960751965,-5.024672498435238,-5.011908166338504,-5.030508112219131,-5.027410131749294,-5.030499269632739,-5.03035573785013,-5.030532977893683
2013-08-29,-4.710688040092763,-5.031569687984693,-5.071441281928215,-5.055213839211613,-5.027954752179185,-5.022129594975763,-5.090787627092179,-5.06036458970645,-5.043084407942815,-5.025770026426104,-5.041954692648958,-5.036784053348114,-5.041932265102282,-5.041821208915126,-5.041985128516087
2013-08-30,-4.895681772521867,-4.7568955360883205,-4.8572166018100695,-4.781991258292467,-4.751261296521778,-4.750104352827997,-4.899602117707898,-4.789279612892581,-4.77105995308249,-4.752337569948741,-4.7789151040601885,-4.768800749428536,-4.778440323268334,-4.778700126303573,-4.778944865307708
2013-09-03,-5.075066450818554,-4.793037267931104,-4.786658732808437,-4.8188930439376705,-4.788105985135749,-4.788081347952912,-4.8142673600689125,-4.81988613627146,-4.811837068176417,-4.7889409256855044,-4.796537966961182,-4.794825434841979,-4.796565167379697,-4.796254034848745,-4.796549156250262
2013-09-04,-5.12990169776371,-5.068922704615898,-5.0608751314608735,-5.088497692393872,-5.067585751017617,-5.061933436544328,-5.079105131717164,-5.088353134811141,-5.083025616725782,-5.06674954454672,-5.069627533256135,-5.067970805941781,-5.069591851934629,-5.069453220985007,-5.06961687000824
2013-09-05,-5.133470622053282,-5.191787776183206,-5.208474547241618,-5.225633484935799,-5.189476676620956,-5.185842371943192,-5.226677347529085,-5.236792846161585,-5.216384625792053,-5.1900168891216945,-5.197785987029632,-5.193925061466306,-5.197600779697765,-5.1975503536827645,-5.197824687011404
2013-09-06,-5.924406922019955,-4.489776500831519,-4.586318022884865,-4.5153389923419605,-4.4879580697799675,-4.486463098252303,-4.631671012819562,-4.526869553273207,-4.510334599835663,-4.488276673682475,-4.512108062793441,-4.499525660550043,-4.511899290152678,-4.511908661079403,-4.512149231710496
2013-09-09,-5.894962836686702,-5.168309659945094,-5.1687887065057385,-5.189778849670321,-5.1688545366959175,-5.159330123319155,-5.18211983567231,-5.196236110557282,-5.190652533266976,-5.16667724503113,-5.170548333651899,-5.168935850503881,-5.17049040329637,-5.17042760713969,-5.170558502976968
2013-09-10,-5.993599206566383,-5.314088878383667,-5.219152821266953,-5.349634774782314,-5.3159497329921095,-5.307659790917309,-5.221071898329692,-5.354150474267704,-5.338162271638389,-5.31310478826694,-5.299713057573347,-5.304619760332672,-5.299924474877318,-5.299844101202144,-5.299716858910245
2013-09-11,-4.970229782034903,-5.284845167566636,-5.230929439425091,-5.320885256333653,-5.2889425095099245,-5.281864680842629,-5.236858422885158,-5.323117985373318,-5.3158795437427635,-5.284792067192628,-5.276738023202246,-5.280278526065328,-5.277040986265477,-5.276623715641675,-5.276741386838666
2013-09-12,-4.954212232970514,-5.2297226024690575,-5.235043571812805,-5.254520157592869,-5.231926982253022,-5.225640870219227,-5.251392859188325,-5.262779578021102,-5.259239706886753,-5.230015535600972,-5.233648253768715,-5.230046632901654,-5.233486512668671,-5.233465089583655,-5.233668571183996
2013-09-13,-4.899682182362322,-5.697462012945448,-5.618749493501553,-5.734478067192894,-5.697648010783363,-5.69413175771021,-5.620469353125442,-5.735225168821001,-5.7262462115945905,-5.699419886761691,-5.685158826291609,-5.686462737272104,-5.685434181815841,-5.685228716061792,-5.685147379116532
2013-09-16,-4.873792163218745,-5.519608538352316,-5.474851266520979,-5.551929140771146,-5.516459550209811,-5.516278044260742,-5.485103766308078,-5.557490227556581,-5.54437249317665,-5.523129974657919,-5.513765926046663,-5.517350593601628,-5.513718985807564,-5.5136213063390125,-5.513775279520443
2013-09-17,-4.79163787674455,-5.933922000005951,-5.745107856992548,-5.967167410296978,-5.929048963418493,-5.931006243889326,-5.716307238971533,-5.965265714122661,-5.948478617253096,-5.935916137293608,-5.898457122230666,-5.909631482031603,-5.898436728051642,-5.898529767635559,-5.898414692948686
2013-09-18,-5.304917582979244,-4.514980623625953,-4.686683111002872,-4.537455411451699,-4.497832417567173,-4.508142096032603,-4.742599476313415,-4.5531473498136625,-4.53558524487461,-4.524845890581772,-4.552590259051208,-4.54265386489319,-4.552553740349564,-4.5520058318586,-4.5526532755119655
2013-09-19,-5.223217678212567,-5.099929159834896,-5.0619667145908664,-5.117102295794757,-5.09561133298698,-5.092600280226586,-5.072116779180188,-5.112852544750863,-5.12455863509613,-5.113072432160885,-5.095374238808086,-5.096372877834545,-5.095726678828552,-5.095150429393426,-5.09537463078671
2013-09-20,-5.2447884201103365,-5.07043893064144,-5.060649560769793,-5.093085732629675,-5.067556169737759,-5.0676611226036306,-5.07407075861762,-5.097890255111453,-5.094458192741504,-5.078583042591643,-5.071098977749871,-5.0707037996895545,-5.071109533953478,-5.0709638502650325,-5.071100307723537
2013-09-23,-5.118951248707727,-5.0537300286075055,-5.040564044445646,-5.081813560263742,-5.050857912482149,-5.0506726849961305,-5.058746374572525,-5.0840338160985485,-5.0748947916564005,-5.060950704660016,-5.055535175828735,-5.052691551249033,-5.055416920138058,-5.055325280490939,-5.0555393157153246
2013-09-24,-5.080754274985221,-5.018330566495299,-5.020601664394305,-5.031477689487271,-5.0162124981751885,-5.014757634456115,-5.035093897967388,-5.032952531164224,-5.0321381707079516,-5.024886724409858,-5.0220605318173215,-5.020123230103323,-5.02219689426555,-5.021925881138033,-5.022079619013123
2013-09-25,-5.16779254818504,-4.99393797256239,-5.023172767648209,-5.012459762057803,-4.991500688770406,-4.990548793940777,-5.0342920178466875,-5.022196723709763,-5.017448992319718,-5.002062404519355,-5.00179376724633,-4.9984713772625335,-5.001922744949432,-5.001637575537476,-5.001812957690754
2013-09-26,-4.9460952392686846,-5.069357379367821,-5.153482384305962,-5.088027300686545,-5.067636805492712,-5.066291267435385,-5.188796989124142,-5.097208663640975,-5.095311850279774,-5.077136409941518,-5.089189111439641,-5.082971822665842,-5.089184500745912,-5.089019784456254,-5.089209688946797
2013-09-27,-4.906750171203412,-5.267146025657218,-5.255362917377924,-5.285800742281589,-5.265646636208178,-5.266122746435524,-5.26323256606011,-5.289362619789217,-5.295958040562415,-5.270967000221134,-5.266769535259853,-5.268090190902802,-5.267020204929207,-5.266598486553522,-5.266767317487753
2013-09-30,-4.955886927249312,-4.95538861663891,-5.014542883936312,-4.984247410461484,-4.954269566675712,-4.9534899967893775,-5.038118207360543,-4.99156231601363,-4.980262115336207,-4.962249655338926,-4.970262477558605,-4.966696326686614,-4.970123779656599,-4.97011769870475,-4.970291630278908
2013-10-01,-4.738957887512143,-5.054040076624852,-5.045836142975185,-5.075862141075678,-5.054013637171916,-5.054528125177485,-5.0631000211750825,-5.078384746740899,-5.083675046102517,-5.054629662854257,-5.056142536691565,-5.054141120262876,-5.056128672408432,-5.0559356267457805,-5.056154720149856
2013-10-02,-4.624264241774762,-5.077642474940833,-5.1227992297230465,-5.113934907642422,-5.076843219704464,-5.077950406420438,-5.139347921947276,-5.126086176744281,-5.106160337138926,-5.078203319888106,-5.088532208106237,-5.084376266124944,-5.088732526446597,-5.0884024747834395,-5.088567378144353
2013-10-03,-4.766136840728272,-4.729085067774324,-4.741641490545293,-4.758643809604541,-4.728244099527491,-4.730062276498397,-4.75824864357855,-4.763099597935143,-4.750597973429611,-4.72975235875007,-4.734440319773245,-4.730137275121173,-4.734784198970719,-4.734277519973146,-4.734461082564926
2013-10-04,-4.743085910609379,-5.032345374467775,-5.106246242890418,-5.059879023808449,-5.030779669557629,-5.031787427532478,-5.128954282383837,-5.068469490389819,-5.05966114626715,-5.036149541110416,-5.048376799041176,-5.0457367363234304,-5.0483530248092725,-5.048160657123162,-5.048396601794827
2013-10-07,-4.739286452968139,-4.971761554647322,-5.047155079794188,-5.005822864762211,-4.96966890960686,-4.972641576673875,-5.068060638470867,-5.018329138851596,-4.991378345830992,-4.973573793049735,-4.987760975813153,-4.980867785707833,-4.98756029247068,-4.987668166702506,-4.9878094631993655
2013-10-08,-4.778632525421462,-4.633214241120878,-4.7263113406879675,-4.67205048654924,-4.631194246226687,-4.633929112785142,-4.751153502903719,-4.68474933419943,-4.64502110619533,-4.635607037555162,-4.653909336132643,-4.64665283507509,-4.653993904033256,-4.653722395924595,-4.653971111845122
2013-10-09,-4.8486225945175105,-4.657267712582311,-4.6658101720705325,-4.718921843631114,-4.654781895348936,-4.656834856636493,-4.682715392961534,-4.724021660104113,-4.678785423993186,-4.657773323265612,-4.663401324177924,-4.661062970560845,-4.6636746591076585,-4.66322726205341,-4.6634495001601
2013-10-10,-4.9323737333402615,-4.865344388045836,-4.905050720419694,-4.917481284538175,-4.862094190928505,-4.86691546592568,-4.936255734505223,-4.936934268169124,-4.893065415673207,-4.865804294763695,-4.876691245536159,-4.872140741394245,-4.877031770088538,-4.876548070142901,-4.876749869471097
2013-10-11,-5.005365073967981,-4.889115608269746,-4.969999708076666,-4.925056478678363,-4.887209417050098,-4.888820831809902,-4.993924173246722,-4.94732051900411,-4.900619961401306,-4.889755636969016,-4.905743581905298,-4.900939253658278,-4.905898389816721,-4.905758059087193,-4.905810630494076
2013-10-14,-5.133839807266719,-4.8626839093545415,-4.91395414550942,-4.899578585270405,-4.860234446741288,-4.861852293032244,-4.949058416555122,-4.914612839999581,-4.890938852882151,-4.863799433307476,-4.876148771718589,-4.8724465073058845,-4.8761754800671095,-4.875866415553589,-4.876182767458792
2013-10-15,-5.357881974179371,-4.64834102142815,-4.77675934099014,-4.699479073834686,-4.647392039571628,-4.648389705281589,-4.814231481056583,-4.727478259285671,-4.6732940689755225,-4.648754336712816,-4.67448952061877,-4.6675795649485,-4.674701432214634,-4.674363930360194,-4.674560847749195
2013-10-16,-5.418235457872079,-4.789860456773538,-4.8588353049375295,-4.822282717069067,-4.792331791971088,-4.785981830744484,-4.895847880906299,-4.848639036814021,-4.834164862367903,-4.790852387485395,-4.805627053265067,-4.802787263029154,-4.805747847290959,-4.8053468246393685,-4.805657701711851
2013-10-17,-5.426292485422894,-5.089826137825564,-5.078646793130505,-5.129288536369606,-5.0941163930974644,-5.087314415694142,-5.104700346887909,-5.1397282639282915,-5.126972431259875,-5.090157717934919,-5.092556334726583,-5.091815026471137,-5.092851647168,-5.092329115683457,-5.092594362296273
2013-10-18,-5.421242088606823,-5.161692191080372,-5.125015570506996,-5.192330342274986,-5.1643619934068745,-5.161837472188632,-5.1426728447219014,-5.198808280657669,-5.1810232208823,-5.161682141364949,-5.158774292519043,-5.161562126465794,-5.159060016246431,-5.158644451506168,-5.15877824345848
2013-10-21,-5.406245075264924,-5.336762961968407,-5.284561906031212,-5.389039290098452,-5.340857418779012,-5.332428605677345,-5.284957048480698,-5.397452914054635,-5.3601877648378435,-5.336626289238294,-5.329761939888818,-5.333204643064832,-5.329749026516227,-5.3296912213917835,-5.329779504041885
2013-10-22,-5.5826844548405505,-5.066938379016086,-5.070848988210423,-5.138631895225256,-5.071429717527927,-5.0640909580930975,-5.082662989015423,-5.153581638704321,-5.101663449738368,-5.06609959511367,-5.071274497788087,-5.070403756287831,-5.071514986766738,-5.0711597618507245,-5.071337574392839
2013-10-23,-5.551341782370927,-5.060712371820068,-5.024059200276074,-5.126975664529594,-5.064425557289764,-5.067009079992936,-5.026624747609773,-5.142834515984557,-5.080184620589277,-5.062975284682368,-5.055606264376229,-5.059037526587208,-5.055899879957757,-5.055633579508818,-5.0556295247631216
2013-10-24,-5.397551977635867,-5.3021986017195015,-5.2039779111919815,-5.357562510367744,-5.304425382897197,-5.3086694484052535,-5.198026123543781,-5.3558850221823295,-5.309921037966135,-5.304821062407575,-5.286691500658687,-5.301008952957489,-5.287090564466628,-5.286710417079524,-5.286677394492424
2013-10-25,-5.290297457806966,-5.292029864966207,-5.275881079350353,-5.36018331722246,-5.299023102994192,-5.298750911130177,-5.28975745937308,-5.378455331458584,-5.3224263275009225,-5.2948975197272325,-5.293010032827219,-5.292845720456047,-5.293185715535677,-5.2930587520226835,-5.293033647953333
2013-10-28,-5.309292658237343,-5.387812855104697,-5.314462812486834,-5.444947362854437,-5.398220289809327,-5.39131310647306,-5.316529710746,-5.45042865347543,-5.431574608107737,-5.390947599914921,-5.377893291352247,-5.381894288991919,-5.37788367635198,-5.377925089910619,-5.3778998086445835
2013-10-29,-5.315167011556601,-5.412776783944693,-5.353064607011786,-5.486972629948992,-5.420546024405223,-5.416359798671771,-5.354961091415023,-5.488408272591834,-5.447624416818075,-5.4185886683353885,-5.405076774257211,-5.412011452586652,-5.405480247835746,-5.405148466732006,-5.405070083109325
2013-10-30,-5.4738328521593695,-5.091335700011665,-5.072439213757644,-5.169294516959668,-5.101133436970493,-5.108921552338082,-5.093430101262276,-5.180806663329709,-5.13034147141828,-5.108583899342484,-5.092109128828507,-5.091530372551708,-5.092394803395454,-5.092187131769045,-5.0921597742762605
2013-10-31,-5.263168496915091,-5.087421645403554,-5.04059339945232,-5.153925859473266,-5.095310940003427,-5.102252563018367,-5.057381981932364,-5.160591764841886,-5.122402592177376,-5.101638297387743,-5.083525815883558,-5.087409341841296,-5.08377860021992,-5.083293766305792,-5.083541416255617
2013-11-01,-5.227936587519548,-5.0793024066355015,-5.0383088884666085,-5.146568664617311,-5.087918850853089,-5.088289215112942,-5.050956697420019,-5.1541927624261055,-5.119365057704622,-5.084331800383088,-5.075806096430018,-5.076639812585272,-5.075901462378454,-5.075736490004586,-5.0758311884490475
2013-11-04,-5.234170587580959,-5.444994913227663,-5.396551882454678,-5.501509780605027,-5.451237831958003,-5.451103840651794,-5.390918451329493,-5.519315212631286,-5.478792742878473,-5.447687887947783,-5.437904786170549,-5.44086192309716,-5.438304186620789,-5.4379743778715115,-5.437934904964198
2013-11-05,-5.108547202328569,-5.369916146327966,-5.269360214681804,-5.432806288129982,-5.375395647117296,-5.373902106661973,-5.258525093957348,-5.434343448019746,-5.385276147197014,-5.3719123641075095,-5.353554191754284,-5.363535227915447,-5.353837363301799,-5.353678696279639,-5.353574232303889
2013-11-06,-5.089637685114137,-5.30755995095958,-5.248690866172732,-5.365446019162961,-5.311109242890632,-5.313429640183092,-5.247834832116806,-5.366997396770446,-5.321658855786523,-5.312194013119998,-5.299312225344645,-5.303583276582621,-5.299688540543958,-5.299341706569404,-5.299345319187402
2013-11-07,-5.394173733686814,-4.9025096173256095,-4.913326030975196,-4.9638114367553605,-4.905086441026472,-4.910299247482983,-4.914775718217148,-4.981356499956229,-4.911421288698634,-4.908940756151082,-4.906147571062637,-4.9058087782263975,-4.906309675169795,-4.906155922985946,-4.906228649470526
2013-11-08,-5.662499097713255,-5.058296479560733,-5.019158208940413,-5.08625454011291,-5.064266756491517,-5.0551312711729555,-5.029690803255619,-5.085043148363783,-5.087677909907019,-5.056805839328714,-5.054563805347284,-5.0569191797919295,-5.055167219606416,-5.054297568688475,-5.0545514658815875
2013-11-11,-5.4771980604966855,-5.475444565991133,-5.389598098086907,-5.5091529125447245,-5.482106502406495,-5.4745551314518375,-5.390038718975025,-5.496919186927104,-5.502475153224706,-5.4745547887542925,-5.463358173260224,-5.467600546809299,-5.463595696969075,-5.463234335850359,-5.463348088196347
2013-11-12,-5.44058962981739,-5.058551673583303,-5.119056863694538,-5.109589393550796,-5.065534485213266,-5.060832704945072,-5.141309735704145,-5.135884305194528,-5.094338468073708,-5.058652127835373,-5.072603160575631,-5.067032556491988,-5.072434118237395,-5.072535195194378,-5.072652361782969
2013-11-13,-5.2387452215019294,-5.158489197704247,-5.1839167233604435,-5.203964448238269,-5.1655968595584785,-5.166953988603445,-5.214270023853868,-5.222774135135417,-5.195413980232343,-5.164758392122602,-5.167725179103601,-5.163950242989463,-5.167669227020847,-5.1675813889954565,-5.167771591242354
2013-11-14,-5.257432345853161,-5.373081260932867,-5.292853218171012,-5.427796381213723,-5.380735808296551,-5.375236307574402,-5.301922767711077,-5.42938401431722,-5.40963280679917,-5.373140908121807,-5.362671871179666,-5.3669041854773925,-5.362721804383045,-5.3624911362090515,-5.362652036522293
2013-11-15,-5.2557011762638535,-5.712130813610874,-5.58022383359553,-5.77525470311446,-5.724739408053422,-5.72477705129148,-5.579334100962262,-5.756056765973978,-5.749674119728991,-5.724704193951085,-5.693152844461259,-5.6985455076232405,-5.69357022276238,-5.6930198303101935,-5.693132789466102
2013-11-18,-5.415061710699033,-5.256134704968857,-5.320032687556792,-5.30701618824893,-5.26427120300074,-5.2577714303837,-5.339999988429054,-5.332953124980135,-5.293509481799258,-5.25678969737457,-5.270081038993972,-5.265099405588556,-5.270099144610453,-5.269952501738895,-5.270120766335929
2013-11-19,-5.632093114211712,-5.15650518749984,-5.192066385561708,-5.195193881465975,-5.1621268933095115,-5.156186465221695,-5.209603845974857,-5.219474911364268,-5.1778500715601234,-5.155724850495723,-5.16534106112586,-5.161352016276112,-5.165408997230907,-5.165233987695114,-5.1653802919083915
2013-11-20,-6.1584539835301655,-4.984556093295149,-5.053235098916263,-5.0350411029962325,-4.9984290950694765,-4.990960443791658,-5.094021825916592,-5.061805477627914,-5.0391248827427395,-4.986604296574599,-5.001963168048662,-4.993809620305829,-5.001801517202662,-5.001828040369169,-5.002003762935917
2013-11-21,-6.0708860475597755,-5.36114192272739,-5.332640734596724,-5.40396027175097,-5.377276831560652,-5.357577745448617,-5.340785360464179,-5.404825303635884,-5.405782568392194,-5.357411756677595,-5.358468038493935,-5.360645439370337,-5.358950457070095,-5.358446995647139,-5.358466202419978
2013-11-22,-5.886469059487846,-5.54446403600791,-5.467947768919703,-5.596520802211322,-5.559887469605317,-5.557545656446162,-5.4664638170397435,-5.585025990724586,-5.580578546885962,-5.561560954762286,-5.532939594747887,-5.539645271629127,-5.5335890841568265,-5.532794904065759,-5.532920709904013
2013-11-25,-5.658528237510487,-5.609667950999995,-5.50027327727249,-5.6528611717129165,-5.623319116163084,-5.616545044322327,-5.493343824040781,-5.6313520287887355,-5.627546132407703,-5.617897514721684,-5.592525813470287,-5.6009585620268405,-5.592457830462518,-5.592521214742242,-5.592497936593068
2013-11-26,-5.258396656831617,-5.528948295393429,-5.521699829199115,-5.579511297530028,-5.550061822717267,-5.537756097581407,-5.5361058596295365,-5.5835306914872564,-5.588214981142808,-5.536233622542757,-5.531224461767832,-5.529941528073442,-5.531350257896202,-5.531227375093472,-5.531227082144532
2013-11-27,-5.147583058015224,-5.8039630416996495,-5.776701335524211,-5.859110279425311,-5.821229330690303,-5.815535555975606,-5.774819480871077,-5.858250245254098,-5.838181871917603,-5.81657741568808,-5.800175442343129,-5.803211216008444,-5.801147381171571,-5.800247772763373,-5.8001670500412965
2013-11-29,-5.1352105654692055,-5.570601140300457,-5.627957922705123,-5.630620056860679,-5.595888955040374,-5.583045653818336,-5.6451882196084044,-5.667200457980495,-5.641888060487532,-5.587156741401402,-5.582216971791483,-5.58014889548566,-5.582559449893537,-5.582121395660951,-5.582215176949273
2013-12-02,-5.194100369118746,-5.500979160317021,-5.453392588889507,-5.565660319319079,-5.518179562648732,-5.502404600143705,-5.468462120932438,-5.575901687566008,-5.549667438496523,-5.496265857123486,-5.49712872892028,-5.499872083680124,-5.497277302848772,-5.4970878010466855,-5.497126884500554
2013-12-03,-5.261007215813233,-5.341455174804024,-5.330567579422406,-5.37248408260708,-5.354964741895632,-5.339684981839704,-5.332386712275668,-5.382793032342705,-5.379041082728749,-5.338276563107085,-5.340765214330395,-5.342026225324458,-5.340745943009387,-5.340645275238284,-5.340764225569111
2013-12-04,-5.450837909250755,-4.94974758733261,-4.970902730143625,-4.9990853375728275,-4.963506082692774,-4.946642808935368,-4.9864513528904695,-5.011188166445453,-5.000589334431058,-4.945451831111667,-4.955782997627972,-4.952340968669789,-4.955842616644671,-4.955591963136861,-4.955801255370077
2013-12-05,-5.411195553924963,-5.156502186787784,-5.131876060325756,-5.222914897552493,-5.174396038396713,-5.160335637697629,-5.147339550904957,-5.230149721336662,-5.208166420668296,-5.15545532260738,-5.156236720373491,-5.156477429563667,-5.15627145453421,-5.1561454855156885,-5.15624819430368
2013-12-06,-5.3792569870036315,-5.208308764766577,-5.197326123266136,-5.285360210104019,-5.2306845353505915,-5.202070562916456,-5.224911410558492,-5.291968878137826,-5.271287666397409,-5.199051062768811,-5.213016098708885,-5.2081438469987,-5.212969361100302,-5.212923446891121,-5.213057713513024
2013-12-09,-5.350176353327631,-5.420092324243052,-5.353313650542204,-5.493565788683552,-5.436255059559154,-5.433913720970984,-5.357498493379076,-5.506383162634331,-5.465064155835403,-5.43205860482381,-5.4118900769929565,-5.414534533792468,-5.412786527547618,-5.411854965612738,-5.411911218592454
2013-12-10,-5.289644110395318,-5.341394689649313,-5.257021157336554,-5.386918036184428,-5.360328048942263,-5.340666785162732,-5.259056840248987,-5.371876496863471,-5.390915538552187,-5.337644117463973,-5.331159323980096,-5.335864262884699,-5.331529314917141,-5.330967831158469,-5.331146857889808
2013-12-11,-4.220875657675686,-5.188189653856687,-5.187109450472571,-5.25651189832273,-5.200157252770161,-5.2040578356095635,-5.211178938132461,-5.273981800316764,-5.230796416500154,-5.197540009724947,-5.193061074913016,-5.190554638800961,-5.192976342005935,-5.1930279969862525,-5.193096873285415
2013-12-12,-4.248022163366099,-5.205131535399072,-5.182839533085655,-5.237101807061005,-5.216761542344915,-5.224890572351511,-5.1906155665874065,-5.239807634239938,-5.2365914543695435,-5.2236735523305144,-5.203447331039496,-5.205186413516502,-5.2035976315469314,-5.203389731608839,-5.2034658296664205
2013-12-13,-4.2772688689599425,-5.254431063089837,-5.265864952062301,-5.280084411356305,-5.263273811211006,-5.277607398486093,-5.278383888047112,-5.290758951725909,-5.295822639305569,-5.2753819428573605,-5.258645795509054,-5.256175190327921,-5.258805155450433,-5.258536622416441,-5.258653687904492
2013-12-16,-4.297621591634015,-5.403761726456892,-5.359137128122877,-5.450101362611151,-5.410715158507259,-5.418604183233445,-5.358472707205821,-5.446986687270774,-5.427048060921103,-5.4123930569154775,-5.398554765427065,-5.40201953405193,-5.399283749240679,-5.398506954892237,-5.398555316357216
2013-12-17,-4.359717695395519,-5.223468394344481,-5.255615741281308,-5.261935413057493,-5.227791116393251,-5.2261055775447725,-5.276704025832438,-5.270344467029264,-5.252228251664609,-5.220827620268878,-5.232936568611479,-5.227382478243862,-5.23273614114539,-5.232767106321359,-5.232964600713769
2013-12-18,-6.238205455872363,-4.006959891827182,-4.224710909727589,-4.0669498941947335,-4.008393011035457,-4.034837346831797,-4.290213947174333,-4.136141451081655,-4.041301841251069,-4.028619326842727,-4.050575680431007,-4.04140124264215,-4.050301627883642,-4.050248872583505,-4.050709792324622
2013-12-19,-6.534995478735282,-4.834661199581934,-4.833434206871559,-4.892397734086181,-4.843628343015496,-4.862887702840485,-4.859074569399879,-4.895947344294827,-4.8663883412539155,-4.861967259522886,-4.840156673295481,-4.837022317200742,-4.8404432971360425,-4.840003247632042,-4.84021493915281
2013-12-20,-6.85003628386362,-4.972303965831957,-4.964237606431129,-5.028399543965511,-4.984634062439888,-5.000091852447339,-4.982642381434384,-5.033471520391341,-5.0087697522337,-4.988799922333775,-4.975830121754615,-4.974463341740083,-4.976565144447801,-4.975715201348598,-4.975867557153511
2013-12-23,-6.77492323766257,-5.209829905209159,-5.150989722474119,-5.27546633699021,-5.227159260814824,-5.219015730950502,-5.18088803263554,-5.271050435899284,-5.259338802593052,-5.206331950975313,-5.207031924635465,-5.206927456162264,-5.206966085576261,-5.20693685023914,-5.207052884744921
2013-12-24,-6.105344619263447,-5.514393959430573,-5.352645806552139,-5.579162632625392,-5.534237079664139,-5.519972665340887,-5.3578687700637015,-5.548813775629685,-5.558966489244333,-5.516073211266878,-5.490918946007967,-5.4990960740283485,-5.4920124046242105,-5.490799861594962,-5.490894901347058
2013-12-26,-5.947997806305624,-6.011092923816363,-5.871110534626958,-6.089745575765631,-6.022939197793958,-6.013194650704837,-5.862670515201037,-6.07160909358728,-6.032106465577421,-6.013588661581947,-5.989118052248946,-5.996090653268747,-5.989447926371313,-5.989125654811305,-5.989086289238449
2013-12-27,-5.620485198292564,-5.908689612184248,-5.842803595758313,-5.9577052705807265,-5.925754243390132,-5.910948474333106,-5.855203400772077,-5.959206285785496,-5.960394503050484,-5.902490920307432,-5.901528183126224,-5.9055640096681,-5.901705516990314,-5.901322943055545,-5.901511225091997
2013-12-30,-5.54618935940538,-6.164530118041784,-6.018924313472799,-6.235969409346222,-6.177418263234764,-6.177573535069692,-5.999359071782263,-6.2095495494629995,-6.191513994715739,-6.174042030788714,-6.140409120790027,-6.149113095273008,-6.140917478365247,-6.140558995395754,-6.1403580603198336
2013-12-31,-5.3069410030743684,-5.85749043859033,-5.875795924792943,-5.916660927818203,-5.871759869777755,-5.86865112585737,-5.888563422810126,-5.9413129639838305,-5.909375032733618,-5.863788912104973,-5.863392701505409,-5.861118377532767,-5.863579836927729,-5.863318499101341,-5.863402858831128
2014-01-02,-5.338838246014741,-5.284947516945559,-5.287332043362186,-5.345684216174531,-5.295460477220113,-5.299212441234817,-5.298948996114395,-5.368082804452243,-5.324463039314186,-5.2937743387268865,-5.287620709633608,-5.286355629950848,-5.287801966978725,-5.2876332135532795,-5.287636957047704
2014-01-03,-5.239059958109065,-5.519699186160136,-5.460379040649845,-5.572783298936013,-5.530984055429462,-5.533993169696544,-5.458818669747771,-5.577415003595942,-5.55294690116525,-5.52231559346423,-5.511398790075807,-5.517655334777832,-5.511662232760028,-5.511356045990666,-5.511396480206058
2014-01-06,-5.286027590359563,-5.142144830616947,-5.2009494518351245,-5.212459137315982,-5.153154053728576,-5.154741632611447,-5.236402073994114,-5.247616513428137,-5.193546458256778,-5.147668024065635,-5.157905086777208,-5.150474282536913,-5.157562713652235,-5.157646644438959,-5.1579378421133155
2014-01-07,-5.1944980456236,-5.496170346290051,-5.397104716851824,-5.569604111779138,-5.5033136065754045,-5.509658349434297,-5.402832795821078,-5.5633837218681474,-5.526848507943768,-5.501892664953904,-5.483686220779992,-5.487014831286416,-5.484209143346392,-5.483537461821015,-5.483665112923475
2014-01-08,-5.346524972097687,-5.038307622145147,-5.05893659876569,-5.111110476287779,-5.04405478651644,-5.057374486053392,-5.081659524966683,-5.134583082646275,-5.071463497246131,-5.050212269521661,-5.046181873844067,-5.042314037730284,-5.046121482911878,-5.046003151659137,-5.046223541879633
2014-01-09,-5.464407107681363,-5.141534433916454,-5.183236693215346,-5.212114811118868,-5.1463560247364315,-5.160858162978579,-5.21188014520925,-5.225442928686499,-5.1710078613506925,-5.14846153194872,-5.154296828628012,-5.148218455854911,-5.15433575683019,-5.154277539543106,-5.154333326656137
2014-01-10,-5.525596462637745,-5.117835705788294,-5.156515367027408,-5.1887955548468305,-5.1237183743050725,-5.12574722939786,-5.184210255956244,-5.211251931723282,-5.146763283208156,-5.111568254009387,-5.129809465545341,-5.126648885231914,-5.129782665921844,-5.129657701062412,-5.1298419607743595
2014-01-13,-5.437210385495385,-5.126065677113135,-5.132876120072261,-5.216064154313167,-5.130739595910817,-5.156944506011486,-5.151508002316913,-5.240231095226578,-5.154974248678302,-5.149264547830967,-5.131978020349281,-5.1281535994059615,-5.132263835647873,-5.131861939165187,-5.13201929693747
2014-01-14,-5.535618946781734,-5.144835043780921,-5.152801363375913,-5.223390803759142,-5.148330196499716,-5.168371591574451,-5.1823046062768165,-5.244942900493105,-5.169247245090566,-5.161483572924735,-5.151377880723598,-5.146704698854972,-5.151219799848277,-5.151265152833808,-5.1514076838575384
2014-01-15,-5.434322400963499,-5.3046553732266855,-5.279543010692254,-5.3704172496129,-5.306891556032583,-5.327150363194118,-5.29272527165796,-5.394540738447812,-5.316079553949832,-5.318352624610461,-5.303688115211718,-5.302740374664417,-5.303833844880241,-5.303509068270901,-5.303708886952279
2014-01-16,-5.123975398645237,-5.403016110170792,-5.351386109847024,-5.492765675399641,-5.406210530260031,-5.388569117639877,-5.359336885826736,-5.5008606930648645,-5.418053997531063,-5.3843265469023285,-5.397708897014605,-5.399233486351784,-5.39815971235577,-5.397720655423074,-5.397711455893258
2014-01-17,-4.774775588300668,-5.293197013437255,-5.311721989075522,-5.365630312241778,-5.296140505194385,-5.288491858691293,-5.326778304676285,-5.391213560184998,-5.309984484670509,-5.2850099662584995,-5.299274289445127,-5.295241341176592,-5.299448103909434,-5.299366619627514,-5.299289138658244
2014-01-21,-4.807689112281892,-5.074939350495664,-5.131680761582339,-5.1280953565595615,-5.0769666688241655,-5.083921897787493,-5.144171884058116,-5.14306640009314,-5.092021971732847,-5.083201452073587,-5.086052938500499,-5.08189920945776,-5.086059248977426,-5.086021039551083,-5.08608022239199
2014-01-22,-4.5294801744887145,-5.568652537983118,-5.477202269060821,-5.611893229063399,-5.570372869281616,-5.588371553189295,-5.470980877837235,-5.595030212666077,-5.584571472833512,-5.582406110401669,-5.553976464330487,-5.563043677046688,-5.554415223585528,-5.5540473399754715,-5.553928029975953
2014-01-23,-4.5216862661464985,-5.298652575748494,-5.22730788363963,-5.360947193357795,-5.299206050313109,-5.302557999236717,-5.235593043713005,-5.343534579892124,-5.310606846196906,-5.296202222303598,-5.290559027584997,-5.29617469525525,-5.290760516473064,-5.290574871347873,-5.290546360302471
2014-01-24,-4.47226137993551,-4.966573270599951,-4.8795925296909965,-5.042928092953234,-4.9662734582065085,-4.981697507581646,-4.879128931394093,-5.0430770602965085,-4.97954178478698,-4.973829274707021,-4.953852661885774,-4.964238023993504,-4.954396755164184,-4.953879198869522,-4.953838248920654
2014-01-27,-4.41935375357204,-4.6871929654030025,-4.709223127485257,-4.738605663074085,-4.6862743613166025,-4.6840476396497195,-4.7264316292296,-4.757516842477953,-4.697477359720088,-4.683095599750382,-4.69347319809869,-4.689271712855263,-4.693644080013636,-4.693420539235508,-4.693490872481677
2014-01-28,-4.287192488591732,-5.022701808938202,-5.003457944679656,-5.081764387183594,-5.021604895646642,-5.02397295222868,-5.0047016805599664,-5.091724931583397,-5.030468985556024,-5.022434781836428,-5.020887990260261,-5.021938975687871,-5.021066019510436,-5.020913498508946,-5.020887501841175
2014-01-29,-4.279637676014672,-4.580751927895131,-4.594446874131516,-4.659265057729662,-4.577978979758256,-4.595561211520681,-4.605785762838735,-4.681582341313095,-4.58917970297847,-4.593383495119806,-4.584908985136435,-4.584910773410272,-4.585260941245063,-4.584954070798455,-4.584930838632231
2014-01-30,-4.312493234672459,-4.888598503277659,-4.846413022488205,-4.984418141989488,-4.885609783742289,-4.907967430504344,-4.870737483831102,-4.981945529856284,-4.893611362601382,-4.9038615609033,-4.887120464847315,-4.8890516463099845,-4.88725531623316,-4.887039241765746,-4.887143020117973
2014-01-31,-4.406665323389031,-4.576722967981058,-4.639154702587943,-4.666872257616676,-4.572524993998134,-4.5813684582283285,-4.676332229091508,-4.69535184952723,-4.5812763842284046,-4.577025046534215,-4.591494407024844,-4.585930341318642,-4.591589277978317,-4.5914567528406,-4.591542380548292
2014-02-03,-4.73338627582658,-4.407940775062408,-4.383084909854738,-4.501101679865822,-4.403894770895562,-4.419727974900493,-4.405922119239134,-4.521290982171263,-4.4102997678817255,-4.414505692824099,-4.409513466004119,-4.406939411827924,-4.409786936626481,-4.409464995970228,-4.409565903676819
2014-02-04,-4.9773672467696715,-4.461293718895806,-4.519311133252812,-4.513190258968856,-4.455701913431757,-4.466612793514015,-4.539871349275166,-4.5560159156318,-4.464843144878756,-4.459971972779344,-4.472725585591365,-4.469192578206238,-4.472743759558113,-4.472625171324323,-4.47277227716072
2014-02-05,-5.372277335114963,-4.396349805342422,-4.413352981731951,-4.488383173572048,-4.394958744356316,-4.4127229414654545,-4.441350660568101,-4.52671835641455,-4.398565138476677,-4.406204604572104,-4.403822035833669,-4.400217080486581,-4.40418089069825,-4.40389716391123,-4.403912027792703
2014-02-06,-5.346968394265148,-4.89771299458178,-4.836250352690001,-4.994935997889393,-4.89431065420766,-4.898238231225346,-4.827387525591934,-5.023970666657674,-4.901299357918756,-4.894871625429696,-4.889487715363023,-4.896751740353901,-4.889801860803865,-4.889616995315613,-4.889512410622631
2014-02-07,-5.575351102936395,-4.6841796122363615,-4.73389743843627,-4.76098259729773,-4.68206183602575,-4.688196752658177,-4.76894399198891,-4.792314048859452,-4.688128236481426,-4.682477933673999,-4.69745887001728,-4.69245642416597,-4.697707404619703,-4.697334641275949,-4.697503220558396
2014-02-10,-5.500451060760089,-5.130452961361051,-5.083466828397404,-5.217514918729052,-5.127552322642095,-5.127586148998727,-5.110196073822108,-5.220814032540627,-5.134184745638413,-5.125578851358769,-5.129177695850932,-5.12849664079905,-5.129063425435952,-5.1290853200111926,-5.1292093738360425
2014-02-11,-5.314508488924333,-4.995492125657561,-5.01979492739701,-5.066511199509861,-4.990512192601918,-5.008839526560137,-5.049719364584303,-5.084282622875328,-5.001500494476201,-5.001411464351871,-5.004098463901237,-4.999959031444384,-5.004249264459784,-5.003958969283599,-5.004150221262398
2014-02-12,-5.229595321595912,-5.081161008642745,-5.109332014969498,-5.15208399430192,-5.076884942569093,-5.0851779637004775,-5.135045159963222,-5.178827193897876,-5.087364410940346,-5.083321214760144,-5.090225222548209,-5.085058810051767,-5.090140525474215,-5.09010929353499,-5.0902693084488915
2014-02-13,-5.260343121001368,-5.1341270616713,-5.161489635454531,-5.2002390717985705,-5.130784511827972,-5.144228437631222,-5.1782005275611915,-5.2256041270880385,-5.138745237065964,-5.138764378811742,-5.141372631085559,-5.139435452960937,-5.141715203195041,-5.141319532910421,-5.141404432878822
2014-02-14,-5.156579017416684,-5.360909872929105,-5.305587486678802,-5.445184542602842,-5.357722294641637,-5.371188953962794,-5.314979239460761,-5.444713928387336,-5.362702282181254,-5.366342574962433,-5.354523761259366,-5.356688889755661,-5.354715784406725,-5.354590481099428,-5.3545246736364875
2014-02-18,-5.031987115240545,-5.191860373176314,-5.183778738346365,-5.284237673648097,-5.18946354383863,-5.197696034447649,-5.198987420577977,-5.294041184808881,-5.193790592183471,-5.19194433408117,-5.193865516494883,-5.1924323634137926,-5.194055772019722,-5.194017610317427,-5.193925847655929
2014-02-19,-5.095672998280081,-4.872181443744614,-4.949274859188194,-4.942067466230642,-4.867229672064054,-4.8793680618388295,-4.983238476379633,-4.982590366432776,-4.877482462973216,-4.872416310378058,-4.887999954760755,-4.880055937783638,-4.887874218251177,-4.8880181469874735,-4.888061263690507
2014-02-20,-5.144370105643978,-4.914486003877328,-4.967528576775649,-5.004291451977627,-4.909223165780297,-4.925904220406001,-5.005449799103395,-5.036553972678367,-4.921377202613158,-4.915288260120034,-4.927843333860404,-4.919537696931275,-4.927862786382819,-4.927712381267062,-4.92787390920848
2014-02-21,-4.93157434870695,-5.173206856990537,-5.16964116202412,-5.283095988435186,-5.167582257058328,-5.189940982928463,-5.202094200964652,-5.297685122042019,-5.178266532240294,-5.178893115926227,-5.178713058105954,-5.1747794840105374,-5.178802770316776,-5.1786920623503505,-5.178741178033712
2014-02-24,-4.766043889174329,-4.989266771178849,-5.083400503061277,-5.0747926257995655,-4.984740003234279,-5.00556078301078,-5.113543100949222,-5.116691206939038,-4.9929377394516035,-4.994729997768181,-5.008249300436772,-5.001885905003152,-5.008245783294622,-5.008294692444318,-5.008314562684268
2014-02-25,-4.862558554705147,-4.83125798637281,-4.901025098563638,-4.914572820296522,-4.825808184763586,-4.839313001539279,-4.933378314713523,-4.948707021252237,-4.834614142742119,-4.831847275022181,-4.845933693289381,-4.839125194663106,-4.846148685586739,-4.845957562935219,-4.845992220659431
2014-02-26,-4.951362620915031,-4.895826610417105,-4.927248906579533,-4.970738520830124,-4.894700836286085,-4.89129225226701,-4.947565860368946,-5.008852073787404,-4.897242874947258,-4.895245062323205,-4.904771115905048,-4.900348588314476,-4.905182384717637,-4.904783610298993,-4.904827020861694
2014-02-27,-5.04706293788351,-4.984017082639403,-4.993933540990406,-5.072619650700995,-4.980346299612851,-4.988423064147706,-5.009016725348308,-5.095552139934788,-4.985894976114415,-4.984106868483837,-4.9899539120229806,-4.986356989231059,-4.990180556558554,-4.989984166047277,-4.990009100867672
2014-02-28,-5.086469314556656,-4.730942731219319,-4.847492187212675,-4.810448472841474,-4.725986009892716,-4.7398863516361525,-4.8856176016745465,-4.865422180349567,-4.7356079530476265,-4.730426855984712,-4.753210051988889,-4.743965276746339,-4.753104605830058,-4.753148228421785,-4.753293804994273
2014-03-03,-5.329133894580873,-4.647414031629833,-4.734800601313196,-4.735967800817796,-4.645632646701605,-4.658304498237846,-4.767158922843995,-4.768251017992209,-4.648557736398229,-4.645226257586414,-4.664665492637535,-4.655215275460432,-4.664709188809744,-4.664688341458039,-4.664748226752219
2014-03-04,-5.187364081377674,-5.033947246765655,-5.09439560902517,-5.09932814376175,-5.03076455059451,-5.042008378630237,-5.125722729073622,-5.1276748873721525,-5.0389253512730505,-5.031668641433129,-5.046903378779684,-5.040628484221077,-5.046800189861445,-5.046812802999524,-5.046944861064453
2014-03-05,-5.0767444901184575,-5.10171176884014,-5.140988866015345,-5.162438005673746,-5.099605843209639,-5.1089383634298455,-5.163950631022504,-5.181950143690245,-5.105089457344546,-5.099374131154011,-5.110759777440782,-5.105312415333199,-5.11075356295916,-5.110742467367693,-5.110807400240468
2014-03-06,-4.848754311429671,-5.272998926140867,-5.275933001010625,-5.33864616034355,-5.2712260891894855,-5.27653022776916,-5.29426504615455,-5.344658003069412,-5.276370806454825,-5.27127735864907,-5.276565748386196,-5.274352694696703,-5.276527145406682,-5.276592313243212,-5.276584369879362
2014-03-07,-4.825796936204395,-4.880378963349135,-4.997171376836068,-4.953121054048773,-4.87775065877816,-4.88264579407892,-5.055016939371006,-4.9980964145067475,-4.888687436915478,-4.879694173514757,-4.9047020215275685,-4.896120307333582,-4.904604802176153,-4.9044745216140235,-4.90476690217355
2014-03-10,-4.795552028469019,-5.141600466980763,-5.2317373893848345,-5.19837008406655,-5.140596132533097,-5.141960498191606,-5.271182400672667,-5.238224595731021,-5.1442566973302135,-5.144749605334929,-5.160011453345489,-5.149629977103436,-5.159721436923603,-5.1598521851106085,-5.1600790877174685
2014-03-11,-4.87417921972429,-4.97596405090671,-5.095085262851435,-5.04014307363955,-4.974505732982183,-4.980076857625745,-5.129371352120504,-5.081478170811531,-4.979444120531975,-4.971390608391804,-4.997476600103732,-4.990240821347847,-4.997474210886185,-4.997548674053737,-4.997556334429937
2014-03-12,-4.733488697409425,-4.9811981592380485,-5.091466895662093,-5.03879690396167,-4.980756523400817,-4.98536443266237,-5.119094141502443,-5.078067132814718,-4.982312690275259,-4.973411469583323,-4.999783095181716,-4.9912886781487735,-4.999615453405408,-4.999743654669815,-4.999863794132148
2014-03-13,-4.81709669180991,-4.769040588225866,-4.843341269716997,-4.8202977180332285,-4.768121295164718,-4.772610794774893,-4.865176736065759,-4.841965943763314,-4.770696686820608,-4.763304932575817,-4.782484158258421,-4.777558741924663,-4.782461302669022,-4.782429790766124,-4.782535636422798
2014-03-14,-4.834952554589221,-4.769207102817718,-4.845941695478356,-4.8453947637080805,-4.766659782772663,-4.771888460296003,-4.890476348941824,-4.881366986695352,-4.775082801510302,-4.768283353237812,-4.786499817803355,-4.775866726576947,-4.786342704149579,-4.786443673550047,-4.786554674152778
2014-03-17,-4.714869426182363,-4.897023137932056,-5.009059519436552,-4.939638267898146,-4.896835154862346,-4.899627247593301,-5.064040354444249,-4.982764381078342,-4.899317121062811,-4.8927604223281955,-4.918616646725996,-4.909043652898804,-4.918645443225053,-4.9185089231967565,-4.918700115468724
2014-03-18,-4.619901200118912,-5.033662781513308,-5.138577834815394,-5.092743565393154,-5.03236577375058,-5.036150422020565,-5.186520080787019,-5.139953276793751,-5.036377243227995,-5.027192970614648,-5.054672272164823,-5.046169895476432,-5.05462877196854,-5.0545551788850815,-5.054760792729997
2014-03-19,-4.701726800663791,-4.646584638842065,-4.762956611282557,-4.703738789337379,-4.642175750457977,-4.647509288022771,-4.823870989221895,-4.749525016984393,-4.655470278189172,-4.643876459770524,-4.6705740268668885,-4.659593358373828,-4.6702991949181705,-4.6703908819548605,-4.670641257311123
2014-03-20,-4.624634902219339,-4.8528932182171385,-4.921599385321654,-4.911902014334915,-4.849884023825214,-4.853309911622212,-4.972930952256273,-4.94744807625063,-4.858816687974651,-4.852735159643909,-4.869794157605941,-4.860023788168077,-4.869597018818472,-4.86957187770267,-4.869827132691975
2014-03-21,-4.687621505119308,-4.766017254969177,-4.850817669320989,-4.8485407416283595,-4.762383950275514,-4.766885419231508,-4.901467472213561,-4.8776448975584445,-4.7700730303565235,-4.754813322285437,-4.784809744197085,-4.776620061625501,-4.784627588757129,-4.784670129678002,-4.784866106076735
2014-03-24,-4.880396978304793,-4.656921483695934,-4.746490906062822,-4.742723912825367,-4.654555894487766,-4.6572559020408155,-4.790609546501955,-4.7773999719816596,-4.660492232207625,-4.651105491870468,-4.675786025499829,-4.666062903992689,-4.675759937897123,-4.675547890594258,-4.675851794987313
2014-03-25,-5.037903286221716,-4.704491721241057,-4.839505726669708,-4.787038497407854,-4.703657056165265,-4.704923648597506,-4.881786231551865,-4.829089576146092,-4.705226807904733,-4.690630691329164,-4.728505238380553,-4.718721205605526,-4.728502690974206,-4.7284063232849025,-4.7286140354457045
2014-03-26,-5.243595649260977,-4.727558396145078,-4.816807517752915,-4.794210959187317,-4.726305128497122,-4.727655029682846,-4.861459702715174,-4.820523902621557,-4.730438519294268,-4.708112484618412,-4.746276978587678,-4.736884733532024,-4.7462486999650055,-4.7461341527845775,-4.746354245852427
2014-03-27,-5.5543153702489265,-4.642730349453563,-4.6582245030121125,-4.7319305590857095,-4.64208018672197,-4.642807623135052,-4.694261629390616,-4.748535070635868,-4.645524248798458,-4.625856633119239,-4.6509289833102585,-4.648104568193781,-4.651098602517933,-4.6508364441303955,-4.650994885972948
2014-03-28,-5.307453277509263,-4.8292864344375,-4.8733511267910625,-4.905178312615522,-4.828370070931769,-4.830018127463568,-4.913914137465311,-4.9272361693171245,-4.832007051131474,-4.818918457035722,-4.841260934143348,-4.832861263691771,-4.840909607216013,-4.8411540495115615,-4.8413209545860445
2014-03-31,-4.965233651138453,-5.072817679288987,-5.087307130651382,-5.150731834431201,-5.07118863695469,-5.0739509299419066,-5.116209873561419,-5.1612187670631915,-5.076159576884887,-5.060350419227439,-5.079625463278708,-5.074062673324997,-5.079588703235413,-5.079561821428926,-5.079663887647993
2014-04-01,-4.833637355692655,-5.128913076591033,-5.169363025435139,-5.2173763844922165,-5.12612405337087,-5.129571080993538,-5.203114680516183,-5.2307479596404125,-5.132555291912726,-5.11826116396263,-5.140315762867641,-5.133305868021234,-5.14019289755174,-5.1402772358657955,-5.140366187233639
2014-04-02,-4.770305339479622,-5.268153593599526,-5.270809863634495,-5.358179294751769,-5.267152139930491,-5.2683047300858155,-5.295645782067182,-5.36284121569292,-5.270168919170436,-5.2603384455442885,-5.273221523584429,-5.269364587126654,-5.273290236179225,-5.273129749199464,-5.273251943827924
2014-04-03,-4.520439377947505,-5.263887401111788,-5.261593228617299,-5.338339333693176,-5.261377711087902,-5.263358143738506,-5.272219283814226,-5.326969644230373,-5.265202882155371,-5.243855962090657,-5.266571479867518,-5.265128557228024,-5.267920438741372,-5.266626407918107,-5.266588802573671
2014-04-04,-4.4498095020125,-4.80695683708962,-4.817212603716508,-4.896607397827474,-4.806575069638855,-4.805222966637174,-4.837830466669891,-4.909783456124682,-4.807098982433726,-4.777971640141527,-4.812933318794724,-4.8084300841549314,-4.812872464121042,-4.81288836967342,-4.812983906199733
2014-04-07,-4.514588139714394,-4.652264161705999,-4.677463474842682,-4.731709538089798,-4.653034000300801,-4.649526905742489,-4.700184013497307,-4.749604352434847,-4.652480771120439,-4.626084189178414,-4.65979955323198,-4.653814654982127,-4.659625995583907,-4.659754241048849,-4.659859292068479
2014-04-08,-4.22953759462262,-4.775557317736159,-4.73835177493046,-4.8466184991610115,-4.77475268001836,-4.775097425771233,-4.751297225269276,-4.843750466087867,-4.776045747483449,-4.772698589160641,-4.773772969604569,-4.773858713642094,-4.7737634725368325,-4.773730702129436,-4.773796652705414
2014-04-09,-4.196415690930033,-4.900786871377859,-4.898100312830927,-4.99515539973696,-4.89465455607275,-4.899210499579439,-4.916557473216262,-5.00566885413798,-4.901838481113906,-4.888497053900326,-4.905107994897495,-4.901784545750652,-4.905116448978866,-4.904981537511231,-4.905144098157114
2014-04-10,-4.340319711851576,-4.482115390733038,-4.5350644201310235,-4.563436460677784,-4.477864698052601,-4.479576906478864,-4.556302432875846,-4.590650091293362,-4.481296021284458,-4.4692454894023586,-4.493048431681217,-4.486504724416271,-4.492862381587176,-4.493067859114417,-4.493123542252778
2014-04-11,-4.563832750742352,-4.449242518649193,-4.4775987616193245,-4.525310971271143,-4.447429923203864,-4.446075212067418,-4.496743878254077,-4.539914693986047,-4.4479873894871895,-4.428523359695508,-4.456766282823,-4.451146234566318,-4.456778991716672,-4.456626713792653,-4.456812317612604
2014-04-14,-4.7213104129630175,-4.612608200780218,-4.690742661979894,-4.672087065436701,-4.609819937938405,-4.609699126954927,-4.729516133871195,-4.700757314638352,-4.6113285037344625,-4.600358555752861,-4.628036945460051,-4.619575261193647,-4.627866070045651,-4.627943397416194,-4.628108623796889
2014-04-15,-5.465262716034973,-4.205790330118916,-4.316365803729723,-4.2769826776491,-4.205835155224029,-4.20407627427972,-4.357438798592873,-4.311051276618095,-4.206340902287054,-4.1967184941311055,-4.226530175346166,-4.216603501715255,-4.226357502089281,-4.226387778930652,-4.226622714857318
2014-04-16,-5.492315242119322,-4.5848540615831626,-4.647870478014567,-4.650965413039477,-4.582268379206424,-4.581550484945565,-4.675045221276845,-4.675202069125775,-4.5834549399868365,-4.559013725752304,-4.596844736331606,-4.590446082319164,-4.59685420403581,-4.596696458179428,-4.596887554539254
2014-04-17,-5.383366030772121,-4.732575459883331,-4.739187573448575,-4.809193841282329,-4.730845919539268,-4.730462413610585,-4.74922805466495,-4.806527110957931,-4.732142571722698,-4.711161197523617,-4.735635699182082,-4.734388854326575,-4.735520649131556,-4.735517517290582,-4.735678773169897
2014-04-21,-4.909255597845444,-5.041771336323339,-5.025018371667531,-5.124827409572612,-5.03932147921579,-5.040128345108427,-5.040813047291656,-5.117871026255236,-5.041672511485642,-5.020993492906307,-5.042641687697591,-5.041336858131977,-5.042520389630226,-5.04261564279291,-5.042681860029035
2014-04-22,-4.861056867241454,-5.125475112956687,-5.089157236741999,-5.218098356071264,-5.1211541525302895,-5.124658513242731,-5.110716378646301,-5.221154259910976,-5.124047488395974,-5.123034581476548,-5.125473987030257,-5.125794237476633,-5.125613423753893,-5.125405066294111,-5.125498288093877
2014-04-23,-4.822773268305135,-5.237415133125408,-5.1403362734899805,-5.339188384832534,-5.238339416672552,-5.236320986564362,-5.152269086819321,-5.328649126547613,-5.238250327120761,-5.229405836260182,-5.228668401014548,-5.234573853575959,-5.228667535474252,-5.228658137815543,-5.228686227782003
2014-04-24,-4.894162250423563,-4.973044870397735,-4.916168146400356,-5.049781189320913,-4.974389646191812,-4.965459202187034,-4.926442779150098,-5.032434908759666,-4.973578632967941,-4.933289170419594,-4.9683622350390815,-4.973097743218667,-4.968628889683266,-4.9682708142933745,-4.968377132043622
2014-04-25,-4.8912428648118516,-4.919527325606786,-4.92736049494959,-5.007637017394051,-4.919962374692895,-4.913998188307334,-4.9557723697343565,-5.022192744918108,-4.919535376048627,-4.889362523805433,-4.925359147809807,-4.921684571234755,-4.92567880196621,-4.925303664509089,-4.925401002715109
2014-04-28,-5.2568447848830075,-4.553907127456445,-4.563884275493295,-4.635862073949176,-4.555821376719841,-4.54905440829826,-4.59373316644239,-4.660021861107973,-4.553863038479635,-4.535541455257406,-4.560672882842797,-4.55503634023898,-4.560433971612706,-4.5604687690738,-4.560727730473955
2014-04-29,-5.1992838536246655,-4.9882091337756735,-5.028148359836963,-5.085437365972661,-4.989590733623049,-4.9811794664969335,-5.042216402799018,-5.11722709159194,-4.988856934774533,-4.960541041900452,-4.995901525845122,-4.991588246119168,-4.99607221418556,-4.9960094447240895,-4.995954338837624
2014-04-30,-4.822656641573319,-4.953486757954259,-4.902709875910279,-5.0343583151800395,-4.94991027423597,-4.949575272387702,-4.905124016660077,-5.017634154238041,-4.9527022652974715,-4.93618686090536,-4.949059951643449,-4.953584943471332,-4.949449465628222,-4.949103222481341,-4.9490695905220115
2014-05-01,-4.725344415844831,-4.975415282801017,-4.92037053511697,-5.073652035344351,-4.970696453638375,-4.9724922689267945,-4.92771812752928,-5.074326626879894,-4.973208170561196,-4.972867929684501,-4.973063544932866,-4.975584980176272,-4.97327042674772,-4.972900196863529,-4.973087104942957
2014-05-02,-4.714816818005608,-4.784022191521896,-4.834237420500516,-4.858284019655885,-4.776614519457048,-4.7797553822689,-4.874982796608645,-4.877084241292273,-4.781116751746777,-4.771114578382541,-4.796637448266253,-4.789608982925943,-4.7970631740413525,-4.796502714014386,-4.796673409121154
2014-05-05,-4.7979588389950045,-5.01785989830862,-5.0543540185473095,-5.086930319008724,-5.013339528895831,-5.014601479960696,-5.0776657228483275,-5.115377596933492,-5.015216784505931,-5.013018268029684,-5.025796315283501,-5.019275262894649,-5.026114275702107,-5.025694743990609,-5.025848068114918
2014-05-06,-4.87395149899522,-4.962218574918345,-5.057581561335495,-5.028643115474062,-4.9608076541787725,-4.956380402155987,-5.093974195331195,-5.070242635044548,-4.960157169068112,-4.945772271910703,-4.978988873283119,-4.968924393844075,-4.979077260994544,-4.978911487622039,-4.979060193936647
2014-05-07,-5.313267607081654,-4.512903695006164,-4.578360712440751,-4.572542854153845,-4.512844938415854,-4.505937682449185,-4.605732721646967,-4.611428756833143,-4.512508571788994,-4.495622460005889,-4.525000755090557,-4.516565692188991,-4.525097160436362,-4.524889703233984,-4.525070057471256
2014-05-08,-5.188777634246141,-4.71365343011951,-4.785968800878538,-4.770637814704589,-4.7140158125280776,-4.706255017012886,-4.813865995087129,-4.802350753374168,-4.713675937903193,-4.693295317576957,-4.72737626638886,-4.719511353301829,-4.72735604682637,-4.727204398745421,-4.727462354214924
2014-05-09,-5.291391123101178,-4.715218135979756,-4.802011164237338,-4.792544697235978,-4.718433637950301,-4.701085937536864,-4.845769674486407,-4.826997222797021,-4.716065605686759,-4.675526664115817,-4.7320639818574985,-4.720467932497813,-4.731855882071936,-4.7318739006884565,-4.732138923049331
2014-05-12,-5.245120007331133,-5.288116047252919,-5.235756928858071,-5.3566087265577735,-5.284826795982401,-5.282664813106737,-5.247218658925803,-5.361305973787224,-5.286582841202323,-5.27255635568036,-5.284485864650745,-5.28643794505036,-5.284565786080412,-5.284350447835674,-5.284487102498034
2014-05-13,-5.13340702248799,-5.1399839235349685,-5.220517040365498,-5.19668542214726,-5.140209335115172,-5.13062401714759,-5.2553796802492645,-5.2325982216334985,-5.140169488480348,-5.117683329708562,-5.155099228423832,-5.147086923565041,-5.155216858325512,-5.154873049109979,-5.155159384766096
2014-05-14,-5.1348504050637445,-5.181680540529083,-5.253384955247774,-5.232936862584125,-5.180605997384383,-5.173145913422981,-5.2868356971698836,-5.263715811637658,-5.180938221454421,-5.1663754370762005,-5.19484233346721,-5.186982704226695,-5.194734367898139,-5.194640861683496,-5.194905153504834
2014-05-15,-5.50296903671775,-4.774144197128725,-4.847071224033513,-4.829531944769333,-4.775471564161752,-4.76711723631997,-4.871401585146482,-4.862680826408079,-4.775378148237453,-4.756897252671218,-4.786219783524868,-4.779142043070722,-4.786269319338849,-4.786172179994659,-4.786289552236749
2014-05-16,-5.777372837591991,-5.062897879925628,-5.139161874161323,-5.130858721200296,-5.0598411365913245,-5.054727835732883,-5.175596283986648,-5.159601899578798,-5.061360194156387,-5.044513409460173,-5.076740230863961,-5.069873193916289,-5.076929523671883,-5.076639531010873,-5.076802425847783
2014-05-19,-5.853563220412281,-5.298704483221523,-5.320735586518567,-5.369503979949471,-5.292977808070722,-5.2957331433453865,-5.3509140525625085,-5.3866401672215245,-5.295550506018972,-5.290621387758863,-5.305982423243894,-5.30136891684891,-5.305882976136711,-5.305866805820547,-5.306022482644298
2014-05-20,-6.157865808357989,-5.030290557262416,-5.098985511554604,-5.0879913646623915,-5.027564918619364,-5.024559443930607,-5.138146347818602,-5.1302582843999875,-5.028557332093927,-5.019214756623803,-5.043824255544915,-5.034562465611976,-5.043612785670651,-5.043621920816118,-5.043872604156673
2014-05-21,-6.307495678449596,-5.183821092289476,-5.2604996903818,-5.230740518682268,-5.182596388124576,-5.180721408284506,-5.299411963012277,-5.277597116235733,-5.183299800589518,-5.17718983022917,-5.197810562051689,-5.190312778102424,-5.197967419223972,-5.197732306489236,-5.1978656198311395
2014-05-22,-6.388055476062572,-5.356021195883597,-5.4251892030876245,-5.447835138507375,-5.355846401673857,-5.352100749249023,-5.477020808858975,-5.485699908422613,-5.355964104198145,-5.352491201862059,-5.3721521790994125,-5.363463703531084,-5.371924267124066,-5.372097547022191,-5.372218035890265
2014-05-23,-6.106058802862664,-5.806446802728717,-5.703269493933156,-5.877671548149808,-5.80640083002048,-5.804330553898356,-5.708667462564531,-5.851424624499637,-5.806690176435642,-5.800482552976777,-5.797627199765178,-5.802439822399784,-5.798116910367659,-5.79765988276998,-5.797615961579676
2014-05-27,-6.019181446015255,-5.652484865846844,-5.643521008492887,-5.719540873579448,-5.649151231223846,-5.650652821077513,-5.678223957931597,-5.718090868223282,-5.651827602289261,-5.64894534632664,-5.6571212433304,-5.653346898349136,-5.65685783431506,-5.6570288660073285,-5.65714150393965
2014-05-28,-6.048986739995953,-5.656764230048195,-5.645243139377341,-5.714594890097229,-5.656923920925949,-5.650862588357591,-5.668962881621219,-5.7257158945106115,-5.65675264342884,-5.643333989782497,-5.658619449515684,-5.657404201996681,-5.6586601446302005,-5.658545506307576,-5.6586475826237415
2014-05-29,-5.90508752416602,-5.725157631832411,-5.752033808139084,-5.7803957177364325,-5.722984483180729,-5.722197914368512,-5.780784037098204,-5.795881564559334,-5.725053657540389,-5.719847210982712,-5.732653327237255,-5.728820616505884,-5.73285631953097,-5.7327052486594035,-5.73269976122196
2014-05-30,-5.968788395308738,-5.751786664291216,-5.787513465692597,-5.820245942595668,-5.748938264845255,-5.7489547073527,-5.828398656363122,-5.846208201239518,-5.751306351428217,-5.746627988611162,-5.762613251125937,-5.756684705877751,-5.762372989426327,-5.762488749055292,-5.762640533547252
2014-06-02,-6.106030342427182,-5.50678032475465,-5.55485018434256,-5.560471075071881,-5.504315334473471,-5.502643041584765,-5.592840168983531,-5.580229877792795,-5.506232303547113,-5.495773705781312,-5.517124411095188,-5.510060084616753,-5.516903788178855,-5.517007482626459,-5.517148531542026
2014-06-03,-6.200355020349782,-5.600170485925816,-5.669036214477327,-5.620251549709024,-5.596803004731955,-5.596578152833786,-5.711790111237646,-5.646612739051926,-5.599426195912633,-5.590551433933919,-5.612951367566533,-5.606650434085454,-5.613060182922944,-5.6127855290852615,-5.612993842140302
2014-06-04,-6.137666525700782,-5.758928987062681,-5.785165167450307,-5.797911175832085,-5.7561070321313075,-5.757326474511072,-5.82175495133051,-5.79763710165501,-5.7584174266398005,-5.7562939724141104,-5.766327740373302,-5.760880269645591,-5.766256440558976,-5.766156935072146,-5.766344329764147
2014-06-05,-6.127666237773403,-5.458624475541733,-5.534267099557473,-5.483352524677982,-5.4565482836729915,-5.457081581478374,-5.556989252842295,-5.513889861156812,-5.458057918112982,-5.458096245053641,-5.469721243050807,-5.462084710796875,-5.469676046772587,-5.469686955126136,-5.469769620037436
2014-06-06,-5.854441834968291,-5.854562087883794,-5.811384550553487,-5.877634767928485,-5.852001704420966,-5.852357360086216,-5.824600814153502,-5.8676608228131455,-5.853741302734538,-5.848956152525355,-5.850952538578142,-5.853688615607391,-5.85115349710271,-5.850929063625625,-5.8509338384777525
2014-06-09,-5.729377332679807,-5.788510012523318,-5.78982483690095,-5.814530797398098,-5.784255928906667,-5.7866696386070275,-5.796338679459262,-5.827217964037102,-5.787508725882593,-5.786254529196247,-5.78963278201287,-5.788899981521741,-5.790316109609318,-5.789589778370699,-5.7896375641566005
2014-06-10,-5.614303986496359,-5.912516903842379,-5.886794662586621,-5.950688555591876,-5.908123726545254,-5.910279821394326,-5.885779529711993,-5.956642289428571,-5.911129596738118,-5.9090577452714985,-5.909753666349258,-5.91199050549213,-5.909928253181255,-5.909693992623098,-5.909736808896568
2014-06-11,-5.518033343573709,-5.7871406216613455,-5.839623061944116,-5.801733586395083,-5.781155369353509,-5.783941524131127,-5.842440060357682,-5.819976658471729,-5.784597664854384,-5.7793506010049,-5.7935365031064725,-5.790462503811168,-5.794266775114857,-5.793405580526758,-5.793535385505956
2014-06-12,-5.607816482762465,-5.6037490242170325,-5.632244878641251,-5.652383351861225,-5.597519544124316,-5.602456655690733,-5.656252090083043,-5.668655343759435,-5.601294307684915,-5.60391421713123,-5.610883869399286,-5.605930694949201,-5.610908580767805,-5.610792212994157,-5.610907714696947
2014-06-13,-5.836025000718406,-5.474869726621297,-5.562067136305604,-5.490175351232468,-5.467299414341555,-5.471143392345309,-5.5895935164194395,-5.518957984336931,-5.471061965631055,-5.464934916049188,-5.488011761333009,-5.482310334655008,-5.488189233088739,-5.487841082624929,-5.488048304741687
2014-06-16,-6.017725517645228,-5.499560741872434,-5.552469076941308,-5.5434477778279225,-5.4890734949064095,-5.495819836740395,-5.605446188007114,-5.5551258360135884,-5.492457324485155,-5.491435525115972,-5.512551181747341,-5.505224497037441,-5.513004349939379,-5.512426912843874,-5.5125843033250135
2014-06-17,-5.998336069080511,-5.530596971475936,-5.531134654544018,-5.521282851172995,-5.525547953533585,-5.529653856464756,-5.560728346463461,-5.522478021500019,-5.527300024149589,-5.528124430019403,-5.534488049326254,-5.531811445886013,-5.534314901407921,-5.534255864908328,-5.534487697976001
2014-06-18,-6.083470658912828,-5.459933165965301,-5.49324306665249,-5.487809640980524,-5.448912819643496,-5.458583573263422,-5.543616059819156,-5.507151492680438,-5.455546221742529,-5.457918360979924,-5.470323435182064,-5.465843343184348,-5.470305268265612,-5.470209354062081,-5.470339636920013
2014-06-19,-5.775618786737985,-5.6788593862236745,-5.675655185854204,-5.705418401962663,-5.672172769306185,-5.678021817278582,-5.709924611338329,-5.702202859296553,-5.677663573495466,-5.678154891315853,-5.683701994152468,-5.680585087681081,-5.683679056390275,-5.68363102600947,-5.683711645447241
2014-06-20,-5.701861270787846,-6.053822111380654,-5.953600795884216,-6.088405389680599,-6.0478983210540855,-6.052643077045713,-5.961904666643817,-6.056921203087228,-6.052731784610836,-6.050395492145974,-6.044566075302529,-6.05047174407656,-6.044721239327076,-6.044726108294865,-6.04452926304224
2014-06-23,-5.6971933166393205,-5.964128842156805,-5.9157693370884585,-5.983833594793898,-5.958721617135498,-5.962973253670727,-5.928883710784164,-5.987811965918991,-5.962096002861669,-5.959852087088885,-5.959726899068088,-5.961752642248969,-5.959893646573381,-5.959788084827975,-5.959709110143757
2014-06-24,-5.796951159635565,-5.651131753572484,-5.684876300273634,-5.644817954225353,-5.652432846687291,-5.648954605851873,-5.697968228587676,-5.6542739061063925,-5.652423841447551,-5.643828913748529,-5.655590034603954,-5.652481050545768,-5.655636750479798,-5.655719040363874,-5.6556358741439094
2014-06-25,-5.916072556876018,-5.718873382299763,-5.638474659004702,-5.74023301580291,-5.716568905482279,-5.71772551448833,-5.625930689417361,-5.718203759248523,-5.719019826239703,-5.7135004617979845,-5.709281479601784,-5.717493478436993,-5.709961273596771,-5.70942712013672,-5.7092823251227465
2014-06-26,-6.32463143510126,-5.395848009657,-5.5273440787388095,-5.397983624147575,-5.395047946272858,-5.3958140295837635,-5.565935100155511,-5.438781712481485,-5.3962449647056205,-5.392169011409488,-5.41326530024387,-5.406463359344377,-5.413287115569255,-5.413201197300475,-5.4133452897568395
2014-06-27,-6.376512597118601,-5.724665805419336,-5.712671209788964,-5.739090038096029,-5.720345976769904,-5.7235073999335135,-5.728652526414948,-5.736643362954838,-5.722663967976092,-5.7198425064481455,-5.7248536120054885,-5.725140939406088,-5.724772436448273,-5.724966637803417,-5.724852908937672
2014-06-30,-6.049772736144842,-5.83065563534238,-5.764318208696297,-5.867690834706984,-5.823394229560792,-5.830528545950777,-5.783941330120019,-5.861650371288784,-5.8260523231413295,-5.830819380314866,-5.826510437791637,-5.8298630980009305,-5.826583249650426,-5.826477109041889,-5.826487103219943
2014-07-01,-5.9715953438648475,-5.746254007245939,-5.703157340645691,-5.7900118893636945,-5.740989752901774,-5.745315744463356,-5.724384488475355,-5.799657961162294,-5.741960007807816,-5.7434686140027225,-5.744898280956289,-5.745705766842798,-5.744986352329966,-5.744879075289914,-5.7448886403337855
2014-07-02,-5.800638494088183,-5.914831620332148,-5.823703825488537,-5.936047691532484,-5.9065852415837625,-5.914081780187511,-5.8327326466571465,-5.916796019787485,-5.909877456454838,-5.912315499332545,-5.906616504720902,-5.910820745211046,-5.906632965683397,-5.906588617096222,-5.9065790142316015
2014-07-03,-5.7663086737115075,-5.950382339775131,-5.907250086086388,-5.993154579181439,-5.939354874481554,-5.949490749919973,-5.921059652169441,-5.992492149561461,-5.945229112574198,-5.948972112774941,-5.947314545232801,-5.950677074568323,-5.947587717472486,-5.947446851250295,-5.947322172585026
2014-07-07,-5.807821631801854,-6.002731659096177,-5.969028317714536,-6.037531532131824,-5.997192518974784,-6.001223961632125,-5.976600321087854,-6.042664312915824,-5.999212340068731,-5.998320268213703,-6.000344056235704,-6.002814431368457,-6.000420304357032,-6.000436322172037,-6.000343122587607
2014-07-08,-5.579339396906395,-5.574167449600582,-5.588044272308801,-5.583206470008132,-5.571165891586655,-5.572744876269187,-5.592391746469991,-5.600514717018364,-5.572421376929699,-5.569683509461389,-5.576508430171474,-5.574838973398998,-5.576532872640414,-5.57652612739206,-5.576506157622315
2014-07-09,-5.652505532044761,-5.677568334969211,-5.688301647972001,-5.710695612924874,-5.670380829446047,-5.67524595723619,-5.711988156552191,-5.721924327229495,-5.6727518130205405,-5.671531377805564,-5.682620653988842,-5.679930847579971,-5.682656676139327,-5.682491128639011,-5.6826224871966575
2014-07-10,-5.343130820321409,-5.5598995257690325,-5.535786770634925,-5.570862414446303,-5.558241745668646,-5.557040539691422,-5.531889231757924,-5.566417372125142,-5.559354452848848,-5.551675106011828,-5.55614589689398,-5.558308890276557,-5.556197222682992,-5.556174874206874,-5.556138016407897
2014-07-11,-5.319950151200824,-5.692879885029467,-5.721552115459984,-5.686273238272976,-5.6903037387495985,-5.691546570952873,-5.736643769196783,-5.703291380313905,-5.69182457836625,-5.689571785879232,-5.696262842541639,-5.694789209282861,-5.696247183955207,-5.696193700323783,-5.696281887251901
2014-07-14,-5.264147195901934,-5.980205112567743,-5.910208705852018,-6.0082603464297755,-5.973224480337995,-5.976938081934315,-5.903645803734791,-6.0060872090534945,-5.97610973508599,-5.969744589216154,-5.973210658441867,-5.977643116454295,-5.9735245346436425,-5.973319719480398,-5.973193697137516
2014-07-15,-5.553943823060968,-5.228401685277191,-5.400193370849249,-5.265511516316878,-5.226498398736551,-5.223206193683964,-5.4511576940465565,-5.31670448905693,-5.228831610549753,-5.214749434241476,-5.252111438522007,-5.24195952063973,-5.25201334101199,-5.251988040199438,-5.252203346616209
2014-07-16,-5.553664917373138,-5.744832862680156,-5.646215917521515,-5.773029341425309,-5.74177059229685,-5.743314017800057,-5.646326044377228,-5.745014964982495,-5.74202117831732,-5.738406777238141,-5.735465098164508,-5.741832158386695,-5.73566456688827,-5.735530624433698,-5.735428131155186
2014-07-17,-6.116956148679054,-5.102134325401213,-5.252545652929892,-5.13591446816233,-5.097898282530762,-5.098457503304358,-5.297467193406853,-5.176604272212513,-5.099590049882442,-5.09244663159351,-5.122906022625895,-5.115002275375845,-5.123064697396512,-5.1228742995736525,-5.122988859420106
2014-07-18,-6.080123193691978,-5.479266804647166,-5.534520497220544,-5.4983949919154185,-5.47312717743466,-5.476644163058336,-5.5566967775628715,-5.4927578430733695,-5.475801465771344,-5.469080779924904,-5.487096585965499,-5.482147749290666,-5.487192470194207,-5.487156532584678,-5.4871075561349345
2014-07-21,-5.8988536039230715,-5.535088635653399,-5.6162767970405225,-5.57174164874049,-5.531855511241735,-5.534217540410842,-5.646133034264455,-5.593431029442387,-5.533485065507888,-5.530208394928411,-5.5472530110210245,-5.541429749872629,-5.547394427297951,-5.54723302132812,-5.547284367259743
2014-07-22,-5.587620517234842,-5.652221792390211,-5.686887875944213,-5.685541696488449,-5.651203183118804,-5.651799566781185,-5.6958888441346955,-5.7004544290564185,-5.65240293478753,-5.649340964375707,-5.656452124157299,-5.655464692894542,-5.656426033859739,-5.6566558835382725,-5.656503563620285
2014-07-23,-5.230307982487252,-5.702261933160424,-5.701500874830828,-5.735041725395121,-5.703419418613593,-5.701302209980936,-5.701540960830218,-5.746130156992702,-5.702657405822929,-5.6970396571032085,-5.700919272494942,-5.704237524349936,-5.701557945437842,-5.701084287642409,-5.700941898103455
2014-07-24,-4.9344779321919905,-5.846376506742356,-5.73851103276108,-5.888329246665973,-5.845405652921967,-5.84335409718794,-5.719978948935746,-5.867057229797413,-5.844552354500199,-5.836509763066127,-5.83369378450606,-5.844027298303878,-5.834599622993771,-5.833858949618994,-5.833651677918029
2014-07-25,-4.655142251267938,-5.652220681362948,-5.736504450644217,-5.691568218224652,-5.647371664191107,-5.6485177669927245,-5.746825566198794,-5.719250353189156,-5.6469051056746515,-5.6398500280337736,-5.661931749615107,-5.659565921361521,-5.662059100333129,-5.6619643093366525,-5.661935948761039
2014-07-28,-4.65242723889961,-5.492183855650866,-5.583779889384364,-5.529527109995676,-5.486298878431389,-5.487189277418781,-5.603988774655773,-5.554796075058225,-5.488340247741789,-5.477477698650371,-5.503879285266543,-5.49809903658409,-5.503785113962682,-5.503912361947764,-5.503900616023461
2014-07-29,-4.524732071939127,-5.271773198415494,-5.435936532914299,-5.2881760952003285,-5.259839068808347,-5.2659615609469865,-5.4540919135509105,-5.314209583442365,-5.260054071704396,-5.2553153200384575,-5.290420551858485,-5.288166332593082,-5.290602495482474,-5.29040105364755,-5.29043461369671
2014-07-30,-4.5487732427851535,-5.0471373461125735,-5.148227896753695,-5.095730097613734,-5.028162823242162,-5.045326512196809,-5.1669814244557095,-5.129982259811538,-5.03186525836173,-5.040777898703848,-5.059544083302768,-5.057324590074035,-5.059793544982213,-5.059597127408863,-5.059563404747658
2014-07-31,-4.558433740160609,-4.899625689788727,-4.944668777898137,-4.966639656513216,-4.89282704621836,-4.895603853868852,-4.9556302596025,-4.989959201381509,-4.898347045253832,-4.892597172473148,-4.906406484003644,-4.905194084346581,-4.906783092019166,-4.906511077704016,-4.906437883339796
2014-08-01,-4.716085256857697,-4.695139857805825,-4.760919014918852,-4.745538801628094,-4.685028664708546,-4.690616522827442,-4.768969444941104,-4.785743506073212,-4.685344517670264,-4.682424008625754,-4.702833751603187,-4.6995691203128365,-4.703395919580784,-4.702852468078393,-4.702878147269624
2014-08-04,-4.75556651392065,-5.035615707846944,-5.096819333416356,-5.105150263948154,-5.018906337610222,-5.034522247344607,-5.139163846718725,-5.128936433340555,-5.025775300607716,-5.032412205738811,-5.048342939585177,-5.043188715202129,-5.048382167651209,-5.048378283985242,-5.048411215476429
2014-08-05,-4.914526747743662,-4.6514778088602045,-4.73703608733689,-4.7032167109463066,-4.647212361061604,-4.647399854505262,-4.7697358303754935,-4.736669739335131,-4.653504695145488,-4.643969234286708,-4.663351078473646,-4.656941164065879,-4.663343938571236,-4.663414334556975,-4.663429176359831
2014-08-06,-5.097988572547277,-4.78782299510826,-4.900306750095799,-4.869278424401184,-4.77692763813142,-4.781584828254883,-4.945114545226233,-4.915505574108342,-4.785646568959603,-4.7781405576606995,-4.805151921359654,-4.797507955699542,-4.805284086404866,-4.805220229479831,-4.8052595951797965
2014-08-07,-5.452071886421243,-4.7153105335351455,-4.904939561996194,-4.769365958745052,-4.704933849059556,-4.713455155654454,-4.958778542143497,-4.825504118744525,-4.712634951052042,-4.714276906084079,-4.740514313633608,-4.731019233319131,-4.740448676897315,-4.7404645172314055,-4.740630295830931
2014-08-08,-5.007090012597773,-4.864131629931404,-5.133973273371053,-4.926987012134444,-4.852657727140128,-4.86171206301892,-5.212624560757601,-5.021207995706431,-4.853518514492396,-4.85792534230168,-4.900599887755844,-4.88755361557647,-4.900392268285058,-4.900474404784267,-4.9007265727771125
2014-08-11,-5.059196458125676,-5.142907079800544,-5.340691475156141,-5.197209079826706,-5.133439230494827,-5.138927966073936,-5.392337379421592,-5.271564471630339,-5.13601405607684,-5.136405418448995,-5.168837572727713,-5.159877043786098,-5.168962370184564,-5.168772324438104,-5.16894343641638
2014-08-12,-5.283784836722262,-4.908911792497686,-5.2121196895896205,-4.957188636776589,-4.901771942025166,-4.904116001283156,-5.2867243634912695,-5.064951775080542,-4.908752125240974,-4.898371273517497,-4.946952265403694,-4.936401037516773,-4.946691461912227,-4.94690963945115,-4.947108094959413
2014-08-13,-5.277008714545822,-5.299975814734739,-5.484032762414316,-5.3605559923808865,-5.2941712443514914,-5.296151432102879,-5.535308561778337,-5.434742230913178,-5.298406263971473,-5.293522095546428,-5.324552942222346,-5.31448654312501,-5.324366807458984,-5.32456614893162,-5.324651981992666
2014-08-14,-5.276929765130204,-5.567382541614913,-5.6801539231707086,-5.631610276309865,-5.564656432257521,-5.56025104649882,-5.7159875346002265,-5.666750467067822,-5.56947712002154,-5.555292595984237,-5.583324853797689,-5.576449917848209,-5.583258004959752,-5.583359306187484,-5.583409677942456
2014-08-15,-6.180086258370263,-4.615873037829223,-4.91844732321856,-4.682022617296005,-4.600200877283179,-4.608614625939596,-5.014956530371553,-4.777536984971214,-4.602826690742095,-4.598957502491208,-4.6569785392091365,-4.6485628629438,-4.656728062494103,-4.6568054552177625,-4.657108590950546
2014-08-18,-6.181660601821632,-5.450606158333281,-5.573835053814337,-5.490836391952486,-5.449275985914087,-5.449333919773064,-5.604632353215717,-5.528299741750644,-5.45521345855084,-5.447712601582805,-5.466690946889212,-5.460908516653358,-5.466955031079163,-5.466801378070214,-5.466759995247669
2014-08-19,-6.153679921447675,-5.640558878634426,-5.702347629430028,-5.700797711700066,-5.637989583038635,-5.638093682312637,-5.732163873473066,-5.728642913895086,-5.638197876338938,-5.636395355682536,-5.651460302514764,-5.646310676917411,-5.651497800694122,-5.651548809086839,-5.65151798242387
2014-08-20,-6.286230516361847,-5.329696335304202,-5.553160521445687,-5.415417583934263,-5.326870048645346,-5.32825441563712,-5.623112882575979,-5.49409893830029,-5.326961803025677,-5.328594056906975,-5.361681135166754,-5.350420067211009,-5.361649751457311,-5.361592493521708,-5.361785075885761
2014-08-21,-6.244224187684289,-5.514278144371959,-5.586588973602143,-5.571452829587997,-5.511804091292172,-5.513633637914546,-5.633889704241592,-5.611270210401458,-5.511046615616305,-5.513489929963896,-5.528017958042931,-5.52021199209546,-5.528020060574241,-5.527940071296277,-5.528073406774622
2014-08-22,-6.520080827243089,-5.421631512461799,-5.622778861798253,-5.483651745571015,-5.412160273801995,-5.420208780666058,-5.687850072462885,-5.565715937326328,-5.41467279330096,-5.418807234936002,-5.450791414422128,-5.439570361554857,-5.450684371044264,-5.450661435166959,-5.450884974774285
2014-08-25,-6.327539586504874,-5.779279523701035,-5.8965146582753984,-5.832362270141769,-5.775060384158222,-5.7779102797878075,-5.945236587905233,-5.892053406411606,-5.77553715940139,-5.776006054963916,-5.798499210440042,-5.790773710471827,-5.798233371901672,-5.798462046697701,-5.7985490299221185
2014-08-26,-6.22096787514822,-5.81114480776132,-5.920016145584065,-5.882324641982594,-5.8058306669435815,-5.810285144995822,-5.956590022897618,-5.926971658872683,-5.813075298272529,-5.809735460110793,-5.82888003151318,-5.8231473309926045,-5.828908285103253,-5.828866094335748,-5.8289271313177125
2014-08-27,-5.974851782783777,-5.851476423778822,-5.968204387922541,-5.927037051775074,-5.847230541494591,-5.8492885218679325,-5.994673822464975,-5.986000456489509,-5.851617966321635,-5.844260066254306,-5.86772684701394,-5.860391050669156,-5.868161522465346,-5.867857800303446,-5.867786871257179
2014-08-28,-5.7935580019501085,-5.729339645783047,-5.876854466432711,-5.801320385114454,-5.723837441618918,-5.7276244533093905,-5.940459506727484,-5.873791753158481,-5.722545930136105,-5.725352502625599,-5.753505441600909,-5.743965352107461,-5.7532752752693135,-5.75341792084765,-5.753575773196024
2014-08-29,-5.698439549972902,-5.830427931029487,-6.028650900693815,-5.895791360053765,-5.827500725128339,-5.827883368485954,-6.072209912941709,-5.980787036572268,-5.831395447689476,-5.824027350023558,-5.856659321880651,-5.848059362330842,-5.856659215477886,-5.856718386023711,-5.8567641508971375
2014-09-02,-5.56447370373123,-5.640656411686759,-5.690753953675577,-5.725255935401804,-5.630991498999294,-5.639207499265943,-5.729857046177266,-5.757220057041054,-5.631980251242127,-5.636477512657372,-5.651766838783449,-5.647338425955692,-5.652198029321388,-5.65184178959028,-5.651818135802111
2014-09-03,-5.368709889953886,-5.725295086913649,-5.851122014080192,-5.766823922281852,-5.7182954672295585,-5.724314101565303,-5.878537163950625,-5.8124076107643985,-5.720840492001382,-5.720690766262019,-5.742073126744264,-5.735400374555155,-5.7421508321212,-5.742101105428532,-5.742125924343917
2014-09-04,-5.380062201632005,-5.473717368151063,-5.636384297939749,-5.514833195407019,-5.472880459455046,-5.4707734519409525,-5.664800016622367,-5.573010965737915,-5.477421000005358,-5.467610171274581,-5.4945965177791365,-5.486109616148579,-5.494541457888085,-5.494726893839722,-5.4946982576809305
2014-09-05,-5.323167098448776,-5.4228951668656205,-5.564146414513785,-5.450493570420244,-5.416509579455259,-5.419858786309364,-5.595234546244764,-5.496954265338213,-5.41646405730552,-5.4184172565727335,-5.440776937494643,-5.432920573749537,-5.440667735986012,-5.440633267769416,-5.440831002846549
2014-09-08,-5.306818675374848,-5.498615390038044,-5.614272367780252,-5.5593526573479775,-5.489808768196731,-5.496970460211977,-5.658921838655815,-5.607318223419182,-5.488482152340585,-5.493933365976852,-5.516462912291145,-5.509162490694571,-5.516567723779627,-5.516547655973363,-5.51651462458967
2014-09-09,-5.335338277417941,-5.328696925031715,-5.508440627903577,-5.360951060664933,-5.319181201752347,-5.328205388108114,-5.555892743769554,-5.429145831820559,-5.320380459773586,-5.327850514480248,-5.353403437896913,-5.343855292359393,-5.353193977452782,-5.353375373525884,-5.353481691557244
2014-09-10,-5.248495883112012,-5.2218358516747285,-5.3941229442224685,-5.2315311290409054,-5.212678618424004,-5.221518307273503,-5.4127359960121115,-5.287331681371312,-5.21734874643951,-5.220998847285395,-5.241884212545983,-5.235938857836043,-5.241777666190867,-5.241791781178717,-5.241947311626701
2014-09-11,-5.303289006298918,-5.388427249669255,-5.552193998639237,-5.3983506263853425,-5.3765399767350255,-5.387805883698885,-5.572767864633784,-5.443026526282715,-5.382675181216295,-5.387029225747977,-5.408707173673832,-5.401330982805442,-5.408636381796148,-5.408747848537654,-5.408790833491943
2014-09-12,-5.40170711764157,-5.246582355077384,-5.402689108298824,-5.271167765314643,-5.2251912427589495,-5.246732154151889,-5.442794204270659,-5.31851990018791,-5.217828367876141,-5.24637643153709,-5.267976830409477,-5.261677816944076,-5.268014080749295,-5.2677950937912446,-5.268027584230442
2014-09-15,-5.388730291694224,-5.373242597095314,-5.49937284928209,-5.397844291225412,-5.360583263935282,-5.372033774404227,-5.498769096300728,-5.415331719851838,-5.361229272101082,-5.370211533875289,-5.387288651419045,-5.383591220513011,-5.38751925268679,-5.387257844816283,-5.3873309102635005
2014-09-16,-5.38575384169277,-5.302176067885539,-5.433327664950908,-5.324404327718555,-5.284771362671987,-5.300865818871488,-5.447867063150069,-5.350888143233432,-5.279402117147733,-5.298721562090977,-5.317922544654181,-5.3140063358156375,-5.317884680008686,-5.317855400815626,-5.317952827647902
2014-09-17,-5.569804759277508,-5.121362955285429,-5.146337926682311,-5.144006472092672,-5.103658869888471,-5.121724742136417,-5.161353174094396,-5.131306407172793,-5.101427657868715,-5.123059663490493,-5.126267361944431,-5.123434705829443,-5.126034112632324,-5.126128020765034,-5.126271480259571
2014-09-18,-5.301386900870652,-5.538050967078115,-5.592476398617232,-5.5441873149892675,-5.518204706682807,-5.54012215620463,-5.60172269819829,-5.523460273195682,-5.5177777813796745,-5.542920623184899,-5.545612064107497,-5.543371988864166,-5.545563626349694,-5.545691783306595,-5.545627099890206
2014-09-19,-5.151645141345926,-5.442733254137201,-5.4942480200937105,-5.454566296426876,-5.432946522016562,-5.441920329272673,-5.501341909089032,-5.468407002176072,-5.4374048468654985,-5.440554951575916,-5.448455182981139,-5.446638162714533,-5.448864412207517,-5.4485663283506245,-5.448483729382192
2014-09-22,-5.028392937499401,-5.380404704030657,-5.50212710590859,-5.404337759027593,-5.38058876863402,-5.37929268780397,-5.514726956413849,-5.439312902395284,-5.3821736872732995,-5.378470206988331,-5.394833622881674,-5.389227125424862,-5.3949413827714165,-5.394886690537353,-5.394892517637482
2014-09-23,-4.886668779334566,-5.318883728592247,-5.454118828820549,-5.341886600802545,-5.308893717102291,-5.316341326449913,-5.466860781246447,-5.394270707251415,-5.306887864749198,-5.315314280431808,-5.334422202582843,-5.3307032296660415,-5.334642536169282,-5.334468494452586,-5.334474659917763
2014-09-24,-4.6730815368342755,-5.365858759030693,-5.494601068957369,-5.376177748781001,-5.36122890219674,-5.36589354516983,-5.499971830662158,-5.402584612129725,-5.3644228515484205,-5.368301557314003,-5.379566414571121,-5.37585211282485,-5.3798300486278965,-5.379596100330837,-5.379617898723129
2014-09-25,-4.575114037862023,-5.095631881830345,-5.239348641097891,-5.110496307578246,-5.089021859301281,-5.093483777625235,-5.264702466678077,-5.160967547829821,-5.088792995656148,-5.092574474241991,-5.112138830689467,-5.106043991573475,-5.112071265758473,-5.112100593289469,-5.112193105164889
2014-09-26,-4.574598725784741,-5.068824545807553,-5.25437489641071,-5.1343508619695895,-5.051255074771639,-5.068095433373458,-5.301150306677031,-5.199996776922385,-5.050609991705408,-5.069583053310141,-5.093471259962536,-5.085633412969512,-5.093308766462089,-5.093425896780289,-5.093543405271319
2014-09-29,-4.555890105320188,-5.000712281282427,-5.177144835895067,-5.051891693147314,-4.991537462500065,-4.9968646235756475,-5.213324169921705,-5.101659559860856,-4.990545822597903,-4.996619344352134,-5.02270625622177,-5.017833432300073,-5.022543205173848,-5.022684702294871,-5.022786428180952
2014-09-30,-4.494918257724956,-4.874923734625383,-5.0562421917528155,-4.918906893804023,-4.863502139687843,-4.871265152801767,-5.105383568039693,-4.964034951584147,-4.868259077076613,-4.869636405794732,-4.899233694278805,-4.890932094972187,-4.899040751384824,-4.899187739780263,-4.899325431719487
2014-10-01,-4.353777179544704,-4.681103662077603,-4.834323662615268,-4.723240210198289,-4.678882937840169,-4.673541024235239,-4.873464327318504,-4.750081343993215,-4.683702174000579,-4.669149298950058,-4.701416481104572,-4.693298736547387,-4.701383390879599,-4.701377954066342,-4.701494578966278
2014-10-02,-4.180404773191534,-4.649181521767919,-4.744903241905954,-4.693683053675512,-4.650105024140257,-4.641679087567386,-4.7578566708745,-4.713794834978552,-4.665351105631494,-4.639279546310837,-4.6607696119326185,-4.656409339442687,-4.660651269754015,-4.660974806885001,-4.660861569691113
2014-10-03,-3.953355424689701,-4.814407751687495,-4.896029361247061,-4.82968120495776,-4.811224755193126,-4.809165358939212,-4.889428974278785,-4.8344705298230615,-4.8242574167291705,-4.807109134115118,-4.821268801641372,-4.820275653699215,-4.821523696487,-4.821521581363074,-4.821337647409062
2014-10-06,-3.7428978847816,-4.746128286470642,-4.919759372531337,-4.796769447624611,-4.747727656243351,-4.737146090090699,-4.943995889503496,-4.840768971420268,-4.760378750803419,-4.729319423022354,-4.766342641366314,-4.760655669180366,-4.7663786080267085,-4.766408275455709,-4.76643727358751
2014-10-07,-3.584581020598513,-4.589109323331377,-4.779452793717679,-4.6443144734665545,-4.585515551842929,-4.578812144543692,-4.806587835688199,-4.708844565172989,-4.601626168784103,-4.571933970658807,-4.61199050889886,-4.605391733366568,-4.61186434958373,-4.61207391680893,-4.6121048362616115
2014-10-08,-3.2658033930253887,-4.349764948704475,-4.473745654902632,-4.402702908920353,-4.352708457428802,-4.348509324747509,-4.4754419225398685,-4.436124426163512,-4.370330195099131,-4.356325596212308,-4.363345380737598,-4.359897158326922,-4.363016683260859,-4.363452145856742,-4.363430007947636
2014-10-09,-3.147624702645415,-4.228573227554165,-4.290869090544664,-4.295853851870145,-4.2238802144716665,-4.2240317801879765,-4.292147642441766,-4.317116359901995,-4.23691598246035,-4.2253284767213355,-4.2351432081912845,-4.232440604936876,-4.235110886033791,-4.235252724979918,-4.235193349308529
2014-10-10,-3.2013022248965965,-4.113714439034292,-4.099445550956042,-4.155104906481414,-4.129964371433605,-4.101699393158378,-4.036316559348293,-4.116133143349537,-4.158627724157608,-4.086518379517983,-4.106475197611687,-4.114709897156509,-4.106698775252429,-4.106879744957155,-4.106531534213598
2014-10-13,-3.3000655802866268,-3.972582148808044,-3.969397727817542,-4.03886381624586,-3.989009304938036,-3.9580672782223303,-3.912473973820573,-4.022696814929648,-4.013701540221035,-3.9400601437971723,-3.968121083837573,-3.973107795016897,-3.9680315819194862,-3.968486420411086,-3.9681958218564315
2014-10-14,-3.462821179188286,-3.878299818184911,-3.8877182030600825,-3.9763005756922314,-3.8823739027107482,-3.8654237803821427,-3.8283625809561217,-3.9630431859430235,-3.906114663273702,-3.855566331123631,-3.875586280119831,-3.8796460708869462,-3.8758467120762745,-3.8760080222146307,-3.8756819237915656
2014-10-15,-3.989620384136732,-3.473154881478459,-3.3305252621513746,-3.5825187782701646,-3.4712998727077866,-3.4642612429091812,-3.2701963194705015,-3.5682481280021925,-3.4829867454806163,-3.44553626634036,-3.4566205089744493,-3.4689388399994843,-3.4569091314035405,-3.4569127140153797,-3.456628341137036
2014-10-16,-4.524261391469517,-3.546284915064411,-3.4970564560300312,-3.678179602093768,-3.5425631970656863,-3.5413242989163347,-3.484441900795561,-3.68309777842139,-3.5601673767895314,-3.535543770448461,-3.5442897623804988,-3.547285404396923,-3.5444392559610867,-3.5446840090791523,-3.5443710992861224
2014-10-17,-4.645732885242328,-3.92654583971096,-3.9279207121545756,-4.034840968004427,-3.921727354100764,-3.924125677342394,-3.918689526610755,-4.052334467278805,-3.9325447003415643,-3.9169742691283957,-3.9288170650864926,-3.930138195399692,-3.928861094087127,-3.929015590080289,-3.9288769753431136
2014-10-20,-4.69826497885249,-4.03659075104136,-4.113381148438596,-4.101191434603818,-4.0483954233821375,-4.0181094078258415,-4.110706318506287,-4.122591290420602,-4.070744442116801,-3.9957336416927394,-4.044585691300571,-4.04227590228235,-4.044692059609942,-4.044870799737734,-4.044687752248777
2014-10-21,-4.71777770148712,-4.333875210432395,-4.40186231272323,-4.42834888682041,-4.329799056440094,-4.322260840882879,-4.395696515173172,-4.429763142137501,-4.343928842814908,-4.301266004144407,-4.340462865611799,-4.339082631762931,-4.340513254280248,-4.340722039397515,-4.340542079090072
2014-10-22,-4.628308879363521,-4.293418294953905,-4.310511258403492,-4.396384873739579,-4.300170684572469,-4.267606231186004,-4.273903374227359,-4.415541480720598,-4.320227293629573,-4.225092465092393,-4.293305208317911,-4.2965300472612,-4.293652955313086,-4.293677177098937,-4.293384038958748
2014-10-23,-4.631374148490806,-4.419706702865788,-4.447947790504739,-4.518033064855968,-4.430411780923799,-4.3912078775478145,-4.4271096987293115,-4.540171880284944,-4.448619025618229,-4.351424904793646,-4.421027000085229,-4.422838228523728,-4.421260856880593,-4.421400821773747,-4.421086441427526
2014-10-24,-4.73921868228388,-4.495560602501768,-4.624756605725797,-4.595058681096497,-4.494931197902694,-4.474848030761259,-4.635182844333397,-4.6335092630620185,-4.510365543084235,-4.450704477944685,-4.509845867787784,-4.50381153570916,-4.5105987350484416,-4.510133257233427,-4.509933751780864
2014-10-27,-4.881736415512308,-4.506200667187405,-4.6533844114107294,-4.601991569343164,-4.51146556966722,-4.4828234320938405,-4.674985520405668,-4.6537848450761725,-4.527662427621932,-4.460642925351534,-4.523679692654923,-4.514701790073415,-4.523739167021504,-4.523973931664013,-4.523800294520971
2014-10-28,-4.81019328712263,-4.744251972712332,-4.794482467383118,-4.846215345350922,-4.750194067299774,-4.725035230715292,-4.783234117637856,-4.8877860058995894,-4.765429012710792,-4.715329936897916,-4.7498954088194925,-4.750009133315396,-4.750191388211371,-4.750317103938251,-4.749983887950632
2014-10-29,-5.075042576524263,-4.362103734517076,-4.433381431205263,-4.482997555312329,-4.359399154685884,-4.353203866077994,-4.446819047654655,-4.535860502275363,-4.371302477476767,-4.362900698905707,-4.3735052102372665,-4.368645516362287,-4.373581185396669,-4.373843715110155,-4.373603424757778
2014-10-30,-5.293296600650929,-4.456950980647789,-4.539957312697416,-4.577634775476334,-4.457269908267145,-4.421285001763038,-4.556701145370713,-4.618367612244791,-4.471843870609951,-4.3777534914994,-4.468761598706427,-4.463603906230444,-4.468861286369564,-4.468968533918412,-4.4688634921516694
2014-10-31,-5.341681866371513,-4.767717823334229,-4.81293069018856,-4.887889975666264,-4.769644910762791,-4.729950334489528,-4.794449885973993,-4.9165610491644625,-4.78376260942773,-4.678987287137422,-4.771542673669755,-4.773353064080627,-4.772125510886143,-4.771812226346148,-4.771614139988888
2014-11-03,-5.4248831757791685,-4.868152670913753,-4.872498563979836,-4.97760103672384,-4.877568318967701,-4.82424983581407,-4.8320994027442365,-4.988108996661299,-4.897178406350695,-4.760573653411727,-4.866368688010058,-4.872032040544573,-4.866547772382575,-4.866935178173162,-4.866470901535907
2014-11-04,-5.73816302642866,-4.6348324741060045,-4.725968906357258,-4.746869098336237,-4.634419816522197,-4.596324833224267,-4.737525206213287,-4.799069167528932,-4.647273256135749,-4.561099175497115,-4.647260721975033,-4.642498237477312,-4.647281203131429,-4.6475201709128795,-4.647362367133305
2014-11-05,-5.880366623178455,-4.864101499079745,-4.876751871649,-5.012364504028557,-4.859739465956413,-4.7926389584020495,-4.862198715542823,-5.040696231994199,-4.872551414889413,-4.6952625899423905,-4.868927255485818,-4.870158749709157,-4.8690578489154905,-4.869367419599717,-4.86900830422853
2014-11-06,-5.699212272785549,-4.955234990959756,-4.9894406374742335,-5.090090153017934,-4.943342440293791,-4.86716433287117,-4.997329079469062,-5.143295294544594,-4.94250370166845,-4.76475684233493,-4.964573369147284,-4.961717653228368,-4.96469119137357,-4.9647969074748195,-4.964662991798682
2014-11-07,-5.703669374296207,-5.085592506966793,-5.081320532539646,-5.227069647613338,-5.0869018127232355,-4.974217186612702,-5.065063359783838,-5.238219324773774,-5.098281795874161,-4.823416374952543,-5.088008063429755,-5.088949805986152,-5.088272487960129,-5.088296170533911,-5.0880707355447115
2014-11-10,-5.544388272017345,-5.303392638200001,-5.282863590998775,-5.427835696852338,-5.305023891691931,-5.176902267850516,-5.262271683508821,-5.455578340418984,-5.316078338532448,-5.045059929957223,-5.302914474070721,-5.305966565360269,-5.304000011067783,-5.303407066566474,-5.302977321886006
2014-11-11,-5.542190037491609,-5.47755481703487,-5.4526253646515,-5.600440779716337,-5.4824956518718055,-5.357409001028152,-5.438137332680657,-5.633110741083389,-5.490410425780855,-5.236438555608941,-5.475916382280452,-5.477926134518169,-5.475886087262413,-5.476281483670643,-5.4759760385675795
2014-11-12,-5.463431773483409,-5.3793793530678204,-5.374406877628193,-5.530366423558262,-5.380748397434744,-5.267467168379631,-5.372827378568827,-5.566724916735549,-5.3869974662728835,-5.169737124659285,-5.384082869908327,-5.382444013199887,-5.384468392834137,-5.384441464100805,-5.384148640346012
2014-11-13,-5.754974292445795,-5.014150827401076,-5.099009307344089,-5.13904199616592,-5.014109192600167,-4.8488259276679635,-5.113366050652225,-5.190994402647083,-5.028619851727482,-4.702402389017802,-5.02658716869264,-5.02559072075405,-5.027615480825917,-5.026904936184704,-5.026719613157596
2014-11-14,-5.740675598126315,-5.33899975546727,-5.381711175569794,-5.47202658812093,-5.342086353161211,-5.222117939274694,-5.390986646912712,-5.508555999965311,-5.357014487720305,-5.129216084066331,-5.347753019288632,-5.347040060400931,-5.347967456002486,-5.348050932021133,-5.34784394175328
2014-11-17,-5.989601437864472,-5.21302339962629,-5.352231532727079,-5.3114379221285,-5.214294221116908,-5.1149464976945715,-5.381309066793499,-5.372438033205655,-5.225049554168905,-5.051125650509306,-5.231137469102068,-5.221377412065134,-5.2313028390999206,-5.2312977495467665,-5.231242694201051
2014-11-18,-5.919688231150501,-5.5750189261052485,-5.520433500451236,-5.727644541169558,-5.5699443329448055,-5.486280157925493,-5.524883221327119,-5.760066619754016,-5.56788371025162,-5.421403507689014,-5.575651004669718,-5.575378002953758,-5.575723327186476,-5.576069206901034,-5.575686987835615
2014-11-19,-6.21582509714429,-5.258195708314562,-5.289898642417684,-5.371182024469485,-5.254391893512042,-5.190855432870616,-5.319926527095475,-5.406135863209264,-5.254899859449292,-5.136596271623535,-5.267141430479578,-5.263902162263436,-5.267299663121379,-5.267304277703344,-5.267202900839839
2014-11-20,-6.187938684330997,-5.606168034219978,-5.544293571729496,-5.686055449822019,-5.603810150209028,-5.563883558982191,-5.538956776508397,-5.70825517892069,-5.597642213832549,-5.523899027119795,-5.602155545223309,-5.605144152085071,-5.602329283061763,-5.6023374925186396,-5.6021569972503125
2014-11-21,-5.844350315094536,-5.427694027318867,-5.467227453022038,-5.524400594927673,-5.431004696416848,-5.360437510830332,-5.488909562231573,-5.566353501572152,-5.44192069791283,-5.3026045942307976,-5.435674517645538,-5.429920985548933,-5.436094727331467,-5.435948654876599,-5.435750322866342
2014-11-24,-5.730360280996972,-5.847891905632524,-5.76390600005699,-5.95950223986212,-5.850278409961309,-5.787354824530077,-5.7580974487204735,-5.972992451247795,-5.847640990422757,-5.732610716376898,-5.841979936437244,-5.848051264489538,-5.842264546614975,-5.8423966366306,-5.841984662968493
2014-11-25,-5.76456785411769,-5.612611977357488,-5.632465495588981,-5.679195982323506,-5.623511276909292,-5.547250966000949,-5.650258501620024,-5.704057993327381,-5.6402388684170255,-5.492110313589817,-5.61721250106444,-5.615611794690416,-5.617209547785886,-5.617452378069928,-5.617272323973173
2014-11-26,-5.5635608149614,-6.098529199517289,-5.941994372071494,-6.196022670344064,-6.097240049554662,-6.028938931195242,-5.902850052268539,-6.178921447012292,-6.091672158368222,-5.955129517644392,-6.081368747161138,-6.0921863626877695,-6.082408018827028,-6.081775128831039,-6.081322450663818
2014-11-28,-5.5343356155613845,-5.760795940433732,-5.420321438536839,-5.911434823055242,-5.772738200424815,-5.630396489389088,-5.317431422038421,-5.869907707770593,-5.782881784665385,-5.4981182741953445,-5.722000894790709,-5.753951777355651,-5.723563151744739,-5.722925174104166,-5.7219322117353535
2014-12-01,-5.639840434508057,-5.268784173452798,-5.20998879362559,-5.343043183307869,-5.2677404584400565,-5.167902535439808,-5.173180000679454,-5.361060163710311,-5.27182663846038,-5.080358045802565,-5.261393439829708,-5.2691669543290764,-5.261719689062806,-5.2618132083887375,-5.2614038111914825
2014-12-02,-5.3228951603007895,-5.550911414977873,-5.430415519481789,-5.631984155775392,-5.557556110426565,-5.447246209522016,-5.39530867014664,-5.627292565172318,-5.563300953126666,-5.357226083739579,-5.53898864175082,-5.5509267819861,-5.539502945937672,-5.539424906164357,-5.538985545135081
2014-12-03,-4.920058857446479,-5.698018505322938,-5.479463712436535,-5.79090200620659,-5.705593905052698,-5.600346845118593,-5.410070990281714,-5.770183061563963,-5.706357375797009,-5.505762022530638,-5.672351132291996,-5.691741056595671,-5.672850375338561,-5.672875477492477,-5.672296219960808
2014-12-04,-4.71111958944447,-5.387565398677456,-5.38018245240462,-5.457196888943245,-5.390260386416209,-5.292223173475791,-5.369878547604857,-5.478048817638441,-5.398421562153655,-5.225970006321677,-5.386206269864534,-5.3889724840008135,-5.386252831854233,-5.3864757887199115,-5.386234029935918
2014-12-05,-4.445535606775809,-5.523695004528821,-5.454413795972712,-5.579460219223809,-5.519378914710312,-5.420431655402631,-5.422010544997981,-5.591536864056068,-5.516715218521162,-5.340880194407589,-5.514929811671943,-5.523058438947199,-5.515261907399646,-5.515143038881942,-5.514932996219616
2014-12-08,-4.092362227650647,-5.326267074031641,-5.286056351406869,-5.373262528417436,-5.322376034028664,-5.226884632438874,-5.256333576929387,-5.388790902151514,-5.320329338386706,-5.1595686086481525,-5.320200557011567,-5.32622772901,-5.320277421998936,-5.320390512111503,-5.320194195451533
2014-12-09,-3.86324975167194,-5.039201267701471,-4.980453300165848,-5.1202169969908145,-5.038013282814057,-4.917107709309738,-4.957998825690138,-5.1245693052490005,-5.047623414214678,-4.823299151944817,-5.033603783388827,-5.039650225521686,-5.03395312568096,-5.033951319779202,-5.033625053501645
2014-12-10,-3.6707718865098853,-4.759183402702674,-4.777267181546881,-4.843103573845142,-4.754867488782549,-4.6455389543656995,-4.778609757318661,-4.881782828525423,-4.767290276280266,-4.583008802859277,-4.762895759759633,-4.761720568582557,-4.763104217956635,-4.76310426956659,-4.7629476691072385
2014-12-11,-3.687982356770447,-4.698151605789858,-4.760087088886367,-4.778086194188518,-4.698333866539289,-4.570695980470269,-4.759845074760374,-4.819670398961171,-4.717216250018746,-4.5193967449451655,-4.704797451628659,-4.700594512586148,-4.704849424987454,-4.705057027901258,-4.704872314597383
2014-12-12,-3.767873216668833,-4.500077106355788,-4.484410964867349,-4.612107886234042,-4.499939414013001,-4.37696520961544,-4.480284742451754,-4.647212706993289,-4.519511659667486,-4.30786734017842,-4.500821554781975,-4.5025426062993255,-4.501124424902084,-4.50119697153082,-4.500881654829458
2014-12-15,-4.039457797219075,-4.143373231459209,-4.187658313362741,-4.2638073474457965,-4.132835801312691,-4.074333367825949,-4.210876429463486,-4.31487693128936,-4.1453320291051226,-4.057793126098059,-4.153656074711563,-4.148715705995762,-4.153661866451983,-4.153796151598007,-4.153727122816434
2014-12-16,-4.432868338778596,-4.03625676837215,-4.035049217927839,-4.183695926472645,-4.031237067403971,-3.8975011519115657,-4.030932230265857,-4.2252926377926725,-4.058491460524251,-3.8321612560681064,-4.039805752774445,-4.0393400109273365,-4.04023839878469,-4.040305659329253,-4.039867617896408
2014-12-17,-5.32472439349293,-3.8954076834528766,-3.886223457851228,-4.038537989878452,-3.8863520358567936,-3.7469358674468562,-3.88886671160374,-4.085964102013466,-3.9074336253768904,-3.66921389337929,-3.898277805142166,-3.897146425239374,-3.898392748762396,-3.898775885215014,-3.8983499765202043
2014-12-18,-5.840881832624692,-4.304174853065383,-4.383819028500245,-4.422772250204684,-4.3060718549438235,-4.112740801270672,-4.3942818029252395,-4.470289903954723,-4.342415683069991,-4.03328070884597,-4.314787871160935,-4.3116240154930185,-4.314959429978567,-4.315132765394586,-4.314883439005124
2014-12-19,-6.336238732128934,-4.477270765032716,-4.514372847539179,-4.646290190497487,-4.467167747220302,-4.35956652180503,-4.563245513281287,-4.703639481047353,-4.485684521900887,-4.311597681721414,-4.490377383406677,-4.483466274361032,-4.490384094756989,-4.490781035254218,-4.4904786578697875
2014-12-22,-6.48535205370168,-4.844207562907202,-4.931904611128174,-5.006766334618134,-4.83703465902346,-4.6970635839855355,-4.9601166647517845,-5.067283190779799,-4.853953149683128,-4.634002914097169,-4.859717306429313,-4.853235890892194,-4.859786489990968,-4.860082734092554,-4.859806060024988
2014-12-23,-6.054432065532725,-5.046067831690388,-5.0901218520816816,-5.237873115715055,-5.035693899787799,-4.946779998619009,-5.138582903580795,-5.308906512512728,-5.039655714062176,-4.895894130197881,-5.060095121055412,-5.054963984979214,-5.060045445852535,-5.060540393523139,-5.060182133887128
2014-12-24,-5.341136122987663,-5.520733290775963,-5.306695851177572,-5.756002352830487,-5.489890077787585,-5.399467879378907,-5.287857822309113,-5.738409580745217,-5.475880692801704,-5.326394026664896,-5.50513150463628,-5.519149505612891,-5.505927443089469,-5.505659055001638,-5.505105928731001
2014-12-26,-4.8531637776942445,-5.848382556626326,-5.762357937287818,-6.044066494301151,-5.833025950512268,-5.743616637797825,-5.779839318752675,-6.082497322800954,-5.823375611972095,-5.690270693338279,-5.8481196548931385,-5.849016889668791,-5.848222554516736,-5.848590529997471,-5.848132864097032
2014-12-29,-4.405622911341324,-5.82527408457381,-5.685863494456386,-5.971275335469531,-5.806368907635628,-5.750931792226408,-5.684717246583453,-5.984017952255976,-5.7897637733258245,-5.712802056643784,-5.8157507846174665,-5.822094350611561,-5.815660158672844,-5.816024668858996,-5.8157099619831145
2014-12-30,-4.233981705689071,-5.697284681450749,-5.64471451285759,-5.857609811344609,-5.67671665317297,-5.600379539316614,-5.672953621480139,-5.888206640887149,-5.6703840914053805,-5.5613396689706995,-5.699276762991601,-5.698628947959396,-5.699488721411796,-5.699676481723497,-5.699314565875777
2014-12-31,-4.247393689361927,-5.129703989189978,-5.247864102607796,-5.275675521453716,-5.09132111096245,-5.032010991050087,-5.290362625732473,-5.352580044684431,-5.099980907105098,-5.013406887132897,-5.148144012861654,-5.141016714567771,-5.148086864227448,-5.148432055958585,-5.148234382011234
2015-01-02,-4.206447203509978,-4.689916000639337,-4.703469035772787,-4.817340502758368,-4.67871770887193,-4.648804397448827,-4.741604739047229,-4.866168403731694,-4.693620635414188,-4.637136739188526,-4.69807002829755,-4.694085518222634,-4.698113744737538,-4.698251187252454,-4.698122650484096
2015-01-05,-4.209802712148199,-4.499361592373562,-4.5544353277176,-4.608108239026687,-4.50094407677894,-4.444419688432159,-4.594888386852498,-4.65651096172391,-4.528466800600366,-4.4327988037602974,-4.511496091985935,-4.506277588383966,-4.511436433917183,-4.51173968087094,-4.511565275866195
2015-01-06,-4.198415460416156,-4.236743863593522,-4.223232544069223,-4.3610590180782545,-4.242538448703118,-4.209853782515605,-4.259763814842945,-4.406527134969299,-4.273901354173772,-4.195127762516642,-4.242103268969802,-4.236830519780664,-4.241738044885366,-4.242393275399811,-4.242156418402483
2015-01-07,-4.033919814687371,-4.379354536008965,-4.416504116908048,-4.49495422950749,-4.388390660366014,-4.315030237795555,-4.4582759399767795,-4.560560472816111,-4.422108612090308,-4.290994906755773,-4.390234796258975,-4.383685784605422,-4.389906793672083,-4.390509899904165,-4.390318601761695
2015-01-08,-3.8514988084386004,-4.675306403253795,-4.741973806334353,-4.802299656263583,-4.672199516857945,-4.598804366795647,-4.773000877463277,-4.865216212427683,-4.701354130472269,-4.576060189412409,-4.687601709909246,-4.681743172724239,-4.68728738594098,-4.687861577483486,-4.6876908372555235
2015-01-09,-3.8687961427678,-4.284706415779089,-4.47347571117062,-4.386451412983875,-4.280057493350456,-4.232015381310404,-4.540565132792022,-4.460614592828978,-4.326269378114004,-4.242494188777566,-4.3117257808650535,-4.300999723543421,-4.311603460595142,-4.311878220694673,-4.311834658794886
2015-01-12,-3.8381475051171097,-4.300336840300741,-4.445446572463554,-4.392906770462247,-4.3181139533459785,-4.210891101619223,-4.501453864494903,-4.4786691753219765,-4.38751190953471,-4.201333130314333,-4.321443346823852,-4.308653646937088,-4.321084707048468,-4.321881450112706,-4.321572592816576
2015-01-13,-3.800046349356879,-4.140048584488757,-4.141353560751677,-4.242111971233061,-4.1501432940889655,-4.107695537902125,-4.171023049468208,-4.285473750020291,-4.17892231088307,-4.088264965391513,-4.146093012838945,-4.142315666656864,-4.145923584408685,-4.146331613820713,-4.146140532708241
2015-01-14,-3.916380367645413,-4.051834269370074,-4.135862380811314,-4.160671036582,-4.060798175301034,-3.9593125537940588,-4.169858640847901,-4.2378794997076765,-4.110954547601429,-3.9281432536475527,-4.065824198769426,-4.058816922845189,-4.065694685015767,-4.066145736241411,-4.065930603578746
2015-01-15,-4.092056255853096,-4.046968517753815,-4.097490273616504,-4.135954282240315,-4.086521077785013,-3.972997360784248,-4.137562269272709,-4.204390513148688,-4.158437563712885,-3.9402603005691503,-4.05852482326089,-4.051001429819658,-4.058341229940889,-4.058818746424862,-4.058626392297284
2015-01-16,-4.212416608605358,-4.222914411644568,-4.296741337199675,-4.301414882373448,-4.237254638149669,-4.15261917143303,-4.327619714772437,-4.358749783649327,-4.284083241920024,-4.138344792471688,-4.234121430391971,-4.224972363419736,-4.2340713939273,-4.234326404875776,-4.234194845861109
2015-01-20,-4.258536645820571,-4.140936252906953,-4.233067237510022,-4.235793482070969,-4.158009253821547,-4.07360356183481,-4.286520640996916,-4.296175766684729,-4.207376409149279,-4.064074028586664,-4.156724688968355,-4.146940677128303,-4.156568439330147,-4.156971760762385,-4.156827838227699
2015-01-21,-4.357951473496531,-4.000220264072648,-4.1639143122587035,-4.080089853843562,-3.9995518511801422,-3.948928325497726,-4.235443817593461,-4.1473459303576234,-4.031939436165335,-3.9647110271156865,-4.024321612651724,-4.012749138051628,-4.02416443991991,-4.024431718455551,-4.024442091012144
2015-01-22,-4.2264468535870545,-4.25967437531608,-4.333182793187254,-4.3386119758104025,-4.261049905926675,-4.18784766934124,-4.365358686092399,-4.38854208840569,-4.2967032182961695,-4.168482133737949,-4.270776765972436,-4.2641643506385645,-4.270810392290583,-4.271117225691995,-4.270854553694194
2015-01-23,-3.9928679150006405,-4.536256091312087,-4.630717685360158,-4.610135967269204,-4.54739491876146,-4.448630311488433,-4.672538439874629,-4.6660440614767165,-4.586044827734096,-4.432446889343101,-4.5491495604433245,-4.5422055728929855,-4.54914690302929,-4.549382483749781,-4.549227629774561
2015-01-26,-3.745336165984041,-4.676034410542593,-4.690786958656014,-4.7572346687995655,-4.6933676455620015,-4.597362339033023,-4.716514452088037,-4.796958467466361,-4.713614553643764,-4.572368106195608,-4.681418675854244,-4.6792757086052,-4.681775018577619,-4.681800754302519,-4.681479623465171
2015-01-27,-3.7945507424679255,-4.308044797208213,-4.4241268861415675,-4.388120396307991,-4.317864250737475,-4.242216659093102,-4.472575890592745,-4.4379979003414505,-4.352600111929322,-4.236248332408721,-4.324272179563013,-4.314835396167192,-4.32404698580248,-4.324569586174645,-4.324373445811549
2015-01-28,-3.855866239727906,-4.20593240781321,-4.238603976603172,-4.31447015738826,-4.21363553548659,-4.164679498245131,-4.272036162681961,-4.363862528295853,-4.234567323447308,-4.157861023120573,-4.215553142589493,-4.210320085383967,-4.215656883984247,-4.215820016187708,-4.215619641847603
2015-01-29,-4.050041846302222,-4.128652781736759,-4.1427346890933965,-4.229422040116562,-4.135639189909624,-4.039198541185067,-4.152851323240595,-4.268640162490704,-4.159613653429277,-4.01576517266007,-4.134035128228208,-4.133241273265066,-4.134085361658757,-4.134331613083601,-4.134119008539834
2015-01-30,-4.202204014597861,-4.012474016561873,-4.044085628547726,-4.131013337570052,-4.013018168479053,-3.9026635943283816,-4.050041754821664,-4.181822201157795,-4.031254572026019,-3.8771799280630566,-4.019753137949421,-4.016144234159914,-4.019925467880015,-4.020103831418182,-4.019822326163253
2015-02-02,-4.569355813562367,-3.879855562106781,-3.890375615867719,-4.006330814748387,-3.877661684453155,-3.8102061809800176,-3.8826643162777943,-4.054577485115556,-3.8953064655832534,-3.78022082813302,-3.885022446400863,-3.884186587798432,-3.8851392602229313,-3.885292300538631,-3.885072619292864
2015-02-03,-4.649741231231463,-4.280613645724906,-4.272604510504641,-4.382207148146304,-4.286065213467904,-4.160669555702236,-4.264368860019501,-4.437349222770257,-4.303097439765864,-4.120753281809498,-4.282187588341658,-4.283711919061305,-4.282423296320676,-4.282586991124964,-4.282254628289424
2015-02-04,-4.788165824857691,-4.157250870750699,-4.215295737929505,-4.289364981766169,-4.156222838621081,-4.050050390081546,-4.230978670625423,-4.365268407432071,-4.164586676751299,-4.015635893767945,-4.167790012713958,-4.163796471528665,-4.16813430719634,-4.1682222263539845,-4.167891446365237
2015-02-05,-4.831559795321472,-4.59976519649583,-4.612717097325571,-4.717044394236913,-4.601944897053936,-4.494114335119631,-4.615136172946504,-4.777584685692054,-4.612309712845181,-4.457711001248969,-4.6024908606589525,-4.600832286509153,-4.602574052164624,-4.602793962915529,-4.602543801451484
2015-02-06,-5.174927862899234,-4.270331514339722,-4.3818521299501425,-4.3798411861580835,-4.255342041633225,-4.2007213193236534,-4.423978158096803,-4.446930637381515,-4.264794339703239,-4.191705347536023,-4.286803091602733,-4.2804472145466494,-4.287041578863459,-4.286937453789987,-4.28688680519499
2015-02-09,-5.3792171170326935,-4.550418458852864,-4.648756902111291,-4.650823481801521,-4.549702817468117,-4.478950219483804,-4.6952051006804085,-4.715095180483367,-4.566345048152015,-4.468123916361725,-4.5665611294349535,-4.558263634877148,-4.56660373135446,-4.566776362354572,-4.566649021570171
2015-02-10,-5.493696952032822,-4.684882103824204,-4.732589964152778,-4.803942135765667,-4.68115638843492,-4.605251813096657,-4.766693224463397,-4.86744584650187,-4.683112002928158,-4.583858610180904,-4.695853475053562,-4.691969380727148,-4.6957441425839,-4.696078886849251,-4.695922666765208
2015-02-11,-5.865256759850061,-4.588211952625415,-4.698157468279423,-4.7182981738218945,-4.571832430796347,-4.491736041715335,-4.741871058332138,-4.790103177972749,-4.579664170462249,-4.476855274505096,-4.607059230874704,-4.599206936747694,-4.60728678953403,-4.6073400163692035,-4.607157181311959
2015-02-12,-5.523684739438488,-4.974040345319153,-4.915080641092176,-5.122391386569353,-4.957832676351725,-4.874203260247284,-4.925925848492366,-5.181740019094462,-4.941081844376673,-4.8243457064972315,-4.976134963858709,-4.977236967139726,-4.976297225601842,-4.976400723828415,-4.976175579210669
2015-02-13,-5.568757362655121,-5.11407770581954,-5.066992883170558,-5.25104265420797,-5.094224030121987,-5.054051805654531,-5.083562422709344,-5.302202318190781,-5.074866280562547,-5.031063762447872,-5.117998542254668,-5.115092088095416,-5.11810048918749,-5.118189689687206,-5.118013204319639
2015-02-17,-5.512284137966448,-5.148540000691603,-5.130322823191146,-5.288501973515655,-5.118669295775289,-5.081545557904997,-5.149850545214895,-5.350853702530877,-5.09781277167601,-5.0478264698413,-5.156484367682143,-5.153610529693268,-5.156672353551101,-5.15677160925261,-5.156518805048121
2015-02-18,-5.555217017326491,-5.149525081612572,-5.1045462898476135,-5.296786232836005,-5.124360574142482,-5.1007929721999465,-5.120297235226154,-5.362455781336641,-5.098042143163641,-5.079962401559949,-5.153644580020567,-5.151699136990162,-5.153441103335979,-5.153916506378339,-5.1536719514588505
2015-02-19,-5.475044833882789,-5.378998766622046,-5.304128845486604,-5.507406389860898,-5.345658937711507,-5.288415405149093,-5.306230192032642,-5.558754292977193,-5.306261474627551,-5.246875341579546,-5.376874722858708,-5.380540650549811,-5.377000017603288,-5.377146831676873,-5.376874622253581
2015-02-20,-5.70955462385913,-4.846531919050515,-4.990981677019671,-4.965972115210411,-4.804002448865653,-4.798930545800604,-5.050579075205373,-5.038682304807194,-4.79328854681004,-4.801071572002843,-4.869901200122214,-4.86308563012016,-4.869809646827329,-4.869980199009751,-4.869986392863093
2015-02-23,-5.701522945866417,-5.432556785691685,-5.3567842368272975,-5.555428478246199,-5.405653334577767,-5.362706228716979,-5.345821727362406,-5.585576977517791,-5.3616348311402175,-5.330820068535594,-5.429943709045327,-5.433137064701143,-5.4301312484870525,-5.430151673828991,-5.429941454900749
2015-02-24,-5.601567604556427,-5.148508127979172,-5.17416441541918,-5.266703264323066,-5.118560856694397,-5.107022464288134,-5.199335728160235,-5.316679257230288,-5.09228104758796,-5.089713561529334,-5.159407993657881,-5.155333718319634,-5.159405483350643,-5.159499094210704,-5.159457059476551
2015-02-25,-5.498999392802957,-5.3321112962216,-5.311099705764789,-5.4505832360887645,-5.311257990172372,-5.283403560944114,-5.3234135960872,-5.4993832212820895,-5.2870531542948545,-5.266714590165885,-5.335867291976943,-5.3337214733312965,-5.335972680413676,-5.33606082413926,-5.335889326211948
2015-02-26,-5.50608921186574,-5.157516854362664,-5.187554609407651,-5.280481371052502,-5.132456388873725,-5.11788945553962,-5.218365194576774,-5.347022967721367,-5.115343802979737,-5.102711441130536,-5.16875807986161,-5.162593396876589,-5.168657662721162,-5.168989246475695,-5.168815313886376
2015-02-27,-5.255771193040968,-5.190364767306778,-5.272541290248285,-5.289248864424406,-5.175573234480804,-5.169869097219191,-5.32484748267621,-5.348447443866353,-5.164125854639036,-5.172831382571952,-5.2061513440714124,-5.197187787578729,-5.206252444918419,-5.206239506011599,-5.206211706440687
2015-03-02,-5.159187879135363,-5.495198077955221,-5.378503485006486,-5.611437953687584,-5.469016166067346,-5.459323676030514,-5.3676313378910265,-5.640179631192634,-5.421408581459204,-5.445756388445291,-5.487462822371757,-5.492412516525547,-5.487486723766109,-5.487669833335817,-5.487436153610724
2015-03-03,-5.043284474934911,-5.108283308900972,-5.161877237363691,-5.216301950590842,-5.069362948842195,-5.093559888313308,-5.196961675735242,-5.266415562199017,-5.066266115753641,-5.091090064577912,-5.120349609663507,-5.112525214938152,-5.120344228126888,-5.120379662859254,-5.120393274349519
2015-03-04,-4.983720534932185,-5.20171410398369,-5.190049484150622,-5.287443128422085,-5.187853992407058,-5.1755246737566365,-5.202686467776793,-5.316606700819778,-5.1701538183292,-5.171278277070416,-5.20424367153662,-5.202315922823688,-5.204289847837727,-5.204418933638541,-5.204263105586712
2015-03-05,-4.969511516409909,-5.307388214040079,-5.374929748473876,-5.385929818671091,-5.263910885832529,-5.298626228628864,-5.405086278844555,-5.419493823147812,-5.2523894575236065,-5.303183689908182,-5.318449526267559,-5.312226427149105,-5.318451313440048,-5.318475149362218,-5.318490824306911
2015-03-06,-4.871258776142821,-4.906889082823446,-4.95261183646506,-4.980592002047867,-4.859258713660982,-4.921719461670752,-4.997807463599902,-5.013954053161181,-4.843680044753071,-4.9313477310908524,-4.918636170949938,-4.912608022316258,-4.918616811335545,-4.918631771637417,-4.918657402287778
2015-03-09,-4.885280248362955,-5.176824216565304,-5.27803497789921,-5.2667301202474475,-5.127761100280024,-5.133751237643511,-5.3193143463840755,-5.313744568145377,-5.110839662449352,-5.120052097242567,-5.191272250777066,-5.183337103675334,-5.191209368234673,-5.191383398953635,-5.191352242165099
2015-03-10,-5.008195640687613,-4.894375318553044,-5.018393380385764,-4.978769429757062,-4.85234207805675,-4.883190995378347,-5.077287557224063,-5.020727724185228,-4.843529586889911,-4.881065949833087,-4.912734817290533,-4.9048058830656185,-4.912619475783774,-4.9128160300517045,-4.912807981192749
2015-03-11,-4.571245548234691,-5.020821292024305,-5.023045487341999,-5.108466998162714,-4.983759741703255,-5.0005437213372,-5.053994680375066,-5.13466590612316,-4.962854155881504,-4.994637590232126,-5.0265057940079405,-5.022745189609038,-5.026411644704557,-5.02669552185405,-5.026539305621889
2015-03-12,-4.520052268381539,-5.166042334436773,-5.2132912165421,-5.236851112212795,-5.129967383396412,-5.162004703045848,-5.252157433394216,-5.269599277477426,-5.1388687168762885,-5.1617469308917725,-5.177128631196918,-5.171402111900434,-5.177253168746926,-5.177206463781272,-5.177169462334875
2015-03-13,-4.723137704456486,-4.725940004895938,-4.825560157823956,-4.822128276986411,-4.6613962098357415,-4.722217967294692,-4.892008449795951,-4.871869759425872,-4.662975267344799,-4.721533824489553,-4.743536146411884,-4.735145152123636,-4.743443368858738,-4.743622825287577,-4.743619795059168
2015-03-16,-4.724664347410833,-5.157336067653757,-5.173391829751599,-5.263571078898996,-5.097266572953711,-5.149338953238581,-5.2056592732293705,-5.3076848030686214,-5.065890274794416,-5.146547099779909,-5.1662636556947215,-5.160494335471206,-5.166184971945524,-5.166444664200391,-5.166310064969194
2015-03-17,-4.727978372837963,-5.111126663372583,-5.18752015053182,-5.199581789994968,-5.052922313241625,-5.092554727371632,-5.231232603594406,-5.2417853727281205,-5.04672321042401,-5.087525478225146,-5.123952172638746,-5.117030300638401,-5.123874576010853,-5.1240463014103135,-5.124016724825064
2015-03-18,-5.151337014770215,-4.413920320062741,-4.436667497940364,-4.546244289998997,-4.334007993907878,-4.416730887641781,-4.471922124260365,-4.594744179007746,-4.318366398809549,-4.4123928787031375,-4.425343435104787,-4.41966648467875,-4.425289724732676,-4.425532742581734,-4.4253900889496
2015-03-19,-4.880611418214896,-4.824288617968127,-4.9359770810320605,-4.921281689838663,-4.742188145463392,-4.82353440202786,-4.9934834120100335,-4.9789043232900445,-4.743536061447547,-4.825669866550141,-4.844294841684213,-4.835125598966458,-4.844133562523687,-4.844395519498988,-4.844372253336521
2015-03-20,-4.764521952525793,-5.084833426433585,-5.105259789507329,-5.195000993274787,-5.017203996729974,-5.080509384691676,-5.138190333182103,-5.2405035796751,-5.010920474847448,-5.07735630506098,-5.093370393381443,-5.087531983082545,-5.093318131034588,-5.093484695232309,-5.093409437734376
2015-03-23,-4.785754403998311,-5.06338853015177,-5.133278953750811,-5.1430221181093465,-4.97837337167464,-5.057481433221835,-5.160279440677285,-5.185545822555709,-4.964095421828873,-5.056420710886437,-5.072559235696377,-5.06748804532641,-5.072612960108028,-5.07263856711176,-5.072608691563197
2015-03-24,-4.730239736237118,-5.003831214252844,-5.080920886259073,-5.105365274523985,-4.943174081146264,-5.00149340145005,-5.128914538784472,-5.157699981613737,-4.939405273787154,-5.0017376823831405,-5.018927810462929,-5.012836878100186,-5.018737745223354,-5.019030667944481,-5.0189968037642485
2015-03-25,-4.644486782277941,-4.8685592801608575,-4.910131266634799,-4.995679115429993,-4.828327155501034,-4.867303620326059,-4.943345750653293,-5.042775787355641,-4.81831256838234,-4.865521196313911,-4.881048503259853,-4.873507246570681,-4.880924241314988,-4.881306654170386,-4.881112529133846
2015-03-26,-4.848184996336405,-4.60703585542916,-4.7079796927325726,-4.736854162498077,-4.541415162665162,-4.606419020290993,-4.750817598412187,-4.793784801455041,-4.555242559428785,-4.603988411751308,-4.625748178321837,-4.6143759582834445,-4.62511578417623,-4.625877256942777,-4.625843436360155
2015-03-27,-4.938064578478306,-4.784808193029262,-4.837272688249192,-4.891897911643486,-4.722266638551842,-4.785281273087154,-4.8653842158061655,-4.933368221208557,-4.7195180035028095,-4.784651457979947,-4.796463009373054,-4.791993763238505,-4.797043876894197,-4.796582561727496,-4.796514472551997
2015-03-30,-4.926271041165824,-5.131468055557175,-5.163418819018287,-5.237676625904766,-5.034009013150986,-5.125360921924055,-5.176307523853419,-5.283552091852734,-5.0060788757696635,-5.125561501947587,-5.137948828940907,-5.134689091747813,-5.1385210342038015,-5.138217235618892,-5.137991773862294
2015-03-31,-4.765390748443097,-4.825245079213741,-4.923666242422488,-4.9206990165673306,-4.7819669207162745,-4.825514447336414,-4.970012020123862,-4.959924570435893,-4.802603182670835,-4.825138933813705,-4.841809165611128,-4.83313255845674,-4.84158850050061,-4.8419213740283755,-4.841876372708507
2015-04-01,-4.95705572856143,-4.577635488063468,-4.639277954683574,-4.694780667657353,-4.537726869083424,-4.578780301117905,-4.677084068922909,-4.735208424164806,-4.550798007453834,-4.577169018939904,-4.592202154040876,-4.582925533808448,-4.592124885730628,-4.592383200712383,-4.592263611864062
2015-04-02,-5.114784346592881,-4.840477066241092,-4.916715344711703,-4.945083831688168,-4.7648412345520885,-4.839043244109347,-4.962429033772094,-4.9849511709814225,-4.761565508701103,-4.843152144618976,-4.855629859227943,-4.846485093087859,-4.855540642916498,-4.8558669763493025,-4.855724273343004
2015-04-06,-5.193682373209441,-4.978230868835458,-5.07483668383628,-5.064082445565461,-4.902708650883593,-4.9786819831847255,-5.119655540703807,-5.107396338349842,-4.908699512654222,-4.982836098008003,-4.992762044023872,-4.982605265625544,-4.992485202772467,-4.99292858807992,-4.992858620864521
2015-04-07,-5.083562871085634,-5.0999880513920735,-5.189134388535271,-5.1853776838571815,-5.010380990229182,-5.102663441242212,-5.224767707667031,-5.231048791620036,-4.994851745190328,-5.111350870605834,-5.112264995493925,-5.104728772758274,-5.112194194390678,-5.112456003671716,-5.112339218244338
2015-04-08,-5.4784387442650955,-4.60012680751222,-4.752788440034267,-4.7150896976106,-4.564811483104245,-4.5983308067131174,-4.829743383696111,-4.7783837756651515,-4.58981527059684,-4.601547912406977,-4.625027972360239,-4.613519384699222,-4.62548216512611,-4.625228480332545,-4.625153639121779
2015-04-09,-5.602568328005141,-4.917947704487557,-4.970690846831936,-5.013403741334733,-4.844979921323206,-4.915575893925427,-5.003501499153619,-5.059309083430251,-4.830416607538564,-4.918045091171185,-4.9285767975376,-4.92182707873479,-4.928572088278415,-4.928801525297375,-4.928633293760492
2015-04-10,-5.231862487581179,-5.33759716208145,-5.388044373546041,-5.415820146202402,-5.281438466739397,-5.337485770807596,-5.416078121975438,-5.464244778965564,-5.275482624516234,-5.338267594733014,-5.34659641049453,-5.3413277155939305,-5.347019588317529,-5.346752313438785,-5.346633303400848
2015-04-13,-5.225036161405217,-5.253018158780639,-5.347099214730383,-5.343946251241729,-5.198250921080414,-5.2575994215621,-5.3988523278168055,-5.396580012017768,-5.1886461110778574,-5.269716116669825,-5.267169123677245,-5.2558697235743335,-5.267390279186542,-5.267343617657741,-5.267254025495086
2015-04-14,-5.26877635996137,-4.925908872264664,-5.063754917693778,-4.9875527514701385,-4.8987243498035875,-4.927139030711383,-5.130936685823478,-5.032537430434811,-4.9067208779888105,-4.936195691613,-4.94343779705514,-4.933561432290057,-4.943535697555252,-4.943485452166535,-4.943523804895381
2015-04-15,-5.169131921296058,-5.267770405970603,-5.319489409082885,-5.362269408060106,-5.162615780291315,-5.276402295957817,-5.333773455047026,-5.414321164948049,-5.120442607346089,-5.288158386952661,-5.275814473604699,-5.272351148501804,-5.275868917137971,-5.2760519991451815,-5.2758600202804
2015-04-16,-5.068022416569471,-5.283422866315627,-5.3097071704585055,-5.3810120968335555,-5.22189582904709,-5.284549179958454,-5.338525686103772,-5.424312815469545,-5.199023654515851,-5.285814879208273,-5.293136650303175,-5.289546105977806,-5.293271738464871,-5.293282755045811,-5.293163326493522
2015-04-17,-5.338764832594612,-4.831040147785575,-4.916740473815246,-4.924343507364288,-4.772051154369548,-4.826218625948328,-4.9695648413514775,-4.976848838526291,-4.763670920473198,-4.826826370287348,-4.846233407706358,-4.837124760785204,-4.846255456262256,-4.846422995162096,-4.846304103220211
2015-04-20,-5.2868241597040155,-5.280097506162631,-5.288813685664574,-5.357810074206448,-5.189027448145189,-5.28113718323744,-5.294864498893798,-5.393955785109077,-5.146126620833717,-5.284832764065036,-5.284659775067045,-5.282604887269581,-5.284841589767484,-5.284843532318282,-5.284677492898263
2015-04-21,-5.210585629140299,-5.08164699140882,-5.123032168741338,-5.170062135381613,-4.984801836531596,-5.082535596027365,-5.139093205152272,-5.2103520258249985,-4.955040798643691,-5.085677795536915,-5.088377529845408,-5.086336000801559,-5.088607653956441,-5.088610070892598,-5.088426104078399
2015-04-22,-5.078367391721923,-5.020618479455988,-5.041366483353096,-5.1065150493503655,-4.946838807202495,-5.018514793378897,-5.049518110700079,-5.144197857091024,-4.936209498081858,-5.02031654362086,-5.026436506705934,-5.024035026367903,-5.027027722007423,-5.026591675248642,-5.026456145484397
2015-04-23,-4.9008248134751895,-4.964204088264758,-5.023602549959501,-5.029273203920166,-4.925747937065339,-4.962740146629277,-5.058827891292522,-5.064863151090978,-4.931233421771043,-4.973818951011834,-4.973300084898765,-4.96900386165629,-4.973574697460523,-4.973449671785266,-4.973344768946973
2015-04-24,-4.835369353901328,-5.324968778391854,-5.292191119597842,-5.412201552410403,-5.274061653145646,-5.327052936590021,-5.290005185581316,-5.438183123849114,-5.262072437571835,-5.33576951440169,-5.324312548677508,-5.326828482707399,-5.325006799465164,-5.324554165777252,-5.324300253508762
2015-04-27,-4.888536723912679,-5.182134987135664,-5.191411924667634,-5.248871003099376,-5.148533354339821,-5.180767834232645,-5.206031266423095,-5.273429272229361,-5.1564694174270596,-5.185681481821411,-5.1865566879211,-5.184225067510411,-5.186762777725351,-5.186669690637758,-5.186576612141334
2015-04-28,-4.86752297111249,-4.982427342901191,-4.929401661008758,-5.0688155324093325,-4.96778248259147,-4.981132767008452,-4.921749889970129,-5.09398586713891,-4.958343435901973,-4.981325690610755,-4.981390186131697,-4.982774270194904,-4.981511107541395,-4.9816053091043155,-4.981373777087854
2015-04-29,-4.7046902719022405,-4.854512622630844,-4.844240103631959,-4.920528616710567,-4.7842241877818035,-4.853405459343266,-4.830733754265359,-4.9527726054665875,-4.76866435251771,-4.85418001396611,-4.854522578562617,-4.855863481262721,-4.854695663680514,-4.854815395048858,-4.854527558612348
2015-04-30,-4.786242195136695,-4.713533434682237,-4.707221080141723,-4.807642579910032,-4.666684250936727,-4.711716811923639,-4.73766293177366,-4.842707803806375,-4.6590858282303484,-4.71025277625741,-4.718757147989836,-4.717786721106295,-4.719107695339349,-4.718777505346793,-4.718785927434617
2015-05-01,-4.860532311374924,-4.991201820612151,-4.942811956276629,-5.082921591924224,-4.942201637761644,-4.992845144424744,-4.938603261448736,-5.103319892096987,-4.928881702595948,-4.995162288155357,-4.991666805309771,-4.992213179378533,-4.9919822006825525,-4.991742453299779,-4.991664563662052
2015-05-04,-4.801814940697929,-5.335808556016518,-5.2903988293145385,-5.433365898940224,-5.264263779840487,-5.338482024050094,-5.282861953109081,-5.460972132517437,-5.234945834535724,-5.339859058401583,-5.335884934095052,-5.336244753361907,-5.336139141351458,-5.336127661728183,-5.335893473382969
2015-05-05,-4.721909790134753,-4.872620819007261,-4.911559739371295,-4.958017368802159,-4.799349473830054,-4.8729469836544075,-4.931056051400791,-4.992965280524848,-4.78011247861066,-4.8727665194540615,-4.881912945439301,-4.876871360087552,-4.882090568893437,-4.882057692140361,-4.881955527315822
2015-05-06,-4.990406087100072,-4.58046629596266,-4.607549287258141,-4.650778238049811,-4.547776241509399,-4.580944424966164,-4.631166747768259,-4.674930816547901,-4.540108459821068,-4.579628657884763,-4.5871765544821255,-4.5833228893943705,-4.587256800260417,-4.587236690830059,-4.587203768115218
2015-05-07,-5.21196127291976,-4.801842690564802,-4.893725964285594,-4.878009938707844,-4.722889391873214,-4.801896023651955,-4.932017336035034,-4.914398712602725,-4.714357179718494,-4.803779434820779,-4.815254463078737,-4.80780077640377,-4.815085618743641,-4.81526018854494,-4.815305655480062
2015-05-08,-5.207198833876791,-5.295461871258088,-5.261669558662207,-5.367291141269629,-5.221361039274507,-5.2955196510378535,-5.259798286734488,-5.391246625067623,-5.183795843728011,-5.300522138985866,-5.294898141189715,-5.295519086500327,-5.295091819756477,-5.295051393780481,-5.294906328414993
2015-05-11,-5.324316168273343,-5.067380609071214,-5.163420848330225,-5.141223765456222,-5.020514109266322,-5.067836801149612,-5.2101395564041955,-5.1912227264572985,-5.0176701285439185,-5.0729559074618535,-5.084375716569536,-5.077117221195406,-5.084102449943846,-5.084384694697141,-5.084432851088815
2015-05-12,-5.814088792741429,-4.707930224924256,-4.809711374043382,-4.777202112316832,-4.693410983401862,-4.710427937206307,-4.847297354771022,-4.826926848036934,-4.715472701390106,-4.719994748996298,-4.724447341650146,-4.715946862946028,-4.7243771430564925,-4.724456949342665,-4.724481930795802
2015-05-13,-5.918442152083573,-4.973822158424191,-5.061721968761148,-5.035509868584788,-4.939448957999219,-4.976019079670497,-5.102885087584722,-5.067815212808834,-4.943431635382494,-4.981675129981473,-4.988768858010468,-4.981730817940219,-4.988759781786104,-4.988756700343104,-4.988814584672981
2015-05-14,-5.961901003319418,-5.358516551742735,-5.366669964822578,-5.433311605371218,-5.30324797116903,-5.357327139212374,-5.374884347604845,-5.470763092909829,-5.27012453161732,-5.3646024134587735,-5.36388906098764,-5.360670737609569,-5.364139252161727,-5.363995515833287,-5.363897737158512
2015-05-15,-6.003635130733289,-5.3474113759756765,-5.364109539128153,-5.394717697275688,-5.288746038257004,-5.345346160721033,-5.381354002566492,-5.422426098949625,-5.253611309233972,-5.345336683912497,-5.352349631432506,-5.350662058995321,-5.3526166318695285,-5.352442570551375,-5.352372898191096
2015-05-18,-5.798718206190944,-5.552170807839321,-5.559543071032615,-5.619374487320778,-5.510129018397349,-5.55134061270587,-5.572037006121925,-5.6377773254567884,-5.484917789285862,-5.549391256330524,-5.557322320922575,-5.553760847036402,-5.557158983721992,-5.557446386323162,-5.557336416780484
2015-05-19,-5.687579187515876,-5.523189860593449,-5.506148502432385,-5.573104872371318,-5.492379350802524,-5.522610018978395,-5.50447995897999,-5.594997148699329,-5.478776373547394,-5.521239972222775,-5.524184762655378,-5.523881131587434,-5.524304083004148,-5.524359600180609,-5.524199689811621
2015-05-20,-5.659150753493686,-5.302097790098218,-5.364848911757719,-5.389102810459471,-5.259781733797818,-5.302358596297317,-5.392316389046688,-5.442755876744006,-5.248791954160513,-5.305730662748181,-5.31514193585492,-5.30963607068782,-5.315498133242931,-5.315301723251913,-5.315163012406259
2015-05-21,-5.380001596916948,-5.6529439462284685,-5.613390224901252,-5.709647457798691,-5.620884273364345,-5.652041425969771,-5.610949917543017,-5.745029865989404,-5.612399759812533,-5.650187153107236,-5.653745651893306,-5.654116460751366,-5.653873019320114,-5.653989745069498,-5.653738557667559
2015-05-22,-5.150336741636407,-5.642909913270175,-5.656409030635708,-5.703625028824735,-5.602884382505913,-5.642955256983318,-5.664939340514876,-5.727965837695294,-5.589051757133311,-5.643858701806784,-5.647703983980811,-5.644362471403754,-5.647649204413463,-5.6478351427976925,-5.6477140236383825
2015-05-26,-5.0702398674655385,-5.332684977588689,-5.381876645042995,-5.387861858257781,-5.298953189000252,-5.333051606433969,-5.403916774365297,-5.4235200810456,-5.290388231910631,-5.335240415400698,-5.342378150481081,-5.337090605277936,-5.342302679935876,-5.342403649081376,-5.3423974027364185
2015-05-27,-5.080235409052487,-5.316994536853277,-5.38677630456969,-5.374664410156368,-5.256425298552182,-5.314710021882579,-5.404859117638179,-5.401557744813697,-5.231615955383669,-5.308791313427287,-5.326437037393477,-5.321247166238555,-5.326421919188699,-5.326536776065908,-5.326482017628846
2015-05-28,-4.893487462730228,-5.223676010266058,-5.326273703591577,-5.279262409569861,-5.1846377021457615,-5.224752073554432,-5.348119196376299,-5.316272847029194,-5.1834516979097875,-5.22815636649818,-5.237300567732566,-5.230644928621546,-5.237202343193118,-5.237404516277027,-5.237347686846851
2015-05-29,-4.894109075601762,-5.047446321033607,-5.133964040529885,-5.117305542661736,-5.0284683977896,-5.049739535745173,-5.152792601380917,-5.156256127833268,-5.040821408383067,-5.053710654846895,-5.060233480697631,-5.055527781161223,-5.060477798442597,-5.060317948557803,-5.060275494003368
2015-06-01,-5.014410154457241,-4.9778471287005175,-5.034104372433665,-5.030508941157243,-4.973224737605043,-4.979779370628958,-5.053014132176645,-5.052532445428854,-4.9943241064995,-4.985981009781672,-4.986136925791409,-4.981732792738875,-4.986286690420696,-4.986131467276524,-4.9861594492594685
2015-06-02,-5.021079677309286,-5.025813893915998,-5.120646234700976,-5.0950967949444435,-4.994559787560569,-5.027018837992551,-5.154188323225823,-5.141449579011214,-4.996863118225181,-5.0328904297120935,-5.041344867810053,-5.033570546116163,-5.041208660089737,-5.041395433292481,-5.04139687210181
2015-06-03,-5.002799944311536,-5.2209909298799575,-5.287519110246288,-5.270895076857389,-5.184290452829803,-5.2216721349218425,-5.308655574474778,-5.309892930617665,-5.188561646205775,-5.225646514876659,-5.231082338507909,-5.224764966253831,-5.230948825769146,-5.231098923927568,-5.231106107958491
2015-06-04,-5.291195957331643,-4.783447034443177,-4.941384249001831,-4.844886999130743,-4.762584951675105,-4.785358213929083,-4.998102327211479,-4.892557272209304,-4.782500711108119,-4.793773409598106,-4.805953613704271,-4.799686112660298,-4.80596515782895,-4.80592135533505,-4.806023900341901
2015-06-05,-5.366558068232691,-4.939739043131235,-5.030997400750423,-5.017279191199105,-4.888689600219132,-4.940957807759322,-5.076792461536201,-5.0616421953034525,-4.883944720797432,-4.947951255290002,-4.9562138349718365,-4.9482907555337095,-4.95607220586903,-4.956226322916926,-4.9562533737356995
2015-06-08,-5.160772079129801,-5.2308995288198,-5.348531502319351,-5.289180998007679,-5.189437884287114,-5.231719016539548,-5.393724747688451,-5.3258163376019345,-5.192543637622039,-5.2364494639070385,-5.246922368592434,-5.238975630968708,-5.246547410664714,-5.246848481474437,-5.246964567694477
2015-06-09,-5.242687468631924,-5.044453612506295,-5.206141970822184,-5.087765977597426,-5.004405399522668,-5.044018507808058,-5.258007756582427,-5.106213519451867,-4.994680122508537,-5.041771443976087,-5.063045749784244,-5.056581831868456,-5.063418682026064,-5.062925859471805,-5.063102575992005
2015-06-10,-5.05496424397366,-5.164040638444494,-5.270116402762959,-5.206797102741711,-5.147202898590806,-5.1657151097053555,-5.304956870136304,-5.233736638937997,-5.148563908864828,-5.17392750610146,-5.177671263122599,-5.1713129570639085,-5.177561423060315,-5.177665436284531,-5.177714760433256
2015-06-11,-5.028135433895472,-5.334996162533989,-5.445933635092227,-5.380886323656664,-5.299085692582742,-5.335280059205604,-5.48087095192521,-5.411803185744625,-5.295332783722405,-5.338562068395217,-5.349303961558169,-5.341314476530294,-5.349453096002381,-5.349258539018271,-5.349339658959174
2015-06-12,-5.128415630912037,-5.1888682783622535,-5.350957425895019,-5.219340473192696,-5.17724541064966,-5.189382943878912,-5.40407153750127,-5.234905082850209,-5.1937659454804725,-5.191166653629473,-5.207923071085139,-5.201365202514664,-5.2078535561335455,-5.207804377811067,-5.207985137804581
2015-06-15,-5.372068988795492,-4.974684560051443,-5.133649494914916,-5.0100483044039805,-4.9487010351777085,-4.975023993739674,-5.182106900865628,-5.031673564977761,-4.965542437550853,-4.979813403987917,-4.994097331819098,-4.989640866012168,-4.994807734296111,-4.993991443477513,-4.994164442058681
2015-06-16,-5.457556204351421,-5.24194502319409,-5.302697923605397,-5.289983205250377,-5.240619348329477,-5.242073022492649,-5.34296178337893,-5.311982407319223,-5.257073967376962,-5.247790499623139,-5.251720082993655,-5.245901888963085,-5.251672903749136,-5.251707382377523,-5.251745981993547
2015-06-17,-5.79555781791102,-4.90026680184488,-4.99706931403058,-4.9768914731889415,-4.882964160292463,-4.8995373562787865,-5.041038452960329,-5.029190857184865,-4.900943210539337,-4.909571499674894,-4.917603836780591,-4.908455831557756,-4.917478399151796,-4.9175727734011625,-4.917642577996948
2015-06-18,-5.784667458372213,-5.179388025270703,-5.211281711931968,-5.239027293191038,-5.144600198624218,-5.179570843788626,-5.238740125852757,-5.270488460422924,-5.157434271852349,-5.1868216762567405,-5.187571192074466,-5.181853258936073,-5.187872377028256,-5.1876597259370225,-5.187589610344219
2015-06-19,-5.526522923244346,-5.380608400412837,-5.415069660767003,-5.441974705771393,-5.342114377799121,-5.380938286177966,-5.4432821430573535,-5.4635656678297035,-5.3365009441057625,-5.38480881392977,-5.388291170529636,-5.383963759095016,-5.388445755465204,-5.388316003520991,-5.388298924478932
2015-06-22,-5.260918081912087,-5.423060612719834,-5.532161193294915,-5.4824074542065775,-5.387455547480982,-5.423427339146458,-5.580580160423596,-5.516256438550207,-5.386492767148828,-5.429317578396862,-5.439696282204218,-5.432134216813775,-5.439731211111013,-5.439665422125328,-5.439738744560999
2015-06-23,-4.974924350942639,-5.474539788553838,-5.555315480564611,-5.5350927643803205,-5.436967212217366,-5.475351167610562,-5.591608550441812,-5.567326466328597,-5.429690181017411,-5.4839068100418995,-5.488795905963287,-5.48025682190166,-5.488804921215106,-5.488777669362651,-5.488832385086161
2015-06-24,-4.9048587022287435,-5.389135067225273,-5.485122611282456,-5.441385200071339,-5.363021016593882,-5.389848308016524,-5.52068405910014,-5.477998153174644,-5.36010682956479,-5.397499022300001,-5.403495709151202,-5.399181390670639,-5.403727268236137,-5.403585287543275,-5.403548927244014
2015-06-25,-4.93668520111457,-5.341732786779922,-5.420112554646445,-5.389484123673226,-5.3233734983990475,-5.342660497097928,-5.441657843660663,-5.414461204974701,-5.333991111566098,-5.35563503695224,-5.352554963443693,-5.350433007409091,-5.352988595335698,-5.352666000174969,-5.3525670976591755
2015-06-26,-4.909953068519206,-5.115319320514924,-5.239251930232049,-5.1772128081587345,-5.097759309277181,-5.115659410469963,-5.281127584673311,-5.212481131114758,-5.114317723213426,-5.1205287967686015,-5.1323154355430765,-5.123744073028751,-5.132322057179541,-5.132334061073342,-5.1323774611095
2015-06-29,-4.658879247605643,-4.974925740069845,-5.063397249001132,-5.019587716267736,-4.958468205923996,-4.975644489735387,-5.094650849980953,-5.045958457515947,-4.971050130350809,-4.982048484801804,-4.987378363438117,-4.981340112838054,-4.987451112265222,-4.98741180505226,-4.987407108353689
2015-06-30,-4.521948896308148,-4.822180554160537,-4.891503020496806,-4.87552013531435,-4.8312956487697445,-4.822979780049668,-4.933841011421949,-4.908552123965298,-4.856237704810876,-4.829367808800597,-4.835524032491562,-4.829188352041756,-4.835410545024702,-4.835521906773825,-4.835549984952415
2015-07-01,-4.471271771645941,-4.992130265435066,-5.054076597238823,-5.0404451712282325,-4.9659846600804975,-4.992549296686735,-5.083697067883708,-5.050002108735518,-4.964059672867841,-4.99216747103562,-5.001517058818801,-4.997316248040128,-5.002037797676307,-5.001560825732257,-5.001524721153736
2015-07-02,-4.4364176345976665,-5.235200014953235,-5.27012036291193,-5.2926950084552065,-5.211060971768796,-5.23676138353278,-5.295077959251954,-5.320627466867549,-5.217084589473751,-5.245912193361709,-5.244679819388885,-5.238649816827317,-5.244813940955694,-5.244765641154588,-5.244690999523935
2015-07-06,-4.528351589984521,-4.913137561255859,-5.0202407715647785,-4.964826767595082,-4.8730731317677165,-4.9133006275997255,-5.059326351014481,-4.977648506445272,-4.873919369540729,-4.912717522525503,-4.927026512260464,-4.924450350995438,-4.927303945399626,-4.927052442804869,-4.927071639663797
2015-07-07,-4.928995792307115,-4.548251711655116,-4.552071050441396,-4.607337118949018,-4.494740299182381,-4.547780968646609,-4.559137514821974,-4.626517679144318,-4.463206168962705,-4.547200897007898,-4.550786953496209,-4.549365559042941,-4.55091660199392,-4.550879175904612,-4.550801418817936
2015-07-08,-5.430373473913398,-4.521947275594953,-4.605131806878383,-4.5793332531418525,-4.470564876910742,-4.521407718004058,-4.635577441934912,-4.60655770255877,-4.466843027986342,-4.516901977972873,-4.533846153253181,-4.52992759335698,-4.533802549201043,-4.533903147838372,-4.533907150537663
2015-07-09,-5.838438491043603,-4.724664014513115,-4.831739973981902,-4.780714409647959,-4.6886979888107465,-4.724665123721183,-4.866696672792063,-4.813840912991139,-4.6853799885356615,-4.7239655940652465,-4.739842209366853,-4.734714595833409,-4.739939687202395,-4.739852601261406,-4.739891041928255
2015-07-10,-6.136433075141753,-4.90602987413629,-5.030892292061663,-4.977186149285315,-4.83901327766412,-4.906056396001558,-5.072356769781857,-5.0333720717433685,-4.824336331388546,-4.908789940308214,-4.9257374378041,-4.918695508442923,-4.925712896753602,-4.925853409143755,-4.925812107750212
2015-07-13,-6.169525233467658,-5.145900446997814,-5.22061950643545,-5.192927844238322,-5.077755528694806,-5.145880462182227,-5.245505250175469,-5.214686261868918,-5.052323312076992,-5.14502672224021,-5.155675657710887,-5.152492504841102,-5.155670932555695,-5.155708132201039,-5.155699730749504
2015-07-14,-6.021439280563751,-5.490282010508342,-5.482982493994174,-5.562844220706236,-5.427467493979744,-5.490186258448912,-5.490842267935073,-5.596748684274228,-5.3827800142087625,-5.4898745646618865,-5.493698740564885,-5.491291109874992,-5.493910392152176,-5.493880149471936,-5.493704294130535
2015-07-15,-6.04745908039337,-5.269227931920154,-5.328500023162731,-5.326601370985215,-5.207560951459078,-5.269365460080871,-5.362006138715609,-5.353223109511518,-5.169940121201038,-5.2633257427389015,-5.279348004652004,-5.276198823606474,-5.279307233422024,-5.2793675720619,-5.279386458612782
2015-07-16,-5.818209352556289,-5.618304608961646,-5.580856054770821,-5.675169914430706,-5.566273442835679,-5.618984823327209,-5.586277620014905,-5.694178679504742,-5.51884121269884,-5.6161489273030645,-5.618958811041766,-5.621040775335497,-5.619284735221912,-5.61917377544235,-5.618939994275161
2015-07-17,-5.5845180612671275,-5.764484807837294,-5.686839973878659,-5.8274414685422204,-5.709870140330702,-5.765618513295131,-5.696446575232228,-5.844382174303791,-5.6773415577112365,-5.759738327471054,-5.762969248482968,-5.764959904396523,-5.763124310691083,-5.763209567147062,-5.762957416453759
2015-07-20,-5.302541917562305,-5.610037733902459,-5.593278431616731,-5.681900904128636,-5.55980236029691,-5.610886517565139,-5.611918539847574,-5.704124642681431,-5.540260868493781,-5.606249300377499,-5.614105316368258,-5.612401728272174,-5.6143133686309605,-5.614347441569715,-5.614114122638879
2015-07-21,-5.184032052995904,-5.500163415224422,-5.4471406601574355,-5.55816012896105,-5.451273235527126,-5.500594156627657,-5.44694869316616,-5.566913278412272,-5.42618415953654,-5.496767835466783,-5.496969713887255,-5.5009237994621625,-5.497173461938026,-5.497240992512066,-5.496965833390406
2015-07-22,-5.066338824204408,-5.469538887735941,-5.406878116659872,-5.5309993540932005,-5.416889441975223,-5.469727579242046,-5.39927060892187,-5.536134483593215,-5.387706359472194,-5.470481451114007,-5.465527005144599,-5.470388571690476,-5.466431469069221,-5.465744266419162,-5.465505624603948
2015-07-23,-4.996669570169219,-5.286659446043207,-5.221900609686562,-5.347759789537709,-5.231894278034838,-5.2867455686337514,-5.224720743438071,-5.364067854280074,-5.187467099161456,-5.284476662573333,-5.282924091871772,-5.286742289623374,-5.283055420352944,-5.283056936286818,-5.282915413340119
2015-07-24,-5.044241903665155,-5.193545846375046,-5.125822876454519,-5.254019890311479,-5.157865435144792,-5.193686733220945,-5.115902626707146,-5.270665145821961,-5.15467949341954,-5.191415588175546,-5.187164939097777,-5.193653790461556,-5.187960419511845,-5.187345207769481,-5.18712562931349
2015-07-27,-5.106587518987271,-4.965048625929693,-4.976971965377411,-5.037091401816595,-4.922200035333105,-4.965177344231424,-5.002543500066174,-5.056689955417916,-4.911578619500794,-4.961853003191698,-4.971043967070348,-4.9673307659675,-4.971286541917873,-4.971183557715252,-4.971076583159889
2015-07-28,-5.093641871732777,-5.046745119736594,-5.011739154797423,-5.107514312423847,-4.9744028240862725,-5.047381838102543,-5.01928753064436,-5.114938612588161,-4.934785768306827,-5.040241483527998,-5.044594251572146,-5.046800115496624,-5.044595901118735,-5.044833413271899,-5.044617033368743
2015-07-29,-5.185967382118964,-4.985589696815112,-4.92035199679886,-5.057227624463487,-4.92169332797552,-4.985915529746588,-4.9177041183091195,-5.067355595755855,-4.888480516530662,-4.985389507907522,-4.981459200085856,-4.986887662026852,-4.981740778177929,-4.981833445848922,-4.981465182503972
2015-07-30,-5.187333624643358,-4.960037061419576,-4.955866627669955,-5.055995226197757,-4.908761923601612,-4.960628954548091,-4.9793214075896115,-5.0907244323188845,-4.885328839476935,-4.959887535919062,-4.9671478367716615,-4.963587267218955,-4.967249984680895,-4.96745393964969,-4.967206074079986
2015-07-31,-5.095470146811947,-5.198335240667412,-5.163375305169178,-5.272129240663825,-5.140539294400574,-5.198779337901536,-5.160318385272348,-5.295599749619446,-5.105599827059654,-5.197509856361353,-5.198214752219218,-5.199648385768372,-5.198380605710466,-5.198488661741451,-5.198235705742762
2015-08-03,-5.249473329639556,-5.023390736683719,-4.9768723158190635,-5.09300347569491,-4.962997653941433,-5.024982618081082,-4.9942707801516635,-5.104999426069855,-4.9194897565431415,-5.019916853018118,-5.021643767814215,-5.023614544571117,-5.021688171551901,-5.021768161563973,-5.0216591406086595
2015-08-04,-5.222025604343902,-5.015726122502962,-4.939070842076551,-5.078215071035778,-4.962873568603467,-5.018181607485138,-4.949790057449112,-5.078450179854026,-4.933095670142816,-5.014376027654311,-5.010879618590786,-5.01562892425058,-5.011893373740141,-5.011085515706904,-5.010862504606559
2015-08-05,-4.913893563342717,-5.200761600397539,-5.0875834473114585,-5.277555983716575,-5.133222804895586,-5.204182454993938,-5.098532623207864,-5.275132008972684,-5.073654099648489,-5.199765999483063,-5.193030056984052,-5.198945040651092,-5.193336061871145,-5.193317423303224,-5.19303165903917
2015-08-06,-4.843774196443013,-5.041810161493655,-4.972361782388646,-5.132708787327933,-4.95626729254661,-5.044865537293618,-4.983104880689536,-5.132421879394671,-4.884384059728487,-5.0408671065279345,-5.038344208148262,-5.041689133778426,-5.03891528964461,-5.038588443197616,-5.03835241663121
2015-08-07,-4.9152817738166386,-5.0769239380426265,-5.01386273613588,-5.169326322176848,-5.011183990174555,-5.077868120434302,-5.033946578893526,-5.184537188417628,-4.972330513162008,-5.0770294362013635,-5.076475728506648,-5.077174968872147,-5.0767305301025285,-5.0766700869251355,-5.076477084545767
2015-08-10,-4.862564456408835,-5.496233432601851,-5.368421148353979,-5.593711148162098,-5.421027566132555,-5.497863306540014,-5.3587353443998005,-5.603353156318055,-5.362903961890222,-5.495760627991231,-5.487264730863421,-5.492592948153801,-5.487326798544315,-5.487606340770376,-5.487253533763122
2015-08-11,-4.939422874121609,-5.075134406176609,-5.04325226621333,-5.165104225202079,-4.992561612053557,-5.076575515426037,-5.0625662407447,-5.196150888969147,-4.944696950776017,-5.074357722864488,-5.078710797782861,-5.07787854067036,-5.078834349389708,-5.078991809859746,-5.07873830828834
2015-08-12,-4.926516312348412,-4.7619672241943976,-4.660131941263151,-4.827460392413907,-4.691075176107839,-4.7632704669532515,-4.656624103665759,-4.83941868352978,-4.640761160668079,-4.759821791721995,-4.753911629331554,-4.760314682109751,-4.754186872706248,-4.75416508695548,-4.753919979710242
2015-08-13,-4.667587137704183,-4.849410308412603,-4.852878463129069,-4.918616731565733,-4.783278002302884,-4.850805527964773,-4.8819320525251335,-4.944509829821756,-4.749096277156042,-4.848593207646153,-4.854129259863643,-4.849949193271674,-4.854220742098107,-4.854228835916669,-4.85415237397236
2015-08-14,-4.093074472581143,-5.189758300792269,-5.180126105969927,-5.269134933003369,-5.127392972750542,-5.190549243396217,-5.1916962660605,-5.285134195376912,-5.10197581118746,-5.189505159121327,-5.191437825777813,-5.190436542938249,-5.1917644115352495,-5.191598024735518,-5.1914480552170925
2015-08-17,-2.681316534193619,-5.133285916755586,-5.132131421951643,-5.185974572443352,-5.078411420998044,-5.13411597834134,-5.144732658499781,-5.203315105233427,-5.055397101567119,-5.132429239635114,-5.1342961366118205,-5.13340410662127,-5.134258054952079,-5.134426043550505,-5.134315613214572
2015-08-18,-2.431651803947793,-5.1210129950181615,-5.225299332869346,-5.169667407344218,-5.063825546473311,-5.121514099915817,-5.254372581442638,-5.180034213188531,-5.03689392817246,-5.115088769787382,-5.133384874577152,-5.127998084244594,-5.133362824308676,-5.133468382639753,-5.133458135797261
2015-08-19,-2.276359524426723,-4.701156784217604,-4.719404534995229,-4.755902729038112,-4.64522703614493,-4.7005229443867345,-4.729912102060579,-4.773926016767822,-4.607042832652396,-4.693087563705729,-4.703869302185404,-4.701952843785199,-4.704272217463374,-4.7040830456316165,-4.7038956884717855
2015-08-20,-2.218255281475697,-4.486506197119763,-4.5634898912246165,-4.535131226493404,-4.421444188237722,-4.484453677861754,-4.578373189636554,-4.563424973538802,-4.386649021123999,-4.473036178634461,-4.496504465571016,-4.493416401173946,-4.496561684742351,-4.4966724154183755,-4.496571745579718
2015-08-21,-2.2473151501230464,-4.066694684450846,-4.0586185108953785,-4.102092985127739,-4.056620791086136,-4.06087122727942,-4.059748744817985,-4.108357167247853,-4.036651634386388,-4.040066782648207,-4.06606412145388,-4.0660697527773415,-4.066355187616521,-4.066164247106725,-4.066101160176272
2015-08-24,-2.8640066234640593,-2.891500378616897,-2.3960473800600086,-2.959714498729161,-2.966132239171622,-2.8900493002052343,-2.248390608537954,-2.989890448666364,-2.8667142676880504,-2.908205411564791,-2.8416223574165174,-2.849275742680056,-2.843772389119199,-2.842564627518854,-2.841444823491752
2015-08-25,-3.0981020271893662,-3.1240991052036398,-3.137100052970264,-3.1878787591445437,-3.1618270937189443,-3.1253945020031093,-3.145172959032634,-3.2198339136224967,-3.1754028378279195,-3.130639526835568,-3.131817069432896,-3.127645195874879,-3.131781876482812,-3.132049554899092,-3.131861314184795
2015-08-26,-3.406800366369533,-3.109243534010151,-3.0399873052002038,-3.16530858437336,-3.1319856218960958,-3.104647956120697,-3.014945814789338,-3.1924721251063337,-3.111505081384635,-3.104694432582927,-3.105398741902843,-3.1077823125052664,-3.105576748667969,-3.1057343214711586,-3.105415901176076
2015-08-27,-3.6048240308803283,-3.2748314225073663,-3.3136868226723637,-3.3360381484404016,-3.252475953529476,-3.2663943822810286,-3.321580225576896,-3.3628425608454537,-3.231700145972459,-3.2465436681287048,-3.2826929196874897,-3.2792953884633063,-3.282783992640569,-3.28288823344135,-3.2827485892185577
2015-08-28,-3.6413524140000537,-3.535179193214046,-3.7014617170442343,-3.6044644817492753,-3.414902422511049,-3.5201410814267584,-3.727444983461663,-3.6370301152270494,-3.383024427641675,-3.476064565138055,-3.555381090373288,-3.5513687134373924,-3.5555223313602378,-3.5555581868382338,-3.5554848225394053
2015-08-31,-3.714792830743833,-3.7468637053414353,-3.8353398589443195,-3.819589392230141,-3.649855234553346,-3.7335060769037023,-3.8454537130342095,-3.8522915147434715,-3.616276566625813,-3.7037082177841314,-3.759443698409919,-3.7565545282232033,-3.7596095433463743,-3.75969660773034,-3.7595207676680675
2015-09-01,-3.8822515463139187,-3.527202058562249,-3.6261391676188994,-3.595693388545579,-3.469490140576205,-3.5189421978981437,-3.6454853475674867,-3.6295205723544246,-3.4436993499259816,-3.5033804008073814,-3.5420993053693146,-3.5372682278846383,-3.542209488441272,-3.542348774400187,-3.5421788465923227
2015-09-02,-3.906876745153816,-3.730836017456313,-3.8209672387127513,-3.8020873765098653,-3.65082898060061,-3.720997899406782,-3.832702010962697,-3.8389010667331305,-3.626810573477436,-3.704741325358235,-3.744699153003094,-3.741470003428516,-3.744881238486912,-3.744951616905885,-3.7447758667352655
2015-09-03,-3.996056787329089,-3.867155580863088,-4.018457157170311,-3.929106947163867,-3.8204667776785954,-3.8601327621799513,-4.058215262074461,-3.955126006245193,-3.814880573380008,-3.8391352521180435,-3.88766108264924,-3.879278791377967,-3.8878144559939343,-3.8877440202647633,-3.8877499158470803
2015-09-04,-4.112824024161371,-3.8978470539638144,-4.068650933237191,-3.9585919496637207,-3.8917015094015324,-3.8967708661902933,-4.123505110192993,-3.984788664183328,-3.9222341855370892,-3.8886179195664634,-3.922175484170541,-3.915829792923432,-3.9220123602021615,-3.92218239630753,-3.9222648470606627
2015-09-08,-4.14947073111727,-4.13044832120834,-4.305333672877168,-4.198150261880236,-4.086048866185435,-4.126101582500469,-4.348059500569412,-4.229850344907578,-4.099186277761157,-4.109291447540864,-4.153658210209324,-4.147224827550634,-4.153696528514264,-4.153700243782041,-4.153741039400765
2015-09-09,-4.365448274894757,-3.890585643094007,-4.062257694072109,-3.9544620726485227,-3.852141370966585,-3.8827267703206214,-4.111142972336598,-3.9864868960485316,-3.8630822628286965,-3.8608308459653444,-3.914204649354874,-3.907056830824121,-3.9142299051680034,-3.9142276381443373,-3.9142979708947805
2015-09-10,-4.157206586674023,-3.8557963097161623,-4.055003341876918,-3.924025390497566,-3.8045118103181905,-3.8487160197215187,-4.1132027340305095,-3.951773763822485,-3.7972239588261547,-3.8250050693517657,-3.8815561162614793,-3.874402586759629,-3.881509772734229,-3.8815905565563895,-3.8816575239145577
2015-09-11,-4.019075323187317,-4.117685945670641,-4.301661637517914,-4.182833857752533,-4.064499381385591,-4.112343636019518,-4.347888233237347,-4.213544885918247,-4.072563802692269,-4.088993251112822,-4.140979893505111,-4.133630811152226,-4.141028309927036,-4.141007319493504,-4.141069915758608
2015-09-14,-3.932425699461827,-4.242739046717497,-4.473472260750436,-4.309160642693846,-4.208101424002009,-4.238609174309056,-4.5426247786462515,-4.344525169134032,-4.243796865106041,-4.218710270174929,-4.274093211884214,-4.2647243503458165,-4.273953411276312,-4.2740566915283145,-4.274213760916094
2015-09-15,-3.856900143993603,-4.328164625358951,-4.4693848172591295,-4.393836662969281,-4.273283915909488,-4.323725095850603,-4.509454301942924,-4.425410667876247,-4.278487548149693,-4.301762687605009,-4.347404344869773,-4.34098740128551,-4.347373716241877,-4.3474816554177265,-4.347486638140062
2015-09-16,-3.7881373531676346,-4.36254701823139,-4.489053015832683,-4.431630007195375,-4.3099426780183965,-4.358872476407272,-4.530910127473347,-4.454427273153509,-4.302537323418162,-4.338436268770688,-4.38005105524834,-4.372904125686464,-4.379964044606959,-4.38011906791456,-4.380131812473936
2015-09-17,-3.955539032512571,-3.736535887660224,-3.7695342876780544,-3.7931344200514636,-3.7347979452566458,-3.738373369867412,-3.801365147739067,-3.827753682921989,-3.738892114150165,-3.740136783807096,-3.746955344445904,-3.741046175123107,-3.747007260398739,-3.7470828566940204,-3.747001109850339
2015-09-18,-4.021279795992235,-3.876758245747868,-4.002656596232986,-3.9425791719104524,-3.8888654618178533,-3.878919232066698,-4.051650648552505,-3.9824985350375175,-3.9210621745641028,-3.8838958656634897,-3.899518967748622,-3.894253526390803,-3.899366710606839,-3.8996288407765545,-3.899598636437191
2015-09-21,-3.9602429042455825,-3.966787024503912,-4.099398093048258,-4.01589677594549,-3.948147180153632,-3.963495056901022,-4.1456317452391955,-4.036680548092599,-3.947982681722207,-3.9453016075334073,-3.9849964444377,-3.979282796406889,-3.985222540181769,-3.9849676986076803,-3.985062538287779
2015-09-22,-3.756094456038167,-4.001515846448018,-4.106641318938359,-4.06235926306246,-3.9748710703088723,-3.9975822672659365,-4.1474040288625575,-4.087772117728661,-3.973483597987826,-3.9844338479785852,-4.019400176183932,-4.012989012250156,-4.019373975352547,-4.019494885140458,-4.019470948881743
2015-09-23,-3.7100273041277783,-3.9904600560785406,-4.1503655965013015,-4.043729365992413,-3.955147637013025,-3.9859566483760513,-4.202378752783833,-4.065665668217006,-3.969796133859923,-3.967409188256191,-4.013492072485716,-4.006654244614348,-4.013436241943246,-4.013509346986618,-4.013588408157151
2015-09-24,-3.6578426243528326,-3.962187464118388,-4.039404606457727,-4.012627115530346,-3.908727390431441,-3.955301640606558,-4.070664185768061,-4.0294526670989566,-3.888057481456211,-3.9326206718803736,-3.974149844209715,-3.9690445838554993,-3.974329530779815,-3.974292229907018,-3.9742126861112363
2015-09-25,-3.58795285594828,-4.086108720712649,-4.1884694518290795,-4.142870344688225,-4.0808925166374745,-4.084587409878101,-4.215875136350671,-4.164115470886837,-4.095585930467233,-4.077632289506902,-4.102416127106779,-4.096209782458791,-4.102354609091165,-4.102554425039733,-4.102492264552737
2015-09-28,-3.716101316432238,-4.015313312887488,-4.108150294490998,-4.066749431205828,-4.029594730379742,-4.009707708465077,-4.145036460950397,-4.07475967662908,-4.042637123014862,-3.988632482611808,-4.029998643807279,-4.02250020582374,-4.029804276593998,-4.029989381655292,-4.030069462967635
2015-09-29,-3.9187083962607803,-3.818400099333752,-3.8777422827205377,-3.863926030783039,-3.8109205387370775,-3.8086277027056816,-3.9044742623319935,-3.8704801427455604,-3.8010230039310366,-3.7854624674861257,-3.827720236975944,-3.822923332610285,-3.827789671903685,-3.827770690850753,-3.827790596387802
2015-09-30,-3.9610075518297987,-4.006735159294092,-4.0495266556921505,-4.048964373276655,-3.961227202674622,-3.9934558400064897,-4.056949408024929,-4.054957978370025,-3.931665424595986,-3.9518237474865843,-4.011492021225647,-4.009628589890682,-4.012340748080833,-4.011631507849641,-4.011558398896889
2015-10-01,-4.159296340950882,-3.8716091498213454,-3.8875732465915314,-3.9167299962100666,-3.833474688340513,-3.8598049056846526,-3.8926509172971193,-3.9318783526909007,-3.795571638383947,-3.8347684245105516,-3.875795399079889,-3.874975908540432,-3.8759520151899305,-3.87602137424762,-3.8758454878680437
2015-10-02,-4.425493696912994,-3.886564033297044,-3.925664188510306,-3.9290536748894653,-3.827278256158342,-3.8762067394146427,-3.945568470421531,-3.947786682437267,-3.7956892440313688,-3.8483247370656612,-3.892744153472044,-3.890570970210609,-3.892743260590701,-3.892865609433694,-3.8927949579112475
2015-10-05,-4.472312797387466,-4.411958168993356,-4.38109621546422,-4.463607987396106,-4.306248754658175,-4.400659967104468,-4.361667524895681,-4.48730281999346,-4.223595900656365,-4.367399711574114,-4.407644642414335,-4.412610806653488,-4.407970557738474,-4.408081273170007,-4.407674094935149
2015-10-06,-4.624186692499988,-4.195482913722811,-4.263811903152946,-4.2544622561832695,-4.073537591212145,-4.1826656358378225,-4.2716162215757505,-4.2751300029020305,-3.9946876881389297,-4.147326378655128,-4.203613948891759,-4.202278477606182,-4.203853911178832,-4.20389834213608,-4.203679151935617
2015-10-07,-4.6860852424064205,-4.159107466891292,-4.093979184830116,-4.218967325330875,-4.026375066807998,-4.146642973942114,-4.075933494686493,-4.233027750467037,-3.9231709597311597,-4.110486724251412,-4.150389754317398,-4.156638192954578,-4.150709646265748,-4.150781986796832,-4.150427565543471
2015-10-08,-4.756833442778003,-4.308804947874052,-4.352322506843584,-4.364478776446952,-4.227509371077781,-4.301997221996557,-4.354072995246247,-4.388167861551891,-4.191436880967363,-4.285285014618061,-4.315767609075008,-4.313661578032621,-4.315839708101126,-4.3159751571543055,-4.3158167370895
2015-10-09,-4.880475907976098,-4.47353699220334,-4.525280988816297,-4.523420564676715,-4.386029421132972,-4.466754323692162,-4.530407519381827,-4.544457824853012,-4.33819780248988,-4.446790212970734,-4.479377450252165,-4.477274016744033,-4.479511702763011,-4.4795990906082075,-4.479421530585373
2015-10-12,-4.81341480943729,-4.788949564368096,-4.815850808926306,-4.847459624399402,-4.71528815466451,-4.783669535106596,-4.821990297776158,-4.87315637329738,-4.686728050947929,-4.767422018082956,-4.794605002721026,-4.793295556731401,-4.794727583651078,-4.794832876696762,-4.7946506078624616
2015-10-13,-4.824412217045858,-4.657714657255631,-4.709535003275007,-4.709827695411149,-4.555884904256976,-4.650757170885371,-4.724264168535162,-4.730664831337205,-4.502803667848353,-4.620961979549036,-4.664844964704657,-4.662692982522135,-4.664964860115341,-4.665025157305046,-4.664901855624769
2015-10-14,-4.830489155677723,-4.413032164337512,-4.440761772050064,-4.452768808669417,-4.372123479679574,-4.406531229000027,-4.435285219140934,-4.471488588570225,-4.331519469053589,-4.378064332189008,-4.414883868401778,-4.415994247609351,-4.416386895664493,-4.415063206190622,-4.41490770492312
2015-10-15,-4.8278742094571845,-4.569506925410891,-4.581076377968854,-4.606001598055209,-4.513877976334607,-4.564789075175632,-4.582988540681225,-4.624679559981238,-4.48990044889671,-4.54726963475295,-4.572198032758231,-4.573022328336041,-4.572377367781214,-4.5723561905893275,-4.572225627851742
2015-10-16,-4.748890188444222,-4.859325204791787,-4.7753011701584525,-4.90327554407399,-4.739404156551273,-4.853642185069909,-4.7604921913987805,-4.914497064606838,-4.6626581216855225,-4.830041737524137,-4.849488359823681,-4.856557912452488,-4.849778620037564,-4.849809881655409,-4.849495498498143
2015-10-19,-4.823049804793532,-4.719363411010842,-4.751204361336837,-4.766719375004386,-4.640547023880387,-4.714905413023867,-4.754328172409695,-4.788534696976759,-4.620513083820843,-4.696951805428452,-4.725422846370644,-4.724155202166287,-4.725708421099015,-4.725619936786316,-4.725472900917686
2015-10-20,-4.8238484337674565,-4.762204661554219,-4.76818130016718,-4.798371637142402,-4.696028849226931,-4.754564743306116,-4.759589774703511,-4.817183294317117,-4.665571451857894,-4.725362267100809,-4.763462074851315,-4.765564527023502,-4.763773622691214,-4.763719673959352,-4.763500872289397
2015-10-21,-4.723803808479722,-4.492416633273869,-4.496262268376179,-4.539668137024789,-4.462406390590325,-4.487006530327584,-4.4864775199788065,-4.552932010655007,-4.441945160027379,-4.469443413229947,-4.494317261365644,-4.497843109340314,-4.494621880992405,-4.4945092436804455,-4.494336476117294
2015-10-22,-4.803000589828517,-4.625321316630818,-4.502761137230313,-4.672543053034018,-4.61095716007193,-4.618106782581776,-4.4697551892581755,-4.680659686137459,-4.569389298053601,-4.5932697674294625,-4.612054485487263,-4.622516898310569,-4.612379533580224,-4.612460543360497,-4.612060281122242
2015-10-23,-4.804419752164025,-4.68052989654187,-4.576099022440513,-4.729988123467705,-4.632380439159467,-4.674851862830044,-4.563712730694389,-4.741115126638216,-4.579194321214618,-4.658473001746164,-4.669868088386269,-4.676341568843618,-4.670256676600803,-4.670203733087217,-4.669884592037721
2015-10-26,-4.7762179925366866,-4.976011245256315,-4.903589683168196,-5.026710635265359,-4.924848748292269,-4.971832811346076,-4.8840367067314965,-5.048788463195712,-4.885127958468122,-4.962371392546802,-4.970371027677659,-4.974110001642583,-4.970603505033052,-4.970754190065799,-4.970378606537743
2015-10-27,-4.819644882771972,-4.798910351596677,-4.6772198037793284,-4.831724421915815,-4.734973140755597,-4.793011179273219,-4.635140491577575,-4.828736565579744,-4.6877613225340795,-4.774002754667612,-4.782475546668972,-4.796313161140292,-4.783178185136456,-4.782914467451615,-4.7824595746213845
2015-10-28,-5.025455924233598,-4.410415782012283,-4.259356113227788,-4.464989620257519,-4.352482873998691,-4.4093217218143295,-4.217091155860981,-4.494405862580321,-4.30125354841624,-4.418954530477937,-4.395793006568301,-4.403774289115708,-4.396028759103151,-4.396336814137916,-4.395776706523058
2015-10-29,-4.962389768976328,-4.830765375783364,-4.688602639690665,-4.882378486786675,-4.761847604849986,-4.8306172818835815,-4.652704204490921,-4.91402086489108,-4.729622011459428,-4.844306455772067,-4.81822502966561,-4.826933776293318,-4.818262048293139,-4.818741924123387,-4.818213758051569
2015-10-30,-4.8690758684244315,-4.759586922441303,-4.708110504106322,-4.8047083229326075,-4.723180736933668,-4.759847845898917,-4.710689787781232,-4.822072146651533,-4.709162704803117,-4.761462076738455,-4.757267425552474,-4.759363554978844,-4.757178726040649,-4.757432106666942,-4.757280654093569
2015-11-02,-4.769858396673754,-4.939388941364629,-4.885860706135148,-4.9953275110522855,-4.901223642995094,-4.937333967330182,-4.865315280911244,-5.01945047011459,-4.88798041032854,-4.935411650625097,-4.935381454168328,-4.940836077117388,-4.935346054472423,-4.935715963728711,-4.935399535127527
2015-11-03,-4.689832641880444,-5.006801937910181,-4.899876749989851,-5.058047181814453,-4.930265549387383,-5.003986823457862,-4.881001081953489,-5.084099176203863,-4.889673799800308,-5.004509547481929,-4.997536427628295,-5.003874609731344,-4.997456004672473,-4.997880447054614,-4.99754192946634
2015-11-04,-4.8103699797811075,-4.751335547088106,-4.741566715603585,-4.800971457566774,-4.652301993860167,-4.7474940467637206,-4.747895519526018,-4.828124818497071,-4.62454537331899,-4.735003728256872,-4.751855674704065,-4.752202591135942,-4.7520042200839,-4.752043452487283,-4.751908670293187
2015-11-05,-4.792849460754417,-4.826628138722044,-4.792420230969534,-4.876106764946805,-4.719828823695496,-4.820437898314419,-4.8031425827542575,-4.893376589758181,-4.661390597736139,-4.80454750636977,-4.824616819120699,-4.826970990952903,-4.824822152500758,-4.824874903433139,-4.824667890282633
2015-11-06,-4.802596846854134,-4.704028048779396,-4.6810073693268315,-4.766682307572526,-4.695905728950722,-4.707492951114743,-4.6923536337965155,-4.8166266218772105,-4.708652440845528,-4.739574780480236,-4.711518225320171,-4.706874121519451,-4.711457387371945,-4.71185403609938,-4.711553282540578
2015-11-09,-4.722285877139983,-4.765883387615706,-4.704215250475821,-4.814363854979198,-4.720732217197497,-4.766441885452326,-4.697323150513611,-4.846704853177764,-4.704072274311732,-4.785035272154851,-4.762509126455136,-4.7668739200754064,-4.763271286352181,-4.7627866242687205,-4.762521160516398
2015-11-10,-4.587882561032635,-4.786741002804781,-4.7706832887065795,-4.824171509297832,-4.698967585670716,-4.783466442412182,-4.765138384868922,-4.847725152719078,-4.656521575999901,-4.779521716598305,-4.785971541532964,-4.787390504382344,-4.7863304631905255,-4.786224625539623,-4.785999836226985
2015-11-11,-4.48752381108013,-4.962090183201807,-4.9424635028073505,-5.003870367984007,-4.864468157559969,-4.958503530399913,-4.924387352603922,-5.033636745365661,-4.830186264071723,-4.952726405236191,-4.960885868171675,-4.963165867579378,-4.960913254859248,-4.961248842422174,-4.9609166854641575
2015-11-12,-4.535248153660816,-4.765657443111147,-4.6886024525018675,-4.807787084887692,-4.6658450111064385,-4.761358901203768,-4.660945126903383,-4.830506199536204,-4.604620677678521,-4.7539384544547545,-4.757269044274057,-4.764586959163556,-4.757300773121727,-4.757676854393036,-4.757286065540038
2015-11-13,-4.672664055427234,-4.707411067742069,-4.635111908265085,-4.752270987080111,-4.635692034921834,-4.6973519751510535,-4.605011465410899,-4.773719866286614,-4.591210269209141,-4.667468172509564,-4.69926594920024,-4.706356395968191,-4.699505884036071,-4.69961876665848,-4.6992866111590805
2015-11-16,-4.870804711111014,-4.6385697958698335,-4.605017423681146,-4.6807366704598445,-4.539026986703925,-4.631842544305899,-4.590104761615309,-4.701196823315494,-4.488854837028115,-4.61774010284662,-4.635619346257343,-4.639034470898055,-4.635792086732368,-4.636011660363842,-4.63566110228081
2015-11-17,-5.034604674865403,-4.541777570524065,-4.463410320984938,-4.585262976778678,-4.452947240504409,-4.536683586410426,-4.43376011694106,-4.612457580837624,-4.4141095993652,-4.532451563984944,-4.534000367421408,-4.541052387271202,-4.534395186174037,-4.534486195801898,-4.534019319071227
2015-11-18,-5.315310829256139,-4.620601788358242,-4.594046946705001,-4.676572807214017,-4.5485962266907425,-4.622117210802658,-4.5809345936584265,-4.717609131035771,-4.536636852008764,-4.638468208200793,-4.621731623179437,-4.622627179529708,-4.621707853047223,-4.622135347463393,-4.621771799228405
2015-11-19,-5.447429372463643,-4.813102528378815,-4.7969287936786245,-4.859639838079131,-4.738121133643447,-4.811519003877077,-4.778494609406704,-4.896345424999505,-4.718569260769841,-4.809050719976512,-4.813379901084064,-4.814265515817608,-4.8132827893876575,-4.813659365992168,-4.813420443991358
2015-11-20,-5.387146128174817,-5.031743207788368,-4.978470596925554,-5.083240021089906,-4.937871162963607,-5.02818814682964,-4.962866935506761,-5.117812122664233,-4.90457151764623,-5.022126241430649,-5.027333007694435,-5.032206298425889,-5.027425111759924,-5.027748245576773,-5.027360363310818
2015-11-23,-5.274887136639184,-5.082713314271179,-5.02612464731069,-5.13404652096364,-4.982256988560849,-5.079635735984455,-5.012515124133661,-5.161886874189796,-4.9333328033908925,-5.072450808681589,-5.077466302913214,-5.081504034565079,-5.077361595260905,-5.07778998960281,-5.077482087582281
2015-11-24,-5.36966047124353,-4.839568203452994,-4.809733667533291,-4.882357418405388,-4.74173049026095,-4.833830291726757,-4.807120798702391,-4.909466692149777,-4.702829848581081,-4.814149116186705,-4.83760394101693,-4.840194620774605,-4.838276695065661,-4.837865372135611,-4.837632886789872
2015-11-25,-4.879126591159227,-5.327816853708214,-5.294196548941626,-5.376032036173885,-5.2414562569451455,-5.324708290391234,-5.286844769901537,-5.40188258101736,-5.206563290306147,-5.313836954649093,-5.324498311608323,-5.327415377175171,-5.324521022818921,-5.324765751126547,-5.324516694506988
2015-11-27,-4.631589706985326,-5.28086704352177,-5.223926711914799,-5.318477198582065,-5.247740735912891,-5.279809540943444,-5.225305255059132,-5.332950185419785,-5.2108461304120945,-5.281815832063375,-5.27589392732298,-5.280237335073567,-5.276178809815777,-5.276144050933777,-5.275903845315607
2015-11-30,-4.495022974478906,-5.117591813172292,-5.075170140033239,-5.173955733459888,-5.064470145842431,-5.116013485154057,-5.059956923770904,-5.211267531230821,-5.0490674725536975,-5.118713740150098,-5.1158579381304365,-5.118074159380116,-5.115867218746313,-5.116232997689527,-5.115869498577581
2015-12-01,-4.27676352620544,-5.005962114770452,-4.985728385718682,-5.0442263228903075,-4.971715370028548,-5.003595873751493,-4.9807895268363875,-5.069046497208884,-4.960519949064418,-4.999377257625373,-5.005417446468452,-5.005892997033385,-5.005437179851606,-5.005700012150383,-5.005429177246018
2015-12-02,-4.02664594899654,-5.04745117733573,-5.032828907802783,-5.094848094000167,-4.961453313406574,-5.044763354267462,-5.029449375542678,-5.123279514889493,-4.935115203713042,-5.041872540259481,-5.0472570574142335,-5.047712538494242,-5.047125900430061,-5.047525327482723,-5.0472805778029395
2015-12-03,-4.017568529086763,-4.557498560213736,-4.496534565221096,-4.5940903895185885,-4.508370255598084,-4.553184176096313,-4.480819924048405,-4.6207575043654865,-4.4817049656766885,-4.544104293097937,-4.552125126967892,-4.556479105786472,-4.552060328278903,-4.552422339997408,-4.552147213158152
2015-12-04,-3.9773595638541765,-4.566298288744071,-4.506401523615216,-4.60712643659802,-4.460106521391165,-4.5663236452363085,-4.490368662449979,-4.634123927381588,-4.412568207205562,-4.5690045176831715,-4.559844924356666,-4.563885544349673,-4.559817467072225,-4.560166206243887,-4.559861895975936
2015-12-07,-3.813391598024839,-4.576692853076088,-4.5655491352734066,-4.615159641688823,-4.508926023342892,-4.573033437562792,-4.557142077770611,-4.642745953189907,-4.498251203300746,-4.561985515195196,-4.576787418430778,-4.578280771056411,-4.57750148525723,-4.577005937365645,-4.5768146840227235
2015-12-08,-3.914286676388039,-4.337910408830228,-4.335796023708676,-4.374782273520072,-4.265753120559694,-4.335267848893813,-4.32086958108703,-4.401128007810825,-4.243330248454048,-4.332576377152188,-4.338316369942769,-4.339929208327328,-4.33838861300414,-4.338582972256851,-4.338346943097317
2015-12-09,-3.787677655602451,-4.176652882604524,-4.173108187847913,-4.208163083140436,-4.0941594390320155,-4.175026193774251,-4.168492579631092,-4.229479181935747,-4.064377015927103,-4.16999008369412,-4.176490722857874,-4.177513316280555,-4.1764773941826965,-4.176719596925502,-4.176521459344245
2015-12-10,-3.7335450336026623,-4.290351836021357,-4.350938973846191,-4.321841848339345,-4.202062519286048,-4.288943458809221,-4.363833658090982,-4.343509170909395,-4.178116147496119,-4.27776490480615,-4.297378640163574,-4.296059786484886,-4.29732292536057,-4.297495800691872,-4.297427116256677
2015-12-11,-3.7297183578703996,-4.281256053466393,-4.295792235901421,-4.315479415192234,-4.262439840558616,-4.28227791030794,-4.2958864165071695,-4.343004567859328,-4.261625883153571,-4.289861755471994,-4.286512590684623,-4.284037882211591,-4.286229712331307,-4.286720230383339,-4.286539045841917
2015-12-14,-3.8745050901206723,-4.045168295278865,-3.989802173131845,-4.069922195158653,-3.9930822524129677,-4.043713478391564,-3.9776231398134847,-4.084475836848936,-3.9488457223760025,-4.0322125124564,-4.038454173126934,-4.042187075508889,-4.038477271097274,-4.038661311520104,-4.038465924807719
2015-12-15,-3.880802954685022,-4.460382094306542,-4.440095647813471,-4.488240428443854,-4.36937660936579,-4.4595106064978935,-4.430002662418847,-4.509959396125223,-4.334553539933029,-4.452269867629924,-4.457543943657464,-4.460823526685728,-4.45769384131348,-4.457783266836696,-4.457567006599985
2015-12-16,-4.295829655430046,-3.90599449610946,-4.00525183799224,-3.9285916324764094,-3.8446085268227073,-3.90656766840285,-4.040916212587017,-3.9474404006912804,-3.8508999347630386,-3.905226061719938,-3.920252623003598,-3.91428832705612,-3.920242723223248,-3.9202689202900607,-3.9203083104103054
2015-12-17,-4.651518791983932,-4.055016593098014,-4.090865592798746,-4.081108963463672,-4.00261464960475,-4.0539035833051065,-4.108296682971591,-4.096740403876504,-3.990002730609629,-4.038255196183191,-4.060206798384503,-4.057634432697222,-4.060136755415882,-4.060334749343539,-4.06025001737167
2015-12-18,-4.954176633511454,-4.160259872666669,-4.169065664690626,-4.189380517361462,-4.106661494887567,-4.160627895525383,-4.176467545863841,-4.211470441064331,-4.093224829590134,-4.1515533840868795,-4.162754109819988,-4.161916161184035,-4.162750140086785,-4.162951015829746,-4.162796602342064
2015-12-21,-5.262871652625856,-4.315562575557505,-4.356936096522717,-4.351776384040808,-4.2187402155498255,-4.31852317019219,-4.3723940443414255,-4.379889357590063,-4.1972848655555826,-4.311924058535316,-4.322770959566777,-4.320656851486829,-4.32302951384107,-4.322966959848797,-4.322823913548106
2015-12-22,-5.420474806211709,-4.444600521139689,-4.477485790978753,-4.483723551099122,-4.395630104215171,-4.445282656564439,-4.486942019721885,-4.511100964229061,-4.394419962915806,-4.444212121755429,-4.451379221483282,-4.448124552294919,-4.451405358181812,-4.451599833994137,-4.451415675385192
2015-12-23,-5.250256675318774,-4.792285231323496,-4.820994025622932,-4.8342825219904215,-4.678456531023268,-4.80211502813522,-4.831603096054562,-4.860730962059998,-4.63870667954337,-4.797546987270939,-4.797568169105484,-4.795430902109805,-4.797577055786917,-4.797763020674077,-4.797626805341442
2015-12-24,-4.728768446927371,-4.891441021502369,-5.051233225178942,-4.930403765095838,-4.767296259917075,-4.899131748988993,-5.094239976517263,-4.9555772885234495,-4.735110027146723,-4.906060277147064,-4.91083034003283,-4.90343820611583,-4.910723860633127,-4.910867133953769,-4.910921128187519
2015-12-28,-4.534724229790622,-4.838569897473824,-4.8782280866937295,-4.873714812480304,-4.751263235725618,-4.853576406233886,-4.896905495094438,-4.894372735809899,-4.728769208485708,-4.854988223371714,-4.844895743671239,-4.842029962452823,-4.844804417558787,-4.845010473310348,-4.844939246811781
2015-12-29,-4.331605301854585,-5.07335527853146,-5.109821542206979,-5.109380953913947,-4.968363471420477,-5.083339323156198,-5.12697835474228,-5.128220121481852,-4.932761849912849,-5.090177867437772,-5.077818012639641,-5.075735543366927,-5.077614473553447,-5.077930250336429,-5.077860806130777
2015-12-30,-3.9747612133450296,-4.954878970023518,-5.0634775300268,-4.996083765362282,-4.868725455064014,-4.964462560702367,-5.097712714660657,-5.022196322856176,-4.854039679504934,-4.970354410285817,-4.97007240644059,-4.965005609122456,-4.970024832007161,-4.970128856634505,-4.970144866911967
2015-12-31,-3.7962946068641696,-4.738008317332019,-4.785599183626111,-4.780526710584216,-4.696538716195342,-4.734433262957966,-4.798639019787104,-4.814959720209749,-4.717795418711409,-4.734704272266162,-4.747744096377048,-4.743525860557715,-4.747708407404266,-4.748002555425912,-4.747777373954595
2016-01-04,-3.7289434762716427,-4.283748667924364,-4.245527324703515,-4.329862732991886,-4.222447032707038,-4.29736662045766,-4.241005706594038,-4.359117548265902,-4.199447497843982,-4.291315129783342,-4.281901668505832,-4.284252423840831,-4.281878456674654,-4.282184483898163,-4.281917283750854
2016-01-05,-3.5725038732265233,-4.371013107567022,-4.365819305565699,-4.411923992574272,-4.325787256781934,-4.382419690532047,-4.366934154373769,-4.438900424114065,-4.313066546141536,-4.376788017447713,-4.373927201895069,-4.372499310600531,-4.373854598618191,-4.374137179436606,-4.373960110184971
2016-01-06,-3.4294000588554314,-4.320814423621011,-4.325258200381008,-4.358942303267175,-4.258115484043943,-4.334601448943083,-4.3308956390532725,-4.380727803353813,-4.2292661116919605,-4.329557718848566,-4.323078416730813,-4.3221915223374925,-4.323044576955077,-4.323308547489983,-4.3231242595396555
2016-01-07,-3.3018695956460364,-3.965226668775357,-3.900080027454331,-3.9953588612962534,-3.893553227648679,-3.9837829057547087,-3.889284626428322,-4.0137467985948625,-3.8311075399877494,-3.971841656141271,-3.9573842529668206,-3.9624001974064615,-3.957383080430652,-3.9577165256785394,-3.957400809121448
2016-01-08,-3.2140518231055126,-3.9950936144062026,-3.967867985617145,-4.021844648766483,-3.949297825376412,-4.007683825029991,-3.9600214658051005,-4.041825452943623,-3.917366763496577,-3.9965994021533793,-3.992197434490397,-3.994202778910777,-3.992416391478043,-3.9924581256918996,-3.9922258044283843
2016-01-11,-3.1163435934705404,-3.935632009964258,-3.909476685570805,-3.967545867399909,-3.895272965222581,-3.9454157702059445,-3.900823163054055,-3.9859577909536084,-3.8544961146426675,-3.932705062768942,-3.933064129151503,-3.9352202470678983,-3.933199567945553,-3.9333727916379315,-3.93308915883153
2016-01-12,-2.9409443077721686,-3.835252598054328,-3.826900682767522,-3.8688033307836998,-3.7437240169677404,-3.8416932577975125,-3.8151833357953087,-3.898860271835844,-3.7027505950673394,-3.830258015595329,-3.836422168212423,-3.837064170618021,-3.8365680799300015,-3.8367929650758352,-3.836468935423037
2016-01-13,-2.8263851818512182,-3.7743834557470017,-3.686684288857347,-3.8005059129172634,-3.6687539982581843,-3.7819184649012745,-3.6591143399657606,-3.821908109359609,-3.59239633965801,-3.769054214841512,-3.763887564910878,-3.772124309410742,-3.764263046484418,-3.764346827722636,-3.7639042983286313
2016-01-14,-2.960094871723908,-3.5801033583421957,-3.5190748487481933,-3.6071715098184627,-3.4841264059689916,-3.583286407315379,-3.4757014970834508,-3.635611982439416,-3.455781621623551,-3.580138348445833,-3.575365720984838,-3.578861457202342,-3.575388347307925,-3.5758083429187257,-3.5753886297244795
2016-01-15,-3.0787957871895464,-3.636005852322557,-3.5471259913299984,-3.6580929217528135,-3.5899275917212115,-3.642853425745493,-3.512659359562399,-3.6749216984510267,-3.5398573183996116,-3.631244694709087,-3.6267951347259615,-3.6334858591409063,-3.627508556751361,-3.6272410622682854,-3.6268010914839843
2016-01-19,-3.230622847736481,-3.541787378818856,-3.4906524410020294,-3.5631218756950176,-3.461283590680853,-3.5459526711445215,-3.4695171548913994,-3.577068102796349,-3.398172759132756,-3.5334141092840863,-3.536126623207364,-3.541144361625147,-3.536314244870733,-3.5364825196888674,-3.536153789685741
2016-01-20,-3.3562517555150277,-3.3306923143450216,-3.180083911026236,-3.354356344742913,-3.258427398733849,-3.3331424153181057,-3.125893019287824,-3.373488941414453,-3.1851929995035295,-3.3209532915476814,-3.313838037149809,-3.322997973092882,-3.314530444027663,-3.3143609404969374,-3.3138550021558997
2016-01-21,-3.5307440876657163,-3.331162173969978,-3.1795076636355684,-3.3545930853647072,-3.2372944939383355,-3.332959237308147,-3.1157239032505157,-3.3753532942113464,-3.1464261614122235,-3.3196998279334444,-3.313746351184958,-3.3218258746177587,-3.3141149600774527,-3.3142830450439518,-3.3137471923480817
2016-01-22,-3.5766961978319283,-3.837387768577612,-3.788675007234103,-3.861631321411872,-3.65583607240246,-3.838354680401687,-3.757640558886284,-3.8827009660165634,-3.570855372884082,-3.825249209262165,-3.831124719334386,-3.837974073720564,-3.831613198349779,-3.8315711815242603,-3.831166463705113
2016-01-25,-3.5617206615682444,-3.937235004459789,-3.8590567105736957,-3.955917101426237,-3.8433940747239435,-3.937605097927805,-3.8288518711419406,-3.970472249346717,-3.780591451895687,-3.9316250217863216,-3.928175619409276,-3.935839363047638,-3.9283273567889054,-3.928467675225275,-3.9281925413700494
2016-01-26,-3.57577514585349,-3.889000126295286,-3.7979173328191584,-3.9072597063687287,-3.794499835118829,-3.8894156638521156,-3.768627441222498,-3.9198409748870002,-3.7220127297251486,-3.877275051228303,-3.877866834948907,-3.8859900788561497,-3.87800066937804,-3.8782317954256853,-3.8778866533065988
2016-01-27,-3.443674844523926,-3.499379551367652,-3.4445847870118453,-3.5152265124438493,-3.4004621432169624,-3.4987423595877924,-3.4231039490873796,-3.5257965824235313,-3.333023488215632,-3.4833487916128574,-3.4915266068255923,-3.497216099705814,-3.492098337266188,-3.4918241025522954,-3.4915605854677962
2016-01-28,-3.442647661190956,-3.6209474458649473,-3.477357116458633,-3.6390847114159195,-3.5827705712586995,-3.6192927854395154,-3.431704996440689,-3.6503124328804435,-3.5110758234925057,-3.6080675090832477,-3.605524481844783,-3.61444501121848,-3.605720474865116,-3.605858203273007,-3.605537899901746
2016-01-29,-3.317708211935864,-4.077524740880179,-3.928538828677043,-4.095839569725503,-4.021066264802026,-4.075096614447311,-3.8775592590245984,-4.108053694254221,-3.9441425281702873,-4.055262505392244,-4.060163773994698,-4.069244971985066,-4.060365095224393,-4.060738850672426,-4.060172275301422
2016-02-01,-3.2256603699866226,-3.937453954783448,-3.819323708971779,-3.9507644363909242,-3.8950669410270655,-3.9321482823040657,-3.7671900472584046,-3.959703690986712,-3.8350341629239852,-3.9135927196032085,-3.923453346740443,-3.930419651826676,-3.923565839037103,-3.9239270472888776,-3.923473514633534
2016-02-02,-3.0979019795791625,-3.950240211616397,-3.8891239174376726,-3.960917058436727,-3.888735899254794,-3.941724032583356,-3.853059360081708,-3.9667491490832565,-3.83028211179649,-3.921985897910364,-3.9407757773145793,-3.948414720333533,-3.941508803172004,-3.9410878230900166,-3.940807854057969
2016-02-03,-3.284376153921851,-3.353314842807314,-3.246767352884446,-3.3634809482802575,-3.2983147777764104,-3.3463794551789783,-3.2013204265415,-3.3709477215602055,-3.2574733177713835,-3.3397279225206673,-3.3411870741478977,-3.3482356200579533,-3.3410243187871456,-3.3416267677758995,-3.341206742259456
2016-02-04,-3.227017468358672,-3.5541909722136675,-3.4078830741570365,-3.5653166793010778,-3.4705435188558007,-3.545758338244891,-3.3493010601295494,-3.5736967164380564,-3.4127913990528502,-3.532757237561025,-3.535277533298937,-3.5474851008037067,-3.535394617903534,-3.5357857674269626,-3.5352752069362463
2016-02-05,-3.3104324876562203,-3.6015381357942498,-3.525078760310322,-3.61184640891869,-3.5353185964736697,-3.5928739040630377,-3.4980790939665005,-3.618654289478599,-3.4827030974389075,-3.5765214883505565,-3.593988768718226,-3.5991297389610617,-3.5939510030137045,-3.5943930743095365,-3.59402763694022
2016-02-08,-3.421970918925347,-3.561886264902564,-3.419792324900072,-3.570793300045563,-3.532319441148251,-3.553258441619653,-3.370746878478779,-3.57657270883017,-3.460601303318645,-3.5396673617046814,-3.5455873939947318,-3.553491728641275,-3.5461643072549194,-3.545988998606676,-3.5456128157590925
2016-02-09,-3.6516793782280104,-3.4498251565625533,-3.253120380401499,-3.456673700274444,-3.426961690899553,-3.4399012712439494,-3.193789617835588,-3.461746285074963,-3.3553515568762315,-3.420864803571354,-3.4266978870204943,-3.4366890411595774,-3.427033631981509,-3.427050535475353,-3.426710121082819
2016-02-10,-3.878549283546506,-3.552532361334494,-3.4317068554869614,-3.5607652399839247,-3.463643881103197,-3.541332058681657,-3.386154361215754,-3.5666323070784074,-3.3802050138819184,-3.5171571655513034,-3.5372620697510158,-3.546636605802811,-3.53746946944974,-3.5376611498605515,-3.5373028922404948
2016-02-11,-4.34164155501363,-3.400657003373348,-3.279007427087748,-3.411111299685074,-3.3530128493443487,-3.3939177052094616,-3.2468746521330623,-3.4182550706883847,-3.2867371482603955,-3.3792908837798574,-3.3871103575693646,-3.394255425945924,-3.387331233270477,-3.3874467555478835,-3.387140692475765
2016-02-12,-4.563856770457573,-3.824988427587762,-3.7009146018383077,-3.8362482568538394,-3.748032686029133,-3.8200635763368087,-3.6618821305619553,-3.844831140240296,-3.683789439284531,-3.804822660190619,-3.811762789593708,-3.819301099764532,-3.811991234635568,-3.812118626093647,-3.8117762747761823
2016-02-16,-4.660036559338022,-3.9057387378578334,-3.832011874461198,-3.9180001454721536,-3.8449464048787267,-3.9034578291982993,-3.8100759402543547,-3.927189292011406,-3.7977018669817713,-3.890771951946432,-3.898739744236076,-3.902945863943806,-3.898888963817006,-3.8990506901173863,-3.898779194253365
2016-02-17,-4.446415421513681,-4.131745223646631,-4.002843997620401,-4.149830438430724,-4.026737764246677,-4.132221275056198,-3.9601470696653065,-4.166115212495699,-3.954083912270002,-4.125147981171216,-4.118247115037259,-4.128873604365161,-4.118710671813557,-4.118711321620112,-4.1182885193225305
2016-02-18,-4.368521587379443,-4.193070539880734,-4.0703726984587565,-4.212371843937754,-4.12158620109637,-4.195018337318388,-4.0302681416701605,-4.231020514765649,-4.070546119933936,-4.188678880046756,-4.181350901507358,-4.1890785813340585,-4.181517727704129,-4.18178546141671,-4.181387818793766
2016-02-19,-4.3998169612752465,-4.1600293406053135,-4.0675986665185935,-4.176403959419886,-4.086932295123335,-4.16172387903095,-4.034087570574068,-4.1917520971059306,-4.032034145464713,-4.151779019677487,-4.1505367492916125,-4.15674756530656,-4.150677358355685,-4.15085174057506,-4.150563897575076
2016-02-22,-4.24750433151011,-4.676888916235579,-4.519490102963465,-4.694987787535601,-4.616585185974763,-4.678084472359534,-4.464083183497538,-4.711625654548574,-4.560927725286448,-4.670593542157374,-4.657902334503418,-4.6643594248673415,-4.658231615751458,-4.65843465419063,-4.6579057917509665
2016-02-23,-4.230071288227967,-4.3903408411359575,-4.309816893443704,-4.402662740472849,-4.2867393101229005,-4.3899030973770685,-4.2702050045019435,-4.416509389464643,-4.240131237469098,-4.376109954288971,-4.379027425003268,-4.386847274470791,-4.379787720040537,-4.379394901706813,-4.379060247370481
2016-02-24,-4.34646904801661,-4.087826471901026,-4.007609208770788,-4.099520279797204,-4.013636545739197,-4.085416183063083,-3.9705923205189113,-4.111075979728817,-3.96030952771193,-4.06867642513674,-4.076589609121824,-4.085096907459873,-4.07706173589368,-4.076891682884991,-4.076604669709587
2016-02-25,-4.446307271786898,-4.21062952939146,-4.176432789026772,-4.223673111914615,-4.093027686258636,-4.206802455843657,-4.154106462686105,-4.2381650058227756,-4.049278045134152,-4.183409317265964,-4.206005779484161,-4.2100264767042885,-4.206142286849496,-4.20631907061215,-4.20605423117848
2016-02-26,-4.4796194434277075,-4.278682722599721,-4.215279104117264,-4.292937265481426,-4.1986036723242774,-4.277867570132746,-4.1839438530094615,-4.3105952296631145,-4.17212635664934,-4.274700467795025,-4.27339939257689,-4.277899748631062,-4.273457194719862,-4.273828330754861,-4.2734381950838936
2016-02-29,-4.542663589258509,-4.207814340979837,-4.227844226759226,-4.221073254008097,-4.114135715720304,-4.206867409898667,-4.224875310568607,-4.234089321959124,-4.0946016003758405,-4.195187005944931,-4.209629276827037,-4.209319903786545,-4.209614003475801,-4.209843826441075,-4.209674878061873
2016-03-01,-4.511724136289745,-4.296317063109963,-4.254590523771575,-4.31102965093839,-4.217361340061823,-4.295712359909696,-4.249009411426689,-4.327386380660237,-4.201755568876749,-4.290018779818693,-4.29393804074625,-4.2961933424821375,-4.294094775508941,-4.294201304447476,-4.293976538892923
2016-03-02,-4.553706344659789,-4.279192299426407,-4.270499638388538,-4.294654795341337,-4.171151760065826,-4.278840452355867,-4.264681719005086,-4.314305252987698,-4.147660212243323,-4.274831100316214,-4.279988825829784,-4.28076968452794,-4.279926079224366,-4.280248325966555,-4.280040340746291
2016-03-03,-4.257429900200663,-4.470569329112282,-4.4198172409108,-4.488825564884037,-4.353596069075934,-4.469425223188052,-4.387586884721337,-4.5117875614932235,-4.31731529495657,-4.461896368472959,-4.4648649755553285,-4.470521188616095,-4.465121652704617,-4.4653134655212465,-4.464902673383897
2016-03-04,-4.353788790867679,-4.395850849010929,-4.288476771536129,-4.413139879253331,-4.20890928977063,-4.39483274596488,-4.240961121694151,-4.4357236204369155,-4.149562948991238,-4.389697112716817,-4.381903052291605,-4.392421852399552,-4.3822356912227765,-4.382366661409513,-4.381927054714146
2016-03-07,-4.450362239757079,-4.422465313883409,-4.37418860359812,-4.439225498097029,-4.277103195553361,-4.421292601350956,-4.343562440722962,-4.460017628987259,-4.229769062611728,-4.412273071599384,-4.417285153207594,-4.422221528080109,-4.417526538874159,-4.417693952130648,-4.417334201826947
2016-03-08,-4.58387082928161,-4.360127880473976,-4.286869005569365,-4.373050827536514,-4.203972364035432,-4.358802566791431,-4.25641023562753,-4.389306237329689,-4.143041862593705,-4.348242950402815,-4.349862303294031,-4.358267536550088,-4.349956645666396,-4.350201426518261,-4.349889544628885
2016-03-09,-4.512314703841749,-4.4604802713445615,-4.404315651112884,-4.4751989765247275,-4.312442466768933,-4.459447137400607,-4.372706333962666,-4.4946708039448655,-4.258549435457455,-4.453113675462948,-4.453566302851575,-4.459808225154843,-4.4537361117882295,-4.453952866246553,-4.45359719565546
2016-03-10,-4.974321808640978,-4.0762782851668815,-4.049830978622336,-4.087692562936362,-3.997899077451597,-4.07463346580734,-4.037553992840424,-4.1003915083253,-3.9734522793105778,-4.062356218958294,-4.073484339717672,-4.076069704443727,-4.073509276018055,-4.073719420667944,-4.073518705321948
2016-03-11,-4.952800204759179,-4.830272285161346,-4.756293794139094,-4.843811133606586,-4.7346681601097815,-4.829600847153387,-4.738196070713656,-4.859817227906161,-4.696072368291656,-4.824814924045139,-4.821624196545951,-4.828015556753719,-4.821683460060772,-4.821941855205966,-4.821642058556083
2016-03-14,-4.949527221310816,-4.778333928978513,-4.716127545838258,-4.789297391912358,-4.645934896694076,-4.776903106195498,-4.69708063346588,-4.80146873056688,-4.595652170797457,-4.765797082858442,-4.770007290368912,-4.776331285404907,-4.770049971699241,-4.77027734514448,-4.770025831083187
2016-03-15,-4.995957085845841,-4.778611336566184,-4.745063615372236,-4.791042714418646,-4.6770522300369395,-4.775834942984179,-4.721179523014442,-4.8062615988603925,-4.640402686644159,-4.76009757384344,-4.773563246093073,-4.778338993343782,-4.773734827737062,-4.7738184663464125,-4.77359990503484
2016-03-16,-5.326449317962744,-4.442479014222914,-4.332505598773413,-4.454634929065183,-4.386745131641071,-4.4443330030969905,-4.301098886111719,-4.473692814993019,-4.369281471601237,-4.462892921160383,-4.432880475314125,-4.436927566363905,-4.432843629776382,-4.433265958735131,-4.4328947461262835
2016-03-17,-5.436016344076318,-4.862305046931844,-4.757881185856756,-4.873196491620687,-4.755736174331179,-4.858211515984112,-4.736143401502275,-4.884910862920359,-4.702220479199085,-4.843512547391819,-4.848344548461597,-4.855741347235087,-4.848349584943412,-4.848641931141344,-4.848359092198543
2016-03-18,-5.436062392896749,-4.96726847812041,-4.800945723727353,-4.980365259830974,-4.869179730820458,-4.964238462152578,-4.755838696164037,-4.997731519063966,-4.8246744159628125,-4.963191614913409,-4.947535139368161,-4.954848305621663,-4.94768858439948,-4.94798336064321,-4.94752618549276
2016-03-21,-5.356454735902495,-4.935534722510416,-4.855654124602536,-4.951612923875679,-4.829586033544574,-4.934162995941437,-4.837899529228468,-4.9742939273838305,-4.806002021250885,-4.941354786259451,-4.9290661897237165,-4.933821972367177,-4.929328076979172,-4.929392085115926,-4.929087735049492
2016-03-22,-5.325831821420688,-5.013855677143405,-4.949090055609327,-5.026396243973301,-4.933290422736606,-5.012726977399726,-4.9349480339772445,-5.039747546238029,-4.8980271213253435,-5.007065924221736,-5.006173543981969,-5.011321561811062,-5.00611632963202,-5.006349302755883,-5.006178566754374
2016-03-23,-5.357624757103874,-5.031490602364028,-4.943113283167802,-5.050623503745676,-4.947262310124009,-5.030801603122077,-4.926651062757856,-5.074959145535265,-4.923572792005352,-5.028251634969441,-5.023534150071152,-5.027973748342863,-5.023507636201057,-5.023828895945394,-5.023553064946762
2016-03-24,-5.24001936601205,-5.187021907792763,-5.072300098713196,-5.205228287828416,-5.092601161824282,-5.1860136553934995,-5.0568159207340155,-5.224036639058938,-5.04619899076149,-5.175746832905214,-5.174536398660068,-5.179867224896963,-5.174660116475254,-5.174859297812068,-5.174546949682516
2016-03-28,-5.262044237673982,-5.111538797381336,-5.0417503708363895,-5.135524855406527,-4.999887273438011,-5.1109367923293565,-5.039374012556237,-5.1618591781764875,-4.958777358619491,-5.104859838258591,-5.105275625877572,-5.110466907003138,-5.105381360023292,-5.10555505522565,-5.105300987612788
2016-03-29,-5.20155766419054,-4.954542726978203,-4.8848941023510575,-4.973309333286415,-4.878011956701559,-4.954350854822413,-4.877461757303189,-4.99234524582592,-4.846327441331505,-4.949250879285822,-4.947203065088216,-4.950295373650064,-4.9472584009815295,-4.9474158810798645,-4.947214091633875
2016-03-30,-5.073026576104536,-5.066863803922092,-4.972496171955779,-5.08344022193086,-4.961197715790467,-5.066960545485103,-4.967198320381584,-5.098712993072648,-4.909561631693296,-5.062557733451539,-5.056905467393696,-5.061536139728583,-5.056955190442832,-5.057112095224301,-5.056906427534892
2016-03-31,-4.893334001170482,-5.152967361366653,-5.09291725331241,-5.173933060090195,-5.072102025618886,-5.1530344759609,-5.090312617543041,-5.194874667129859,-5.042801957132364,-5.150212563903397,-5.14694854049904,-5.150149465024817,-5.146996238346027,-5.14712012919504,-5.146966515499434
2016-04-01,-4.83273059878889,-4.975608790969611,-4.85831859921902,-4.999981186712528,-4.852672109971726,-4.975439850090953,-4.833696912957539,-5.023742863091535,-4.811228299116884,-4.980623032983146,-4.962920451253414,-4.971722075079278,-4.963082103083839,-4.96326889428478,-4.962922539217669
2016-04-04,-4.707449750989435,-5.167963418495816,-5.0565191578405395,-5.1889880786485625,-5.064352120523665,-5.167829904925662,-5.0401334404549925,-5.2108270855266285,-5.029960718378158,-5.172186553309037,-5.155925736177236,-5.162334238850983,-5.15583219727599,-5.156188487889567,-5.1559152049613575
2016-04-05,-4.717672802642454,-4.8812875375660445,-4.85114673618232,-4.90148015960507,-4.814376547077387,-4.880892811813049,-4.847884625505068,-4.927475985615503,-4.809408535951544,-4.884259205684067,-4.879376036322883,-4.881135973441941,-4.879459845066216,-4.879566639355936,-4.879402272172938
2016-04-06,-4.809335802650791,-4.841614786874619,-4.804889523365348,-4.858913925722419,-4.726103922710531,-4.841597075791497,-4.7947902845398245,-4.876867339759756,-4.6806704218434145,-4.8399599006232314,-4.836208967207911,-4.840873026608161,-4.836081414654552,-4.836344410985907,-4.836225060485669
2016-04-07,-5.0163459225716895,-4.747044486777228,-4.688106753102616,-4.765300749347897,-4.665665086469181,-4.747812039674614,-4.678514483899779,-4.780801314227397,-4.636543916300343,-4.7349077063280545,-4.739626497291775,-4.744401280816645,-4.739862283018823,-4.7398394663347645,-4.739638464051522
2016-04-08,-5.264255153670701,-4.798627102696974,-4.80151425061758,-4.816070501466255,-4.717714149276356,-4.799398169686602,-4.802541906179154,-4.832138890479417,-4.681404067764177,-4.783889518883715,-4.798677248499788,-4.7987911057508885,-4.798769261418464,-4.79875757155243,-4.798710046772024
2016-04-11,-5.478556564556151,-4.755405904381458,-4.760076429177002,-4.767842314400403,-4.673055204959991,-4.757123636882169,-4.766908802485624,-4.778466032542862,-4.640923597676333,-4.73946578291643,-4.754873015124294,-4.755296502213979,-4.754977450728724,-4.754932588529896,-4.754899656373961
2016-04-12,-5.642457738195233,-4.840973015902613,-4.786071422001549,-4.859045723461603,-4.738297217272629,-4.843621253198023,-4.787280059192292,-4.8761657166703705,-4.68895990051675,-4.83121612862112,-4.834454506128995,-4.838831378534644,-4.834453644419806,-4.834614850206476,-4.834464213411074
2016-04-13,-5.712603809803778,-5.036482615640384,-4.9694910869771896,-5.054467162256772,-4.9379455590299575,-5.037321962374777,-4.9655960694294645,-5.0701481341255645,-4.89655906971766,-5.035388348134355,-5.028624675538456,-5.033284199144793,-5.028542016343023,-5.028712932562253,-5.028616419715014
2016-04-14,-5.537181119357014,-5.299884193404541,-5.167197708285912,-5.309903644692986,-5.202578600609536,-5.297394987472579,-5.1386394136808855,-5.314963414679098,-5.171413016542419,-5.306089877312901,-5.28185475186759,-5.288844184233289,-5.281922956528566,-5.282034189507524,-5.281801224289968
2016-04-15,-5.302632154118642,-5.577362073956091,-5.446034069146903,-5.594351979319629,-5.481171180179802,-5.57687042825296,-5.4168442410486755,-5.605527145698458,-5.444655864017165,-5.580344809037423,-5.560515835376743,-5.5678778108077385,-5.5607075652017,-5.5607569114299755,-5.560476307951679
2016-04-18,-5.2817136155019035,-5.256716258848963,-5.203079686837925,-5.2763395248702984,-5.1538793276188715,-5.256560106377968,-5.2097923743898225,-5.291432942143811,-5.114896313928155,-5.255896048740591,-5.250907298250333,-5.253478779719792,-5.25091753386145,-5.251001358001424,-5.250904788346713
2016-04-19,-5.301309341328125,-5.25045514770039,-5.152547096494083,-5.2696668739925085,-5.160202267486597,-5.251557168856411,-5.128857816855589,-5.287290877908815,-5.13608633241708,-5.250176353658492,-5.238688382737863,-5.2445102738015485,-5.23919752029929,-5.238914061916083,-5.238680129264875
2016-04-20,-5.123254640333771,-5.364895948480258,-5.222260929261785,-5.384868331365448,-5.289594377926319,-5.365014629982138,-5.183398167462131,-5.408314564852492,-5.278344816689741,-5.373254785046179,-5.348454364527975,-5.355697223784321,-5.34885234545164,-5.3488025895417115,-5.348411876427257
2016-04-21,-5.036023486046929,-5.156386847477699,-5.01320855429091,-5.185816809881218,-5.112944212083977,-5.152639489847138,-4.969214945885958,-5.226991218930469,-5.1342500989338475,-5.174572134881585,-5.143485668496027,-5.151264802250983,-5.143823649515709,-5.143920309476528,-5.143449557189024
2016-04-22,-4.869317304569767,-5.052372173243102,-4.982855827122209,-5.077190039618002,-4.981173204336725,-5.05335624141094,-4.980058334381934,-5.102035909819346,-4.963594975526136,-5.051160303470648,-5.045473968524111,-5.05094680359611,-5.04565151042969,-5.0457275970375175,-5.045476445274684
2016-04-25,-4.81274860309924,-5.168249041978633,-5.100567520858891,-5.192046337767132,-5.0695563347176975,-5.168907634367562,-5.08562742723318,-5.212571019237532,-5.031922055287797,-5.167546080712835,-5.159262842865746,-5.163681883753492,-5.1593413905988825,-5.159506618902548,-5.159250623791003
2016-04-26,-4.729871671583081,-5.207784463522192,-5.086622278088211,-5.230005014399615,-5.119843314927204,-5.213165250266154,-5.062130711732787,-5.250899238528278,-5.089790268519138,-5.204799228790736,-5.1936256711530735,-5.201625837070816,-5.193820681887388,-5.193919262078046,-5.193598858399147
2016-04-27,-4.751486816572139,-4.9180318292152725,-4.800937661989045,-4.941156883576687,-4.881797069246421,-4.9152911731288365,-4.7571675354022345,-4.969701431845833,-4.894382355295334,-4.926605823379683,-4.906171542261807,-4.912804626573866,-4.906396448623999,-4.906495666040453,-4.906129397189092
2016-04-28,-4.759282945036724,-4.893707644566643,-4.790133305087742,-4.920059893136413,-4.863644389270152,-4.893091060554146,-4.760041524704935,-4.951394663707713,-4.88375818541226,-4.89874398032999,-4.884262654450047,-4.889109591046493,-4.884572469813858,-4.884627134003381,-4.884244138358576
2016-04-29,-4.87240152271651,-4.707745812750746,-4.587917894324081,-4.729846102606055,-4.634260896635017,-4.707704597132843,-4.536769471551866,-4.754142833391358,-4.620329943007247,-4.711804413642245,-4.693442996323754,-4.703665078232149,-4.693743012991612,-4.693914697415404,-4.693421901473665
2016-05-02,-4.892113360059844,-4.8988862697338345,-4.825595425475426,-4.922237873279225,-4.826113815966115,-4.897428812916439,-4.802251351809856,-4.948475637925532,-4.822139068989736,-4.905694923502462,-4.89234982440432,-4.896878413308747,-4.892450081229854,-4.89262397214546,-4.892345389389817
2016-05-03,-5.041465756024535,-4.840686205048178,-4.766705817227432,-4.8615131848443776,-4.761559628245106,-4.8416335183353345,-4.752288072738901,-4.8828948364536116,-4.732040390881445,-4.838981282425019,-4.832853340237002,-4.838506847769883,-4.832859445760507,-4.833068052236995,-4.832862597617238
2016-05-04,-5.132462131389452,-4.851913305018601,-4.778079046105165,-4.871210595819213,-4.7572789562254725,-4.851135256623931,-4.761437696250086,-4.894667643205433,-4.745889390472962,-4.86169666363253,-4.845005411991893,-4.851002875549405,-4.844980423342726,-4.845239640684019,-4.844994760507007
2016-05-05,-5.092077947619805,-4.824885309269945,-4.737063791193934,-4.849429488639734,-4.749832339815879,-4.82471199296837,-4.705622134364474,-4.8812253853856715,-4.757947048179924,-4.842596430663863,-4.817470858287988,-4.823029286985301,-4.8172821541937125,-4.817787350816193,-4.817458200894955
2016-05-06,-5.019193798764281,-4.861404140672764,-4.775159821548204,-4.880523480405624,-4.777539764817321,-4.861749513105822,-4.758810844425007,-4.904252627585111,-4.771451493483468,-4.874787115196487,-4.854081483846474,-4.857855422880622,-4.854046334522501,-4.854321927373517,-4.854073037985648
2016-05-09,-5.1027280818700165,-4.959582579746479,-4.896700965213251,-4.98192037893435,-4.854842201175869,-4.95959299625613,-4.891440046038182,-5.006331432973926,-4.829204810308341,-4.961207243641374,-4.95413923937212,-4.957485783057944,-4.954065627645627,-4.954368728490277,-4.954153281004938
2016-05-10,-4.912865062760325,-5.317423048748678,-5.204906658346142,-5.333440505690193,-5.241403951079605,-5.317468844514215,-5.171089951397039,-5.353055374872966,-5.214621625349366,-5.324668818854388,-5.305239180527154,-5.310014745256624,-5.305172079797787,-5.305524170042407,-5.305213586405166
2016-05-11,-4.5632189884108865,-5.128350939900013,-5.058657407275229,-5.147804978479201,-5.014207520062806,-5.128599905932205,-5.039832236140604,-5.165521862231873,-4.97550124451561,-5.1288124740210534,-5.119247218165816,-5.1247583225137365,-5.119408701980021,-5.119447105146229,-5.1192486819945495
2016-05-12,-4.478155528313166,-4.872400518057234,-4.803206572218419,-4.8903124470117545,-4.78704404327022,-4.872144032621848,-4.78469856371552,-4.91180511600026,-4.761760200379961,-4.882723082351056,-4.865546591150264,-4.870305280865453,-4.865626826551621,-4.86573243002933,-4.865541748410882
2016-05-13,-4.589712600109813,-4.814162881700478,-4.768121214188091,-4.830922007314315,-4.723566824509032,-4.812505700849357,-4.7521989612110715,-4.849842807703167,-4.6864305402753015,-4.809944061138676,-4.8094617870247856,-4.813786692859924,-4.809651354191759,-4.8096519847219845,-4.809471311025014
2016-05-16,-4.582018605537363,-5.206604869344668,-5.11837623733984,-5.221979426243646,-5.107346571120886,-5.204580714104403,-5.093543944922472,-5.238838629377314,-5.071899740226117,-5.202841790548417,-5.195111490400391,-5.20078698208345,-5.195239766685759,-5.195313478433922,-5.195099536609716
2016-05-17,-4.7105667959042155,-4.827305277149672,-4.753426357272689,-4.8388749569945615,-4.750990868478905,-4.826067914075986,-4.721822650213259,-4.853210952531967,-4.717594124247717,-4.824951376567808,-4.816822269133226,-4.822984256460824,-4.816968579497997,-4.817021385367841,-4.816816582183602
2016-05-18,-5.176808356071957,-4.439598541970573,-4.361476043142176,-4.454959081409991,-4.410660812753044,-4.443179198468412,-4.334980365729089,-4.480604610157047,-4.419553438722187,-4.473906623814873,-4.432783927631742,-4.436333431964565,-4.432929694608425,-4.43309458344655,-4.432773045359667
2016-05-19,-5.709031751263162,-4.537478371193624,-4.465856337480176,-4.5509166714896265,-4.456163458867913,-4.5404885070159,-4.444444681059817,-4.568763349385961,-4.42817784595019,-4.559668401464912,-4.529006869494313,-4.534756908252934,-4.529216221420368,-4.529191515680853,-4.528995473443668
2016-05-20,-5.85502041612103,-4.980269748592125,-4.944802112032365,-4.995231276773344,-4.932304757580914,-4.980368493403604,-4.933957082633745,-5.016713650402528,-4.934068814618012,-4.983637502030723,-4.978395135910942,-4.980179075892957,-4.978487955411672,-4.978492675551582,-4.978404646711758
2016-05-23,-5.860597647197701,-5.011560618842542,-5.003884941614353,-5.024179740058768,-4.915209961023316,-5.015661022263455,-5.0062389726522065,-5.036528006861323,-4.877603442162645,-5.016551382832732,-5.009800015802116,-5.010965718451685,-5.00983178568797,-5.0097984288150945,-5.0097991520936835
2016-05-24,-5.759195569839858,-5.1784061894826205,-5.1328380438885235,-5.194675662838365,-5.1177897210074805,-5.177986380758476,-5.128048189617786,-5.208964464763523,-5.104717485373875,-5.177797598585518,-5.1732878638851645,-5.176402769848602,-5.17332924020388,-5.173426677231616,-5.17328636508465
2016-05-25,-5.7084770183913065,-5.210364899088054,-5.15489767060057,-5.227761573900494,-5.160868458276031,-5.214933924720475,-5.14428480774455,-5.2490404235431605,-5.168240791483755,-5.228020172332437,-5.20568138696598,-5.209374526079738,-5.205776837898964,-5.205842669601432,-5.205665436283377
2016-05-26,-5.470543338344792,-5.445340016051756,-5.3710562452691395,-5.467359442994793,-5.346174445285043,-5.445651542832462,-5.355276432730297,-5.488231938449286,-5.332836036530287,-5.452551824513707,-5.437221219686254,-5.441699311760447,-5.437369068523447,-5.437501895268857,-5.4372175122807205
2016-05-27,-5.371236494377465,-5.541414175643075,-5.481269067802061,-5.561227586472391,-5.484091708327359,-5.548834627564844,-5.474802652726194,-5.587917591179079,-5.493567871947785,-5.580750082709547,-5.537716266408969,-5.5391480024470034,-5.53784913953472,-5.537908683944288,-5.537710255704776
2016-05-31,-5.472758521099292,-5.315135699553396,-5.275240795993325,-5.339696673986481,-5.268387530349086,-5.323741592413418,-5.270229448866127,-5.373228070199856,-5.272685212136177,-5.354888113635714,-5.313866251664229,-5.314238758678749,-5.313811310312091,-5.314075852619178,-5.313873034594394
2016-06-01,-5.558335922906364,-5.2746868278642784,-5.24885983623588,-5.29490556844958,-5.193128628341444,-5.27712272714957,-5.266883524706184,-5.310122406842699,-5.148321452822064,-5.257640778425566,-5.27275081007813,-5.273715841377952,-5.272680568760611,-5.272816705469182,-5.272776081285798
2016-06-02,-5.587707474184703,-5.280439025531872,-5.292051502126533,-5.2999901144654045,-5.222885681335324,-5.275436483645506,-5.299364661252108,-5.320749820644933,-5.20445933564098,-5.260370294261571,-5.2823069885129135,-5.280586187383476,-5.28226814945013,-5.282390869098065,-5.282334134340632
2016-06-03,-5.718510915689007,-5.054117725272262,-5.046238926690697,-5.064087280928499,-4.995523456217653,-5.064280107233038,-5.06257886226923,-5.0664373064134836,-4.966286582789314,-5.06712300083994,-5.052496863240868,-5.05320201519413,-5.052633764160666,-5.052470671848541,-5.052491396996196
2016-06-06,-5.54284276606189,-5.21227704318242,-5.218055665690842,-5.230855845664522,-5.161718847770007,-5.229077987059702,-5.239567435475176,-5.249846374980696,-5.152332011380883,-5.247106346950136,-5.215115489076878,-5.212362275466445,-5.214991028897297,-5.215142291820541,-5.215128776055163
2016-06-07,-5.182310460314892,-5.586520443659529,-5.550820984313275,-5.602957795632136,-5.513991320412489,-5.590842545898523,-5.558399088694095,-5.615519094949874,-5.476680768404806,-5.584009762891905,-5.5825460271860345,-5.583434866604366,-5.582472701428585,-5.582653735480321,-5.582549665398771
2016-06-08,-5.0442187836677315,-5.4555800687300575,-5.4752899552727685,-5.46896970251019,-5.363372160040565,-5.458933950841037,-5.497433895419136,-5.469605334387245,-5.3044988283593595,-5.424153759782861,-5.454861235593704,-5.4558347545122325,-5.45488411754078,-5.454818752267442,-5.454869179249859
2016-06-09,-4.848559991923744,-5.343068474434683,-5.371569303030995,-5.35856931943198,-5.267240448030881,-5.340347714752836,-5.396531163744879,-5.37225470108143,-5.233965661707917,-5.316142232812014,-5.346493714307346,-5.344416375104137,-5.34627871023731,-5.346473845264546,-5.346518654166303
2016-06-10,-4.791138686133962,-5.282118108639216,-5.279001213160864,-5.297218439603844,-5.238542873866971,-5.278217004353462,-5.283804694719702,-5.312188369443309,-5.220192903684104,-5.264883967663877,-5.282745985349665,-5.28283372679029,-5.283163326570793,-5.282844782635193,-5.282769315940554
2016-06-13,-4.847286484737233,-5.064840572594299,-5.055869890846551,-5.077573554147309,-4.986987883669213,-5.0689892049263525,-5.065897955414913,-5.091453570891503,-4.961860136439272,-5.063442559728887,-5.064709587180495,-5.064934117198755,-5.064686268347384,-5.064772949741173,-5.0647240682465124
2016-06-14,-5.001131189542519,-4.874394860646349,-4.883922648864438,-4.885832066430131,-4.806022553722981,-4.877259665300354,-4.906886739370241,-4.8925720627939695,-4.765765762509162,-4.862204719574321,-4.87601288887723,-4.874407237630175,-4.87584328161482,-4.876006917438062,-4.876029680441324
2016-06-15,-5.00627492905889,-5.0015473544402775,-4.999453685325052,-5.016276479750771,-4.9152232085435115,-5.019793921274297,-5.012486769776315,-5.03436791773627,-4.888682578397506,-5.034558600199298,-5.002376991417302,-5.001923602846177,-5.0024029016458735,-5.0024313286845885,-5.00239405541581
2016-06-16,-5.199815378515882,-4.785913406540895,-4.775841509794667,-4.799748856986823,-4.708529315230492,-4.789579436466704,-4.78227633049988,-4.816418207854699,-4.679410999488276,-4.781686469907789,-4.784396558568612,-4.785165794495933,-4.784404962019022,-4.784470886212904,-4.784409615940722
2016-06-17,-4.50029914222916,-4.9335205633336905,-4.919861451565432,-4.946491926166312,-4.877667794976716,-4.9365375683945985,-4.917513540554153,-4.962648576260291,-4.8615209546905405,-4.931349423780573,-4.933021682890361,-4.933828855212276,-4.932986733910184,-4.933140995307563,-4.933032521384546
2016-06-20,-4.232644037444845,-5.07860629891723,-5.083836359805787,-5.090416123967546,-5.009157513220474,-5.102800289087335,-5.095466520913338,-5.1082174575090535,-4.994020778445951,-5.124428455072072,-5.081063763385573,-5.079409394714103,-5.081064369321553,-5.0811538628790425,-5.081086219020937
2016-06-21,-4.151091905383617,-5.171878768151244,-5.13926341261597,-5.181573416795613,-5.083793965906442,-5.186020145969336,-5.140364730511418,-5.199397768222261,-5.063347916917021,-5.20344272452278,-5.169525486868821,-5.170995987930835,-5.169469672480209,-5.169667372964296,-5.169535244258462
2016-06-22,-4.191193214067804,-5.036618000257089,-5.084077858993649,-5.050053641076345,-4.96636057591278,-5.0278999692692725,-5.109417253623174,-5.063999785715049,-4.9290608509516955,-5.003771004386729,-5.043172138974538,-5.040261280982461,-5.043016982253727,-5.043201655909311,-5.043218124845843
2016-06-23,-4.13490420543582,-5.194955299610366,-5.256630121280276,-5.201414281438655,-5.122682002445609,-5.2105161115829945,-5.274523974957544,-5.2092044432089235,-5.088207883955942,-5.207910544137526,-5.20147913208,-5.199359944054387,-5.202128657128266,-5.201459790726595,-5.201513000769241
2016-06-24,-4.603531385614054,-4.267251356921513,-4.2103058403601645,-4.273854929376536,-4.266526730920573,-4.292814251095047,-4.186791464420055,-4.2875216196846475,-4.280620776106631,-4.3455545931660025,-4.2618063286337415,-4.265056708027241,-4.2617952092666425,-4.262093828412497,-4.261793066534087
2016-06-27,-4.9999547876605,-4.345226348142162,-4.314117121134518,-4.348653466538055,-4.291622548944529,-4.341449261369033,-4.306769318233417,-4.354880150402963,-4.268482819567681,-4.336600026605742,-4.341216157971846,-4.342880086978999,-4.341210639637247,-4.341308366805219,-4.341225130478669
2016-06-28,-4.977303101202675,-4.577037162528296,-4.5513308884704555,-4.583112585410179,-4.538987781863927,-4.5980495620645145,-4.539480467948154,-4.593316792746751,-4.531785714394718,-4.634003053589962,-4.575415200572071,-4.576776110676478,-4.575754710176039,-4.575586689404927,-4.575410178144511
2016-06-29,-4.891881790641775,-4.992716040542176,-4.874589422952869,-4.998218743364041,-4.901877857369175,-5.013386913560533,-4.844321901728187,-5.005723534721967,-4.8685311615683,-5.016923314098278,-4.977026522424767,-4.984609045891817,-4.977196073401647,-4.977321395800494,-4.9769959635518015
2016-06-30,-5.058855728116807,-4.624488602158465,-4.624981648358939,-4.631623258221588,-4.580796244150077,-4.659845168023768,-4.6333855364393,-4.643956946959263,-4.572757651726723,-4.681358962132631,-4.6264329609197805,-4.625136514697353,-4.626731876253659,-4.626471574511704,-4.626440364711964
2016-07-01,-5.1258511078707,-4.944397791952533,-4.942900007362293,-4.951895053834794,-4.911121731824356,-4.972369809837842,-4.943661347498501,-4.963963615567699,-4.919203286757893,-5.015672971020301,-4.947134850228416,-4.9453340016365726,-4.947176329768389,-4.947248144660797,-4.947150214090797
2016-07-05,-5.2597721182802175,-4.961634482826455,-4.926886936873971,-4.969059197920284,-4.890720256943896,-4.975635395650683,-4.927550332469642,-4.982112426343723,-4.866928154484803,-5.004913640000271,-4.959176745603958,-4.96142332756556,-4.959149875516334,-4.959312171548156,-4.959182791629372
2016-07-06,-5.631533210668473,-4.703965928477576,-4.685275742538071,-4.711844138847704,-4.65244413954446,-4.719538978681266,-4.685012059220788,-4.727298798261324,-4.64629777642612,-4.759290890983443,-4.704546910651936,-4.703961126582309,-4.704699618498475,-4.704683691877276,-4.704566689302764
2016-07-07,-5.85317080982948,-4.887341625721828,-4.864215663207999,-4.900897219807963,-4.810497539291169,-4.925912939950417,-4.85806757761911,-4.924243322133494,-4.7979782411684715,-4.975772563475515,-4.887541303994705,-4.887430651845326,-4.887583624425788,-4.887725422669263,-4.887558215673653
2016-07-08,-5.925224484205633,-5.166769391916082,-5.1419128661439695,-5.178957672453912,-5.1066370319889405,-5.2119735765654305,-5.135616328739603,-5.201429079245531,-5.109640411816524,-5.256206047530064,-5.167140552022275,-5.166815177953662,-5.167074832430152,-5.167316589882434,-5.167142014412947
2016-07-11,-6.016890890347694,-5.238322696873756,-5.243949256067524,-5.250070885475454,-5.185695515251206,-5.282753865165191,-5.255570513219883,-5.268425253623337,-5.174017514262333,-5.31376250232024,-5.241346201944968,-5.238649601837136,-5.241159823434348,-5.241399619699885,-5.241364272419765
2016-07-12,-6.011744816724293,-5.386557450143824,-5.35791540249907,-5.3992686010028015,-5.338763321143015,-5.414738772886445,-5.355180713435509,-5.419892607189137,-5.347673093231334,-5.468083333703093,-5.3868284005635365,-5.386867403407019,-5.387064918421289,-5.3870285912569145,-5.386832812197649
2016-07-13,-6.167269752986925,-5.279707694195829,-5.251095643654516,-5.292608644537431,-5.195347023779767,-5.302476607365066,-5.2582353686518655,-5.30445078965024,-5.155481966097403,-5.300140494286017,-5.278161605650031,-5.279635469882198,-5.278386797847636,-5.27823916958843,-5.278171790613129
2016-07-14,-6.1951140509651035,-5.389050461579132,-5.3567599014019605,-5.3986331332304855,-5.339066448297091,-5.438293798124922,-5.361972707048198,-5.408752946045561,-5.325738757240879,-5.449572070276817,-5.387196111731209,-5.388653217544163,-5.387285128543181,-5.387324575255338,-5.387194887114029
2016-07-15,-6.239313857227036,-5.513069705942608,-5.497109758140952,-5.5201763354908495,-5.476621713307714,-5.5753418741445415,-5.5094929090713665,-5.5220712158876015,-5.4598363298912425,-5.582265778999501,-5.512774608279159,-5.512992746525079,-5.5127788723093145,-5.512862721626929,-5.512767744901547
2016-07-18,-6.144300995019565,-5.665688123205079,-5.664068589757589,-5.672051445485381,-5.612063898735278,-5.674122505366258,-5.682127067552985,-5.673242890194889,-5.578559468388171,-5.635254273480306,-5.665142889216445,-5.665412672035188,-5.665112220310104,-5.66514556010447,-5.66514898097107
2016-07-19,-5.900469093541206,-5.5838100022385255,-5.578919542850495,-5.591404191387247,-5.552017065023816,-5.583722502850135,-5.603567634986869,-5.596653187059986,-5.525769487063454,-5.559450386346502,-5.583917299085423,-5.5842667233434815,-5.5840873102708,-5.583924746678681,-5.583934070582444
2016-07-20,-5.706636523207836,-5.7166115131150255,-5.694316082184688,-5.727508680948103,-5.6647447074487935,-5.719174358503011,-5.716861481494226,-5.733398576676099,-5.628833190548096,-5.6692679317171635,-5.715715240141097,-5.71690752106055,-5.716011162740775,-5.715705067062597,-5.715722997862152
2016-07-21,-5.5566021435847945,-5.551876652338995,-5.524022223103175,-5.562734893661729,-5.492917878305341,-5.556456249512491,-5.529483511810731,-5.568640292519711,-5.464395318296056,-5.530080498464406,-5.549605516818353,-5.552548568777793,-5.550008805663619,-5.549677429443963,-5.549592475117683
2016-07-22,-5.452023025254082,-5.702317321209291,-5.662535678333872,-5.713792667866583,-5.634486527519605,-5.700837242069224,-5.657164872758382,-5.721190497378593,-5.605687356629366,-5.6549361471694395,-5.6967085122873895,-5.701512732792781,-5.696892385063035,-5.696803320942206,-5.696692187818228
2016-07-25,-5.3248991935006,-5.558132314298643,-5.565162960168833,-5.570756450454989,-5.504174252031548,-5.556318831926221,-5.574476107858242,-5.5808347812952075,-5.457148723290157,-5.509059573223059,-5.557369296383207,-5.558496517360394,-5.558035290563,-5.557466847789412,-5.557382796101006
2016-07-26,-5.249204502265978,-5.259223044282089,-5.241937627641686,-5.273246162381835,-5.209546433462695,-5.195690124053417,-5.234533002025279,-5.284881512150165,-5.165418620047446,-5.130966678339584,-5.254774300994364,-5.258750185138775,-5.255272758568158,-5.254845945785981,-5.254771983651961
2016-07-27,-5.308937041197669,-5.3083396933312565,-5.191329980086084,-5.326632400948272,-5.277272444711048,-5.354462999278247,-5.151746417817677,-5.362181249477021,-5.301391227066583,-5.419556401713519,-5.29936314647781,-5.304677036735625,-5.299562646959656,-5.299860956575398,-5.299333073293306
2016-07-28,-5.42396939775014,-5.256196734183972,-5.186393972774669,-5.270269925464643,-5.209647628506081,-5.245780869829565,-5.176765106885471,-5.279227451438767,-5.187312633444385,-5.231732688410515,-5.249180404761513,-5.254970785499756,-5.2495852761223984,-5.2494619216386855,-5.249159925232066
2016-07-29,-5.554761402240315,-5.3606065614911165,-5.303015371751493,-5.3687720451330465,-5.307129645992597,-5.409919730065152,-5.291279114264873,-5.375616918158148,-5.293190281416687,-5.409758003388343,-5.35301886111545,-5.358321699359311,-5.353447178983803,-5.3532257382712025,-5.353003142971174
2016-08-01,-5.817321055354545,-5.208917457894317,-5.187198584590931,-5.218326760554211,-5.138331681708018,-5.242569186311048,-5.19764007221395,-5.226502496062091,-5.100734909843932,-5.23654652410714,-5.206631912505801,-5.208096235457349,-5.206651095297272,-5.206739452255384,-5.206640244585953
2016-08-02,-6.300253139615239,-5.113682362769612,-5.087857886002735,-5.127494583965246,-5.051523474912209,-5.149241813945604,-5.087066365044747,-5.147987373537359,-5.03236333466577,-5.150297012257032,-5.111309454410848,-5.113257691902065,-5.111421854071045,-5.111449778864618,-5.111339451949988
2016-08-03,-6.340389735958905,-5.4326338827260665,-5.371075601159645,-5.447652743763984,-5.359995032693794,-5.4798884707876345,-5.3641305903515635,-5.466527281477387,-5.322227243959035,-5.484809730174798,-5.426110421148821,-5.431681231364878,-5.426188132322844,-5.426348297602246,-5.426117499888786
2016-08-04,-6.440847060455933,-5.517954426181242,-5.456595557015469,-5.53033085084609,-5.460837357896359,-5.583597977671057,-5.449111270467093,-5.545297943275201,-5.433460526499286,-5.61889077323223,-5.514836465239554,-5.517281266490517,-5.514803632515138,-5.515010432873814,-5.514830907578647
2016-08-05,-6.410792760701066,-5.8487688637172175,-5.744697220827661,-5.85877520117717,-5.806297427998074,-5.947987603216496,-5.725741227589402,-5.873938996230171,-5.810190284067786,-5.986594020166676,-5.840642981962667,-5.843827777238442,-5.8409609259999735,-5.841001750462625,-5.840630193605153
2016-08-08,-6.4696624915831045,-5.990482428759905,-5.913345403959665,-6.001043392311875,-5.9398848569744205,-6.052028987598841,-5.9079199543556875,-6.0120910568975425,-5.926692107652152,-6.044336296767758,-5.984158653983335,-5.9875877393050105,-5.984185451028494,-5.984439911110037,-5.9841419475903965
2016-08-09,-6.409498676788323,-6.0160225039092055,-5.956349574093925,-6.029119641345177,-5.9689227290544595,-6.082532398537746,-5.948866890901195,-6.047259440816777,-5.967099133940247,-6.091846854098873,-6.01146956365617,-6.015090598203777,-6.011820292964631,-6.0118042182372164,-6.0114563242254775
2016-08-10,-6.191651303565517,-5.762785317052376,-5.739913372936004,-5.774484274338323,-5.699446259487618,-5.751442368483098,-5.746421711637669,-5.778814173416668,-5.658966185986271,-5.682154020179846,-5.759427415165808,-5.762270581481968,-5.759711755190583,-5.759499706064604,-5.759428160317241
2016-08-11,-6.215631224947319,-5.919147985302184,-5.880611761275266,-5.927899485807103,-5.865802943276067,-5.9762590777416,-5.890620014275354,-5.930006881370231,-5.824820459539614,-5.933277753782218,-5.915272649965037,-5.918135810795119,-5.915412324664158,-5.915416192584221,-5.915262847207997
2016-08-12,-6.16724195744802,-5.988036686522103,-5.955711176317395,-5.998492367758263,-5.931042210530649,-6.041230171001618,-5.9558224828793,-6.005420628845314,-5.90726225505721,-6.0135320380613635,-5.985133953434265,-5.9878454940834525,-5.985362229241084,-5.9853565983958,-5.985124931389127
2016-08-15,-5.793604763846262,-6.352837459321663,-6.281392288359802,-6.362338639000009,-6.317867148316389,-6.389257613533213,-6.255965272080414,-6.371277790144556,-6.342598019426998,-6.404723633105967,-6.345554624402601,-6.35040971219142,-6.345813722884423,-6.34588079477445,-6.345537779801951
2016-08-16,-5.835012580074693,-5.945097183388896,-5.900276912550547,-5.956178587026999,-5.907983049749236,-6.033233705269811,-5.887270009733148,-5.973985377617679,-5.924382279080684,-6.060108615404972,-5.940893771291478,-5.944662387336123,-5.941261669971206,-5.9412276796878905,-5.940880040395447
2016-08-17,-5.974846470600614,-5.5535408418235575,-5.53974634604566,-5.569116624580396,-5.530974631498964,-5.648684408937223,-5.529876217821641,-5.60698510161793,-5.578319917998448,-5.758864592845907,-5.557659945122207,-5.553781906783151,-5.557648954165984,-5.558050703576042,-5.557668140349543
2016-08-18,-5.880571866439989,-5.9333694128542,-5.888845192089958,-5.943726841766686,-5.898909819273794,-6.0089176837422995,-5.875696061212193,-5.960889522231062,-5.908676811153311,-6.0429795858223185,-5.929964420248166,-5.933078445186382,-5.930283365640756,-5.930223724659225,-5.929952022933399
2016-08-19,-5.308537733300896,-5.8389266883015,-5.822832895111696,-5.850172419065454,-5.805612096429372,-5.882142489944409,-5.8271330163098405,-5.863189677904655,-5.791376279575198,-5.861654987074349,-5.838257725859138,-5.838856408571758,-5.838270926683566,-5.838440127191065,-5.838257362655914
2016-08-22,-5.468375130114215,-5.412633214463742,-5.451136259177115,-5.421945952742097,-5.366762503386875,-5.424919886756698,-5.475811743235708,-5.430803904660242,-5.317092991167021,-5.38485294302628,-5.416567252899085,-5.414406755671049,-5.416700862242484,-5.416536571574491,-5.416586554822241
2016-08-23,-5.3986070499053405,-5.952431961721239,-5.94198620634105,-5.960174708435876,-5.9128409491614775,-5.992090959427938,-5.949504016328877,-5.965126708279951,-5.894542467192213,-5.973244952220165,-5.952958345076505,-5.953764065349878,-5.953050353636991,-5.953116051430029,-5.952958639512859
2016-08-24,-5.378213774064993,-5.669567220018007,-5.6896456498965176,-5.6780688161482376,-5.6383502080491805,-5.6835649931290755,-5.70900184417816,-5.686648203966857,-5.605349791765896,-5.687977673237774,-5.673392150784421,-5.670460221260928,-5.673412453061742,-5.673419987595189,-5.67341086657431
2016-08-25,-5.2058099340993875,-5.652413796741663,-5.6396817203093335,-5.6627376189221215,-5.614583870466937,-5.640134780765044,-5.65480043726747,-5.670696514896658,-5.566430558930187,-5.606023733719481,-5.651254262422247,-5.652702696403745,-5.651416666369094,-5.651336212952361,-5.651267311662268
2016-08-26,-5.6642040485947485,-4.992342106281023,-5.0129997304775635,-4.999116912896316,-4.970590518196673,-5.111075897766243,-5.031498516535205,-5.015111109423793,-4.975082660266775,-5.159593413439198,-4.99996028881784,-4.995503068191996,-4.999995001883575,-5.000059510891709,-4.999988632026471
2016-08-29,-5.613827315799774,-5.733610708444836,-5.731132894095865,-5.7418037956919195,-5.70490281180057,-5.817158978778525,-5.73691117185033,-5.757069110099573,-5.707056778099346,-5.853749870840056,-5.73575474946401,-5.734186362356149,-5.735764482591406,-5.735914970685568,-5.735757841533081
2016-08-30,-5.644156531833512,-5.561261297279595,-5.568924957327434,-5.569740211444689,-5.536678613975176,-5.654203144061976,-5.569845861440961,-5.592513455986843,-5.561700049694474,-5.72447571219082,-5.566877878335862,-5.562887740834634,-5.566844654230142,-5.567058054869397,-5.566883654348567
2016-08-31,-5.648999424813613,-5.499918948237218,-5.507252509581165,-5.506847867817988,-5.446298272567639,-5.628873728273217,-5.522692848463734,-5.518152426764361,-5.426179737342855,-5.641454147750078,-5.503037637360659,-5.500718061237164,-5.503556300687042,-5.503137224703452,-5.5030439074879105
2016-09-01,-5.546724672858265,-5.194357476999096,-5.207498430600072,-5.201351684673054,-5.146084018201593,-5.3058594246181885,-5.229139577246564,-5.212189517995132,-5.1257461830039555,-5.308864171945057,-5.198817996947009,-5.195018754632285,-5.198751648192621,-5.1988798077552865,-5.198826631782535
2016-09-02,-5.088803780662403,-5.623531275312893,-5.603227501060412,-5.631240475074904,-5.59768547820432,-5.743774244656949,-5.599991446932936,-5.6478126727777775,-5.6132896867243,-5.796889551556491,-5.625396427373201,-5.624141478809163,-5.625421950698577,-5.625636042792805,-5.62539549896362
2016-09-06,-4.535974598976154,-5.629650466001154,-5.613889483735396,-5.635840688346888,-5.59263039748776,-5.718148684432089,-5.618539657426678,-5.648202738193007,-5.595050036371536,-5.757826453297122,-5.631368330883757,-5.6298066521501,-5.631411797747323,-5.6316194401069355,-5.631364512766736
2016-09-07,-4.392674091989485,-5.692069685008011,-5.6776540300680525,-5.697988363743127,-5.633270092795395,-5.71581048075048,-5.678663615421214,-5.706943926977201,-5.604562346879236,-5.67908739062304,-5.689940337827815,-5.691058070229337,-5.690094499863842,-5.6900738116954575,-5.689936992698495
2016-09-08,-4.30936772122704,-5.543458125205196,-5.559512624585562,-5.5494837523712786,-5.498916463135991,-5.575398891348984,-5.562494350713067,-5.5668449960417155,-5.4788317008873575,-5.568710678079528,-5.545631599978153,-5.544665631841445,-5.54576550507722,-5.545696998705003,-5.5456489856873095
2016-09-09,-4.368909363593787,-5.136729878572721,-5.122165067942581,-5.139243661125599,-5.1048493058661615,-5.238280708534872,-5.10999516877406,-5.15266111934594,-5.120803672597855,-5.28141523706744,-5.138161424130231,-5.1375016211107045,-5.138130130535036,-5.138447498796783,-5.138168543847184
2016-09-12,-4.514910942445093,-4.854849832056901,-4.830774667832622,-4.8551828204660215,-4.810992406110126,-4.913269102968469,-4.820567552731688,-4.8642121683669455,-4.805924419992508,-4.928387795006726,-4.852826346295056,-4.854759167797004,-4.853041721002448,-4.8530618396190714,-4.852831533037413
2016-09-13,-5.011046096381057,-4.483738636185789,-4.498072069998913,-4.483223816891137,-4.453824695511956,-4.553311443783065,-4.490064082949919,-4.492250944676161,-4.460553602820132,-4.593138911725526,-4.486968669578596,-4.485867245333678,-4.487494467441611,-4.487187124604731,-4.486985280177198
2016-09-14,-5.0703845770428435,-4.742421388752715,-4.74612856838529,-4.742380063191547,-4.675260391129508,-4.782858334734317,-4.741806299325868,-4.753214341270893,-4.654525048548361,-4.777642737973955,-4.742909310170341,-4.742861384872126,-4.742880204327255,-4.7430726457457695,-4.742932177875528
2016-09-15,-5.230768615639078,-4.77823479264417,-4.7988901422588635,-4.778526472385453,-4.744523888163086,-4.8233828951831486,-4.800986732134934,-4.786026964202376,-4.73263783648379,-4.8317041437577695,-4.780315146747131,-4.779163209596971,-4.7805143971040565,-4.780404821278903,-4.780333351335899
2016-09-16,-5.3249270142305685,-4.956112299141143,-4.9742102877949,-4.956913992478685,-4.93987113104334,-5.0190697564382,-4.981003656728544,-4.965197892791198,-4.951639217829856,-5.068724032982326,-4.960450716354828,-4.958256033721244,-4.960455470817967,-4.960626625548258,-4.96046110249517
2016-09-19,-5.402218073800029,-4.971711136784649,-5.0139961835620275,-4.972749398283478,-4.927742128329955,-4.982623407868162,-5.032257638680618,-4.977862165304498,-4.904046245715675,-4.984970174263185,-4.9758164706708685,-4.974407738474053,-4.975747171176069,-4.975798314775465,-4.975837784998504
2016-09-20,-5.344252654420272,-5.180331041212146,-5.207986285077743,-5.180955761478738,-5.140231867175096,-5.247784309860546,-5.219772480132895,-5.185969024216108,-5.125953177392242,-5.27938291500936,-5.184373065912426,-5.182645736561415,-5.184273807815751,-5.184434047620326,-5.1843878356439905
2016-09-21,-5.472494517856242,-4.916656441395324,-4.941572101452873,-4.9164320911832045,-4.9048660194993925,-4.997556807889664,-4.947190504194133,-4.924595245522268,-4.9242010114064945,-5.076939854463763,-4.922822849578319,-4.920121099493754,-4.922848253594604,-4.922956953439368,-4.9228463010575325
2016-09-22,-5.0913438846960934,-5.217708109566916,-5.241796921188121,-5.217007906244174,-5.193105380331501,-5.289233544079558,-5.248700139368769,-5.223650918595933,-5.197371094129717,-5.364526283029421,-5.222905973885362,-5.221292691427243,-5.222988693152437,-5.223037639483282,-5.222929855070417
2016-09-23,-5.036044842026261,-5.348598086901855,-5.341392785748012,-5.346166585383981,-5.298861036088712,-5.4386484304179845,-5.334549328903153,-5.352852460898356,-5.290205839017944,-5.449180768566912,-5.347859719234837,-5.348945064791087,-5.347948131395966,-5.348129974002954,-5.347874185240062
2016-09-26,-5.013923888181306,-5.27291276456717,-5.278764624477344,-5.270589756619317,-5.233498156346327,-5.358026148112228,-5.281955911876638,-5.274445958359238,-5.227140019722002,-5.361101830694821,-5.274246970978504,-5.273618536633192,-5.274361192091668,-5.274377455394627,-5.274259389547917
2016-09-27,-4.894374430877935,-5.129111415703914,-5.158431745792786,-5.1257287199065305,-5.106234385682208,-5.202565915936026,-5.161705553948263,-5.130624349238167,-5.114991086843155,-5.26893259795833,-5.134110592934506,-5.131148783253252,-5.134089872589908,-5.134256613568214,-5.134124217960638
2016-09-28,-4.981176421391642,-5.144117723303907,-5.156547426242726,-5.137984269982169,-5.080449216927079,-5.197673495848295,-5.145394196344115,-5.14567736303722,-5.052256656953114,-5.243744944084336,-5.144717278883645,-5.14553409486774,-5.145036838276136,-5.145020644729963,-5.144743655634624
2016-09-29,-5.318515131183915,-4.748735176698369,-4.749328625172879,-4.7430029571031564,-4.704885228861819,-4.7924249742813965,-4.745007262988249,-4.747832984784483,-4.690757925900719,-4.809617864078278,-4.7490502100594245,-4.74894143107787,-4.7492925702812805,-4.749253125202408,-4.749068689567683
2016-09-30,-5.193276142533919,-5.108592672439713,-5.094451917801023,-5.104244248245029,-5.094115711471139,-5.214919457401411,-5.094943381800649,-5.107318483186689,-5.101334201703153,-5.270175042533932,-5.110211135067495,-5.108556600238606,-5.110191119885702,-5.110426416134739,-5.1102210506975885
2016-10-03,-5.312237415429498,-5.118213981487764,-5.122533669960243,-5.11213095212253,-5.1078989401369785,-5.226068005253774,-5.120755858489672,-5.1150634650802225,-5.12745881307271,-5.323592848410015,-5.123268256815881,-5.11958416373365,-5.123153230724803,-5.123509148770451,-5.12328132171168
2016-10-04,-5.416258149851515,-4.828905122679122,-4.835495338068933,-4.8236125528804905,-4.822995328287342,-4.963919803672061,-4.837444793418445,-4.825804692375333,-4.8432158023264185,-5.060638197004905,-4.833397928490296,-4.829943996955721,-4.833401475580808,-4.833592863819746,-4.833410221667211
2016-10-05,-5.3253504783837,-5.296993619359007,-5.278118199168092,-5.290575766293503,-5.287953676846814,-5.511034116215991,-5.259278154998135,-5.293385652545063,-5.335742239385184,-5.641460256567596,-5.301736780171932,-5.298225812853509,-5.301495264595735,-5.302152736214824,-5.3017428591492575
2016-10-06,-5.134697956402565,-5.215565703421503,-5.211858475908429,-5.208669859883851,-5.2059532555327594,-5.338160365440445,-5.195143861090554,-5.212361635578828,-5.239025214810436,-5.4076182322966035,-5.218362896535232,-5.21664670973702,-5.218302216385869,-5.218691197855658,-5.218371219499452
2016-10-07,-5.156364485580517,-4.944292822620809,-4.960275541486614,-4.9388569742981066,-4.930545712232068,-5.051184974232037,-4.9635830167692205,-4.942334197901561,-4.931859716273469,-5.114204542613022,-4.948621789772834,-4.946654070477652,-4.948636703334917,-4.948823122198038,-4.948635680656146
2016-10-10,-5.033997567346232,-5.59347867422871,-5.585050250047711,-5.587612740325631,-5.595891124948712,-5.64982901913772,-5.576939885126974,-5.59160419003311,-5.607750035738795,-5.693556800967374,-5.594451353286638,-5.594146995774453,-5.59455407181967,-5.5947133883572295,-5.594456572985653
2016-10-11,-5.198509124135437,-5.027727914337378,-5.035789891694298,-5.022924503330158,-5.021530729463333,-5.096652552135397,-5.027868615289986,-5.025771516259163,-5.033942712432742,-5.14285676441665,-5.030545336521128,-5.028502496832402,-5.030570546660705,-5.030741847515598,-5.030553654949609
2016-10-12,-5.2988332158682425,-5.164929257837584,-5.195171457407042,-5.16045751468841,-5.150475019696836,-5.201738358419406,-5.200096915616918,-5.163553853268368,-5.156099959253364,-5.268076297563468,-5.170154153315795,-5.167667299439124,-5.170116387389183,-5.1702691039447375,-5.170170901028259
2016-10-13,-5.313328273507768,-4.932349549484974,-4.932312949368813,-4.926713567752326,-4.894540422523315,-4.967969670016671,-4.9250470923930205,-4.930906661554274,-4.890593871341575,-4.97193665281818,-4.932337482532757,-4.932827442578516,-4.932504599133021,-4.932492893323526,-4.9323469059199745
2016-10-14,-5.511448919028227,-5.014383396172219,-5.04220331912347,-5.0110328933023505,-4.981518515931705,-5.088357594267581,-5.04945966282615,-5.013679953687602,-4.985047913796956,-5.118374581292882,-5.019071288413436,-5.0167028041712864,-5.019088647577461,-5.019125925590788,-5.019093388714742
2016-10-17,-5.694850433155342,-5.117536925274773,-5.165511603044428,-5.113233918107376,-5.076225035760522,-5.142814902684592,-5.186378978765549,-5.117076311991777,-5.042189042818631,-5.145250374140086,-5.121779230802036,-5.120034681630717,-5.121830273825044,-5.12171463791304,-5.121801509495896
2016-10-18,-5.689015152504916,-5.441265387445026,-5.4259845213092275,-5.4368133281227795,-5.423959896326098,-5.515298553098811,-5.413065095115221,-5.43943612909717,-5.4520527257416225,-5.612511877327489,-5.443466375351997,-5.441835509742379,-5.443315618421438,-5.443763971984711,-5.4434785921391295
2016-10-19,-5.515118666164332,-5.491032373493123,-5.44684798019165,-5.486460892452448,-5.447543850821915,-5.558060510108779,-5.429397514808081,-5.488427769616625,-5.434219596171885,-5.528111331842464,-5.485719398948688,-5.489295732747378,-5.48600854915501,-5.485987051716686,-5.485720620634849
2016-10-20,-5.712564993953104,-4.9953997119955735,-5.00135057085805,-4.991091044791449,-4.984041057445814,-4.992864459324947,-5.001346357302245,-4.993393166231079,-4.972834291666062,-4.990487246131188,-4.994542369621918,-4.995609906078714,-4.9947032429304805,-4.994640075548901,-4.994547975037521
2016-10-21,-5.128771534568439,-5.421948045173617,-5.393855449948045,-5.41700150744508,-5.404808729479112,-5.440720680077598,-5.38745576861953,-5.4194522438388795,-5.393392193519412,-5.461806996378946,-5.419582844722098,-5.421627983511025,-5.420020798801972,-5.419853733482278,-5.419577640335462
2016-10-24,-5.075550595342906,-5.644151539366764,-5.6042066181237695,-5.636391663206677,-5.6219377377893665,-5.7069442380957645,-5.578954188465131,-5.638774331584048,-5.622022388969217,-5.760489455174879,-5.641281270250751,-5.643639370257577,-5.641565903114628,-5.641679312260631,-5.641287544486112
2016-10-25,-4.8507868922490225,-5.533758989821552,-5.4722880980351105,-5.526434044705837,-5.493345812371823,-5.566272700675984,-5.443842153115703,-5.52709145119619,-5.476582146001533,-5.5380047657290925,-5.526102326405418,-5.532661526470296,-5.526369768894013,-5.52646800801073,-5.526109384541716
2016-10-26,-4.7255628158650405,-5.2134515246857145,-5.1496346768491845,-5.203025225790362,-5.1763946850255325,-5.236194221339902,-5.113586297587497,-5.201786649627862,-5.155638471462308,-5.220936916110877,-5.207615386198043,-5.212632950799269,-5.207721662354272,-5.208068098253424,-5.207610964848056
2016-10-27,-4.737343452431371,-5.2656687030089895,-5.168637981278668,-5.256899549340137,-5.2615813605584405,-5.32283483169227,-5.1355015284057695,-5.255373958857591,-5.2504633833871335,-5.321758974417357,-5.2566386513473375,-5.262901850372151,-5.25665253802454,-5.257180001240785,-5.256628122069452
2016-10-28,-5.032716789799792,-4.749864421301369,-4.69924321295013,-4.741099471216943,-4.748949090885655,-4.795048340301244,-4.679675358347626,-4.740639033794225,-4.74570847820136,-4.796952546444802,-4.744064162274229,-4.7491215615060565,-4.744168355031768,-4.744409336745802,-4.744070480664562
2016-10-31,-5.0254255652600275,-5.28116654726185,-5.235499403950904,-5.267754242207172,-5.255636696488447,-5.3517292732460655,-5.212769485386546,-5.26590659165602,-5.252029873763609,-5.361949497908815,-5.2765699532688775,-5.280128763857506,-5.276666759843673,-5.276916085325093,-5.2765756604745935
2016-11-01,-5.111427892950569,-4.8508691689036665,-4.81574281765555,-4.835838170567,-4.818193872221327,-4.924097088436032,-4.783838569109555,-4.831020925365944,-4.815372847687296,-4.982576583317069,-4.848752943341133,-4.850381661851145,-4.848949577904814,-4.849170801039818,-4.848765851328625
2016-11-02,-4.583494438010086,-4.805943478163026,-4.770754351167429,-4.787872930319583,-4.783641762370092,-4.873586265944634,-4.742822828855357,-4.781759189725425,-4.775903277745997,-4.915937612857061,-4.803689199630493,-4.805949329745758,-4.803714485277841,-4.804128500423236,-4.803704826781635
2016-11-03,-4.237290359087559,-5.093276465099488,-5.043260785179781,-5.071092934595539,-5.059220753234009,-5.153563081311258,-5.012397990735341,-5.064086992815206,-5.038762118659927,-5.21435366764779,-5.089990860218401,-5.0929888390378455,-5.089890786829959,-5.090426902752808,-5.090016042340425
2016-11-04,-4.169649820218036,-5.133416228104707,-5.0709069212844495,-5.110717932662552,-5.0962017596340905,-5.151388058760004,-5.025744973632277,-5.101841773969098,-5.079871014167238,-5.1226089433060995,-5.1266597961769325,-5.131707058787251,-5.12663751898067,-5.127073066229224,-5.126673622542071
2016-11-07,-4.111718391996621,-5.2282997045554325,-5.195780274228651,-5.207411532795223,-5.217733791563814,-5.2870830208302815,-5.16706103091106,-5.20146637204106,-5.214631798621831,-5.345371658045243,-5.225300523088874,-5.22761799859913,-5.225827520431627,-5.225682580526531,-5.225312270952051
2016-11-08,-4.166733549663717,-4.997678997735408,-4.980521893248059,-4.972696035030006,-4.989483223391589,-5.083461705946195,-4.961425866944301,-4.964992019846096,-4.994548443306879,-5.149852011003614,-4.9977680399698965,-4.997769477328399,-4.997790481877203,-4.998065450646264,-4.997782991230215
2016-11-09,-4.6303704394273595,-4.380103842778983,-4.227633294031486,-4.3605514754746455,-4.37860531325216,-4.402604979222377,-4.152437192617929,-4.343397890389776,-4.364892677956707,-4.349513885282691,-4.364167364094074,-4.371220629316724,-4.3644740826717365,-4.3648793267990325,-4.364165329866415
2016-11-10,-5.304707891458781,-4.356748966046681,-4.22595814218271,-4.340269639896311,-4.351685336275937,-4.453285872350269,-4.166633955150329,-4.322141277881058,-4.362025869852201,-4.427102907783921,-4.346417904026279,-4.349844539051322,-4.346314450308098,-4.3470560432442475,-4.346419953722134
2016-11-11,-5.690428404259366,-4.654397236593334,-4.606467459511391,-4.62988719111108,-4.643095024912793,-4.743772091781897,-4.5751096976013175,-4.619299536826071,-4.651283275580581,-4.793272838234623,-4.651512488986438,-4.654255226069083,-4.6514398255194,-4.651959757328098,-4.65152928475368
2016-11-14,-6.204950182331678,-4.706966341017535,-4.64285271552879,-4.693763384708187,-4.689769986559926,-4.874595133020563,-4.620991345955616,-4.6826932765534774,-4.710404903972055,-4.950384508668534,-4.705945305239014,-4.706222769975564,-4.70572835359954,-4.706505697314579,-4.7059639832619675
2016-11-15,-6.354760613615468,-5.052284831032523,-4.960185858550732,-5.032306150923297,-5.038216357981428,-5.201770095480705,-4.917584191598529,-5.018005627947752,-5.050284320806932,-5.225642518911354,-5.04610426896243,-5.048875753658654,-5.046033139429407,-5.04690821044146,-5.046115449981134
2016-11-16,-6.419684052165125,-5.2032321322125705,-5.14469918551042,-5.187274677043395,-5.193547043312674,-5.346288517247224,-5.115478512575274,-5.175106021941421,-5.203735417796476,-5.37259341867527,-5.200589272073176,-5.202856007955438,-5.200436759185102,-5.201230040162833,-5.2006041225973725
2016-11-17,-6.543402969259607,-5.482643595584271,-5.403301295640609,-5.4688209714355915,-5.464580900921985,-5.603433569815193,-5.366996595174584,-5.458901772851448,-5.465406444180514,-5.573481301853636,-5.4766851826155705,-5.481604254670318,-5.476529366314297,-5.477438867352904,-5.476694757186997
2016-11-18,-6.4603061602735625,-5.537988577050135,-5.483041214181798,-5.5185420957032365,-5.52045788671491,-5.643712938487468,-5.456201117337016,-5.5141954236377435,-5.53050443632292,-5.678178410019022,-5.534627783530408,-5.53702822239614,-5.534580969262636,-5.535300973963137,-5.534634759351617
2016-11-21,-6.354950024168626,-5.753222856107611,-5.687917514680715,-5.736338679544163,-5.739431010525541,-5.889344288688359,-5.665422315827678,-5.729866157705465,-5.752577045584369,-5.958892379464346,-5.75075129063931,-5.750101571832767,-5.750282221148861,-5.751570607514126,-5.750764065198712
2016-11-22,-6.08027109926996,-5.707477844942781,-5.645885127297392,-5.684487338253079,-5.698568004234899,-5.823376562696771,-5.620939723777624,-5.676562563990176,-5.715426937637007,-5.845803964460056,-5.704778080751142,-5.706402933631042,-5.704747039394692,-5.705672288017913,-5.704792033636211
2016-11-23,-5.737227929394362,-5.6323812674547495,-5.588961634035929,-5.6142813061818435,-5.635108108426037,-5.790930130784179,-5.573160713027863,-5.611568541992957,-5.651666382459296,-5.835870579195525,-5.632798902435374,-5.63284763411599,-5.632690127689446,-5.633525907918223,-5.632811824168153
2016-11-25,-5.591227294507116,-6.024164165218525,-5.962465478613294,-6.009144318817833,-6.020084508996542,-6.138520256902117,-5.938144051812179,-6.005004701455509,-6.026914867489751,-6.138201253283694,-6.019637987270344,-6.023250627178733,-6.019668718003193,-6.02041830559945,-6.0196483046621
2016-11-28,-5.603968423520726,-5.590037602385633,-5.548745849781265,-5.570713868846324,-5.562086927017386,-5.738551178055752,-5.535176019008525,-5.566656889484757,-5.556223494815835,-5.794425107999151,-5.589219889722551,-5.589951110742417,-5.588958645220456,-5.589884153523344,-5.589241621048429
2016-11-29,-5.638928885743449,-5.610579864735526,-5.562539424729751,-5.586200780618617,-5.589482932975216,-5.725521223967591,-5.535517338607376,-5.576730131752053,-5.6017636003292015,-5.774115410334898,-5.60769561625435,-5.610372245082563,-5.607915934909623,-5.608558554242278,-5.607710571524546
2016-11-30,-5.645142290174224,-5.331649698913718,-5.280401727523971,-5.305020595962797,-5.298252901807867,-5.407013482714092,-5.252494253539945,-5.294764133413739,-5.2993452898549895,-5.443462840905034,-5.328316726761511,-5.33084521680656,-5.328108424444737,-5.329261316018487,-5.3283373744801965
2016-12-01,-5.819488970978031,-5.116977056335032,-5.065674638460007,-5.099564924964888,-5.091761226437783,-5.141936566183863,-5.045090481233134,-5.094222460421473,-5.09420891123099,-5.172449599436116,-5.113060278864031,-5.116155276506312,-5.112773221786555,-5.113909058417914,-5.113070630821167
2016-12-02,-5.8874788020552105,-5.347061408467718,-5.303671708817976,-5.332968749741301,-5.335492978726701,-5.409178924784858,-5.288174002854676,-5.328827432249428,-5.3464363837827396,-5.456257329216896,-5.345406429872031,-5.346112742156821,-5.344909893540893,-5.346257399167586,-5.345424580198376
2016-12-05,-5.831264772490745,-5.502958718290997,-5.46504697317929,-5.487946179573768,-5.483467002420743,-5.614826187235204,-5.456699700956285,-5.48620483434381,-5.492345397579942,-5.699212966631508,-5.504118157557416,-5.503150606865455,-5.50376894179384,-5.504869449899596,-5.504138865994116
2016-12-06,-5.6849451546784175,-5.635154668636411,-5.583425635386962,-5.621249055335678,-5.606913867409776,-5.746753634892676,-5.5692431514224845,-5.616374258732533,-5.603471094394029,-5.764724367087244,-5.634058427783291,-5.63480891406334,-5.633754824675308,-5.634917813736442,-5.634067704714173
2016-12-07,-5.178547163756086,-5.283569823122872,-5.244221134893587,-5.267226408731321,-5.280356659268538,-5.355979312398111,-5.230333626828225,-5.263191881383082,-5.287801663230001,-5.367027399719972,-5.279670104545082,-5.2822562777127935,-5.27951726008815,-5.280438564065371,-5.279674844942504
2016-12-08,-5.054480670557742,-5.34212432718967,-5.299963044586623,-5.327072193817624,-5.322732818996464,-5.494928129317245,-5.283700937445854,-5.32197069893071,-5.340349097328637,-5.561506471199504,-5.341991668514378,-5.341885654346406,-5.342023062824842,-5.342831092156463,-5.342014776197871
2016-12-09,-4.990566468113072,-5.544413943431773,-5.495430728822932,-5.526581959766613,-5.534754094275438,-5.667496758013399,-5.475384815836487,-5.518388015141585,-5.5438174866968835,-5.678349917133343,-5.542995651198223,-5.543678287947935,-5.542671582329268,-5.543786192274318,-5.543004413743619
2016-12-12,-4.990145638589012,-5.484704036286278,-5.424153374528947,-5.45971149498322,-5.447352725111811,-5.561817583736203,-5.399786231933121,-5.447766013766303,-5.423724318096603,-5.553687025295558,-5.47964404464453,-5.483440804457166,-5.479519331531125,-5.480508194149726,-5.479669768665347
2016-12-13,-5.045708789807592,-5.407500940655746,-5.359096712149856,-5.383614323352534,-5.382323180567689,-5.522040102477248,-5.337890067024201,-5.370041341918303,-5.377429276754602,-5.55576413981465,-5.404496389021653,-5.406394113512453,-5.404311656196347,-5.405290502710175,-5.404525064888393
2016-12-14,-5.64397088725019,-4.828583941100938,-4.772048052342088,-4.805663113844107,-4.80837191308586,-5.102025629335099,-4.740221702280539,-4.786546329618418,-4.823167915071308,-5.1802143498433475,-4.831035220448754,-4.827969253214778,-4.830949182443613,-4.832003391168072,-4.8310705516700185
2016-12-15,-6.068755268649834,-5.046833887008999,-5.017432321733633,-5.023850456056096,-5.023157914465888,-5.227613921688588,-5.005237640618709,-5.016679602924093,-5.018853066187433,-5.262192002714754,-5.047006756963314,-5.047463694300499,-5.046748239755811,-5.04774018058529,-5.0470338882171095
2016-12-16,-6.469519923700652,-5.22205103269071,-5.188126591030502,-5.200523189903298,-5.208247567667351,-5.367935959545986,-5.172319745917812,-5.193488453680929,-5.208710683727375,-5.4145495651944335,-5.221114663337416,-5.221579165736079,-5.220972323118061,-5.221904492106379,-5.22114378518178
2016-12-19,-6.785545948257707,-5.360079034920627,-5.334663576241193,-5.344703712704096,-5.344218984241061,-5.530835897568616,-5.327019671432959,-5.340827822851077,-5.3499493802822915,-5.584676777567955,-5.362597218713418,-5.360880698792414,-5.362278495342825,-5.363323174563169,-5.362621571382329
2016-12-20,-6.524511516751566,-5.515198850681845,-5.501551046571201,-5.495272816383428,-5.500402984600707,-5.673756884670751,-5.500017127639554,-5.496335594746526,-5.50401246934282,-5.715546456270876,-5.517307711409181,-5.515374701437521,-5.516916775593253,-5.518007108801303,-5.517323519055874
2016-12-21,-6.409159563107228,-5.889947846744468,-5.856639484758675,-5.873298811266878,-5.873449022771345,-5.980532395891381,-5.847502000764383,-5.869011982749701,-5.878079283772631,-6.016445757226974,-5.888792730315583,-5.889865584426853,-5.888436693309667,-5.889676179020862,-5.888809149543214
2016-12-22,-6.055195516526827,-5.795432056826643,-5.768586549211512,-5.779164072929569,-5.778839093312739,-5.927817296806483,-5.763715618894,-5.780608168245097,-5.784700008462779,-6.007304833011578,-5.79653427730795,-5.795424866411223,-5.79617350519177,-5.797296700231294,-5.796551814230998
