date,actual,HAR,VF1,VF2,VF3,VF4,sVF1,sVF2,sVF3,sVF4,MC,MDC,TMC,DMSPE_0.9,DMSPE_1
2009-02-04,-2.280773218206764,-2.73774386305726,-2.634250120378582,-2.726098492693969,-2.7235894716924536,-2.7361637301321577,-2.572582852843843,-2.7345754335226578,-2.718763630157168,-2.73432826385694,-2.7262139605325877,-2.735755935482395,-2.7265448688680496,-2.7237477099778347,-2.7255217180205196
2009-02-05,-2.9873684294687695,-2.5305280691480183,-2.3936591419188216,-2.5134717635799575,-2.5121838346938263,-2.5294368578264455,-2.346004032489656,-2.524246000052737,-2.511451121766198,-2.526981505475563,-2.5153618370610555,-2.5277112453765165,-2.5158277262101287,-2.512175814343534,-2.5144663370592313
2009-02-06,-2.8218272621097116,-2.864038363665791,-2.7149140725447163,-2.8498041383922383,-2.84657127355852,-2.8635215619582266,-2.6450949027814725,-2.8605229438362967,-2.8433526779375318,-2.8624124597252,-2.847542003936054,-2.859592220747035,-2.847997700478483,-2.844745952770292,-2.846761936981154
2009-02-09,-1.9545718226582467,-2.804410951068949,-2.7527821498528677,-2.781223636769099,-2.794301204532504,-2.8036598694519217,-2.7224333806107146,-2.799634306533352,-2.7901515856324215,-2.800561680259992,-2.7972352199013497,-2.80390440619514,-2.7974169456266673,-2.7951370415897747,-2.796735356342556
2009-02-10,-2.5452237936739874,-2.366815574843789,-2.219266621448978,-2.352604794517608,-2.3572249574335413,-2.366296867304222,-2.144388622446208,-2.364158162011483,-2.3543449010012307,-2.3656949281839563,-2.3495420471576005,-2.362040207820712,-2.3500494331859114,-2.3470590869824113,-2.348816028602208
2009-02-11,-2.260853786018895,-2.601673801063932,-2.5157491294431717,-2.58686762176673,-2.595001741365098,-2.6008549663460494,-2.4776495619154337,-2.599201700991908,-2.5858916357545016,-2.598083361301849,-2.591494038247708,-2.598995654066348,-2.591718095788369,-2.5895425016224136,-2.590975178529581
2009-02-12,-2.5293431626448912,-2.4784674036223953,-2.3910891687499563,-2.477471106698661,-2.469894198358273,-2.47783165173652,-2.3477729972033825,-2.4786767684290987,-2.463615583103852,-2.4731007994970478,-2.4690115885172395,-2.475600498394209,-2.4691928025865915,-2.4678489004945394,-2.468703676673841
2009-02-13,-2.2056415368381908,-2.5622290181158953,-2.5398303483115012,-2.5465382530329435,-2.548098681650117,-2.5621147661027797,-2.5251263305171205,-2.5592786410417125,-2.542109227997558,-2.561072628375504,-2.5584608606323447,-2.561897013860355,-2.5585016493650605,-2.5570577681855564,-2.558116621985329
2009-02-17,-2.1362818671198114,-2.384675685025658,-2.334926046970088,-2.38913491309824,-2.3736375248976467,-2.3850010438873146,-2.303965567893662,-2.3850718210862767,-2.3665332629885314,-2.383792183105493,-2.3792539603350567,-2.3835275590469913,-2.3794503375080605,-2.37812813113672,-2.379004351736192
2009-02-18,-2.7133985353381083,-2.374886681236923,-2.3082330860999187,-2.3591004648635243,-2.3575867214986053,-2.3742190110264114,-2.255410596713643,-2.3715030467834626,-2.3505977796713196,-2.373315845981124,-2.3662477805283366,-2.374459131329874,-2.36644896195032,-2.3640859862097723,-2.3657083565740264
2009-02-19,-1.8279792141155733,-2.6290886704847947,-2.5237531850404125,-2.6106560779774814,-2.6167518408477206,-2.6285979312996957,-2.4723284823215677,-2.6254149762397785,-2.6074239866849975,-2.627531800466479,-2.6170683741123995,-2.6275325125035276,-2.617588491042208,-2.614070710156882,-2.6163493482052163
2009-02-20,-2.337634576217002,-2.215439793565655,-2.1480213954352023,-2.188756662370899,-2.2031570663217224,-2.215385112744291,-2.1037562757577772,-2.209167390806557,-2.189389918600806,-2.213407767704261,-2.205704128373547,-2.2153546707359917,-2.2061405903216453,-2.20245310752466,-2.20484554547065
2009-02-23,-2.1013072462615043,-2.4152814067220447,-2.347364436809855,-2.382849659396039,-2.4018699556336123,-2.4144541163764632,-2.2858895319345125,-2.407453146327207,-2.391954994665465,-2.411243553210177,-2.4050436706626646,-2.414888967347431,-2.405618983310613,-2.4015094450282795,-2.4041427000957944
2009-02-24,-1.8039832461165912,-2.3126926272938784,-2.209957074948464,-2.2958195638454897,-2.301339335352608,-2.3121549297974773,-2.1469358924757995,-2.308297994175809,-2.2930123120353185,-2.3102401933917465,-2.29992747786415,-2.3110093131233542,-2.3001518213117764,-2.296886776911746,-2.299178964739532
2009-02-25,-2.3009924857180692,-2.1592262352436427,-2.0619951124576494,-2.133100691513259,-2.140966031093425,-2.158416145354801,-1.9908238115366708,-2.152700065238063,-2.1339197017654454,-2.1582037028526977,-2.145905938215826,-2.158471218185783,-2.1462600316703324,-2.1423719089988835,-2.145034607669413
2009-02-26,-1.7403543291901329,-2.3444748965889692,-2.21972083713626,-2.328747471626955,-2.326461285090324,-2.3433165462040715,-2.131294504147963,-2.3423869155994868,-2.321209874164924,-2.3440564612904256,-2.3301588688347015,-2.3423670251657365,-2.3305299298877205,-2.3274161804155726,-2.329482342566196
2009-02-27,-2.1769313031474393,-2.096795846159611,-2.0253253670396187,-2.084387688637407,-2.0845810439936994,-2.096800129279182,-1.9772158262591057,-2.094859050580027,-2.0707851364953687,-2.0952910047656292,-2.0889180651061197,-2.0958630887266834,-2.0892673554641177,-2.0866081624959736,-2.0883795522042576
2009-03-02,-1.9236969387603287,-2.2632808194827962,-2.2285684739323517,-2.2496904122108767,-2.2504115974500705,-2.2624925803906994,-2.1532080555030113,-2.26136380310194,-2.238655257497703,-2.261705831687852,-2.256777522536724,-2.2634448516437806,-2.2571161669903574,-2.254426424519776,-2.2562354147902455
2009-03-03,-2.3596217592681485,-2.1376954474543663,-2.025867434300897,-2.131147728951979,-2.121638422035629,-2.137935108863645,-1.9373766071550125,-2.136923851896725,-2.1115071290528284,-2.1376754599912275,-2.124007695447828,-2.1350133317736706,-2.1242936783720774,-2.1218926785735372,-2.123411141833361
2009-03-04,-2.0209261821123485,-2.3602394504433883,-2.245711943511063,-2.341842192999144,-2.341721708575169,-2.359908180126063,-2.179231303251085,-2.356228000924015,-2.3313353870102005,-2.3592001294015716,-2.3459321161626883,-2.3589062397021543,-2.346445096667753,-2.342975210394836,-2.3451719907173367
2009-03-05,-1.5436117789566832,-2.1952358230794635,-2.123875635956242,-2.1841067186781653,-2.1821277520815463,-2.194365490110273,-2.0774775239419587,-2.1919056218313044,-2.169607901404966,-2.192447842950809,-2.185747843792188,-2.1944835591990186,-2.1860301589524416,-2.183130252503717,-2.1850631437519388
2009-03-06,-1.8260132678131549,-1.9644229106174693,-1.8580148916636552,-1.9626685698102553,-1.9539540184833712,-1.9655773302303003,-1.785124390772428,-1.964243849614072,-1.9311091014205297,-1.9642210668654119,-1.9516596154609855,-1.960876752271901,-1.9519851192646607,-1.9495389946027983,-1.9510567003828072
2009-03-09,-2.2347738498695553,-2.0469293316832498,-1.9731319022148097,-2.034818664380663,-2.0327001910573044,-2.0462218333542785,-1.9152156764585897,-2.0438142375183057,-2.0182492064300477,-2.0419274251739816,-2.036900011072795,-2.045406690852941,-2.0371189423208786,-2.034666958952919,-2.0362378833179178
2009-03-10,-2.153317065318678,-2.239784966997643,-2.156295836191496,-2.2289382458147373,-2.222375917104364,-2.239576592670938,-2.1058560131233275,-2.2373762566586697,-2.2057894790093795,-2.2391179687467653,-2.229467696635969,-2.2378591465240296,-2.2297118465940415,-2.2270094339236435,-2.228780609091512
2009-03-11,-2.504089190995155,-2.18978851728642,-2.088057829589326,-2.173723898432601,-2.171480761167027,-2.1899155512436077,-2.030984953401978,-2.184029481290285,-2.162223504107614,-2.1895719150631927,-2.17686460005888,-2.187899236138433,-2.177175053165404,-2.1737541092970027,-2.175924805896132
2009-03-12,-2.4560436867200153,-2.36609398997684,-2.259638894054638,-2.3492100446629185,-2.3536624772984727,-2.36518873801713,-2.194946568716881,-2.361048815070462,-2.338708210296203,-2.361008697232037,-2.3534586526527836,-2.364010127333729,-2.353721221732043,-2.3502659401352415,-2.352579795827354
2009-03-13,-2.678257195164739,-2.43167553295696,-2.347181296876471,-2.4039721259827553,-2.4135363063314474,-2.4314539272011926,-2.293340610198685,-2.4226604472663613,-2.4053487794146076,-2.426623412825604,-2.420541719050906,-2.4308149666445154,-2.4208281589964216,-2.416933079739836,-2.4196014380345194
2009-03-16,-2.5853855452316528,-2.5990178196732745,-2.4859109001261666,-2.576452644807872,-2.5827466509805017,-2.599118935018172,-2.4033183880589277,-2.5908376298385063,-2.5736832929709594,-2.594715532912288,-2.583612716828284,-2.5972057560650947,-2.584495646453742,-2.578599296837023,-2.5823914983327647
2009-03-17,-1.7110203744484032,-2.589720076121254,-2.4870137295153594,-2.5688619920700444,-2.575960921959562,-2.5896266667102283,-2.4278659070895214,-2.581333235834914,-2.5706679416845413,-2.5854261353374994,-2.576370586395283,-2.587635867130012,-2.5766062253339883,-2.572303845120321,-2.5753714913507033
2009-03-18,-2.3199039820896137,-2.157592496523382,-2.0416889834109155,-2.144819570980371,-2.1495837851375192,-2.1586174334004404,-1.995518715767802,-2.1512559272885237,-2.14602302646007,-2.160001185595621,-2.143037513332082,-2.1535201553609946,-2.143352259181205,-2.1398908704121067,-2.142130880542913
2009-03-19,-2.5368587767371205,-2.4015561122056908,-2.2855234429840747,-2.3653632975731615,-2.3747262411923047,-2.4017170993404546,-2.1901975254217527,-2.3925229249464612,-2.3646277967272664,-2.4011638859606084,-2.384631054408683,-2.4001140989146004,-2.3851714079644877,-2.3796460961853727,-2.3832236082423806
2009-03-20,-2.7063056210057246,-2.500740840575826,-2.46417805714954,-2.4772552357642628,-2.4820421916873596,-2.500959550739613,-2.4029007837081067,-2.493255681463883,-2.4697923945916664,-2.50133154974234,-2.492958648284675,-2.5008827264004125,-2.4934337048235014,-2.489567017023364,-2.4921429410044693
2009-03-23,-2.646547622657894,-2.5743928873882993,-2.534336602741825,-2.561500317497296,-2.559737384921424,-2.574333580380195,-2.505214206792388,-2.570186237619613,-2.5571276932285105,-2.574937385458254,-2.568694998948251,-2.5740448918599816,-2.5687919642805825,-2.5667404491020815,-2.5681887481667625
2009-03-24,-2.119200624500138,-2.5584142752728023,-2.511552236303302,-2.5233078365340385,-2.5409671889375147,-2.558362555220305,-2.4659033964101673,-2.5473706279995705,-2.5382676947628466,-2.5591356867182515,-2.5499893675393306,-2.5588920343459303,-2.5502999452591637,-2.5467990455631497,-2.5491466226506647
2009-03-25,-2.2794486560835274,-2.3842028379023965,-2.3051528448150225,-2.3652597417784653,-2.3710113572060054,-2.3840331554273595,-2.262985501962023,-2.3773023491065226,-2.366534056649153,-2.385365124416479,-2.3744467850773012,-2.3826404388959967,-2.374608539254752,-2.3717739983874337,-2.373710888472559
2009-03-26,-2.747983825471192,-2.449280134166036,-2.3788766093125298,-2.4476907919325734,-2.440712994337362,-2.4490689984383183,-2.33847993466341,-2.4475983329498137,-2.4342075232694604,-2.4475788024004967,-2.4409093746842236,-2.4474651433544996,-2.44101420718028,-2.4389490691715223,-2.4403837840105136
2009-03-27,-2.7165482580789964,-2.6673192538417427,-2.6798040630606446,-2.648066226799416,-2.645322869275428,-2.6673833175805126,-2.661973649447583,-2.6609263843934032,-2.6397629070025936,-2.6615586260937736,-2.6673112881748424,-2.6697634135821824,-2.667497402409284,-2.6651448937133915,-2.6667946481401046
2009-03-30,-2.681025674345725,-2.6567957176427694,-2.620069585841875,-2.654043383260319,-2.6405334882915508,-2.656497392480832,-2.6008737841655196,-2.6542253833397433,-2.6360855695589054,-2.6536641853036707,-2.652848372558782,-2.65622713693298,-2.6529954194251313,-2.6512690971386688,-2.65254715145851
2009-03-31,-2.472891529871935,-2.6504989694394467,-2.615819441326856,-2.633897082428026,-2.636999091002723,-2.6501734483928576,-2.5939730058210264,-2.6457754838207244,-2.6255902992214186,-2.648120455838767,-2.6456507651217165,-2.650550559188842,-2.6456543025489494,-2.644161320335155,-2.6452813673673297
2009-04-01,-2.7783722961895623,-2.5993352652929542,-2.5408294160026075,-2.589850888960893,-2.5905587685151814,-2.599534538788278,-2.500958864456957,-2.5966668539700013,-2.5842747644981743,-2.5977813904738776,-2.5913957927922753,-2.5978487522543343,-2.591672062542906,-2.589316201688671,-2.590896034965133
2009-04-02,-2.8936992031801,-2.7774849641750077,-2.7162294125441457,-2.764705374859079,-2.7555035473052176,-2.776827065894252,-2.676917420020466,-2.774555303053103,-2.7440007469987777,-2.777210676201586,-2.7706021911341367,-2.776271719510001,-2.770722325333118,-2.768498381618187,-2.77006403678339
2009-04-03,-2.8433268568070376,-2.8387045726357196,-2.775197625606321,-2.836074759434755,-2.8229267414344448,-2.8381855814474797,-2.748229701866024,-2.836902224535355,-2.8185451531362635,-2.8382001242155095,-2.8312140407267257,-2.837065614915054,-2.831272854841795,-2.8289670011537074,-2.8307051275714454
2009-04-06,-3.0009058424679487,-2.8324529094573965,-2.7994686841186214,-2.826628890612964,-2.813725297330336,-2.8314076731721345,-2.7486175936069612,-2.8323542525574315,-2.814198908861073,-2.8347037570083327,-2.8267878161521955,-2.832468692017164,-2.827224779198487,-2.824776252838021,-2.8263274709237205
2009-04-07,-2.9055207064726063,-2.9337389800616873,-2.941141053708393,-2.9166371904447916,-2.913993210150783,-2.93216852269454,-2.9315092031366796,-2.9285443237104154,-2.9114118126271658,-2.934758057313532,-2.9327247034525055,-2.9345509020371505,-2.9329200166425395,-2.930848690784663,-2.9323438199364826
2009-04-08,-3.376898850732512,-2.940904043534997,-2.9342715948194593,-2.9209449014275513,-2.923236246149847,-2.940878157675892,-2.915932801991371,-2.9362948411877894,-2.9205835133701687,-2.939972308672635,-2.9380742450056223,-2.9421348026592127,-2.9381867745467862,-2.935790501861686,-2.937585213076492
2009-04-09,-3.3559484849924752,-3.1886383020990436,-3.1012639100141803,-3.1569988420061748,-3.158926729081899,-3.1878486695269985,-3.062074029294263,-3.1804949842051813,-3.1570993277970887,-3.1889318552858716,-3.177758023765654,-3.1874880379296906,-3.1779387949397817,-3.173670052259387,-3.1767030524066375
2009-04-13,-3.0125685855513082,-3.2212125666298315,-3.1108226082256167,-3.1671356520726905,-3.194591255464866,-3.2185834283043824,-3.056851618195754,-3.2087702722850624,-3.1963734835479336,-3.220961594683946,-3.205460426486411,-3.2199991344779235,-3.2057553279777444,-3.200047895452258,-3.204114188782988
2009-04-14,-3.096971189311579,-3.0932544467483463,-2.9734855488169956,-3.046889706750817,-3.0627177557537184,-3.0940228783599544,-2.9080264640519946,-3.0822157718417107,-3.0694175562124224,-3.0931321614320897,-3.078035592562185,-3.091777765062861,-3.0784987117370903,-3.071722413978777,-3.0765800558829075
2009-04-15,-3.188124140622724,-3.1416433772454426,-3.06956210275313,-3.098281461494706,-3.1167975255372227,-3.140447665631501,-3.0178729058703686,-3.1312777950741464,-3.123731314369613,-3.1418707644372748,-3.1303451842856744,-3.141569179663329,-3.1308286530820753,-3.1253649265694587,-3.1292587920349675
2009-04-16,-3.3371327764417638,-3.2085835972383685,-3.0915918684509327,-3.1739423186833866,-3.191606303564738,-3.2056215991655876,-3.037880886620935,-3.1984751511813734,-3.1915965490221514,-3.208518112400242,-3.194283041911275,-3.2068837232503973,-3.1944691527759694,-3.189553293364912,-3.1931606510437067
2009-04-17,-3.349591926105317,-3.2732113698702987,-3.17854110163428,-3.2177661261899737,-3.2437635757653878,-3.266763115681103,-3.1255397662760904,-3.2590569161886016,-3.243148271951184,-3.272636280901353,-3.2604909996899876,-3.273007209665153,-3.260849029346564,-3.2543692272229046,-3.2592038715536855
2009-04-20,-2.875163081892596,-3.2924914582840263,-3.158381583940617,-3.2541371152955603,-3.257887807702733,-3.2845810713232453,-3.0861577994346625,-3.2848347290815534,-3.262960348385161,-3.2926015661782495,-3.2757593819820743,-3.290264786324563,-3.276033525951475,-3.26911398161438,-3.274426382945343
2009-04-21,-2.5853202721357205,-3.0818635208786804,-2.872877434553811,-3.0249682319437463,-3.0393072554177936,-3.0688383671210326,-2.7625347112471355,-3.071447964839286,-3.048604755614714,-3.0820254437886785,-3.0559928531272065,-3.0789447901406524,-3.056593139365109,-3.047177763382748,-3.0540537966618273
2009-04-22,-2.8159599667953414,-2.9052447106156554,-2.7430106661053455,-2.8587308083926186,-2.8773485034413615,-2.895927550120956,-2.675116975068096,-2.8928603389808347,-2.885082882170514,-2.9061609231072256,-2.8855646803156874,-2.9009714482097704,-2.885720437097723,-2.879697108012076,-2.8841850823947164
2009-04-23,-2.8094236011461176,-2.974739994819241,-2.8108565284652323,-2.9575275437500688,-2.9445863867025044,-2.9752005611460293,-2.737794666264925,-2.969895734575921,-2.9547619649745225,-2.975337738595969,-2.9575295114789655,-2.9688521577423783,-2.957767031372219,-2.9538054124745403,-2.9566318770985895
2009-04-24,-2.8950765925170128,-2.937593415964785,-2.871756791143827,-2.897392515802825,-2.909181650125752,-2.931881911344283,-2.825161607480686,-2.926489724372089,-2.9137327678579203,-2.9379014037562823,-2.928610019525243,-2.9373434951381894,-2.9288939658109374,-2.924813469245574,-2.927740493732818
2009-04-27,-3.3979377355859106,-2.954180830571316,-2.878932852639699,-2.9327088307546867,-2.9311632528984286,-2.9434531152219385,-2.836324445241991,-2.9479813576030987,-2.929951153528927,-2.9552818596917807,-2.9453275256209133,-2.9526882688947316,-2.945570952390902,-2.942662543385129,-2.944729316228375
2009-04-28,-3.12754352982796,-3.2072152328935917,-3.075134332627011,-3.180030903144256,-3.184111008275667,-3.2014579387416764,-3.003609994836279,-3.20188516613279,-3.183333359408683,-3.2070603508467026,-3.192685265276393,-3.20385751872026,-3.1928950953319246,-3.189255964841015,-3.1918859469717606
2009-04-29,-2.9193973623633123,-3.1411159033652436,-3.0630631622063764,-3.1183981985288147,-3.116218621829281,-3.1320270029030453,-3.0263347576402473,-3.1360184974987773,-3.1203152876471156,-3.1411878942805758,-3.1325298956120275,-3.140304431421333,-3.132651103301632,-3.1296661949058775,-3.1318695019753187
2009-04-30,-3.1348090823299737,-3.063205285101934,-2.9257580303554174,-3.0642737249557395,-3.039572414390331,-3.051620775804279,-2.8691945650630797,-3.06548204041599,-3.0479507155062797,-3.064672802500037,-3.0486453206786726,-3.057987647501969,-3.048858297435109,-3.046164425263381,-3.0480876968979804
2009-05-01,-3.1502560536294877,-3.185814143315765,-3.1117094791377373,-3.1624467767591415,-3.165274689839286,-3.1719942020654788,-3.0809930276018935,-3.181278880041819,-3.16871670203464,-3.18621648426887,-3.1789984820523958,-3.1854270016738044,-3.179050333170423,-3.1767805690221476,-3.1785219545967163
2009-05-04,-3.3541074130626036,-3.2199119234638602,-3.1183567367743277,-3.1789538563058097,-3.1977019250523186,-3.2107392652678612,-3.066649081393605,-3.208142497129259,-3.2057285750660967,-3.220387733646699,-3.208341964752756,-3.218429906435021,-3.208465684485079,-3.2048657046022457,-3.207538840180498
2009-05-05,-2.908210567140476,-3.3072345675464225,-3.150434653687979,-3.262844087640997,-3.277210645262018,-3.292600684254264,-3.085391046851715,-3.2958594941988517,-3.2898706154954085,-3.3077122223750504,-3.290104534304388,-3.3040670498448472,-3.2901853439319937,-3.2855926180178203,-3.2890927232236247
2009-05-06,-2.758639591974509,-3.0992860989743445,-2.9566775114783,-3.0431245534930005,-3.0727377494308334,-3.090850634416299,-2.90540022451032,-3.079231759332019,-3.0844626295535438,-3.098972857770998,-3.08351306215925,-3.0969164031358067,-3.083904183762969,-3.0782389976531856,-3.0822489161626794
2009-05-07,-3.0247499710299772,-3.0182647736982577,-2.8074779567648376,-2.976966113823284,-2.9899842896248843,-3.0100021486672053,-2.7109977917877033,-3.0058904068433647,-3.005166752666194,-3.017173093412414,-2.99369359549822,-3.011294759755387,-2.9940795484001628,-2.9877196112927447,-2.9921385878730566
2009-05-08,-3.3299639296677466,-3.1232613532479467,-2.968585433817296,-3.0826847610496038,-3.0959369172312505,-3.1165028737520193,-2.9253611344669697,-3.1069727063287758,-3.1096761504043506,-3.124270387225209,-3.1058378253026553,-3.1191264449188667,-3.1065340898379596,-3.100533092200273,-3.1044948648267665
2009-05-11,-3.0668988227916287,-3.26768596604952,-3.1680905736306175,-3.2351191368038816,-3.2448252845783765,-3.2631124253775843,-3.134349311474276,-3.2519288154251207,-3.2525768120103615,-3.267754891393039,-3.2571110971087034,-3.2655447802382933,-3.2571430837102167,-3.2544322145466382,-3.256466358426311
2009-05-12,-3.2758571062980737,-3.135589205990075,-3.017727936625932,-3.073450505178502,-3.107181233229054,-3.1293939351126063,-2.947043054760364,-3.112642752003823,-3.121321095101196,-3.135245782110656,-3.1205998784914373,-3.133355353817435,-3.1207187079041026,-3.116476165183019,-3.119542687868382
2009-05-13,-3.2027586845765423,-3.250620665553547,-3.1148575355785026,-3.216824313210052,-3.2304719279787877,-3.239976880609296,-3.053485802360101,-3.2409000120724416,-3.2331560223500113,-3.249297501568459,-3.2347305542271925,-3.245795489463829,-3.2351542633921975,-3.2305097654268287,-3.2337097756555844
2009-05-14,-3.297117746514935,-3.2613783966315326,-3.126278877527414,-3.2157939943971448,-3.2366844554890326,-3.249511261122392,-3.0796049115853177,-3.2421400759444388,-3.244822587024895,-3.256812450553495,-3.2462623446167758,-3.2575310267291924,-3.2463238634027536,-3.242434579793669,-3.2453537802161647
2009-05-15,-3.6272173779778822,-3.324985577244025,-3.232403812640774,-3.28451262678866,-3.301958803514974,-3.3103073668517515,-3.181483713354486,-3.3116663742050303,-3.310195349375818,-3.320425962301406,-3.313366850881922,-3.3219893576033024,-3.313497890711223,-3.30990984336882,-3.312610071358355
2009-05-18,-3.5246706570282424,-3.4878275834525856,-3.456005354029526,-3.4518204765021667,-3.4668196774604447,-3.4786982396916537,-3.42884880584098,-3.4756596204236145,-3.476227814855025,-3.488438407888811,-3.4836539695754984,-3.487415035767271,-3.483752201737321,-3.481273356968739,-3.4832082139212535
2009-05-19,-3.256429560544039,-3.4813926199942387,-3.3194588116427655,-3.4366964432551557,-3.463708048907852,-3.473241174841074,-3.2486697567176512,-3.465116626720074,-3.471631938614333,-3.4783252038892893,-3.462325911297973,-3.4757244803659946,-3.4625290213457487,-3.4582669111835838,-3.4612900921637704
2009-05-20,-3.347091642031421,-3.363044027540068,-3.2368724562629314,-3.3292577981519105,-3.346123338453864,-3.360829850867307,-3.186810931552317,-3.352765116352115,-3.352880194613874,-3.362544283819295,-3.3490797370950447,-3.358787631676762,-3.3493454411748242,-3.34572931624946,-3.348269307924888
2009-05-21,-3.4105461498822995,-3.4174850325155877,-3.344910262715148,-3.3782192657326555,-3.397867196403744,-3.416228244953234,-3.3125753623279484,-3.40326486992405,-3.4054588971767683,-3.4169908876574744,-3.4091658275724743,-3.417007027263229,-3.4092754832627166,-3.405662604834636,-3.4084126850997785
2009-05-22,-3.039194093914786,-3.4602137697796422,-3.4069997303028208,-3.4389832923058465,-3.4468837111996327,-3.455814694740734,-3.409330324008612,-3.450399056926509,-3.449200899269628,-3.4602398941745216,-3.455747048255254,-3.4592265716039656,-3.455976270498549,-3.4540691969633364,-3.4555214211280814
2009-05-26,-2.757435198218911,-3.25421941700753,-3.2342926660578333,-3.2294833320946803,-3.237097888261155,-3.2460473573773303,-3.227275751884827,-3.245837615878083,-3.243343857732292,-3.2540259472494037,-3.252050381745918,-3.254215124915935,-3.252133489387162,-3.250816767060867,-3.2518438232562734
2009-05-27,-2.6270864140280583,-3.0658977653391637,-3.089497875765235,-3.042760795593517,-3.0528860173245547,-3.0616712764302854,-3.0810208491689024,-3.060940293025014,-3.0531260623382197,-3.0656990683543373,-3.0674912918618205,-3.0672121260192835,-3.067511305760565,-3.0670109367159775,-3.0675080467000146
2009-05-28,-2.8748879837689993,-2.9507309260239585,-2.935163472709362,-2.927936866663646,-2.934423357477545,-2.939501901945645,-2.924167596625373,-2.9433272603646494,-2.936419805399341,-2.9521376695863633,-2.948950065804042,-2.9501976486000827,-2.949070558810004,-2.9481170318801078,-2.948809356493036
2009-05-29,-3.893299268299658,-3.0225304722320057,-3.062284357239682,-3.012964953443153,-3.0041519377758603,-3.014252846865453,-3.0705203123058484,-3.0187543413095113,-3.005018351208076,-3.024469511606822,-3.0272655124023626,-3.0244477146076783,-3.02723674539769,-3.027195822404473,-3.0274504726646096
2009-06-01,-3.454705728154741,-3.4863553700378263,-3.399569835479831,-3.4487339882983497,-3.4670640374845325,-3.4810130297479773,-3.3443745328433754,-3.4751522331961673,-3.475579105203717,-3.4865573004720583,-3.4744803310583845,-3.483495877806725,-3.4747479184956944,-3.4727341000002063,-3.4736777710899074
2009-06-02,-3.733068392258952,-3.3244427896660222,-3.2781951270182343,-3.297022009025325,-3.298792439486385,-3.3201070405994626,-3.2551402435441363,-3.316950394719265,-3.309246656191467,-3.3244349371402686,-3.3191826679563206,-3.3240955322534957,-3.3196185340290287,-3.317475625466095,-3.3185311358634304
2009-06-03,-3.9857426480392597,-3.516379907806725,-3.4931424189979556,-3.489822868441804,-3.5005905800427435,-3.505377068026027,-3.4705200567270396,-3.508773931516382,-3.5041450922468638,-3.5174564922159695,-3.5122627311706434,-3.516336115475369,-3.512435035572539,-3.5110358311820664,-3.511863115075378
2009-06-04,-3.1144065191988792,-3.745864561341589,-3.675434748465696,-3.7149050600428035,-3.7227653289038782,-3.739158549696163,-3.6579399671882054,-3.7355593481545917,-3.734164480328034,-3.7459378644649326,-3.738358376429734,-3.7451629202264147,-3.7384719606975345,-3.7366907942744305,-3.7376684608298603
2009-06-05,-3.233714701858664,-3.396576273052161,-3.3349669759771103,-3.3755963914796827,-3.383185665701107,-3.3888586692446188,-3.305085269501506,-3.39161233288416,-3.3846186432591003,-3.3971170073677164,-3.388890391982303,-3.394316477096587,-3.388972668647419,-3.3874934161655577,-3.388335472574396
2009-06-08,-3.809901601793746,-3.401657008924504,-3.442261327806858,-3.3651025785882807,-3.379862973079304,-3.3933267472796413,-3.446111233875809,-3.390028111136956,-3.384847930964578,-3.401967694967918,-3.4048396523098274,-3.4047330235073123,-3.405102554211213,-3.40404280936518,-3.40463252717162
2009-06-09,-3.4104858223218533,-3.6817995399534693,-3.733612956698071,-3.647383998591489,-3.6601733929959153,-3.6736362742897053,-3.7267783088104522,-3.6735398382143796,-3.665240817707369,-3.6832517866123813,-3.6848568662955405,-3.6853382608540572,-3.685024173773817,-3.6839981681370353,-3.684605988111614
2009-06-10,-3.515989920529605,-3.4888457143292597,-3.4800089042595315,-3.4732456809039385,-3.4710825960927187,-3.4823560881027715,-3.4568781834095423,-3.487349474213929,-3.4717722273004727,-3.491020560674511,-3.48686088231885,-3.4885654561511688,-3.4871014189105622,-3.4860578089576513,-3.4866818014137957
2009-06-11,-4.034276773171287,-3.5099346596811425,-3.516143702537462,-3.4790476994475137,-3.4898123390990445,-3.5034439347328035,-3.5056916403808205,-3.5029936000515374,-3.4917140548120056,-3.510897717909149,-3.5093216773949405,-3.5102519377303256,-3.5096708975037436,-3.5085098910853088,-3.5091030351100523
2009-06-12,-3.769875587882753,-3.8039812116406164,-3.7642131040045084,-3.790129926062044,-3.7839445034885317,-3.7992293470742045,-3.7648889370702663,-3.7991987668786495,-3.7868026448555283,-3.8054741488537704,-3.8005206553294744,-3.8032334627975253,-3.800566023501335,-3.7995034219540615,-3.8002428858268336
2009-06-15,-3.6086091447068944,-3.7378527376956563,-3.737249592814211,-3.708569592472833,-3.7143582364174192,-3.732185262024455,-3.7148443507792592,-3.731659130447219,-3.7255026515197205,-3.7386504678005346,-3.7361173816193753,-3.738491843845205,-3.73617867883449,-3.734932385202988,-3.7357449503321893
2009-06-16,-3.3680705586740305,-3.6569127169596305,-3.6306602480780357,-3.6179154018610253,-3.6330295735838836,-3.649473627713568,-3.6146517179411686,-3.647657040173395,-3.6408196687842738,-3.6594388371877336,-3.652830137790415,-3.6569273022522957,-3.6529278441391893,-3.651255909539131,-3.652338626209776
2009-06-17,-3.6612810574590484,-3.5480414164900553,-3.4137436790924363,-3.5163396939886353,-3.526258066027789,-3.543624331306054,-3.3750258867184284,-3.539216392417576,-3.5311041238634826,-3.5525218417606577,-3.533580095578671,-3.5438624006310495,-3.5335200118246033,-3.531255591068258,-3.5326775030544484
2009-06-18,-4.073090280883301,-3.686772642420726,-3.63588281013724,-3.6491946325480735,-3.667816671332801,-3.6774403211999305,-3.6099399800685035,-3.6777936114367593,-3.671658863833146,-3.694569268082171,-3.6798541464404124,-3.6852578351790743,-3.679843021347707,-3.6778892293867975,-3.679242863267902
2009-06-19,-3.6576510373030615,-3.870627648648523,-3.8775161337146313,-3.830607641355235,-3.847436995164394,-3.8638093069743626,-3.8801701907617407,-3.8602401561777326,-3.8559308536019516,-3.8749943934648736,-3.8698116027611036,-3.871436253114076,-3.869779698578817,-3.8683714079046143,-3.8694037999500828
2009-06-22,-3.539437175762396,-3.6850572619947246,-3.6570803066476607,-3.6474714745794232,-3.669726471636471,-3.6778691358440536,-3.6413122609960418,-3.6757017137200134,-3.670584366980293,-3.694924941886784,-3.6804522793925623,-3.6845574687660987,-3.6804530437938197,-3.6786445833513404,-3.6798609173059647
2009-06-23,-3.319444766330553,-3.6297484048725615,-3.523307559269487,-3.58364180374005,-3.6104508404004267,-3.6237157499723955,-3.459148618313991,-3.619580009240092,-3.6170473083805548,-3.634130082758728,-3.6152248445822135,-3.626377490561456,-3.615502060809339,-3.612563705327327,-3.61423203041183
2009-06-24,-3.298789089290842,-3.5282222496194273,-3.542830830550163,-3.485499935127704,-3.5102572330050297,-3.520086725662134,-3.5227995146569433,-3.5183687245207698,-3.518888555977934,-3.529612932740001,-3.527087827051832,-3.5291384649307806,-3.527154054696705,-3.525968331839092,-3.5268782594522574
2009-06-25,-4.030072051027793,-3.491342928026671,-3.4936807448509906,-3.4634551305287498,-3.4748894099957433,-3.485344072957468,-3.488555076454189,-3.4832016902642695,-3.480426981768272,-3.4924036297815744,-3.491069959327329,-3.492064173563641,-3.4913541171241578,-3.48999056347488,-3.490868555225362
2009-06-26,-4.165833387620394,-3.817604623122588,-3.7704703060519855,-3.7860820932010966,-3.7932975179102986,-3.811512768811186,-3.7610391601678472,-3.8078757101007565,-3.8053142061854213,-3.818036991440971,-3.8125453886699288,-3.816840480625549,-3.8127536158857325,-3.8110256181406026,-3.812100097282502
2009-06-29,-3.762489771926597,-3.9180431162330334,-3.8688001036599378,-3.872168134437599,-3.894941105609534,-3.913460610789244,-3.8279065518786966,-3.907132528970848,-3.904443834444415,-3.919582965825,-3.9119944192951532,-3.9174685814821193,-3.9123761830641812,-3.9101324688766494,-3.91138124347086
2009-06-30,-4.182207954688277,-3.7675490604837103,-3.7608142217868408,-3.7258547423297106,-3.7463174216031945,-3.762164775416413,-3.7559824029778284,-3.7558006806178463,-3.75372300388276,-3.7700284743333006,-3.766216225249213,-3.7680477501069496,-3.7667333777059473,-3.764513160697838,-3.7658381605168563
2009-07-01,-3.9223073097784114,-4.016937815503233,-4.008362622894908,-3.988607441897362,-3.9982568515821693,-4.013301042738045,-3.999516240880846,-4.009570577434813,-4.00745460125743,-4.017920718817985,-4.015431296757519,-4.016948016372095,-4.015898689237044,-4.014175554582495,-4.01497659559027
2009-07-02,-3.59396184301218,-3.9707493860959646,-4.015461471155444,-3.935356770456042,-3.94892930164085,-3.9672317044511325,-4.031740143619153,-3.9606507179938246,-3.9612274638733456,-3.970769170545918,-3.974918485606536,-3.9747778534806177,-3.975035106926992,-3.9736787189208935,-3.974624685277609
2009-07-06,-3.8876369921063523,-3.789325744784997,-3.7713700851252154,-3.7489741027207977,-3.7680256215726704,-3.7852582553099205,-3.7653608391535083,-3.777308336201072,-3.774998999453871,-3.7922192809773487,-3.7865467373671104,-3.7895709298292823,-3.7865269664791295,-3.7847315734151166,-3.7859336501842016
2009-07-07,-3.224843945670236,-3.898707419477415,-3.8637995256053244,-3.8576018604760427,-3.877485543928936,-3.8945984563569755,-3.8302451170094165,-3.8875945981066047,-3.8876066201440382,-3.9022873915306904,-3.8929774230190084,-3.898429759107275,-3.8932401685998097,-3.8907369111322336,-3.8922108279484315
2009-07-08,-3.4136095952529613,-3.558108729821153,-3.5053376001995202,-3.501727905004629,-3.535724282662006,-3.5531292020009517,-3.442716069028386,-3.5449140061149635,-3.5416933895452383,-3.5617809988917535,-3.5486418761270544,-3.5573246044006472,-3.548902539617335,-3.546199029219915,-3.5476305470293688
2009-07-09,-3.5127328180442037,-3.5921025820796455,-3.5834765675522875,-3.5436873314663124,-3.573600248095969,-3.585195114872644,-3.574604906829471,-3.577617158072796,-3.577037175132038,-3.591599558838949,-3.5902398600799996,-3.592533050964483,-3.5906369630626283,-3.588124048802205,-3.589719972335522
2009-07-10,-3.5908319869023417,-3.6072973477579344,-3.593947547365005,-3.5754067456742824,-3.5855556119992027,-3.6036039743369943,-3.566876259622694,-3.5981611560034086,-3.594196030440689,-3.6072607020808674,-3.604424287649997,-3.607344057611485,-3.6049528820979573,-3.602492879647315,-3.6039854240494975
2009-07-13,-4.165263336227082,-3.642975907560732,-3.6199836995097385,-3.6159825646797117,-3.619907692439223,-3.640138131241933,-3.590582801517912,-3.634953168350139,-3.6305102060106718,-3.6435243769657157,-3.639278144518232,-3.6420449498236787,-3.6395156551746197,-3.6375312972194185,-3.638913934576066
2009-07-14,-4.477652619049183,-3.9109855619483773,-3.9034419154740116,-3.854048379274924,-3.8863283690084796,-3.909787383758072,-3.8745634901412425,-3.8959890601339455,-3.8965494004420953,-3.917157516714685,-3.907326691767321,-3.9117166530966476,-3.907694944919831,-3.905493407497217,-3.906766152602344
2009-07-15,-3.944150254148439,-4.134238267783618,-4.071459234314522,-4.077283060141658,-4.111789167640085,-4.133389256789851,-4.053323335004397,-4.1159455633192215,-4.124964960056861,-4.132991769118301,-4.126372811045678,-4.134100884690075,-4.126385919909717,-4.124780128726528,-4.125547176006987
2009-07-16,-4.124331321128247,-3.9413945614475456,-3.9262147456935574,-3.89067801326127,-3.920348847702511,-3.9388667618247086,-3.9086937987999266,-3.9269640966863237,-3.932402066013536,-3.941694845118015,-3.937279059384687,-3.9415355929209834,-3.937477333936843,-3.9359753740156007,-3.9367780936155388
2009-07-17,-4.016518333794114,-4.075373002430373,-4.0801743650934466,-4.006750043102828,-4.0522636840015736,-4.074274395067799,-4.070341017338484,-4.056287740878361,-4.064925481699512,-4.075293870657666,-4.0726986047057485,-4.077944969514846,-4.072962385228288,-4.070891205781715,-4.071908012283793
2009-07-20,-3.8152205145435234,-4.072552476457369,-4.034804463200785,-4.0338356730680935,-4.053925880889254,-4.071011011253478,-4.015033200924988,-4.060767963744836,-4.0657512521920385,-4.0725262882902244,-4.0672292243334205,-4.071447725220336,-4.0673084273337485,-4.065838043624331,-4.066728866433494
2009-07-21,-3.814793070283886,-3.9559130875642183,-3.8739022542541752,-3.9149207155667485,-3.9414081065528004,-3.9554353655384564,-3.8012939486872783,-3.945829264038902,-3.9549597688591063,-3.9556089799465184,-3.944364334082497,-3.9530308602298936,-3.9447610980114365,-3.9423780709347285,-3.9434576019482916
2009-07-22,-3.8907914947868116,-3.9127915951924375,-3.8566646015765826,-3.86417275110628,-3.895646458008433,-3.9121554263614136,-3.827300222969574,-3.897299910693393,-3.90771026141568,-3.9127933663175516,-3.90487397371027,-3.9115625089479025,-3.9051537029014796,-3.9030683949834466,-3.904157427297708
2009-07-23,-3.870589873426394,-3.9448910260891727,-3.814851920587194,-3.916804409278688,-3.9293856784917716,-3.9442399589677932,-3.755987297048403,-3.9323018047201805,-3.940808383215782,-3.945343500778112,-3.9300002614572564,-3.941103529382742,-3.930270475256409,-3.927922318862207,-3.92915927787634
2009-07-24,-3.971979556033892,-3.922003342133822,-3.8811714498882597,-3.8714561117962956,-3.9038612378497572,-3.9191618150015763,-3.8729323334049703,-3.903011021530414,-3.917384276975213,-3.9238915340542646,-3.916591162872395,-3.9215756461559215,-3.9168024180711325,-3.9145989103120478,-3.9160427365222885
2009-07-27,-3.6754504099874756,-3.9703176024737497,-3.8938427898701793,-3.9074511481550362,-3.954973979519744,-3.9692892208608583,-3.85385753577523,-3.9482109926757873,-3.9651044187271154,-3.9702496021998557,-3.961141069752793,-3.969563024905397,-3.9613826028212786,-3.9583560821192756,-3.9602505266958046
2009-07-28,-3.6942026938410923,-3.830560616513702,-3.788035037595011,-3.7913978772433974,-3.811400021859797,-3.8295909078439903,-3.753564405890381,-3.8179228668878613,-3.8244497445172234,-3.831592634472102,-3.825263443388301,-3.829727685000959,-3.825423547606208,-3.8228889752528956,-3.8246544759647207
2009-07-29,-3.696067768743,-3.827293670311669,-3.806686406901105,-3.7917011309814215,-3.8137391104642298,-3.8220605169875768,-3.8005344604627256,-3.812036256870581,-3.8217240289226426,-3.8290060528813985,-3.8244377901715447,-3.8272561659914714,-3.824546093723704,-3.8226043699909327,-3.8241369021095903
2009-07-30,-3.4728756759270687,-3.8109043777230838,-3.7365253856594554,-3.7708506158495454,-3.7853122686007463,-3.8075446579815653,-3.7045566561160665,-3.795489194386445,-3.8017454422078947,-3.8133092903160475,-3.802248315420252,-3.8097973669774667,-3.802549610904683,-3.799421188744177,-3.801512963046112
2009-07-31,-3.777897938391805,-3.678213344544707,-3.747639383950653,-3.628112546040153,-3.6576105802991985,-3.6727323839348553,-3.7662938147965894,-3.6605569810656293,-3.6668293402273826,-3.681270279811293,-3.684354429124944,-3.681713953472829,-3.6842937608282553,-3.6828604511936383,-3.6842512822671787
2009-08-03,-4.200118709166506,-3.800587419208528,-3.8161409774100394,-3.7501399950922636,-3.783420455563808,-3.7992656971819225,-3.8187550194691124,-3.7810671489256307,-3.793038196196357,-3.8020611291665687,-3.8021853885450483,-3.8021425371410524,-3.802290308802382,-3.7999848571328148,-3.8017888480649593
2009-08-04,-3.6979152617247926,-4.02019322434726,-3.979879678763152,-3.945158257165268,-4.006034440257869,-4.018125650296427,-3.9512010983415826,-3.9919746864386094,-4.014336863314415,-4.0218462825284425,-4.014187778782809,-4.020493073487439,-4.0145200139698085,-4.010929643957545,-4.013201778198717
2009-08-05,-3.717711789010532,-3.7972370810813723,-3.739600840634403,-3.7189044192854177,-3.7805443241799415,-3.795446217934003,-3.7053619019841255,-3.765263061567274,-3.7919210794786293,-3.797629586931397,-3.7886963471531825,-3.7968258267494566,-3.7893112161296174,-3.7846849038095733,-3.787354741801522
2009-08-06,-3.955358279493915,-3.8065676301253633,-3.7482969334168446,-3.715261091656398,-3.7902928299816696,-3.806182196118962,-3.7040846628957693,-3.769974154703362,-3.8008701424419553,-3.807290451017898,-3.7978459271864256,-3.8067015576650274,-3.79836275872059,-3.7928072548775678,-3.7963059758003825
2009-08-07,-4.593784117662398,-3.957437857555219,-3.8815927378284156,-3.875137029880637,-3.9438995815962445,-3.956557512002907,-3.843372074186662,-3.9226540220887074,-3.9528549187087223,-3.9579467794858845,-3.9474490950233414,-3.956872990694766,-3.947798632818576,-3.942799499376889,-3.946031506513444
2009-08-10,-4.363774024718854,-4.295978711628691,-4.220947834787785,-4.223127946527529,-4.281914915201757,-4.295823074211738,-4.203918002673002,-4.268724539599237,-4.290824570968734,-4.29590700872618,-4.2875555505868705,-4.2954074135798175,-4.2876211928000805,-4.285634245148555,-4.286241419038587
2009-08-11,-3.593229459184904,-4.208226325109964,-4.12908905981709,-4.127081983343142,-4.19726353309409,-4.207455549584816,-4.08885346096622,-4.181069417908492,-4.205898779547992,-4.208216276978537,-4.196984454189604,-4.207471762970811,-4.197175577462896,-4.195513636090113,-4.1955576049415795
2009-08-12,-3.817419834490061,-3.852971316013763,-3.8489761310363284,-3.7980624968200627,-3.8426712750690024,-3.8509577791537017,-3.8459744641764964,-3.8314100507997324,-3.8502848350625527,-3.8537617296796904,-3.8505461909528345,-3.853605710039901,-3.8506344188829327,-3.8489516678959093,-3.849924850162804
2009-08-13,-3.7009315174539688,-3.9596437790887005,-3.92221259417215,-3.898444739940036,-3.9516045153072175,-3.959504189374993,-3.909251940506115,-3.9321501073231184,-3.9572396956817424,-3.9599578110387177,-3.9539125009193263,-3.958620366486417,-3.9539740573253854,-3.9519983478425598,-3.9531014754110787
2009-08-14,-4.240154554068678,-3.8815495673570553,-3.9621255398869053,-3.820086413905387,-3.8686684825080726,-3.8807276871631964,-3.9766571296474442,-3.855395993947824,-3.8772944778213203,-3.8821258509520638,-3.8879822745607853,-3.886080554508471,-3.888003939677496,-3.8868483074642683,-3.8877756803608867
2009-08-17,-4.595071459165918,-4.1094579953450445,-4.075419357917675,-4.054498605628518,-4.096290063739088,-4.10825552958643,-4.063970077928149,-4.083643612681278,-4.1048056720165365,-4.11103463321349,-4.104984321891345,-4.1094287424104055,-4.105096720328415,-4.103433093302355,-4.104329706568144
2009-08-18,-3.7581296182830055,-4.279882441103352,-4.295983073130568,-4.222573550736258,-4.270010383764204,-4.279569717989371,-4.315502202433961,-4.256141365867284,-4.27755810711206,-4.279871190945865,-4.280726184368334,-4.280882789789859,-4.280523218344222,-4.280283000170148,-4.280341633109114
2009-08-19,-4.8788671284278315,-3.9188004071438027,-3.9642829664135535,-3.870324529563432,-3.9072218587851686,-3.918689411083095,-3.9756934486730406,-3.897996053663492,-3.9160157676907588,-3.9194056593460758,-3.921794724081749,-3.9208032586369104,-3.9218315302400213,-3.921123246718786,-3.9215807058846175
2009-08-20,-4.086711101404597,-4.482719913387174,-4.478765791017808,-4.417883995490258,-4.472836834124187,-4.482648282303659,-4.463930661227205,-4.4601597286672465,-4.48039987640062,-4.483073544022025,-4.4807427016086665,-4.484845260492273,-4.4813499940463375,-4.480637881488295,-4.479909109542303
2009-08-21,-4.2364564378918,-4.168502081047132,-4.171621596673805,-4.107876249473013,-4.159262537377692,-4.168360187360585,-4.172802597497855,-4.143461718970265,-4.1654308426743025,-4.169592040948241,-4.168063293977012,-4.170191836890333,-4.168114445122575,-4.167456033705855,-4.167370496811393
2009-08-24,-3.814453939127114,-4.2367610889787874,-4.236174533807418,-4.154307832279534,-4.227795252461982,-4.236735581250918,-4.235092697067199,-4.208008039168076,-4.2346922147116395,-4.236791639812045,-4.2335920121928226,-4.238637721486272,-4.233684017229533,-4.232773734588168,-4.232692383295562
2009-08-25,-3.942953917780313,-3.993796188423594,-4.024377471028467,-3.941076204544144,-3.9852034952381716,-3.993797686802168,-4.0440111336589695,-3.972139843129174,-3.989696952151307,-3.994548123986796,-3.9964832326373867,-3.9955772149555138,-3.9965337953742432,-3.9957166154790382,-3.9960814349909843
2009-08-26,-3.9412331740923294,-4.0675096305159135,-4.0758944057472055,-4.00453529797078,-4.059396508707884,-4.067514952912588,-4.073936627137051,-4.045437288645488,-4.064662934996122,-4.06885097956759,-4.066831838196873,-4.068082134102433,-4.06709406624989,-4.065814434110578,-4.066243831907621
2009-08-27,-3.8894864821314603,-4.0198758164510435,-4.056761371004928,-3.959552330294474,-4.009212632717765,-4.019911378328647,-4.06047862385545,-3.9971012880085905,-4.014742383563365,-4.019211271951962,-4.022414472852509,-4.0224388559365405,-4.022801692248427,-4.021328060599103,-4.021918383560408
2009-08-28,-4.598473228490104,-3.9843583543789105,-4.007949922766046,-3.925064356334339,-3.9736841031326033,-3.9843563403425715,-4.006599245412701,-3.961961135828688,-3.9794073465163087,-3.9863901751187454,-3.985493989222137,-3.986358109458452,-3.9858513409156178,-3.9842120426472345,-3.9849293930808773
2009-08-31,-3.22092877426828,-4.320772565769542,-4.315392780511386,-4.265695593832079,-4.310948363842146,-4.32142273987679,-4.313920906596827,-4.302716725122314,-4.316806875934519,-4.321360033170407,-4.319086609318996,-4.321806861131844,-4.319411692638613,-4.318465666483781,-4.318471288876932
2009-09-01,-3.7660968029110884,-3.6450324506405853,-3.633078007605244,-3.5855605078981436,-3.6336565042996165,-3.644987625637951,-3.625829654392929,-3.619676579258679,-3.6389884147262537,-3.6461314549621644,-3.642764216861595,-3.6457378578688697,-3.642940066982237,-3.6418481090036985,-3.642146608600714
2009-09-02,-4.221547943448492,-3.873589705022522,-3.8816879220244127,-3.7942955385686967,-3.861002014530729,-3.873587664169687,-3.854174266219727,-3.841933940029092,-3.8654247421253562,-3.8726769761518876,-3.870474134321599,-3.875143108318074,-3.8707916785967758,-3.8692130743030666,-3.869643835294527
2009-09-03,-4.308587431545825,-4.089740583191087,-4.170141074136113,-4.012579090663589,-4.082452830766839,-4.089732135589553,-4.192445421568799,-4.056965843146129,-4.08543980991287,-4.088538123523967,-4.09638991828427,-4.095378104799352,-4.096621648173661,-4.095655889636981,-4.096026078446409
2009-09-04,-4.521322863405623,-4.156975800988493,-4.21679937308465,-4.088291144013082,-4.149999817507236,-4.156953120138062,-4.226394985373615,-4.131953277408469,-4.1546001575853575,-4.1584407144271225,-4.162069155734574,-4.161006445530166,-4.162179199659476,-4.161491120911506,-4.16168222673801
2009-09-08,-4.280690934898975,-4.254065539045106,-4.190792347909642,-4.201570611537911,-4.248620281675637,-4.2540786965239,-4.142425766966686,-4.238840442543387,-4.252650017732593,-4.260015650843904,-4.2457885462742855,-4.2542278827126,-4.246237611771748,-4.245402944970773,-4.245035490539249
2009-09-09,-4.374461044764096,-4.255176084189469,-4.255094097930934,-4.192109293256167,-4.246309526462869,-4.255096885662524,-4.242824054913388,-4.230850088306586,-4.250994805951448,-4.254918670641699,-4.253125719779182,-4.2561384933830135,-4.253374584458813,-4.25271277428306,-4.252500870737477
2009-09-10,-4.536667789630646,-4.349014271311663,-4.311246506928377,-4.288095071871903,-4.341710333388898,-4.3489843182650745,-4.273825616108381,-4.3271923746783125,-4.345618675031816,-4.347917647472022,-4.342434655486848,-4.348913775391447,-4.342667685904759,-4.341924212219583,-4.341567112602526
2009-09-11,-4.435575736550765,-4.44402538918013,-4.3716733612945236,-4.390812832971777,-4.4377659408591565,-4.444011170781938,-4.318540716601506,-4.427098438027011,-4.440905158113065,-4.444632916492404,-4.433788415759309,-4.44282682567076,-4.433956220213908,-4.433403079103762,-4.432936188904704
2009-09-14,-4.1092468545428025,-4.41527057941025,-4.3416423945792975,-4.353465226785397,-4.4092883649570584,-4.415354377833148,-4.278338300743838,-4.395223744821725,-4.4120077027875295,-4.416292499082118,-4.404361738794968,-4.413589542141771,-4.40469120204594,-4.403834679240584,-4.403427604237487
2009-09-15,-4.365379919497169,-4.241458382543501,-4.210079224725166,-4.165152812392663,-4.233802499629971,-4.241472449936793,-4.181515905434622,-4.215061669437,-4.236638229238196,-4.241781278987929,-4.235133710578859,-4.2421321919346475,-4.235268623640908,-4.234009499050017,-4.234155706826436
2009-09-16,-3.875452664247405,-4.366121155715295,-4.123515791320867,-4.294372484644457,-4.3591181774758905,-4.367055499218935,-4.00761295664152,-4.345342756719139,-4.363195405377864,-4.365753650394818,-4.336935252364357,-4.3575064650862485,-4.337479245888742,-4.335569479168541,-4.335183323940503
2009-09-17,-4.5484190243939775,-4.103883935826253,-4.026543570708288,-4.030456411316465,-4.094961902159622,-4.1038417790219475,-3.9690036975145557,-4.079807080673139,-4.099444156216502,-4.1024569042729615,-4.091816152756061,-4.102264599778492,-4.091908175267383,-4.090096443701047,-4.090865025318454
2009-09-18,-4.1741602843191545,-4.401056583917177,-4.371435957246998,-4.339316928837943,-4.393659184449625,-4.401118021944054,-4.347601942875137,-4.382082325319164,-4.397356009714092,-4.400412699903777,-4.395961099775917,-4.400921218791428,-4.396167022170864,-4.395206208299388,-4.395267980444965
2009-09-21,-4.531191465762617,-4.223194480374363,-4.205929023342953,-4.161414204649382,-4.215763952085979,-4.223170982011559,-4.18863217908245,-4.199499465171808,-4.218514901326351,-4.223923324415299,-4.220620777034044,-4.223983623022491,-4.220945774233162,-4.219740472114939,-4.21998699199356
2009-09-22,-3.7284652458735943,-4.4065048405367735,-4.3850754759727595,-4.3445260242837405,-4.399938386900725,-4.406509331167309,-4.37680448497663,-4.3849646136510385,-4.402792038935496,-4.405018549256591,-4.403728912491559,-4.407514204253166,-4.404067500590318,-4.403041525757928,-4.402999418198142
2009-09-23,-3.6515655635943123,-3.9965394258934435,-4.01620786279574,-3.946247049639426,-3.989160017060683,-3.9964785093529236,-4.006028762873772,-3.9776856700868475,-3.9917014838917106,-3.995837135358065,-3.9969644137443807,-3.998531579055889,-3.9971229229732286,-3.9962136577722496,-3.9966014281111404
2009-09-24,-3.670594551392609,-3.9352451506002675,-3.8894771065468334,-3.865306938845037,-3.9276483465685708,-3.935145020019031,-3.848390109376338,-3.9085720200022864,-3.930495324541433,-3.9400982636760222,-3.927919435562918,-3.935257375117721,-3.927966458938528,-3.9264980857144893,-3.9271604156288387
2009-09-25,-4.242226100119466,-3.8846299390430277,-3.926805806017866,-3.817687545239112,-3.876630400448707,-3.88441701042995,-3.9024648423795054,-3.857752830056456,-3.8778098647099655,-3.886744376411335,-3.885707233168379,-3.8874165804655574,-3.8858002177319895,-3.884534134823387,-3.8853842154106935
2009-09-28,-4.143112759680768,-4.142393295562643,-4.193288068840373,-4.074847335161364,-4.1323670276953255,-4.1423087925185325,-4.1763738304470355,-4.117867020486255,-4.1353786698781025,-4.145926067841089,-4.144779358609779,-4.146325583541714,-4.145013769060916,-4.143789114592007,-4.144445744459907
2009-09-29,-3.1713448150425787,-4.082798208694721,-4.050973545200303,-4.01518207325652,-4.075388502248865,-4.082802429823229,-4.028836208857584,-4.055595499410327,-4.079052620404623,-4.088986497440519,-4.0777358311942375,-4.082681194422142,-4.078040134138976,-4.076187805771308,-4.077113566590349
2009-09-30,-3.5113928626242954,-3.589096300457899,-3.607769743342061,-3.5342030453228634,-3.5791995783452366,-3.589103914742591,-3.5933103953194574,-3.5669230215969208,-3.5831110625248743,-3.5926660462548443,-3.589211287023689,-3.5903671245258573,-3.589310622762332,-3.5882949365111823,-3.5889889883326855
2009-10-01,-3.746572891004341,-3.71915959418497,-3.7327281899569122,-3.6739085840432764,-3.711841954163433,-3.719064262388771,-3.713423149932901,-3.699032410030999,-3.7125520303681907,-3.7215782158345183,-3.7183707279216733,-3.7198430288458217,-3.718419316546008,-3.717413869537834,-3.7180630125851315
2009-10-02,-3.9912115734093954,-3.834483886986497,-3.7359706821900573,-3.7601418455465634,-3.824633822228288,-3.834387971572356,-3.6652077807302246,-3.8037498602476725,-3.825578011808922,-3.835145627595663,-3.820865360382653,-3.832751804423137,-3.82127745285597,-3.818497421126817,-3.819738035582799
2009-10-05,-3.9930810597509683,-3.9324771009491517,-3.956050635594044,-3.873931605432313,-3.924749406509055,-3.932412229997213,-3.939811911593745,-3.908739066898356,-3.9264517004122332,-3.9332678783068977,-3.9331733890040494,-3.933455631729877,-3.9331354900459328,-3.932073000356694,-3.9328096363732175
2009-10-06,-4.305380614969101,-3.9244999748822704,-3.946718837949047,-3.8549046498564437,-3.9175901269871067,-3.9244421191196563,-3.950300788971946,-3.8937814987791945,-3.920323301923122,-3.9253188315421306,-3.924903153560203,-3.9271179366626887,-3.9248792458791053,-3.923609719118572,-3.924459964545772
2009-10-07,-4.24730046701509,-4.1493731178061815,-4.153452834535855,-4.087735727149123,-4.143930785778706,-4.149379184116072,-4.137897227349421,-4.126378155231059,-4.145265242661599,-4.1494673889952685,-4.147261268203114,-4.150107537259983,-4.147307356351862,-4.146239121441896,-4.14674829897584
2009-10-08,-5.0347419843738495,-4.180530500843803,-4.187168106711558,-4.126474025436532,-4.17436987285744,-4.180564339641235,-4.181095639116208,-4.15991807032443,-4.176157605151285,-4.180966578403867,-4.179541982305712,-4.182091501965398,-4.179603332282671,-4.178547556550912,-4.179103563045926
2009-10-09,-5.395153247134328,-4.608426565758787,-4.608611393134877,-4.555857759655149,-4.60379489982323,-4.608732821372552,-4.587031318874164,-4.589005964696867,-4.605316837406339,-4.608763070140428,-4.607045654990306,-4.610093981904072,-4.6070582352060265,-4.606701239988045,-4.606459124794493
2009-10-12,-4.304164154524952,-4.852004359357871,-4.813303587382006,-4.8067235474588985,-4.84938075823044,-4.8522097105158934,-4.792278123387849,-4.838065447779063,-4.8507339647560945,-4.852059991160978,-4.846378051444432,-4.852050687424393,-4.846406692633452,-4.846493029658131,-4.845698408220709
2009-10-13,-5.066956370179964,-4.397469989171863,-4.406554833513644,-4.342317473724041,-4.393157844746741,-4.39786372690208,-4.402403753792368,-4.378396453389752,-4.394686057915925,-4.396757373985111,-4.39649471252729,-4.398494731055427,-4.396586342262213,-4.396374511294771,-4.3959066714012724
2009-10-14,-4.870588022771804,-4.792106771237561,-4.683480620930171,-4.750723559487797,-4.791336254633577,-4.792049463011701,-4.6429932701871275,-4.777856245040706,-4.792608696440037,-4.789924829188515,-4.778837242839844,-4.788732997649156,-4.7790759503066065,-4.778867581445173,-4.777965965566214
2009-10-15,-4.251252070468629,-4.766156046087751,-4.6929441150395235,-4.723592431160313,-4.765360691329012,-4.764906910317487,-4.621330485343735,-4.756064767438013,-4.767088470014375,-4.755829747603262,-4.755740543050376,-4.764130822480968,-4.7559841533525375,-4.755844655032042,-4.7549775380130015
2009-10-16,-4.806137652234515,-4.425162635535584,-4.381225034666393,-4.39313010733102,-4.424491415727481,-4.425288611847685,-4.3845706141675755,-4.4124063688865425,-4.426786258472212,-4.428314180698063,-4.421314892694034,-4.424389249415342,-4.421441804114463,-4.421218010410685,-4.42094963468184
2009-10-19,-4.1769266486423575,-4.649548147611915,-4.585975868618681,-4.599922752885199,-4.649629447547967,-4.648097658872307,-4.558016811700935,-4.63324745880962,-4.650455870204203,-4.642457386948002,-4.641608638317581,-4.64864307636109,-4.641723723912683,-4.641603416138779,-4.640948452890335
2009-10-20,-3.7712640610024075,-4.356833956837286,-4.3159159787917005,-4.314001039802557,-4.3568427864049815,-4.356147727313572,-4.281325423640842,-4.345064932707401,-4.357363525702545,-4.349265442774638,-4.350663873106832,-4.356223325958984,-4.350773278583109,-4.350390728360887,-4.350218639355038
2009-10-21,-4.010661089327418,-4.073722947273862,-4.019046970423132,-4.028537418538848,-4.07407250171953,-4.072666720277072,-3.9942830398558176,-4.0575681952776295,-4.076833695988958,-4.072524571818314,-4.066113982819433,-4.072977315943509,-4.066265092784122,-4.065616213587747,-4.0655123497159655
2009-10-22,-3.4584637874537507,-4.126186854486805,-4.044347942627549,-4.08329367221632,-4.127290679533217,-4.127630034949048,-4.015520831794772,-4.110354376921013,-4.130396791512783,-4.133208390625922,-4.1165544491176735,-4.12450763408132,-4.116843251935202,-4.115992312573941,-4.1158914605639305
2009-10-23,-3.170451873991072,-3.8089251376793927,-3.818150320883346,-3.7699433146601065,-3.80933675138931,-3.8089415596227307,-3.8357437953482023,-3.7894303163358884,-3.811207540380966,-3.8094529000460517,-3.8089675208441385,-3.8095257373647184,-3.8091019452535626,-3.8084873981830714,-3.808818781794997
2009-10-26,-3.356490139473555,-3.5674898846236927,-3.556298177395002,-3.5237058906658785,-3.567778684913266,-3.5667415498444583,-3.556115428921733,-3.547079688251756,-3.5708696229249557,-3.5658987140722265,-3.5654008830450863,-3.5675156350835797,-3.5655264581178017,-3.564755854460736,-3.565036137344921
2009-10-27,-3.367947344111039,-3.5964596476543105,-3.5577730509897414,-3.5510803649157463,-3.596504161322676,-3.596099934203633,-3.540737344264676,-3.5774902222456793,-3.6004869835652373,-3.597780324462463,-3.5907598336008113,-3.596072477987242,-3.5907823604871454,-3.5899889509505023,-3.5903308434433305
2009-10-28,-4.116525431000893,-3.567551207856288,-3.5227723293258504,-3.5155206099183625,-3.567580180038557,-3.5675037297407957,-3.4975589368744475,-3.54276020660171,-3.5725326387054337,-3.5690757561188193,-3.561802165132354,-3.5674247252151767,-3.562075032061349,-3.5608263320603304,-3.561345371393182
2009-10-29,-2.9234984616020054,-3.9041881588778735,-3.8645391372153575,-3.8499922149706056,-3.904997761573646,-3.9040936095943137,-3.856612397642026,-3.8807890666690033,-3.9089808090405027,-3.906760496206113,-3.8997603475688445,-3.904229494608702,-3.8997692939525304,-3.8991560584163287,-3.8992938586804597
2009-10-30,-2.741358644461068,-3.3228291669000196,-3.335702113778381,-3.286764738174506,-3.321725086288276,-3.322398430394484,-3.328607019917186,-3.3072440666633938,-3.3256013446556434,-3.321812471035369,-3.323603470250561,-3.3235764991905414,-3.3237234369865347,-3.323172262064123,-3.3234354135822284
2009-11-02,-3.239340355578831,-3.18570641321439,-3.118974470084788,-3.137171973699154,-3.1837330735343756,-3.1879071342145218,-3.0920625059411098,-3.164564765410865,-3.1868902555722483,-3.183874286708562,-3.1787628816244076,-3.184140840057581,-3.1788431539224997,-3.177950891904241,-3.1781784195737965
2009-11-03,-3.352923008390062,-3.393613989070588,-3.4121313789314383,-3.3341599175876535,-3.392911977355281,-3.395286665128012,-3.4012766630388396,-3.371012111391462,-3.395866977315858,-3.392194046320442,-3.393959544324423,-3.394303998586193,-3.3939914074128645,-3.393285970610869,-3.393615444532813
2009-11-04,-3.968459723052745,-3.4374637342140453,-3.4593919849165444,-3.3806664565957614,-3.436701558218433,-3.4370198997058417,-3.4582768495073197,-3.413514964369657,-3.4393739185545864,-3.4313210073981573,-3.438024441307463,-3.437752603084679,-3.437945717487797,-3.437276106506162,-3.4376997616602174
2009-11-05,-3.776438673894363,-3.707596931262951,-3.659356575800478,-3.648057604631407,-3.707426483208408,-3.709288971432071,-3.64855530028606,-3.6813414347640117,-3.7093972083657443,-3.7096906099922617,-3.7016433852063173,-3.706724312489817,-3.701836710215931,-3.7007651766815353,-3.700937406052853
2009-11-06,-4.889359883251366,-3.675562471405798,-3.7160957209128447,-3.619951379505577,-3.6755648301776556,-3.6770384012276542,-3.716925738925754,-3.651175722751245,-3.678687980465016,-3.6774650889085905,-3.677471827270147,-3.676643028997616,-3.677389726988677,-3.676800777620257,-3.6771466149375986
2009-11-09,-4.561220533433074,-4.309182550556892,-4.325911613054595,-4.2533281431341186,-4.309887266750435,-4.310095652539303,-4.307559986853806,-4.289621857398878,-4.311709589221958,-4.3086764496424435,-4.308415388013578,-4.310368295304728,-4.30848537205833,-4.308269045058044,-4.307955174038447
2009-11-10,-4.059158762046167,-4.253709405068357,-4.250642435550011,-4.19472468447295,-4.254329846105476,-4.254740571833568,-4.2296524746394155,-4.234897187268065,-4.254540629523179,-4.251909337910376,-4.250538862617162,-4.254441676876883,-4.25077738117703,-4.250534595660481,-4.250020801184384
2009-11-11,-4.073725462935222,-4.097135581646065,-4.166167529633841,-4.035734250464981,-4.0977340133671065,-4.095828943530373,-4.181432818370306,-4.075298552647009,-4.099331960626372,-4.0971295642376235,-4.102165578732661,-4.102623528024074,-4.102399639509926,-4.102088575538246,-4.101869929567866
2009-11-12,-4.070749564165371,-4.110576887562477,-4.145925539628218,-4.065336215236284,-4.111233980192614,-4.111645509858524,-4.144921709166803,-4.093818737921864,-4.11313762428176,-4.106465667419737,-4.11242345606246,-4.11197463902316,-4.112533964200174,-4.11231883846938,-4.112083881292855
2009-11-13,-4.321269455631671,-4.133451530894186,-4.216458425706638,-4.081094486113299,-4.134051585113722,-4.1325206021170695,-4.253270948697957,-4.114064576053338,-4.135867221254506,-4.132491661472117,-4.140064546499576,-4.139415122018823,-4.1401555677562145,-4.139905404530191,-4.139888126048062
2009-11-16,-4.447860025063943,-4.215998524936286,-4.283139203796513,-4.159020912125622,-4.21618096902698,-4.214856631789747,-4.320564513360286,-4.19527868272591,-4.2169115729152855,-4.214293170535773,-4.221304269750568,-4.22119195940518,-4.221369050370497,-4.22114912823004,-4.2209992590448975
2009-11-17,-4.33912197654273,-4.2676551215130445,-4.367768329933138,-4.2143739026973925,-4.267965900191445,-4.266844323290189,-4.400119242061637,-4.25184946576491,-4.269101308255085,-4.265807919631169,-4.276396175015077,-4.275709717552162,-4.276449235719301,-4.276406585927509,-4.2762814056676675
2009-11-18,-4.131211708165041,-4.23792916048001,-4.348180383821057,-4.1835210707958135,-4.238540678884966,-4.237676154787614,-4.398098302689045,-4.220516014954241,-4.2392129789689506,-4.23652163426468,-4.248732824420879,-4.247948966597294,-4.248736653096814,-4.248750613049651,-4.248634870687921
2009-11-19,-4.83531667026729,-4.148865386921853,-4.202131479058023,-4.11286414721706,-4.149671176261432,-4.148178342567648,-4.2175782273657845,-4.137367353708482,-4.15151552551591,-4.148385038169438,-4.1539718947147035,-4.151630425127946,-4.1540748479193,-4.153876771315073,-4.15379628391673
2009-11-20,-4.760857494449123,-4.518059405464721,-4.571367796068362,-4.474424463821356,-4.518903650128925,-4.516988950753971,-4.599131206768515,-4.502643198382309,-4.5197907139755396,-4.516817646527684,-4.522715226850319,-4.521413401520333,-4.52294377206425,-4.522893764578022,-4.522545787183692
2009-11-23,-4.126546496413985,-4.516107458160275,-4.586916713645441,-4.47466981410335,-4.517131807105945,-4.515905240377563,-4.6355748921649935,-4.502191362821347,-4.51839950655919,-4.516333918313003,-4.52448289321088,-4.521877556165576,-4.5245381659117845,-4.5247234150528035,-4.524370844575084
2009-11-24,-5.501065290115643,-4.210887382285617,-4.346207072047981,-4.16269309744208,-4.212868782276183,-4.209192198095752,-4.406420055165574,-4.194025032095504,-4.214223651237398,-4.211546968526437,-4.224597078864096,-4.220604867862717,-4.224608567720029,-4.224606637761429,-4.224613672920689
2009-11-25,-3.8234854977034383,-4.893557989411495,-4.952427061088305,-4.849206151540893,-4.895615116608635,-4.893210143997835,-4.990951826818002,-4.882356223262264,-4.8967790290747075,-4.8888845012159035,-4.899445547416269,-4.898721047678135,-4.899674888265965,-4.89991799228604,-4.8992560000567495
2009-11-27,-4.341430144685814,-4.115468730814131,-4.198311241386936,-4.0811340310502375,-4.1156534746374644,-4.114465852316851,-4.25062899734218,-4.103407624434795,-4.115310841210616,-4.117640336013641,-4.126005681820347,-4.1250298657187425,-4.126057643069098,-4.126011455696419,-4.125856763269833
2009-11-30,-4.496681410329099,-4.322681857519625,-4.376744193841825,-4.2744852893133185,-4.324016088413508,-4.322398551715767,-4.402952867387704,-4.305295452608241,-4.325345247026623,-4.317290208909671,-4.327765560736606,-4.327028330033277,-4.327903614911564,-4.327802415840198,-4.327476123091153
2009-12-01,-4.5821355829702215,-4.3794073439767764,-4.479370001077251,-4.321910871817457,-4.3807774161174695,-4.378893128919421,-4.535123805265523,-4.359771833131424,-4.381794903890957,-4.381003349167261,-4.389995395013941,-4.388800842736689,-4.390004520754719,-4.390080959409693,-4.389696807826108
2009-12-02,-4.048733207546134,-4.467693175311216,-4.494009904186619,-4.421002648119428,-4.469867503491718,-4.466828708489881,-4.4956606457348744,-4.453142761596719,-4.471859764953992,-4.465796565991384,-4.469781079397071,-4.471305066049634,-4.469824374325541,-4.4698985663601105,-4.469437706529878
2009-12-03,-3.2898439055847732,-4.181662607872897,-4.244740478334559,-4.11952642395901,-4.183284723371714,-4.1798371649177595,-4.284741832415574,-4.161533022775672,-4.184940983079521,-4.181859110342949,-4.187536170792927,-4.188918884041475,-4.187779630587746,-4.187363861176521,-4.1871287001153075
2009-12-04,-4.577540918433462,-3.77895915355687,-3.8143399658930575,-3.7377983305791456,-3.781385428264952,-3.777550654397355,-3.826614414720719,-3.762765222992011,-3.782570864567454,-3.7787308482216764,-3.7819451558638724,-3.7804302423981846,-3.7820376100317588,-3.7815862890149115,-3.781733550455302
2009-12-07,-4.136006413185186,-4.371162331293442,-4.414655318727727,-4.315102915250619,-4.373879803596326,-4.369801619850792,-4.4205615478990135,-4.354621014465845,-4.375786863593801,-4.370542145674809,-4.374155964009537,-4.3752887728104115,-4.374233936588554,-4.373914437952907,-4.37378440350192
2009-12-08,-4.383575771337559,-4.159140437730785,-4.235888297589785,-4.108096838830301,-4.161089692785225,-4.157490653792134,-4.258382341284654,-4.142859278262294,-4.162034733610303,-4.161525428101643,-4.16606396416001,-4.164608319471794,-4.165963144573137,-4.16577938072141,-4.165877421978094
2009-12-09,-4.922580694804439,-4.2653309328068145,-4.3047267271743985,-4.226320254049414,-4.2688827401492135,-4.265069540978227,-4.30896767016717,-4.253375138974378,-4.271193943339154,-4.266130468406887,-4.268295426446069,-4.267986416284291,-4.268338489630457,-4.268115108939041,-4.268049371481988
2009-12-10,-4.819655694494067,-4.5462731547105255,-4.578554324842573,-4.500400692646502,-4.551231151144859,-4.54428922399928,-4.586887785382858,-4.5308920264882815,-4.5528949389033935,-4.5498606095380785,-4.548569469451319,-4.5492612817373494,-4.548748938022569,-4.5485941278397135,-4.548272409265108
2009-12-11,-5.175923198732988,-4.654173197087496,-4.697012608126992,-4.609237593318407,-4.657414137375189,-4.6525617084492685,-4.719924400072568,-4.637581238354003,-4.656736504304021,-4.656195747030889,-4.657481954125571,-4.6572288873736,-4.6576606485102925,-4.657633876184686,-4.6572168531812155
2009-12-14,-5.348291665420424,-4.850734858731082,-4.8671650996562335,-4.798461443040038,-4.85450536678668,-4.848584051058857,-4.866788711098031,-4.835857806925208,-4.856232051074191,-4.852999097447178,-4.851519666407216,-4.852862846297785,-4.8516128241738095,-4.8519436016393245,-4.8510851998548175
2009-12-15,-4.967321079633292,-5.025513012966357,-4.942836264417292,-4.980157972946027,-5.028117513692722,-5.025189424395725,-4.93367996307134,-5.01268859875745,-5.029045162527844,-5.019906764210969,-5.01653312294165,-5.024825936051101,-5.016689565319742,-5.017255714166971,-5.015890295776477
2009-12-16,-4.587611706302411,-4.91685896185524,-4.886708499274953,-4.874787685254844,-4.920457301051597,-4.915737298950052,-4.888029222492583,-4.905829910412926,-4.920917071533896,-4.918051930074541,-4.9130533812788215,-4.91691530029792,-4.9132718033602,-4.9136473648899806,-4.912658281012279
2009-12-17,-4.705826283958118,-4.719589650954315,-4.678011544344629,-4.679265858801885,-4.7244840848437635,-4.718652639855056,-4.676093626244044,-4.706543250223719,-4.726735049522555,-4.718889359243371,-4.715009217692058,-4.719798698939639,-4.715147439948413,-4.715368395985084,-4.714519529570377
2009-12-18,-5.7252852964155645,-4.765384211590221,-4.721588400198702,-4.726247411657176,-4.767925935171153,-4.7648572030107585,-4.744632655674986,-4.752325402620463,-4.7690926863119225,-4.764477320554352,-4.762753254391329,-4.765333316950004,-4.762914595243539,-4.7630648120409305,-4.762376674408601
2009-12-21,-5.3973773690160645,-5.2494738387067,-5.125649086932831,-5.211644524671721,-5.251842487285646,-5.2486402599547315,-5.11141659317427,-5.238795389619902,-5.253969104032483,-5.249345666177937,-5.23769303090574,-5.246734184084467,-5.2379168323250065,-5.238467909235627,-5.23711012024423
2009-12-22,-5.292241768717178,-5.113567464424466,-5.061858750947152,-5.070989168921032,-5.114901512157626,-5.111625117642293,-5.065265793075783,-5.102631700407923,-5.116897532337324,-5.11876241032729,-5.108604828541093,-5.113160693432646,-5.108685954709157,-5.109385342354537,-5.108184658406793
2009-12-23,-5.9076230637775895,-5.089683885954591,-5.119479159717812,-5.038614899906927,-5.091203943916677,-5.0886537574349315,-5.131891604081749,-5.078877941964404,-5.092266236632802,-5.0880223510270115,-5.093795493820464,-5.092864412201491,-5.093802216218183,-5.094628598786816,-5.093517670595599
2009-12-24,-5.852595260220885,-5.461438277662431,-5.474174770598613,-5.4081823738872,-5.463843139498478,-5.459343103502437,-5.493407593007671,-5.452899040353946,-5.465477242185934,-5.464941828223896,-5.462888099252688,-5.464600145760306,-5.46313798644565,-5.464077302607275,-5.462430336834283
2009-12-28,-6.1949719162396795,-5.5530793511880026,-5.51748095462458,-5.50588238438594,-5.553706490338643,-5.552761030107913,-5.525003378843849,-5.546799067349821,-5.554982809942563,-5.5534848190032875,-5.548956716102559,-5.554224943331048,-5.549035969929032,-5.550316438540363,-5.54845582147383
2009-12-29,-5.341059784609102,-5.734041653815665,-5.669037458977578,-5.690621806377174,-5.7363069198798815,-5.733949946360061,-5.657750251870233,-5.730395460515089,-5.735955374388333,-5.760769933531044,-5.726205156222142,-5.734268820265472,-5.726276190577895,-5.727786741267966,-5.725658187938734
2009-12-30,-5.45216687071355,-5.355941748529573,-5.365685478163208,-5.318203294547552,-5.35812989815086,-5.355401535234619,-5.404607315645244,-5.352222232137419,-5.357402599287534,-5.3590241019227305,-5.357662839144904,-5.358812409456062,-5.357557705577734,-5.358587114322942,-5.35745058455867
2009-12-31,-5.625102588525645,-5.425392806595402,-5.4406345679097905,-5.387995395301079,-5.428791448755527,-5.423546474585745,-5.477262786891122,-5.422686192346449,-5.429386382256497,-5.44606908046392,-5.427384116504684,-5.428556913544691,-5.427413658218566,-5.4285570829936205,-5.427119490332134
2010-01-04,-5.107375125129663,-5.491212371009515,-5.326827940562461,-5.462081281610771,-5.495058962373798,-5.4903397901835,-5.307626681824306,-5.489447542849111,-5.496201783024281,-5.513580032671445,-5.47452725141286,-5.4848027837885605,-5.4747536620654875,-5.475949331904976,-5.473863383476763
2010-01-05,-5.3300137583599225,-5.208597521376299,-5.05321367394456,-5.170800171545977,-5.2111902708145,-5.2094772008758765,-5.045029054260821,-5.205514940009392,-5.211206504351325,-5.2111592190829334,-5.1933185985592845,-5.204846411666546,-5.193532602907327,-5.194437273510284,-5.192662892230214
2010-01-06,-4.793602192156434,-5.275461270834359,-5.11990544474287,-5.24434288123073,-5.279726024341447,-5.276337581108258,-5.098956563637864,-5.2720488104572105,-5.280332811735483,-5.27366674167449,-5.260599589315885,-5.271773756762664,-5.260706231177973,-5.262013495839698,-5.259948939297074
2010-01-07,-4.923079959084228,-5.018909810486171,-4.859396215681362,-4.972051147262377,-5.019149283789781,-5.0191936206458765,-4.864380365880137,-5.012459588014635,-5.019968719655567,-5.017248710856988,-5.004240366440817,-5.015884757691076,-5.0044111489892895,-5.005239320557063,-5.003597477040067
2010-01-08,-5.053639929820983,-5.041040917575562,-4.925787313537849,-4.997829469878958,-5.044777467766983,-5.041915185308059,-4.933492347517417,-5.034186685658524,-5.045287595452484,-5.038123571272472,-5.030170059385544,-5.038959713645714,-5.030264283812881,-5.031241735188806,-5.029606304834489
2010-01-11,-4.682483827630432,-5.078249121762036,-4.97015780777763,-5.038010604087141,-5.084083365541335,-5.07804128140158,-4.947766231354178,-5.0727921524197015,-5.083322259331494,-5.072820422949622,-5.066703327807609,-5.076490175074183,-5.066753892983461,-5.067643667217971,-5.066191348579708
2010-01-12,-4.863785923254879,-4.884587871700364,-4.7454001897510425,-4.8411361265224615,-4.889551100079144,-4.885188626822912,-4.722786278015305,-4.877577032445559,-4.891291332992495,-4.886405822102622,-4.870266347981324,-4.881763766605106,-4.870471316856512,-4.870745488052935,-4.869685595442149
2010-01-13,-5.356742628412498,-4.935291171988331,-4.7856328350319775,-4.889539589989099,-4.940561040752506,-4.935466473431094,-4.760947784738563,-4.92747243433312,-4.941979412898631,-4.929929736122208,-4.919648713229079,-4.930810581144092,-4.9198514310400805,-4.920229284600197,-4.919038139069179
2010-01-14,-4.49255594336888,-5.193555434976476,-5.029996945775429,-5.149213902691815,-5.197074912194592,-5.193780648402259,-5.004189854532214,-5.185729256465883,-5.199298498937731,-5.191297557290429,-5.175932940999083,-5.188125906283071,-5.17621212046961,-5.177247450437109,-5.1752826685668865
2010-01-15,-5.261413789993981,-4.766003587583749,-4.7327092620583,-4.718602946968639,-4.770346791119031,-4.766436397788985,-4.745377675028769,-4.754665345281915,-4.771170096897747,-4.764431710597495,-4.7637318635068375,-4.767698068214388,-4.763818219039055,-4.763868700622918,-4.763361284516372
2010-01-19,-4.377695986026725,-5.115484319724495,-4.9409855541220296,-5.070245388281119,-5.120831397320623,-5.116522165925226,-4.919297891496635,-5.10594075203296,-5.119765257608505,-5.118108652857307,-5.09762927065998,-5.111750979219796,-5.097958374155923,-5.098296345694344,-5.097025767671611
2010-01-20,-3.3832173861796258,-4.689450510302381,-4.540964041040404,-4.6581571188551925,-4.690712623950213,-4.689664866317114,-4.501290465961047,-4.681844201664862,-4.688441085942612,-4.6897568911888765,-4.671608679922847,-4.687578145523716,-4.671988312226883,-4.671148029957681,-4.671141892285868
2010-01-21,-3.3350216310805614,-4.043167758994181,-3.9357975711101036,-4.001104163535273,-4.0467659720497835,-4.043237654287115,-3.9225595363716166,-4.029133785019701,-4.045499374812619,-4.042143638436941,-4.031516487375697,-4.042386440556465,-4.031832031117744,-4.030370213498161,-4.031112675034506
2010-01-22,-4.204623021455647,-3.8564711615422973,-3.8310745686758594,-3.8039826651074575,-3.8597190822030387,-3.8565104990357093,-3.822913623163835,-3.838492784516595,-3.8609775604282297,-3.854640837000792,-3.853496463995132,-3.858785504463497,-3.8536826575484486,-3.85222195005715,-3.853152832126987
2010-01-25,-3.98974666787755,-4.220905827890854,-4.158232126346764,-4.170122555837435,-4.223703027010446,-4.220734703845807,-4.145039159309981,-4.204660111343932,-4.224730692814555,-4.217231224799679,-4.213500320019641,-4.22128667626447,-4.213622983784279,-4.212479139889977,-4.213164701702841
2010-01-26,-3.7120630304045745,-4.070096027327551,-4.05221582162608,-4.019151369458816,-4.072075546968111,-4.070196156327148,-4.047617209997549,-4.054722650165424,-4.071519100350274,-4.066174395014564,-4.067443921561848,-4.07274299476628,-4.067551940055328,-4.066402732070437,-4.067192535460431
2010-01-27,-3.28691585962341,-3.8949948360984132,-3.8683700582780634,-3.8521698751281743,-3.899998206699361,-3.8950026274550584,-3.8425891121208187,-3.8823868055364956,-3.900631835427596,-3.8884070266081894,-3.8899638326383412,-3.895505680645492,-3.8900648193310445,-3.8887883345544783,-3.8896711875434784
2010-01-28,-3.439059009482957,-3.6725234660160875,-3.662071560025911,-3.646639860587469,-3.676833806992088,-3.672511277022025,-3.645146477877585,-3.664490513447684,-3.677804728810058,-3.671881025637915,-3.6693010709227045,-3.6728421964658926,-3.669397846029985,-3.668533649834024,-3.6690872236482974
2010-01-29,-4.071852318666373,-3.7331837801300556,-3.739556247081142,-3.712107582802481,-3.737799399910037,-3.7332242241082114,-3.727873920283372,-3.7274865982763337,-3.738136420035462,-3.732870653767486,-3.7322238847290854,-3.7337473663432146,-3.732297432300972,-3.731764153295997,-3.7321126521248633
2010-02-01,-4.288603209274895,-4.001202304697848,-4.032471213190363,-3.9641850492945916,-4.006137589568113,-4.001178380978506,-4.046390518860415,-3.987199388721552,-4.005169994837946,-4.004963667609696,-4.004763975419925,-4.004753991886945,-4.004874215829924,-4.004060494769619,-4.004643410329219
2010-02-02,-4.291992980851669,-4.107773305556625,-4.126636172895473,-4.071370192551009,-4.112266214555184,-4.107672239466259,-4.138467190579374,-4.094083207756068,-4.1134966592118145,-4.11133515911584,-4.109769815894803,-4.110712676867186,-4.109786500278787,-4.109112201502954,-4.109598281461228
2010-02-03,-3.569809811700835,-4.138442981496192,-4.15757901820839,-4.1031995344365155,-4.143245015698788,-4.138640394760834,-4.170618828577466,-4.127276858962538,-4.142022423512082,-4.140473237523484,-4.139966318949249,-4.140953517225237,-4.140020342357661,-4.139465106283625,-4.139781315996712
2010-02-04,-2.8471689685865353,-3.8372538845145834,-3.8497151835952006,-3.8020492794846987,-3.841718923052545,-3.8372279507889187,-3.8728908506716313,-3.824711783847139,-3.8421461674285387,-3.8375021735737813,-3.8383846808065325,-3.839160132700575,-3.8383271477000287,-3.837646440369736,-3.8382085274203153
2010-02-05,-3.8102909022284295,-3.4119841377750606,-3.405456526218025,-3.393456321330356,-3.4173168330282007,-3.4118235044538374,-3.4169853630608724,-3.405633886193824,-3.4219179432775135,-3.41605157978761,-3.411157075986735,-3.411869755640696,-3.411148524051572,-3.4107555834265195,-3.411026400646688
2010-02-08,-3.073930152161475,-3.820638402320572,-3.8747587727796877,-3.7793384213344248,-3.8248755666795984,-3.8207937872822404,-3.888140245323837,-3.805788216777371,-3.8285796491341015,-3.81797939062535,-3.8253370379839664,-3.8251471907670282,-3.825346803567131,-3.824671461370219,-3.82518666795797
2010-02-09,-3.598280697834856,-3.4010690795781504,-3.49626092809497,-3.3671622898534324,-3.405246895442438,-3.401063179021415,-3.5393905929948843,-3.387746334520987,-3.4095626931738443,-3.4038040055085594,-3.410996805764983,-3.4078525797693464,-3.410966175351116,-3.4104757985264986,-3.4109195751328922
2010-02-10,-3.62292721997941,-3.5986407294047043,-3.7493499869675624,-3.5514171451273704,-3.602879938631961,-3.5987521542855787,-3.8023258115283185,-3.5802944538477126,-3.6075030360734925,-3.600081429206534,-3.614162228035512,-3.610733947222526,-3.6141936822655185,-3.613594361598106,-3.6140959948176516
2010-02-11,-3.6701474453209917,-3.6062282365007032,-3.7827956651827037,-3.5726929937353726,-3.6107619119908834,-3.6062457078269774,-3.8407764699722593,-3.5940659880174004,-3.6141224848049824,-3.609135025831176,-3.624503305527413,-3.6208647925919513,-3.6244758256525107,-3.6242927562747558,-3.624589426047755
2010-02-12,-4.813687202213099,-3.69590186592649,-3.8554373654624925,-3.6661368568447923,-3.700350147243094,-3.6958638490099247,-3.9194848274844345,-3.6835070552512064,-3.7027927998116676,-3.699649563097679,-3.7126563798130547,-3.7073013514836703,-3.712540688820944,-3.7125013651621184,-3.7127938010291985
2010-02-16,-4.428236754012815,-4.240249747291815,-4.343183479722237,-4.203129214513709,-4.242938869070114,-4.240936059018076,-4.402724288838154,-4.224789219515031,-4.246033966041895,-4.241296556303441,-4.251418516103286,-4.247963690438368,-4.251233942741632,-4.251198583911917,-4.251341263409475
2010-02-17,-4.831488905364874,-4.177546251341312,-4.324553744039369,-4.150584643130355,-4.181435689911396,-4.178068066667606,-4.373686235225129,-4.167204430884388,-4.183543723721999,-4.176563540586867,-4.1932521998945465,-4.187908065618855,-4.193122112180797,-4.193219597461228,-4.193267667564828
2010-02-18,-4.59946522796617,-4.438396771324014,-4.559233611485009,-4.408244583956543,-4.442280130470603,-4.439114442228196,-4.597724310562133,-4.428248241983386,-4.443695876087226,-4.437029203542209,-4.451288661111696,-4.448627253034463,-4.451292925625409,-4.4514397228683995,-4.451260759700733
2010-02-19,-4.887382724943919,-4.418327808758993,-4.55432268089936,-4.391979732157704,-4.4209504049945645,-4.419552368178976,-4.59915065033623,-4.4099177308968,-4.422024065680257,-4.418886415868999,-4.432277837030764,-4.428785373296739,-4.4323017444863515,-4.432470132687053,-4.432306001100281
2010-02-22,-4.102263721043556,-4.670729453780718,-4.747910274928191,-4.646735488000192,-4.677489063941154,-4.672498939417014,-4.7613416768716315,-4.665306455651354,-4.679177074923326,-4.676814440798087,-4.679541393595477,-4.678251686416173,-4.680082155388648,-4.679777678984697,-4.679470584318783
2010-02-23,-4.252471201393111,-4.260127628075096,-4.35649376557038,-4.2285457446175885,-4.263683002317356,-4.2605960916363514,-4.3725207813736455,-4.252013638222884,-4.264303493599645,-4.2632453817329035,-4.269688664729875,-4.267714529091986,-4.269712797541579,-4.269688031801823,-4.269675065000188
2010-02-24,-4.162302634609016,-4.3197317959859625,-4.421851642036726,-4.294817403136015,-4.324008942430272,-4.3204659033254265,-4.452153248288846,-4.313657745307044,-4.327463226113359,-4.319992303679851,-4.3311739889999235,-4.326539823763376,-4.331250456830194,-4.331230226884568,-4.331182166157555
2010-02-25,-4.273725148271784,-4.232933475664336,-4.360952931305586,-4.212291038503394,-4.238979479080294,-4.233967643040853,-4.4044012920828814,-4.226940821753273,-4.242346306468467,-4.236781975566888,-4.247599938143434,-4.243864862337514,-4.247622025946038,-4.2476940752786,-4.247672320016361
2010-02-26,-5.24510173867488,-4.263179609806846,-4.4257417606368685,-4.234096172470146,-4.270943874475096,-4.264080464600684,-4.474392198533255,-4.254916141808362,-4.2746641813257105,-4.2670431462321,-4.281102456268276,-4.274935637839482,-4.281203259845279,-4.2811784964290265,-4.281162673071445
2010-03-01,-4.999230021345666,-4.717573631229406,-4.733217399627931,-4.6872639958987,-4.723659121034807,-4.717820422101486,-4.759895089482839,-4.709187545300897,-4.723935393076685,-4.7215180282280595,-4.721250173575803,-4.719841368870909,-4.721350388653863,-4.721505629302438,-4.721128462605206
2010-03-02,-4.977972475335243,-4.677883055322421,-4.745097685542339,-4.644988828194997,-4.682318969565424,-4.678752678952878,-4.7737440516128915,-4.66964759613272,-4.684696482624296,-4.674149476950516,-4.685864635666762,-4.684788394868843,-4.685894507536013,-4.686329502689829,-4.685770346266691
2010-03-03,-5.166940189468862,-4.729587420425736,-4.831157176168304,-4.697100080644285,-4.733440704335171,-4.7290522995814035,-4.865366408770252,-4.722147127624982,-4.734898708944434,-4.727051544369263,-4.74178770142374,-4.740542003177344,-4.741675778860635,-4.74236084315586,-4.741713114132955
2010-03-04,-5.115478739018267,-4.903066295860358,-4.916335791797647,-4.877332547515123,-4.9111228982039545,-4.902928437610395,-4.927771964286428,-4.896544705356243,-4.914622649943847,-4.898745619874715,-4.90508233477832,-4.905819106295555,-4.905201816337902,-4.905800794313359,-4.904959938474018
2010-03-05,-5.508273854948113,-4.9678536040754455,-5.042247217600399,-4.932865561807223,-4.9706737916131605,-4.9691514721089085,-5.082030155264266,-4.959909516268234,-4.968411676259268,-4.968811522232528,-4.977388472139354,-4.9743091364085625,-4.97731332459495,-4.978245061829968,-4.9773509371561975
2010-03-08,-5.121371992285105,-5.166018941273482,-5.201364661444139,-5.131532444410917,-5.171230688663085,-5.167058599687566,-5.201353757716997,-5.1597024923024275,-5.172389403273857,-5.166050649610894,-5.169517578936745,-5.171864819794683,-5.169621705100318,-5.170511147363678,-5.169390750366191
2010-03-09,-4.6012546389016045,-5.010610191045267,-5.0460727324419326,-4.96786265771593,-5.012412073490759,-5.011233597347429,-5.058545263924342,-5.003411392372271,-5.008981061408713,-5.009580645005297,-5.014993497939635,-5.017812567687219,-5.01512783053816,-5.016021280261132,-5.014865709588333
2010-03-10,-5.126040829861389,-4.75760915302321,-4.7863579360952135,-4.71091966943747,-4.762446659191816,-4.758192915546663,-4.812676209432213,-4.747842222638817,-4.762159528569894,-4.751626267631831,-4.7622930396222065,-4.764798838836589,-4.762284571299553,-4.763090292377527,-4.762151628187164
2010-03-11,-4.983981480809911,-4.999865405278058,-5.005638544672583,-4.955642844438994,-5.004058922255489,-5.000294055826027,-5.027203622699421,-4.990905055320162,-5.004028569459169,-4.995276529199923,-5.002092417612127,-5.005590950321689,-5.002247540318546,-5.003424343878616,-5.001940938170451
2010-03-12,-4.826410905506005,-4.947916396575617,-4.981860655313462,-4.9014419113074235,-4.950643444701108,-4.949424892082101,-5.028954140302771,-4.937318245165823,-4.951198674314555,-4.9480258465065585,-4.953348443415975,-4.9540885096827045,-4.953465055326343,-4.9547026219982815,-4.953191246540916
2010-03-15,-4.772582413870041,-4.847096229798146,-4.89436826796871,-4.795553578754607,-4.849501171260564,-4.847524609225747,-4.911721416293687,-4.835224403959248,-4.847645013444848,-4.844651641110193,-4.852842330062816,-4.855476827507951,-4.853114200684973,-4.853993204164427,-4.8527002219723165
2010-03-16,-4.954733218747169,-4.810489350902462,-4.894140914729072,-4.761571373169276,-4.815365790798931,-4.810981427183622,-4.9233210081883705,-4.8000655952203894,-4.816015567893823,-4.8109642757834985,-4.819809753248723,-4.820413396463968,-4.819923871118116,-4.8209136430224975,-4.819772237886369
2010-03-17,-5.372596139663635,-4.9346427215708335,-4.966643014260376,-4.880816354016663,-4.939694561561373,-4.935633644461637,-5.005309501133585,-4.922081443966518,-4.941398227532259,-4.934389765946036,-4.939915008432859,-4.943026946624161,-4.940097554063916,-4.941433451049101,-4.939819295803379
2010-03-18,-4.751958138416888,-5.138665160354313,-5.117959706892943,-5.095756418547107,-5.1451249184626935,-5.138637189569021,-5.120218358718737,-5.130035132202335,-5.146870552217232,-5.135918266347052,-5.136767267854837,-5.140947695077896,-5.1369025417072605,-5.138703932867023,-5.136657660957413
2010-03-19,-5.04449115434926,-4.843914428526233,-4.845200767718707,-4.805311116751285,-4.857410913474428,-4.843892863609872,-4.869323472523509,-4.834606745991345,-4.862527388532322,-4.836435878401208,-4.845721463724099,-4.84660349679975,-4.845411210351733,-4.84692159291682,-4.845574011422806
2010-03-22,-5.059988519302088,-4.992742247815343,-4.928186264101774,-4.9537972383398605,-5.001528467809496,-4.9914705814920515,-4.941583745298088,-4.984243588028014,-5.004814372099502,-4.989121553307345,-4.9878949180512,-4.992219145463212,-4.987963066947978,-4.989359429345013,-4.987743442201257
2010-03-23,-4.556841196328982,-5.025758781964359,-5.037150486523666,-4.985730002281757,-5.035753638086079,-5.0249192398645395,-5.08371157593966,-5.016630048947192,-5.039525555894812,-5.024729935582726,-5.029478617663972,-5.030133894552566,-5.0293457543199045,-5.0310901954079155,-5.029380975962444
2010-03-24,-4.517800183054999,-4.761845175972777,-4.834619038992347,-4.710212878298359,-4.765727844148664,-4.763398585756964,-4.875202421788537,-4.74929259343363,-4.769186115118372,-4.759161224353378,-4.771645588703643,-4.7730015526040805,-4.77180939166793,-4.772449652874779,-4.771584876731666
2010-03-25,-4.51870206472784,-4.689720355631483,-4.701524741823971,-4.645684058338918,-4.691526990615987,-4.688895554160188,-4.690399165925512,-4.679842560603324,-4.690275187570936,-4.689778821062593,-4.6911274207421005,-4.694794837119542,-4.691306313643837,-4.691471207059264,-4.691032911203666
2010-03-26,-5.568456963801487,-4.673209955848473,-4.701141851438413,-4.622386181120794,-4.678371028177361,-4.672616749394955,-4.698264639716752,-4.660691183588128,-4.678142777887879,-4.670745431990124,-4.676443830523984,-4.678694250909922,-4.676527860651811,-4.676446128219053,-4.676327502710813
2010-03-29,-4.891189709369596,-5.175688634989771,-5.169415379881363,-5.125967181708285,-5.17592844500847,-5.175796061560521,-5.187403515819871,-5.165141265914765,-5.174830432077815,-5.17193425207449,-5.176557346629922,-5.179989888600789,-5.176799910175774,-5.177834923086064,-5.176420930441137
2010-03-30,-4.717141162129292,-4.8691223159144394,-4.923143607860204,-4.823680746280415,-4.876661922972142,-4.869163488867348,-4.95960249305387,-4.858046895675007,-4.8778746919570946,-4.868716372742399,-4.876855939470022,-4.8766575291946435,-4.876826486636988,-4.877542664113218,-4.876786630710113
2010-03-31,-4.996207119312571,-4.800803094856275,-4.84203399947019,-4.749358855890842,-4.804548524339263,-4.801071588047903,-4.890143625815084,-4.78690193243875,-4.806723721183986,-4.798656381632387,-4.807826743648285,-4.807337976130946,-4.80813097098736,-4.808406197461951,-4.807758057596292
2010-04-01,-5.620283176457636,-4.964122037376975,-5.028225386479827,-4.91970361240826,-4.969782758471318,-4.964194366961818,-5.073061003551115,-4.95402496614351,-4.971235512442195,-4.96365053265529,-4.9733545537867085,-4.9721069578916675,-4.973461945727479,-4.974095737349537,-4.97329204270472
2010-04-05,-5.797313530666567,-5.32650206624479,-5.283432777233353,-5.288207007869046,-5.3280814006385,-5.326716560528923,-5.298612391122453,-5.318219752937542,-5.330752111825106,-5.320709995873274,-5.323348507000944,-5.327596844484385,-5.323261214652337,-5.32461210090938,-5.323189162286497
2010-04-06,-4.654864614679779,-5.418987115461591,-5.35259533677212,-5.37140312642859,-5.420862570359717,-5.419233192080823,-5.331867986417731,-5.410822473029867,-5.42189744009447,-5.417759960853377,-5.411752612248843,-5.421009964058191,-5.41198827952088,-5.413834802152594,-5.411524088464557
2010-04-07,-5.3718219969974355,-4.878814825797127,-4.918841161343375,-4.82570658218122,-4.878671682511188,-4.87875896194462,-4.948204631950309,-4.866962612449848,-4.878319165940396,-4.875537885053771,-4.884835452359963,-4.8886149693714565,-4.884925433774502,-4.885537104654025,-4.884750997806405
2010-04-08,-5.114142743193019,-5.252267575762928,-5.170728782539274,-5.214498201943869,-5.251252988809554,-5.250222475042846,-5.1491067759241504,-5.245650624097836,-5.247107130551796,-5.240123554656291,-5.244834141342931,-5.252395464027105,-5.245008449265331,-5.245901567935375,-5.244702358898803
2010-04-09,-5.488225682839714,-5.147576724024056,-5.154667070340044,-5.104276766333389,-5.150289263016818,-5.148870647683302,-5.16176463877157,-5.138847754176916,-5.146974291408512,-5.148044874477108,-5.14896003114191,-5.152902197551837,-5.149063075878197,-5.149904152655082,-5.148826322211103
2010-04-12,-5.170223907696108,-5.31272676455738,-5.322793392519102,-5.272379463165902,-5.3162681526115625,-5.312321192469777,-5.3445119234631875,-5.3052277378355415,-5.315998918806091,-5.3075276832010685,-5.316059342736139,-5.317749116807596,-5.316220590100145,-5.317460713332913,-5.315976811883397
2010-04-13,-5.474653314866532,-5.136669550527843,-5.136506860373106,-5.0952966532585675,-5.138002973186673,-5.137653986698314,-5.165846822589604,-5.12850913167823,-5.141687970164532,-5.134913478651793,-5.1394842540300205,-5.141998138015549,-5.139555808445942,-5.14080792232173,-5.139411826326537
2010-04-14,-5.519457007824157,-5.34897870811635,-5.275650774152245,-5.312718803642234,-5.350710136945095,-5.347834335211563,-5.264013460874953,-5.342188744575164,-5.352133778681581,-5.341959103583677,-5.341531108493425,-5.349385098092118,-5.341655228215148,-5.343082642377365,-5.3413053551519685
2010-04-15,-3.3905548807535277,-5.3827602477876155,-5.30234752342546,-5.344035440305768,-5.386036528560208,-5.382853811878171,-5.299878951382463,-5.375672098764647,-5.383017218093462,-5.372600403661834,-5.375429075036338,-5.382600316272541,-5.375642313752142,-5.377485427812034,-5.375236671682579
2010-04-16,-4.311595780773565,-4.126877581248462,-4.1096400742469665,-4.0650698972610435,-4.12470441973157,-4.128529562618438,-4.086948784174519,-4.1079036632288375,-4.116493493397442,-4.121145409044441,-4.123051086835272,-4.133271991691139,-4.123738852124897,-4.122352986286414,-4.122761219971194
2010-04-19,-5.252416641692035,-4.470771675682457,-4.492160257307566,-4.412534584419599,-4.467253704978042,-4.469751712905901,-4.4881681582815185,-4.452584785797397,-4.462207600152627,-4.458318735386156,-4.4733189702737635,-4.478912509663891,-4.473503418001857,-4.473021210682812,-4.4731339901014655
2010-04-20,-4.624512350183183,-4.889508760139638,-4.86004643652905,-4.839186780292001,-4.892017350906861,-4.888836603326447,-4.842741699165096,-4.8759270770202505,-4.8914899067925175,-4.886468285825426,-4.88602533220474,-4.894278589205754,-4.886098314741129,-4.886410786610679,-4.88582010978574
2010-04-21,-4.512510450832493,-4.577004354573374,-4.5656157760354645,-4.52551768576679,-4.5782783911171805,-4.575433251016788,-4.554867899569027,-4.562418888883859,-4.576548100710682,-4.564488358930015,-4.5763077179430125,-4.581235008429115,-4.576653831946268,-4.5764612337682955,-4.576098192555512
2010-04-22,-4.515895532436875,-4.487640577444987,-4.430604223164442,-4.450914998471352,-4.487991914956914,-4.484715746520897,-4.423538701904788,-4.476721647854818,-4.483204678488333,-4.478444656514272,-4.483371489588083,-4.488206663277614,-4.483546461230975,-4.4834297278974065,-4.4832222291701385
2010-04-23,-4.783745055945893,-4.624554816904497,-4.575645211621761,-4.5889653907387,-4.630183120219344,-4.623850870011023,-4.576796486094835,-4.613633239897558,-4.627896035609708,-4.624846143924804,-4.62011137536685,-4.625725383976298,-4.620492721149756,-4.6201450933521615,-4.619971897867544
2010-04-26,-3.2519668981630128,-4.784571349300132,-4.770105538601208,-4.743377399885938,-4.789233432675643,-4.784254639965345,-4.770828188444337,-4.7714715571900115,-4.787980527295588,-4.778059948442956,-4.783719017903061,-4.786997369173029,-4.783978442328191,-4.783992883375591,-4.7835509089286115
2010-04-27,-3.6494635804113447,-3.8799603279474497,-3.9376543169684504,-3.837780340737326,-3.8862278094919622,-3.880631984482408,-3.947005443861218,-3.8642321284445993,-3.886191544154429,-3.8798534307625165,-3.8861475945584045,-3.8880309866568323,-3.8860518683648686,-3.88569940367819,-3.886058056720291
2010-04-28,-4.828525332029353,-3.974247141148049,-4.0096854434270535,-3.93602195574373,-3.983283462130122,-3.97526354108341,-4.028209255014069,-3.959475973320435,-3.987768737274513,-3.9786948275172054,-3.9784029908879686,-3.9781599047933156,-3.97862243200503,-3.9779007037609766,-3.978265734137312
2010-04-29,-3.746079892372158,-4.507279814979478,-4.428698058264206,-4.482431567049595,-4.521071248346025,-4.507178575237201,-4.420287761371312,-4.498790677274734,-4.524774139293751,-4.4945657902717775,-4.500450523524665,-4.506583240977897,-4.5006207580335715,-4.500293558018447,-4.500312081054519
2010-04-30,-4.576404249094219,-3.969835653938831,-3.9856127688461784,-3.9403425253225555,-3.979175466206839,-3.9693630523829637,-3.9909119669401543,-3.960217551130768,-3.9824773653968513,-3.9627820730444054,-3.971682544894184,-3.9738978019778655,-3.9717431134521872,-3.971379742222382,-3.9715884142180524
2010-05-03,-3.4017305622749356,-4.328954634982043,-4.342918801830169,-4.299844016130407,-4.3380218303446005,-4.327944177284658,-4.341199639012291,-4.318740008583005,-4.342697668703447,-4.31993994277221,-4.331154179089605,-4.3304232195726895,-4.33125211310623,-4.330950054204626,-4.3310913913504825
2010-05-04,-3.536449123005926,-3.8155200731786834,-3.8689016802529337,-3.7912536107212627,-3.8225513070348534,-3.8162199768968517,-3.881975862644432,-3.8069445601133,-3.826560822235888,-3.8154719926908824,-3.8216293624903805,-3.820594242980682,-3.821661868620344,-3.821398525673584,-3.8215923661786784
2010-05-05,-0.07957558365913507,-3.84946405069447,-3.7229668822381043,-3.816392864519689,-3.8577773232500308,-3.847455163551562,-3.6753663436612576,-3.837205791360219,-3.8620184878073296,-3.8351137503232358,-3.8349379690996996,-3.8464190799115388,-3.8352886184544497,-3.834353298362123,-3.8346742632065896
2010-05-06,-1.8045708368810847,-1.2438634133383508,-1.3259302666756625,-1.2714851464102956,-1.2574020659555418,-1.2504145512866782,-1.3923242632362252,-1.2525583483393323,-1.2583008468521713,-1.2797758379418886,-1.256352930639355,-1.245746151583743,-1.2561907389216027,-1.2567465579158645,-1.2565733803252377
2010-05-07,-2.8789780849184403,-1.954091268185844,-2.0121421247058433,-1.9622192306952277,-1.9632915232980772,-1.9504803409354405,-2.0362198221868697,-1.957771003217206,-1.9665826376761026,-1.9551380366134352,-1.961644469650938,-1.9553709635729308,-1.9615100185862968,-1.9618059366733631,-1.9617202619690344
2010-05-10,-3.404458587450712,-2.422169069213106,-2.7166224968215014,-2.4093248450841536,-2.43040118263868,-2.4233077643123337,-2.781977583649502,-2.414669493463886,-2.4302690240715883,-2.426119071778158,-2.454835779410914,-2.445270987096641,-2.454729822880422,-2.4551520445592834,-2.45509643105086
2010-05-11,-3.944441253711317,-2.6736713185010164,-3.034739392588911,-2.6483051042273047,-2.6793432214651682,-2.6730084325224976,-3.091771463719473,-2.661838663155032,-2.682460077894906,-2.6679579492490824,-2.7130592699201617,-2.7028695060516617,-2.712816632342291,-2.713378005170021,-2.7133600589704048
2010-05-12,-3.948987189358929,-2.955135957100073,-3.3236814787649602,-2.930473214008948,-2.9632967630557516,-2.954670822410051,-3.3963877168215784,-2.943617476736031,-2.964978078179633,-2.945434566761908,-2.995861133404375,-2.984474409703093,-2.9956058980889524,-2.9963877574978497,-2.996207807972442
2010-05-13,-3.0979575232261616,-3.4474577723560302,-3.7271970778511996,-3.440910601747143,-3.4540282996388787,-3.4454530194490305,-3.790175773882971,-3.4437394101239995,-3.4570149974722186,-3.4380952840018493,-3.4801206102844806,-3.4688602523387155,-3.4799860512912346,-3.4808066372595574,-3.48047297429414
2010-05-14,-2.9603470819565345,-3.2140562854530947,-3.4291193275220233,-3.2178736077124803,-3.2229461709499074,-3.2163545426371845,-3.5166720737694517,-3.2146359481929645,-3.221849298484812,-3.2166716351705147,-3.240582958658721,-3.2283269439372013,-3.240412895770578,-3.2410916885364105,-3.240837888768372
2010-05-17,-2.9009713168048807,-3.153290717812042,-3.296821217756625,-3.154501434746438,-3.1598409370360465,-3.1516492015622983,-3.3458630841304084,-3.153411815379295,-3.1575730740519665,-3.1538559181056134,-3.170654836325421,-3.163808716561652,-3.1705470920974568,-3.1709214790483986,-3.170830585889412
2010-05-18,-2.7307977688049516,-3.081044880326613,-3.284040315627438,-3.079472233567568,-3.086846008917841,-3.079191522375686,-3.3414750643204916,-3.079732093943131,-3.085569036898279,-3.0767671222424915,-3.1048592781955136,-3.098292685613118,-3.104746071841586,-3.1051579333876345,-3.105084057139631
2010-05-19,-2.339777281443567,-2.924693534553895,-3.0280358715918783,-2.930523890812572,-2.93382004388065,-2.923308619861122,-3.0514566364823876,-2.928193731438664,-2.933329016209971,-2.921799510006693,-2.936318797330601,-2.931485262899076,-2.9362321848892994,-2.936465442828845,-2.9364517916856756
2010-05-20,-2.254614896680391,-2.638945663326491,-2.769474466100788,-2.647569188600775,-2.6484886356784005,-2.638020854126061,-2.8028804939631597,-2.643077257361492,-2.6473859801979622,-2.6386898453628023,-2.654292171149996,-2.6458811916154374,-2.654115562801027,-2.6544529629438163,-2.6544572023754545
2010-05-21,-3.3686580156852144,-2.532623018740007,-2.664944340302938,-2.535027769381415,-2.53944797987824,-2.5319915604224215,-2.6801682040274724,-2.534809474396524,-2.5378517834379424,-2.537768924208958,-2.5468082285426608,-2.541911293302726,-2.5466665129429695,-2.546888411923392,-2.546932972751272
2010-05-24,-2.6511161241066232,-3.071128375186345,-3.3327906323989196,-3.064945103773426,-3.0786769035052606,-3.073300062709117,-3.39504530218136,-3.0678822913850192,-3.076773980272152,-3.076633330801264,-3.101694969103119,-3.0926296960117083,-3.101450443442375,-3.1018886468665907,-3.101942687034464
2010-05-25,-2.950930481928873,-2.714626456105466,-2.898442767218538,-2.7198108217336716,-2.7227609904532777,-2.715342978209188,-2.951797363040208,-2.716356452685185,-2.721598027111661,-2.712840015150302,-2.7368646419118416,-2.726408010915673,-2.7366116151077664,-2.736957600350902,-2.7371081028264768
2010-05-26,-3.725928483009813,-2.8632924835342544,-3.121420688668809,-2.8621724148503507,-2.870199659895066,-2.863697834651447,-3.181743113784906,-2.862814750888505,-2.8697342985002727,-2.8626042304212067,-2.8932602321748564,-2.8831419150593653,-2.8930890442469144,-2.8933861992087655,-2.8934867980443033
2010-05-27,-3.1768623052185885,-3.303008212367573,-3.5735619487250676,-3.2970932533604778,-3.308834668977729,-3.305302010828583,-3.625715691527371,-3.3019946508588824,-3.307657528230389,-3.2993870755814108,-3.3339334354093872,-3.3242783876160398,-3.333694184936893,-3.3341913157796865,-3.3342172183460237
2010-05-28,-3.069727861746583,-3.1232507073362954,-3.2989415918538407,-3.132400360679162,-3.1327523253066687,-3.1229921205538993,-3.3436838563200277,-3.128180686613483,-3.131490310689901,-3.1146779353987832,-3.143493237945174,-3.1344971875635945,-3.143421678048277,-3.1437004289666315,-3.1437431946917407
2010-06-01,-3.838354319516043,-3.0511950458749046,-3.3072362639294726,-3.0551893255828575,-3.060544012743242,-3.0516793518541157,-3.3614955979502192,-3.053048745221497,-3.058658093462191,-3.059109552787238,-3.081641288903834,-3.0706075234444543,-3.0814579298572404,-3.0818147438020103,-3.081950156724165
2010-06-02,-3.77129700031772,-3.4910512842399823,-3.7388920450656937,-3.492775535289988,-3.500595709472891,-3.492493221797679,-3.763787074499054,-3.494489722241195,-3.499132882448142,-3.485742477972913,-3.51882162721933,-3.5123154766268074,-3.518821343141109,-3.519145015314852,-3.5190923999145656
2010-06-03,-3.3511581970546485,-3.5173818337693326,-3.699439212675872,-3.5208140718728758,-3.5309359468909434,-3.5161574481424576,-3.733378351237176,-3.521103453361871,-3.5303812734999958,-3.499852770957387,-3.5389207512805707,-3.5318694466235216,-3.538921444891231,-3.539256692734807,-3.5391640552460633
2010-06-04,-3.363219092143665,-3.2954076080950845,-3.5115125181584825,-3.3087355186447076,-3.310680451195924,-3.298721992608333,-3.581945458341149,-3.3015696300435926,-3.30688092068649,-3.303820662727636,-3.32151807063825,-3.307608098416142,-3.3211859637729626,-3.321855233431222,-3.3218076287954013
2010-06-07,-2.708216411907835,-3.3152687626258963,-3.48033755141292,-3.314080792705011,-3.3290106738725287,-3.3136367058588028,-3.5069381194373874,-3.31438460508988,-3.3289544901877828,-3.3113294443309207,-3.3354108097901847,-3.3270493402809165,-3.335424200378223,-3.3355792012121865,-3.3355821342023697
2010-06-08,-3.235897373145488,-3.0554460754155444,-3.1724670850298042,-3.0520698930044077,-3.0681245106744157,-3.053760451904297,-3.195348838849736,-3.054650947455389,-3.068401188591411,-3.053429227117132,-3.0690208014890064,-3.062877998713079,-3.0689532617332835,-3.06892836347909,-3.0691154935811316
2010-06-09,-3.66175764848456,-3.294444010028394,-3.462845923307378,-3.279666960921811,-3.3086066460046855,-3.2922906676519044,-3.495686209132539,-3.2885794230174388,-3.308134619013206,-3.279955665498429,-3.3147443006580994,-3.309318692064527,-3.3146091018217896,-3.314654087341837,-3.3148916118846627
2010-06-10,-3.610333676336365,-3.497384890979114,-3.6506716867823505,-3.4895427742477456,-3.5072529746598287,-3.4968403897191087,-3.695142962338879,-3.4928908647473405,-3.5063324796896214,-3.4935244205785714,-3.5160565137358946,-3.5111544189202872,-3.5160337335781207,-3.516103284255405,-3.516204354356719
2010-06-11,-3.8991176694320058,-3.4872253186055686,-3.705359930793803,-3.4740175770264448,-3.49630124857045,-3.4863090577912703,-3.7499421843780127,-3.4818794838212876,-3.495275790925605,-3.48241703664437,-3.5137519052634563,-3.5074861321266373,-3.513605384580357,-3.513798912724042,-3.5139543826505424
2010-06-14,-4.413020348248097,-3.6493107361812718,-3.8247948499599094,-3.6301921403297928,-3.6575848279037224,-3.64889312569214,-3.8520295756852576,-3.6421970759501856,-3.654641869953882,-3.639290169913828,-3.6696249310504907,-3.6662280912260172,-3.669712168518776,-3.6697409082476478,-3.6697546528796297
2010-06-15,-4.276809653169253,-4.011623742823787,-4.203408975928505,-3.9935278669950245,-4.017623288393429,-4.010352395192981,-4.247887791434858,-4.0026210100156,-4.017784382543885,-4.007000240593517,-4.0356086796099655,-4.029019804154488,-4.0353782858296725,-4.035900325433804,-4.035773088459074
2010-06-16,-3.8843413907759956,-4.024851582852741,-4.146834971350073,-4.0100661867626926,-4.033681028763697,-4.023787039453238,-4.165824271853806,-4.019291973706643,-4.033389308962562,-4.006504070805852,-4.039116079244767,-4.034803808538201,-4.03915058366118,-4.039442501426316,-4.039222439044136
2010-06-17,-4.924786986141321,-3.859116266331629,-4.080416808304589,-3.8442838820936736,-3.865182487512518,-3.8583810487904544,-4.13082547494622,-3.8524692232640163,-3.864306339053151,-3.853353831434551,-3.8860660873862787,-3.8794761257949233,-3.8858913339660046,-3.8863699213946608,-3.886247424232502
2010-06-18,-4.103103955969037,-4.442512861491165,-4.550028157623436,-4.428790095973604,-4.44763220560397,-4.441754320089933,-4.596423535054751,-4.4354111274381145,-4.44705772351538,-4.430973200375976,-4.457305546497294,-4.452027469423781,-4.457063347651728,-4.457781427410236,-4.4574248749932215
2010-06-21,-3.7375114442889674,-4.075209571768002,-4.234089387260718,-4.066957267117822,-4.083587188098134,-4.0748447297135035,-4.274988326297952,-4.072031060194282,-4.083225197132367,-4.075447654448228,-4.095741407109988,-4.087142817261052,-4.0956688853922785,-4.096135867697885,-4.095895368548168
2010-06-22,-3.4431622600662397,-3.8656121326774078,-3.9926859533104246,-3.8584471458124865,-3.8746698296398616,-3.8644243155671645,-4.030143827837834,-3.8624175241012857,-3.875393086527288,-3.856907221367185,-3.8817930800284115,-3.876127599652121,-3.8817124780105603,-3.882006259379544,-3.8819395834942134
2010-06-23,-3.4323144517917923,-3.6775790241668305,-3.7667447646225667,-3.665611621624689,-3.6857510663737334,-3.6769761192824126,-3.808704950126107,-3.671227287630216,-3.6836020223102404,-3.682798121955309,-3.6902655123250847,-3.684588855274817,-3.6900734530824195,-3.6902357294015875,-3.69035258494088
2010-06-24,-3.3877518995466307,-3.6372550512417545,-3.719706141685222,-3.624580034378962,-3.6452929324957184,-3.6372283093925066,-3.7630912104241303,-3.6298819792765227,-3.6442252479925172,-3.6435979655976944,-3.6490671221817443,-3.6442440317069105,-3.648984357427181,-3.648956546734489,-3.6491197102201616
2010-06-25,-4.058894444472942,-3.558293275454124,-3.6709456948152743,-3.5475350734322855,-3.5671770987155327,-3.5583290976381234,-3.7067053886673174,-3.552522133977085,-3.565611646345375,-3.5603522937238603,-3.573119917500095,-3.569395655826339,-3.573070999443539,-3.5730120773150924,-3.5732118672046873
2010-06-28,-2.9179446129546225,-3.886591351628646,-4.015347357373425,-3.870167417779549,-3.8940291945209986,-3.886048867812645,-4.049975887533614,-3.878424566268256,-3.891479725192458,-3.8882729456889034,-3.902956742736959,-3.8988943465325665,-3.9029848002205654,-3.902966038716944,-3.9030160199306754
2010-06-29,-3.4070287553795517,-3.2722085419882183,-3.425709126266804,-3.2603256250360184,-3.281412351535839,-3.2716812600935037,-3.475438775365414,-3.2656339452107743,-3.280222780640331,-3.275934494233492,-3.2924918881418304,-3.2847571572518373,-3.2923026202105032,-3.29218324240584,-3.2925866692571377
2010-06-30,-2.829418528251857,-3.504666129329943,-3.6656528799042962,-3.487626877135518,-3.5141286935901928,-3.5037192967769477,-3.700543799274515,-3.4980524680908327,-3.512079753838709,-3.5057711848792086,-3.5256416452830446,-3.52043589675085,-3.525300122555886,-3.525320939638954,-3.5257594276422455
2010-07-01,-3.37342782733816,-3.1798769717586404,-3.194081289682376,-3.1624221007896,-3.188913701481764,-3.176857812514937,-3.1842457342737442,-3.1721630657747104,-3.1889913209247944,-3.1727288290575992,-3.181379847415583,-3.1808812627897254,-3.1815447724585195,-3.180924957098432,-3.181326525536544
2010-07-02,-3.145403993439907,-3.4349659520958067,-3.5437580022238033,-3.413249473877035,-3.443004892020194,-3.4341867073315093,-3.571950474402863,-3.4237749856758524,-3.441343305246937,-3.4349047136743938,-3.4487314108859364,-3.4448355126506174,-3.448622555399751,-3.44834195690147,-3.4487577961551237
2010-07-06,-3.756754776067978,-3.282379552371805,-3.431508543467673,-3.2626063244213883,-3.2888088630345313,-3.2822513837038003,-3.479840744412605,-3.270586585505265,-3.2888354870258225,-3.288032441086816,-3.302041035654402,-3.2975917326961564,-3.3018879190275165,-3.3015641835625598,-3.3021058103066663
2010-07-07,-3.8723662825736516,-3.6234342169958955,-3.7244113161454715,-3.6000330853982163,-3.628064717413401,-3.6223791933498335,-3.75638885383132,-3.6115476111230143,-3.6291717650616007,-3.6219711577192,-3.6361974926706013,-3.6342717417256383,-3.637326470226049,-3.6359118080732546,-3.63621261172839
2010-07-08,-4.4280773397571185,-3.703229090350262,-3.7983000871700305,-3.6834135007562625,-3.704000240315707,-3.7009747188758295,-3.8319011566460235,-3.694165246839015,-3.705639911602021,-3.6945758617068596,-3.716334421707745,-3.7117169346185754,-3.7162058451920563,-3.7161790971244195,-3.716408572962097
2010-07-09,-4.009508477402941,-4.079284070552428,-4.2148048233613515,-4.049526175836238,-4.085148276041742,-4.078867160433527,-4.233030540236669,-4.066100150462313,-4.085306590646025,-4.076419006265906,-4.095869543115028,-4.094057531490261,-4.095818785658992,-4.095882096176985,-4.095921247564987
2010-07-12,-4.264070147005003,-3.9256855389122705,-4.062933777526073,-3.899796755804519,-3.9293276510882005,-3.9251986519453506,-4.087340636576859,-3.914282690636598,-3.9277328067690678,-3.92506092965289,-3.9422975000320246,-3.938359607922755,-3.9422658537693485,-3.942293504562589,-3.942349779389627
2010-07-13,-4.060022502976139,-4.13979701516608,-4.238466077251205,-4.123377928999704,-4.147590356651448,-4.139323014530917,-4.27304067299156,-4.1315366935627384,-4.146475346603301,-4.1394069698955605,-4.153504661906128,-4.147967503540471,-4.153486479698213,-4.153600816967539,-4.153575954369227
2010-07-14,-3.649578848457438,-4.067571344579255,-4.205808479857177,-4.042534612777844,-4.077765663617509,-4.067163180301924,-4.224218714136087,-4.057443053565613,-4.076338072239995,-4.06876569669344,-4.084948903538405,-4.080287857219165,-4.0849248103673,-4.084916743240125,-4.085000729305095
2010-07-15,-3.536788061569178,-3.8499091276824555,-3.948379242329952,-3.8224114857630704,-3.8564741005618157,-3.850064258121007,-3.976630883583342,-3.837471076467283,-3.8521018016132067,-3.8524668497227617,-3.862293400609711,-3.86124741898712,-3.862312960890062,-3.8622568873141665,-3.862326055638931
2010-07-16,-3.7889775390566824,-3.7345076212475012,-3.9016737352491586,-3.7110837036426965,-3.7400528306975067,-3.7353310741730703,-3.959831206151792,-3.722686926376243,-3.7370213145118334,-3.7426462554463744,-3.7572997709870015,-3.7524101408230477,-3.7572295144968786,-3.7569986762376084,-3.757384084313264
2010-07-19,-3.6105594957052025,-3.839350196040295,-3.995315957879584,-3.8070424196265975,-3.8433809812192874,-3.8383555036915564,-4.01196859747827,-3.8253027608406187,-3.8419781026839845,-3.8274545773172424,-3.858675800797529,-3.858034919723374,-3.858668711703619,-3.8583881500929524,-3.8587321192139985
2010-07-20,-3.3109338530596433,-3.716879364915657,-3.80528620613106,-3.6941436745921714,-3.7230136909883766,-3.7159778148940346,-3.820958118528198,-3.7076858397538124,-3.7222657615231745,-3.709671110010577,-3.728561070952609,-3.7263221460679032,-3.7287376710514475,-3.728260073197088,-3.7285981294953827
2010-07-21,-3.8865097917630305,-3.5195106105423104,-3.6414164938308455,-3.492813897481709,-3.527193699909788,-3.5186372842235074,-3.666060132689235,-3.508660037182968,-3.5225412558751388,-3.516639613329054,-3.535892064143587,-3.535752964590732,-3.536005067578569,-3.5353257971160064,-3.535933513752195
2010-07-22,-3.459960079934713,-3.8072295455437377,-3.893218427158879,-3.7900186270315603,-3.8113261550057063,-3.806820671523488,-3.9225933395248647,-3.7998485986043065,-3.8042268822512124,-3.809676314906769,-3.818191048792625,-3.817813917098892,-3.819345392396143,-3.8180873079116497,-3.8182645348864477
2010-07-23,-4.415227012440559,-3.595912554121652,-3.740526060820557,-3.576058491267572,-3.603519856123478,-3.5955766588530294,-3.770884022606308,-3.5890942322008854,-3.597842844519642,-3.5924831786146116,-3.614078582977101,-3.609156596134723,-3.613980989866661,-3.613580757231555,-3.614167350818634
2010-07-26,-4.202514318831813,-4.0831111389327255,-4.205437654112978,-4.056264701808861,-4.088473640673461,-4.082386791289809,-4.237519538808918,-4.070878628087,-4.087690850250924,-4.078460602496948,-4.100072548806508,-4.095741570222792,-4.100018616623354,-4.100037506947946,-4.100113661679604
2010-07-27,-4.14344197449054,-4.017236988420899,-4.061020135731834,-3.9967335732679197,-4.0262642548407035,-4.017334587905274,-4.048789108011301,-4.009520058822804,-4.025993912309985,-4.018275803805103,-4.021672602387521,-4.02282459579463,-4.021918959878116,-4.021709229827355,-4.0216709938612585
2010-07-28,-3.5300864640693796,-4.055364102992642,-4.168208731882282,-4.032921201743644,-4.068764475524833,-4.056210580526267,-4.20234941780532,-4.044319056271706,-4.067069827274717,-4.064974048449018,-4.0702140466480055,-4.0682886788859385,-4.070294692937094,-4.070262065035597,-4.070252976989446
2010-07-29,-3.560984317789994,-3.7303527346353578,-3.8396792113979474,-3.716586199016774,-3.7441411852522677,-3.730628675094185,-3.873714013405713,-3.7243782148723574,-3.740386391923721,-3.7360908765019927,-3.7447311116075483,-3.7408874021022447,-3.7447885977089768,-3.7444100058507015,-3.7447579929739727
2010-07-30,-4.575892623133962,-3.7612867220575787,-3.892277244827353,-3.7505178416172953,-3.770729008725465,-3.761523152344718,-3.9479742703266036,-3.7549629552477075,-3.76753537124022,-3.7703602667229728,-3.779261481924815,-3.7736165366642433,-3.779216264655288,-3.778808193011779,-3.779306945565443
2010-08-02,-4.500469179429292,-4.258912758380546,-4.34461762521195,-4.247922551784342,-4.267318171869153,-4.258918126176343,-4.407030246906249,-4.252819243648355,-4.263894165522501,-4.2693467762715,-4.273311069316131,-4.2665744260115375,-4.27310803279856,-4.273414358744458,-4.273372332137793
2010-08-03,-4.410302650921647,-4.250737617538723,-4.332742564445239,-4.231920873393444,-4.2567819866106715,-4.251210984258462,-4.368987201939456,-4.24258752401929,-4.255067882519554,-4.258991826442735,-4.263269816393068,-4.259671318694293,-4.263326152674159,-4.263358728791881,-4.26334228784615
2010-08-04,-4.870581119116698,-4.22786594609595,-4.3488541309100555,-4.213112269531558,-4.235945907215046,-4.227899816623147,-4.391863034369018,-4.221904207181651,-4.234558621505692,-4.223517592590925,-4.24481893530798,-4.240800072221765,-4.2448172269981255,-4.24511272920222,-4.2449036595276235
2010-08-05,-3.927705935447895,-4.5456130400054455,-4.592288431827095,-4.529499431164351,-4.5543963626136135,-4.545303409828405,-4.630579260708318,-4.538348552169672,-4.552024609064737,-4.543082080720836,-4.55328070147204,-4.5530159283434735,-4.553569708146844,-4.553739407707059,-4.553292314615407
2010-08-06,-5.126043914170101,-4.137183244467095,-4.251901841688748,-4.122420739474974,-4.146308745615428,-4.137300209999102,-4.308637616850056,-4.130986215547379,-4.143367060990631,-4.1431577139198295,-4.154714987341141,-4.148958510038682,-4.154685966905285,-4.154794810051972,-4.154750888449554
2010-08-09,-3.6251590527214885,-4.738966870753574,-4.852515511233876,-4.711244437191027,-4.745956416783609,-4.738954515237787,-4.898979312896393,-4.725998401210258,-4.743015163863598,-4.735740705678486,-4.756356141263883,-4.753142316966484,-4.756249640372748,-4.756691067574649,-4.756388073099283
2010-08-10,-4.383428099433848,-3.9433392385157116,-4.151406145810619,-3.9208509157558975,-3.9549104047605717,-3.9437730192006306,-4.212932896678046,-3.9310773593410344,-3.9526504986740463,-3.9479642111938946,-3.972046494133797,-3.962759993034724,-3.9718550298386437,-3.9719712749705227,-3.9721574854303463
2010-08-11,-4.192196893228076,-4.302840356741276,-4.404024309843531,-4.279730768021497,-4.311392631386893,-4.302865754040593,-4.436378312658886,-4.2916154338594765,-4.306795452495612,-4.3088019456195745,-4.3168016235493925,-4.3131956176206945,-4.317066932814547,-4.316754120376703,-4.316808755520494
2010-08-12,-4.495252314764245,-4.181679622960729,-4.242148830378605,-4.1697325316822855,-4.191850704944395,-4.181113181936833,-4.261668221961244,-4.1765682485534015,-4.189813935266381,-4.174514121350792,-4.190796003296793,-4.1869761436946495,-4.1907713327731875,-4.19078017019462,-4.190820776177042
2010-08-13,-4.395951212895773,-4.363338785597898,-4.478963737138443,-4.336895310512039,-4.368445457011818,-4.364095662668496,-4.520191528517596,-4.351298222933584,-4.365806473646536,-4.371913480729294,-4.379823381914496,-4.376220724221397,-4.379731103834092,-4.3798785210434295,-4.379837371339862
2010-08-16,-4.679930549366549,-4.294498783432102,-4.434415674830364,-4.272109771462883,-4.299292982278054,-4.294320263899799,-4.477556853261443,-4.284295872361041,-4.295323853643401,-4.298745861277993,-4.314090053165457,-4.309773563249189,-4.314085124215938,-4.314181423706837,-4.314149584788244
2010-08-17,-4.300681917557415,-4.517443829338797,-4.592161248829205,-4.4968776014032175,-4.520079489800997,-4.516309146525858,-4.63259772495756,-4.5073582158424506,-4.517591646055909,-4.517861066608726,-4.529965050446807,-4.525284919691564,-4.529903193828992,-4.530063108994171,-4.530000675013379
2010-08-18,-3.5398709542486975,-4.3365992915650455,-4.440927329815938,-4.312672066802856,-4.343243709421824,-4.338254773592904,-4.4781038047801465,-4.325039977566812,-4.341435336644145,-4.3419465459730056,-4.351554961112464,-4.348457198203918,-4.351580800837639,-4.351632049730303,-4.351580032393017
2010-08-19,-4.286121042710394,-3.910826585759433,-3.998100742783669,-3.8986421990652347,-3.922284040404488,-3.9118693894948904,-4.050517214556151,-3.90345563174346,-3.9200191755235165,-3.92558259789549,-3.9247182176817987,-3.9191928686568414,-3.924273521293034,-3.92453477531675,-3.924724931520497
2010-08-20,-4.132972435287772,-4.262413839323661,-4.387899310775494,-4.236578624666494,-4.267125659401471,-4.263017385256713,-4.430656781331921,-4.248660342755155,-4.264609476467274,-4.26819897740639,-4.280579448017701,-4.276162877651302,-4.280388793425175,-4.280424258335837,-4.28060407191641
2010-08-23,-3.563899157918905,-4.176715123098522,-4.340262418887254,-4.151873397405941,-4.185779459886171,-4.176136585264292,-4.402917410384447,-4.162771952832483,-4.181323272090016,-4.17275998747739,-4.201740104756501,-4.1957663032521975,-4.201628766849663,-4.201455055908778,-4.2017824095641805
2010-08-24,-3.623534213196811,-3.842511940521965,-4.0061893615552435,-3.8157578829355727,-3.8515888769377025,-3.8417281381138024,-4.074044166828464,-3.8277275498604406,-3.8515927336759037,-3.8400307026076277,-3.8671829762175665,-3.8592008138490064,-3.866875904485374,-3.8665322820729973,-3.867251103334387
2010-08-25,-3.709159344310674,-3.824780622775693,-4.00463623133283,-3.796857343365621,-3.8362880741104313,-3.8247444476545187,-4.056327507419191,-3.811673222573195,-3.833157636972407,-3.8298436575193686,-3.8493873510903276,-3.843546246272939,-3.8492658461843017,-3.8486654648997884,-3.8494281005091224
2010-08-26,-3.136580019315026,-3.8742172700590953,-4.009398190699859,-3.847381737895816,-3.887028099413829,-3.875180294225859,-4.062537921533009,-3.860027909789081,-3.88517260774883,-3.888822471626589,-3.89328702475021,-3.886691404847144,-3.8931304564591365,-3.8925149406284905,-3.893297395374127
2010-08-27,-4.407895390523928,-3.5133752032562824,-3.697388279310058,-3.4921510378469143,-3.5268943801741495,-3.511443548512191,-3.7486158872096476,-3.5021739585833678,-3.52575499697423,-3.5102827926640754,-3.538729458091344,-3.5320482749080067,-3.538661871418763,-3.537783732403763,-3.538766124809599
2010-08-30,-3.3542745155130294,-4.133097543635756,-4.276496156979956,-4.103777600809029,-4.142091397504079,-4.1327793791644405,-4.3102702792982415,-4.119055829037113,-4.142104310978254,-4.136028579211161,-4.152334765363902,-4.148101777857144,-4.15245945951231,-4.151890245495358,-4.152325105075587
2010-08-31,-3.8091325784292485,-3.6160659176063734,-3.710719899313434,-3.589514663744902,-3.625054085546947,-3.616223473576115,-3.7452449559223098,-3.6023142553291145,-3.622778735672066,-3.6238934756153958,-3.6292123358520545,-3.623398311910276,-3.6291782789901874,-3.6286355317918666,-3.6292053207657107
2010-09-01,-4.615822872644289,-3.8367591020195175,-3.9636842343786967,-3.818555300381823,-3.8461954235519924,-3.8364702105480744,-4.015703717332835,-3.8260787860045036,-3.8454900909289775,-3.8418859090450383,-3.8549355668857235,-3.847940280799102,-3.8547809190623448,-3.8543591472650403,-3.8549456382774774
2010-09-02,-4.458193049121603,-4.254245987767749,-4.405261365186466,-4.225094537821739,-4.263849780093731,-4.25293942776034,-4.436926226952899,-4.2404159748638355,-4.264028662548014,-4.244617299991187,-4.275272093828967,-4.272350160461329,-4.275130730058994,-4.27500640721584,-4.275327477289707
2010-09-03,-4.267665613081308,-4.276703654514206,-4.41331654223954,-4.246360944673976,-4.28340853726009,-4.275792826657822,-4.45659113861742,-4.262188456319833,-4.283941656872447,-4.276535947716202,-4.295881462954433,-4.292032703834531,-4.295771919989793,-4.295730246811575,-4.295910574416374
2010-09-07,-4.606834225739953,-4.177620337172731,-4.346280947018028,-4.149342393305638,-4.190280281448695,-4.176535472125033,-4.382055143785321,-4.165170800485148,-4.1916975235669245,-4.170823056545401,-4.20059873068884,-4.1957851503554044,-4.200655870031281,-4.200386879599521,-4.2006341424192
2010-09-08,-4.471961892161703,-4.441335203529208,-4.534386399607562,-4.40964089407615,-4.446526705496611,-4.441110224756079,-4.576668935502674,-4.4252789210601735,-4.445230425803187,-4.4450560955981375,-4.455186032412655,-4.452728766674369,-4.455137516418072,-4.455229610952273,-4.4552151069244115
2010-09-09,-5.067167117987069,-4.431050417196138,-4.537663196893907,-4.399182129688845,-4.433203254275257,-4.430399482905032,-4.564711847977955,-4.417118269786039,-4.430669334643594,-4.429922492954874,-4.445387808015944,-4.442134993978168,-4.445122655806514,-4.445412215238404,-4.4454209596118694
2010-09-10,-4.8595764408015,-4.7398245730883,-4.859665158619166,-4.7170780807563695,-4.752876620033146,-4.739880571538528,-4.886764840535327,-4.730827604070909,-4.749266337307248,-4.739684290176383,-4.756314255452425,-4.753653792412639,-4.75631273732217,-4.756697962330083,-4.75634621765059
2010-09-13,-4.673058917883471,-4.668449164111418,-4.746050496501294,-4.643269166697541,-4.675842519865272,-4.668279785615781,-4.7673127901079955,-4.656246671491444,-4.673489106773454,-4.671029191307344,-4.680101895709978,-4.676975315504464,-4.680212238094593,-4.680440060463811,-4.68011779340141
2010-09-14,-4.7015745299210385,-4.61513943950059,-4.646713241389368,-4.587697748261722,-4.620800428478199,-4.614872248973574,-4.6644193603457715,-4.60149360742297,-4.6215111362627495,-4.606674449316376,-4.621239261692453,-4.622418436140533,-4.621442678764957,-4.62159149773633,-4.62125549793034
2010-09-15,-4.541179909309706,-4.63686221588623,-4.702801188165928,-4.611434838067777,-4.644286557458301,-4.636628967172547,-4.714396140243204,-4.624804813845041,-4.644457534464604,-4.623374802094839,-4.64687668684027,-4.645944879718729,-4.646953790707595,-4.647232163589899,-4.646918835016189
2010-09-16,-4.786263967622646,-4.568069784186546,-4.750001331466448,-4.5428182606366425,-4.581630820927278,-4.567896869217228,-4.782477254617973,-4.557370846631464,-4.577781103492502,-4.559817754267448,-4.593301677439723,-4.58875224912747,-4.593329565456261,-4.5935779040909726,-4.5933899716776825
2010-09-17,-4.911817367941499,-4.669468316482326,-4.718746304690005,-4.643872323684929,-4.678612965810024,-4.669314273179798,-4.74398325805648,-4.656105259684518,-4.676078715384638,-4.667442366464616,-4.677583915449433,-4.676585177986492,-4.6775150125448945,-4.677932778267419,-4.677602056101189
2010-09-20,-4.185540654461083,-4.7336561628924505,-4.795680252408593,-4.703799444139984,-4.742166785728572,-4.733125397474193,-4.817552895864545,-4.719446520357987,-4.739189052266577,-4.731259100428322,-4.743247612063962,-4.740100728742721,-4.743196389368402,-4.7439706209856585,-4.743297246946248
2010-09-21,-4.18002674534266,-4.359072935283142,-4.461192483478623,-4.333435280401165,-4.361934405462961,-4.359275048943993,-4.481020271394592,-4.346370954478768,-4.36110060319749,-4.363454188945168,-4.373355980650243,-4.371418673257539,-4.373610397715209,-4.373361081399732,-4.373398395907657
2010-09-22,-4.435021401174126,-4.318375599619256,-4.414829672182509,-4.290105036280299,-4.324687523015048,-4.317729673956325,-4.440704562633488,-4.3046717194309405,-4.323173059523822,-4.313386720977585,-4.332419689012333,-4.331141094085265,-4.332335667716765,-4.332223511181985,-4.332457200970336
2010-09-23,-4.511283123086458,-4.43302136949424,-4.492458205944041,-4.407177009944935,-4.439994838505202,-4.4323059136043845,-4.522208832531688,-4.419526476533438,-4.440007919992878,-4.42655525469012,-4.442651046764309,-4.439673679997908,-4.442791967529279,-4.442549648204359,-4.442669585927196
2010-09-24,-4.725650386399436,-4.462924253423829,-4.637049777647726,-4.4287703406930925,-4.464937408083397,-4.462992350604575,-4.669222133235726,-4.446319546292475,-4.4596892140856745,-4.471407977825289,-4.4861316503729345,-4.482870968630355,-4.486142064466492,-4.4860707941400655,-4.48619697848124
2010-09-27,-3.9314475936748785,-4.564037849120329,-4.70042202253826,-4.533472489589333,-4.5683197496802475,-4.563474856816401,-4.716239792839081,-4.5505276827646055,-4.563977209146856,-4.558435717091515,-4.582244186388279,-4.579601390218688,-4.5823665108027125,-4.582486766224653,-4.582319254805233
2010-09-28,-4.173331219246616,-4.172502047897713,-4.3090653361575,-4.148611687023735,-4.176260431349304,-4.172216034831646,-4.34409441980965,-4.160753425668896,-4.171399722226897,-4.179001014804734,-4.191515151587014,-4.187462965042956,-4.191429642286599,-4.191146064527331,-4.1915728471103
2010-09-29,-3.5997429350986883,-4.300484418862927,-4.421169527673568,-4.270494461332983,-4.307281013898522,-4.300371826631053,-4.441879136189784,-4.287515036679353,-4.304178199211927,-4.298547614799908,-4.317371619949663,-4.312653920936368,-4.3172838599372465,-4.316994213513094,-4.3174459636005285
2010-09-30,-4.021936603391626,-3.9542037185587375,-4.085978003528158,-3.9250210677181183,-3.959131525204376,-3.953809044974921,-4.131552894358444,-3.9399394554888745,-3.95352888874672,-3.95806603547935,-3.97372190316365,-3.968665078547743,-3.973621387859681,-3.9728679422997,-3.97377715938584
2010-10-01,-4.19249687559751,-4.135649617858599,-4.289591862961095,-4.104229186959044,-4.1372949482081784,-4.1356367430378915,-4.335814960221758,-4.122409349686984,-4.129632705557572,-4.139648106055574,-4.157792304830385,-4.152043538039693,-4.157598652093319,-4.157051724073347,-4.157890221870158
2010-10-04,-4.849074869764303,-4.197251786192201,-4.372735632288942,-4.167257020998788,-4.200702066685385,-4.196940856352083,-4.433919067804869,-4.181978105327217,-4.196068464806685,-4.197819147201916,-4.223232774415086,-4.216799830503813,-4.2231572652403075,-4.222535378581283,-4.2233447999547895
2010-10-05,-4.747175270103074,-4.550881998967225,-4.623615339192589,-4.515642247599246,-4.548600897432684,-4.550831117496588,-4.643851694083761,-4.535288312001636,-4.543060161050447,-4.557200949868573,-4.560540387445178,-4.56134405396506,-4.560612425523718,-4.56047701153049,-4.560522997950212
2010-10-06,-4.315863620190834,-4.532772547685618,-4.674353724674198,-4.506750225425213,-4.533598464959006,-4.532059700815437,-4.6968938053592275,-4.523286924085059,-4.529388839237994,-4.524526906468284,-4.551880994360554,-4.548516241709546,-4.551895756735508,-4.552006265700732,-4.551960449085303
2010-10-07,-4.7451980774123745,-4.395278709180285,-4.535390008739635,-4.370468241156363,-4.396960909493135,-4.393762970820369,-4.57585613235847,-4.3851933150564015,-4.391088036117617,-4.387094857774916,-4.4154275588025005,-4.4106888284862045,-4.415351934332557,-4.415299326742961,-4.415531751228009
2010-10-08,-5.218631297389398,-4.649572381959403,-4.6991206571846265,-4.626843053902954,-4.652214697605378,-4.647309501720993,-4.725055455496074,-4.639225629849063,-4.654176860542949,-4.641332117987897,-4.657839545900346,-4.654912604028167,-4.657899450624805,-4.6579514658176375,-4.657878335657228
2010-10-11,-4.336007172321094,-4.939683629879371,-5.0284287357565045,-4.90777139867988,-4.940407749121605,-4.938922318680085,-5.0405048857077475,-4.927300132353503,-4.938329181705341,-4.926171471899078,-4.952575309924209,-4.949624830373083,-4.952536576632348,-4.95326945608668,-4.95263844193836
2010-10-12,-4.926103789928527,-4.4853670793395795,-4.587911604835714,-4.462412819641773,-4.494977726248435,-4.484576001618351,-4.620231793999522,-4.4746838621164144,-4.491143577225933,-4.486251850846782,-4.500395813394281,-4.49714347257121,-4.500393570325449,-4.500454856079527,-4.500509733060922
2010-10-13,-4.518628965607373,-4.771484064104023,-4.796742793101254,-4.740460439068563,-4.767742594916968,-4.77060017519546,-4.802262824880292,-4.757671225538064,-4.766306859132843,-4.7739965897752805,-4.775190101703327,-4.776040176823969,-4.775094412724462,-4.775463964096719,-4.7751665684288405
2010-10-14,-4.007836120319282,-4.597118251010014,-4.620265338176622,-4.556114332073248,-4.586956467462217,-4.596639679525007,-4.6112027373525635,-4.578853182627891,-4.585320254083256,-4.595010211420298,-4.6001740552828885,-4.604452486092745,-4.600208220741513,-4.600105076152141,-4.6001197946984975
2010-10-15,-4.992690946306142,-4.291455067994709,-4.400502148510486,-4.249180448363163,-4.28855842250603,-4.290789189225099,-4.409790738844546,-4.271821451299399,-4.282426939227694,-4.287335275839622,-4.306018323176136,-4.307036353135638,-4.306265710082635,-4.3053871090959985,-4.3060261077675674
2010-10-18,-3.730643594242552,-4.746053674369045,-4.8332201543213,-4.70523734486101,-4.738934092586173,-4.745655497652731,-4.836187758730897,-4.727617582364881,-4.735399414099089,-4.738091468135292,-4.757997753923691,-4.759703627112284,-4.758377919731373,-4.758277359120547,-4.757973641950611
2010-10-19,-4.049690814544849,-4.091637974998633,-4.145187539128122,-4.063355078953289,-4.085177208713733,-4.0909863054464815,-4.172665363003743,-4.07821660812777,-4.079469394935182,-4.090569678759773,-4.100581537841766,-4.099398800076717,-4.100779398142771,-4.100194869249324,-4.100540613054587
2010-10-20,-3.8944096500366276,-4.187935853890502,-4.2784732465704485,-4.15378944215912,-4.188515492090281,-4.187303696974428,-4.306170365655569,-4.173021841693695,-4.179745780563545,-4.182213424219431,-4.201466756133533,-4.201769964310336,-4.20170529679121,-4.201081389938749,-4.201468922688523
2010-10-21,-4.849680792027115,-4.075770853036014,-4.142682692621577,-4.047993753467571,-4.082035669989634,-4.074506714582773,-4.157072489609981,-4.06339650240803,-4.074107637449931,-4.073874703982521,-4.085426503819558,-4.084140589287723,-4.085448380330814,-4.0851110054916155,-4.0854411014039576
2010-10-22,-4.635186689556695,-4.565553605449709,-4.70800215816388,-4.532280130293923,-4.568813744548514,-4.564739429467115,-4.729256746249241,-4.55017898056007,-4.564664388270118,-4.555159115370085,-4.5849343621519205,-4.582083444834934,-4.585112678235016,-4.584914294232974,-4.584985073569944
2010-10-25,-4.640600579429006,-4.455304191253774,-4.617978672273238,-4.418003537453823,-4.457075202153354,-4.454847643424539,-4.655489870261295,-4.437895561752964,-4.451970848227251,-4.448722014070212,-4.477954394766918,-4.473740994744192,-4.477904155854098,-4.477985176164124,-4.478027643666091
2010-10-26,-4.545954225210036,-4.52290211328841,-4.580769837468039,-4.49882105136382,-4.529662043578471,-4.522053597402732,-4.580128590790376,-4.514899917617449,-4.52463739615178,-4.52034325038782,-4.530577042456464,-4.530684120348587,-4.5307075899240115,-4.530755393467918,-4.530623149857591
2010-10-27,-4.285718650864488,-4.513895119884067,-4.577215961427919,-4.489037952424504,-4.521616148159057,-4.514273507811609,-4.602797005349083,-4.5018624343763936,-4.516073405490849,-4.51819492245552,-4.5230827037651915,-4.521351196976971,-4.52326444581045,-4.523179326801581,-4.523120611146839
2010-10-28,-4.951397835929949,-4.435003420284698,-4.510035813124667,-4.412032523794825,-4.4545021670283615,-4.435324139650465,-4.523380813795387,-4.425487337479373,-4.446493428140775,-4.436949021810385,-4.444795547768016,-4.447264183288887,-4.445017848407,-4.444848022840656,-4.444898066218375
2010-10-29,-4.194616433435153,-4.7541551792274195,-4.7967420558544935,-4.731306150288855,-4.769760921851815,-4.7548234844035315,-4.8253954592893695,-4.743963394915409,-4.761326603562095,-4.75458378558584,-4.7609547797849,-4.759903980206639,-4.760875753165595,-4.761213025555498,-4.761042251141279
2010-11-01,-5.708715988318234,-4.377575205405499,-4.51203499226756,-4.348190984174779,-4.3817008851123465,-4.37875238148212,-4.558885636779535,-4.360400388844219,-4.379234595337131,-4.395524920442987,-4.397811801767579,-4.392035790542334,-4.397736268064585,-4.39779579415898,-4.397911223380914
2010-11-02,-3.457623834296487,-5.1265969894877195,-5.0651652820541555,-5.104332942282093,-5.136611152230552,-5.12513875930756,-5.082208639328477,-5.115689670273505,-5.132233221493741,-5.127858219223577,-5.121121499215631,-5.12629221161829,-5.121374785362804,-5.121487497500291,-5.1211504437301265
2010-11-03,-5.076436174692199,-3.9671761540212045,-4.1680993022728865,-3.9395573362497998,-3.977293743261727,-3.968635055089892,-4.226887938478113,-3.955107780823935,-3.9722138813581944,-3.976063489107422,-3.996495816438966,-3.989289581140069,-3.996476365471659,-3.9964638866192073,-3.996657288044892
2010-11-04,-4.779769676752824,-4.7394022608560915,-4.715123269742189,-4.7140287191298365,-4.733369422810393,-4.7375159746882165,-4.720798205477665,-4.728166854688415,-4.732976521738931,-4.726139814594888,-4.736477136288635,-4.740607426148971,-4.736816498015928,-4.73631525851753,-4.736426135151053
2010-11-05,-5.069585011507192,-4.599225312524673,-4.5916294109519376,-4.555640854843138,-4.586707268911628,-4.599734487221162,-4.57400729244027,-4.579936055945329,-4.585185431778076,-4.601191416243536,-4.598099235026942,-4.605295804603216,-4.598669791092243,-4.5976708989758786,-4.597975759934043
2010-11-08,-4.414896434274863,-4.783886755020691,-4.833964750222502,-4.753750889321527,-4.78054760076284,-4.7834366570339,-4.843739859126514,-4.7693785386383105,-4.779785379370788,-4.777558126840954,-4.791634254716062,-4.792734560979088,-4.791733056809725,-4.791730832617639,-4.791630464363719
2010-11-09,-4.404371447934411,-4.4371555646071394,-4.511804727678973,-4.408715113290068,-4.4385882558116485,-4.438161013114334,-4.5131507281555185,-4.4226505927403235,-4.440034931883792,-4.437881631487591,-4.447389256561035,-4.4483938834659185,-4.447674814049771,-4.447442921686361,-4.447399554882204
2010-11-10,-4.540722767390888,-4.545329181183268,-4.579689622730885,-4.514133203837326,-4.5439281350956975,-4.5463784887953995,-4.601467608421647,-4.529583663057743,-4.544403055105659,-4.55251298797731,-4.551337936170248,-4.553170227558628,-4.551396934802656,-4.551387066468192,-4.551324575273194
2010-11-11,-4.041319856312775,-4.57768499210321,-4.607972917604403,-4.550726838568596,-4.587577146186791,-4.576656854495288,-4.618753043767078,-4.565051369559979,-4.585342000112914,-4.573511829545271,-4.582174074618767,-4.580364740294501,-4.5822822660085585,-4.582225228809495,-4.582218258759465
2010-11-12,-4.6556276752375805,-4.2897325813361755,-4.419836794111127,-4.264959778953902,-4.297233144583402,-4.289196501233735,-4.452322284655728,-4.278198083289383,-4.295414499556689,-4.290802991257468,-4.308166643522616,-4.302745483563352,-4.3081843939682285,-4.308127183029972,-4.308241481719187
2010-11-15,-3.9819858798251113,-4.549361549497636,-4.631475791737167,-4.52339896887919,-4.551172573234938,-4.548106117219501,-4.651912464557365,-4.537843088954423,-4.55001259826626,-4.544819557214865,-4.561342913939496,-4.559188507561867,-4.561360649333629,-4.561330844900006,-4.561392268458269
2010-11-16,-4.562492751160314,-4.209798927871357,-4.267558810906587,-4.192709467260874,-4.20565126614459,-4.21000461147017,-4.301222932131845,-4.200911191541046,-4.204059101793758,-4.219109021748534,-4.2187658116329265,-4.2162711315656045,-4.218709533834605,-4.218655473881544,-4.218786836468061
2010-11-17,-5.110803273566314,-4.4803891821345845,-4.572593884909222,-4.457504331909831,-4.481601233248417,-4.480016922620221,-4.602140091818289,-4.468877981037425,-4.481083951076076,-4.479082795840709,-4.494227027644467,-4.4926267442210435,-4.494183357882643,-4.494205980958406,-4.494281992716501
2010-11-18,-5.055644533039053,-4.764856725148872,-4.813216446576961,-4.739735028702661,-4.7644226533997145,-4.763476714674639,-4.82323101243283,-4.752758356877861,-4.765642424571737,-4.760236740207565,-4.7731045935078384,-4.772119676799061,-4.773320253693507,-4.773255461086029,-4.773096609939014
2010-11-19,-4.381153176508805,-4.811895819648616,-4.85575596399779,-4.7932895409702265,-4.8130474218486645,-4.812724160582086,-4.877048380673347,-4.802948340301939,-4.81095809555632,-4.821063927712468,-4.819294688998613,-4.818444093139508,-4.819274161883093,-4.819557759551651,-4.81933692728301
2010-11-22,-4.439986810888178,-4.491570323301871,-4.573884425356594,-4.4755655515780175,-4.499222132518638,-4.490708653830128,-4.591195477000518,-4.484743988571565,-4.496626554034067,-4.485318805223184,-4.5039394372391115,-4.501638283302095,-4.503954690868091,-4.503984425553559,-4.504028006641731
2010-11-23,-5.145360684230129,-4.559242696449809,-4.624658669864652,-4.54001325260596,-4.565002363359959,-4.559405238733232,-4.670534085308767,-4.5500095590026675,-4.5612978935333475,-4.559589884943279,-4.57129265851407,-4.569705003322975,-4.5712213567925515,-4.571382652570596,-4.57139756342583
2010-11-24,-4.9990692752149695,-4.916668569417009,-4.981982771711693,-4.889690972306279,-4.915558390665675,-4.915666196258623,-5.021009815279827,-4.902658562286566,-4.916472342259532,-4.911674078339581,-4.928777584636883,-4.927665479293367,-4.928778218234869,-4.929129885027961,-4.9288085044428165
2010-11-26,-3.930898393984587,-4.846256298694922,-4.928950429058645,-4.8285228061696435,-4.844706888757853,-4.848318777341344,-4.978248985872134,-4.838588844118894,-4.842495937134673,-4.8569960424718115,-4.860469701560901,-4.859604557418553,-4.860644796874615,-4.860926595788765,-4.860530229825087
2010-11-29,-4.184565860070774,-4.266834290169832,-4.370900272682305,-4.248168237691988,-4.269008899976097,-4.267131174793332,-4.405579603288263,-4.257905913730937,-4.266235493333629,-4.2673344849222445,-4.2831862575123045,-4.280073461126919,-4.283193854733328,-4.283098859423376,-4.283244021337225
2010-11-30,-4.846458771018724,-4.365303190253297,-4.469899757995491,-4.350184538584501,-4.373318225429114,-4.365224140344087,-4.517631055464914,-4.357922357868272,-4.369358655945634,-4.36533286579642,-4.382358523789734,-4.377295976312707,-4.382439201412686,-4.382233276427026,-4.3824632522564
2010-12-01,-5.047386089954547,-4.688467554418996,-4.747751772655854,-4.668990013839845,-4.686003935336514,-4.688518380383276,-4.7849160268020094,-4.678700027279258,-4.685132647703711,-4.692792520458851,-4.699456963016076,-4.695669153446834,-4.699521207804686,-4.699465010167225,-4.699482148569486
2010-12-02,-5.058745652912871,-4.782852677647512,-4.786393633073642,-4.75582311166729,-4.77279429182991,-4.782587138863781,-4.8238283300904445,-4.769616706434919,-4.776750260006571,-4.776860918252035,-4.787390041850638,-4.789169071745617,-4.787558459689219,-4.787551002614034,-4.787347791775504
2010-12-03,-5.524822282049679,-4.788678545466893,-4.8463499636959595,-4.759762411500178,-4.782900175456067,-4.788872117313953,-4.876744176006567,-4.775945019577817,-4.7843993193948195,-4.790891125028186,-4.798853975148633,-4.798011196841172,-4.798804835003375,-4.799204421838331,-4.798895212829788
2010-12-06,-4.470694292180471,-5.12973159924241,-5.161343767478541,-5.103657785753501,-5.127061803330066,-5.129704295584178,-5.173390589932493,-5.119546217994738,-5.1281394214237315,-5.121156794366076,-5.1355024121640085,-5.13700212303147,-5.135613033596215,-5.136186856748155,-5.135496039061773
2010-12-07,-4.803667112514982,-4.676596498569737,-4.745790924983156,-4.651797224913492,-4.673807300708001,-4.6767259418891225,-4.781711988440851,-4.666223998088416,-4.673012795464695,-4.672713365522922,-4.688202529149157,-4.687261576714897,-4.688227386090291,-4.688453430755851,-4.688224895031593
2010-12-08,-5.096044511545907,-4.825650006103432,-4.886754850648372,-4.795695582492449,-4.820311666414056,-4.825786594156238,-4.908395993006565,-4.814267936840176,-4.820969304682043,-4.8173947693066665,-4.836377352093614,-4.838403928163737,-4.836536466118426,-4.836708246918359,-4.836388233639728
2010-12-09,-5.594701365213138,-4.962203040479806,-4.993493766396568,-4.937065343492081,-4.9527900303635,-4.963566135671615,-5.019386509322127,-4.952213189124203,-4.954061671518469,-4.968547075550813,-4.967088810296151,-4.971813453003502,-4.967505236420666,-4.967601841322389,-4.9670745620412715
2010-12-10,-5.437324813271745,-5.221128742294827,-5.229486939746426,-5.195131991639438,-5.219351084006375,-5.22156117658791,-5.2493245197187575,-5.210532131168826,-5.220018274000041,-5.224430353662928,-5.224043226919878,-5.226558064250163,-5.224197607016582,-5.224949480753507,-5.224031306495726
2010-12-13,-5.276378846259007,-5.153123597754771,-5.1168791427747475,-5.128048198406199,-5.1525693936495935,-5.153459553012453,-5.126647046743774,-5.143911308757354,-5.151483991682575,-5.142409600668409,-5.15020131604585,-5.155055335863871,-5.15032904072567,-5.151123962699433,-5.150178144646569
2010-12-14,-4.903477874219439,-5.151744428688098,-5.171320295692397,-5.125634675087533,-5.148068935582594,-5.1532858502869505,-5.182560658716874,-5.141352886545157,-5.145371969702871,-5.168330115555488,-5.1557156633302075,-5.15859371426942,-5.156108906719817,-5.1567204359758065,-5.155693702275908
2010-12-15,-4.9027485272250155,-4.999952430418909,-5.0131245967535065,-4.9751987326558895,-4.9990587867840865,-5.000048868240525,-5.020038939547368,-4.990929570662232,-4.995672233428312,-5.002933016810598,-5.002956136816131,-5.004750207987746,-5.002962588838944,-5.003642179837,-5.002931415891645
2010-12-16,-6.10420530784003,-4.985489163627764,-4.971665671853979,-4.961032890520075,-4.982514846866586,-4.985782539562809,-5.002694389213998,-4.975251488781247,-4.977542193626849,-4.9955981474147695,-4.9861359838954495,-4.9885378823182425,-4.986227780424753,-4.986923895628443,-4.986110045224439
2010-12-17,-5.627923253176639,-5.566615500811023,-5.394563252578572,-5.548201544279093,-5.5618286825436405,-5.566440260148872,-5.406378657575968,-5.559823561597055,-5.559877952378979,-5.565564348681048,-5.545976819884113,-5.556189982597402,-5.546027992236709,-5.5472776469477125,-5.545862531786576
2010-12-20,-6.653669632463549,-5.366174429471112,-5.32965786810023,-5.343969364587557,-5.366698990137658,-5.366518574170037,-5.361097666038678,-5.35751184084673,-5.366876228692905,-5.369474753217908,-5.3647868891266315,-5.366833496743175,-5.365007585445952,-5.365723266317631,-5.364809912972503
2010-12-21,-6.602724071113359,-5.8945169979522225,-5.693145285649735,-5.878713648412898,-5.894786842005281,-5.895931940245468,-5.698961936483373,-5.888288413913779,-5.893140173078896,-5.908497093890738,-5.868873578965645,-5.879952196734184,-5.8692689273166545,-5.870035504480772,-5.868772243712039
2010-12-22,-6.4625650665270955,-5.987186737405978,-5.7791784783029945,-5.9649774631301264,-5.975159685405229,-5.987765750188892,-5.795344663910992,-5.978326953737033,-5.978841233502838,-5.992096686217603,-5.961810265337024,-5.975925062388543,-5.9623239476520284,-5.963532018731895,-5.961676468412396
2010-12-23,-6.773355109373664,-6.088007023338418,-5.945073272949512,-6.066567375476301,-6.078464616075904,-6.088544474240426,-5.974347807927966,-6.080816763469596,-6.081112604405835,-6.091151585719476,-6.071263133970365,-6.0809576688584,-6.071510218395919,-6.072852364960518,-6.0712165049486915
2010-12-27,-6.679659196662512,-6.285610572480903,-6.059834691330968,-6.265460781736583,-6.273623580743679,-6.286933110319726,-6.087414913141357,-6.278406093560908,-6.277867144162187,-6.28083705137584,-6.2577905052444125,-6.272237502351919,-6.2581172001502585,-6.260121776200586,-6.2576767439077035
2010-12-28,-7.085732778836399,-6.349189388442757,-6.1870797233674795,-6.33357760928219,-6.346990001340206,-6.351100416784996,-6.2079501973443785,-6.3444884479859205,-6.344350682492012,-6.367233256973301,-6.329102992669045,-6.338389771554288,-6.329278330121956,-6.3310526244852685,-6.32905117040378
2010-12-29,-6.210063347107933,-6.57904928780326,-6.39344535448733,-6.562583168226,-6.567286298073833,-6.580318295096372,-6.385505294463726,-6.574034273772908,-6.57058284235589,-6.572358663530267,-6.553733622010903,-6.564352300756567,-6.553838949004752,-6.555978036566413,-6.553644653010545
2010-12-30,-5.846211550967375,-6.158498288863393,-6.092318926380226,-6.1367300603245045,-6.151105196695885,-6.159542571548741,-6.1430877238243236,-6.151979207499226,-6.152312976452408,-6.151285863879561,-6.154309347594045,-6.158392904993087,-6.154451471438623,-6.156176327802181,-6.154339238402281
2010-12-31,-5.745233272362573,-5.946704002378809,-5.939298095227792,-5.926505635118797,-5.942963878446209,-5.947581046138275,-6.00512544422318,-5.939108963659886,-5.941846919193463,-5.959856402986252,-5.951475204591527,-5.951310991477383,-5.951575710552536,-5.952957437373565,-5.951550253400356
2011-01-03,-5.380182129625065,-5.832525929447726,-5.6561813996094985,-5.814910086295611,-5.827382561807004,-5.831678847801038,-5.665009905237706,-5.825971971332717,-5.829898905395459,-5.816844523820344,-5.811125758759866,-5.821467227510926,-5.811344119956879,-5.812666505372346,-5.811040071189736
2011-01-04,-5.623821406456328,-5.5746275930380955,-5.371230914938733,-5.55676517560271,-5.575606205344373,-5.575338940312825,-5.3800024885426225,-5.567737919803361,-5.5737988715081626,-5.580602883976239,-5.549227033976328,-5.557934561563547,-5.5495174431629835,-5.550209233033866,-5.549152411820637
2011-01-05,-5.07193225688092,-5.632371092338265,-5.4406499008943845,-5.611775986952878,-5.630230873840739,-5.630318739423974,-5.457308511624256,-5.624135130510251,-5.63125081286106,-5.62225871637507,-5.6096175033324975,-5.620222191994502,-5.609652239270084,-5.610879452642216,-5.609559324741237
2011-01-06,-4.595469670444814,-5.293438558190957,-5.180471087155774,-5.269876904896893,-5.291133634485798,-5.292102893422148,-5.1859529031154485,-5.283555164548796,-5.295103537361604,-5.279182888608881,-5.280344318520085,-5.287712448002051,-5.280380112368178,-5.280841288782956,-5.280287040947168
2011-01-07,-4.995859816853412,-4.973314267523348,-4.874217671203732,-4.942883670160806,-4.973403229576688,-4.970805471879749,-4.890323462626125,-4.959910940429209,-4.975101852346817,-4.954620478564473,-4.962775387394815,-4.972221367766981,-4.963004714782139,-4.962788880396001,-4.9627119954677275
2011-01-10,-5.428769344998106,-5.122655629486838,-5.041645704686278,-5.090775612636648,-5.118118329288162,-5.121688455629566,-5.06908599444451,-5.10855647354947,-5.120760855973411,-5.109722624055094,-5.115124081486824,-5.122781976039741,-5.115210423330628,-5.115319384947196,-5.115060580151255
2011-01-11,-5.835526002850763,-5.329661663183131,-5.23035094678657,-5.299494201924372,-5.321684407652123,-5.326876802748156,-5.2436099687280935,-5.317204049132526,-5.328304352518749,-5.306464324442072,-5.319919147264926,-5.327849191354174,-5.320119706150686,-5.320530465477454,-5.319899453760225
2011-01-12,-5.49051601984843,-5.5307471536929835,-5.45792925961142,-5.5037393507298065,-5.532076713308991,-5.530713242749396,-5.4869643921775735,-5.519574023529177,-5.532247485705801,-5.519606880850402,-5.525693017667315,-5.530542051443367,-5.525843646542738,-5.52679588959162,-5.525706553088095
2011-01-13,-5.2613912005326915,-5.393298764041288,-5.3270118545012455,-5.366444562165777,-5.39131467075211,-5.393852669951115,-5.337760727441441,-5.382221830611585,-5.394042199545406,-5.3881023478936685,-5.386312370124284,-5.393601466660828,-5.386535296818671,-5.387372484664456,-5.3863175614278775
2011-01-14,-5.641626981890253,-5.348485531689779,-5.336892690063443,-5.319031828777308,-5.348872530852323,-5.348953697636641,-5.3567219419599965,-5.336335615302607,-5.352032631143204,-5.34408733118714,-5.349670045062337,-5.354165174165553,-5.349832905415637,-5.350631444838495,-5.349706103054511
2011-01-18,-5.048603767338242,-5.582049005336506,-5.470596134289489,-5.560136055535959,-5.577336982137175,-5.580730827982503,-5.488040514241059,-5.572956260503846,-5.58007157164753,-5.56595143419817,-5.570332903157907,-5.576609521979119,-5.570529252807296,-5.571776308612795,-5.570379427131352
2011-01-19,-4.569038061218832,-5.276189596713145,-5.18376166827446,-5.249138944547428,-5.277221027924538,-5.274733386059709,-5.198134559414154,-5.264718794257093,-5.278410412783777,-5.251180770014844,-5.267292431442851,-5.276645800165638,-5.267561940854771,-5.267709975906559,-5.267340157298345
2011-01-20,-4.89954774112517,-4.939006836575682,-4.808958615967063,-4.911690364415135,-4.939692778997865,-4.9354549040063835,-4.811986779676191,-4.926847154824178,-4.940561555582477,-4.907405720876177,-4.924404279897474,-4.93478396397435,-4.92461706718381,-4.924050935077611,-4.924413035914997
2011-01-21,-5.359790899229723,-5.0538828775385305,-5.041745529643326,-5.026023790573377,-5.062642235824407,-5.052350415102972,-5.048514829531629,-5.041130430884158,-5.062216607572039,-5.025034595974595,-5.054369905114646,-5.058917980654879,-5.0546371406875,-5.054094384096347,-5.054451314543221
2011-01-24,-4.37886308849448,-5.268938186982597,-5.2289928487434105,-5.241406096936819,-5.273287261444255,-5.267031320130219,-5.232482511772521,-5.257790847342132,-5.273108979979803,-5.251851822831508,-5.2663257434091015,-5.270789129762354,-5.266410630648594,-5.266427721975094,-5.266416876700207
2011-01-25,-4.862501750354012,-4.710308681882106,-4.73890537229801,-4.684058941757234,-4.714161875386553,-4.708987591340118,-4.7248786999111685,-4.699754939170947,-4.712525691270146,-4.690729606447099,-4.715428322194748,-4.7174060203025,-4.715744967541703,-4.714843549610695,-4.71547975168575
2011-01-26,-5.327273994567558,-4.9194458706845925,-4.854833836312445,-4.900298706617472,-4.9281569394750955,-4.917191944220845,-4.84296407241153,-4.910292567650407,-4.927913041583117,-4.9004124533628,-4.911738858546312,-4.917576405151089,-4.91225211539859,-4.911280942286688,-4.9117537824844275
2011-01-27,-4.141959157054947,-5.176380955584857,-5.038259531581518,-5.160061871480865,-5.187429404809027,-5.173995227356286,-5.0271097315751465,-5.1694829173399395,-5.185434368216563,-5.146853496321552,-5.159169118116911,-5.167282477633692,-5.159464931831024,-5.159139936999192,-5.1591655442262505
2011-01-28,-5.049023412463892,-4.534584716672486,-4.538063674250736,-4.515598582935082,-4.540316126056794,-4.531347061885599,-4.543483240930759,-4.525367816265995,-4.5398570674522665,-4.5086703508782024,-4.5373363856581825,-4.53797621955792,-4.5375192282559595,-4.536777043152177,-4.53736825355258
2011-01-31,-5.41387019027185,-4.936923970569573,-4.888396816435538,-4.919808634630892,-4.9446207186369975,-4.933921756287456,-4.875396686650004,-4.92920552418226,-4.9429709082103095,-4.910547993551942,-4.931213052419515,-4.935841030168477,-4.9315541333554584,-4.930981083935517,-4.931206511768849
2011-02-01,-5.338958435154987,-5.168385828935029,-5.042497399495207,-5.152982523227535,-5.171660420679866,-5.166831298933966,-5.048231117167917,-5.160443883403559,-5.17185150141728,-5.151553000818524,-5.15308937670621,-5.15925535484428,-5.153527973326217,-5.153147445090151,-5.153073126290221
2011-02-02,-4.746541289213521,-5.157195762076395,-5.044613429975386,-5.1385992181361,-5.163418195623757,-5.1544611592520475,-5.030899936420561,-5.149844992277328,-5.15999768269999,-5.1327112195406075,-5.143167028744048,-5.150722153375927,-5.143324927304272,-5.143279324395037,-5.143146748775953
2011-02-03,-4.9310508380463185,-4.8421061415898405,-4.804253400505354,-4.824152105643324,-4.849692008016928,-4.841259746371443,-4.822156219197913,-4.832806008139417,-4.845365065277072,-4.829456096488843,-4.8401845222817,-4.8424996527172315,-4.840467857024505,-4.840043534402829,-4.840203312936486
2011-02-04,-5.702384737636516,-5.004995090743069,-4.959119376525481,-4.989862118364365,-5.0092011329543915,-5.004431667678811,-4.96944941081043,-4.99721107642154,-5.0088176438152034,-4.992449719238924,-5.00104149058353,-5.0051068578055,-5.0012475880382405,-5.000936268501615,-5.001032625937855
2011-02-07,-5.566557763416711,-5.397763551309124,-5.292994358824239,-5.376704854319104,-5.403203138993415,-5.395510451867935,-5.304846313653955,-5.387533306536322,-5.403855199200628,-5.3763102651146495,-5.386337217337087,-5.392637861274553,-5.386445327759399,-5.386794694544508,-5.38635450052575
2011-02-08,-5.196305314636605,-5.346348448097484,-5.3039999479698245,-5.322512966628271,-5.346714821039294,-5.343760033352048,-5.296608102289926,-5.336719173505764,-5.3526513928241855,-5.305260666983403,-5.342567902783611,-5.347321998308271,-5.342771284324297,-5.343047511447329,-5.342552375448043
2011-02-09,-4.518692187016747,-5.168837375168455,-5.109616016206214,-5.1512811353147026,-5.170697637762994,-5.166356897294525,-5.116815788739362,-5.160870337087265,-5.172671494945706,-5.138901153282071,-5.163246737285294,-5.168836329609532,-5.16335336755418,-5.163537909160792,-5.163241836960371
2011-02-10,-5.101983042602883,-4.821711911766818,-4.851655270732537,-4.805947226556391,-4.824416788906053,-4.821762938809328,-4.869436306735166,-4.8147722099294255,-4.822896132289764,-4.806920868177112,-4.8277291175936705,-4.8293287279545645,-4.827935845967834,-4.827710066780382,-4.827767845437967
2011-02-11,-6.0215824712089665,-5.106373981117288,-5.100433240866079,-5.0822981435202,-5.10463968437555,-5.106594588117425,-5.113297273725975,-5.095359687508824,-5.106954194244992,-5.0847056225174825,-5.107710843929678,-5.1092198820517405,-5.10781852598116,-5.107844133005273,-5.10774704807675
2011-02-14,-5.188920869228406,-5.548273527412635,-5.40557916655264,-5.531883195652134,-5.554029938529627,-5.548773285147487,-5.402757672771093,-5.54139738471355,-5.552124306874415,-5.5334559337131655,-5.529759365846825,-5.5380368845105785,-5.530033662372504,-5.530443060736952,-5.529735184450339
2011-02-15,-4.9714329510373645,-5.137714323796431,-5.1373177236115035,-5.119865492422727,-5.137746452834636,-5.135385530183518,-5.134574508528911,-5.130496262315237,-5.139137239995287,-5.101171660843636,-5.139370877868613,-5.140816375208263,-5.139410084510527,-5.139602972246142,-5.13937753771347
2011-02-16,-5.83445225855161,-5.019328121032383,-5.0035086981574945,-5.005962323813505,-5.017573242642445,-5.017764884009524,-5.01854023427327,-5.012469257848047,-5.0211430467437825,-5.001376072651065,-5.019447592230606,-5.019033299206704,-5.019531662463346,-5.019637527193198,-5.019488366925639
2011-02-17,-5.707143200647848,-5.517483001303928,-5.391410561716592,-5.506488114139327,-5.522177944944506,-5.51650911729706,-5.384645129831526,-5.512636392607705,-5.526783872935996,-5.486944818593153,-5.501708393349445,-5.506791570023605,-5.501647023359629,-5.502230384521951,-5.501728794749011
2011-02-18,-4.1340964485096245,-5.500614011298329,-5.414452357163942,-5.490149640493683,-5.503418139016353,-5.498883059526182,-5.428236722614101,-5.496062003786796,-5.50725384268608,-5.466890646565269,-5.4922023391200785,-5.495563498715083,-5.492305265398885,-5.492896170764566,-5.492274185071245
2011-02-22,-3.820201082533729,-4.59682823748592,-4.585043660497125,-4.583827025403201,-4.602120227921421,-4.594321928314596,-4.600382976055567,-4.591503889862302,-4.602280690992531,-4.565746248621488,-4.598496040289638,-4.597783242087619,-4.598496560393782,-4.598344298012212,-4.598549611548433
2011-02-23,-3.8115065674709583,-4.306441068285859,-4.2470725077800475,-4.292245571022033,-4.310312248766615,-4.302375984907122,-4.2379491276499435,-4.301116032818228,-4.31010903214009,-4.2720255898015616,-4.299461453154234,-4.303559707946235,-4.299925060118359,-4.299152614173364,-4.299483341808419
2011-02-24,-5.151732979065854,-4.20056938907726,-4.18077130877269,-4.189422707063763,-4.206623814836893,-4.194758683548816,-4.19926639944331,-4.195364428880982,-4.204525277503761,-4.175097956557058,-4.201241917365446,-4.200598175912569,-4.2011774735439,-4.200924772104676,-4.201310980084831
2011-02-25,-5.341222205502841,-4.8250742349974916,-4.766832782851466,-4.804811078043791,-4.827264123077402,-4.821625085505411,-4.789259722628833,-4.816688911995233,-4.82825210790543,-4.805424898807982,-4.821054129361554,-4.824937209567987,-4.821013907432399,-4.820997391407086,-4.821130272146377
2011-02-28,-4.090977945754705,-4.913104710455475,-4.865730208820167,-4.8999575146602465,-4.920711897914099,-4.911894452290995,-4.860071856510288,-4.907904525810986,-4.9185090539043745,-4.8998549437443595,-4.907893993066578,-4.909459538956689,-4.908052510027645,-4.908000987305939,-4.907929629869746
2011-03-01,-4.260808995926028,-4.309153830971076,-4.339335532894575,-4.294186725331799,-4.310633616447764,-4.308890119693638,-4.374026845600133,-4.301987969150246,-4.310474390997385,-4.311420735433014,-4.316618266088212,-4.315063820193781,-4.316826365194732,-4.316587398456718,-4.316702163368777
2011-03-02,-5.401481190449541,-4.426799676695307,-4.467412190139031,-4.412779722701724,-4.431904670372038,-4.424615348563996,-4.50426425623629,-4.420367178229521,-4.430939620221676,-4.406551199845854,-4.436408990728012,-4.433080253575156,-4.436441240012216,-4.4363763908185,-4.436522868343144
2011-03-03,-4.185193320414559,-5.069240470419347,-5.006258511105548,-5.056328000857436,-5.0739578829436915,-5.067729418271221,-5.033554144458383,-5.063272343664035,-5.074059909552116,-5.049203434815548,-5.064678807408737,-5.065658906721801,-5.064662731780171,-5.064875995237203,-5.0647459460905795
2011-03-04,-4.113332521844499,-4.430908549457066,-4.54971414932709,-4.415533798192142,-4.436013115279869,-4.430976708400865,-4.605395409208699,-4.42400085707933,-4.432646082347218,-4.43021385474798,-4.451136736586978,-4.443382056441815,-4.451053529531562,-4.451102156665321,-4.451268799703144
2011-03-07,-4.583284122912632,-4.32549531873765,-4.391742739947347,-4.313222003246653,-4.328792660075663,-4.3239134679211,-4.427485997596901,-4.319582055563113,-4.3259565330313805,-4.311006537446658,-4.337449262309042,-4.3332750980037975,-4.33749169208128,-4.337365178193446,-4.337534267105171
2011-03-08,-4.256502774584288,-4.576684804998971,-4.61479962877041,-4.562713762269204,-4.579146679748392,-4.573877242633005,-4.612252592469979,-4.570943726252342,-4.581135163864183,-4.54770907081783,-4.583070714782595,-4.580688052922708,-4.583125822135483,-4.583029607399246,-4.58311730046136
2011-03-09,-3.876122953488343,-4.4185073653371685,-4.493611118835774,-4.410342311048099,-4.4263247227448,-4.4166829372187175,-4.501337989220875,-4.4150222523220295,-4.423878868087681,-4.403394545876314,-4.429378092661426,-4.427099745200422,-4.429433487441948,-4.429296184347524,-4.429411612356236
2011-03-10,-4.132768036205594,-4.149555677876189,-4.221394467317882,-4.140529706174754,-4.160989265615002,-4.1486399850543165,-4.24091283943154,-4.146199937046608,-4.155196313984794,-4.1271642487511,-4.160661669285037,-4.155408020282295,-4.160602287869369,-4.160326244468151,-4.160727250550931
2011-03-11,-4.214062366690627,-4.257832961539249,-4.359858396290431,-4.24789600666173,-4.272520301127578,-4.256045969893773,-4.364241696226774,-4.254844740467597,-4.267438090957664,-4.218827915236046,-4.272596553354691,-4.267328176800917,-4.272832739143485,-4.27220604745558,-4.272680285943428
2011-03-14,-3.4761899634592095,-4.295674840703736,-4.358821374769724,-4.285733453105995,-4.312380268102823,-4.294281111803966,-4.367979584825513,-4.291912686870669,-4.30415242023718,-4.273074378235715,-4.305287286704231,-4.302924363785829,-4.305287213023116,-4.304993157078834,-4.305359213533769
2011-03-15,-2.805373375626179,-3.8588673674082723,-3.9143248593311046,-3.8516643742425987,-3.8724157570348106,-3.8585707918703256,-3.9039660625555794,-3.8566025908956694,-3.8650572895316797,-3.8365640688745413,-3.865527566782363,-3.86375626098868,-3.8656140070583387,-3.8649897964202977,-3.865539550004392
2011-03-16,-3.9519896114706414,-3.3844946736632333,-3.565269091716436,-3.378020948924861,-3.399253020272728,-3.3849914185721044,-3.5993443099100193,-3.383008923491698,-3.3889685106992644,-3.371421847106206,-3.4104850789886583,-3.403360754041271,-3.4105051611587234,-3.409819370711903,-3.4105968060351515
2011-03-17,-4.2853563197249125,-3.9192631909790276,-4.060434499199924,-3.9109328933643535,-3.931106615426344,-3.9215583638821334,-4.083629382183501,-3.9162169743034414,-3.9225446253349276,-3.9263930037359795,-3.939164709133581,-3.9342300208272336,-3.9390853038483398,-3.9388399037833044,-3.9392299292202213
2011-03-18,-5.280150099747031,-4.077487290517703,-4.201916505886846,-4.062077004543517,-4.075563535274162,-4.078127636448908,-4.246397342280694,-4.0707755707172915,-4.077285013550809,-4.0547245071104525,-4.097471150835645,-4.094701576532024,-4.097538037642541,-4.097305878027862,-4.097577309516855
2011-03-21,-5.206837648725908,-4.575140089518769,-4.646270994635333,-4.564414915449609,-4.574202063193364,-4.572603739248958,-4.675090154502318,-4.570646484582294,-4.57512354426577,-4.557381391999963,-4.588498076993414,-4.585472334211,-4.588549287673592,-4.588777001085096,-4.588612449361002
2011-03-22,-4.564479051009515,-4.614580415591549,-4.711191528601391,-4.605486065606872,-4.616982901007534,-4.611615567062084,-4.727567970686432,-4.611702019333005,-4.616818270474309,-4.580053834810648,-4.629767378752468,-4.626334311362278,-4.629706671878113,-4.6300392064250016,-4.629866427107745
2011-03-23,-4.856712824773724,-4.512017114229063,-4.658935666788119,-4.504440551464614,-4.515516769998144,-4.510738213940561,-4.692650194254049,-4.509106644826859,-4.514018722868467,-4.496040869542031,-4.535653378093422,-4.531341203565117,-4.535639528373333,-4.535898628472355,-4.535790178032914
2011-03-24,-5.313824298526465,-4.729884793661902,-4.833715275292313,-4.7207845451718855,-4.732865267561592,-4.7277840099774044,-4.866470023736904,-4.7268870098694835,-4.7308985538953365,-4.712317940483844,-4.747769094151076,-4.743814974676917,-4.7478285787418555,-4.748136407406279,-4.747878426949027
2011-03-25,-5.471480407811626,-5.029815171211385,-5.112140438361104,-5.023364045241696,-5.038512859156316,-5.027551223315516,-5.121280437197388,-5.027959677728032,-5.034316529310385,-5.001192845043465,-5.0428268628225,-5.040618771532795,-5.042707505878486,-5.043157478650826,-5.04291963930409
2011-03-28,-5.2827086810268,-5.122869994207545,-5.20686143629787,-5.113507595583707,-5.129213279711566,-5.118858589535716,-5.222109136636509,-5.120334915440994,-5.128294612022679,-5.074861792408672,-5.136885876180335,-5.132106632524863,-5.136911807770875,-5.137360916780334,-5.137006706593846
2011-03-29,-5.434099336388897,-5.038886887295722,-5.11158970979829,-5.0339457906700495,-5.045445091842217,-5.038881222814515,-5.117111716900724,-5.037661066801767,-5.0430624210066215,-5.011971560839818,-5.049179029293326,-5.047910583998802,-5.0493040404606555,-5.049490189042258,-5.0492539433904025
2011-03-30,-5.522123185322483,-5.17794584396408,-5.1847789970626605,-5.173241212472738,-5.181768919423849,-5.177298962618549,-5.1852017110455835,-5.176926593016964,-5.182736810785444,-5.152241261304519,-5.179247065388676,-5.178636167413757,-5.1790811916563015,-5.179584288215778,-5.1792803083749845
2011-03-31,-5.287950158641941,-5.277361455012289,-5.294826893729809,-5.2712617484630115,-5.27834819786621,-5.27705607944446,-5.291097802535046,-5.275607040022969,-5.2806880674541485,-5.251922736810267,-5.279645700357557,-5.280502705169465,-5.279803872576872,-5.279950572120977,-5.279659740593676
2011-04-01,-5.66401196027386,-5.1684901626714,-5.197609092310854,-5.163654087054437,-5.177228688926954,-5.166846714061795,-5.21371811793165,-5.166790494521903,-5.1731626142999625,-5.148766650748762,-5.174063427027206,-5.1714873065383955,-5.174020573561205,-5.174443492489459,-5.174122257243821
2011-04-04,-5.281507254107098,-5.361630795932193,-5.353394257222917,-5.355161856354161,-5.365073325086527,-5.359199690097344,-5.379006693774441,-5.359089350993536,-5.362600999323982,-5.3429181273193205,-5.362713990883134,-5.36166365205009,-5.362664046933263,-5.363298726201586,-5.3627891479011875
2011-04-05,-5.382733038113536,-5.184157174770659,-5.231779612991003,-5.179318563989926,-5.187087576305865,-5.1802659783960765,-5.260966852695546,-5.181921915045273,-5.187969241541498,-5.167164619285219,-5.19381457112416,-5.190612223283843,-5.194039277726295,-5.194413838348619,-5.193936684448323
2011-04-06,-4.019645594000127,-5.236727730339776,-5.2397878395278985,-5.235463501723265,-5.2441486235092905,-5.232944371159225,-5.232356411254382,-5.2370222450470605,-5.2418691424831705,-5.1915995296521675,-5.237497460688008,-5.236972250146154,-5.237355799264306,-5.238036526164423,-5.237550944698061
2011-04-07,-4.7482606854318465,-4.42190756718898,-4.568181521279904,-4.4129164696796295,-4.425528021504765,-4.41898231044706,-4.616721197996863,-4.418298236009833,-4.423570300540026,-4.411125491120559,-4.446319473839179,-4.440357669292098,-4.44628337170539,-4.4464523236225215,-4.4464667576185475
2011-04-08,-4.821250725971195,-4.744439625128516,-4.91724782393763,-4.735717013309409,-4.748810928078989,-4.740297771164895,-4.951244884811787,-4.741276419286555,-4.747568252890875,-4.715264127529868,-4.771481249614763,-4.766160470018603,-4.771335392549744,-4.771698576000677,-4.771616505102732
2011-04-11,-4.581612729847705,-4.751741643006422,-4.890978136637885,-4.74600244360473,-4.7696681799106475,-4.7496843077511866,-4.890902866508236,-4.749233327010913,-4.7645722811127715,-4.733623535825847,-4.772230850217907,-4.7696446713385665,-4.772601396874559,-4.772349949805131,-4.772358366401199
2011-04-12,-4.664534476906301,-4.606399657744373,-4.698481741848715,-4.602034647810906,-4.612864516035497,-4.603146483926546,-4.694033665991117,-4.605415300419434,-4.612719818942236,-4.571869936905024,-4.619860167884068,-4.616618334180867,-4.619895470654201,-4.619768389483872,-4.619924318283315
2011-04-13,-4.671098594339184,-4.6197870553298435,-4.703467774585155,-4.609211975005587,-4.624249462936783,-4.616059346866703,-4.693672810144918,-4.616006654083395,-4.6239075669669365,-4.578133093967529,-4.63160592257017,-4.6291034623782785,-4.63158581146907,-4.631601877048982,-4.631630790724072
2011-04-14,-4.913878991810086,-4.6917915971549435,-4.794922493077373,-4.681278969594619,-4.701674014980989,-4.691727262528009,-4.80950639766215,-4.688033504812247,-4.696805855034642,-4.6729801808017335,-4.707925388118645,-4.70611479884087,-4.708131181480091,-4.708054191432133,-4.708012653461717
2011-04-15,-4.387016922844952,-4.859608086710213,-4.929501342054215,-4.845894674641292,-4.86557023444474,-4.860503519582519,-4.9653947108076775,-4.85387872651827,-4.861510108871504,-4.853720493192188,-4.873070328600077,-4.870162725316324,-4.872981471679011,-4.873353238332258,-4.8731786671581565
2011-04-18,-5.546561391167945,-4.584158465049929,-4.6568846150651195,-4.568657723890784,-4.587845198140864,-4.584416928663719,-4.674981295800535,-4.578605276588399,-4.585976360686219,-4.568896407354124,-4.596717573629854,-4.594096444510075,-4.596699626198318,-4.5966250527620955,-4.596786536724201
2011-04-19,-5.652950753164991,-5.194403557533918,-5.150065135709974,-5.176058488706936,-5.194345802259545,-5.191386208793892,-5.149122863298901,-5.187868482325231,-5.197106321374031,-5.153173169013358,-5.1895112204657,-5.19478636890595,-5.189859847509615,-5.189944686251583,-5.189505201025228
2011-04-20,-5.768390270167497,-5.296144244005143,-5.207086783353426,-5.279243986870996,-5.299046855569044,-5.29531868812969,-5.214760065196005,-5.290247484302554,-5.295912652773964,-5.2883934743383625,-5.286180095168536,-5.293761789149022,-5.286481525320505,-5.286783319120981,-5.286192903447241
2011-04-21,-5.764669541178769,-5.413621649949733,-5.328517107645638,-5.396174065037232,-5.415349359415042,-5.408472399971675,-5.331565182207089,-5.408686964644496,-5.414883771228228,-5.379301297146394,-5.403614634235962,-5.412698246775036,-5.40393935809244,-5.404489315645364,-5.40362341224815
2011-04-25,-5.589428556605309,-5.46641360073725,-5.449358642127589,-5.450227300051704,-5.473415515293922,-5.464888599262098,-5.456966661818416,-5.461565163753059,-5.4704282045876225,-5.445136533095988,-5.4660694718648415,-5.467808728695751,-5.466314832358236,-5.4670189682016455,-5.466093155462389
2011-04-26,-5.07951958078668,-5.513552982623315,-5.418659906105005,-5.504194635840086,-5.519175443151369,-5.512170152312043,-5.399312532394917,-5.51084927174232,-5.516439867874518,-5.502814555210334,-5.499384306814677,-5.50772380451145,-5.499847883112837,-5.49994440933076,-5.499356820587894
2011-04-27,-5.480599096733722,-5.22576097570218,-5.162025905564181,-5.216593331678131,-5.239517962141844,-5.225088525952504,-5.121541695291465,-5.224015949878191,-5.232465398492759,-5.196588963888976,-5.21402269624843,-5.222582538287011,-5.214443144510938,-5.214078487331197,-5.2139729447945165
2011-04-28,-6.325478685764197,-5.411594641552201,-5.29716998938976,-5.4015759698150765,-5.4303999943929675,-5.410091703650929,-5.282147683329601,-5.408529337213349,-5.423206779978139,-5.377318500853958,-5.395154210467185,-5.403280954163593,-5.395564316706089,-5.395620540895856,-5.395123115205601
2011-04-29,-5.228769678514677,-5.846551601514516,-5.611169727796369,-5.841236749629115,-5.861319079092022,-5.846456810186372,-5.595465017258154,-5.8450735734522095,-5.851280385270653,-5.849373514361296,-5.812639642636521,-5.824826668726194,-5.812911923746349,-5.813219570999683,-5.812518861662442
2011-05-02,-4.646313730242219,-5.2796986314245675,-5.228757762691018,-5.272167993012012,-5.295139054796185,-5.279035572187767,-5.215010013288006,-5.277248555760714,-5.2885890620811375,-5.276575188084836,-5.272040197652869,-5.277796828501868,-5.272229604937671,-5.272405655874501,-5.272036631535864
2011-05-03,-4.145306780504717,-4.914182374250583,-4.931728629835375,-4.903957651848114,-4.927572062502382,-4.916157728641772,-4.916893552269368,-4.9111934642473685,-4.923057546393715,-4.906194915074679,-4.916319488404134,-4.918489256999556,-4.9165629989738395,-4.91639767335918,-4.916321732577258
2011-05-04,-3.796247689627064,-4.563945632604228,-4.576461053172485,-4.559653259997888,-4.579218230784559,-4.564042221364299,-4.565398858205085,-4.562924768824023,-4.571230639854259,-4.551931552409766,-4.564551360643188,-4.567260678545247,-4.564599793519125,-4.56427472983528,-4.564578475631107
2011-05-05,-4.200959379403181,-4.248543046987615,-4.311636930408901,-4.243921764060599,-4.267961861468241,-4.248731751549629,-4.31488723317268,-4.248069740899289,-4.256516472853057,-4.2272521313209515,-4.257156522601696,-4.255185503043096,-4.257081978383106,-4.256695160252407,-4.257216249047984
2011-05-06,-4.871037429211738,-4.3702914187267945,-4.4467432330264725,-4.363742231879979,-4.38487811754572,-4.370198500648024,-4.4653857813314675,-4.3688116607450045,-4.376317295869525,-4.3499391509142775,-4.382008287004138,-4.378786901390585,-4.382113451141933,-4.381615001866766,-4.382077398261672
2011-05-09,-5.565158051964246,-4.682373656497033,-4.813571575886776,-4.671649607858413,-4.691063485371113,-4.681355001540366,-4.835067091611675,-4.679699917706909,-4.686335732637971,-4.652743824755467,-4.704292462615959,-4.699728792651008,-4.704228533373994,-4.704204249619654,-4.704405449260994
2011-05-10,-4.449606532793477,-5.0580681754766825,-5.103644858989007,-5.049336105634342,-5.068999850146323,-5.058174088617164,-5.1075551132488295,-5.0560611364878945,-5.063968064281258,-5.042112387091134,-5.066102447791448,-5.0666510878240985,-5.066294990750999,-5.066351696368277,-5.066165114664698
2011-05-11,-4.268153160011483,-4.534882381249551,-4.667040963843553,-4.524436509126539,-4.543267414696928,-4.533231551428637,-4.677541755634703,-4.53237248740235,-4.5390714869767494,-4.496694661697248,-4.55683096433528,-4.552088442577686,-4.557288963604177,-4.556883217820339,-4.556944574643488
2011-05-12,-4.297889014494763,-4.487855933563743,-4.585610634961372,-4.479975225258827,-4.4987523590189085,-4.486439386497185,-4.562371557972827,-4.486667278578166,-4.492287039160082,-4.435956522087416,-4.500780543339612,-4.504664511181134,-4.5008866847692195,-4.500714622584797,-4.500805145675795
2011-05-13,-4.534451452823892,-4.5085212401919765,-4.671054733025648,-4.502519472501823,-4.5211356003521574,-4.508973637869685,-4.681593415529503,-4.507357162135034,-4.512128523418257,-4.480641292708421,-4.532312967740398,-4.527103671161436,-4.532496782291819,-4.532169231360318,-4.532378811464514
2011-05-16,-4.265749818131068,-4.604088295946425,-4.709713848898887,-4.592459440209595,-4.6118021549718735,-4.604105853340182,-4.696279849184725,-4.601279898191342,-4.6076954067490945,-4.5698441901358855,-4.618400337262193,-4.61740573402917,-4.618654693749628,-4.618196057551238,-4.61843493658828
2011-05-17,-4.9747162474893,-4.4146924382294035,-4.493114336586865,-4.407361540718341,-4.426558549958641,-4.41454953133582,-4.481868149977807,-4.413436831421518,-4.417763429886574,-4.3819523537977965,-4.4246665987943565,-4.423636493191335,-4.424635535422507,-4.424396240141783,-4.424689117506333
2011-05-18,-4.4238934012098845,-4.784789638560867,-4.865158923353915,-4.775355755068663,-4.7976063319756665,-4.7848131926614865,-4.877494602985532,-4.781928238570396,-4.79063339621691,-4.752987144583907,-4.797031076230511,-4.795626408671433,-4.7971930183552045,-4.797078133296937,-4.797096714125175
2011-05-19,-4.671860508796146,-4.528666754883231,-4.739641705684372,-4.5196628959564595,-4.542355288941169,-4.528330157943466,-4.777591268896371,-4.525678873128359,-4.534221530643474,-4.5057586370146945,-4.5610933742696975,-4.55460764252479,-4.561095204657863,-4.560894008201431,-4.561257114069785
2011-05-20,-4.620478088871611,-4.669503543463005,-4.799878247541995,-4.66117865684322,-4.678048895116627,-4.669819914249572,-4.83465118526338,-4.665489217403705,-4.673969726829736,-4.652350424493417,-4.690110612834183,-4.684886660485481,-4.689962062562151,-4.69002708595646,-4.6902237971222895
2011-05-23,-4.829833226544535,-4.645449760353544,-4.813960491001224,-4.634263783848317,-4.654174013861764,-4.644668857618621,-4.842018554701322,-4.640826882068042,-4.650116987127945,-4.612848597224361,-4.671452850377894,-4.665551354495133,-4.671305891959682,-4.671344683923158,-4.671586745177761
2011-05-24,-4.776849011318735,-4.780581836973009,-4.89188978053454,-4.768791493539104,-4.786816508082373,-4.780058512483307,-4.900598260517095,-4.77690111765742,-4.784250617992681,-4.742158637992888,-4.797772454810529,-4.795145588373888,-4.797800923465032,-4.797785498804276,-4.79784245852305
2011-05-25,-4.637269524727684,-4.742441589440541,-4.8661213311066325,-4.725849043512539,-4.741927667920206,-4.744342204593882,-4.871686247651893,-4.736444987354609,-4.74468405746831,-4.7238126393822535,-4.7608540858248745,-4.755043805467459,-4.7611153803384925,-4.7607203467385695,-4.760899186668925
2011-05-26,-5.286406096992736,-4.683829954480437,-4.84237816526091,-4.672318280028472,-4.690639529224027,-4.684369294630343,-4.87547314089533,-4.6794245721640335,-4.686972457456306,-4.665426658340962,-4.709044735744545,-4.706125360641716,-4.709108573239482,-4.7089200493848695,-4.709156233935371
2011-05-27,-5.135132024055647,-5.030129912437906,-5.151709168108288,-5.018453197968073,-5.032178986874912,-5.031203202021672,-5.168457680957892,-5.025980792497206,-5.03207992550979,-5.00785983471478,-5.048462462337671,-5.045599339825687,-5.0485331322843265,-5.048758773902765,-5.048533328295072
2011-05-31,-4.263636326216019,-4.987572455922937,-5.107112207983849,-4.976884682910067,-4.993117097212845,-4.986856842393993,-5.1175142511776155,-4.984438306254457,-4.989413222715595,-4.958689980376396,-5.007086189200856,-5.003827112746115,-5.007085072946351,-5.007406417470007,-5.007165234220779
2011-06-01,-4.215739517356644,-4.509021017090251,-4.657517227635486,-4.496517042200758,-4.50982283364032,-4.510058804065634,-4.676445984015898,-4.505195106082829,-4.50940565475782,-4.479953193681936,-4.531594501949618,-4.529720398419423,-4.532172317836193,-4.531466820431077,-4.531657901150401
2011-06-02,-4.444628961144555,-4.435511948320832,-4.505892653812543,-4.424028371514056,-4.432086752464761,-4.434994847229397,-4.526506149703279,-4.43177006306894,-4.435568015522017,-4.40026344042177,-4.4463133880052075,-4.44482416263177,-4.446666817048693,-4.446076808190102,-4.446345643346017
2011-06-03,-4.602762258873256,-4.533011006488611,-4.642382454620483,-4.519505215243959,-4.534491120260842,-4.533789111808376,-4.658159421084383,-4.528723613065218,-4.534311814156394,-4.5174734004067645,-4.549818356577562,-4.549110076950344,-4.54979410462335,-4.5496291493963215,-4.54987313773002
2011-06-06,-4.917131346514518,-4.585170133738579,-4.6887336448110455,-4.567859369545126,-4.587430490314013,-4.583387469045466,-4.697773101010458,-4.58018625266252,-4.5862927478754525,-4.547244306279343,-4.601223748133867,-4.599143620031683,-4.601458464991817,-4.601008279293464,-4.601260657222914
2011-06-07,-4.261983552821694,-4.741269113249319,-4.8101763240022795,-4.727208680945262,-4.738225912948562,-4.740515588788062,-4.82569598465172,-4.73606999822409,-4.742062839282585,-4.703663270860569,-4.753307318967752,-4.7494852256278115,-4.753367592888644,-4.753297213911881,-4.753355759917146
2011-06-08,-5.054554882127292,-4.423150820691575,-4.54763372794433,-4.405374320882247,-4.428500332414102,-4.422871002691644,-4.561606557692766,-4.4172230814644164,-4.426025052091553,-4.382604156049942,-4.442507339850941,-4.441543327627736,-4.442425702497668,-4.442216117641442,-4.442567916328658
2011-06-09,-4.159292405247993,-4.858482753467751,-4.9283568865507235,-4.838503207914012,-4.8518301325373026,-4.858284158295699,-4.947543809637366,-4.850698267413168,-4.857109107336949,-4.840326916538555,-4.87144019403079,-4.871325493615087,-4.871408906738022,-4.871595298515805,-4.871491495738425
2011-06-10,-4.348365691048278,-4.392439412193668,-4.4927956072238295,-4.370669802737721,-4.387614310789907,-4.39201787999629,-4.515956410006761,-4.384167021635132,-4.39138380813015,-4.385332579665464,-4.4092812005906135,-4.406819259253529,-4.409296362875148,-4.408988822771556,-4.409305954058895
2011-06-13,-5.214248605392738,-4.466404351033541,-4.619536889072274,-4.447160303986031,-4.469639812681724,-4.4660675810516475,-4.624195244814524,-4.459819265627186,-4.46992367754604,-4.432478696572168,-4.489130886899481,-4.486328573468011,-4.489204117025626,-4.488907415137528,-4.489192113681516
2011-06-14,-3.8267754418692967,-4.903814262370046,-4.981360019798133,-4.8785006972768805,-4.892349830079072,-4.90292777782127,-4.983266382447912,-4.893824044817567,-4.904296055942239,-4.8651988523353955,-4.915971910739979,-4.921145094263168,-4.916405920964428,-4.915983255045808,-4.91596723529044
2011-06-15,-3.598901167987602,-4.184619491057229,-4.368433778031261,-4.166660059085231,-4.189419242068257,-4.185128698036085,-4.397989641414097,-4.176983984651989,-4.186969896110789,-4.174376662310938,-4.21376754607203,-4.2106373489865,-4.213733951816883,-4.213400999604628,-4.213856349982852
2011-06-16,-4.103066891428799,-3.9707957387916886,-4.17303606667804,-3.9535579109690016,-3.973619205363185,-3.973200610773252,-4.197398009856921,-3.963663718491608,-3.9736555302898684,-3.954796114598393,-4.001140782591357,-3.998027544228531,-4.000905841410549,-4.000765696002811,-4.001225131740391
2011-06-17,-4.480172064343214,-4.209469609471969,-4.351521338749263,-4.196844173726288,-4.218639495204814,-4.207958867711526,-4.348771295194067,-4.205659215629668,-4.21356188888787,-4.1793927241663065,-4.230195007859081,-4.2260870376116415,-4.230150286793035,-4.230057500517208,-4.230267845052384
2011-06-20,-5.358330260458677,-4.395693812644195,-4.586959604480193,-4.37573095638146,-4.393582391295668,-4.393834772722747,-4.600726771873949,-4.388328219083167,-4.39701845546705,-4.360141754659569,-4.425366026461127,-4.422542233570381,-4.425414345660458,-4.425103616758126,-4.425456709570957
2011-06-21,-4.751079353378709,-4.829696554664012,-4.888600662606552,-4.820653812473908,-4.840046092855149,-4.828005892981816,-4.909388786275955,-4.826124104086921,-4.83355767661649,-4.816446369510376,-4.839756916567097,-4.838579623357393,-4.839738391037341,-4.839926584238376,-4.839827765234661
2011-06-22,-3.165758647901335,-4.590427786072279,-4.736740799582505,-4.575620749409227,-4.592952395795182,-4.589762751376211,-4.763686839814872,-4.5848656263181224,-4.593477776774626,-4.5595871589196255,-4.614010022570095,-4.6103076436159816,-4.614007086874915,-4.614149981864905,-4.6140883781503925
2011-06-23,-4.086000614230092,-3.742899405955221,-3.8198808237191524,-3.7405347489089014,-3.755554333931665,-3.7422339370483435,-3.8478219045224202,-3.7420009494691326,-3.7456449865776458,-3.743555450738945,-3.7557695874987376,-3.751236553567219,-3.755642742496093,-3.7556480655294133,-3.755840542303212
2011-06-24,-4.469922069135396,-4.1810783075312665,-4.372764537971531,-4.169842176464907,-4.194570908653629,-4.181273930137523,-4.417436961873971,-4.175806707635879,-4.18428954459957,-4.182009377182518,-4.212707428298929,-4.208233080923349,-4.212797735333852,-4.212590721002361,-4.212852138290883
2011-06-27,-5.1046411636841835,-4.363398635990156,-4.514711282091062,-4.350065776288417,-4.370479558340403,-4.360480698758999,-4.551102944773587,-4.358183408430907,-4.366019095492661,-4.333570592235552,-4.389052580945117,-4.3816977684446154,-4.389021379316124,-4.388976753315839,-4.389176140691226
2011-06-28,-4.9290109937320095,-4.667037017302548,-4.81386822332341,-4.655786435092331,-4.669272887869699,-4.666683394051384,-4.839277881016622,-4.662459564208403,-4.668695053815675,-4.6458727877183135,-4.690931834573408,-4.686134254672448,-4.690926479796691,-4.691048497353373,-4.691023922408694
2011-06-29,-4.557578605032793,-4.587330595321506,-4.679707395789223,-4.577618879282924,-4.576893032304764,-4.585118607755105,-4.695346320326782,-4.58434194743365,-4.5870176453238525,-4.514701022538016,-4.6024953103280675,-4.599830320530426,-4.602504408944757,-4.602579665787354,-4.602550379327561
2011-06-30,-4.92303963485267,-4.555098943686477,-4.736096423014628,-4.544747608250061,-4.563020091270135,-4.555287757526551,-4.765716545120549,-4.55159476879676,-4.556858205090306,-4.5292581397359895,-4.584027220938,-4.579734388046034,-4.58420872494684,-4.584079816559232,-4.584123094020214
2011-07-01,-4.788084481727463,-4.79794859719895,-4.85796494931751,-4.790058175008005,-4.812351894224667,-4.7975894191246224,-4.872063891812467,-4.795455659191062,-4.802140076747056,-4.780353104129655,-4.807343278772469,-4.805802349701011,-4.807245681669094,-4.807479060971709,-4.807384113677322
2011-07-05,-4.834988170225508,-4.757930777399321,-4.885299663192202,-4.748686620883849,-4.763257648208658,-4.759024005181356,-4.909939768833043,-4.7554999062280165,-4.759892735875258,-4.7480230315434495,-4.778524098439558,-4.775795062533778,-4.778604574077976,-4.778686293522957,-4.778610664306731
2011-07-06,-6.022304600773399,-4.768590219071495,-4.910792534596187,-4.7573297727226045,-4.767039389333409,-4.769035316957759,-4.940956589484015,-4.765233646301997,-4.76905090885397,-4.755003663724199,-4.7923862952575496,-4.7888493054310075,-4.792315509523823,-4.79257867768027,-4.792495762388711
2011-07-07,-4.771932527887915,-5.387058854029742,-5.349500006280164,-5.380638171769512,-5.382777144330413,-5.3871652532272,-5.352024457253617,-5.384628549435529,-5.38769977712834,-5.368286802235892,-5.382137186571758,-5.38548433962374,-5.382558950209274,-5.382389163619649,-5.3821383116474
2011-07-08,-4.420876515096083,-4.799156071638752,-4.901637573725712,-4.794006797700269,-4.806251734292781,-4.799064358933659,-4.927174706132751,-4.797547902278118,-4.801226842567984,-4.791042087433223,-4.816181926090361,-4.813112664760705,-4.8160957456409905,-4.816376149323392,-4.8162705830683485
2011-07-11,-4.065335120255613,-4.589699756093197,-4.725980631877694,-4.581969832703511,-4.598294619628775,-4.589793156257447,-4.752971957780059,-4.587602154094592,-4.591650914798286,-4.581343343840983,-4.611976528530825,-4.608297336025929,-4.612179025832055,-4.612153539916323,-4.612086068650327
2011-07-12,-4.526866172686514,-4.348821955337643,-4.411721239678853,-4.344057074283228,-4.355630207697511,-4.349112345543112,-4.438447043480047,-4.347210748151632,-4.35059864618758,-4.3536437707132265,-4.359218389014337,-4.358512008061508,-4.359447855327025,-4.359204953470853,-4.359279638278066
2011-07-13,-3.7887225358024232,-4.556523666436332,-4.66996083445855,-4.546492898416482,-4.558284421079113,-4.5568577413603215,-4.704268930319778,-4.55300145171314,-4.55734252572102,-4.5555407833217165,-4.575380050733737,-4.5711142274070795,-4.575208586822552,-4.575459962765903,-4.575453912349683
2011-07-14,-4.122943372949141,-4.0913085318477505,-4.220346738044102,-4.084283808980411,-4.099073149548105,-4.090863272694967,-4.2617289208287845,-4.089028079224521,-4.092896665506909,-4.073544548274866,-4.113288421967547,-4.109551996381027,-4.113488399862188,-4.113215097416721,-4.113398298366026
2011-07-15,-4.49705485125633,-4.214545660632541,-4.3857098419688745,-4.206969553665897,-4.220457068595108,-4.21453982666306,-4.436819948115242,-4.2109538569605265,-4.215367409022582,-4.218496413394261,-4.244102832349852,-4.23658290707561,-4.244142830591373,-4.244058393149244,-4.244252177407281
2011-07-18,-4.809805249666655,-4.403857093344847,-4.504080667801783,-4.389861720696095,-4.411410724072255,-4.403894355016563,-4.5433318296721135,-4.398551592327223,-4.40525390683593,-4.394679115339782,-4.422079577829288,-4.418106312215863,-4.422148707462962,-4.422087210833988,-4.422163752225064
2011-07-19,-5.128617900908723,-4.604753094095821,-4.663270227680434,-4.587205324895837,-4.602617790172219,-4.604722310380395,-4.7048854571716126,-4.597289674982372,-4.60259875212249,-4.603496881514826,-4.6166991137462245,-4.617403617288785,-4.6169352144580325,-4.616721281946029,-4.61674128390089
2011-07-20,-4.259161677041394,-4.788643478068082,-4.827885637931957,-4.7770854982249356,-4.787706042523345,-4.788653812306494,-4.859362673539294,-4.784167107358015,-4.787336957417153,-4.7786155416978175,-4.79715665141069,-4.798657461810098,-4.7971578708852896,-4.7974456000918995,-4.797205749062827
2011-07-21,-5.176601396631065,-4.411748518461431,-4.466367735737469,-4.403026019816346,-4.413719260576971,-4.411700886696083,-4.512412376184435,-4.408187059999457,-4.409407299834551,-4.4077914125746,-4.423345364368742,-4.420518183579459,-4.4232835717101535,-4.423348923262769,-4.423423863258923
2011-07-22,-4.791590521750685,-4.91871737966781,-4.9984894642923114,-4.906889631751932,-4.9234529930795174,-4.919367323683769,-5.028359357651348,-4.914405520123434,-4.918759274267816,-4.890382226236836,-4.933692356292775,-4.93014447144384,-4.934049277800282,-4.934125639000027,-4.933813162023424
2011-07-25,-4.929055671501099,-4.7540659787857145,-4.921109526768591,-4.738219006386343,-4.761759167443971,-4.754008307037106,-4.952355587322021,-4.74775896702584,-4.755029732472501,-4.739856400184755,-4.782136830679787,-4.777291022201519,-4.782141760230034,-4.782369253890291,-4.782263959340792
2011-07-26,-3.8538943195051094,-4.8506713325175985,-4.914583218415482,-4.839378388552089,-4.857479791781326,-4.850968825756638,-4.914538135600462,-4.846643771096922,-4.854955416119677,-4.833884086485633,-4.8609123405168875,-4.862835740457136,-4.861210587363723,-4.8610430536234785,-4.860944691344373
2011-07-27,-4.52777794536219,-4.231349460243586,-4.323533627503178,-4.224907475893418,-4.248493971857566,-4.231590125664563,-4.338434104687057,-4.227815116104833,-4.236750300045961,-4.228107228964296,-4.246757496140251,-4.245640575102069,-4.247040189139554,-4.2465011539653545,-4.246858268902427
2011-07-28,-3.538565035964533,-4.575139723800995,-4.5714544116745905,-4.56665837086022,-4.603088461112406,-4.575262162890248,-4.592821892921366,-4.571176954647766,-4.583271198962387,-4.595690575349428,-4.575858538078011,-4.581381586946558,-4.576168183008022,-4.575793395376789,-4.575899934927377
2011-07-29,-3.312396734982378,-3.969367681756725,-4.017099404340328,-3.96208317789129,-3.9884653661651823,-3.9696340108340533,-4.044417733493479,-3.9663769701453635,-3.9736593346850215,-3.98039673548649,-3.979223632815112,-3.9765238750453493,-3.9794458313321726,-3.9789214519623735,-3.979287066668034
2011-08-01,-3.7658488482017174,-3.742580276880242,-3.7589187270024365,-3.738296266686872,-3.7620628674292806,-3.7425688888007405,-3.7913677647526565,-3.7401088310677846,-3.7454813740556943,-3.7729253270379055,-3.7473852064509714,-3.746077722722319,-3.747437891555479,-3.7470239560730225,-3.7474423042975715
2011-08-02,-3.0658374776545494,-3.9097662090425436,-4.00103167116865,-3.9023333659449744,-3.9255848972255905,-3.909764365173903,-4.032743502155461,-3.906538969802225,-3.9127099431903902,-3.932819979585278,-3.9265476438886693,-3.9244718048144294,-3.926481842434379,-3.926251953410272,-3.9266584383074132
2011-08-03,-2.635870797949467,-3.4907753224746663,-3.475806342395486,-3.4893231259943525,-3.506685369591515,-3.4907451303850103,-3.484381165084436,-3.4904845487467284,-3.4934010874931936,-3.5069640561995983,-3.48928963782865,-3.4908440956475335,-3.489268845636928,-3.4889235589619,-3.4893370486953996
2011-08-04,-1.4468710594427279,-3.142956148987353,-3.214774335263584,-3.142178865133129,-3.1643610531731827,-3.14295441016109,-3.2245599508149936,-3.1432152787353624,-3.147911401289277,-3.1418566387105855,-3.1546228488343777,-3.1507982905091443,-3.1547966563504986,-3.154175961664862,-3.1546925885363577
2011-08-05,-1.384716710402242,-2.266980937381679,-2.253630936189967,-2.27529330938339,-2.2958809083229235,-2.2677299697326587,-2.2416383788868344,-2.2710189709803315,-2.273903998700917,-2.2499451964817276,-2.2641333310559024,-2.2620483198737276,-2.2643234434206354,-2.263722938773974,-2.264158669271969
2011-08-08,-1.234368726402969,-2.043778254938966,-2.0987823671840395,-2.0459100593410873,-2.0569456041639365,-2.043403380227699,-2.109514412843934,-2.0447916149728083,-2.0452497992961587,-2.0398146956701066,-2.0530796729352865,-2.0491270811280593,-2.0530932887994395,-2.0526669416886034,-2.05313598014298
2011-08-09,-1.7234644034580104,-1.8064527737130684,-1.7517992775805817,-1.823899784693846,-1.8233468835760152,-1.806435902130672,-1.7642802395094477,-1.8132289888102617,-1.8089130149892139,-1.8209600205272947,-1.7978208706598082,-1.7958291784301366,-1.7977999420506783,-1.7975019241329189,-1.7978466298692235
2011-08-10,-2.131987318319669,-1.9863928606510657,-2.018552639637243,-1.9968413903600337,-2.002531951411665,-1.9863805149565466,-2.031663881327326,-1.990205592761874,-1.9894896409510041,-1.998046416260174,-1.99123922707693,-1.9872813845079516,-1.9912343056805208,-1.9908516231650684,-1.9912891292323138
2011-08-11,-2.6746684702184784,-2.167253306018159,-2.2844660105375745,-2.1729696283227797,-2.183562433462671,-2.167295499081724,-2.3171976319672667,-2.169580192204866,-2.1708614273781257,-2.1728564305891527,-2.1866112061320453,-2.180130918237682,-2.1864698943607648,-2.18609679222792,-2.186706201563112
2011-08-12,-4.038392568671007,-2.489087466408546,-2.644069679010327,-2.4888920314902037,-2.498340559901487,-2.4889919919981582,-2.6906786985629654,-2.4881021287468803,-2.490716763980676,-2.5018489959171903,-2.5158668953232803,-2.5087045551069567,-2.5158207309027394,-2.5155389644633237,-2.5159976736539846
2011-08-15,-3.1166335986607305,-3.279771607820832,-3.466202321497178,-3.28047628942687,-3.284656465770579,-3.279584198876911,-3.50414103768057,-3.2799135709605354,-3.280892452928609,-3.274919668734791,-3.3113933634649784,-3.3062038076314386,-3.311205673642586,-3.311462350463907,-3.311546679207084
2011-08-16,-3.5742853657594797,-2.948511275780311,-3.145286690556156,-2.9547512928923783,-2.959779765264637,-2.9482633523811113,-3.1884333214289535,-2.950900452882995,-2.950897867199885,-2.9381983109520733,-2.9810936262549386,-2.9757704400348404,-2.9811885042606625,-2.981117625431289,-2.9812610966904813
2011-08-17,-2.4551129382846857,-3.3100328536362142,-3.5410066353054965,-3.313323501348894,-3.3172122392160914,-3.309341891166304,-3.5969105178998997,-3.3110464544890013,-3.312087632882176,-3.2964056661747305,-3.3494394752119834,-3.3424036022248713,-3.3494035288014445,-3.349644602365406,-3.3496432566724175
2011-08-18,-2.5765004954616577,-2.7764427423503397,-2.8576643818311465,-2.791367132498402,-2.789557900921018,-2.775904870036303,-2.887031214588631,-2.781061736471093,-2.777943742693624,-2.7770415216293287,-2.7900353518000647,-2.78261180490321,-2.790577356460812,-2.789935551047085,-2.7901465244481183
2011-08-19,-2.914185805146174,-2.8214758908705173,-2.8974493010319677,-2.8302896313190784,-2.8350520276796685,-2.819858748457372,-2.912308799740391,-2.8246100266608476,-2.8229762965842498,-2.8094008535803097,-2.8329360356936415,-2.827378235973838,-2.83299343567644,-2.832807515787731,-2.833008667997487
2011-08-22,-2.8725985720044473,-2.946388732338069,-3.115802052413728,-2.951326743660123,-2.9557252833061556,-2.9436202250514696,-3.136955969278538,-2.948420672603562,-2.9475935282715247,-2.9199148310013734,-2.9743367191906724,-2.967948156860148,-2.974215116671881,-2.9741871811665583,-2.9744556511734497
2011-08-23,-3.1969194731080584,-2.908547645472893,-3.03466487158317,-2.9106331009999145,-2.9131789522269096,-2.908407859789999,-3.070314494183891,-2.9090442599675987,-2.9085887700211353,-2.901471163185949,-2.930306665135668,-2.9276185332469526,-2.9302804859922373,-2.9302355454012163,-2.930408537424398
2011-08-24,-2.6753761346634586,-3.0565056687840335,-3.1597544201191123,-3.057798464417527,-3.0657525677210993,-3.0528116254185846,-3.1844441616828636,-3.0570845722689266,-3.057647204088487,-3.0268327421403587,-3.073953498427126,-3.069573055746264,-3.073939123248245,-3.073868945909717,-3.074029447651967
2011-08-25,-2.4671040620311993,-2.8057412718360117,-2.947343673328805,-2.805071598820521,-2.8076668522706703,-2.8051966744925987,-2.9919572962590557,-2.8049010986649288,-2.80563637087165,-2.7980203670535304,-2.8312716267544613,-2.826019186224431,-2.831151493257606,-2.8311631983612267,-2.8313827692816655
2011-08-26,-4.416805446139551,-2.6864637345751934,-2.8050729960339216,-2.6942252254489674,-2.6988909432112633,-2.6851959496132234,-2.8505518215161425,-2.688378567604294,-2.6873604288684283,-2.697066614520837,-2.7076136054277726,-2.700175249025223,-2.7074846844670035,-2.7073172933236895,-2.707746577009
2011-08-29,-3.1840602483735103,-3.7096476244949503,-3.9165741688262146,-3.708851849948122,-3.713493936015183,-3.708280355095299,-3.9544832111089945,-3.7099307985754972,-3.7100753847655374,-3.682705110881383,-3.7457608079032174,-3.74193921315061,-3.7457717491984677,-3.7460074517686195,-3.745900376234078
2011-08-30,-3.3764353597176413,-3.1103042613977747,-3.252902302922589,-3.1105086901007644,-3.1231152223642122,-3.1066185795157906,-3.2749491059048186,-3.1110323577853185,-3.1118352264486036,-3.080845002493596,-3.1347343382380117,-3.13110423639497,-3.1347943785845396,-3.134800604557166,-3.134844676431938
2011-08-31,-2.8780053044552276,-3.2152345089816334,-3.3889143971274778,-3.218557725664537,-3.2309209684589844,-3.211323198642218,-3.4218194017587376,-3.2163539888613357,-3.216779826997825,-3.2025561215706877,-3.2450143921569397,-3.236501766940987,-3.244862573891841,-3.2451837361639497,-3.2451580505664603
2011-09-01,-3.629925267779368,-2.9800095912500253,-3.1490445078694576,-2.9854073231480194,-2.99854490905022,-2.978708855662523,-3.1962833460705826,-2.9810994843660565,-2.9808185905210878,-2.9863093064106145,-3.009667980480523,-3.000804671289707,-3.0095051024074397,-3.0097715327559293,-3.009825837465115
2011-09-02,-3.4376867420388195,-3.446445787252492,-3.630912609778832,-3.449335707189404,-3.459286738006117,-3.4428312989558822,-3.6624990687654915,-3.4473160044527034,-3.4471764812886594,-3.4186591793788823,-3.478473107562714,-3.4695465470803093,-3.4784136911170394,-3.478718172406325,-3.478600297671729
2011-09-06,-4.134319426105742,-3.3202122256823743,-3.426982007021012,-3.325615220261109,-3.331938488489854,-3.3167140805099073,-3.4413446620589587,-3.3219062231572822,-3.3207986612998153,-3.3025152275563525,-3.338409941269521,-3.333329763559326,-3.3388349544878855,-3.3385877068494416,-3.338493427499538
2011-09-07,-3.129648812917646,-3.7303326585387206,-3.88515979257196,-3.726601943563959,-3.7369153630753016,-3.7279832399262216,-3.903676110165228,-3.729749413906666,-3.730797448742923,-3.711593515391376,-3.757572099602238,-3.7530049063408057,-3.757909976577774,-3.757825290600116,-3.75766683477529
2011-09-08,-2.7319975141221895,-3.2333412675554043,-3.3605944991110577,-3.2319588086724047,-3.247747545648698,-3.2323082974115898,-3.3829762292575762,-3.233271641079841,-3.2350095154745517,-3.211437168022819,-3.255411585751021,-3.2533679150344392,-3.2555579306737545,-3.2555239868053203,-3.2554775915780496
2011-09-09,-2.76916832227223,-3.0436552257395757,-3.1345674473905736,-3.0434739823304118,-3.0562724785259388,-3.040276717652392,-3.160562186098772,-3.0437714987614544,-3.043773751685569,-3.0334604499749944,-3.060407753785271,-3.055962034283156,-3.0603684026944236,-3.060428976044771,-3.060479938721477
2011-09-12,-2.8251723843553496,-3.0206143286321017,-3.129636865221717,-3.019557770092349,-3.03319295224355,-3.0171626329675956,-3.1645321956507617,-3.01992451348913,-3.020936327574872,-3.0213638288345317,-3.0408442876453687,-3.0352632614862562,-3.0408123474916393,-3.0408004566614775,-3.0409378729755
2011-09-13,-3.028623410414382,-3.0204789723560257,-3.215246379368282,-3.0149552489123077,-3.0297806187668734,-3.017699781551541,-3.2616467233302338,-3.0188231621084567,-3.020600410995796,-3.000942809296611,-3.0548836829963006,-3.0480447911147532,-3.0547688566698503,-3.054782241645435,-3.0550018883751133
2011-09-14,-3.5627742910961318,-3.0869128081470656,-3.1943571973113127,-3.0853428031550467,-3.105903476441844,-3.0847335896111234,-3.23746634776632,-3.0863091461927135,-3.086766916054778,-3.095270729398262,-3.10692495684806,-3.1011386339346254,-3.106711038036651,-3.1068822929561195,-3.1070366301226726
2011-09-15,-3.7412599528593864,-3.368456597188626,-3.5415457510742936,-3.365923028694072,-3.381436275666886,-3.364700595192109,-3.5807142137426964,-3.368017807448342,-3.3684188625818763,-3.359083754804992,-3.3997161862650995,-3.3975750233318216,-3.3998149266524327,-3.39980745817575,-3.399849262929181
2011-09-16,-3.4042091501499483,-3.5125921702325433,-3.655184005718598,-3.50787464247383,-3.519480706645487,-3.5121036957493463,-3.7128425892096373,-3.5109074225128145,-3.5126710270685533,-3.515109482644071,-3.5393128025989955,-3.537534457023235,-3.5392924563193886,-3.5395244979531504,-3.539440482206819
2011-09-19,-3.442260403965099,-3.387230044689235,-3.563518553917813,-3.3853461189499803,-3.4014454686426903,-3.3837857816695096,-3.5990543146081095,-3.387031567977503,-3.387686884517844,-3.3693689470868553,-3.418274377334899,-3.4115797120950804,-3.4182174640655085,-3.418490899075737,-3.4184081798062915
2011-09-20,-2.5718101960969912,-3.460245167270122,-3.614356596480241,-3.4602469825392985,-3.472318128861162,-3.4583129974550246,-3.6565294503537196,-3.4606936013072387,-3.4606136841269133,-3.44763856418186,-3.488141825607314,-3.4823646758032094,-3.488171795087997,-3.4884189684355555,-3.48828193879812
2011-09-21,-2.4529034038941995,-2.9793263669657977,-3.098485573945026,-2.980177059474302,-2.989147460355481,-2.9779775085334923,-3.1261770144530434,-2.9800771658140945,-2.9797612602219083,-2.9609579485270587,-3.000301835616796,-2.9983740282628806,-3.0006763761484536,-3.000094163930644,-3.00038964552601
2011-09-22,-2.6954594610559988,-2.8351384440982392,-2.7677469101340524,-2.845122690883352,-2.8551806622738853,-2.8333070936412676,-2.7583889041324774,-2.8385980274255673,-2.8368085670830303,-2.8274692121854965,-2.822233972818093,-2.8249419041156862,-2.8224443379859037,-2.822045556708015,-2.8222274102404636
2011-09-23,-2.9289286632524933,-2.9056334115630724,-2.961420427233894,-2.9087590745571426,-2.92592375343787,-2.9034256253219906,-2.963616922478864,-2.907401656201355,-2.9072573888924693,-2.881830693324144,-2.9139338328125746,-2.911196108700884,-2.9140423854630355,-2.913618644554831,-2.9139735715108803
2011-09-26,-3.1844254160118175,-3.000476819190062,-3.0234430381267647,-3.003308667091674,-3.0199550008936273,-2.9990638450698293,-3.019208902112224,-3.0025790294978365,-3.00333080302212,-2.9611372823744495,-3.003037448252266,-3.0002755821450404,-3.002970560932462,-3.002692490314585,-3.0030750027074067
2011-09-27,-2.906644167871682,-3.1234926137323478,-3.229271971284321,-3.124755677417662,-3.135401486800964,-3.122948333564555,-3.2424139417774507,-3.124895296354774,-3.1254860265699436,-3.0855469809989713,-3.1403924517782746,-3.137633799333818,-3.1404561941110565,-3.1401751710219243,-3.1404456888433687
2011-09-28,-2.5890557754952415,-3.009946489964331,-3.088635271674598,-3.0101081652510957,-3.0289116267027754,-3.009807964253068,-3.0957832155485163,-3.0109032542780545,-3.012519102088246,-2.9829127252457144,-3.02244991021064,-3.0177428681068514,-3.022401014309957,-3.0221432313056975,-3.0224950910398527
2011-09-29,-2.6291122678747882,-2.8521842144282017,-2.895934691450109,-2.8552323139014404,-2.8691098075042447,-2.850108601467322,-2.890123852720459,-2.854273276769301,-2.854037060983136,-2.8081906362213536,-2.858405443314342,-2.855336630601627,-2.8584175290285243,-2.857910007644132,-2.858431257650884
2011-09-30,-2.325634882805743,-2.862790180851613,-2.965633023525591,-2.8720485812680594,-2.8840364733380484,-2.8602418636551428,-2.9892018892452015,-2.865927683032836,-2.863395579999172,-2.847824490021751,-2.8797836074829886,-2.872144459752147,-2.879724701978393,-2.878984826309657,-2.879871299096706
2011-10-03,-1.8591121501845258,-2.6594788462117624,-2.674679042846733,-2.6637364153172483,-2.6737105711964744,-2.656636008423096,-2.6804681625630917,-2.660967460609171,-2.6598983236161735,-2.645140712176326,-2.6622676847886115,-2.659978210142355,-2.662405186040811,-2.6615638627297304,-2.6622910758983562
2011-10-04,-2.8729036849077465,-2.323989271265587,-2.309723131297935,-2.3293684078297243,-2.3403468859771177,-2.3201681878002174,-2.298275930545779,-2.325570707518767,-2.3245418976170966,-2.3025254839803515,-2.3204450437242117,-2.3202919634494057,-2.3203624155060747,-2.319812441626018,-2.320444063840463
2011-10-05,-3.0523604242103253,-2.828247553672021,-2.8057885279856287,-2.832017543848928,-2.839404818497784,-2.825525509389832,-2.7664169159606,-2.829949372212433,-2.8292688833853945,-2.7905978118023302,-2.821924554905403,-2.8248431013982866,-2.822386932729413,-2.821644666686229,-2.821876305877623
2011-10-06,-2.980405178325971,-2.9360251330811273,-3.006251778813444,-2.9291544678017516,-2.943171605211889,-2.932112984862729,-3.0017849379758976,-2.934681833276682,-2.9365512489433017,-2.885040445414708,-2.947825736572497,-2.946532972192341,-2.9478337343355716,-2.9475458516605104,-2.9478255845927577
2011-10-07,-3.814813242899531,-2.911521260526307,-2.9608063960551343,-2.9079553490240544,-2.9248986096380833,-2.9087953688091512,-2.960802715001116,-2.9108953785775435,-2.9121191643191304,-2.888840868413409,-2.919172356038438,-2.916552697487962,-2.919191842115015,-2.9189009862751782,-2.919186532524234
2011-10-10,-3.5474576405884677,-3.3958485991838705,-3.5447614677086006,-3.391960895035071,-3.4022764245673818,-3.3941349291664746,-3.561030934755859,-3.395228897800064,-3.3958604694055574,-3.368401953150854,-3.421295404421725,-3.420884833385263,-3.4213782829696537,-3.421279704504243,-3.4213582733226735
2011-10-11,-3.7644526369183344,-3.4097690665672626,-3.5223855678035316,-3.403776487387136,-3.413677404741704,-3.4082081857995923,-3.5348615559473546,-3.408901869969223,-3.409857851741345,-3.3646941145586213,-3.4290700424665133,-3.4274495480016034,-3.429125190252172,-3.4292103239805485,-3.4290974512981554
2011-10-12,-3.5025875965102764,-3.576824195641898,-3.5991456991922357,-3.5751805278045015,-3.5811604765270015,-3.5763115110374493,-3.60307139100901,-3.576588021600225,-3.5771569235104557,-3.547395286825703,-3.580214248516673,-3.578663448334807,-3.5804587901292755,-3.580509662599654,-3.580212377977859
2011-10-13,-4.061451728161753,-3.479731226915209,-3.5212261257908706,-3.4758141344410096,-3.4885994556847804,-3.4783230419065085,-3.517048507742281,-3.479441610106051,-3.479807072910763,-3.440589957078836,-3.48643563597617,-3.4863719497162355,-3.4864938932100853,-3.4866293427826465,-3.48641723928656
2011-10-14,-3.821636362234711,-3.8383083788674877,-3.880584499267726,-3.8322647978645126,-3.8412732401960024,-3.837479593916572,-3.8902500504871154,-3.8372635522338223,-3.838494951326381,-3.802855255397841,-3.8453668197559723,-3.8432528766818637,-3.845445414685003,-3.845810382179351,-3.845385389752738
2011-10-17,-2.8730255834713962,-3.7179493829647554,-3.7639057248795287,-3.7164453715552797,-3.726890956039189,-3.7163103957050305,-3.776883162303343,-3.717874031331989,-3.7175362273103705,-3.6911232806223,-3.7262454716998312,-3.724390143180347,-3.7263934005388406,-3.726545606454807,-3.726261986974237
2011-10-18,-3.4140646723093555,-3.172457995567465,-3.203899602851648,-3.170202994582321,-3.186305799601687,-3.1699085958732898,-3.203816620008695,-3.172259195779367,-3.1721536754450104,-3.1328876204469824,-3.1766958490253487,-3.177012009883909,-3.176790216461804,-3.1767195526962917,-3.1767001387846903
2011-10-19,-3.046120638131725,-3.428467889958266,-3.4726036138387926,-3.4211227662594417,-3.4341837225114236,-3.427752835647719,-3.485496636434465,-3.4271722175610018,-3.4287605226970657,-3.3855495225644257,-3.4362405390582937,-3.435699209959789,-3.436287668780591,-3.4363819214562517,-3.436263395321176
2011-10-20,-3.9001420859609786,-3.2089416947361267,-3.26867462760955,-3.2065793392093003,-3.2196218765930475,-3.2061756263153782,-3.2678351356296473,-3.2087826147535723,-3.209073435471565,-3.1579090086052197,-3.2181229345883136,-3.2177866995940683,-3.218274556215771,-3.218079091738837,-3.2181369194840723
2011-10-21,-4.315065556631211,-3.643534288942619,-3.736979659293677,-3.638151110042233,-3.653616711620072,-3.642333319208937,-3.763535816467683,-3.642650038835371,-3.643943665544245,-3.6142227182208226,-3.659778404297669,-3.6574820608908905,-3.6600032726054312,-3.6599396092659555,-3.659827859172916
2011-10-24,-3.433294385589779,-3.8790343884451697,-3.9097085248822365,-3.872549893479868,-3.878076367389014,-3.879697566186988,-3.9137416334555355,-3.877984287730873,-3.8790154604732496,-3.852858331408564,-3.8843026023689027,-3.8854705881606657,-3.8844526454438015,-3.8845725703763097,-3.8843241127077515
2011-10-25,-3.1587503491902735,-3.482512352017802,-3.5714036195972585,-3.483538254974988,-3.5012756715998155,-3.4825925518848284,-3.546577139592987,-3.4839785549242857,-3.4844403903151187,-3.4442531473067484,-3.493819621966222,-3.4961379282593925,-3.494118851896845,-3.494085401617334,-3.493812534691969
2011-10-26,-3.6594282932916657,-3.32623723436136,-3.3562423770522796,-3.328274325226651,-3.346846408688469,-3.326448812005142,-3.357607471427457,-3.327484483865973,-3.3282631628750052,-3.305676992816019,-3.3300600461284855,-3.3308097999662527,-3.330300104883965,-3.330007841179046,-3.330077249412239
2011-10-27,-4.14454515331523,-3.626011841138565,-3.5736433669628007,-3.627633179513023,-3.6419682856339888,-3.626454189726637,-3.5752925368559496,-3.626381693143237,-3.627114463523963,-3.6142229973876168,-3.617401823869495,-3.6232704991325617,-3.6175788831036892,-3.617523381790045,-3.6174030074826575
2011-10-28,-3.9219419932305026,-3.8874454005720174,-3.8614966822319,-3.8843444224090016,-3.8988079212512106,-3.8895108657384365,-3.8603849598358897,-3.8869551144365686,-3.8887778700785947,-3.855949864174937,-3.8841616593041777,-3.889584954396356,-3.8844333150331365,-3.8844669386763893,-3.8841345796809583
2011-10-31,-2.395352721973653,-3.7695310400987885,-3.800823551150291,-3.769917070269259,-3.782056620336584,-3.771046251983515,-3.798239638551824,-3.76978753881517,-3.771095867996403,-3.7309909147635767,-3.7743909261412116,-3.7750094903408735,-3.774790486004024,-3.7746725810939448,-3.7743820756489055
2011-11-01,-3.263144843796413,-2.8890752837096776,-2.950556730607287,-2.887065849247623,-2.904119516388525,-2.88965449750213,-2.9523308144366074,-2.888743930675944,-2.8906840534941693,-2.855660895217437,-2.89824201872212,-2.8979644326739074,-2.898538730487182,-2.8981248499858294,-2.8982587334566237
2011-11-02,-3.370753160803425,-3.343279703390919,-3.455862980924945,-3.3391378323557057,-3.3537864488590157,-3.3439201914854073,-3.4853296899896806,-3.342169215705308,-3.3442473524602505,-3.325718943448496,-3.3635886639540598,-3.362030578852708,-3.3637054376527264,-3.36362522482791,-3.36367642845633
2011-11-03,-3.875768057160529,-3.4063930087744505,-3.408684233564996,-3.400088655845912,-3.418272563668621,-3.407361199971863,-3.4186605907101475,-3.404880587401079,-3.407463253284283,-3.385968155599881,-3.406998096380014,-3.4080148456135433,-3.407086410662504,-3.407011735424319,-3.407008099645736
2011-11-04,-3.7438323577777397,-3.6616793536615724,-3.7640361108223694,-3.657252562678316,-3.6808471887640906,-3.6638203283917727,-3.7785759872941056,-3.6610563370582123,-3.6654698666463785,-3.62316901880795,-3.6783873573411103,-3.6766637799605855,-3.6790167725625045,-3.6785011784534447,-3.6784207021421556
2011-11-07,-3.5763609311955733,-3.5948351480773897,-3.712296825520027,-3.5884528230780806,-3.614125758605052,-3.596760069304645,-3.7378792876875524,-3.5933909721316883,-3.597736187851784,-3.567890171961381,-3.6151621024663045,-3.6114592016277083,-3.615069186004656,-3.615325560168659,-3.615238753657508
2011-11-08,-3.2741410780433453,-3.6211255322479285,-3.728103605753442,-3.6171269833241415,-3.6359808781857286,-3.6227821406360174,-3.7675168461341872,-3.6199922284461286,-3.6234425676100064,-3.600617692348535,-3.640646902264009,-3.63728741345715,-3.640813356824411,-3.6407247427559137,-3.6407132793564534
2011-11-09,-3.360349527429128,-3.4659030144195575,-3.587520530755725,-3.465894269812908,-3.4853536005359467,-3.4678754386891346,-3.6255646668207695,-3.4656057255128303,-3.469537724012682,-3.4286527483212663,-3.4871017442137373,-3.4841946933614434,-3.487080768114274,-3.4870094824240727,-3.4871647247445834
2011-11-10,-4.407393548797837,-3.5071518491282974,-3.5623192436690547,-3.5044691545491125,-3.51771702282535,-3.5095446053556514,-3.571807632111839,-3.506760341443456,-3.5087914661245225,-3.464720640176991,-3.515867469619876,-3.5123088652072676,-3.515937426205025,-3.5158391454654394,-3.5158791434973544
2011-11-11,-3.9264531963848537,-4.056024320680242,-4.226308997704359,-4.049336095657841,-4.059672080768321,-4.059368444021057,-4.26610202273213,-4.05437160284452,-4.056805244199174,-4.018372372914453,-4.086643875701801,-4.081143317142285,-4.086615182243104,-4.086871698546206,-4.0867481719652705
2011-11-14,-3.5001584515424393,-3.8242644300508064,-4.0135217445526505,-3.8201324430365142,-3.834854180183188,-3.8263889360244354,-4.055537899930655,-3.8234917708530127,-3.8257649405548375,-3.794706917534579,-3.857414131433536,-3.852493749711135,-3.8573046719909763,-3.8575334392310165,-3.857501244363359
2011-11-15,-3.5684001160166563,-3.6016803509552138,-3.778762471668064,-3.5954801414187236,-3.610376171822269,-3.605936141187026,-3.8075758409484624,-3.600356860807981,-3.6038400588394497,-3.5445840000834505,-3.632041103093062,-3.627591667005845,-3.6321604201568243,-3.6320116545140895,-3.6321051757919944
2011-11-16,-3.018165616511636,-3.656295775562346,-3.7993308173862097,-3.6558288173202484,-3.6784641175041295,-3.6597993624400136,-3.8324543015634274,-3.656052859512393,-3.6601183427721242,-3.6115067948327897,-3.680912332870643,-3.6771984868186585,-3.681108828441929,-3.6807723043270064,-3.680991857473561
2011-11-17,-3.652004424286414,-3.3481104178348806,-3.458963024544811,-3.348684818707713,-3.367985705112242,-3.3488727659125357,-3.472911205374859,-3.348533571067901,-3.350037991730771,-3.30889074087604,-3.3656914855447972,-3.3617287910801545,-3.365692848838,-3.3652169245214836,-3.365722781272086
2011-11-18,-3.6054808295793053,-3.6419483668121604,-3.8102285645862666,-3.6383420654641108,-3.6610208114873877,-3.64349475224568,-3.832516298483896,-3.641262904820247,-3.644443623532739,-3.5910989312531405,-3.6700243834253254,-3.6652049052270366,-3.669899883456876,-3.6698144240329107,-3.6700763299255064
2011-11-21,-3.6193067398547085,-3.6090951678841643,-3.723095400469197,-3.606738383343917,-3.6257492348530063,-3.6108611621659916,-3.7326419630229517,-3.6087588549651577,-3.6120967561053563,-3.5510973055430495,-3.627185752568602,-3.624565801327498,-3.627304916927486,-3.6269323030636067,-3.627198727000603
2011-11-22,-3.4791656503399695,-3.6205879365015337,-3.710943743100093,-3.6196328407723635,-3.6411606393067486,-3.6221861537115094,-3.7251576260363772,-3.620682661446175,-3.6216651979963044,-3.578875043854493,-3.6353654306284002,-3.63259277374247,-3.635527206039352,-3.6350982950660926,-3.635405324053002
2011-11-23,-3.601410434339666,-3.5411305382667164,-3.6719460905664083,-3.539839445539617,-3.555328980337896,-3.542183263643326,-3.6970476004020596,-3.5411416618822744,-3.5417735266669896,-3.5012516706346726,-3.56309109905578,-3.5604469974276,-3.563053573190951,-3.5627239342072747,-3.563141987415491
2011-11-25,-3.905932233219343,-3.646349004021488,-3.685848024319488,-3.647403709837414,-3.6580701988965703,-3.6480552867724616,-3.6930879622331156,-3.6470355655888484,-3.646359615583766,-3.6123057622056383,-3.6520977418583143,-3.6541952652667486,-3.6523158645233065,-3.6518716912000184,-3.652115293825499
2011-11-28,-3.626702136364573,-3.818234066621053,-3.942722406511118,-3.813224743499327,-3.8308927678670237,-3.818978554438793,-3.9849876507882755,-3.817106255795496,-3.81805222086811,-3.8041734016714646,-3.8412000425426,-3.837496272622584,-3.8410178493562,-3.841099718312874,-3.8412842663767943
2011-11-29,-4.2898149228314475,-3.678539684787866,-3.8519683538509017,-3.671445864642019,-3.684682854643888,-3.679905153675946,-3.8838950588483776,-3.6767915109666234,-3.6784201530543257,-3.6349388672934198,-3.709435501793573,-3.705260752911836,-3.709382816141698,-3.709095724266731,-3.7095212219251024
2011-11-30,-4.179920897987772,-4.04431540797512,-4.083106399183433,-4.0398062580271885,-4.054361424253876,-4.047243127203665,-4.091975300546648,-4.043215047175822,-4.044360240886883,-3.986345737337118,-4.051439229725899,-4.050821793313942,-4.0515537833594735,-4.051665469043443,-4.0514633201549595
2011-12-01,-3.8980355701393083,-4.031631962550632,-4.107832364093085,-4.024722167747326,-4.036911775444699,-4.034955188972683,-4.130355352875953,-4.029765162555949,-4.031995809943232,-3.9869803895477607,-4.046424919943223,-4.043187450910822,-4.046389575556757,-4.046792284592175,-4.046460252046484
2011-12-02,-4.017249447597266,-3.9273916105602003,-4.015310511000938,-3.9174800027012067,-3.935206455945639,-3.930070111779873,-4.040202924053113,-3.9239660736115733,-3.92747263462272,-3.9047791457339818,-3.944467684375732,-3.9448318886856835,-3.9445404113320652,-3.944592759892659,-3.944500398242997
2011-12-05,-4.241775658511968,-3.9991946524678954,-4.115795391008084,-3.9909962074164076,-4.0082280247577975,-4.001922612102556,-4.147487708091755,-3.997192917123509,-3.999658897430334,-3.9629738026091874,-4.021086721977409,-4.020016615206367,-4.021177606710053,-4.021348914070016,-4.0211507007251095
2011-12-06,-3.9075801937126395,-4.158997185962954,-4.270228480434648,-4.14926294923986,-4.170184825487582,-4.162599576376727,-4.291601967391306,-4.15656035498754,-4.159489878442705,-4.1132761339023,-4.179580232652024,-4.178002650810438,-4.179975722401522,-4.180082779072958,-4.179619599847704
2011-12-07,-3.1909716494694935,-3.9686223707768575,-4.09674347621975,-3.9599985308857772,-3.976340819416496,-3.970903885740539,-4.127588564247168,-3.9671821543506036,-3.9677151186284543,-3.928224147578585,-3.992174870175885,-3.9870258388233815,-3.992083478521687,-3.9924033243851853,-3.99224293287557
2011-12-08,-4.022597236736631,-3.5260986983083145,-3.675053597910757,-3.519093439333949,-3.5392852926311673,-3.5267432892739325,-3.7085771190886776,-3.524707571315635,-3.5254032851195807,-3.4897707564101514,-3.5527335336663355,-3.5479846510292044,-3.5526181641712564,-3.552201399284186,-3.5528111754610907
2011-12-09,-4.204098450911469,-3.9535500922466014,-4.085292109660709,-3.9474460955370487,-3.9719555947248724,-3.9549160893490103,-4.120642284678886,-3.952364320345448,-3.952951772459554,-3.9393573597142497,-3.9769314087041403,-3.9738500177272957,-3.976990537809964,-3.9768773238602813,-3.976996973059983
2011-12-12,-3.5597155340472635,-4.058923777159879,-4.1690430551573785,-4.053023369462995,-4.071232151214344,-4.059975822049509,-4.1641556879539845,-4.058017831580479,-4.058526635832372,-4.022753777843245,-4.077157178006075,-4.076030943134734,-4.079202579719677,-4.077207457514953,-4.077159629105787
2011-12-13,-3.4033324244992733,-3.7004699420243865,-3.7465520904629237,-3.692887084133995,-3.7114825824790403,-3.7017024878206524,-3.747509464559097,-3.6993547657031134,-3.7002389522353183,-3.6565952446883943,-3.70744398944459,-3.7088688388156035,-3.7074877582098638,-3.70715823462865,-3.707420217603935
2011-12-14,-4.0339762648659,-3.585194037446608,-3.721381520004589,-3.5808416940733427,-3.605525585149344,-3.5862116817798073,-3.7337158292995474,-3.584901847074823,-3.5835948310356702,-3.5386141251136785,-3.6079864220058404,-3.604224977330822,-3.6079553776001023,-3.607599113270616,-3.608014621706106
2011-12-15,-4.2488501637649625,-3.9597591367169036,-4.085199881300846,-3.953829436604128,-3.976238862901767,-3.9608029069849464,-4.107887410508985,-3.958376181123196,-3.9598387308194676,-3.9409964819881793,-3.982192936278501,-3.9783505127414225,-3.9821966094115004,-3.9821045432579556,-3.982230701669032
2011-12-16,-4.155174029645756,-4.081927822040837,-4.124859869568427,-4.080623218805306,-4.107541115792858,-4.083498904622851,-4.135396322333564,-4.082195028900727,-4.081677167539141,-4.061370760130108,-4.089213042486139,-4.087340853858101,-4.089165689532238,-4.089377791243868,-4.089243956013595
2011-12-19,-4.553117968008573,-4.0363516255538086,-4.079955334022321,-4.031124669891165,-4.053000925233389,-4.037511211722815,-4.095853002010196,-4.03496499591174,-4.036201003689796,-4.016928123397797,-4.0438326624985566,-4.041488201491786,-4.04369312431889,-4.0440051598185365,-4.0438594088491016
2011-12-20,-4.232275962281499,-4.30186917430698,-4.339741843497115,-4.2971179282717955,-4.317552502985553,-4.303960365981089,-4.362077966027798,-4.300586669131005,-4.302384601930087,-4.288794515341849,-4.308246093300317,-4.3081622859373425,-4.308406145383366,-4.3086150540087385,-4.30828115716331
2011-12-21,-4.807168404122277,-4.209642463071461,-4.241752469462464,-4.209499675957091,-4.228389518231452,-4.212797638405734,-4.222952362140195,-4.2102416245510526,-4.20700523535462,-4.168310927108934,-4.213850783693832,-4.213197977907248,-4.2147049224014586,-4.214171263328689,-4.213807598042773
2011-12-22,-5.541350961058761,-4.549621615587812,-4.594863135910138,-4.54373894526068,-4.557076439047704,-4.553490967307484,-4.61176446627945,-4.547973816140474,-4.54982909166671,-4.529201228869958,-4.559275037741584,-4.556828763401407,-4.559401111741357,-4.559620176047702,-4.559297950755419
2011-12-23,-5.410569025925924,-4.984870407368311,-5.0560077875551395,-4.977377047347085,-4.9920556725316265,-4.989698249208992,-5.070475167517055,-4.983159460583228,-4.985269070371722,-4.949759773497441,-4.998305679836449,-4.9949237356822795,-4.998227830113701,-4.99890164180442,-4.998331396438974
2011-12-27,-4.829618885252038,-4.997949902237201,-5.046496152473156,-4.9932282784282185,-5.0031523218497655,-5.004205947518146,-5.068977857901837,-4.99725995791063,-4.998057432964132,-4.97596416412959,-5.007493058399352,-5.005800496168207,-5.007556443458711,-5.008113820198034,-5.007506788904215
2011-12-28,-5.201997011863836,-4.725281539888491,-4.795070351960279,-4.718209459768782,-4.739566154095653,-4.732834561787127,-4.805982651566053,-4.724345473676311,-4.724717678178983,-4.689851034140395,-4.737809585997942,-4.73479624430922,-4.737783582125206,-4.738420078682723,-4.737803817234823
2011-12-29,-5.778525017670862,-4.999010766190024,-5.072638624227083,-4.991496888886144,-5.002427462191307,-5.0073103906138225,-5.099500737206103,-4.997844378181091,-4.9991369854783025,-4.95858190904665,-5.014020991851562,-5.0109487608629895,-5.013996293971877,-5.014831587301541,-5.014053463275487
2011-12-30,-4.8886493739090175,-5.359848953571123,-5.401912971846108,-5.353714603401328,-5.367744949733027,-5.366895836831338,-5.4245542693642,-5.35838351656883,-5.360231241093102,-5.336993733893182,-5.368538192204895,-5.366488254814289,-5.368350052778849,-5.36945292505109,-5.368571717095021
2012-01-03,-4.939551704854611,-4.8713842889202015,-4.764720482588069,-4.87129921295064,-4.88408496776866,-4.874740292322302,-4.749475142003465,-4.871243340576713,-4.872015059430735,-4.862209224048649,-4.851020118417177,-4.858198972546654,-4.8516099129108925,-4.851030298933376,-4.850977040207298
2012-01-04,-4.349045001926829,-4.874806664810945,-4.846195780659884,-4.86862487537094,-4.882320565561517,-4.881439813664149,-4.835271286317681,-4.87322678929957,-4.875860024999553,-4.8437812804125615,-4.869916167427068,-4.872135305671952,-4.869975971729688,-4.870329519866494,-4.869885636339767
2012-01-05,-4.885236727310001,-4.533391548213048,-4.5318677971202845,-4.524471452508849,-4.529828419200257,-4.539723404109363,-4.526907632950563,-4.530835807951554,-4.533743249795709,-4.497007512381108,-4.533956416603516,-4.536253387369687,-4.534013688860286,-4.534165423160199,-4.533946084771521
2012-01-06,-5.449415839929869,-4.794507801324862,-4.793898011042541,-4.787894720512986,-4.795858198034748,-4.800233620203211,-4.808107172047857,-4.791588311259741,-4.7947538169682105,-4.771993330757052,-4.797215956282254,-4.797244727200425,-4.797303243674009,-4.797523253431474,-4.797229183227934
2012-01-09,-5.231369268913897,-5.076878727576934,-5.028193073306825,-5.070814344667077,-5.078509286846053,-5.086762866685616,-5.026816403111349,-5.0754582477294825,-5.0772643327332965,-5.04535978636662,-5.070329230604566,-5.07189251813843,-5.070514420675625,-5.070873438334278,-5.070311771442245
2012-01-10,-5.241601208899198,-4.99089804483759,-4.957381480369148,-4.985996382976793,-4.998521481257348,-5.000284001320828,-4.956757355194707,-4.989949553686532,-4.991294738740582,-4.9580978568612695,-4.984960851749522,-4.988081819736718,-4.9852785140765485,-4.98554714355421,-4.984949388787619
2012-01-11,-4.738076841039327,-5.030308712050359,-4.97807101587207,-5.02244753978938,-5.03902698324832,-5.040762192944327,-4.978612633568506,-5.028514647513145,-5.030330004475601,-4.99719053936329,-5.02177910410549,-5.026148596118972,-5.021848175984935,-5.022665073716567,-5.02176741427808
2012-01-12,-4.696303613920656,-4.817780220212667,-4.810644475661626,-4.809658950252739,-4.82400673890711,-4.829133338086772,-4.799340614942649,-4.815952808485958,-4.8174358659311425,-4.775725686309722,-4.816113870327184,-4.820141045045036,-4.816154771676154,-4.816637248347416,-4.816081066610634
2012-01-13,-4.900913795705602,-4.784318675738442,-4.772342719741244,-4.776509738159942,-4.789113076458749,-4.791882522300059,-4.781375644737145,-4.782740961174918,-4.7829963174626435,-4.752763757233886,-4.782687767338277,-4.784272756130611,-4.782700057717576,-4.783103601022886,-4.78266463656912
2012-01-17,-5.079683490194116,-4.873692788565616,-4.843861189975492,-4.864877377620632,-4.87512380330453,-4.877583356574956,-4.849627282125376,-4.871152433054611,-4.87324822432616,-4.86018413645,-4.869714909227481,-4.873657339184131,-4.869861386004073,-4.870179124716759,-4.869688970427086
2012-01-18,-5.29376262280132,-4.975927590293224,-4.848820803368557,-4.968677450175533,-4.980561026445166,-4.984761980933992,-4.825895982882796,-4.974204390536898,-4.9752259357312445,-4.93707230646796,-4.953213352167636,-4.96113886245062,-4.9532321025284025,-4.953902921415339,-4.953128585260673
2012-01-19,-5.870174954608169,-5.096075726966071,-4.959469311082418,-5.088709300292402,-5.0939466986014805,-5.108388944082009,-4.959919391337446,-5.09427629118464,-5.09562854876824,-5.057892153163831,-5.073953852552962,-5.081718997480719,-5.073997786693269,-5.075033704228787,-5.073928151388415
2012-01-20,-4.979837251190572,-5.452808860449714,-5.235888549712509,-5.447312493742697,-5.457929926300532,-5.4636392729856755,-5.2073135098092616,-5.451544486207239,-5.451813556969584,-5.428378946497072,-5.414088333889199,-5.425421059975786,-5.414710699299018,-5.4151345488450096,-5.413993846326593
2012-01-23,-5.1787646267711525,-5.031492669362313,-4.928950652866746,-5.023872053667578,-5.043838641293208,-5.0401242279725285,-4.9164623123057405,-5.029616592982804,-5.02994957862136,-5.009921851690533,-5.013239525656522,-5.01788749735891,-5.013453686595003,-5.01391265307476,-5.013193873693951
2012-01-24,-4.585537822671293,-5.155360507981592,-5.08255271065983,-5.149068870482225,-5.16858261937154,-5.166526221144263,-5.074723767021716,-5.154296821053791,-5.153322872973085,-5.14003297858319,-5.143403767021723,-5.148957919445339,-5.1436858824373415,-5.144254148072952,-5.143396893744084
2012-01-25,-4.621486651757,-4.816747643381126,-4.722350213777256,-4.812650617168509,-4.840496556533738,-4.821145782014446,-4.707872601744713,-4.815741324667556,-4.815464596371213,-4.819149318319582,-4.798870282924364,-4.808077779854884,-4.799301643787376,-4.798943710994754,-4.79882576354519
2012-01-26,-4.87067549931865,-4.7906237239046385,-4.65603890510138,-4.779782383992568,-4.810618416510233,-4.799474546262584,-4.627409597455149,-4.787963359778186,-4.7902067157147545,-4.775589648631488,-4.764441572184543,-4.776972906667972,-4.7648752671114405,-4.764700974778602,-4.764376555384628
2012-01-27,-4.881067281717934,-4.873003746663538,-4.824758081040062,-4.8646239346607585,-4.882665087821103,-4.879999776062313,-4.848732465281613,-4.871109930061826,-4.872138398545469,-4.850839213988662,-4.867499381386809,-4.8699529420925405,-4.867751397200655,-4.868078277595751,-4.867535874286013
2012-01-30,-4.431178059703868,-4.870136438649249,-4.842870839171529,-4.863995576422973,-4.8850375218181314,-4.875140961095201,-4.859460852764563,-4.8690164023328375,-4.869446374769722,-4.861399277785601,-4.867215309420329,-4.867034624644427,-4.867373509619381,-4.867597130784401,-4.867222628581435
2012-01-31,-5.213385193969742,-4.595070528241463,-4.585031161338804,-4.589213320141477,-4.6153074960472935,-4.604768335343725,-4.596883569440872,-4.593224731713811,-4.593133314857419,-4.5712804271470695,-4.593706527786477,-4.596239045798088,-4.593844916760563,-4.593826661277659,-4.593715687975724
2012-02-01,-5.35799591258441,-5.024577705354229,-4.915743713762459,-5.0173223638655635,-5.0392667326822735,-5.029622382011562,-4.9158205969649655,-5.022892033964517,-5.023458851526653,-5.02073757547057,-5.006327470885296,-5.013104492289283,-5.006683984143756,-5.007007995926106,-5.0063016680085255
2012-02-02,-5.742099663113981,-5.134956620353201,-5.031496156065216,-5.129165858819796,-5.149003091715486,-5.140339242684142,-5.01613544137471,-5.134050089185951,-5.133050869938038,-5.125020769915628,-5.11626298306151,-5.127018669212559,-5.116806495347924,-5.117014453495474,-5.116204164439551
2012-02-03,-5.769783322145761,-5.371969310000129,-5.220084790709313,-5.366145225547695,-5.376356982010364,-5.379138972169426,-5.2323923073237335,-5.371648381193556,-5.371670453961276,-5.3582564793261405,-5.348498971114825,-5.354341990193464,-5.34847803520435,-5.349667110292151,-5.348484803651395
2012-02-06,-5.299132427525973,-5.434264614105561,-5.3292639624611144,-5.428645998075031,-5.442893279734421,-5.440206072130427,-5.319656661594055,-5.434196965379182,-5.432140980037293,-5.425916036735957,-5.417038877803782,-5.422783239616038,-5.417063460444046,-5.418266401097064,-5.416997352428131
2012-02-07,-5.279172695752165,-5.284289829434367,-5.208160175777962,-5.281529715855676,-5.301622015375003,-5.295406886683125,-5.191696694064188,-5.2843225006827685,-5.278820379216008,-5.257214971769799,-5.270281632008964,-5.27827361275315,-5.270721256417442,-5.271155975947573,-5.270241592980005
2012-02-08,-4.7900844215367675,-5.282616878310257,-5.185717856727214,-5.277495623467557,-5.2882003319259425,-5.2904015119240535,-5.168280056777298,-5.282251849635876,-5.281319062100654,-5.2607923482119645,-5.266291629739312,-5.273356642369482,-5.266454660990233,-5.267143959340246,-5.266255374959916
2012-02-09,-5.178253173756426,-4.983928467707199,-4.964015358908362,-4.975947696186584,-4.985964117395177,-4.989801195412668,-4.981994646898496,-4.982628654711121,-4.983581473355365,-4.965079440738654,-4.983551460452867,-4.9847639159521915,-4.983619670751027,-4.983922806147512,-4.983559968336193
2012-02-10,-5.685418784854669,-5.150847823016842,-5.132889605056465,-5.1455503849115205,-5.167188312677827,-5.154702727211097,-5.150291624662628,-5.150116023621594,-5.148019541335469,-5.145027319818719,-5.149923461754609,-5.1522953708811965,-5.150267686922307,-5.150673120194145,-5.149925467650785
2012-02-13,-4.77080543680259,-5.408789460982131,-5.335756407930208,-5.405052031659701,-5.4253761824585505,-5.414140550907812,-5.365815304942398,-5.408094936752406,-5.406647784637852,-5.413570135082371,-5.399108743103269,-5.40250759078655,-5.399238372790907,-5.400163907898372,-5.399154102619031
2012-02-14,-4.434787166169593,-4.906836652295262,-4.921556358492759,-4.900885399139476,-4.915741856416662,-4.910757701629677,-4.921766301582159,-4.906009304771508,-4.904151952570967,-4.893464782587493,-4.912074749754938,-4.913528908322736,-4.913105412108051,-4.912335046175085,-4.912088761910507
2012-02-15,-4.9046473398081085,-4.672006304505444,-4.676038290416093,-4.66848316910933,-4.690382416480677,-4.676777662105698,-4.69216378114405,-4.671687478703976,-4.668935902343513,-4.674517630459742,-4.674363737155677,-4.676155627626004,-4.674556962198424,-4.674323591566864,-4.674392938067792
2012-02-16,-5.926959079398951,-4.915888020514534,-4.902708075087858,-4.9122746174365615,-4.925179701447381,-4.9185183892184,-4.921766908287684,-4.916207211510257,-4.914780746863024,-4.91386287449219,-4.916493132820031,-4.919073813192792,-4.916618472357425,-4.916821474903231,-4.916522696214696
2012-02-17,-4.982918300085015,-5.467985433262821,-5.358584751544338,-5.466009672546319,-5.485974061182484,-5.470968892044951,-5.3564458266636175,-5.46795868304887,-5.463624902664594,-5.468223621975453,-5.449317296356191,-5.455254762014811,-5.449363853467473,-5.449885519612581,-5.449307601033221
2012-02-21,-5.308351372226432,-4.95612078954659,-4.936188234906607,-4.952255639476769,-4.9642696169506095,-4.961848039978499,-4.941111661989801,-4.955990280129007,-4.954296169610742,-4.943699298866395,-4.95483517217341,-4.95632079735658,-4.954952820019254,-4.9550447173930365,-4.954866606194652
2012-02-22,-5.3388526149700715,-5.150716228348866,-5.073029222790925,-5.148694518382952,-5.159235556615544,-5.156829114145348,-5.055173780611269,-5.150579372269329,-5.147622371365614,-5.132889134667199,-5.137154684578023,-5.143895848616243,-5.1373587969737,-5.137442807195919,-5.137126643799282
2012-02-23,-5.874794816547895,-5.238448316017529,-5.130668223143513,-5.23628540605921,-5.244786519461776,-5.241669602903238,-5.104490348844125,-5.2382160824381865,-5.237082158783881,-5.232173629793985,-5.218469962494967,-5.223716656234279,-5.218947351090025,-5.218799706779387,-5.21843831696508
2012-02-24,-5.054817686657703,-5.571397679968313,-5.4303631108884804,-5.568217438153119,-5.583792240069015,-5.575685274052884,-5.422778920229808,-5.571046039247675,-5.568580333421335,-5.570285802919908,-5.54776301929809,-5.553735624166466,-5.547987719055085,-5.548326761970439,-5.547747395611169
2012-02-27,-4.955334578025104,-5.117969503076606,-5.060618568592715,-5.113751856410389,-5.136800204159505,-5.118442431118117,-5.07417512710158,-5.116238586439657,-5.116023237863265,-5.1361754920667275,-5.1096081850609965,-5.112508248015713,-5.1099204863760574,-5.109905883182213,-5.109638753664282
2012-02-28,-4.5071536912976855,-5.068112563366006,-5.0535178061640575,-5.062162471466973,-5.072788912051551,-5.0694966485715955,-5.063717143557061,-5.066426807299907,-5.066982694352057,-5.045288454361049,-5.067338866319773,-5.069510608854853,-5.0678528501023425,-5.067631251783025,-5.067378599574546
2012-02-29,-4.741779611951475,-4.774641728322806,-4.763189050167908,-4.766449033131923,-4.78722656250471,-4.775244936058175,-4.772290014551234,-4.772658072132993,-4.771698274747377,-4.744544113863653,-4.774306541359239,-4.775189287992602,-4.774187242713893,-4.774364464118209,-4.774331430505119
2012-03-01,-5.260165758881631,-4.856824322730023,-4.839461486578699,-4.852812204856869,-4.872610707912429,-4.857376575714552,-4.853581178714708,-4.8554165738424055,-4.854711947185626,-4.838917326518321,-4.855507920415618,-4.8562349012019475,-4.855557031350638,-4.855415951195142,-4.855525411974745
2012-03-02,-5.039029339507773,-5.1105581122725985,-5.041868745647222,-5.101267899853836,-5.124433338979365,-5.111046650760294,-5.031149753388134,-5.106975889267774,-5.106841884091559,-5.079338580524983,-5.0990749391410715,-5.1029895369078755,-5.0992405479469864,-5.099263063841632,-5.099053422883084
2012-03-05,-5.090656366846994,-4.9927844142873665,-4.978445229244686,-4.985403908419768,-5.0042108771296165,-4.993662163109254,-4.960996771556729,-4.991132545705417,-4.987185128582269,-4.9634652914402775,-4.990415864564153,-4.993972486970211,-4.990452568483391,-4.990632012290987,-4.990410721014352
2012-03-06,-5.095803500550383,-5.024187471658764,-5.003043552970475,-5.018031130743863,-5.038207355317575,-5.0252346846626414,-4.996659762468926,-5.022832526243448,-5.018236440220263,-4.990159291137338,-5.020992391364558,-5.022740322573156,-5.021339120976853,-5.021267639270046,-5.020991943938615
2012-03-07,-5.573970206645719,-5.065252373605093,-5.094526940163587,-5.063117434072787,-5.082925909560322,-5.066152418257439,-5.080876159911002,-5.065189943220681,-5.053987827227779,-5.031489249448555,-5.069840491914505,-5.069777055723982,-5.0704661338854615,-5.070147616226424,-5.069835241154692
2012-03-08,-5.5924521415232755,-5.3568474661653145,-5.2933366607305095,-5.352215838391712,-5.369200353356883,-5.358117255230246,-5.289064603263003,-5.355968357914276,-5.3513862694733065,-5.334886701708239,-5.346626427530678,-5.347323372742263,-5.3465893386633985,-5.347255032050387,-5.346630823765238
2012-03-09,-5.387220774799744,-5.383687507223254,-5.306295525879063,-5.376420109847538,-5.396529987827326,-5.38572532615018,-5.31444291607091,-5.382559390112571,-5.377352912469959,-5.361861993045623,-5.371497057826954,-5.3755361480256045,-5.37163601612435,-5.372129692992101,-5.37150431791281
2012-03-12,-4.719460179110708,-5.305355512284823,-5.2802388083329275,-5.297873076246837,-5.324267263370634,-5.306003274349787,-5.283039351136812,-5.303721340376426,-5.297387899957444,-5.283710250645974,-5.3015889202423985,-5.305204845056128,-5.301603074776777,-5.30241768884995,-5.301599418239756
2012-03-13,-5.2665449868612635,-4.935938597998089,-4.989287718345603,-4.9268113509752895,-4.938560020468146,-4.935067987958267,-5.010327609217893,-4.932601195093117,-4.932807549526391,-4.900770277488067,-4.948253278810211,-4.945839615957839,-4.948392641003787,-4.948269309981559,-4.948307016338341
2012-03-14,-5.183578759337055,-5.22233572757028,-5.157923361765766,-5.209770338563202,-5.211213485535613,-5.222240200198674,-5.148854184523896,-5.21805619426676,-5.223331110631551,-5.200646778252269,-5.212775853602383,-5.219160623802235,-5.2132078824785015,-5.213181486080991,-5.212783117603408
2012-03-15,-5.857320889834775,-5.157050921578177,-5.084692211991006,-5.14931262395558,-5.157842045366352,-5.157253259546573,-5.052737651404736,-5.154767798909535,-5.15392173920735,-5.125582599448272,-5.143416950524707,-5.151379793688649,-5.143596691319495,-5.143846887236531,-5.143376625747787
2012-03-16,-5.450686715583692,-5.512167711412957,-5.391187859996972,-5.507015409889662,-5.511119007618947,-5.513212577620638,-5.362565217728823,-5.511380059449105,-5.511006872035151,-5.491108220606528,-5.490625445678966,-5.4974160564374985,-5.490720587491554,-5.491472447651906,-5.4905899488359164
2012-03-19,-5.231115539594987,-5.317128227164882,-5.217901764171399,-5.311082915987222,-5.311205615552467,-5.319310408486122,-5.202623539847561,-5.3165449848386395,-5.313913613178408,-5.2861549161566455,-5.30113162356874,-5.305092692065756,-5.3012648848732145,-5.302006385331234,-5.301113254411608
2012-03-20,-5.212331891332784,-5.254574024434821,-5.227407706269313,-5.244804544427054,-5.246409282249511,-5.256133928486808,-5.214144316971072,-5.252886926693506,-5.254498900968326,-5.2188620402867345,-5.251111004811456,-5.256742214060051,-5.251220611860249,-5.251803200743121,-5.251097553402015
2012-03-21,-5.027725078864934,-5.2367492686924795,-5.217355633902514,-5.229438463464388,-5.241872598020682,-5.238368884771236,-5.222360561390199,-5.236007085829665,-5.233048387074818,-5.199509842197528,-5.235586349790903,-5.235371934558701,-5.235658576568937,-5.236417810227977,-5.235582947690212
2012-03-22,-5.312209155224324,-5.1306359140278825,-5.151525461620947,-5.125167164877201,-5.137575118927371,-5.131668963168776,-5.169992312056847,-5.130239353871281,-5.127362804828458,-5.111620876538131,-5.136573337385675,-5.134682172851473,-5.136581587308219,-5.1368011754524625,-5.136605854747552
2012-03-23,-6.152796571302966,-5.250245823810716,-5.255309631954929,-5.24335764752337,-5.245729446984506,-5.252339908398937,-5.268635840483263,-5.249372515670479,-5.247565721704587,-5.20651457639009,-5.253350005897453,-5.2533380354784125,-5.253417674332419,-5.253994790173021,-5.253373860165
2012-03-26,-5.8206813462394456,-5.705509851434536,-5.585939471561017,-5.702209376349665,-5.707905218243461,-5.707443611166489,-5.574801306489077,-5.705545992292172,-5.703650752162186,-5.6875685013989985,-5.685518690204813,-5.690677629022873,-5.68559642966625,-5.68623551754668,-5.685493184765248
2012-03-27,-4.699978197424166,-5.570861454492709,-5.532597676767236,-5.566084173599245,-5.577100495737831,-5.5733018942285915,-5.5350285879237,-5.570254814558984,-5.5683668751002395,-5.538075195731592,-5.566700386987143,-5.56772402454328,-5.566800640012726,-5.567598888783415,-5.566712819357478
2012-03-28,-4.808580305864371,-4.951280876129964,-4.968444309169085,-4.94525039796402,-4.963850550145573,-4.953378385902347,-4.972756444585738,-4.950328499478067,-4.946313050022897,-4.902984930255905,-4.955232605908414,-4.954470239173899,-4.955335920199191,-4.9554306696980515,-4.955242735193904
2012-03-29,-5.319390228970398,-4.986844934797951,-4.972364664739367,-4.9827955327391695,-5.006460622284242,-4.987602131615006,-4.9675990115967625,-4.986043174814106,-4.981838736508057,-4.966935246632651,-4.984315168658564,-4.985981861720159,-4.984442295544206,-4.984400795969057,-4.984302463387031
2012-03-30,-5.249922530827944,-5.251960891843738,-5.230789379921401,-5.247466221941243,-5.258093266051077,-5.253300851607319,-5.2216695667044934,-5.251416335828933,-5.248881272909714,-5.224783008832138,-5.249211241953241,-5.250448590220412,-5.249463024220239,-5.249532142160575,-5.249215156395925
2012-04-02,-4.687370763027541,-5.186149782735925,-5.1727846700963696,-5.18379866078908,-5.201993920297776,-5.188892496888928,-5.166536059294996,-5.186145780367292,-5.1801755718585,-5.15698693733024,-5.183767217897851,-5.184223333406058,-5.183847529628622,-5.184079128298912,-5.18377536443469
2012-04-03,-5.086363440812278,-4.8381922239018476,-4.852595541329443,-4.834891591926613,-4.849335274490691,-4.839184532212893,-4.867041954746811,-4.838485149679046,-4.832647015272858,-4.816100301185991,-4.841639053263685,-4.840360716617349,-4.841771889365004,-4.841619184734034,-4.841659389763631
2012-04-04,-5.238059989822188,-5.063020202900215,-5.065651675054874,-5.060919343547431,-5.060078501514498,-5.065722008710894,-5.060912365703018,-5.064210191356634,-5.054431630071924,-5.008960575174216,-5.063742527729664,-5.065607468157803,-5.0638189690323685,-5.06390846595418,-5.063747300664266
2012-04-05,-5.42120590370558,-5.167113815917948,-5.189400216549201,-5.164717961574504,-5.162641537868725,-5.169189976789458,-5.205724406467319,-5.169839059691165,-5.15903356205236,-5.130241652474657,-5.173612881436861,-5.173793062120652,-5.173835287819221,-5.174022146349486,-5.173644912750434
2012-04-09,-4.150813521095033,-5.2646938767041895,-5.2837508502682375,-5.2633513255100794,-5.271990223208188,-5.268459334226874,-5.282427938814046,-5.266753429929717,-5.249579360934891,-5.226659964543653,-5.268729001724793,-5.268551250332369,-5.268873791941973,-5.269417163678577,-5.26873154423282
2012-04-10,-5.333885190191074,-4.5261324731926225,-4.585693905295769,-4.52338149473431,-4.534602781818983,-4.527285991320952,-4.620205845535578,-4.527717182041919,-4.513737334814621,-4.495921344508459,-4.538941756822181,-4.536626729756415,-4.539079778892666,-4.538670597211806,-4.5390168376828015
2012-04-11,-5.430937430298267,-5.148342258035687,-5.110167196974177,-5.146676661348028,-5.1606874236135765,-5.151660941956224,-5.109831359486131,-5.149424872548005,-5.137815037973239,-5.120082735910795,-5.1424235670415825,-5.145271447324607,-5.142589088378757,-5.142541551376082,-5.14243701240626
2012-04-12,-4.739089405371268,-5.213333777628807,-5.1654194177496295,-5.21088164796981,-5.23294749495606,-5.217383941746045,-5.139180625250256,-5.215452963958117,-5.194017218404272,-5.1661724721253846,-5.203569533781248,-5.208988434332448,-5.203738343540551,-5.203817900291391,-5.203548561677114
2012-04-13,-4.395877483393926,-4.839847362123912,-4.886761790367946,-4.837457414921675,-4.838953762715263,-4.842913406290189,-4.914478583550382,-4.842259786367375,-4.832418590301343,-4.799527964717979,-4.850878875350569,-4.847329907137328,-4.850796878820376,-4.850945211764273,-4.85093821775861
2012-04-16,-5.602415462237647,-4.602551691954949,-4.633476094788643,-4.599245118600259,-4.602506976528387,-4.604934367875782,-4.649389683725365,-4.60515095817972,-4.592758285785729,-4.559777446455803,-4.610679798608093,-4.6094698557667355,-4.610847881605179,-4.6105360638733295,-4.6107338686728925
2012-04-17,-5.075031342509129,-5.2979115405271235,-5.249313647355433,-5.2964298143573885,-5.3117502489438015,-5.301543785135844,-5.249422135991643,-5.300278642710533,-5.284593738885675,-5.270495021153878,-5.290819225248453,-5.29417391270553,-5.290907896577041,-5.291040682180271,-5.290847099233154
2012-04-18,-3.9731788074596586,-5.021384071536707,-5.042018382288372,-5.019702384587915,-5.0297505922394885,-5.025045879258089,-5.040681671079603,-5.023059564580843,-5.008323383014417,-4.994852799222136,-5.025732585065185,-5.026399679970001,-5.026094484497382,-5.025867093359902,-5.025765249221453
2012-04-19,-5.057019721643648,-4.35414049505879,-4.372581771046224,-4.352930794184386,-4.359624048181027,-4.356485804328262,-4.408588844859117,-4.355619613187072,-4.353277023439979,-4.330807480512453,-4.360921132742758,-4.3584107757118655,-4.36095508676854,-4.3608083257934,-4.361010116319139
2012-04-20,-4.973405865735467,-4.90310184394857,-4.939851864782601,-4.902379306661023,-4.909835329985328,-4.90662420388801,-4.966127825103229,-4.905580620448173,-4.89725116924362,-4.88524989481261,-4.911217107656719,-4.910981083139157,-4.911318738264689,-4.911402407217819,-4.9113082576697265
2012-04-23,-4.786091948294945,-4.9002658545643785,-4.9278678810248335,-4.898537682168567,-4.902764794354423,-4.905075781165765,-4.933615600252706,-4.902114857995195,-4.888716366795968,-4.859544159843735,-4.90613527433898,-4.903486299743918,-4.906406758959057,-4.906152390250939,-4.906174329324025
2012-04-24,-5.029384314061843,-4.772832840054058,-4.8101416783340865,-4.771955038417241,-4.781251349687051,-4.776182814320965,-4.816951316708633,-4.774311267175297,-4.7612050017506995,-4.746996598129536,-4.779646158273072,-4.78104357017242,-4.779991640143432,-4.779759337132886,-4.779708856958984
2012-04-25,-5.458915802734163,-4.889120945605302,-4.887548936376061,-4.887653876767996,-4.907752095326108,-4.892606854361875,-4.898522432804459,-4.892593800227408,-4.872910454192749,-4.86970666819738,-4.889481515528978,-4.8926690778029505,-4.889643241811943,-4.889636532431816,-4.8895417166499175
2012-04-26,-5.468128139611484,-5.217379318764297,-5.110266571039588,-5.2165304930818905,-5.230331452307523,-5.221437957476595,-5.083662536007348,-5.218950366165463,-5.208264124228138,-5.208129817444872,-5.197773934223532,-5.208035028501508,-5.198241785942495,-5.198030020700328,-5.197739854799774
2012-04-27,-5.4831665223567025,-5.243099001600263,-5.177787036693382,-5.241931443051617,-5.255396865422674,-5.24695215975579,-5.176084448925475,-5.244716762236004,-5.23756044726517,-5.227509110475444,-5.232334607598544,-5.236523136933661,-5.232507918435884,-5.232700037462268,-5.232338353153227
2012-04-30,-4.812481039379469,-5.286666072124803,-5.264833628456758,-5.284735537235293,-5.302314385676475,-5.290218141521556,-5.2911559093041545,-5.2883283948020905,-5.274529927095961,-5.245255451574691,-5.286495142031307,-5.286804970827042,-5.286618826328649,-5.287113521673854,-5.286563220503731
2012-05-01,-5.023596639951009,-4.956098769508221,-4.905293933337018,-4.955614401953378,-4.969367685712171,-4.958947823266947,-4.92843240815247,-4.958531846920391,-4.947604510194648,-4.947355863287861,-4.949540449473134,-4.952732672951058,-4.949337449337594,-4.9497139111076605,-4.949585210226219
2012-05-02,-4.7859203689456935,-5.0585771906534305,-5.036662880782354,-5.05768532168096,-5.061968835577872,-5.0611786367393785,-5.0298599209664605,-5.06035645149544,-5.051401274257238,-5.040109702898678,-5.055157804431065,-5.0590371541428985,-5.055356100661235,-5.0552723425735415,-5.055159717536073
2012-05-03,-4.778812025143703,-4.893990227819212,-4.860227848335014,-4.892890280844044,-4.912151874422165,-4.896566051119992,-4.856630903574025,-4.895919497077483,-4.880497718356556,-4.884247695711481,-4.888918967779111,-4.89256552441519,-4.889483907595012,-4.888946001671247,-4.888957897555557
2012-05-04,-4.633864563534516,-4.848433194369912,-4.838997264983035,-4.848448429370508,-4.8652378507647525,-4.853034583531458,-4.833534840159107,-4.849505700209836,-4.827942370789127,-4.839603460003494,-4.846247014844911,-4.850011842705017,-4.846285306191344,-4.8463565315167445,-4.8463101569226374
2012-05-07,-4.195580443419236,-4.728250051643717,-4.7570156877459056,-4.727958067934286,-4.737646626883626,-4.732864674140564,-4.765161510804047,-4.729883684904328,-4.708105726159275,-4.693120731133066,-4.735040636359587,-4.733762891018029,-4.735498237545074,-4.735037251851874,-4.735133748628821
2012-05-08,-3.8779195192069498,-4.45565004971656,-4.4542350709080365,-4.45515676872359,-4.46699814737433,-4.45818511593154,-4.4537431128108596,-4.456221553012655,-4.437795718607077,-4.425468483229795,-4.456001963630556,-4.455460141527277,-4.4564261386991655,-4.455609391453764,-4.4560792703132055
2012-05-09,-4.426159364550811,-4.204341967619887,-4.2266578370072,-4.203634810757863,-4.22334314158169,-4.203998907976262,-4.219630165236493,-4.204888374223611,-4.180006850057976,-4.18738634066215,-4.207705931073153,-4.2061129577344945,-4.207926385592319,-4.206984075542243,-4.207771463564686
2012-05-10,-4.831546964518977,-4.460749981105216,-4.535643125367514,-4.4600801684792994,-4.477113609689639,-4.46066752278751,-4.563280219490981,-4.462463999049047,-4.443768897681209,-4.446688217455321,-4.47544165691664,-4.472511871001651,-4.475576749615773,-4.475069351464731,-4.475547177809997
2012-05-11,-4.527866465192644,-4.662678205381599,-4.659560639860952,-4.661123162722957,-4.66482866368537,-4.6632246622389175,-4.650843713553468,-4.6649435477828245,-4.645046050103983,-4.604270877161481,-4.662260841881692,-4.6638887178360005,-4.662542744872682,-4.662272276696205,-4.6623732353885545
2012-05-14,-4.408664486062333,-4.504362269247912,-4.5953668289193015,-4.503467152868925,-4.519242519433409,-4.503621037555293,-4.616138416937436,-4.504594787760551,-4.488868862995151,-4.48223456662778,-4.521984732344744,-4.517487836767898,-4.5222003777373425,-4.521869388682588,-4.52206414951332
2012-05-15,-3.8580382214931546,-4.455415491623856,-4.484094484967585,-4.454511958400033,-4.471090854883843,-4.454611257855183,-4.497438332459222,-4.456339493981632,-4.437045385651934,-4.429862425620416,-4.46155148227331,-4.461321714236965,-4.46211716770378,-4.461377268232204,-4.46164379953941
2012-05-16,-3.7877243115787564,-4.172747241919131,-4.296928709317026,-4.170783959139844,-4.18541957845406,-4.170404602789851,-4.293049902749605,-4.174889797752254,-4.144874616534679,-4.12470209242645,-4.194755199270901,-4.19400912445331,-4.195294471699718,-4.193667276272631,-4.194845246112978
2012-05-17,-3.9812792962285126,-4.076369707603227,-4.136212593389552,-4.074118178608119,-4.083374236169228,-4.072347960216437,-4.140804986156383,-4.078616662117139,-4.05401817228225,-4.026651690823839,-4.088115134714199,-4.085192410014251,-4.088081570685797,-4.08693019520044,-4.088231780794398
2012-05-18,-4.533150685045259,-4.12243416725696,-4.144580459668593,-4.122015796408139,-4.1323048482214295,-4.119229027306456,-4.1477372296776975,-4.12330735740259,-4.1108454008694855,-4.110180217690302,-4.127586157300346,-4.125744335624269,-4.127518216216429,-4.12677944307352,-4.127639910701579
2012-05-21,-3.9680654040235095,-4.401791936733798,-4.386451633524114,-4.400493492693819,-4.4099555663423375,-4.3979511635101645,-4.372253080069431,-4.403034488448414,-4.3842605581556295,-4.364785696647213,-4.399813616379888,-4.401341092909444,-4.400273881252406,-4.3995005684179445,-4.399890875970962
2012-05-22,-3.7863175453624445,-4.090023158359969,-4.156132935799132,-4.08850950051853,-4.099928346150325,-4.082978592787207,-4.145220450134479,-4.091597129516939,-4.061427520864566,-4.031657759763131,-4.101185921973865,-4.098967569275573,-4.1011753811619815,-4.100080527698869,-4.101299933258042
2012-05-23,-3.875410401591246,-3.987129102871518,-4.069886130712083,-3.9854874947839036,-4.008673454740372,-3.977967966100684,-4.083782981258832,-3.987562991870545,-3.9636533634221855,-3.9532501768714505,-4.001971779350924,-3.998763306710175,-4.002064700711162,-4.000758323954489,-4.002055095360808
2012-05-24,-4.744883903156628,-4.029876638958861,-4.113085010387456,-4.028269631237769,-4.054521095225315,-4.023930201030023,-4.146743686285048,-4.030906710045901,-4.009040455630072,-4.024596018151722,-4.046921336644249,-4.042224339025195,-4.047098426168726,-4.045923947541889,-4.047019651175125
2012-05-25,-4.460289669048751,-4.498913126762546,-4.621326857695915,-4.497859281648602,-4.515666629386394,-4.494294267556049,-4.651922972100058,-4.499521881804447,-4.483131945804241,-4.479181041632418,-4.521872477616686,-4.519186841006036,-4.52239754896256,-4.521699168964185,-4.5219555031043415
2012-05-29,-4.597416848440585,-4.35123606446802,-4.488951542984642,-4.350292377093904,-4.3686335936576075,-4.343131836404463,-4.514679148836236,-4.35182759122426,-4.335786695003627,-4.338626493973115,-4.3766265933708075,-4.375649810672631,-4.376808631471702,-4.376529585745245,-4.376700222493761
2012-05-30,-3.7979950407853384,-4.452093260907912,-4.513644470525867,-4.451321948028508,-4.470687654008225,-4.444567572941864,-4.532652054358157,-4.452703490404506,-4.435124103054574,-4.434096739042817,-4.464546410364897,-4.461249256680885,-4.464769489775985,-4.464558149520229,-4.464642465742711
2012-05-31,-4.2328461677277875,-4.047692731458617,-4.1379179823060275,-4.046635921964298,-4.068196513248756,-4.040934412537588,-4.159127460531971,-4.048302109331087,-4.028012372927892,-4.03541002347153,-4.064336233150036,-4.060734035978799,-4.064267477937902,-4.063802449637835,-4.064419932948982
2012-06-01,-3.8312325003531873,-4.288277946856108,-4.320633473365274,-4.287918846269361,-4.301513044954217,-4.284191603626817,-4.333043009528394,-4.28848198375234,-4.273200119901292,-4.271433784578669,-4.293804616113436,-4.29265089901968,-4.29372720941661,-4.293573643657726,-4.293862861288403
2012-06-04,-4.422561088152494,-4.026606847581241,-4.1724447893812044,-4.025347796285281,-4.037594841634735,-4.015767505693827,-4.206954011622714,-4.027407687935581,-4.012451732146706,-3.9996336490636777,-4.055732312393818,-4.052156543152856,-4.0557456000285965,-4.055128930284918,-4.055840661626969
2012-06-05,-4.74605454796563,-4.3175978551314955,-4.367612933507957,-4.316862536221628,-4.333082860531123,-4.306850166450886,-4.356824740953103,-4.318094103506532,-4.2979234681754965,-4.283671654604063,-4.32558918657357,-4.325420693906146,-4.325780329968996,-4.325462271464062,-4.3256744263458335
2012-06-06,-4.185322471543799,-4.485298683962456,-4.562328616810974,-4.48328850844503,-4.504704820963452,-4.471011422205649,-4.537825181697784,-4.485642890516411,-4.466063044042064,-4.433307834204566,-4.49574123507746,-4.4985462012071,-4.49601121247338,-4.495879814380051,-4.4958716893614765
2012-06-07,-4.659315625287983,-4.235034699618947,-4.304383785267382,-4.2300949013984335,-4.247218704668284,-4.213183901353214,-4.305958763851425,-4.2357086719867425,-4.220472346267723,-4.18012932238275,-4.247270651161583,-4.245588882361047,-4.24739045065842,-4.247139241975908,-4.247406986780578
2012-06-08,-4.145513226051049,-4.494967514133576,-4.603929611679681,-4.492322530050247,-4.509653259190246,-4.480284181016504,-4.614091025590299,-4.496082493354526,-4.48016255729476,-4.458132313722835,-4.514575680409831,-4.511628937838621,-4.51474498059801,-4.514960445022851,-4.514682763767535
2012-06-11,-4.075189134590886,-4.271159497613005,-4.347680489429705,-4.2685404450209266,-4.280924198902193,-4.253655571526866,-4.3486079770477435,-4.27155135309209,-4.258280378680857,-4.22263500471515,-4.285241319415332,-4.284255067508637,-4.285467220909172,-4.285253157870338,-4.285335160977391
2012-06-12,-4.092201701576753,-4.2091963510789805,-4.272904756562545,-4.2068453018685625,-4.220373172328825,-4.188129614193065,-4.266409852254787,-4.209429368676044,-4.194201114152429,-4.168628923345215,-4.220209301183856,-4.220133629487886,-4.220511888819956,-4.220103972097652,-4.220293803420375
2012-06-13,-3.843380649665145,-4.177120751704987,-4.288130722835716,-4.17562774495257,-4.195732733492967,-4.160951955573153,-4.319430698374035,-4.177833600534855,-4.163325465176446,-4.149304039459335,-4.198798447047997,-4.195468516245287,-4.1989354636275715,-4.1985685197981715,-4.198913638887534
2012-06-14,-5.233730834585706,-4.023314609705089,-4.133667812291047,-4.022641027318011,-4.040966952639733,-4.010050662099199,-4.157393726058656,-4.02402448609591,-4.006882467155762,-4.013702318108879,-4.0431744598639865,-4.041570690507061,-4.043143642633533,-4.04260643782323,-4.04324875329549
2012-06-15,-4.342872555390044,-4.7298844573995105,-4.776032598111822,-4.729024285762256,-4.741238802026037,-4.720271232783699,-4.803216290720863,-4.731991097788063,-4.719035933455958,-4.700289164268113,-4.739714668786274,-4.738223841918357,-4.739671093435134,-4.740003095244453,-4.739820521582841
2012-06-18,-5.067322135264165,-4.305259530267303,-4.431301610939755,-4.305187733879876,-4.3171596889692845,-4.293329538169266,-4.466239768642628,-4.305713188389259,-4.297616778237584,-4.292262812072017,-4.3298279093210486,-4.326990466620683,-4.329748690144441,-4.330048272422736,-4.3299200408789495
2012-06-19,-3.8785205416513238,-4.720704907010414,-4.763774544645966,-4.719758796954801,-4.739991161799719,-4.70743098282883,-4.765741621675897,-4.721101294125106,-4.705039986017916,-4.676149092273419,-4.728377780014844,-4.728199393089572,-4.7285716974108105,-4.728744875692367,-4.728476527031925
2012-06-20,-4.169078992834875,-4.117788202072746,-4.2409834407716485,-4.116249894075213,-4.141099522436081,-4.1046509839410295,-4.25673751735174,-4.117983431269441,-4.0968472043692366,-4.084634266085711,-4.139289815217823,-4.138963057486269,-4.139246655701473,-4.138997610236035,-4.139392477937927
2012-06-21,-4.891967982279562,-4.288590022818775,-4.359795556975927,-4.288032420162063,-4.3140550614807385,-4.272408396737839,-4.372397699139863,-4.288721517544054,-4.270756208770097,-4.2669229993737545,-4.300900865310289,-4.300318556218198,-4.301055457402537,-4.300874310930225,-4.300989849782144
2012-06-22,-4.6539010337689835,-4.633917678842759,-4.686170381400299,-4.632914514639473,-4.663737158231122,-4.616501185945446,-4.666232592069194,-4.63392235278231,-4.614137213442327,-4.598644099417763,-4.640331481815599,-4.6431803707834325,-4.640617306841239,-4.6405638003071985,-4.6404033202678665
2012-06-25,-4.1211992386317915,-4.542686254421931,-4.628624561437878,-4.542690816147683,-4.568666669290509,-4.518610258130504,-4.63455418061947,-4.542685774053472,-4.52682120182507,-4.50343036370769,-4.556885264609621,-4.553685644980099,-4.556995829543656,-4.5572978288405555,-4.556989532011349
2012-06-26,-4.852789564681518,-4.2342607584328835,-4.384186738425556,-4.233843559298084,-4.257999279032604,-4.211804175783842,-4.392667342317058,-4.234271141393016,-4.217529572910074,-4.198045265167248,-4.260369412034073,-4.257907598020061,-4.260397723269373,-4.260486004509699,-4.260487481404925
2012-06-27,-4.119465331906377,-4.658427639251439,-4.726154601624796,-4.658290052254464,-4.68105689172077,-4.629482283980825,-4.721861300935939,-4.658431847466073,-4.646070636367972,-4.600626498415067,-4.670575455450527,-4.670897350563978,-4.670941585386319,-4.671120290848218,-4.6706514948002695
2012-06-28,-5.154093325069685,-4.296299103174538,-4.317920735518767,-4.294784707034719,-4.336762018792469,-4.272107330699146,-4.298086779475228,-4.296190027453364,-4.276575263120469,-4.272179755278445,-4.297971472495139,-4.299968569933458,-4.298341184940152,-4.2980084842830815,-4.298021826670723
2012-06-29,-4.541196018925655,-4.809161403240849,-4.827074328985323,-4.8087256335508295,-4.8406132227649765,-4.782975508495818,-4.8141864904693765,-4.809301021603915,-4.795150502182292,-4.766011136702276,-4.810867126784212,-4.813752134882753,-4.8112342693659516,-4.811510641109812,-4.810959090916484
2012-07-02,-5.131109399083489,-4.509292604101068,-4.533716281893351,-4.509635095886025,-4.540816528060932,-4.503109160546456,-4.5394547003682915,-4.50918469978046,-4.495659667098255,-4.503196426495393,-4.5126953719894844,-4.5124842525541915,-4.512834416038753,-4.513111238364937,-4.512749544451553
2012-07-03,-5.191078739123651,-4.864154249165793,-4.769501845571053,-4.863306904388363,-4.905917046634827,-4.858396783247665,-4.723958445813708,-4.8646619636572,-4.838951593706984,-4.839762108292107,-4.843871876724286,-4.860579460374221,-4.844749457298193,-4.844571690734928,-4.843928872966916
2012-07-05,-4.85408149532455,-4.916356739517347,-4.955107873864727,-4.91638348088724,-4.9391171615456475,-4.9009977929474555,-4.948036495132215,-4.916859303023734,-4.899660966565923,-4.871382291446643,-4.921812658240472,-4.922296557770738,-4.921697872198026,-4.922806072195903,-4.921933761010487
2012-07-06,-5.010970894985093,-4.829371168025166,-4.890855037879738,-4.829367219781304,-4.858348428598334,-4.81595746768805,-4.898454431207773,-4.829512011663706,-4.813989843415686,-4.813394493760348,-4.839344784894462,-4.837851993061418,-4.839352003044904,-4.84011413519779,-4.839470228923575
2012-07-09,-4.292734015849668,-4.899781539934585,-4.9427534669900455,-4.900450316181877,-4.935302750605074,-4.880446605947549,-4.943292764388107,-4.899478834797629,-4.881356293254091,-4.863571173109547,-4.906062781829035,-4.9040091640611365,-4.905986522742759,-4.907235304807775,-4.906179750823481
2012-07-10,-4.403510817374836,-4.5315948869914555,-4.61677398607987,-4.531313623957006,-4.564232656102557,-4.509618781181667,-4.598233809105181,-4.531848873386342,-4.514561213001315,-4.507643376346317,-4.54337531629642,-4.541123972736774,-4.543794755211515,-4.543686838229511,-4.543453910401421
2012-07-11,-4.428090374298101,-4.529880732105142,-4.579608984382623,-4.530177102563351,-4.554986486556006,-4.507933383795504,-4.5662003320168,-4.528990982041093,-4.51316825952456,-4.4921512388125056,-4.53625015973013,-4.536488483237834,-4.53619774205204,-4.536495142557045,-4.536326218332651
2012-07-12,-4.756776732896871,-4.497953169489826,-4.536480261927751,-4.498752939470491,-4.532507454401057,-4.4758369307331645,-4.521708174653118,-4.496280686765432,-4.479817634496515,-4.462486903098811,-4.502292949292989,-4.500642577627902,-4.502605646703803,-4.50256230989733,-4.502386961572733
2012-07-13,-5.0346182111026545,-4.653004583837836,-4.740784256322482,-4.6531003219757645,-4.676307762402442,-4.635647509257469,-4.793528072959223,-4.6535821911680015,-4.646798472490226,-4.636761465970068,-4.671497450778341,-4.667400636764736,-4.671246783226198,-4.671746218121998,-4.671627367655667
2012-07-16,-4.1847513162999554,-4.7919650683557835,-4.82923594344817,-4.791781639289148,-4.81857191581058,-4.773855645394261,-4.855114377963891,-4.792216441721245,-4.786352077062638,-4.767787816234327,-4.8009993512690725,-4.797317900407468,-4.801034180836416,-4.801773280353816,-4.801126297545667
2012-07-17,-5.136803873076066,-4.381566308856898,-4.4125747384252785,-4.3820647592128275,-4.413454729491864,-4.363862703674991,-4.4301992937677594,-4.3816131050343685,-4.371312342000246,-4.379200286114853,-4.387511646257849,-4.386125559718851,-4.387656055185914,-4.387617421087556,-4.387612607163542
2012-07-18,-4.922372477345852,-4.877176707828338,-4.801603826539502,-4.877112650259757,-4.913550146858702,-4.855494676614396,-4.813130892673427,-4.878156745302632,-4.86720556994127,-4.8644818269698575,-4.864553752446359,-4.869640347520338,-4.864593389822171,-4.865270482577363,-4.864664484101023
2012-07-19,-4.869962382557537,-4.814636259156531,-4.741830957646977,-4.814484542176762,-4.839683228274766,-4.79346671955982,-4.760561068332265,-4.815894803337007,-4.808387306315417,-4.797861609629742,-4.80345853286652,-4.812661480015844,-4.80380925331445,-4.8039236923192865,-4.803544400658441
2012-07-20,-4.600754404047542,-4.795251527922027,-4.781328613629064,-4.794939669013206,-4.821832247739722,-4.783756124181539,-4.807799330287741,-4.797513000003525,-4.786993126632724,-4.79816795431148,-4.794582133985205,-4.795526639596761,-4.7946564364470605,-4.795009844804696,-4.794667103042978
2012-07-23,-3.883179554228689,-4.6449921294516585,-4.630137719453626,-4.64477654214673,-4.676204594547869,-4.621408602265728,-4.655479359629797,-4.645323386694602,-4.637869404133968,-4.626482410801509,-4.64331576390052,-4.645113521544755,-4.643771769069912,-4.6437219102151985,-4.643396901585902
2012-07-24,-4.633939763457521,-4.2591443348637545,-4.273446906778025,-4.25974498434563,-4.290111261113648,-4.246209040672288,-4.287764449305415,-4.258912212090739,-4.2510646754940655,-4.273299734290175,-4.261319928876742,-4.264290533433112,-4.261501547149529,-4.261150002825495,-4.261369154251407
2012-07-25,-4.474752423028459,-4.5970945797936835,-4.5220902701959735,-4.598294966729462,-4.645691705841169,-4.580568374493957,-4.513954403907307,-4.597069654711258,-4.586784182055486,-4.610962896998804,-4.581433962536235,-4.589562366537415,-4.581763381432265,-4.581711356592621,-4.581472908242509
2012-07-26,-4.610419220662248,-4.495972919219811,-4.470072914799476,-4.498749483634087,-4.543398862214334,-4.480002070005698,-4.476350266605348,-4.496019865642818,-4.48855250892159,-4.493558251257406,-4.491839718482252,-4.497386912252599,-4.492430159515778,-4.492096158467817,-4.491869974838366
2012-07-27,-4.872485052702242,-4.5512454614633135,-4.503114938757258,-4.5537362706320375,-4.588504248266649,-4.527786918158163,-4.506099214217313,-4.551247172389085,-4.541825335806611,-4.540803758992577,-4.54186166685045,-4.544904997138509,-4.542351368194916,-4.542146943843847,-4.541910130573843
2012-07-30,-4.871403473667632,-4.689732262725777,-4.683473386682398,-4.691383976721995,-4.727363399669789,-4.667101156270789,-4.691413334444569,-4.689694751674909,-4.682195169396221,-4.671244331596111,-4.688796340331325,-4.688579259480794,-4.688689181692101,-4.689453113097796,-4.688878423908996
2012-07-31,-4.260127586195632,-4.780436028797297,-4.731703135339005,-4.785260659317324,-4.825188983975274,-4.7577295040014,-4.738314835658221,-4.780892671026294,-4.771161636501153,-4.768443092854307,-4.771738408959438,-4.774731440314244,-4.77172729328026,-4.7726437400536845,-4.7718017373827895
2012-08-01,-4.032352807214524,-4.450556786992969,-4.378532764966023,-4.45316411857638,-4.484186322213109,-4.459804560014668,-4.36914895851134,-4.450547249413169,-4.439181928847271,-4.444369659963848,-4.436764221398829,-4.44267415696195,-4.436799919110531,-4.4367925017863215,-4.436790303622711
2012-08-02,-5.410139092943527,-4.296824505002413,-4.246266263568125,-4.29953074945213,-4.3367190367416715,-4.297343614603599,-4.236901937023467,-4.297178465004406,-4.286522152490422,-4.295934496976418,-4.286708978816547,-4.291472794158468,-4.287277715691292,-4.286220867697682,-4.286701634572831
2012-08-03,-5.577219321343861,-4.993619258638169,-4.8559197568357195,-4.992134390808184,-5.037839982878738,-4.976741902992336,-4.855325064717683,-4.993352699050795,-4.987009498815658,-4.973245041648691,-4.970072341317984,-4.975144731972698,-4.970204799312912,-4.971063839168269,-4.970080702097574
2012-08-06,-5.979243431326639,-5.102912335279008,-5.074611207394891,-5.103707439061812,-5.142851697375206,-5.081048090126484,-5.094712873293014,-5.1026565514547855,-5.097589995627526,-5.080082155521155,-5.100780255367147,-5.1019000247831965,-5.100682433061789,-5.10204795686139,-5.100856772064397
2012-08-07,-5.439016413617787,-5.341944188925848,-5.209107754612601,-5.344857361789973,-5.38701787169932,-5.318115786940232,-5.1920192608312865,-5.342004143342666,-5.335573985144376,-5.33931741286264,-5.317959587188368,-5.324061033702676,-5.318074541645813,-5.319079995947244,-5.318024180698993
2012-08-08,-5.499027252541612,-5.169450187893701,-5.118154722266806,-5.1725078515687635,-5.2084323814962925,-5.142437732711176,-5.125083388518891,-5.169446890184271,-5.162823543695777,-5.147184391653788,-5.160666649682575,-5.166546838419652,-5.161103128163062,-5.162116397744855,-5.160754128586521
2012-08-09,-5.5018144607328745,-5.381048282922586,-5.327921107211043,-5.3816977330565665,-5.405271068934415,-5.348892358766008,-5.3321930875424695,-5.380617245757459,-5.3774985870266585,-5.366231196518397,-5.373413651975369,-5.377220695306884,-5.373483684045406,-5.374729600171603,-5.373499252569111
2012-08-10,-5.499600707184183,-5.397133403826639,-5.35750260435386,-5.396976751292837,-5.43648972933538,-5.374914980017807,-5.345274908011122,-5.397125153931476,-5.3909103551428705,-5.397571266105444,-5.390491382696919,-5.393386745777856,-5.390605297785487,-5.391637077122194,-5.390546740176423
2012-08-13,-5.179229490091711,-5.395965242248038,-5.411023706661901,-5.3948520782111835,-5.429716140730351,-5.367387029667677,-5.431520497772819,-5.395959126262202,-5.391611910843345,-5.384837680040423,-5.40075645917527,-5.398085874014631,-5.400801321676989,-5.402162810347642,-5.400846010432059
2012-08-14,-5.993820900838045,-5.191702798157317,-5.245078650955286,-5.193635870046696,-5.218862973044469,-5.164820499474866,-5.263561727745151,-5.1917609199447154,-5.188195317508892,-5.1860210856852875,-5.203105680125596,-5.199570795335798,-5.203085339985631,-5.204103727382616,-5.203184145432326
2012-08-15,-5.712328702801031,-5.620833194090779,-5.585721927052194,-5.626114462950756,-5.651763342038172,-5.588363257399431,-5.5890716879852675,-5.62105325163242,-5.616274882330505,-5.610331996918561,-5.615230686768492,-5.618122623610952,-5.615342658516513,-5.616548800723218,-5.615301545700199
2012-08-16,-6.328791611327532,-5.50705020250153,-5.458822968547124,-5.511242940400613,-5.531909497235321,-5.485398128424018,-5.488816673875167,-5.506982861737443,-5.50569695939967,-5.500321777455165,-5.502777470678108,-5.503651715945647,-5.503092796497086,-5.504064228391824,-5.50285230829648
2012-08-17,-5.812058605495062,-5.855409807834663,-5.732851585414935,-5.860260130216737,-5.888710847874945,-5.838499996825038,-5.726588216716751,-5.85547814618211,-5.853079511333374,-5.853067737086986,-5.834900943448711,-5.8367527560993935,-5.834992030490576,-5.835981379549837,-5.834941055288698
2012-08-20,-5.279448634701281,-5.628629882575669,-5.577766711397677,-5.630243447055766,-5.650489322542705,-5.596773399988344,-5.573892488725333,-5.628640078946424,-5.627149380428419,-5.610899141251566,-5.620912090768077,-5.6248326315454396,-5.620926891504533,-5.6220788140872795,-5.620995698764939
2012-08-21,-4.788982508147086,-5.383418339817347,-5.351605102398455,-5.387064652897932,-5.410595222180006,-5.360358066706308,-5.372514248511006,-5.383167704470808,-5.382444847946223,-5.370209257867289,-5.38060465852498,-5.380229595526519,-5.380707061689733,-5.381637896756003,-5.380690681902032
2012-08-22,-4.817330981422556,-5.039419522072781,-5.07645097640476,-5.04030027560158,-5.062618381751927,-5.00256430714635,-5.108375647058553,-5.039505290243293,-5.037927533196326,-5.018894131106813,-5.048714910335164,-5.044233041145629,-5.048551973797347,-5.049224794646112,-5.04882523811584
2012-08-23,-5.09608616079605,-4.996726279459883,-5.055679946810898,-4.998335417156631,-5.036286345577002,-4.975624976495977,-5.0956657090006265,-4.996318224006356,-4.99267152764634,-4.983839352016008,-5.010250201270747,-5.006336750420992,-5.0102137401612055,-5.010855787192861,-5.010385425992185
2012-08-24,-5.684869286150766,-5.085033840805278,-5.150642753953586,-5.086280016219348,-5.123385654992184,-5.066839244917729,-5.2053122605609925,-5.084742230345149,-5.083049732054829,-5.078376688815316,-5.101167226560163,-5.09585459164917,-5.101130591187122,-5.101848018136738,-5.10128077398779
2012-08-27,-5.04427847047388,-5.373665010077331,-5.397029635564231,-5.374179100358726,-5.409653211437537,-5.346839288486849,-5.428842542361579,-5.373792138133757,-5.3714045817484415,-5.362620915759303,-5.381660429848809,-5.3802393692858566,-5.381526461854194,-5.382804246532743,-5.381783193151161
2012-08-28,-5.838973936531881,-5.053836957407075,-5.12192703722177,-5.05405715978496,-5.077245711930917,-5.038308103780514,-5.185848136275012,-5.055752470222833,-5.053009249732613,-5.040397240551897,-5.070863091785557,-5.06520109854706,-5.070595501560506,-5.07160749940958,-5.070989672638414
2012-08-29,-5.547009034894527,-5.503631829074745,-5.547679049573086,-5.50461147518012,-5.541446063160067,-5.489496631743503,-5.591233207272981,-5.504233933072928,-5.500271120674604,-5.499271986844771,-5.514538408726432,-5.510099468742403,-5.514588759079201,-5.515692662033277,-5.514682306670332
2012-08-30,-4.144902299526039,-5.423990340743667,-5.492451647749186,-5.4274506206356845,-5.442618771083597,-5.4044966239936345,-5.538551868890374,-5.4232868902881775,-5.423570929184154,-5.417791843458276,-5.439145342688723,-5.436297354236048,-5.438991938739468,-5.440254461722065,-5.439247777400696
2012-08-31,-4.840307523590832,-4.625999668284682,-4.688185615907871,-4.628303998597622,-4.667491014257681,-4.621901901360155,-4.729786432519031,-4.6240608678547,-4.623200950745817,-4.625932183230451,-4.638782484170923,-4.634660017602476,-4.638531272890068,-4.638779983385906,-4.638882651370781
2012-09-04,-5.077956781035987,-4.9295288031200535,-4.964059099977435,-4.93096511073241,-4.974415358780707,-4.908175003941414,-4.989237351365996,-4.928898988972032,-4.926323322899612,-4.924528669872309,-4.937286584812274,-4.935603922766649,-4.937616394542336,-4.937419700944663,-4.937390549623791
2012-09-05,-5.311197595038954,-5.044456588262468,-5.103427412149366,-5.046875095661,-5.07618090963268,-5.037894168369798,-5.135171188077726,-5.043174828272495,-5.043042197674257,-5.040758414361124,-5.0564762743044405,-5.051559253388647,-5.056488274386351,-5.056764539340305,-5.056562110593085
2012-09-06,-5.848173823480825,-5.1382910321838455,-5.123701762411578,-5.138869301422483,-5.182300090146038,-5.1140802752252315,-5.1393261154189505,-5.138410194133966,-5.135244642728662,-5.12911877334174,-5.137747197791737,-5.137604544441374,-5.137760240578853,-5.138142217650859,-5.137864944317034
2012-09-07,-5.912270881386749,-5.408478884958103,-5.376952175933537,-5.408472183140601,-5.442114235514144,-5.375652893551424,-5.36129969891909,-5.409399999731426,-5.4073798439806255,-5.394717425812146,-5.4029505613884,-5.40729707914209,-5.4031207826221195,-5.403833678217921,-5.4030728196811655
2012-09-10,-5.69308954040261,-5.584089968779736,-5.550855977963229,-5.584651673648404,-5.607723539822928,-5.560572058101175,-5.554171564850434,-5.584024083671152,-5.584262830917894,-5.578499465118504,-5.5796139883707605,-5.582093706183745,-5.579671695333605,-5.58050102168442,-5.579707831739804
2012-09-11,-5.445508096843617,-5.5448376855439925,-5.535324583242173,-5.544257391160358,-5.558984503533119,-5.515181296427715,-5.533193375449423,-5.545721865661869,-5.544913295474183,-5.541619118949755,-5.544052655785532,-5.543447202397667,-5.543972005511417,-5.544659520825071,-5.544113710161336
2012-09-12,-4.18751253983259,-5.455860421336533,-5.432570359028801,-5.455983009361146,-5.489535048104055,-5.430395409332773,-5.425968332300521,-5.453900130997465,-5.4554684233086705,-5.455108749553008,-5.453853717670257,-5.455264488507313,-5.453939088328308,-5.454807965166333,-5.45394402531901
2012-09-13,-4.904040054423531,-4.685497127222498,-4.710007945942599,-4.684703664595224,-4.71302244092727,-4.659665959257195,-4.728688229761719,-4.689139031276596,-4.683270797685281,-4.68700162295433,-4.690873185234302,-4.689401848371503,-4.69087938877392,-4.690997807121591,-4.690981956241
2012-09-14,-5.740307876010708,-4.983949817137448,-4.917684683706275,-4.983476562652077,-5.017186224662575,-4.96739970596091,-4.921014639829395,-4.987578853486485,-4.981864016185409,-4.987768077148741,-4.972993402499576,-4.97706402268371,-4.973254220895674,-4.973254460214252,-4.973074042224124
2012-09-17,-5.887793259637853,-5.3844232588696395,-5.333224877624956,-5.385078428032979,-5.422432973680513,-5.36485258636388,-5.322800587521257,-5.384218745892223,-5.384724176989363,-5.3867621761983395,-5.375578122704241,-5.378284645286684,-5.375863277782146,-5.376140351673724,-5.37564514086224
2012-09-18,-5.540814106916048,-5.466246577865608,-5.392894306749227,-5.465438255746548,-5.504052916902876,-5.446911755518672,-5.365365438883527,-5.4674555528940445,-5.469819269972917,-5.4637828460082085,-5.453016245864761,-5.459999585705621,-5.453437055730673,-5.453705531430146,-5.4530502708503334
2012-09-19,-5.11993179505959,-5.2983806713907216,-5.22906413538563,-5.298399644140726,-5.338709625356615,-5.2753174121527975,-5.223419058225884,-5.297768182824465,-5.300899228181555,-5.300906209949646,-5.285992154386565,-5.288971456177874,-5.286183864969034,-5.286572973859503,-5.28604164951143
2012-09-20,-6.144917889332579,-5.194931023239722,-5.190154883235267,-5.194781814524283,-5.2305361230044936,-5.175926544267612,-5.213869489167094,-5.197355073646854,-5.198344090606573,-5.199399609157476,-5.195831771348556,-5.195506141437944,-5.196215862643702,-5.196263687413604,-5.1959228011717284
2012-09-21,-5.470375294943311,-5.7806656123041975,-5.643565543910084,-5.7805611134845,-5.815978559830793,-5.759603981109329,-5.631349098024712,-5.783625914315894,-5.7846687800263785,-5.785351539137524,-5.756776650843558,-5.762952730312147,-5.7569168737064285,-5.757384247302412,-5.756813241980445
2012-09-24,-4.773679867597857,-5.439749391742606,-5.423770590114792,-5.439297108601073,-5.468235148777284,-5.418253301023667,-5.4437728129047525,-5.443564145794021,-5.442773654268071,-5.446744091607415,-5.4395450870317985,-5.43873203512004,-5.439447340837647,-5.440072017434261,-5.439620183175025
2012-09-25,-4.961731625147837,-5.016109784035856,-5.05505722313514,-5.015620061902507,-5.038285701206052,-4.989388163726984,-5.072906673235519,-5.018453334110173,-5.018187893475527,-5.018879384101436,-5.024936343514684,-5.023737540847399,-5.024967401773814,-5.025078472476954,-5.025015366738929
2012-09-26,-5.166504467765297,-5.067696496914954,-5.0094596578586685,-5.06749856557647,-5.106796230970652,-5.035560329348223,-5.006283985045256,-5.0692280101081915,-5.070623791479532,-5.072713581975504,-5.058840117528062,-5.062118510816815,-5.058822080087586,-5.059047980543264,-5.058906693902876
2012-09-27,-4.720829229676644,-5.167733419023521,-5.191558907278571,-5.167468567875005,-5.189931150588948,-5.149429250780058,-5.205740086859215,-5.169622658399116,-5.1696572042649125,-5.17064414515541,-5.1733647658669035,-5.171518332801432,-5.173501036117205,-5.1735525444884916,-5.173429190801087
2012-09-28,-4.535970444959178,-4.8772082675245025,-4.938902078585034,-4.877522795682379,-4.909089231118349,-4.876335143467831,-4.976664622007024,-4.875477108204922,-4.8786368695217215,-4.879817016821585,-4.890093761290486,-4.886468789072678,-4.890093385962204,-4.890189936545175,-4.890172911159884
2012-10-01,-4.500208459577182,-4.722526324018853,-4.71364046453063,-4.7226149752303215,-4.765888075479533,-4.711483285413394,-4.7542527355890485,-4.723703639390442,-4.724434291871627,-4.725455094688157,-4.724135182679807,-4.7218649882612915,-4.7240880064186594,-4.724009786730599,-4.724222794779157
2012-10-02,-4.904795608267943,-4.677045823890494,-4.809532888187688,-4.677101410538063,-4.6995044761860045,-4.669534524714929,-4.8677516191607735,-4.674459574894202,-4.677984543272189,-4.681765068681729,-4.7044771542580435,-4.698785620289112,-4.704337757921864,-4.704122429560664,-4.704581625702027
2012-10-03,-4.910127706422144,-4.879361820416662,-4.941463331096093,-4.878973861267998,-4.913683273456609,-4.863729952258497,-4.973331280822377,-4.877739360646544,-4.8808982448354445,-4.886481096656553,-4.892596171101799,-4.889123433941253,-4.8928989340203906,-4.892720775978457,-4.892688262292281
2012-10-04,-4.992648817715081,-4.871023569195194,-4.937089054517177,-4.871019910103514,-4.890654806277042,-4.857059663485693,-4.976815893716554,-4.868748189777676,-4.872032789597152,-4.8790925773351335,-4.886502242966247,-4.8819079053781085,-4.886497290973001,-4.886701626546323,-4.88661500381415
2012-10-05,-5.773853667225645,-4.925777695316857,-4.9699365897928205,-4.925811632669107,-4.9559160544514045,-4.896801624205115,-4.980451788376847,-4.92735548046516,-4.929490561886764,-4.935407615952362,-4.934753837167092,-4.931615607535815,-4.9348393194454125,-4.935017989300844,-4.934890778060892
2012-10-08,-4.866621085511576,-5.372785334150047,-5.360027045859312,-5.372900360632113,-5.395028960943927,-5.3548762199966005,-5.3489115468484405,-5.3672944158548574,-5.377793446355772,-5.3842587712844505,-5.369637632932351,-5.370740846917,-5.369992224222426,-5.370351571458622,-5.369733641119951
2012-10-09,-4.850225325038784,-4.953837345906265,-5.022325956898654,-4.953703207497236,-4.990124722011544,-4.928065109047425,-5.038130050567121,-4.950137938378764,-4.95748993201553,-4.964487096335474,-4.968774282889241,-4.964750480748709,-4.968993359231208,-4.969143886251947,-4.968899401760377
2012-10-10,-5.314015549640053,-4.9386198610142715,-4.980456933297161,-4.93978054781669,-4.966594916783395,-4.928606835047869,-4.99702604475695,-4.9353531028444415,-4.94420705021795,-4.94816637639524,-4.947036311199113,-4.9439924665124435,-4.947269531909876,-4.947379697718558,-4.9471272956408106
2012-10-11,-5.005512973982918,-5.187516059003462,-5.160209744640558,-5.188529860758501,-5.216747928771086,-5.174066547453687,-5.162874026225656,-5.180419764508449,-5.192100813749892,-5.19832446656656,-5.18386154394838,-5.185915333795162,-5.184069562279244,-5.18440931627036,-5.183942694448031
2012-10-12,-4.981341977391304,-5.03554640267828,-5.052664603271402,-5.036809698927642,-5.056624288259945,-5.017851540979412,-5.057163042582812,-5.032992963156065,-5.040994856763503,-5.047632050147917,-5.038393268606382,-5.038110085936863,-5.038535860394121,-5.0388118347592155,-5.0384747046454414
2012-10-15,-5.734581942719685,-4.995602130492175,-5.03500005051722,-4.996244389562139,-5.013489668768231,-4.975088914237744,-5.03481176488146,-4.991844095325578,-5.002450805500025,-5.007403134173335,-5.002896234121313,-5.003546274091116,-5.003136269515228,-5.003432863164429,-5.003011516204001
2012-10-16,-5.678065189120107,-5.415429167332782,-5.35274809529416,-5.415892212352557,-5.435881502925014,-5.400875400905999,-5.362358547214803,-5.4169171409404475,-5.419653843724923,-5.42100287274573,-5.405793818804127,-5.4088360165448695,-5.40599696385228,-5.406432226641033,-5.405846047458947
2012-10-17,-4.910577031807021,-5.438343712351631,-5.326879007809101,-5.439436692201711,-5.460947170110125,-5.406128561200262,-5.299126478053871,-5.436214474889045,-5.442224092516953,-5.453267712752434,-5.418536890140747,-5.427021395636215,-5.418893522572604,-5.4193241352858905,-5.418604987464415
2012-10-18,-4.691601511830396,-5.0277825016807345,-5.022070626300262,-5.029097565630294,-5.063143136965455,-5.002085956190651,-5.027933549877675,-5.0254826475168,-5.031931479438945,-5.0286398202234075,-5.0290847740042315,-5.031548130766403,-5.029201844385342,-5.0293001557137025,-5.029183593253396
2012-10-19,-4.501654148685976,-4.888147786434258,-4.895447253686915,-4.889944751911329,-4.922978554983376,-4.873050622468702,-4.918197049439015,-4.884610502934477,-4.891540965197446,-4.895595482906243,-4.8904820184861,-4.8911038767047685,-4.8907368298374845,-4.890493260716504,-4.8905882667605605
2012-10-22,-4.745361242230097,-4.747266398156982,-4.810372885476272,-4.7496761866648445,-4.782042500585361,-4.727842318908806,-4.837562923472688,-4.742717203228617,-4.7510646389725535,-4.75181776798966,-4.759927146774584,-4.758314710931101,-4.760202622533353,-4.7600273449114034,-4.760030314204089
2012-10-23,-5.0372121764645374,-4.817101289771123,-4.820560043023347,-4.820520935166351,-4.845973093975082,-4.787335996207672,-4.8088329956459726,-4.812410282406616,-4.8210765738310375,-4.819222176508239,-4.817421658721001,-4.817853094784214,-4.8176090868820385,-4.817438435275752,-4.817495579432858
2012-10-24,-4.585134172191132,-4.936540642119601,-4.897865013550547,-4.942202479729897,-4.971316783476973,-4.931990232138129,-4.902560535579318,-4.932837589388588,-4.94063546100002,-4.93863540738805,-4.929754065703343,-4.935329390004966,-4.930241857117334,-4.930149982226885,-4.929818128333886
2012-10-25,-4.270089721650954,-4.690953232380904,-4.660642016110778,-4.69386209659241,-4.720368861809813,-4.682538919797525,-4.6786275236886405,-4.686172825061457,-4.69394351382505,-4.692664990732011,-4.68699951795625,-4.691006271112887,-4.687427366245437,-4.686938157506885,-4.687038806426019
2012-10-26,-4.884453366138375,-4.496544347242374,-4.533175725006633,-4.499803552030119,-4.525231334695952,-4.485954890859331,-4.550023163980682,-4.490432413200934,-4.499959404519457,-4.503556593721384,-4.504563304492677,-4.503675321221793,-4.504805863786361,-4.504318962311416,-4.504606761531043
2012-10-31,-5.091756598268934,-4.81862913684998,-4.7438992257667385,-4.823841564224766,-4.845803118137508,-4.822154992032666,-4.721995181239715,-4.806799275066554,-4.822756808862344,-4.822829178943266,-4.8046752216115,-4.811049362887953,-4.804850510694011,-4.804861415000744,-4.804648879687335
2012-11-01,-4.751898755569445,-4.943053018607231,-4.852443087340249,-4.95048440113454,-4.982344762978126,-4.947231222033032,-4.872924390587298,-4.938732271604625,-4.950432657479737,-4.948237515662869,-4.9282507504989805,-4.93304664922446,-4.928424418619776,-4.92908649022178,-4.928280390742568
2012-11-02,-5.258644204881882,-4.763417309338722,-4.77045546935314,-4.765945162641371,-4.793412207046068,-4.752982265986811,-4.794472527011511,-4.762791797526282,-4.770211560085029,-4.767271584266402,-4.766841425356222,-4.765275902010043,-4.766894328594196,-4.767076946655768,-4.766921438850572
2012-11-05,-4.915825946807465,-5.053835060747631,-5.042311062887242,-5.0596980098974855,-5.076411097583267,-5.042371595449148,-5.0449988592156,-5.050942696524744,-5.057054378705759,-5.058457173250325,-5.053112182844587,-5.054143441358297,-5.053284204954696,-5.053907549760615,-5.053138683929137
2012-11-06,-4.059835140536351,-4.93987435898528,-4.947742824447236,-4.949626580722746,-4.9752514407017365,-4.939890742306758,-4.9667328505231705,-4.933969516134724,-4.948765612545984,-4.943816412187946,-4.942721457790291,-4.941460640523793,-4.943041406274433,-4.9435331245956995,-4.94281861987471
2012-11-07,-4.120479885189996,-4.43391187676886,-4.416188840419631,-4.440045328831214,-4.458574767315443,-4.445432593223401,-4.445661382916996,-4.429547107464598,-4.435647108879773,-4.437922288049467,-4.433036265214934,-4.434457205305056,-4.433117147433313,-4.432417250023442,-4.433036875977202
2012-11-08,-3.993877212638758,-4.391651813775544,-4.461686585329785,-4.396055367745243,-4.402098387801013,-4.385472230851936,-4.4892910505864405,-4.38865207764809,-4.393244883535759,-4.396513822650066,-4.405516165234402,-4.403314513383892,-4.405591919847096,-4.4049968575597225,-4.4055519242007515
2012-11-09,-5.34310222603858,-4.26755727101744,-4.294337588266933,-4.2712103262103165,-4.2784013902830145,-4.248071776853498,-4.309681150520572,-4.266237757335425,-4.268456583684281,-4.265821907365357,-4.274083271625161,-4.272871861612742,-4.2741576353370725,-4.273327362263173,-4.274105044801139
2012-11-12,-4.295173315828335,-4.935709142361503,-4.991570153528079,-4.9470676603676225,-4.952994212257927,-4.916701585011709,-5.017187920252926,-4.931993321419767,-4.93663904011748,-4.938661553243431,-4.948356861410187,-4.944449157741556,-4.948485559411152,-4.948513858844818,-4.948386146010237
2012-11-13,-4.296646448290761,-4.387871058145071,-4.457371873407752,-4.39557826785213,-4.398249041720736,-4.375417459344153,-4.4700023274740115,-4.385120716580641,-4.387152216859653,-4.391597817634147,-4.401751237975261,-4.398982876399069,-4.402278063980628,-4.401370271306772,-4.4017322027287
2012-11-14,-3.940206568073698,-4.396605105639447,-4.44485998027953,-4.402729597278809,-4.410051035124178,-4.3895339670357565,-4.460355706418866,-4.394261509921853,-4.397260568666004,-4.401222557110259,-4.407040925953509,-4.403484510209966,-4.406923205342826,-4.406749606803212,-4.407071376106665
2012-11-15,-3.767239571595364,-4.1982777987741215,-4.247752216355623,-4.2041562019458985,-4.208046395567209,-4.184285765781242,-4.249163841948809,-4.194418862181823,-4.201043258611182,-4.205856525218391,-4.207961323344261,-4.2064812424943,-4.208212046390312,-4.207642666530273,-4.2080032330683546
2012-11-16,-5.081780414162599,-4.081812043906183,-4.169908376006678,-4.08879307628865,-4.096181727907759,-4.072433792156541,-4.193414146684637,-4.076552374694389,-4.084066917387111,-4.088426785568406,-4.098391389870571,-4.095370516871652,-4.098466315055278,-4.097630757187066,-4.098418904230097
2012-11-19,-4.597803026890288,-4.716806886226209,-4.7481301429438405,-4.727327217848691,-4.728306112658854,-4.714047020471062,-4.742231418881043,-4.710501673860272,-4.719241701924985,-4.722383604811237,-4.721363556920259,-4.720034523361912,-4.7217886852499165,-4.721402129872345,-4.7213898277060204
2012-11-20,-5.677773990628955,-4.491732150669887,-4.556921923673425,-4.500050277577518,-4.505106886001094,-4.482163579694012,-4.5716115898350616,-4.488061827921657,-4.492539553360431,-4.498690328582812,-4.504824022281253,-4.502447017796458,-4.505040235114281,-4.50473886252053,-4.504844476122961
2012-11-21,-5.168984339294679,-5.069436778908681,-5.103874419720726,-5.082353506578522,-5.080264559152449,-5.064276587830913,-5.1108028379863795,-5.0665707251952625,-5.069252721265844,-5.07274468311118,-5.0766784573521315,-5.075177824436307,-5.076798847414839,-5.077188791721049,-5.076721013480923
2012-11-23,-5.398188631923941,-4.901430409664414,-4.880328304471089,-4.919732981811426,-4.917649121737982,-4.913492674047723,-4.884791055997563,-4.897537634620867,-4.903829581436206,-4.900562052153417,-4.897712933467258,-4.901201516947698,-4.897920351009287,-4.898058343470296,-4.897724795802073
2012-11-26,-4.528832722469322,-5.167604728374267,-5.153306122306475,-5.181135257194602,-5.171795271499103,-5.162654461087182,-5.147832212671564,-5.164578062366267,-5.16724195817257,-5.170339638324748,-5.165309973865581,-5.16766083823339,-5.165403566083429,-5.165994261509581,-5.1653230599401825
2012-11-27,-4.093752669199812,-4.6965357465571795,-4.771799045939372,-4.7044205735186955,-4.705476969155136,-4.690988095269055,-4.807017217136115,-4.695699189874842,-4.696059175205755,-4.698765219701593,-4.71192248724327,-4.707055645954977,-4.711796296202782,-4.71215437594119,-4.711930486185556
2012-11-28,-4.5921586700716714,-4.421761948726445,-4.509360248105978,-4.430822735524482,-4.436571581254514,-4.398697213069577,-4.520520963944934,-4.4197168927859645,-4.423168708848768,-4.424437271119588,-4.437669239749509,-4.436134384761397,-4.437802035929088,-4.437778005104329,-4.437723665807962
2012-11-29,-4.873456159793325,-4.619783729158756,-4.679066456415512,-4.6352175209414765,-4.634710152698076,-4.611870436914756,-4.714559169451229,-4.616276952241521,-4.621096279157025,-4.624613732439131,-4.632385531116072,-4.628629759145182,-4.6325331281275455,-4.632524576830884,-4.632401298310808
2012-11-30,-4.789810498409482,-4.749568157087141,-4.877239392350222,-4.762882277418014,-4.7524986311021,-4.7490182906121206,-4.921270709105227,-4.747172030284019,-4.7488939712807285,-4.753939097920478,-4.77429400906893,-4.767881951108936,-4.774453910879056,-4.774656602753989,-4.774317416404414
2012-12-03,-4.579681475355307,-4.685686939705613,-4.761406121886975,-4.700967622935045,-4.698549265442931,-4.696414675277512,-4.8023457142386725,-4.681632247651495,-4.683345902197608,-4.683021639490373,-4.701646993646096,-4.697265433957371,-4.70180876567991,-4.7019197837586475,-4.70163294283906
2012-12-04,-4.268330354366873,-4.582975829426878,-4.676277822282253,-4.599768758102238,-4.602581003858038,-4.564310821729768,-4.704769376377547,-4.577299868209599,-4.585924867181196,-4.587474952395166,-4.600880300453588,-4.597118235924073,-4.6009903526230325,-4.6011502957834685,-4.600920772987838
2012-12-05,-4.9240168106656315,-4.442619752538135,-4.568557013706928,-4.458411268072428,-4.45274210724146,-4.436441340564776,-4.60063877890112,-4.435321428537447,-4.441936552357891,-4.452550735514436,-4.466271941156695,-4.461779858619005,-4.466594992655859,-4.466400550061886,-4.466292514196526
2012-12-06,-5.228045421745369,-4.779691575096281,-4.889896115096896,-4.797753815898755,-4.781544870862711,-4.755763097802705,-4.919125662409523,-4.773805455645629,-4.774808994325558,-4.796213147595714,-4.801036396457556,-4.796991780285662,-4.801449035328739,-4.8017105689872785,-4.8010787927668686
2012-12-07,-5.738174606645344,-4.9445521283128455,-5.030986936057878,-4.965993339024766,-4.958002769803843,-4.945902711838893,-5.055024029534683,-4.938257808283343,-4.945749932889897,-4.954993601882942,-4.961759897447864,-4.954336441156661,-4.961973074800184,-4.9631084360837665,-4.961805315793204
2012-12-10,-5.505781615996102,-5.240533812002703,-5.273291068727579,-5.261688113419714,-5.247095953336414,-5.212209209123081,-5.279677751077241,-5.2371380623727255,-5.240521252694366,-5.261585391980368,-5.247509762792221,-5.245415064390599,-5.247986037525046,-5.249233343153319,-5.24765091563687
2012-12-11,-5.1956280887530655,-5.186480256473703,-5.229923714856078,-5.201822165898986,-5.185812494309741,-5.170004553819818,-5.256783291962293,-5.185481368994909,-5.184044272237215,-5.200697256408523,-5.196394233424349,-5.19151908459263,-5.196300840741912,-5.197844180975557,-5.196464162718775
2012-12-12,-4.70453556183394,-5.1355922484108865,-5.146534847301939,-5.151252004400116,-5.130020817629362,-5.1201676795375155,-5.160312889117562,-5.133712328125887,-5.133603015532189,-5.155676343288926,-5.139156836246691,-5.137773159494431,-5.139469797028359,-5.140330403521146,-5.139222779305662
2012-12-13,-5.30133315039492,-4.871414049491827,-4.956915989548651,-4.888532075897387,-4.880177608889305,-4.87158844206192,-4.976750974391989,-4.86900834122975,-4.871670020606477,-4.877565707452311,-4.887979704949537,-4.88348096333212,-4.887894356567605,-4.889052737665923,-4.888043205808399
2012-12-14,-5.355149732693699,-5.174671253679646,-5.213336977919373,-5.194406106576818,-5.1922428485080205,-5.170549910623257,-5.213417501065401,-5.170941070722771,-5.1765975988035775,-5.1823977199527,-5.180850738984519,-5.1776686082149705,-5.181082253982563,-5.182090745249086,-5.180949579035385
2012-12-17,-5.0361264092838285,-5.191158600014037,-5.199319982783456,-5.205119819524175,-5.197613315189796,-5.171606135857732,-5.214170413734624,-5.189814611399224,-5.190631997913328,-5.211862094795711,-5.192983039166896,-5.193434818215942,-5.193198872748152,-5.194128793161102,-5.19306264954123
2012-12-18,-5.2401643146384895,-5.020049508627291,-5.061618362117619,-5.0363192071500595,-5.030521463317121,-5.013506659478334,-5.083099894065651,-5.0175810982613145,-5.022433478078657,-5.028500307402063,-5.028062257181624,-5.023192291049477,-5.028120420193985,-5.028951642488885,-5.028141000498471
2012-12-19,-4.957944780936026,-5.138171962777541,-5.146887517905681,-5.157884037200106,-5.1556699332766485,-5.120399010127074,-5.17339983244995,-5.13611648816052,-5.141266877696136,-5.162697304988526,-5.141077812599646,-5.138401356392771,-5.140651213429881,-5.142485595753575,-5.141200636877671
2012-12-20,-4.53507616972462,-5.0207856870702265,-5.06529828831046,-5.036702030935961,-5.016095924023987,-5.011503973204609,-5.0904332472083595,-5.019553092181471,-5.019286376260628,-5.0308493177835105,-5.030683836622653,-5.027378437742944,-5.0307290604583805,-5.031538092482951,-5.03068330004118
2012-12-21,-5.996566190118848,-4.755400134462898,-4.822925685034212,-4.769039288130147,-4.768096923745337,-4.75681692209182,-4.8599685146818805,-4.754349697567116,-4.7579457812836266,-4.769803662909281,-4.769513257628604,-4.765540661792973,-4.76970758810003,-4.769622953682068,-4.769543522962711
2012-12-24,-4.991990019199134,-5.48924170578243,-5.5391669642463945,-5.504476330191049,-5.488552625641725,-5.500778254469205,-5.561363293925144,-5.488358712316661,-5.48682671550904,-5.480036677753619,-5.499278827267423,-5.495310662656566,-5.500139149983163,-5.500296334663237,-5.499341773214814
2012-12-26,-4.038643558338952,-4.997229065580049,-5.1089021198806766,-5.013855745747029,-4.996419512691914,-5.002063414517801,-5.159755404196784,-4.996270616128939,-4.99556530324252,-5.027213790239491,-5.020296439836615,-5.0125325299519865,-5.019969110881493,-5.020864058300526,-5.0203729578041285
2012-12-27,-4.3118916194546895,-4.425690585124904,-4.546125974952381,-4.435952297111755,-4.43714076480683,-4.434503231173429,-4.597098753988804,-4.425071881004027,-4.4284829707306805,-4.439793752298075,-4.450366542029203,-4.443960426895222,-4.450228686473945,-4.450088396503458,-4.4504209927438945
2012-12-28,-3.6416712107065883,-4.510662430937149,-4.709050223287309,-4.523328442458428,-4.509990419905646,-4.525320338201077,-4.766181132088757,-4.510064618170567,-4.513652913704737,-4.520092962316578,-4.549079931698674,-4.54248636160489,-4.5489396603672585,-4.548598220269693,-4.549108725758435
2012-12-31,-4.866371641690737,-4.095403574641262,-4.24049466980066,-4.107370165072389,-4.113003106816405,-4.112573149375313,-4.302620682669583,-4.094980119927962,-4.1013320194841825,-4.103023093421714,-4.1252264504236615,-4.11999608708205,-4.125098952703054,-4.124192098635287,-4.125239418875639
2013-01-02,-5.223519434225817,-4.660617721214858,-4.699011968861908,-4.681214970050568,-4.676311356811118,-4.670552505802351,-4.725926291686636,-4.65944284658829,-4.665032140105521,-4.666704207275611,-4.668259065715519,-4.664154082317472,-4.668262027274339,-4.668026905067939,-4.668275259333529
2013-01-03,-5.6577089623539605,-4.840090338295321,-4.867161332830387,-4.858958005397068,-4.850364510794991,-4.843308425861037,-4.8800631430681864,-4.839767319315508,-4.849597048792641,-4.849104010695001,-4.845812810549859,-4.8442821675463765,-4.8459470860209555,-4.845839463392028,-4.845825598831235
2013-01-04,-5.848087354132776,-5.1293769796375726,-5.138897681652485,-5.147905527085149,-5.146033958927174,-5.113993026610996,-5.145031521122105,-5.129583715938532,-5.127201841894897,-5.147918162557512,-5.13287597090939,-5.130373576054221,-5.133052580532106,-5.1332155305472025,-5.132928106864689
2013-01-07,-5.443976407927258,-5.2976297158523105,-5.296508579936391,-5.318573427473056,-5.301757867832697,-5.286880373377481,-5.2820048996869975,-5.298800583307007,-5.294039488780182,-5.308327872401411,-5.298085276575533,-5.298046328148051,-5.298315986341871,-5.298660589518468,-5.2981023728670396
2013-01-08,-5.78287212893843,-5.315465404813629,-5.319038299735553,-5.343026026479695,-5.3245030532136814,-5.301686714923684,-5.320936436492155,-5.317235519808359,-5.313643239752756,-5.336089167216693,-5.316932619550524,-5.316035115713747,-5.317053190560283,-5.317661577534149,-5.316979756856555
2013-01-09,-5.228080308497329,-5.551994500908719,-5.517588495922525,-5.575945031937346,-5.568613298849378,-5.530738868535403,-5.512118679559466,-5.55427664405916,-5.558989640944118,-5.569618567281416,-5.5472958810753825,-5.55066275532537,-5.547283153759258,-5.548056309493314,-5.547364632198514
2013-01-10,-5.867609068530963,-5.284080155902819,-5.325320800470321,-5.305607801122543,-5.276857705960556,-5.256328984614465,-5.332720410416276,-5.285450676798461,-5.278284001645154,-5.302425699481668,-5.293849294182975,-5.290355040489565,-5.293737659362508,-5.294376910648772,-5.2938970828701315
2013-01-11,-5.704059753738829,-5.603952941968716,-5.5837173147536,-5.622718869769486,-5.599263397334119,-5.572800880864741,-5.572762546355448,-5.604818608599092,-5.604679387201958,-5.614741124428096,-5.600612143847509,-5.601659744167745,-5.600767766484508,-5.601152430837047,-5.600670275067563
2013-01-14,-5.849658221330236,-5.519536987805457,-5.519478844866133,-5.5494810637418945,-5.523984945003621,-5.494714175486241,-5.526003409119786,-5.5225906360695864,-5.519808341835603,-5.528764822882693,-5.52043097406488,-5.521063000566366,-5.520371791215863,-5.521289200247954,-5.52048745629274
2013-01-15,-6.480625342346608,-5.619156812781031,-5.586677174111142,-5.641910646784949,-5.62084986012242,-5.594160591316146,-5.580506881147557,-5.6216942559224,-5.619270899627087,-5.635475631406624,-5.6147418045562745,-5.617487902881489,-5.614860989115333,-5.615626937062313,-5.614790382452606
2013-01-16,-6.195201559505078,-5.962162928869175,-5.859307788671242,-5.9873611881663455,-5.958314384378115,-5.933873161701236,-5.839298380141117,-5.965262573750301,-5.961723257850708,-5.975341154301364,-5.943888530591934,-5.949101184010974,-5.94422995874509,-5.944805477427537,-5.943961844518173
2013-01-17,-5.933853599224326,-5.903895977264897,-5.806062552070463,-5.919853323595283,-5.900108177578894,-5.8839510392126515,-5.791422625234419,-5.905506024492529,-5.903377589555112,-5.9138424939311305,-5.886563622276541,-5.894080120300929,-5.886706084117677,-5.887296650101028,-5.886593265263165
2013-01-18,-5.739995844119775,-5.7842505614011595,-5.718194493519621,-5.795502175995246,-5.782487835079992,-5.756145234173734,-5.713008809589254,-5.7859003084769824,-5.785266545482679,-5.8020753933314575,-5.771662021957361,-5.777083691400773,-5.771776009057298,-5.77211743716906,-5.771755215490172
2013-01-22,-6.437689638646566,-5.696997395242373,-5.641338568450838,-5.722829441925867,-5.705023022908768,-5.677889599063174,-5.647853308953366,-5.700905385850502,-5.699488763684522,-5.710638298065741,-5.688303981380696,-5.691560793183994,-5.688347916930644,-5.689344166683207,-5.688373710730796
2013-01-23,-5.401267223314668,-6.071091855153006,-5.903771702243567,-6.109979924717898,-6.085672658747111,-6.060667883488746,-5.881014724308529,-6.077719403993706,-6.072808649512869,-6.079425037670786,-6.040746405185438,-6.051314448508528,-6.041374378179842,-6.042112115877639,-6.040823429233826
2013-01-24,-5.41701854405383,-5.501203804030072,-5.405197140646573,-5.54057635743235,-5.510071060806634,-5.490915589099008,-5.404821458834219,-5.507693056645006,-5.500980979860952,-5.506143384073818,-5.484196521272467,-5.490537319334438,-5.484508362932637,-5.484448577533834,-5.48421318254238
2013-01-25,-5.875815425689852,-5.46639269121652,-5.437396067252124,-5.497745320006818,-5.470341033313526,-5.457974801442039,-5.447300525248325,-5.472509825086792,-5.466301586230655,-5.471481780322157,-5.462529003415766,-5.466582325951877,-5.462825460181023,-5.463051743894082,-5.462544005030712
2013-01-28,-5.685695425863114,-5.68149004437196,-5.612219856031447,-5.71020997815171,-5.688736376444062,-5.669658747232951,-5.588513980840699,-5.688932497974816,-5.683774289967831,-5.688063368512735,-5.667327598855703,-5.6721443282458495,-5.667582004895198,-5.668122442908115,-5.667388818769517
2013-01-29,-5.6257104919623035,-5.59312241023164,-5.5682641629539775,-5.63058786404548,-5.596486471628949,-5.57361398199792,-5.549212186449952,-5.600009741346178,-5.593020128632914,-5.593236297675843,-5.58844240899313,-5.592418399849947,-5.588621343730989,-5.589278909146464,-5.588471382627247
2013-01-30,-5.1172346443948875,-5.548318303462317,-5.498742019501386,-5.582403751105515,-5.559015793279523,-5.532444458088056,-5.481733917624391,-5.553968531919598,-5.55187189449709,-5.563056539575653,-5.539952203482419,-5.5456666888076285,-5.540309376310635,-5.540713743277335,-5.540002333904677
2013-01-31,-5.713831832769785,-5.291247647405824,-5.249224002433786,-5.3116195485652415,-5.299396775717067,-5.27901590911121,-5.242598988642379,-5.295367534085672,-5.291444930071108,-5.2965069906664874,-5.283660095991185,-5.288845507545924,-5.283900699237912,-5.283703111757011,-5.283715829898923
2013-02-01,-5.523574534009713,-5.633433606813977,-5.522187229563777,-5.65511787754069,-5.632446026057789,-5.627022448024044,-5.510382095841355,-5.636558893418359,-5.633339238033564,-5.6375407613568935,-5.614109483034591,-5.619215517914626,-5.614492204094582,-5.614344409545916,-5.614121900217572
2013-02-04,-5.739809521001336,-5.531132247744396,-5.451800568981892,-5.554189333278783,-5.533995539061177,-5.51773367344446,-5.44743238293216,-5.534369559673994,-5.531453717460688,-5.537042691237404,-5.517967554706481,-5.521557314388738,-5.518188350492338,-5.518345748490352,-5.5179882790237
2013-02-05,-5.565350883519895,-5.642207259137566,-5.554299833020364,-5.661436371815066,-5.654798926263727,-5.6377203003824485,-5.551916964188747,-5.644532617554817,-5.643279176833575,-5.650071494927665,-5.627636840263935,-5.6348276500718075,-5.628115548372579,-5.628071947747656,-5.6276299103413505
2013-02-06,-4.8113931449472815,-5.5547626654315625,-5.490328355386396,-5.570403616556164,-5.558554928758113,-5.541494971076405,-5.465799115432552,-5.5583634400618385,-5.555308245516363,-5.564561330160392,-5.541405696560274,-5.55004183769723,-5.541766614767799,-5.5418981164223835,-5.541437479810484
2013-02-07,-5.740441310372305,-5.151043867273523,-5.1171435588038845,-5.175471646650793,-5.1433584786704225,-5.150812372288512,-5.118782493949704,-5.15495804715656,-5.1474501522333656,-5.152784897394631,-5.1460735359178065,-5.15000710335186,-5.1466750284451575,-5.146021533722193,-5.146038696962333
2013-02-08,-6.410672595491016,-5.5967506440759704,-5.570068819258197,-5.619305729798553,-5.596604268421117,-5.599277946471387,-5.565613773524653,-5.600172085455083,-5.5948802061879865,-5.597032188851915,-5.592265253062502,-5.596489811595381,-5.59246075542096,-5.59271385691273,-5.592246167842885
2013-02-11,-6.228278849645015,-5.957805247716385,-5.870850301012215,-5.966802866286349,-5.9561593200127865,-5.940412135774955,-5.8536805730537935,-5.958677258286431,-5.955923729314702,-5.9631232072208435,-5.943791591343352,-5.9510747146832355,-5.944113142257915,-5.944489639641626,-5.943822816064105
2013-02-12,-5.441051239930575,-5.900659092852999,-5.836578854056696,-5.917017958593873,-5.903228031081809,-5.884591845388017,-5.821528720786976,-5.903381054899205,-5.8997234339225395,-5.904838751627463,-5.890387107318086,-5.895585495851098,-5.890690781624792,-5.891153684283414,-5.890410828928885
2013-02-13,-6.235248467438205,-5.512126477071534,-5.525400394628862,-5.530040847298669,-5.508573262798259,-5.500646459589071,-5.547734022075716,-5.513074542247998,-5.509857269216207,-5.515879226967552,-5.517785166994976,-5.514677700824709,-5.517578888991569,-5.518573794544649,-5.5178173622719555
2013-02-14,-5.7467135169773815,-6.019494995587266,-5.892667302704738,-6.051274465097311,-6.018212742156587,-6.023820380208805,-5.868552781394744,-6.025274251021299,-6.020998083279732,-6.023410125727565,-5.995868745684109,-6.004573251335812,-5.996242915303296,-5.995956092362649,-5.995886571845663
2013-02-15,-5.732875433975393,-5.786360018367205,-5.698965455854418,-5.8162414505459825,-5.7665781058985885,-5.78657639738356,-5.682142001096006,-5.790333300585096,-5.785196692453572,-5.787645436739594,-5.770630373449225,-5.777536703770192,-5.7710295935056655,-5.770571760231437,-5.770618073514067
2013-02-19,-5.149614628625649,-5.739223721917023,-5.669515405829071,-5.761328584721075,-5.73659741767765,-5.737945421027597,-5.676832072532611,-5.740317777319593,-5.738839657891234,-5.741754096243682,-5.729589056852228,-5.7342768452968,-5.729663743478975,-5.7302109720479875,-5.729650009307306
2013-02-20,-5.069707663892869,-5.378715377339472,-5.3379295126048785,-5.3939926707656864,-5.384362666967499,-5.367979847730044,-5.322443041064034,-5.38189273989521,-5.3790601431471945,-5.379565409057736,-5.3713080904106185,-5.3769821968207765,-5.371622970498057,-5.371305180126361,-5.371330487027707
2013-02-21,-5.569270907555789,-5.300033755017997,-5.197692172738888,-5.318023696511137,-5.30636117348164,-5.287779051538138,-5.168792986944163,-5.303465877549838,-5.302946190914931,-5.300375312096371,-5.2809585283731435,-5.288399646850179,-5.281313304374395,-5.280644974918985,-5.280970278035814
2013-02-22,-4.012225125804272,-5.50938890454399,-5.4543123814541525,-5.533752256818295,-5.510612097796479,-5.501430715211937,-5.4341715187038515,-5.512684025664287,-5.511305697589443,-5.5095399324861605,-5.498205256714887,-5.504988380259004,-5.498368126192317,-5.498412167068967,-5.49822750910714
2013-02-25,-4.478037571942417,-4.573262627706348,-4.647312411516384,-4.587587625958607,-4.580286960150086,-4.572720846415898,-4.678727634985291,-4.574987211959687,-4.57424588596471,-4.572834038997677,-4.588701955755578,-4.5844431893319735,-4.588673748292732,-4.588486130105561,-4.588727845376472
2013-02-26,-5.00161601618513,-4.719286375915238,-4.680499375447142,-4.73747702170025,-4.741287335966254,-4.697759833212379,-4.665447439355024,-4.722227224823292,-4.722998198092103,-4.718312830781609,-4.711604542972496,-4.716514091243383,-4.71205030073369,-4.711206282232878,-4.711656393350803
2013-02-27,-4.889584296770626,-4.95869212631956,-4.948172975085477,-4.971179194847282,-4.960320274471355,-4.943563121098539,-4.963021346754869,-4.959105030276374,-4.9583496841205505,-4.957731771810321,-4.958299749347376,-4.9591790332906225,-4.95857492538162,-4.958353851322469,-4.958323745229855
2013-02-28,-4.355889965467014,-4.89018347981995,-4.942747673674054,-4.899746651723123,-4.898764690742609,-4.87059409892559,-4.963346988698957,-4.89063866877323,-4.889934642188867,-4.889405740027057,-4.901721335385612,-4.898884657379485,-4.901716065182085,-4.901689879378883,-4.901746162254947
2013-03-01,-5.3176125309394,-4.566531234778068,-4.609013896299482,-4.573335544913152,-4.584607673502909,-4.541169313948178,-4.617108324899275,-4.5672534291036895,-4.569212448467774,-4.566096835993779,-4.5753341036566075,-4.573318876668353,-4.5754017583349915,-4.575058682455141,-4.575351142834698
2013-03-04,-5.4819329003037645,-5.108825317001066,-5.099118932037229,-5.123200357668101,-5.109476427797452,-5.089379251908147,-5.073949565179463,-5.110722781593699,-5.105288485495643,-5.106613213738065,-5.106116351597712,-5.108647355067462,-5.1064469308303115,-5.106129911207645,-5.106159200448596
2013-03-05,-5.625700164694104,-5.248930038033148,-5.213815996912843,-5.26734014157926,-5.25467613446997,-5.223474505360527,-5.199307180535704,-5.251810868113941,-5.246811344060415,-5.245911754685762,-5.241914005704772,-5.245405916274088,-5.241946031797906,-5.24213444235204,-5.241967171540126
2013-03-06,-5.944305467296485,-5.346869833833399,-5.31435334782149,-5.362803330589418,-5.352551786955505,-5.330606124040764,-5.315609454591726,-5.349585078059892,-5.345660540084839,-5.344535702370028,-5.341170899964979,-5.342405180799686,-5.3411561843815125,-5.341450809597603,-5.341215362551299
2013-03-07,-5.849350631257847,-5.553346114847809,-5.508848491645033,-5.573599385933605,-5.548172422039399,-5.542961169997234,-5.5031295075031395,-5.557344879115942,-5.553278262240452,-5.551141803177293,-5.545423477171362,-5.550723337980087,-5.545685270675553,-5.545925900521823,-5.545486868556566
2013-03-08,-6.274475105784166,-5.649108193759054,-5.567827060054602,-5.659544251154302,-5.651469617204699,-5.627102818059252,-5.553867472203338,-5.64985956128277,-5.648768913585062,-5.644513864632389,-5.634343262676502,-5.638206927044546,-5.634602961330988,-5.634579934396789,-5.634384851493092
2013-03-11,-5.507234137880921,-5.914101098263112,-5.8369850209650975,-5.9331660717278725,-5.925394994510178,-5.89513150398096,-5.811971109345718,-5.9201977570467434,-5.915265097619818,-5.914153977871899,-5.898907614119935,-5.90444436731493,-5.899403362423347,-5.899812387652167,-5.898970309648472
2013-03-12,-5.733015044990419,-5.555133249418471,-5.567235880949938,-5.577121190893251,-5.560676692909445,-5.540197903974211,-5.555365300536896,-5.560187339369294,-5.556218742324924,-5.554573862380761,-5.556404628547223,-5.555134378948525,-5.556395775653105,-5.556935274945189,-5.5564881720210835
2013-03-13,-6.590613238514603,-5.6711216717125925,-5.666589343863841,-5.696159982531946,-5.682631481890005,-5.652768650184975,-5.656127505724653,-5.675177194993834,-5.674323530456642,-5.669192438605472,-5.670405600914915,-5.670849169393339,-5.6707007469465776,-5.671060566088793,-5.6704898611638965
2013-03-14,-5.887953931501673,-6.1108419297807615,-5.999249204631636,-6.133126390819938,-6.116032207972138,-6.098391044409498,-5.972124373270122,-6.115112423791823,-6.113280691075145,-6.109717775429205,-6.089462263912211,-6.09607666838358,-6.089710215349541,-6.090126311718602,-6.089523426362922
2013-03-15,-5.22862290166109,-5.776968367367228,-5.704721270993366,-5.796123786249279,-5.783328775191043,-5.762416031757005,-5.693967845287419,-5.779096245537865,-5.779194768363828,-5.7774689388828335,-5.763484769318467,-5.768797182177767,-5.763496441046384,-5.763897752473488,-5.763560764691998
2013-03-18,-4.217702036138275,-5.3864991581921196,-5.389126597159181,-5.401939853454348,-5.397933677770853,-5.373173376472443,-5.384449758207837,-5.387927597994275,-5.387745635111634,-5.3863988247000005,-5.38710436202873,-5.387068443897924,-5.387172485121408,-5.387511988428254,-5.387174952909073
2013-03-19,-5.322113510520873,-4.730671843334511,-4.77753756921491,-4.748009071159233,-4.736926261068889,-4.728028649493968,-4.792398553574862,-4.732413000733774,-4.730399533520941,-4.730115713951273,-4.739695706090247,-4.737975505998621,-4.739629839156828,-4.73968655835946,-4.739756447567915
2013-03-20,-5.015496917932075,-5.235605289237125,-5.24263423635229,-5.262699079938174,-5.241962155488739,-5.236565800242258,-5.250601869031853,-5.238263852075312,-5.2356248601601605,-5.235936272308818,-5.2371710540799965,-5.2357292825961625,-5.237247961168125,-5.237283294216879,-5.237209873861244
2013-03-21,-5.55394572474692,-5.033322405062004,-5.082630693496507,-5.062700446917427,-5.039068412447392,-5.022683689003378,-5.09640505189764,-5.035752530785116,-5.033411596873208,-5.032989249016269,-5.042749443384664,-5.040692118158734,-5.042764772532783,-5.042746164612574,-5.0427945956524765
2013-03-22,-4.442741858746889,-5.28030464000761,-5.321433593749692,-5.304839762662843,-5.283168550346039,-5.277268371379703,-5.343726925627267,-5.282283734756978,-5.280161569684089,-5.280034082784535,-5.289219064976652,-5.286312342528285,-5.289121409897777,-5.289533883205654,-5.2892542259744895
2013-03-25,-5.462280236165211,-4.695697589984326,-4.800330686173634,-4.717270139127439,-4.70627276672032,-4.690244905526631,-4.839660320477626,-4.696174493545727,-4.696866280770164,-4.695759002911808,-4.718430024726407,-4.710019328953559,-4.718364333394493,-4.7183421568369335,-4.718465750286265
2013-03-26,-5.343960842795503,-5.266796406546129,-5.348457293062934,-5.283642230398862,-5.271139943994029,-5.249405563304903,-5.382669719924717,-5.267340893126674,-5.266340563271555,-5.264637291515277,-5.285058981211808,-5.280160232530388,-5.284954868626665,-5.285315874876731,-5.285101435344267
2013-03-27,-5.902580278681756,-5.229230991681463,-5.315729466931444,-5.246166392168866,-5.238207550163955,-5.230129229790607,-5.333281916312686,-5.229993781079814,-5.229412822981938,-5.229165287554762,-5.246060681495709,-5.242008572424266,-5.246056541206029,-5.246307121398141,-5.246111410704842
2013-03-28,-5.312876010854506,-5.546332022967912,-5.536109068471792,-5.56856849799148,-5.550540665533099,-5.549928409205901,-5.545831383320915,-5.5475015181539336,-5.547817930730751,-5.544696397265932,-5.544604228457474,-5.545871482377015,-5.544677085529075,-5.544893689843195,-5.544615192566784
2013-04-01,-5.472291240312769,-5.261043945541451,-5.272692383750837,-5.28072822795206,-5.276716966919924,-5.251367915243952,-5.272173177432044,-5.262445764418917,-5.263911708385865,-5.260386968724004,-5.262865860400015,-5.261921981765138,-5.263058868440073,-5.263072022880945,-5.262921483959034
2013-04-02,-4.858865741927191,-5.441233272763592,-5.413277260002789,-5.46084038990149,-5.448646156746905,-5.447629791421548,-5.389966752250073,-5.442749066705771,-5.441101140547334,-5.438354398038793,-5.435958774544678,-5.43906650096846,-5.4360890156168775,-5.436316705874287,-5.43601800091174
2013-04-03,-4.9830828357717545,-5.110818756668925,-5.040878044476523,-5.128391089399432,-5.123064054115717,-5.094369078842877,-5.010728829430507,-5.111621331550771,-5.114091419084142,-5.105866787633121,-5.097110712346196,-5.100728853957822,-5.097475861999161,-5.096985278203357,-5.097152836394196
2013-04-04,-5.144852488355361,-5.138953575777974,-5.095560801152508,-5.156752826479254,-5.152457894895354,-5.134356638257297,-5.080141564609859,-5.139613336858533,-5.142870637585305,-5.138150322590016,-5.129928113409531,-5.133397996204433,-5.130055233761262,-5.129796052418408,-5.129964378764611
2013-04-05,-5.629999286904659,-5.176251785009401,-5.111630398017227,-5.1960382420716265,-5.19222061590136,-5.153266348953374,-5.072003876706907,-5.176696134780512,-5.183755037986502,-5.174403271019082,-5.160554752359681,-5.170125799675683,-5.160721197942617,-5.160372304080183,-5.16062897338136
2013-04-08,-5.357175599043231,-5.418923497839997,-5.354055012098133,-5.445182092048878,-5.434798323413127,-5.4062605438104825,-5.346389708194675,-5.419498458813891,-5.425202251022041,-5.415313262228043,-5.406200638149471,-5.410083003300613,-5.406745778982398,-5.406358342993373,-5.406228759084396
2013-04-09,-5.5604301943966155,-5.282557823906864,-5.246222954980697,-5.308348895142383,-5.285414134245633,-5.279103381224197,-5.2215673757997,-5.283181696389047,-5.286521529710374,-5.282272442524391,-5.274275978672786,-5.277973108750948,-5.27432461431716,-5.2744711946161145,-5.274314406474042
2013-04-10,-5.304233435750083,-5.423730732840789,-5.373123766060068,-5.44829910659405,-5.433437319106188,-5.4142611325301,-5.369055869211118,-5.424208346120289,-5.4340492871228685,-5.42292206100298,-5.414930414373147,-5.418199796638326,-5.414955310184916,-5.415393956918344,-5.4149811669032255
2013-04-11,-5.332863645965936,-5.324565170556686,-5.307859398570622,-5.3407127556842475,-5.33057140382412,-5.302913437594215,-5.285680242602521,-5.324375720104275,-5.334110673336186,-5.322134639699954,-5.31978357231638,-5.323999666476095,-5.320080511656718,-5.3201145239608145,-5.3198673036265545
2013-04-12,-3.841182320393411,-5.351167032582481,-5.289964469801913,-5.378449702905194,-5.355203022435468,-5.331807932457199,-5.256245090234426,-5.3510636938873555,-5.360415688455118,-5.348770013310263,-5.337916286073459,-5.344560069813669,-5.338124530471551,-5.338488258383647,-5.338028260177259
2013-04-15,-4.936302317711226,-4.436028731796754,-4.459981905550786,-4.455208137993385,-4.44534621342154,-4.439352522089572,-4.45820397568429,-4.434281175658103,-4.437617563934605,-4.4381877169794635,-4.440154638909631,-4.438178587088206,-4.440345170857384,-4.43984762902387,-4.440176549862973
2013-04-16,-4.170456276658551,-4.923412273376224,-4.92519867617333,-4.940922178000031,-4.933140334615259,-4.914786086326301,-4.910670107124372,-4.921750243582199,-4.925998944786374,-4.921102527596486,-4.923246649291346,-4.924062509051705,-4.9233382195536075,-4.923150941928449,-4.9232889650252885
2013-04-17,-4.225878719149017,-4.473627084299501,-4.486524604221181,-4.495842500010476,-4.475193423754599,-4.499014878193643,-4.480325353348199,-4.470013688742254,-4.473211702666106,-4.478479229380759,-4.474967755202997,-4.474037344461397,-4.475177283689213,-4.474598267791964,-4.474996660327844
2013-04-18,-4.740439317458851,-4.436512286181083,-4.4205227114701335,-4.456703487093878,-4.442343007256676,-4.430357736121299,-4.3722477467914915,-4.431333818797873,-4.438509170641754,-4.439882540153296,-4.429301819493296,-4.435602396812643,-4.429499167849775,-4.428652066811955,-4.429421286058265
2013-04-19,-4.777041941004635,-4.664554396605876,-4.669669722317545,-4.6852996746749245,-4.671315510976496,-4.679217970647095,-4.659483242748722,-4.661150355986386,-4.666747449844708,-4.668197301148042,-4.663776937630537,-4.665353641710086,-4.664236448200247,-4.663596327839706,-4.6638565515399195
2013-04-22,-4.022202654312932,-4.746436442745255,-4.766410625902453,-4.76857947825386,-4.75754590859273,-4.739085519643183,-4.7521123360679045,-4.7429783514989134,-4.748486455577564,-4.7456210258473845,-4.748004340426013,-4.748972982700801,-4.748148222081919,-4.747877401194057,-4.748102271176574
2013-04-23,-5.659767534980586,-4.324644162775477,-4.220405598040488,-4.3455387144153335,-4.326832397457625,-4.355119774489721,-4.231074890739914,-4.321409534119104,-4.3238075473206345,-4.325203637951161,-4.305361972468757,-4.30952264971123,-4.30565515219881,-4.30506331635988,-4.305350992934426
2013-04-24,-5.628797973169195,-5.15261171599011,-5.098438420784289,-5.189932214787959,-5.164588479164088,-5.177099586658348,-5.082359991761328,-5.1464481216366655,-5.153916385245074,-5.148094749885176,-5.141648720478646,-5.149402709639341,-5.142087044016635,-5.141599080134109,-5.141732201032519
2013-04-25,-5.1987134509944575,-5.222676892704111,-5.114738211563096,-5.258799469969743,-5.221008889933625,-5.2525236182048785,-5.075236829819334,-5.217907761434532,-5.223806240538654,-5.22338259321722,-5.200015832045865,-5.21066523719682,-5.200435324585253,-5.20043770641019,-5.200090109031547
2013-04-26,-5.644394383812896,-5.046170688068013,-5.057210235960173,-5.06966727321357,-5.048522195880482,-5.039698495682572,-5.04468647984525,-5.04320227817608,-5.0462516151741506,-5.046004538959701,-5.048260170593806,-5.048048300452603,-5.048313164737768,-5.048479795475948,-5.048297662054712
2013-04-29,-5.2660391247043075,-5.2981321183897725,-5.306816108032746,-5.3277776687131535,-5.300732579079546,-5.307616267385028,-5.290071311734606,-5.295232356792629,-5.298361042579637,-5.297778606185425,-5.298314510979568,-5.298295591308493,-5.298352753564121,-5.298835759216286,-5.298381151458178
2013-04-30,-5.00344078482207,-5.266200016327304,-5.235040247949183,-5.301228761800611,-5.26863981541706,-5.2620418983886745,-5.2075889632957,-5.26236215371323,-5.2669069904724015,-5.2618706133242314,-5.258711434996099,-5.263906968951892,-5.259126827189674,-5.2592053786550395,-5.258781354998175
2013-05-01,-5.828238694331953,-5.096932565082925,-5.057201888255298,-5.120574531583925,-5.095214041028611,-5.0939016467616804,-5.031978761246432,-5.09299635556357,-5.09744659737945,-5.09249549325804,-5.087821280753207,-5.092332015655513,-5.08803398321658,-5.0880226199075995,-5.087878354137631
2013-05-02,-6.015603669658232,-5.493025757090778,-5.376378913440788,-5.517027026826246,-5.492360885711056,-5.502315313601388,-5.324252212742352,-5.492121190885201,-5.492962965301838,-5.48740207230584,-5.468375819870676,-5.4812679536909314,-5.468867048903983,-5.46895935030414,-5.468426384509265
2013-05-03,-6.4347712207924115,-5.6311955377783605,-5.505320257185186,-5.65762866861237,-5.634166612303654,-5.647042513876641,-5.478877250338161,-5.631548572878915,-5.6310208859604645,-5.629629693235182,-5.606400348589881,-5.614703407567932,-5.606689211871296,-5.607331815795427,-5.606456396261713
2013-05-06,-5.939575415598141,-5.866872917176639,-5.738572951613333,-5.899036514835018,-5.866223896457726,-5.845594409873684,-5.693684030284288,-5.869201423157866,-5.867144266640223,-5.860225637411243,-5.8410086148151175,-5.848767796315534,-5.841431776930346,-5.842302587667149,-5.841076349714577
2013-05-07,-6.126040163450791,-5.684096568105405,-5.60465822887618,-5.720885085503323,-5.684241997137519,-5.671502766000586,-5.55843194705007,-5.68711626856972,-5.684013076839734,-5.682958169332159,-5.666625210909592,-5.675305607652989,-5.666729949322719,-5.667863913108016,-5.666750263865227
2013-05-08,-4.956130080269441,-5.877458752392259,-5.781548892533085,-5.904136006108375,-5.8773623753972055,-5.853434819394769,-5.738508232227528,-5.880702782661408,-5.877433011598547,-5.875311502340261,-5.858192047914472,-5.865761207743188,-5.858733312161691,-5.85944595543621,-5.858316113414862
2013-05-09,-5.004739363867057,-5.22735342040845,-5.2602683307830675,-5.25375341276969,-5.227808847894285,-5.233174854183207,-5.267544548996043,-5.228010981109585,-5.227055734163031,-5.225725107875213,-5.2326818955148156,-5.231480279629478,-5.232808219845087,-5.233093813802188,-5.232745635592162
2013-05-10,-5.467213966738949,-5.172138905012403,-5.218104151016109,-5.194653376185431,-5.173620206569875,-5.173109467859729,-5.229678156256988,-5.172734330806133,-5.172604009616346,-5.168982990232744,-5.181498627546726,-5.1773916887362885,-5.181655678165521,-5.181707200630694,-5.181555755643577
2013-05-13,-5.545385490602631,-5.352617961909123,-5.378573087231424,-5.377644946084405,-5.35174648416842,-5.349212935236463,-5.378924394005596,-5.354498171279773,-5.352968014721224,-5.3510752784979685,-5.356494782354305,-5.354819249601734,-5.356765245977754,-5.357087943106587,-5.356590441704277
2013-05-14,-5.046069938379836,-5.373831852480373,-5.405979264197095,-5.402566795136225,-5.374440889920986,-5.345392096496015,-5.414623868916308,-5.375868588028864,-5.373699274710698,-5.367793630554515,-5.379267379753153,-5.379142937959267,-5.379323166542213,-5.379813876580019,-5.379363956073163
2013-05-15,-5.105062484945569,-5.105885380428031,-5.141953132643043,-5.126234953325067,-5.105644367293195,-5.079334078771032,-5.1457906820567585,-5.107245089016018,-5.105069511406839,-5.1005837964004135,-5.112564147049931,-5.111916742206064,-5.112612171754921,-5.1128787643482845,-5.1126287583628445
2013-05-16,-5.640931860755743,-5.1458133821223315,-5.140040770180306,-5.173635932188083,-5.142545885072548,-5.113116476353819,-5.140377282411057,-5.147102980625237,-5.146737065078829,-5.139259725189191,-5.145419187374063,-5.146387426386497,-5.145565490211553,-5.145687295414543,-5.145515874609639
2013-05-17,-5.319757307423601,-5.452232469627376,-5.43385375454432,-5.484800207101701,-5.456845303502734,-5.452830710154555,-5.434237086681446,-5.454625117128863,-5.453498105385002,-5.452959749647355,-5.449969427235783,-5.452226028963986,-5.450013895097432,-5.450670445703583,-5.450053999342901
2013-05-20,-5.08155248836929,-5.3069336188696035,-5.307570059455951,-5.328239944636225,-5.304158232059832,-5.286925715495351,-5.27672656258335,-5.309046823940014,-5.30717077303378,-5.305699756375024,-5.305866235045425,-5.3082394435936635,-5.30617938069413,-5.306687310720114,-5.305971198235521
2013-05-21,-3.7492572279992826,-5.171210355144439,-5.195293505013148,-5.193839614936741,-5.174781648711133,-5.139089981125336,-5.182572563183862,-5.172552779161461,-5.171979053866987,-5.170461543045871,-5.1740484937587805,-5.1728873503565636,-5.174349219277638,-5.174375999448381,-5.174098983769371
2013-05-22,-4.154707355517304,-4.368535313532798,-4.374318976554062,-4.382472081823847,-4.370775833756415,-4.362035897994279,-4.374454944189801,-4.368330273210362,-4.367350658230476,-4.368562167064222,-4.369296413592979,-4.369542067896917,-4.369266811398713,-4.368786113541244,-4.369310181915192
2013-05-23,-4.918003454780577,-4.5002293153280455,-4.532034010744625,-4.510832634907958,-4.503354265497403,-4.4978331163163014,-4.557940560107711,-4.500104707939603,-4.498077455419143,-4.500544545516881,-4.508393343966211,-4.506264186129077,-4.508362195106374,-4.507993646674155,-4.5084010541142465
2013-05-24,-4.822576567208062,-4.83392779901588,-4.885433986065671,-4.848509240267396,-4.838924008159176,-4.846946867189207,-4.916742837322459,-4.833679488977471,-4.833881409452714,-4.833927918226597,-4.845560864221968,-4.840685755453673,-4.8455475548474105,-4.845493448884514,-4.845569146350723
2013-05-28,-4.349659307252188,-4.76716489527552,-4.81011866928629,-4.7830636021460435,-4.779047352360756,-4.758968886422635,-4.8584902865863375,-4.766980439470932,-4.767848878951062,-4.768017006778761,-4.7783976564320705,-4.772852366033372,-4.778284639175251,-4.7782291526964515,-4.7784001977166985
2013-05-29,-4.890341269515507,-4.50073678410425,-4.543895633668662,-4.504841251519401,-4.516979581904931,-4.501253683505834,-4.581975159670226,-4.500907634146825,-4.500866126328,-4.5004991007866,-4.511730093972653,-4.507762502591579,-4.511814960116015,-4.5114343329538755,-4.511680681975548
2013-05-30,-4.216487850875086,-4.836112581580048,-4.891906283638286,-4.8381387062418835,-4.846145151479842,-4.820287403032595,-4.916847304512,-4.8362589285897615,-4.8357781851663555,-4.835945113487277,-4.847974417115856,-4.84450561004474,-4.848049983567749,-4.847962465634863,-4.847960325353683
2013-05-31,-3.8479459561930067,-4.512661435075666,-4.593471077690172,-4.525813856844578,-4.535923110781339,-4.5167988881103245,-4.650478315833141,-4.512401308858874,-4.514516618155699,-4.51337396084496,-4.530290754094065,-4.52492941908525,-4.530155720257064,-4.529772292288407,-4.530233630238515
2013-06-03,-4.231844969413602,-4.244697702781108,-4.283811077179454,-4.248839882157882,-4.264701638651062,-4.253165748460082,-4.33418775329588,-4.244992640462937,-4.244773344777936,-4.246129041391542,-4.255725322202529,-4.253301424323178,-4.255415006504656,-4.254604314262466,-4.255653264650197
2013-06-04,-4.155258207653043,-4.3844911784111265,-4.418775571781191,-4.393263636099287,-4.385370161392023,-4.3933422868082435,-4.456668919084007,-4.384175182623447,-4.3844989744348455,-4.386652955284604,-4.393800403364723,-4.3880411238542525,-4.393507087473679,-4.393052415268799,-4.39379187721766
2013-06-05,-4.023762645146139,-4.324411284557335,-4.379601102026504,-4.33523962824526,-4.3250650993620585,-4.329813254990644,-4.413892264096274,-4.324106957777768,-4.324519130638934,-4.328135417435517,-4.336644772503309,-4.33037529595162,-4.3363157441512215,-4.335734019263031,-4.336638398666836
2013-06-06,-4.590627014471903,-4.207384993942757,-4.279723628166838,-4.216514324741224,-4.209307823391299,-4.22478180292318,-4.309148941842776,-4.207004035168108,-4.206517281508704,-4.207616111964988,-4.222038236772771,-4.21457530843811,-4.221758610836955,-4.220950432893623,-4.222027807436815
2013-06-07,-4.91047731379908,-4.4865134151469706,-4.562078481493754,-4.499554354915935,-4.497076064801258,-4.4813512043344685,-4.5920396138351895,-4.486359161585031,-4.48656082573631,-4.489750897974141,-4.501860720679795,-4.495100508742859,-4.501738905946683,-4.501014221128966,-4.50183924574397
2013-06-10,-4.397577074835506,-4.695837548797427,-4.79494767564365,-4.708255765845914,-4.70342024337198,-4.682085694478253,-4.818822496593528,-4.695378979942397,-4.695174025574307,-4.703101721635076,-4.71540175013424,-4.709299200968948,-4.715382438188662,-4.714965340222655,-4.7154135208772425
2013-06-11,-4.3269443689891744,-4.4608318353567595,-4.56881387132654,-4.476627839740925,-4.470935129795193,-4.461146272485344,-4.618307774728463,-4.460456289068411,-4.462590543403129,-4.473036834180096,-4.483559217661653,-4.476111960785471,-4.483328190107569,-4.482775096971774,-4.483553769342344
2013-06-12,-4.564518024665802,-4.435099184474308,-4.529270562494526,-4.454217031151463,-4.4521558213768175,-4.435644644372954,-4.578461341799049,-4.43464153408478,-4.436631565642555,-4.44387592903169,-4.4547089087060785,-4.449786896770173,-4.454456676321725,-4.453837771780583,-4.45468842156336
2013-06-13,-4.31064700675423,-4.58334757271788,-4.674118851423102,-4.596882126779398,-4.597638634292655,-4.585551235438638,-4.718154552004428,-4.582862741013876,-4.5832883237835,-4.5951273173110785,-4.602842560899322,-4.595663978511904,-4.602708127305589,-4.602140901116241,-4.602857784927949
2013-06-14,-4.5756217344499355,-4.438581215306425,-4.542333252261515,-4.4512518317675935,-4.45763458154766,-4.445603571908775,-4.594648729228743,-4.438276471443149,-4.438790643369223,-4.4445501841489365,-4.459953200476517,-4.45292069535112,-4.459780402478615,-4.4589613699331805,-4.459946731758631
2013-06-17,-5.431540591141813,-4.545410022813217,-4.6678261540228245,-4.559764493284501,-4.558663900332462,-4.527838359562707,-4.708883040872443,-4.544690862714425,-4.549918983291155,-4.570578302959485,-4.569279092299236,-4.562639864638715,-4.569140848164541,-4.568376419109924,-4.569278414693697
2013-06-18,-3.747030223388982,-4.9945645823056175,-5.075738582751905,-5.010695183875297,-5.00566538528775,-4.987088653051673,-5.123992158564307,-4.994298562867863,-4.994143815773113,-5.024663318304806,-5.0119017368514,-5.004914810862047,-5.0117145534421015,-5.012081756825828,-5.011926615290835
2013-06-19,-3.928034598470404,-4.132668674151755,-4.2137675051239665,-4.14226242583578,-4.161365670671848,-4.1221296462224375,-4.260503141210025,-4.132356050313524,-4.1359054573938625,-4.151912946428975,-4.149227626055381,-4.144968176292563,-4.149153897007822,-4.148539892164862,-4.149186161613574
2013-06-20,-3.797128446918723,-4.164045988132353,-4.214067633172331,-4.177888972299224,-4.183688636713933,-4.156108777014026,-4.253515254380646,-4.163919317490323,-4.159140788251246,-4.192983148970777,-4.175872805349548,-4.174355499310703,-4.175718008304575,-4.174993554245268,-4.175842371971244
2013-06-21,-3.4704452056752406,-4.055727437804518,-4.080126221129263,-4.070950346530818,-4.0629169593156576,-4.042390551921182,-4.104017730244706,-4.055187545209173,-4.050352643712255,-4.089581336072497,-4.061684523313332,-4.059283401593437,-4.0616456712785896,-4.060735952633536,-4.061656617395125
2013-06-24,-4.241863438100036,-3.8250262266229678,-3.890430217920342,-3.8412871515295937,-3.845674382359015,-3.816491532143451,-3.911645410544413,-3.8240943699382033,-3.823878671843271,-3.846011620434726,-3.8379514377242345,-3.833745677804778,-3.838027714318824,-3.8366452959971538,-3.8379076099344553
2013-06-25,-4.840996965410227,-4.158509283389381,-4.269154549463157,-4.175879801042698,-4.185682227512045,-4.1185304591674115,-4.322365265324574,-4.158136322609387,-4.1628126352282715,-4.228373923752819,-4.182001349716287,-4.17496263849858,-4.181907795047052,-4.180882322476292,-4.181986938145148
2013-06-26,-4.869561970967219,-4.489174785786563,-4.5797213297956505,-4.507785459452595,-4.512783327683476,-4.440210337729866,-4.606705151132974,-4.488772576794051,-4.4882319636170225,-4.537688578941302,-4.507988661165731,-4.502204530471375,-4.507964437807282,-4.507866979386154,-4.507997410853027
2013-06-27,-4.489339938904536,-4.545843797820213,-4.635104919007903,-4.5708613920226515,-4.576341630817346,-4.487079747284245,-4.687270128807066,-4.54482320439165,-4.550572599039468,-4.627127981227539,-4.564806012468044,-4.558777502357922,-4.564720245558565,-4.564936667656922,-4.564813673766753
2013-06-28,-4.975596647777367,-4.412059589758894,-4.492727048950033,-4.437269256822496,-4.448204435636212,-4.368371992299327,-4.539327999937249,-4.411141487084983,-4.421343065254008,-4.489349112383025,-4.4286543049246,-4.424044441268277,-4.428770980803935,-4.428642458943985,-4.428643655586582
2013-07-01,-4.534371595530527,-4.767631588301946,-4.795343736771329,-4.798462435885007,-4.808467619721697,-4.713921540331203,-4.824065411501091,-4.766720612723662,-4.771558403370649,-4.835535740479198,-4.773513842952262,-4.769912429082495,-4.773403210521047,-4.7741184094985005,-4.773543800508489
2013-07-02,-4.753403356707183,-4.585979283372166,-4.676496447080671,-4.607651698295109,-4.603621419975101,-4.5473006946872285,-4.7049882912389736,-4.585313737623169,-4.588642491071199,-4.655483306094211,-4.603560438978516,-4.597270588113899,-4.6033588544525585,-4.603759957970531,-4.603587908451274
2013-07-03,-4.471095456409043,-4.692371130578391,-4.783352006520685,-4.714237645602928,-4.722254160573497,-4.656927952609434,-4.827797242576345,-4.691220814121686,-4.705680243247779,-4.767640132929497,-4.711786828791088,-4.706187905314524,-4.71156708945257,-4.712164729697381,-4.711773541660488
2013-07-05,-5.270319438271611,-4.53620955337033,-4.62565156119643,-4.559014603099601,-4.569232957618877,-4.499408353405707,-4.67362889052391,-4.53495755005752,-4.542998692458597,-4.620552753582965,-4.554932924914909,-4.548906709433172,-4.554940356398538,-4.5549159966369945,-4.554892916873462
2013-07-08,-5.6271653875942915,-4.961481893814422,-5.0144549475716635,-4.9842675567531325,-4.9859880197097235,-4.928691359369626,-5.036773217590066,-4.960337340617154,-4.967879033135911,-5.038291047027842,-4.97201061726665,-4.96815574936484,-4.971761950233038,-4.972770630445858,-4.972058017417748
2013-07-09,-4.793257407649117,-5.164753626875596,-5.190947053196682,-5.192282472912652,-5.166297230457735,-5.141435858870133,-5.205606858304604,-5.164526376612225,-5.162220351374788,-5.248732557799783,-5.170869266232581,-5.167635223534928,-5.170528571630401,-5.1718530045390265,-5.170933606650185
2013-07-10,-5.649546655714407,-4.791931800767732,-4.837345521535495,-4.815801489446427,-4.811520082188489,-4.759397166723148,-4.851923052937559,-4.791415955425947,-4.797493714357055,-4.872442996389933,-4.800514464406457,-4.796498794847675,-4.800350098130407,-4.801171320311222,-4.800554598859539
2013-07-11,-5.8216928367526135,-5.2441996958390185,-5.232870268619973,-5.261686657269685,-5.253211649738953,-5.22052481457197,-5.243107145132156,-5.244370752638689,-5.250048049634284,-5.324347449378585,-5.242333359691807,-5.242069230380816,-5.242142618831878,-5.243133185772665,-5.242378257838822
2013-07-12,-6.688014449935635,-5.427961329656063,-5.401804164222744,-5.457252166477596,-5.457668441843701,-5.409338029144316,-5.403314514670817,-5.4274853039881865,-5.443509748751054,-5.517028515569722,-5.422966753888945,-5.425926637925828,-5.423017708128537,-5.424108195602172,-5.423021217044454
2013-07-15,-5.723683445782503,-5.906141949924057,-5.815662071079673,-5.934987471047216,-5.9311939830710205,-5.892169893607939,-5.8160132582366835,-5.907393787215743,-5.925886258317309,-6.003328824089519,-5.889999145592159,-5.894806061151476,-5.890360567138823,-5.891073760572084,-5.890058479384818
2013-07-16,-5.543970139883592,-5.4605397398105735,-5.440728650786432,-5.486135675521114,-5.463891674704893,-5.4419405504567,-5.438933118399597,-5.461361710853407,-5.4464938218849905,-5.530533007361542,-5.458570963621258,-5.4602323003381255,-5.458570704939289,-5.459519304655683,-5.458631708769587
2013-07-17,-5.786185010547559,-5.461676392182086,-5.4441810949726195,-5.481608886647579,-5.465105459050129,-5.447271706236609,-5.449211544774489,-5.462163115262956,-5.472718856470703,-5.519735900628807,-5.4593335259598135,-5.461694670685764,-5.45958636730941,-5.460179372288996,-5.459399374834027
2013-07-18,-5.7250904756795995,-5.593814790835035,-5.540085087756465,-5.621428380129583,-5.59771969962965,-5.585446797211581,-5.531727865304367,-5.594532772833145,-5.604181899840436,-5.648693834188123,-5.583617491355682,-5.589680635236002,-5.584025600915389,-5.584718969514915,-5.583679315411099
2013-07-19,-6.126743567596255,-5.5613107486524,-5.52515301231059,-5.588305835161842,-5.566369672553118,-5.55012698367862,-5.539400115885277,-5.562524792894272,-5.58305255878951,-5.634829830564741,-5.556020655395979,-5.558567771246246,-5.555808749308455,-5.5570818374834285,-5.5560921176200635
2013-07-22,-6.196149799670748,-5.753745847662271,-5.6818758422576865,-5.78919902525454,-5.767327332088946,-5.744786426613125,-5.6681466290603835,-5.7580332710543,-5.776213220801562,-5.787608794088922,-5.739920663431495,-5.744847545378249,-5.740087121535646,-5.741242303994497,-5.739995801803802
2013-07-23,-5.245042595442395,-5.831071682710557,-5.742357773615856,-5.863421722568235,-5.8428745931174,-5.822518093871394,-5.725914139645991,-5.835964077798751,-5.837362925095133,-5.877785658767071,-5.814629786717835,-5.819541974143017,-5.8148563397437485,-5.8160015972495085,-5.814752532682714
2013-07-24,-5.382533563964758,-5.36999966499993,-5.34432922770171,-5.3948758441362985,-5.382293494141526,-5.359531035374708,-5.364626866341625,-5.372170097374662,-5.374097021003647,-5.442592513540454,-5.366088819226956,-5.368161425061575,-5.365950112190398,-5.366855111357846,-5.366189274095436
2013-07-25,-5.2348522627844485,-5.436964798478653,-5.342467418923363,-5.462401322318939,-5.4494784701137755,-5.429208192471711,-5.322873537755335,-5.440160217640144,-5.42827679316338,-5.486773687792382,-5.418348112190931,-5.425395821590082,-5.418347230481123,-5.419040253821683,-5.418472868086724
2013-07-26,-5.653724033502995,-5.343061957810815,-5.339296472155289,-5.36878710949878,-5.372382746440231,-5.334901010327357,-5.366255528190405,-5.345426026886507,-5.349118678440584,-5.406721822577273,-5.344348055864775,-5.342655080057853,-5.34429083099587,-5.345031632996269,-5.344401119085656
2013-07-29,-5.539093549445702,-5.526523520973638,-5.507445735757692,-5.5446131258482225,-5.544912031128637,-5.517606800682642,-5.539535752380059,-5.52718237589629,-5.528048203194907,-5.588340423341381,-5.526083362415313,-5.5266325857922,-5.526209090829422,-5.526900783088716,-5.526135007926176
2013-07-30,-4.775800425330804,-5.450404364021831,-5.422016807067351,-5.471658821156243,-5.472992271515992,-5.440624300065281,-5.427187411023562,-5.451959535300907,-5.462655319430353,-5.510348430854542,-5.445217919686789,-5.449734373819626,-5.445559115975695,-5.445635662285441,-5.44523752435425
2013-07-31,-5.934039387519499,-5.052835131009533,-5.026456467222487,-5.05660432367889,-5.097735414517891,-5.036598909634096,-5.048307084910845,-5.053133630419048,-5.081420579463103,-5.130185467390226,-5.050078963028179,-5.052863387626559,-5.050063456150682,-5.05028878492805,-5.050065739786103
2013-08-01,-6.193618418149448,-5.630101003604327,-5.478494212113752,-5.653548892814184,-5.662699352637445,-5.615666755484679,-5.48098772240958,-5.631964948429185,-5.631585390030241,-5.723822544017811,-5.603403847290228,-5.6152069965444085,-5.603397336278618,-5.604341744757493,-5.6034145990279915
2013-08-02,-6.356241827968339,-5.815348688056432,-5.706756018119965,-5.8376003608896845,-5.845091204489824,-5.805343978986175,-5.701064916541708,-5.817508077502158,-5.809400584298209,-5.882026657322073,-5.797028837605767,-5.804294042473822,-5.797076467646457,-5.7984539008680045,-5.797106447434498
2013-08-05,-5.616769107390696,-5.934924429671063,-5.855486365871794,-5.952232125818072,-5.949432617135623,-5.927308857249967,-5.860300495355822,-5.936322822647896,-5.935182947498554,-6.011762514996167,-5.922124453591555,-5.926266123096026,-5.9222534837370455,-5.923628161263624,-5.922226821593214
2013-08-06,-5.489218457709059,-5.606158137539892,-5.5267035942593,-5.6263258954540865,-5.631881742017975,-5.595188664480659,-5.517003985510093,-5.6105756000255065,-5.60914586285063,-5.662210116460252,-5.59242011773067,-5.598065914905727,-5.592454923345369,-5.593740530642737,-5.5925005119775175
2013-08-07,-5.529130062673524,-5.631334382765576,-5.567017459228579,-5.6511894569432215,-5.65113288505254,-5.619343478372812,-5.559852566025881,-5.6342830737805105,-5.6370095249035765,-5.70776707483313,-5.620398905066166,-5.625525994025685,-5.62082823993424,-5.621499989633799,-5.620492783879427
2013-08-08,-5.174982798213234,-5.621046600749506,-5.571449799950193,-5.630063502957454,-5.629600177048528,-5.6060073578020475,-5.569317015495415,-5.621900692188467,-5.622207356408498,-5.690812926105581,-5.612992724488481,-5.6180720095167,-5.6130575974565335,-5.613887948161463,-5.61305360611915
2013-08-09,-5.671680755880698,-5.39288572688772,-5.387808569501752,-5.41277035492604,-5.419529023530679,-5.379164980617117,-5.415755441056652,-5.394583058190072,-5.4023737241385135,-5.4575735244438315,-5.394158570548792,-5.3928486339844,-5.394090484988058,-5.394658313610594,-5.394212195885375
2013-08-12,-5.1850883912595505,-5.600737838682412,-5.565716796454648,-5.614754073554346,-5.607576403450361,-5.590967853774841,-5.552956932286951,-5.602836362583892,-5.5975881191391474,-5.64391097971593,-5.594883949447901,-5.599420085944716,-5.595104604464049,-5.595315827778011,-5.5949580979181395
2013-08-13,-5.229764983556853,-5.3369253463279716,-5.354806992192267,-5.347562868961729,-5.36271720446104,-5.319584126015845,-5.354981675900366,-5.337245153204202,-5.333139306876416,-5.419052199394906,-5.340557108674652,-5.340613973945203,-5.340857939012979,-5.341179061932414,-5.340622283440155
2013-08-14,-4.718657936843213,-5.332819875609024,-5.3748914428654855,-5.348695341514935,-5.349945287556582,-5.317683709992726,-5.41289944458347,-5.332545323481666,-5.313228365620654,-5.417045674254807,-5.342780136503996,-5.338172911871222,-5.342651712587445,-5.343028027615996,-5.342827090319196
2013-08-15,-4.92132046638857,-5.0205082096953015,-5.055066276201666,-5.037655677654024,-5.0396972694115965,-5.003440477451824,-5.080375188029696,-5.0212566749613305,-5.010319803119151,-5.107459149497043,-5.029001225047998,-5.0252694470278865,-5.029053037641858,-5.0285559458110525,-5.029074435965629
2013-08-16,-5.3444047659060585,-5.092218695924597,-5.12147851631187,-5.100659318584601,-5.112286203345372,-5.0713181005794725,-5.164193966921032,-5.091520818089458,-5.090693294880391,-5.169794133870784,-5.100978750906544,-5.096301316088647,-5.100681658045493,-5.100435306211777,-5.100970108609993
2013-08-19,-5.608166801341968,-5.275816354458321,-5.312895392535825,-5.288622718040771,-5.307644517217165,-5.254688989802342,-5.34178535244716,-5.276730837830262,-5.266800461536455,-5.347032220089216,-5.2849646036317734,-5.280037027196821,-5.284894099910562,-5.284992959637409,-5.285015383243493
2013-08-20,-4.3026613012907555,-5.420364652014659,-5.393939564884015,-5.434857201875173,-5.433024315850045,-5.3971031526673965,-5.378952351053737,-5.422566105158371,-5.403637715213029,-5.464708542830589,-5.414940846116888,-5.419577494219205,-5.4153086421317065,-5.415645531944768,-5.4150706433283755
2013-08-21,-5.740253986961576,-4.707679584277898,-4.759343145471187,-4.717828959616874,-4.738810265322092,-4.674524241802428,-4.798812888451537,-4.7078200716332566,-4.706502615999015,-4.800905649397854,-4.719467249708219,-4.715383751240285,-4.719242780629212,-4.719080951598032,-4.7194841430790255
2013-08-22,-5.400572951972562,-5.434556248441138,-5.34315898300877,-5.451320495203988,-5.451426643786338,-5.414928015589517,-5.354349056801969,-5.435760095995817,-5.439850442625954,-5.509586516674274,-5.419250584090295,-5.42469375686367,-5.419205722372943,-5.41941223371645,-5.419307642442886
2013-08-23,-5.173867778193772,-5.304874654119784,-5.331700954576295,-5.318368790257229,-5.336862350057,-5.286210731218424,-5.37222349931599,-5.305230052979904,-5.3119608048768985,-5.360876121452632,-5.3125472513150225,-5.310390585347658,-5.312709285599476,-5.312940694320202,-5.312572548387053
2013-08-26,-4.536478730203521,-5.187180196143628,-5.261364884282786,-5.20058474102486,-5.2061398550353095,-5.1691849586165635,-5.305273596345501,-5.18761452481175,-5.179338204809944,-5.260720926979146,-5.203378050650182,-5.198359575560072,-5.203086578155291,-5.203730015835468,-5.203424411879421
2013-08-27,-5.026096743959741,-4.813667621037734,-4.9025055207449375,-4.826636636792865,-4.838290284974787,-4.793091453081806,-4.939612790150256,-4.814000506766571,-4.818333957931406,-4.879063181256185,-4.832594102916209,-4.828338811418349,-4.8323311053372136,-4.832655848912371,-4.832654347740032
2013-08-28,-5.1707038121743025,-5.103973684429652,-5.161900993864101,-5.113958736398713,-5.119049083035303,-5.0866113534355355,-5.193099588420023,-5.10456564249599,-5.10082378404001,-5.148561611001072,-5.115490770712648,-5.113329031402559,-5.11544866019517,-5.115569703880423,-5.115520203713429
2013-08-29,-4.554624911590074,-5.1447068759384385,-5.176103048298611,-5.156104700750889,-5.162806765864389,-5.126133375830665,-5.2086719394774255,-5.1451494151548385,-5.139821489987207,-5.208595613880082,-5.15268085930894,-5.148698908966793,-5.152561334151373,-5.1527848103953,-5.152738056771073
2013-08-30,-4.769024049062279,-4.799448077969882,-4.873849672366877,-4.809490085537424,-4.824068293558978,-4.777457297848033,-4.937673371011573,-4.799247645332811,-4.810759439421793,-4.8801360564115805,-4.816141614912168,-4.807979261457384,-4.815944770701768,-4.8158675372739355,-4.81611104058932
2013-09-03,-5.413698949307896,-4.86954192465226,-4.8658683363004664,-4.883762289627832,-4.900592873210141,-4.849568602398096,-4.915411880260222,-4.869465011100037,-4.881482821189505,-4.942472020223778,-4.873441705922059,-4.870998669534756,-4.87336286221744,-4.873139311945691,-4.873404423216906
2013-09-04,-5.68076834983313,-5.220555245905968,-5.215787207126418,-5.2319767201759015,-5.237070244516208,-5.2047283762182,-5.2514218743179075,-5.220648867099712,-5.23231736264076,-5.280206965860549,-5.221020866067762,-5.219000483979373,-5.220985677135536,-5.221189079379167,-5.220996974023315
2013-09-05,-4.010752895958232,-5.373842561050698,-5.389071951184696,-5.393204224467506,-5.40257561225194,-5.35622952514107,-5.426231914645633,-5.374703618988232,-5.392295905048399,-5.4450218525907745,-5.379309820938569,-5.375092604777246,-5.379048301158219,-5.379765299888371,-5.379397225557509
2013-09-06,-5.836319718894138,-4.472780545389507,-4.54567179464778,-4.484442289806395,-4.490172187876785,-4.45730297389585,-4.611598602217715,-4.472791059024914,-4.480537772880101,-4.544593640590705,-4.489843756825998,-4.480342662988865,-4.489551981772714,-4.489464120193275,-4.489814605313291
2013-09-09,-6.054202979606264,-5.37995761842686,-5.380581048582777,-5.391305882400784,-5.399029699550169,-5.358858983923861,-5.382502160680542,-5.380236659440854,-5.391026955472177,-5.430005804015844,-5.380204104734147,-5.380237876245424,-5.380366176295843,-5.380246799599295,-5.380264991575
2013-09-10,-5.882615292674548,-5.541449631693319,-5.475599849486751,-5.565687164947447,-5.561739969774412,-5.52704405032986,-5.472444569041373,-5.542692616650381,-5.545840755675665,-5.623667569586917,-5.529972970101918,-5.534081049067019,-5.530110071257445,-5.530052540956814,-5.53005500138562
2013-09-11,-5.7121567375609015,-5.4848790532449225,-5.447305047455293,-5.508207639851262,-5.520196901115906,-5.470590145623878,-5.453656296233616,-5.486445438688034,-5.486708048946979,-5.539918849470249,-5.4781238707914985,-5.482016203170481,-5.478263190197098,-5.4783456786756215,-5.478209886405199
2013-09-12,-6.211412240301495,-5.408360903133231,-5.415178104492891,-5.422541651193229,-5.434025814127045,-5.394186319941012,-5.433298823075023,-5.409405488506926,-5.422644945667083,-5.471742211598817,-5.411309871163309,-5.408643215993587,-5.411241643508552,-5.41172558919031,-5.4113842153305285
2013-09-13,-5.708092562430274,-5.894756098177461,-5.838548769112209,-5.919684825038207,-5.925415978415151,-5.879805243019253,-5.8417714454057155,-5.896754071594157,-5.910796194614586,-5.958035149054169,-5.885586657938397,-5.8877886748278545,-5.8856675525929365,-5.886174970753187,-5.885701790000953
2013-09-16,-6.854285924080596,-5.654218359707103,-5.62145605048961,-5.675321997117868,-5.687122752061213,-5.6371978010206645,-5.64126685012976,-5.655608418182826,-5.656971658205838,-5.70700843274163,-5.650055075050378,-5.652171668811893,-5.650156682711187,-5.650375135292054,-5.650133066680825
2013-09-17,-3.688003659195291,-6.225657677378511,-6.086701583635926,-6.253472316364982,-6.254201202300879,-6.214307692423028,-6.059310319889967,-6.2278653647714535,-6.228626600087925,-6.279694366207876,-6.200405957391664,-6.208866635113524,-6.200577414223405,-6.200744760529502,-6.20052717662977
2013-09-18,-5.555549072158037,-4.437242261115676,-4.568030700285489,-4.441869580388066,-4.4858745019491915,-4.4057336888539,-4.641739917533185,-4.437203743483696,-4.432656175685718,-4.525375736578686,-4.465889915024175,-4.458168424638955,-4.465856349733791,-4.466230100991768,-4.465898791879615
2013-09-19,-5.525725274563906,-5.268907088550481,-5.236913253648549,-5.276925341023237,-5.298535558955429,-5.243914447152029,-5.254337907515723,-5.268984286568527,-5.254340065396584,-5.314890826306918,-5.265425072593749,-5.266520806348376,-5.265534689001248,-5.2657199911214665,-5.2655003087722525
2013-09-20,-5.450104565542675,-5.2389522610757,-5.231687383460477,-5.251645334473411,-5.270195285878503,-5.227148178103703,-5.265355395439224,-5.238980681123351,-5.229057157115288,-5.308689857088447,-5.240956069751009,-5.238965667886081,-5.2409043361609875,-5.241226334473498,-5.241010144300913
2013-09-23,-5.442745699254974,-5.2113104749836845,-5.202929070862272,-5.227093291432306,-5.240524111209159,-5.198058366360058,-5.235493461316486,-5.211373802973751,-5.208474138028337,-5.2715798603871225,-5.214303139034776,-5.211377097446202,-5.2142528496265035,-5.214741596746921,-5.214387870454621
2013-09-24,-4.783917298563854,-5.179402307282681,-5.182006874867822,-5.186136082348237,-5.195660972777414,-5.1666504790299825,-5.200347879553187,-5.179351351804243,-5.182753098131153,-5.2147376683633855,-5.18230763994876,-5.180240800230589,-5.182244735146614,-5.18280328904139,-5.182355107264894
2013-09-25,-5.119301685996168,-5.044940608907069,-5.0706751760878035,-5.053745844207139,-5.071033720368453,-5.031287898316594,-5.090958015217134,-5.045069863930319,-5.045462767813747,-5.120613244674615,-5.051651480957996,-5.048073815398057,-5.051588303616247,-5.052120602783923,-5.051697099590325
2013-09-26,-5.681665788772026,-5.167427435538721,-5.234942877663103,-5.174250074966267,-5.193895104687989,-5.153769427544594,-5.2829471705811795,-5.167259872274542,-5.17225713089173,-5.243526563694684,-5.18328454974095,-5.178006423883002,-5.183343762840978,-5.183794739133492,-5.183376724840069
2013-09-27,-4.849456305270195,-5.433762379680768,-5.425646289265966,-5.443606441048887,-5.4690621622909505,-5.42407465860841,-5.440423738009301,-5.433798415757262,-5.437732102811939,-5.502131782157694,-5.433943642335729,-5.434491815918166,-5.434206049127276,-5.434444519758597,-5.43399328321899
2013-09-30,-5.204423955194263,-5.024251190123336,-5.073611910873992,-5.0376395829579454,-5.050988252391368,-5.012109052046132,-5.100183898660816,-5.024362671069107,-5.035311396313316,-5.061120016306587,-5.03597347713166,-5.033822850639725,-5.035989637739271,-5.036362149416282,-5.036085300334399
2013-10-01,-5.15460968691306,-5.168094439291311,-5.163004075533499,-5.178980313011404,-5.1985750180944335,-5.163249527612042,-5.211146373892274,-5.168322553044222,-5.168488278447609,-5.246104951695102,-5.171689019881453,-5.16900437829033,-5.1716739317334035,-5.1721515840332595,-5.171754335676758
2013-10-02,-4.33895548828559,-5.181014227864544,-5.22089501143044,-5.199393078210264,-5.214374842055883,-5.174746346452255,-5.243938957636775,-5.182336227170484,-5.182989945063175,-5.2476204564905755,-5.190517959557582,-5.187186471032571,-5.190788129039275,-5.190912309101306,-5.190627956694197
2013-10-03,-5.331936204897393,-4.739568927383121,-4.754046215657856,-4.755410163242388,-4.758364581590785,-4.736305199046317,-4.789556523985606,-4.739817348032202,-4.748606359215974,-4.785303056523002,-4.744928704606951,-4.740267421096806,-4.744961208987411,-4.744930400515789,-4.744974289527036
2013-10-04,-5.106150866452284,-5.169130170727507,-5.229721671164404,-5.180271510539801,-5.201997975493067,-5.159899934160655,-5.260245682129861,-5.169489248772172,-5.179271748053793,-5.20170521009546,-5.182971258747353,-5.1796322361228055,-5.182932028380399,-5.183353770224331,-5.183077281053892
2013-10-07,-4.267139048594883,-5.08082163931676,-5.1464348152446675,-5.097910218378471,-5.107001223371282,-5.075221209928491,-5.183970231962379,-5.081344798396373,-5.091065172524635,-5.114502462563692,-5.095131621684186,-5.08796954438086,-5.094835508417298,-5.095400687437744,-5.095201648338043
2013-10-08,-4.501864876643233,-4.644240607243627,-4.727043333973623,-4.663238902282039,-4.65743805799001,-4.640476170298808,-4.763069241738907,-4.644983676666616,-4.6816775773198245,-4.6491183993304706,-4.6622515844897885,-4.654250682008851,-4.662558844090694,-4.6621677892172935,-4.662395273752333
2013-10-09,-5.026487125935904,-4.700969503716567,-4.715907787632121,-4.733283979571054,-4.72515379891454,-4.691917498451087,-4.7395175182029154,-4.703009893029635,-4.7443672952783285,-4.701628405197953,-4.706688887801562,-4.703600058820923,-4.707064675143428,-4.706508393677739,-4.706803611605518
2013-10-10,-5.145204524853437,-4.9725868101153665,-5.008668144649663,-4.998907403954772,-5.006874817374932,-4.966539757916823,-5.050394959948118,-4.976192195665675,-5.009282943113768,-4.976183203259006,-4.981313153454213,-4.978287792381609,-4.982657658464407,-4.981405309831183,-4.981428030322908
2013-10-11,-5.079153682335067,-5.013519984324568,-5.083819700472633,-5.0285947358574665,-5.029200398965676,-5.00602878416133,-5.095770735234998,-5.018334036058988,-5.032180814317,-5.013744801795255,-5.02656329997722,-5.024135943558477,-5.027013046103971,-5.0266119945034795,-5.026727700726586
2013-10-14,-4.395325628816969,-4.979674580199264,-5.024931178766675,-4.998806385032954,-5.016901702025417,-4.970494883611147,-5.0696321021198685,-4.982202509196408,-4.99602543687134,-4.994572847807999,-4.990850187383588,-4.988438859179136,-4.990788844783552,-4.9910043188055395,-4.99095270081946
2013-10-15,-4.797942474172518,-4.6774495530842115,-4.792279126146208,-4.69744639171399,-4.699370377701643,-4.669926801713786,-4.827849236944494,-4.680880589933577,-4.7118961819759075,-4.678058085638776,-4.699937588223983,-4.697085726403468,-4.700259176908106,-4.699797348927295,-4.700101398291859
2013-10-16,-5.680213126757122,-4.870650173033605,-4.930030408568169,-4.8820984496617585,-4.902264184137544,-4.855400122948525,-4.980886032500647,-4.87157549430084,-4.919996366820995,-4.870442397613658,-4.884295690011451,-4.8816308644902495,-4.884451637809562,-4.884343015053041,-4.884412978626844
2013-10-17,-5.716896794735069,-5.285952254584127,-5.279428338960126,-5.303957196523074,-5.312675829910925,-5.276030697466681,-5.313123373054116,-5.287850065024838,-5.318985080445868,-5.28544107373494,-5.28845256842167,-5.287482155518516,-5.288618658731826,-5.288972334311435,-5.288570017097418
2013-10-18,-6.126078991419788,-5.353714548405053,-5.324276149712165,-5.371042874638532,-5.367969933680552,-5.3497435802,-5.3540826001348085,-5.355445809856012,-5.3732364131431956,-5.354142004399776,-5.351295337136917,-5.353558838211946,-5.351556056039826,-5.35178967763631,-5.3513308142765865
2013-10-21,-5.048368054733753,-5.581118531831372,-5.542353753953443,-5.608954599575505,-5.60391393117677,-5.57151555848322,-5.532667277957769,-5.587097986734821,-5.598350905297137,-5.578937720767435,-5.574334083831618,-5.577776783712817,-5.5744225025902825,-5.5749165428181975,-5.574425685713601
2013-10-22,-4.981004933222614,-5.1604582857040695,-5.171378107329869,-5.192900345572709,-5.184988395292832,-5.150069916881688,-5.170361453517006,-5.164367152163322,-5.191902340399055,-5.15735791577634,-5.163341781013042,-5.163304983904418,-5.163656830279619,-5.163626895587081,-5.1635347792438155
2013-10-23,-5.733761707149071,-5.1464154662186194,-5.12270893836874,-5.17693823694724,-5.164728596669816,-5.149062271044741,-5.133740079073053,-5.1478474591740655,-5.163310148319258,-5.146730382043172,-5.143104267525681,-5.145253167946452,-5.143225257271761,-5.143155459150773,-5.143206491811058
2013-10-24,-5.68360394365895,-5.487193871921708,-5.4114928841698005,-5.516086653046114,-5.498327348444545,-5.490743577950803,-5.406990855463548,-5.489850846722981,-5.505186759532975,-5.487288253179528,-5.473619919864602,-5.485336052035448,-5.47402487354276,-5.4737967038042346,-5.473642614811036
2013-10-25,-5.983818422464589,-5.468413565643905,-5.462741949645712,-5.502475404192025,-5.493890395164423,-5.470389921910165,-5.480441586505033,-5.473075674889739,-5.4969201143565805,-5.4676670235286196,-5.469239059517777,-5.468867558349215,-5.469275697480746,-5.46991523071489,-5.4693902601640065
2013-10-28,-5.881803822930028,-5.603391194036828,-5.546962027952232,-5.634454814414171,-5.6387772526137185,-5.603261310921835,-5.540847491329043,-5.6090020018625415,-5.641511402238228,-5.604574902875504,-5.5944356295876805,-5.597566451229303,-5.59471974917635,-5.595194332798823,-5.59454220179722
2013-10-29,-4.897379549517622,-5.612400105689446,-5.569088634756411,-5.65177018617603,-5.63966456108422,-5.610906610257654,-5.549574178280701,-5.619395506793284,-5.659517152978647,-5.616395693477641,-5.604055274480139,-5.610977575254958,-5.604415556548432,-5.6051476445773485,-5.60427841530338
2013-10-30,-5.041829036571439,-5.160433770338743,-5.153224770573316,-5.19952084555744,-5.194229852592756,-5.175248052699281,-5.178898485122338,-5.164698921010317,-5.180334683183396,-5.1617184840107075,-5.160862750857573,-5.160542676392424,-5.161016822304518,-5.1609823642091115,-5.160986458869792
2013-10-31,-5.1219591753251805,-5.176316202820135,-5.142582671036351,-5.212188879578076,-5.204086941019031,-5.187322651691843,-5.170939548835101,-5.180594376032054,-5.198761560637152,-5.177898595046618,-5.173470292770295,-5.1759203208767595,-5.173544630184864,-5.173707900096514,-5.173576998226492
2013-11-01,-6.1923561958194,-5.18034278330864,-5.151737614289097,-5.214377911687041,-5.209582009173047,-5.184597334810079,-5.172616007999539,-5.182430147093536,-5.202134573667649,-5.179867436639288,-5.177719902553327,-5.1787111629971605,-5.177912513511186,-5.177978087074396,-5.177782701400201
2013-11-04,-5.935115026279114,-5.682510710226632,-5.648459359278549,-5.71393967122772,-5.708499235453142,-5.685494032482013,-5.625473113577912,-5.684883066773594,-5.709647440605672,-5.682639840745007,-5.675784970177782,-5.679799661219673,-5.676157412706896,-5.676680836384104,-5.6759226238369695
2013-11-05,-5.557232079604702,-5.574872205676637,-5.497284810486136,-5.6087027957371305,-5.6002582042601725,-5.578902998136273,-5.468793616313838,-5.571548188463701,-5.588021215883584,-5.57500168660769,-5.5601846947936115,-5.571069047032363,-5.56074846513033,-5.561141534763606,-5.560302643315122
2013-11-06,-4.475840239800165,-5.459102555440466,-5.417225420809919,-5.487869547729455,-5.478055362349559,-5.465251299991434,-5.401160244237531,-5.453906101612762,-5.464423600054582,-5.459565843886581,-5.4509970510525685,-5.456292244164575,-5.4513074864986555,-5.451799818077548,-5.451023855818568
2013-11-07,-4.977264085412134,-4.919238594615762,-4.93735834033567,-4.946826497035818,-4.933614583016115,-4.92512192285584,-4.918977706677539,-4.912335195944072,-4.92471425372342,-4.919768523974582,-4.921289011568106,-4.9220074622918,-4.9213877701090665,-4.921147476593934,-4.921354850811265
2013-11-08,-6.277383529796944,-5.136275748189845,-5.103411157653039,-5.14743758095377,-5.160068079690215,-5.128601013157859,-5.114455765566931,-5.13591424770916,-5.152052057265846,-5.137280041830262,-5.13281850716456,-5.13486002473158,-5.133413282720346,-5.133077093379928,-5.13283141785714
2013-11-11,-5.081113215974433,-5.720522515757553,-5.651343723758563,-5.736618302612027,-5.744207196361254,-5.717490295382389,-5.647432633465408,-5.71933530328459,-5.742618851290865,-5.725294657333362,-5.710007023894938,-5.7140346839262675,-5.710192468027803,-5.710817708657318,-5.71005132167904
2013-11-12,-5.417910033724,-5.1542326463408354,-5.209884256697479,-5.171450960010035,-5.178232008175842,-5.151427999951646,-5.2208358487957645,-5.151267215863594,-5.169662458438349,-5.155266998680269,-5.165189086431305,-5.159737328237728,-5.165011339021265,-5.165606750614305,-5.165292151117339
2013-11-13,-5.715573346803509,-5.297858818983104,-5.32376084343536,-5.314787852148579,-5.321012237292214,-5.2986259857019595,-5.357259299759655,-5.297001644103188,-5.316676900671942,-5.300270084467327,-5.305220273879715,-5.3014146811892715,-5.30515427330699,-5.305693753927841,-5.305306676595364
2013-11-14,-6.471337222085203,-5.541001964843274,-5.477578161366823,-5.564644480559734,-5.5644432053656265,-5.539331228572722,-5.482256883850201,-5.537690029621803,-5.563735860146694,-5.544272531528158,-5.531299383146493,-5.535315970455702,-5.531439027324523,-5.531843799173459,-5.531401301754218
2013-11-15,-5.218706675043317,-5.968981075763541,-5.864667420962109,-6.00185871912461,-6.006758329379808,-5.977044168924015,-5.86244137239565,-5.968301153249746,-5.9928672003295205,-5.981577230496156,-5.952761157659584,-5.956616128584043,-5.95301831451301,-5.953507328504343,-5.952805848072243
2013-11-18,-4.962920850960626,-5.35519844073322,-5.411876944065063,-5.371336093403235,-5.381505549205942,-5.3513312661968335,-5.433622480216824,-5.354704152834635,-5.377548134489061,-5.361575082744042,-5.367401528368473,-5.363337282089857,-5.367526689934923,-5.367934020213699,-5.367539035759713
2013-11-19,-4.679210719593782,-5.224100590335678,-5.257194375603546,-5.237026327049764,-5.241004781893049,-5.221834367179618,-5.262985194848813,-5.222665662832344,-5.232584725490397,-5.2268855170628505,-5.230045138769178,-5.229241250725334,-5.230234142004602,-5.230377923529122,-5.230138965000651
2013-11-20,-5.877061097208104,-5.021983964529216,-5.082652131176506,-5.036105893718956,-5.056078612101283,-5.022124237185856,-5.123283890434448,-5.021734639683483,-5.04517002986907,-5.026196208137341,-5.035721678306714,-5.029294570661875,-5.035721439840984,-5.035908562832922,-5.035812581324473
2013-11-21,-6.442588397221113,-5.559318733399232,-5.538513162479546,-5.575493149600131,-5.589007364668416,-5.556834033417953,-5.548893873408883,-5.55857828716114,-5.579976195032964,-5.564747982189093,-5.556654925898934,-5.558659067015112,-5.556940064403875,-5.556981211587256,-5.556679154758136
2013-11-22,-6.455908698135544,-5.81771983921227,-5.757849925838928,-5.842547974770133,-5.847668096508058,-5.826283350530894,-5.753242634795551,-5.8168704352850416,-5.832733775541656,-5.842579983176692,-5.807926805501709,-5.813185004911456,-5.808461822861688,-5.808395514647749,-5.807976791432909
2013-11-25,-5.932246211260022,-5.876575035261287,-5.78799953867783,-5.899245929107933,-5.903072108997197,-5.879170761279641,-5.767487125651128,-5.876951397468663,-5.882890177922619,-5.892298034504109,-5.861368858315814,-5.8688023452870315,-5.861460051831483,-5.861876528895146,-5.861387238975427
2013-11-26,-6.235531485651769,-5.715062560788848,-5.712775275041393,-5.734752013370452,-5.756646367426397,-5.718775783362676,-5.729132180888637,-5.714885188505484,-5.734520008806795,-5.727547799678489,-5.716901707913675,-5.715730957668466,-5.716975856159839,-5.717672720764549,-5.716981207296106
2013-11-27,-5.580405614714168,-6.010897742458383,-5.993160747104372,-6.034684562191608,-6.049724528491821,-6.016657958031727,-5.985928831694315,-6.010647355948486,-6.01842540630373,-6.0229343820019325,-6.007510538371907,-6.010099497555456,-6.008071208193841,-6.008183152546907,-6.0075451435089615
2013-11-29,-5.538996692636401,-5.694772183158346,-5.74473160658947,-5.71299964920734,-5.750312026842128,-5.696347065953252,-5.780258332998048,-5.693098526632019,-5.71431120270756,-5.715257402187435,-5.705893722765372,-5.703626270935249,-5.706038900048245,-5.706783135847261,-5.706027753744245
2013-12-02,-5.273503504023221,-5.632044329027847,-5.596937930594532,-5.657978762171716,-5.673739262656033,-5.631368681688754,-5.613797200265122,-5.627524199320526,-5.65632779473909,-5.641901989654659,-5.627907477659493,-5.63059011272458,-5.628174667872313,-5.628481924121244,-5.628027259713038
2013-12-03,-4.488944547983518,-5.446624416186712,-5.439382570819928,-5.4563565219271,-5.477378342165204,-5.443779467589511,-5.439036061563455,-5.44465866420781,-5.461424656079173,-5.454578055684452,-5.445530334447948,-5.446546213586033,-5.445527217145582,-5.445965709161642,-5.445589923218693
2013-12-04,-5.296803669735688,-4.963433225735842,-4.983216540028894,-4.977522567045613,-4.995043896458774,-4.95656927077839,-5.005392355991443,-4.962006105177215,-4.983964675552042,-4.971502482031125,-4.968727489053538,-4.964935925580929,-4.968741937046623,-4.968878123608292,-4.968808299871137
2013-12-05,-5.488775157765109,-5.278784210814145,-5.26350014995962,-5.304286964985105,-5.317372131136751,-5.277428113231294,-5.279375967632299,-5.276796249428554,-5.304636314146658,-5.288994977185895,-5.27839205490784,-5.278638242767887,-5.27838210278415,-5.278731465458446,-5.278479308578556
2013-12-06,-6.097963605778633,-5.3557284200658,-5.35224213719287,-5.3826699156510704,-5.403187166446994,-5.346612011911391,-5.376341657645109,-5.353886474815049,-5.386329759278793,-5.357130078849433,-5.358448006155529,-5.355287139732386,-5.358295204035675,-5.358769392277552,-5.358590070965001
2013-12-09,-5.70479417429188,-5.644231049244723,-5.59707008757517,-5.677994564798773,-5.6860880880246185,-5.653584841949054,-5.598253368910341,-5.640002878374323,-5.67149655989966,-5.664743833667381,-5.636751793190219,-5.639485536349604,-5.637330072741995,-5.637435370944965,-5.636842039836317
2013-12-10,-4.998857198288046,-5.510649121502779,-5.445246259399331,-5.528854194797053,-5.554038993185755,-5.507815655500678,-5.451898332980432,-5.509087087288591,-5.533636690521877,-5.512869073680573,-5.503068725190301,-5.5049859232955844,-5.503252994987397,-5.5037716232911835,-5.503107029718945
2013-12-11,-5.136959115113858,-5.259157525985749,-5.263599264307646,-5.284086159029406,-5.290103161658289,-5.264072524068917,-5.292139481717163,-5.2557432489640385,-5.282010502706934,-5.2693725803919405,-5.2631778597415435,-5.261112020344507,-5.263111828359441,-5.263672357031542,-5.263274268309734
2013-12-12,-5.327200290297535,-5.299626777096333,-5.284221877925382,-5.310672052740746,-5.332989949826419,-5.31286790835895,-5.29832880230755,-5.298554194981232,-5.307527367256134,-5.317015461997511,-5.298816771712073,-5.299360000923032,-5.298853755815164,-5.299096997303235,-5.298807669447554
2013-12-13,-5.833512881206306,-5.376410866318021,-5.388465074570374,-5.383384430708851,-5.410660876751444,-5.391645335111337,-5.42076541588622,-5.377207800693746,-5.398111395708257,-5.392682259582408,-5.381184899349584,-5.378603374087044,-5.381211659737908,-5.381646289770513,-5.381231156843993
2013-12-16,-5.336815283230514,-5.5915841977275385,-5.558223285019797,-5.61061776705127,-5.627393208804441,-5.602185340838507,-5.566451432029759,-5.5892357976140845,-5.607670583584383,-5.602143016698083,-5.5878608182279095,-5.5903196153910155,-5.588637016045406,-5.588578479856442,-5.587894152219424
2013-12-17,-2.9012083503887136,-5.352674674896941,-5.379943525693005,-5.359970069495033,-5.389884932905287,-5.349373815923483,-5.423915584400666,-5.357457684894292,-5.375395975506684,-5.358772114298685,-5.361876277717473,-5.3562309663253025,-5.361718013826678,-5.362368286910952,-5.361949902650016
2013-12-18,-5.544472578607434,-3.8654075050415355,-4.049575076678451,-3.874433241059286,-3.9090868460196786,-3.8775407537933937,-4.139075481579845,-3.866123418256551,-3.8895471370499863,-3.8711374198009216,-3.9025847623958407,-3.896140519861022,-3.9022792492030978,-3.9019984369754788,-3.902783104369322
2013-12-19,-5.878893409725209,-5.029167742488344,-5.036130736284993,-5.049772075543984,-5.070942532141501,-5.048984402385001,-5.067942163740734,-5.026318259145611,-5.046186988318135,-5.039541481498462,-5.0335082617519635,-5.031596871454019,-5.0335243291530185,-5.033675772984451,-5.033587503842435
2013-12-20,-6.482801630612304,-5.1976674013202855,-5.198339823311499,-5.218635296344991,-5.238689464104253,-5.214319279052116,-5.230338962740042,-5.197345308698769,-5.213071886555303,-5.201253875977417,-5.201553599059869,-5.198714441809484,-5.2019363143819355,-5.201753149298865,-5.2015729772602635
2013-12-23,-7.240711803039206,-5.498082198382918,-5.457609269028711,-5.523116521841733,-5.547468948215406,-5.503761086061699,-5.494393308360699,-5.497838935559569,-5.524073906709007,-5.499406494056326,-5.495606265694482,-5.495463096777444,-5.495589304431539,-5.495923626418791,-5.495680247088859
2013-12-24,-7.114061465896085,-5.899289498367473,-5.779412571171144,-5.933725103101043,-5.951615007605268,-5.909041069929711,-5.783621762094262,-5.899411245132888,-5.922939522590812,-5.91167298871563,-5.879815572936322,-5.888471638851154,-5.880454808250434,-5.879910843937875,-5.879797267108242
2013-12-26,-6.570645046440507,-6.362578269082331,-6.2583750460323255,-6.403025899481229,-6.403868281783081,-6.363777137779033,-6.252459002428458,-6.352740756850257,-6.381952322261075,-6.37543050978811,-6.345630122557354,-6.350804241199162,-6.345736294132023,-6.345931259974671,-6.3456693085285885
2013-12-27,-7.086537537400702,-6.184205430845418,-6.13603953270834,-6.203721802225028,-6.238141608305638,-6.186318686334968,-6.160448215134623,-6.183802847686373,-6.2113233085972785,-6.190702622385351,-6.178507772603807,-6.1811910918209305,-6.178573261885232,-6.179136397709293,-6.17858961081763
2013-12-30,-6.243664126804389,-6.511266780123663,-6.4069620283757045,-6.54741629354471,-6.558918987234672,-6.525749375507843,-6.376598122098538,-6.496558453041912,-6.524468613556821,-6.5293535789407064,-6.493475760261951,-6.4999192709137095,-6.493958224275909,-6.493834199949345,-6.493496171381048
2013-12-31,-5.089504385133881,-6.101701466369132,-6.1203941097269805,-6.120877744518374,-6.158627358045923,-6.107070031485549,-6.1593885568975635,-6.099460209589531,-6.121075604091482,-6.119007937077731,-6.108663059583698,-6.10427515867798,-6.108745567735821,-6.109341571749292,-6.108792174404749
2014-01-02,-5.909207358745312,-5.381250808966408,-5.387615319969965,-5.402465491369034,-5.427555706928759,-5.387900113632392,-5.418382101584719,-5.382845649152505,-5.399225373587452,-5.39415608068929,-5.384692266549592,-5.382419727087129,-5.384676781783734,-5.384956127763989,-5.384778034751045
2014-01-03,-5.042127184674616,-5.725917588618538,-5.6850590399222,-5.747578788409036,-5.77712663874462,-5.734891924673627,-5.6876198066189065,-5.721931302423536,-5.741516502737146,-5.729316559247234,-5.720731527939061,-5.725456610667429,-5.720983692477303,-5.721004958034475,-5.72076673701383
2014-01-06,-6.104243767725579,-5.238963610857726,-5.288578711871657,-5.2577283542735245,-5.295911982581313,-5.241101334193132,-5.352112457706003,-5.24543426775635,-5.268039398476054,-5.2487084449763906,-5.252796124929629,-5.24625068164,-5.2525088865466225,-5.253284310322092,-5.252971611138342
2014-01-07,-4.93137633207564,-5.727983285980054,-5.657910965226391,-5.760119332944132,-5.773584196243779,-5.73606577588834,-5.660992988148698,-5.720745790011182,-5.755060767755422,-5.7457851791389505,-5.718214136307005,-5.721459124464552,-5.71855230723369,-5.7184600257670875,-5.718269240502761
2014-01-08,-5.2245160361259195,-5.123906738764515,-5.147275997253196,-5.1497247935901225,-5.168511861756498,-5.13385830611239,-5.1902245540559795,-5.126477222802239,-5.1450817529677755,-5.130943697840206,-5.131577050526565,-5.128220972521943,-5.131549017843345,-5.131875246844327,-5.131711360479022
2014-01-09,-5.252709806060253,-5.264021426928807,-5.303806782577489,-5.287106710996848,-5.3024535763065215,-5.27347401406244,-5.338383913103017,-5.270581278798231,-5.288927392961873,-5.274454960499804,-5.274976863303377,-5.270544369549624,-5.2749463242186545,-5.2753205807233305,-5.275066758479662
2014-01-10,-5.250875914917659,-5.245848318295218,-5.281657106913784,-5.266654078706618,-5.291696455744824,-5.245838540589523,-5.311112141460611,-5.248627829919528,-5.268346445905204,-5.244210240630493,-5.255202978026165,-5.252009161513861,-5.255311838028736,-5.255446197250847,-5.255288091624715
2014-01-13,-5.368905226803818,-5.253499271868013,-5.2680364400158535,-5.286782519899185,-5.2987670007827905,-5.271323233829241,-5.307333906328346,-5.251133195446742,-5.287971922936823,-5.264607467536348,-5.259475248526305,-5.254711291592839,-5.259671603553995,-5.259757894790556,-5.2596106492012895
2014-01-14,-5.7123301333384084,-5.287974437355882,-5.3018084658525195,-5.31628544608607,-5.326070422027732,-5.299973913341558,-5.363141266743123,-5.290203499404268,-5.312557641749031,-5.293323592313844,-5.295004899718144,-5.289297412631859,-5.294812675865184,-5.295259335389998,-5.295108824223603
2014-01-15,-5.9020547352243335,-5.488986020239811,-5.477391102057562,-5.517209953186719,-5.514402503933379,-5.500254278182727,-5.49871628789957,-5.4809646813507715,-5.509193349812119,-5.497184119282003,-5.488672436967018,-5.489019917861626,-5.488732862388341,-5.4889027288783,-5.488751302634816
2014-01-16,-5.5273476558745065,-5.610295416711428,-5.574730514205528,-5.641689086846935,-5.647040269848861,-5.5936952128504025,-5.593079714134271,-5.606297572643967,-5.636063836007088,-5.6140956797127295,-5.606405647452341,-5.607452561214967,-5.606785022537254,-5.606711667206387,-5.606462625054769
2014-01-17,-4.9499882133211175,-5.451927597695066,-5.470513310983955,-5.4736625914522525,-5.488137821740153,-5.44174780371711,-5.500474455051375,-5.451686944708673,-5.478108798797108,-5.460451502553677,-5.457737949608903,-5.454017584749084,-5.457866794468031,-5.458084542660192,-5.457854222696634
2014-01-21,-5.944567401087233,-5.16090490556345,-5.208854107847325,-5.1732838047308904,-5.191704610594508,-5.1647451396722746,-5.241637134973886,-5.166857550855522,-5.173262853831677,-5.169766213019491,-5.1713616210343725,-5.167030129661947,-5.171539930804462,-5.171572206361329,-5.171438022645501
2014-01-22,-5.220045328557981,-5.758818585374975,-5.688192434987304,-5.778354390557487,-5.793398825116202,-5.774385945746446,-5.707866830531236,-5.76151914531843,-5.778958369552832,-5.773310052334847,-5.748700991693973,-5.7549476328661715,-5.748982635252769,-5.749037783593546,-5.7486725490148025
2014-01-23,-4.539904050264049,-5.399022314292126,-5.345857281193031,-5.424917420752,-5.429292562015217,-5.397236771589687,-5.3603904177397705,-5.400671075013381,-5.428075599319422,-5.399310998779978,-5.393669398767586,-5.397608171098511,-5.39392126299698,-5.393808340198963,-5.393703219670144
2014-01-24,-4.1095690587014575,-4.986885359256598,-4.924352050711306,-5.020758200780983,-5.024245447478993,-4.996295369235965,-4.942433700796829,-4.981666129561061,-5.0212543045821985,-4.988714175292778,-4.978923291013438,-4.985384500235706,-4.9792735182971155,-4.978731426174857,-4.978986896917078
2014-01-27,-5.16428411652644,-4.663102248305482,-4.682200058220377,-4.678662387793366,-4.684988313561414,-4.654999282684175,-4.716187210007879,-4.670340374243792,-4.689106354019985,-4.662234236059001,-4.669000090338232,-4.665564469024471,-4.6690964566200055,-4.668789930556419,-4.669131777161045
2014-01-28,-4.152955582838605,-5.140049947098312,-5.128740295628548,-5.162392254036798,-5.16227590659182,-5.137652948485329,-5.133406374465536,-5.1387975734133615,-5.173409121347821,-5.140673560169638,-5.139445712205814,-5.140049834852894,-5.13962235673606,-5.139317061707061,-5.139519053868305
2014-01-29,-5.144899051057504,-4.578882459526382,-4.596138270023049,-4.606209493836904,-4.61374905539155,-4.58673539371926,-4.613564597607855,-4.567193929468297,-4.604630213251459,-4.584186566457646,-4.58281889839808,-4.582169944048708,-4.58290020599211,-4.582418673827453,-4.582920953488184
2014-01-30,-4.310388192256634,-5.01704832588896,-4.992548355840182,-5.056891975738175,-5.051041705007781,-5.029580438576503,-5.019410995564955,-5.00681509826935,-5.044903447793304,-5.025841041957712,-5.016028974286701,-5.017654637139724,-5.016268396955868,-5.016058203338936,-5.016145666375983
2014-01-31,-3.9364379192338457,-4.604688878611752,-4.6594633641184,-4.634159907314054,-4.637687379751992,-4.60057041933443,-4.7203869380496695,-4.6067893475074095,-4.625411291388706,-4.603899902646437,-4.618291929000216,-4.6138654338843335,-4.618344949348361,-4.618039132614984,-4.618469904018569
2014-02-03,-4.252798217590073,-4.393356613673335,-4.3825044511165885,-4.4303181182796685,-4.421284142631306,-4.398582898525551,-4.417410142912143,-4.390023441745161,-4.419585399664147,-4.393057119326938,-4.395135922193553,-4.392443278102393,-4.395253238764733,-4.3946537738122995,-4.395242806958606
2014-02-04,-4.120339252682344,-4.488834707573135,-4.536947110466544,-4.501747227375445,-4.518065395918379,-4.489576247416722,-4.568662751009606,-4.486831521470613,-4.509727752397146,-4.487836773277623,-4.498190586200105,-4.496081204730514,-4.498323989473028,-4.497686978734129,-4.49830734755293
2014-02-05,-5.62927951937917,-4.408217752740613,-4.429781795296936,-4.444340276100592,-4.424497561685125,-4.416072010351012,-4.4743939560193775,-4.401106610988448,-4.429942505958174,-4.407923547239472,-4.414515548753925,-4.4116251384519085,-4.4148387502446464,-4.4137599491275985,-4.414627475461225
2014-02-06,-4.905364600614397,-5.100826898337266,-5.0620103000796,-5.141594390841808,-5.128093458465284,-5.1008768501485315,-5.042800514305035,-5.076442612875291,-5.124794156722777,-5.09800701578488,-5.0942995826013675,-5.100322850010546,-5.094635659923029,-5.0944095370058955,-5.094398803075927
2014-02-07,-5.982750577513705,-4.793104434094716,-4.837035579951658,-4.819378184959,-4.813227464476834,-4.79198044279151,-4.8860791785721736,-4.789716966641327,-4.813412635808085,-4.79264391776763,-4.804235335937831,-4.800122988627025,-4.8043866332993845,-4.804210027202161,-4.804346601796067
2014-02-10,-5.359739209965926,-5.371656217614253,-5.341054909458672,-5.407516677235487,-5.397433941436982,-5.366030428603959,-5.361071328420543,-5.362401942384994,-5.394975876516841,-5.370615530829666,-5.370240577025618,-5.370100856677344,-5.3701754712195005,-5.370424869820605,-5.370325554697996
2014-02-11,-5.29915660129852,-5.155559058116971,-5.1801373161463244,-5.177392521363639,-5.187800099818153,-5.165172339627746,-5.224219487114086,-5.153757919379394,-5.1796963519176265,-5.161601264447475,-5.163571686113379,-5.160716056170248,-5.163789127002327,-5.163817205111298,-5.163689998994431
2014-02-12,-5.475943530889236,-5.231045785688564,-5.257342565437572,-5.252970321666708,-5.260271722550006,-5.229319079300792,-5.3072445201121425,-5.235616805533392,-5.25774724368633,-5.230960170060154,-5.239186623137604,-5.235089962436518,-5.239075198191274,-5.2394576938970046,-5.239326803654517
2014-02-13,-5.973770665894614,-5.306007781851529,-5.3337569270610405,-5.329070059315181,-5.330301416766449,-5.312834098017277,-5.3598814061983004,-5.3047752458148105,-5.330344799228105,-5.307310992928077,-5.312564621558979,-5.311442798419086,-5.312785557993525,-5.312896356505605,-5.312652478939493
2014-02-14,-5.52251162256161,-5.593772919232119,-5.556534751578986,-5.630996553531961,-5.618263268780089,-5.601878272701358,-5.569635993936162,-5.577508088551761,-5.6146883572079735,-5.594672472793013,-5.58887617987386,-5.590844986710378,-5.589142026231856,-5.589375084563143,-5.588938141630595
2014-02-18,-4.724407531096267,-5.369876607871865,-5.37218032405235,-5.4087921526846445,-5.391975003590351,-5.372788803307238,-5.382648927757975,-5.357058129173602,-5.384652038176532,-5.363325901137233,-5.370856125315445,-5.37024724913476,-5.370974789662083,-5.3711705015232125,-5.370934654327436
2014-02-19,-4.937043068217109,-4.952359883555746,-5.019680427119077,-4.972127161582731,-4.983701627762826,-4.9540201217146524,-5.071917513071405,-4.952135110938411,-4.971887772485982,-4.949277983452076,-4.965613122265198,-4.959703488963896,-4.965516107412118,-4.965874868701735,-4.965782002078072
2014-02-20,-5.691233192193319,-5.022011315357612,-5.0714126231412875,-5.05012453707756,-5.059616133568386,-5.027100686954518,-5.1278549762262715,-5.0205709520611785,-5.052846424447456,-5.021291324918542,-5.0337245462287665,-5.026889574720764,-5.033779823781276,-5.033965608329628,-5.033924334711102
2014-02-21,-5.224343335025158,-5.375251604590002,-5.381268911498865,-5.416382838933897,-5.415968292770322,-5.38657176348206,-5.429856261427205,-5.372785202936035,-5.408299883870874,-5.37592133955042,-5.380292013677687,-5.375941653956247,-5.380481878458824,-5.380791794525287,-5.380421560381186
2014-02-24,-4.851317300427054,-5.134178028859153,-5.219208599347468,-5.162150434588444,-5.1664636283470955,-5.146737848253116,-5.2577695324177185,-5.123997489992993,-5.154216725746083,-5.138224579476718,-5.150733908469002,-5.14620381827844,-5.150700456856329,-5.151158789930582,-5.1508899473344565
2014-02-25,-4.981648156447207,-4.9306228402472545,-4.994461588661376,-4.957012461883933,-4.9649063543520535,-4.93568178559596,-5.0383780057930565,-4.924893438902565,-4.953320082779359,-4.928855939865878,-4.943043690049557,-4.937564549790103,-4.943339836705552,-4.943295472987633,-4.943191760022314
2014-02-26,-5.163681971718057,-5.010370233269077,-5.043120937473267,-5.038674061486652,-5.0270271136244356,-5.00272284015899,-5.05498451256953,-4.993763725526289,-5.035790075341478,-5.0065868791013655,-5.016583518367123,-5.014621838400323,-5.017082045701525,-5.016783853511186,-5.016721691495223
2014-02-27,-4.576546810077557,-5.118505074990529,-5.134943509653922,-5.152708834169284,-5.147939942617916,-5.1230316727334815,-5.151139914234462,-5.102735801750937,-5.138372730596258,-5.117841151350961,-5.123152479790926,-5.121019955730652,-5.123431553631969,-5.123436560467829,-5.123258681053866
2014-02-28,-4.433050668362099,-4.792976329957772,-4.895962780045466,-4.814722595355762,-4.826437579265902,-4.798135264329662,-4.957517289652536,-4.791946570495172,-4.823196477189005,-4.794971147291551,-4.812894093094328,-4.8048060501933065,-4.812822239353845,-4.812882093857764,-4.813067924125396
2014-03-03,-5.546397171020181,-4.690147024428499,-4.771918403515647,-4.723560966199513,-4.71099625465601,-4.702161489044522,-4.807225057152183,-4.680178805774842,-4.707026408043706,-4.6910261828568345,-4.705012892197638,-4.696813375367288,-4.705059534205034,-4.704679773141785,-4.705132529485953
2014-03-04,-5.632905498456562,-5.21905028336632,-5.274581150373382,-5.240548206709703,-5.248136505460794,-5.228199433801368,-5.316959872490351,-5.217880502960273,-5.2452433525789335,-5.221693586196056,-5.230366204960986,-5.225163436575571,-5.230427917773228,-5.230629244939187,-5.230481470754204
2014-03-05,-5.994385240598623,-5.295049218834167,-5.333909691304418,-5.316774498183727,-5.318115144165855,-5.303074166583294,-5.360141184256528,-5.286050114533172,-5.309870781030565,-5.29749652647652,-5.3036532221604125,-5.299663262765775,-5.303789012050096,-5.303977224128834,-5.303726333466125
2014-03-06,-4.705162613359155,-5.510119213972851,-5.517037130009673,-5.534139596157491,-5.534858160350107,-5.51288108537756,-5.54756563875131,-5.501199368363999,-5.531110749353721,-5.51030032662305,-5.514442643235627,-5.511971387741731,-5.514483958055202,-5.5149777539552645,-5.514528384261597
2014-03-07,-5.255155832969287,-4.945770921948153,-5.0473944505181185,-4.962570667806685,-4.9793744025141775,-4.9444502872035825,-5.125545851897808,-4.952735256626721,-4.979351995760799,-4.947337949440287,-4.966760603620489,-4.960314115983733,-4.96671372690533,-4.966921466998611,-4.966938657888229
2014-03-10,-4.880433748042397,-5.27291279257953,-5.352869970077834,-5.290049240145161,-5.291562024223394,-5.270756861121629,-5.393862239135528,-5.268578024569905,-5.293660703468226,-5.27221612053822,-5.288412242333869,-5.280794746132617,-5.288308496187391,-5.28870225622281,-5.28855266223007
2014-03-11,-4.98415631688299,-5.061222110564729,-5.16588581760732,-5.079762361373101,-5.082055726264058,-5.066649646393237,-5.210535001245687,-5.060589247720606,-5.07996465730017,-5.061484719942049,-5.0796703536342385,-5.0757231152735045,-5.079746437282971,-5.0798675564648885,-5.079814497622141
2014-03-12,-4.5580546888103886,-5.08064466673559,-5.17855635749346,-5.100345772755593,-5.091804394655112,-5.086398678261657,-5.216029546850098,-5.072393446030517,-5.0942345367094015,-5.081355149109494,-5.0970502995558675,-5.091749689061933,-5.0969449352305,-5.097183545865291,-5.097196302568492
2014-03-13,-4.609322313484029,-4.817533798331476,-4.883510771192011,-4.834705903114086,-4.831421604774111,-4.82254494223504,-4.917834443575131,-4.818585136083713,-4.832817551543425,-4.817032602496855,-4.829458211145351,-4.825386618090458,-4.829394670483166,-4.82931761386519,-4.829558130573723
2014-03-14,-5.043379817181649,-4.825907440736764,-4.894621659266298,-4.849354621144648,-4.853115995951543,-4.827432541141384,-4.945815057981372,-4.833974033145402,-4.864868995161304,-4.825621103813834,-4.840440615612717,-4.833000703557347,-4.840597073318376,-4.840193617183914,-4.840579444985451
2014-03-17,-5.410732512602304,-5.011074260170832,-5.108317316528505,-5.0240625391699805,-5.018254990080878,-5.014899572754285,-5.181981661939302,-5.019653447072719,-5.030570688382871,-5.011138413314383,-5.0296894701102195,-5.022159116828432,-5.0296472993017165,-5.02969133044798,-5.029831102886994
2014-03-18,-4.372679063017615,-5.196049017961789,-5.290492603826617,-5.214154354594061,-5.214640966141801,-5.2010374861909785,-5.372477888364006,-5.1997868065531465,-5.217117714493814,-5.196608049383291,-5.214800147859025,-5.206506411607267,-5.214763660060211,-5.2150078459318605,-5.214960903892756
2014-03-19,-4.968297417177124,-4.6788273809158,-4.780553127687136,-4.686577037503768,-4.72074166503982,-4.679709508457471,-4.87605728260577,-4.695020780836804,-4.7028319569864605,-4.678670972497433,-4.6999668650269815,-4.6911819545583295,-4.699847395296866,-4.699617326912323,-4.700118825229119
2014-03-20,-4.683922964909121,-4.961820800619381,-5.022474865005408,-4.976268613167028,-4.996147314791635,-4.961540612840154,-5.09230987293998,-4.967291560930444,-4.991471388718758,-4.959691567708627,-4.976476141445702,-4.968079500030461,-4.976483587885141,-4.9765319239409935,-4.976611481991099
2014-03-21,-4.463517973636653,-4.838417626503755,-4.915744074215674,-4.861485527874787,-4.875114522104133,-4.84194841609308,-5.004789879266346,-4.845766457123875,-4.8586063286601595,-4.8351533936286595,-4.855632596495881,-4.849111357822213,-4.855549643294559,-4.855401585654786,-4.855761747791169
2014-03-24,-4.718111209698661,-4.702734641323221,-4.784813347208478,-4.729753580190559,-4.73004145155358,-4.703546385891772,-4.845448508602741,-4.702655488096962,-4.7360883166977015,-4.700716186949083,-4.71897354616583,-4.711437170909716,-4.718951746817288,-4.718327664666834,-4.7191364299214795
2014-03-25,-4.739105173783882,-4.785097836803494,-4.906801777967604,-4.8133903543647065,-4.800813247115355,-4.793072305645077,-4.975629238830489,-4.785497024175118,-4.804349562784221,-4.783896883817151,-4.807142465871058,-4.799648859211928,-4.806988168758907,-4.806494403615084,-4.807306100240054
2014-03-26,-4.547540191368037,-4.810771961052534,-4.8917309992842934,-4.832960826927019,-4.828884526650116,-4.819370214219492,-4.962053469313471,-4.818749608296032,-4.837271620839312,-4.808179996725392,-4.827968072894931,-4.820993704629766,-4.8280578146699265,-4.82732839369983,-4.828099984436254
2014-03-27,-5.075282256186573,-4.701283347563167,-4.720914695235426,-4.73750646595772,-4.7188136139936985,-4.707197150347142,-4.760915493992374,-4.699508018023988,-4.732969882363781,-4.700557950847814,-4.707985632194139,-4.7061870071659495,-4.708036597462627,-4.7072435559217585,-4.708097366478434
2014-03-28,-5.6696885437626685,-4.954578083034093,-4.996970874759133,-4.983658537160589,-4.971924209576824,-4.959066497449429,-5.048808367050416,-4.956785368346379,-4.9826961525631726,-4.9538508341897005,-4.963938915862785,-4.957087993888636,-4.963687060412262,-4.963698212832847,-4.964049787627403
2014-03-31,-5.6843563124626355,-5.273848627092541,-5.291781818923119,-5.304233933632041,-5.298201672506268,-5.281646549191416,-5.327390400918324,-5.274097031845132,-5.308723405683334,-5.271893765432685,-5.279236451436918,-5.275214542158968,-5.279224292307377,-5.279706953010787,-5.279354299406755
2014-04-01,-5.908611843333063,-5.330310821456663,-5.370816319762772,-5.361720409778391,-5.36351104823193,-5.337543751777676,-5.414072916598142,-5.326128008749308,-5.354255695378711,-5.328866521221609,-5.34011056133838,-5.334019287441366,-5.340037193575843,-5.340632083407075,-5.340213507287192
2014-04-02,-5.643444509336856,-5.496889974172984,-5.5068558500735625,-5.537962560546888,-5.517599904499463,-5.503307850194131,-5.5398723576930875,-5.498580270177807,-5.520455672661484,-5.495532456819519,-5.5012887417360234,-5.498079572981229,-5.501716142594587,-5.502110863330817,-5.501373756698578
2014-04-03,-4.450872934701318,-5.455667624208783,-5.460943902558361,-5.488093142704715,-5.482032467256313,-5.465124384544779,-5.477298150905609,-5.452808732618397,-5.478998179186372,-5.453051028038113,-5.4585364424561025,-5.456397508651946,-5.459414140771977,-5.459102861822074,-5.458605693025831
2014-04-04,-4.300785919769704,-4.84300962560228,-4.862127377246518,-4.885401641571051,-4.857121121924122,-4.85217714336578,-4.893102196142622,-4.839041522880061,-4.880218756006257,-4.839475373688617,-4.848598096262044,-4.84571600053623,-4.848584286251925,-4.848719171127012,-4.848707454470034
2014-04-07,-4.790928978851188,-4.674015524458778,-4.703648625128436,-4.711375722467729,-4.68113823721801,-4.683267950439235,-4.741763603092637,-4.67434336326826,-4.711921680262782,-4.670248325015543,-4.6816391621592786,-4.6760734907989585,-4.681633270508104,-4.681283497152168,-4.681750790259976
2014-04-08,-5.236791660799835,-4.864784275660713,-4.838898249827529,-4.897669541974913,-4.878143072207784,-4.864379571700624,-4.85284110355582,-4.866493712111803,-4.895770336052754,-4.866157558574871,-4.8633968217470125,-4.863691140203516,-4.863482448984721,-4.863323077681731,-4.863462112825947
2014-04-09,-4.162223222997902,-5.05123183876945,-5.057240435439869,-5.089450431579423,-5.092719642844706,-5.0550198460460765,-5.094593264641634,-5.04861575097551,-5.086252798835657,-5.050168180586934,-5.056015088558987,-5.05247162165164,-5.055998310327213,-5.056123145021927,-5.056126840075767
2014-04-10,-4.1572118529063635,-4.493350093938562,-4.5456227156780304,-4.525652032267647,-4.517823820562314,-4.497930277424541,-4.570814353424129,-4.487051670956809,-4.518040880723225,-4.492381057470436,-4.503204788873612,-4.498447368931471,-4.503237380524354,-4.502903814910766,-4.503308181917351
2014-04-11,-4.61577560202939,-4.462384396803282,-4.491565944704029,-4.4948745791664,-4.477736631491142,-4.467084566009296,-4.5381120006621005,-4.475570628321759,-4.499362334327175,-4.460812434870095,-4.470172023289115,-4.4640778663790455,-4.470164769778179,-4.469664506612068,-4.470279593896777
2014-04-14,-3.6359159740255333,-4.686465754536528,-4.75545112370781,-4.708549332515863,-4.703082287213453,-4.690455244100832,-4.813374904044664,-4.696669155968199,-4.708746095973156,-4.685195065356525,-4.700266522320065,-4.69538859756376,-4.70027968819902,-4.700068662113482,-4.700359446809852
2014-04-15,-4.857640423400139,-4.153285957558923,-4.249732527898171,-4.180776871028583,-4.16108936904887,-4.154529206261659,-4.295215442521566,-4.153130783413463,-4.169395751837496,-4.152090583700938,-4.170110358804625,-4.164608846431223,-4.170011991419834,-4.169353418324935,-4.17020469236503
2014-04-16,-5.205265763056043,-4.695886745326856,-4.752581925056902,-4.721949954408546,-4.711757389804068,-4.702946288083303,-4.80498715315621,-4.699504334434969,-4.731549686982759,-4.69265534488419,-4.707280762075967,-4.7007405501256265,-4.707023079882037,-4.707091320569082,-4.707401243525628
2014-04-17,-5.952429909944372,-4.888549709791669,-4.900487657748831,-4.9234616105743285,-4.904547679294448,-4.897113182066046,-4.918744333601786,-4.882602903860125,-4.915059678686906,-4.887132605283879,-4.892433911468885,-4.890619522271988,-4.892289593109064,-4.892680801782936,-4.892495279988984
2014-04-21,-6.074047224444967,-5.296583746531923,-5.290928793362582,-5.335905275297956,-5.3146755314146175,-5.305560737484793,-5.314333695300738,-5.285815258275954,-5.323737220851517,-5.297160773361158,-5.298177435820035,-5.296177600822008,-5.2982373140016366,-5.298577339410586,-5.29826802515165
2014-04-22,-5.809674221572352,-5.400481121869322,-5.378373655103308,-5.44342363188076,-5.4275088999514285,-5.401351810932047,-5.414708309685055,-5.390984835032828,-5.440200009377177,-5.400547459593443,-5.4011488514597525,-5.400645152646682,-5.401300480170908,-5.401653696380938,-5.401263523446436
2014-04-23,-4.9330996611146105,-5.464353014511202,-5.394478520257189,-5.523844586864037,-5.475415830705433,-5.464867582890897,-5.423652261534982,-5.4526587044249935,-5.511128868187802,-5.463463822134261,-5.458355647894165,-5.462766001662551,-5.4582032142874155,-5.4589796320951915,-5.45844955447276
2014-04-24,-4.846249861415939,-5.073001584003163,-5.035300443655366,-5.118075410963722,-5.078508936933567,-5.083795501346207,-5.05884239708565,-5.0655703709189375,-5.101940693095349,-5.073008689573963,-5.070529082051223,-5.073090516969258,-5.070720797730177,-5.070766676241761,-5.070611693981459
2014-04-25,-4.102716372367612,-5.008251187694705,-5.024686760072199,-5.052971741638437,-5.0178216689469775,-5.013627712470001,-5.0784536323827485,-5.0106652078295575,-5.047115131055704,-5.008319554042126,-5.014466515271093,-5.010605485238042,-5.014585954339314,-5.014620961958533,-5.014570075135856
2014-04-28,-5.491069731275538,-4.544431906485538,-4.559747252054102,-4.5846633430141805,-4.548550796192896,-4.5473856733663025,-4.594944622342616,-4.544664978783545,-4.588954524818595,-4.546167390630257,-4.549534209868047,-4.545818631135193,-4.549341555807806,-4.5493297909928305,-4.549635788169061
2014-04-29,-5.401645364135419,-5.1786480483074016,-5.2200038638031065,-5.227888168025893,-5.1861427076171704,-5.187085205967585,-5.2238351167764385,-5.157131408249274,-5.227399736664058,-5.177568792662827,-5.184475337754927,-5.18188853414613,-5.184723323579879,-5.1848655543016,-5.184601762779932
2014-04-30,-5.418721159964593,-5.131489844133483,-5.09686724040875,-5.170007575452148,-5.15355415781138,-5.137426617601494,-5.1050161270319885,-5.126504688187886,-5.172270614345375,-5.131075108790894,-5.128357975187214,-5.131399785388448,-5.128791250430602,-5.1286057965207945,-5.128411399170044
2014-05-01,-4.832411677967356,-5.155382492679956,-5.117428660144089,-5.20174928534615,-5.184255227100758,-5.158040243982515,-5.148737808853336,-5.155574763920199,-5.202233326283709,-5.155934169744042,-5.154370390791965,-5.155591850677429,-5.1546176056008175,-5.154702744964195,-5.154456146141577
2014-05-02,-5.293144243964674,-4.880378946863884,-4.926039319015593,-4.909065891129137,-4.910792379211774,-4.883881257500204,-4.993992113990002,-4.891670572818241,-4.921905568471927,-4.880332553350445,-4.891672965801666,-4.8846025840880785,-4.8916163605180385,-4.89196165941835,-4.891782579084433
2014-05-05,-5.173025029251844,-5.173974326841082,-5.208323113100297,-5.2043659684130485,-5.196647459450483,-5.175871365061983,-5.251783000599156,-5.17673134102273,-5.2172020989081815,-5.173972204401726,-5.182165797819576,-5.1758636587942055,-5.182312290304281,-5.182496667486657,-5.182270760875313
2014-05-06,-4.066719772176188,-5.103089453830505,-5.183575192920062,-5.130154628710698,-5.116281080853252,-5.106361180577575,-5.242050882868506,-5.109193408893133,-5.138985458145772,-5.103109849516354,-5.118234713513466,-5.109603858509177,-5.118332000175885,-5.118490373538476,-5.1183719404922385
2014-05-07,-4.762504590472867,-4.501796634605965,-4.5586041693516455,-4.528289921812943,-4.510722273682506,-4.505488451130078,-4.591541658024341,-4.495610592698205,-4.544314492097465,-4.501728342795646,-4.512186561123807,-4.505516631214922,-4.5123165569239205,-4.512097648408882,-4.512308562556896
2014-05-08,-4.775184789239477,-4.803837019221774,-4.867535546650025,-4.830044221470936,-4.811263087322907,-4.807776643007557,-4.908216373293404,-4.8044624898795485,-4.837199364287823,-4.803838911256344,-4.815121106153845,-4.808861244477654,-4.815126401563767,-4.815189500079419,-4.815210024213397
2014-05-09,-6.535359426462125,-4.80712896679419,-4.882757476180158,-4.845628140572116,-4.807793935202491,-4.813078080164971,-4.956598322011855,-4.806259102335425,-4.8447868503247395,-4.806992232447017,-4.821732180719752,-4.812631003795242,-4.821473804434908,-4.8218546658089645,-4.821864806234908
2014-05-12,-5.933155751538163,-5.6352765432017735,-5.597788444910663,-5.671125572150349,-5.654594697120214,-5.6382616009790505,-5.627249600926904,-5.630193030057469,-5.690005199005772,-5.635662780052003,-5.633219507483103,-5.634293081168439,-5.633377225727769,-5.633586753198835,-5.633279144942637
2014-05-13,-5.64165223218142,-5.396595372782344,-5.467017812214821,-5.424702522266229,-5.403976002899927,-5.403302757033108,-5.525210155350474,-5.397397192867817,-5.4309845947230295,-5.396514623054803,-5.409596914279884,-5.40298452785488,-5.409748053844671,-5.410354652054886,-5.409725281526481
2014-05-14,-4.438870550841414,-5.380841204104545,-5.442140726410005,-5.404816398713917,-5.393424342389332,-5.386499248143933,-5.499066518680703,-5.378326772085385,-5.409562640655274,-5.38080802290374,-5.392675654662231,-5.386210162561673,-5.392515308370132,-5.393347489835164,-5.392799937283034
2014-05-15,-5.164455919744127,-4.797318733268269,-4.861646889174342,-4.82606221610529,-4.8009518068770705,-4.801891815048552,-4.897861785122923,-4.788790861716598,-4.819980068381487,-4.7974100782213345,-4.8074056274258075,-4.801791305750227,-4.807410397798389,-4.8076216966231,-4.807496068002849
2014-05-16,-5.935691439707822,-5.184216538925949,-5.251463939046736,-5.214627702931739,-5.201168099443773,-5.190356349647629,-5.304632806288542,-5.184683096629433,-5.214049761530749,-5.184303299970952,-5.196369282983685,-5.191080247113856,-5.19644531772108,-5.196692052607157,-5.196472346246225
2014-05-19,-5.155716653206575,-5.534946555045309,-5.557628824574364,-5.566194718600193,-5.559935995996515,-5.537288904261281,-5.604786155150136,-5.536262061938109,-5.566315607368558,-5.535020068919739,-5.541775378309138,-5.53870513411581,-5.5418187551063465,-5.542133207922258,-5.541845833503594
2014-05-20,-5.653713210580568,-5.1524959228858,-5.211663219033184,-5.17809835427035,-5.166977487354902,-5.157403832725316,-5.280192842955745,-5.160756612686877,-5.195821464636412,-5.152489035770698,-5.1642901963200085,-5.155899043277956,-5.164230971477742,-5.164661815394953,-5.1644244257613625
2014-05-21,-5.89874461608297,-5.378811670029274,-5.444649683465134,-5.399371193276913,-5.38782132593194,-5.382119888665905,-5.512722075223018,-5.381286195483342,-5.417971008050992,-5.37930307528293,-5.390914834317953,-5.384660879210964,-5.39097976050983,-5.391419152843538,-5.3910374357539865
2014-05-22,-7.0975886714861405,-5.575627952807415,-5.637804644597881,-5.620251282243221,-5.5887301896396675,-5.580289091473108,-5.694150738458104,-5.565326446017606,-5.603300656600953,-5.5769074706594655,-5.589323955705953,-5.583024726135642,-5.589288409549723,-5.589744697353626,-5.5894237283890496
2014-05-23,-6.497322714066763,-6.195605060741904,-6.117995268466293,-6.239568236370333,-6.205488404776501,-6.199251661469584,-6.123596046928356,-6.188960268351886,-6.217372442981193,-6.197323623173662,-6.189134260353978,-6.192311379357865,-6.189427076388508,-6.1892630521733265,-6.189086751119027
2014-05-27,-6.213659647707452,-5.949688966148725,-5.945830613806667,-5.982100393238714,-5.969488335866127,-5.950303946749778,-5.991974102856943,-5.950735270945737,-5.9839046705864405,-5.950320857004497,-5.9534240949089225,-5.950902009902265,-5.953181801050183,-5.953806092906527,-5.953471578969785
2014-05-28,-6.197943259514234,-5.901153364706759,-5.896799603764936,-5.935088295871279,-5.908533243724591,-5.907783649679513,-5.92179864170873,-5.893373040368559,-5.937388241962924,-5.903114923464387,-5.902591761641257,-5.901817371556214,-5.902566213855621,-5.903052019002751,-5.90266192617249
2014-05-29,-6.196011817223022,-5.95730386375686,-5.984413837033142,-5.984880131575263,-5.973152796082941,-5.961589512509532,-6.020919767482706,-5.950010671906486,-5.9824085496052435,-5.9580495500798225,-5.963805957339146,-5.96051307166174,-5.963773202179428,-5.964357442512541,-5.963886423758728
2014-05-30,-5.636287892667845,-5.980294210118974,-6.014396112443204,-6.012711872161696,-6.0025633222439865,-5.982890808863085,-6.070702089171627,-5.979274566273225,-6.037828081355958,-5.980574598189507,-5.988754281660668,-5.983729799677236,-5.988642963172269,-5.989385448067977,-5.988871468631927
2014-06-02,-5.983826869478031,-5.657250173640339,-5.6980268791185305,-5.682633827876051,-5.674624981155941,-5.661075459021108,-5.755422380162559,-5.656819821793438,-5.702104645909933,-5.657373404611359,-5.666628934148321,-5.661061014036698,-5.666595519252449,-5.667090419713166,-5.666721999280595
2014-06-03,-6.410097938116743,-5.802827054312454,-5.859187874559538,-5.807265610788012,-5.818319492925067,-5.808058841983878,-5.909115809006346,-5.809468938250503,-5.829460619705465,-5.803111149681855,-5.813046785637684,-5.808411010206541,-5.813116193058062,-5.813524727694691,-5.813110183429489
2014-06-04,-5.557071692022272,-6.0205454653228765,-6.043396949428658,-6.035646637202852,-6.03738861131658,-6.022352395545627,-6.084690894405985,-6.023743441215734,-6.044794868543331,-6.0196278645676236,-6.026029034466294,-6.022518256444217,-6.026264019869956,-6.026465231031691,-6.0260987238749415
2014-06-05,-6.7283424752508,-5.597407649666209,-5.65923474016555,-5.605010882994611,-5.610567981314231,-5.6003743564912,-5.675643129679738,-5.596263236017168,-5.608564763246754,-5.595349519167293,-5.605650478124897,-5.600146510510566,-5.605576456262194,-5.606052367425917,-5.60574799142598
2014-06-06,-6.252150472479085,-6.1609333589803805,-6.126458503513898,-6.172338394567927,-6.176121421841219,-6.1657836900264185,-6.160965687000229,-6.166049495181373,-6.194312387162583,-6.162110143593819,-6.158368999274374,-6.15968599303309,-6.158294937874795,-6.1586710434651195,-6.158362301946587
2014-06-09,-6.491810025607751,-6.015532941957896,-6.017994896453848,-6.023753726955078,-6.039079862948045,-6.019145840036816,-6.04725693500404,-6.015429002897914,-6.063856570664293,-6.015710044812916,-6.018422022230881,-6.01606582459432,-6.01877710341909,-6.018807437013852,-6.018495397518505
2014-06-10,-6.0743672413868195,-6.169433031629472,-6.150097342072369,-6.184896361453855,-6.195852483238558,-6.173882385094119,-6.179203047599114,-6.169086217978061,-6.229011709561809,-6.169573785903748,-6.169000641148725,-6.1687239941919225,-6.168938801677167,-6.169572111770631,-6.169078844291716
2014-06-11,-5.529340341608113,-5.983202987254376,-6.025744872273941,-5.982504027338759,-6.009871644073808,-5.991295535226265,-6.046017915449568,-5.983667504725748,-6.0239625894652935,-5.984304942636065,-5.989911697888566,-5.986710505125634,-5.990295279652143,-5.9905082059933745,-5.989996236384117
2014-06-12,-5.3765255461576595,-5.721401664212974,-5.747961954525883,-5.7414611988399695,-5.749826700750374,-5.72377546518735,-5.758419676715195,-5.715080631103041,-5.743337393992854,-5.721203924154322,-5.726981068376732,-5.723684940333262,-5.727109097723619,-5.727126203169041,-5.727035432120658
2014-06-13,-5.5632916704879545,-5.57788047479874,-5.649144848709815,-5.5754151280069575,-5.604740380342173,-5.585758431822265,-5.691755194304484,-5.584761016139394,-5.609156949627516,-5.578894323471966,-5.588914379688475,-5.584188513584632,-5.588960429380205,-5.589168707732659,-5.588985463040997
2014-06-16,-5.655839970161801,-5.633005186891469,-5.677390601810538,-5.6410018417498,-5.672418303228886,-5.643150146571423,-5.753672355838699,-5.643241078630948,-5.680732335472994,-5.634755383138601,-5.644183490388413,-5.638622099892803,-5.6444673727452255,-5.644524864118398,-5.644292975007067
2014-06-17,-5.486325281722978,-5.674618866837017,-5.674030212049205,-5.664824825980751,-5.692700343674204,-5.675657439232071,-5.719886474207035,-5.686808039555096,-5.7164282151577535,-5.674103555179612,-5.677905418762896,-5.675218555796764,-5.67765796497207,-5.678187643006025,-5.677925711051619
2014-06-18,-6.098917229502062,-5.578268847179415,-5.606910663281194,-5.577966056272674,-5.6225187217733446,-5.582832106034264,-5.673607969354978,-5.585157922173333,-5.621309385962664,-5.580998985630966,-5.586617276336012,-5.582446896876256,-5.58663748160159,-5.586853107537446,-5.586701178602305
2014-06-19,-7.034861229980532,-5.883051425262323,-5.8834277411850495,-5.889123491117004,-5.916055480034816,-5.886683816572243,-5.934632211121598,-5.888259382813365,-5.909813651545307,-5.883509466162942,-5.88691057918087,-5.885068813811027,-5.8869928655397015,-5.887224588832357,-5.886949962990943
2014-06-20,-6.564167329615066,-6.390934984407944,-6.314353009765242,-6.406664363877419,-6.42370639198657,-6.396469662865651,-6.326738674755916,-6.389585906942252,-6.416016326079729,-6.392019747511811,-6.384192867390617,-6.3889870753362175,-6.384232115968729,-6.384268866005336,-6.384152126429304
2014-06-23,-5.589893883265165,-6.22807895933964,-6.191245606018273,-6.236411191129428,-6.253736205467746,-6.232533352064651,-6.205459836263727,-6.229211462720566,-6.281037211131614,-6.2300824741881975,-6.224278356641132,-6.226471489836844,-6.224893066464924,-6.224528849838286,-6.22427075113591
2014-06-24,-5.766759010513042,-5.768554936739705,-5.7980524317554645,-5.768992318789679,-5.762310077570055,-5.776025861166843,-5.795974195243108,-5.7640675140020425,-5.7531850314834125,-5.768530612336012,-5.771431328885989,-5.7697538762257095,-5.7716525989995,-5.7716543369978295,-5.77144373242424
2014-06-25,-5.058444149169979,-5.860552304507833,-5.799079771612173,-5.874287582242599,-5.8726130375714645,-5.865246440016127,-5.77235342551459,-5.85024519227869,-5.863264463975029,-5.860701877570945,-5.852720110951675,-5.858542303092165,-5.853266431811205,-5.85264432958532,-5.852675610261647
2014-06-26,-6.181187447231063,-5.44045934575005,-5.547088828982532,-5.436067953122552,-5.442958525184305,-5.440984175679486,-5.579488638306524,-5.440447857307262,-5.4388906274469315,-5.438735964845808,-5.453416570527359,-5.448963110287796,-5.453527449094034,-5.453456086054349,-5.453521968247222
2014-06-27,-6.510235930089583,-5.940201644488744,-5.93242430575416,-5.943527804705135,-5.959764492002337,-5.9445224695915995,-5.945583146098528,-5.938105587615823,-5.962168910866591,-5.938475377324997,-5.940187202930173,-5.940356183620425,-5.940235464372389,-5.940285531580625,-5.9402178777621275
2014-06-30,-6.145748081492796,-6.095400828927266,-6.045574899723281,-6.1099458973899505,-6.128944443124022,-6.096044582251948,-6.087391300894505,-6.095253918174251,-6.1361694432234835,-6.094856960744584,-6.093583415300902,-6.094777618527923,-6.093635614950709,-6.093781835951701,-6.0935963357937055
2014-07-01,-6.553778129679592,-5.951858527857977,-5.920268883885493,-5.9693393878872305,-5.978485988866213,-5.955454065815521,-5.972820501137413,-5.953859716209269,-6.001646631259678,-5.951685133917469,-5.952122724225955,-5.951577877349674,-5.952089609984745,-5.952534308045893,-5.952202039090489
2014-07-02,-6.300853686929494,-6.177444658880861,-6.105059216220745,-6.1833021412720255,-6.211081022602908,-6.181880119756273,-6.134845099432532,-6.182942752782221,-6.217158635562427,-6.176747350723551,-6.171648888693449,-6.173597743455117,-6.171838149688509,-6.171805383460947,-6.171613268301547
2014-07-03,-6.42838146295224,-6.160808408190212,-6.132189488633984,-6.173344423767242,-6.204301365607513,-6.165294248601244,-6.15853220705801,-6.161077220152054,-6.190663803998412,-6.1605706908354225,-6.160085789271994,-6.161337822646823,-6.160494240120546,-6.1603979955340575,-6.1600908020094876
2014-07-07,-5.344383516462602,-6.232818063492698,-6.208190447597415,-6.248969133099237,-6.256887241358251,-6.238182047844779,-6.241031707984086,-6.232141124380196,-6.2753867547371485,-6.232686934562361,-6.232037461627121,-6.232828980587544,-6.2320155581118595,-6.232541470244036,-6.23208635525667
2014-07-08,-5.775891427645965,-5.650244697683848,-5.662076387973676,-5.652889546486495,-5.6616373985585735,-5.654867957884651,-5.6620007983771945,-5.650137154768023,-5.686003076972194,-5.65053154559169,-5.651055852830509,-5.650176880184956,-5.6512085021721665,-5.651054361681694,-5.651085701451948
2014-07-09,-5.572231929859086,-5.823776531523152,-5.836229738193592,-5.834657695347514,-5.853876455082302,-5.829272891154714,-5.890260015630689,-5.829171040818827,-5.868666011647332,-5.823654468649263,-5.828873776724236,-5.825166537656109,-5.828831044657313,-5.829146640829598,-5.8289599736260245
2014-07-10,-6.047780719783388,-5.681819810373841,-5.6642621571025735,-5.687659792825778,-5.690196282358811,-5.687532357338514,-5.673079897100905,-5.680390493574459,-5.70168462562626,-5.68146464731889,-5.680049512685297,-5.681215450362513,-5.67992709918451,-5.680042929983474,-5.68004744611399
2014-07-11,-6.929569439682698,-5.890088347931373,-5.911106868781568,-5.883120045523205,-5.898433974854268,-5.892051471663446,-5.947236645095011,-5.892083066805369,-5.903925055849598,-5.889960643767697,-5.894308270782689,-5.891951376144116,-5.894332239718369,-5.894503464305022,-5.894356527919565
2014-07-14,-4.752469869012976,-6.312788324024138,-6.258639225138839,-6.323767221583593,-6.340178671573055,-6.318998420645009,-6.274945904765133,-6.31059088029566,-6.351040079924348,-6.312131300412177,-6.308384457484567,-6.310473134826651,-6.30839532734872,-6.308626052044103,-6.308386804324688
2014-07-15,-6.336938486163343,-5.243705911834438,-5.384313249853898,-5.254904954953759,-5.252592885892036,-5.2496073450128184,-5.4354549719999525,-5.237233159175125,-5.256373133469214,-5.241976572719901,-5.26289683601941,-5.256998121758899,-5.263000389544775,-5.2629556861831555,-5.263057387960281
2014-07-16,-4.589020465770834,-5.990951362146217,-5.9135939076832225,-6.006728640794368,-6.0031819248202725,-5.9928232627724505,-5.920001181181681,-5.994342741754166,-6.031970507387319,-5.990685498661168,-5.983510345478178,-5.988971198585142,-5.983710033978813,-5.98348197469029,-5.983466475572458
2014-07-17,-5.834907799018168,-5.106889645971733,-5.232748843775768,-5.115201723523603,-5.121642991985194,-5.113265344723005,-5.301902787509765,-5.107329509405309,-5.120658247877994,-5.1048336618500585,-5.124917979337463,-5.119086971033047,-5.125071465544808,-5.1248975213712855,-5.125075788170481
2014-07-18,-6.039625555456621,-5.6607909422876865,-5.7069580781671005,-5.663972837083098,-5.678805400061913,-5.669006805326899,-5.750945590867576,-5.674426963939321,-5.682623469576159,-5.658397877605435,-5.668234875162824,-5.6621999035421915,-5.668324341325738,-5.668367041296902,-5.668277045233103
2014-07-21,-6.155341557075519,-5.745635451499042,-5.816297852261505,-5.759883915244204,-5.758355127484869,-5.752678263384237,-5.868943545433692,-5.747965987090075,-5.764255008661656,-5.743862685026697,-5.756908269864208,-5.750944990413945,-5.756834359935847,-5.757102943122213,-5.757014372734186
2014-07-22,-6.3338914586176145,-5.870909279147751,-5.9032134817368895,-5.887641178389686,-5.8780649596760375,-5.878895650992699,-5.910531294322213,-5.867973627602199,-5.886199973393728,-5.869953813996463,-5.875987218698483,-5.874175062392066,-5.876255705374246,-5.876165119790488,-5.876036656042457
2014-07-23,-6.3075914037154455,-5.949253337084762,-5.953147848399788,-5.971946185055416,-5.951644776691264,-5.958269720158614,-5.956748464317352,-5.939707167792412,-5.988117482713805,-5.949446032320848,-5.949813180830388,-5.951595196622541,-5.950212989846483,-5.950040310828366,-5.9498750416208726
2014-07-24,-5.702570089615522,-6.074667893753633,-5.991776279058339,-6.104267836161893,-6.08352145538579,-6.0874377971676195,-5.99028353954264,-6.070183957124871,-6.1427467028066705,-6.0758124958504975,-6.06618659110578,-6.074555407752538,-6.066618502279186,-6.06624862718635,-6.066186745834258
2014-07-25,-5.369617366535128,-5.7950520314640865,-5.868557018402288,-5.8108506166079215,-5.813403592191996,-5.801197003021612,-5.907950310576384,-5.798512659187226,-5.849138088400356,-5.795215380860259,-5.805246839147217,-5.801805391934293,-5.8056385065312055,-5.805516503402367,-5.805352758817382
2014-07-28,-4.943610972623483,-5.595466718035144,-5.675648246064452,-5.608859857341548,-5.613032616174412,-5.602542368858499,-5.721463732697934,-5.598119821961712,-5.61704663056677,-5.596107546686413,-5.607334597003535,-5.600482683385129,-5.607339416970995,-5.607419495060818,-5.60743309521982
2014-07-29,-4.623857007107676,-5.324252555878151,-5.461192718341646,-5.317399692603794,-5.352489557242979,-5.331533313380241,-5.5090810521212905,-5.337762947892633,-5.345535449823156,-5.323850672809375,-5.341900655846254,-5.339623711599502,-5.341923554699104,-5.34190668554159,-5.342035089478151
2014-07-30,-4.506763643653784,-5.068394130054668,-5.156378878249121,-5.0768104854753675,-5.109616043973896,-5.070610464648042,-5.193012293785747,-5.067292968360756,-5.104317349700781,-5.065735302708563,-5.080552763530457,-5.0784480481145735,-5.080770489839838,-5.080422656501082,-5.080675595247244
2014-07-31,-4.204443100815985,-4.9170423222629,-4.961425015467824,-4.947372449703965,-4.934423696712313,-4.920025503937939,-4.972364862162956,-4.904314930990689,-4.925080841012638,-4.912690973972306,-4.92210443488011,-4.9211565178410375,-4.92229586290108,-4.921979213682306,-4.922178669496429
2014-08-01,-5.34222295928436,-4.6805385793043195,-4.739863797485479,-4.6992157622166095,-4.700483861222604,-4.682744634343652,-4.759234330730572,-4.670812430673436,-4.711210171213433,-4.676958464584065,-4.687459025682973,-4.683921317766359,-4.68764369892681,-4.687213729406163,-4.68755433904746
2014-08-04,-4.295864370414454,-5.19017548737769,-5.2467539459394406,-5.2152845988493555,-5.221234396452706,-5.1913319673482,-5.298078902744,-5.183039840280763,-5.193813378827284,-5.186629033791171,-5.20077851842876,-5.196613426371865,-5.200860225341357,-5.200776521286964,-5.20086216933859
2014-08-05,-4.7644406483882085,-4.6608799675836075,-4.734861018189064,-4.6835603359853,-4.67121259621351,-4.662795809296934,-4.766016142566073,-4.645137492494944,-4.65830536981446,-4.660065379755785,-4.670483450957173,-4.6660996802836205,-4.670711760279543,-4.670313432379926,-4.6706009020413095
2014-08-06,-4.553952063426359,-4.86503662933828,-4.966341302331323,-4.899912549806665,-4.885681424669175,-4.868388329537283,-4.985517338042395,-4.849662513799,-4.86254264985801,-4.862248186646839,-4.8773253250684805,-4.872979951267512,-4.877604638847792,-4.877300669415312,-4.877436147341955
2014-08-07,-4.921588517283204,-4.762066832118751,-4.919041564373646,-4.778417291394831,-4.778435819697041,-4.762954994912725,-4.946974024030568,-4.754912580167315,-4.747106764145422,-4.75901299801425,-4.780456463682623,-4.775230118696312,-4.780598663406859,-4.7801593002357174,-4.780580530744023
2014-08-08,-5.791686357985688,-4.959435980369978,-5.178687317390275,-4.977248736847783,-4.978174851441596,-4.960291870483791,-5.26477931347283,-4.9553266792187385,-4.976841183280299,-4.957149082747265,-4.987427519889562,-4.977873486674236,-4.9872273535316225,-4.987135058840297,-4.98763738793124
2014-08-11,-4.919552838608617,-5.363473496102315,-5.528694297101343,-5.381414724072282,-5.379526340645279,-5.365890615859414,-5.5791046775504505,-5.358272905259152,-5.375624434207594,-5.360446961436868,-5.383865286082211,-5.3789365533372155,-5.38396788539651,-5.384033638032384,-5.383993689064877
2014-08-12,-6.04199374441952,-5.000623590415338,-5.253730027170053,-5.013523215663105,-5.011837547516675,-5.004505105641802,-5.340899863546941,-4.99471721023495,-5.01014185809358,-4.997062436302276,-5.031742771524857,-5.0252084016012715,-5.031625978332188,-5.03174811705215,-5.031964702361016
2014-08-13,-6.558877145528631,-5.547679220304053,-5.708392107059375,-5.570741750024699,-5.559854029440604,-5.551505726482162,-5.772037589461592,-5.539422174136483,-5.564201432137722,-5.5428101058021895,-5.569051955426287,-5.56097635254282,-5.56896673413318,-5.569454358028581,-5.569223368443875
2014-08-14,-3.9475360901901526,-5.882224225083182,-5.984869691533327,-5.9118129192303,-5.892831278173361,-5.8883219262766975,-6.014788140662261,-5.870122513096125,-5.879956385384003,-5.87604499439198,-5.896278003196176,-5.888897573837198,-5.896300666679311,-5.8967638515422305,-5.896374535692391
2014-08-15,-6.604387144401151,-4.574132131567766,-4.830526105235698,-4.590474594409135,-4.59614061019449,-4.57617114667606,-4.9555307954810806,-4.577450660124021,-4.596916928990461,-4.5708925637782345,-4.608831084629357,-4.602093259283188,-4.608586451039001,-4.608922269744263,-4.609051868408518
2014-08-18,-6.99652195623943,-5.772488991091409,-5.88264520961232,-5.789299359102029,-5.778351352970351,-5.774368412389213,-5.8835504269306025,-5.754684144446476,-5.764540072975433,-5.768739681881259,-5.7852260241092335,-5.780795413767816,-5.785557944406071,-5.785305592861693,-5.785280457280706
2014-08-19,-5.97194353743773,-6.014971036246154,-6.074558232205741,-6.043941749090214,-6.024655983270877,-6.017838249253582,-6.094025392192635,-6.008890921900243,-6.027701510438054,-6.013755549766454,-6.023776884741347,-6.02020096502447,-6.023837432733944,-6.024004730835303,-6.023824580832786
2014-08-20,-6.557455681904291,-5.558722583644059,-5.758672148270095,-5.594902786384536,-5.571468547988147,-5.560483589556665,-5.8337154672430405,-5.551265763626172,-5.573751796137144,-5.557326790616719,-5.585722375963402,-5.576106921275089,-5.585796205947632,-5.586140203690176,-5.585919183527622
2014-08-21,-5.493602690773675,-5.824061110475412,-5.8903689043636716,-5.8497605886711606,-5.833319915802573,-5.82522673330769,-5.9538526162751495,-5.822158706753773,-5.839911862764492,-5.822205727010084,-5.836163017554092,-5.829016866957344,-5.836314172649273,-5.836468366728844,-5.836240737255493
2014-08-22,-6.616482622869834,-5.56533148344978,-5.740640362715161,-5.585432525455148,-5.58314079259047,-5.567307834815436,-5.827950808808045,-5.564155909445452,-5.590898204072043,-5.562718985926664,-5.590211035623636,-5.582092950942806,-5.590169792621948,-5.590734436557542,-5.5903977062138335
2014-08-25,-6.718522610370787,-6.072762609262071,-6.176885768070397,-6.094046718565955,-6.08430935964167,-6.074622392959872,-6.246220441028506,-6.070155391128998,-6.110320669369861,-6.071681883554005,-6.088364377889234,-6.081754599428801,-6.088135642479259,-6.088889974583654,-6.088524005395416
2014-08-26,-6.700839201986678,-6.1187814076087115,-6.219314612796165,-6.149932002219819,-6.13314785778486,-6.121490008867267,-6.2590392388787945,-6.108558971750883,-6.124962744077693,-6.1153736723744885,-6.133499185175487,-6.128051090808104,-6.133456282121979,-6.133944330304729,-6.133600361938068
2014-08-27,-6.309550121723085,-6.1544161236922355,-6.261794413253424,-6.1891822604398135,-6.169421947518958,-6.16061629858173,-6.296681341714636,-6.143578161703339,-6.192844387315715,-6.145288330411046,-6.168848300110282,-6.162833118251761,-6.169046106104127,-6.169405994920848,-6.169002902073438
2014-08-28,-6.335326014330549,-5.979113701173915,-6.111739880496197,-6.008948648717657,-5.99473965450697,-5.98264181389244,-6.206339564423803,-5.97922335579171,-6.0209718092973175,-5.975116601437032,-6.000190745579592,-5.991196471921163,-6.000212736243102,-6.000946313210412,-6.0003880989558915
2014-08-29,-5.842183551592954,-6.077410643141408,-6.255980938024025,-6.106334704434973,-6.089711639013011,-6.083561676369632,-6.328576025148253,-6.069725245017824,-6.094478247244621,-6.06814684806389,-6.101738596210484,-6.092112251341014,-6.101836371509904,-6.102576128471068,-6.101938105325934
2014-09-02,-6.113493180514729,-5.821364739673319,-5.873555689644498,-5.859792077054112,-5.844423029235607,-5.824124265624178,-5.920253314221248,-5.815579319603386,-5.852364892953547,-5.814843971213322,-5.830717866141314,-5.826464819781119,-5.8311294597279755,-5.831112080341062,-5.830803373468381
2014-09-03,-5.520793800676033,-5.942144621845709,-6.056727796867904,-5.958107387472866,-5.955274313569279,-5.944621462824849,-6.097531855826275,-5.938376022967657,-5.969701155113353,-5.940191150886153,-5.956652318950458,-5.952245184237414,-5.956709275333901,-5.957178564657562,-5.956774438425081
2014-09-04,-5.438714954961859,-5.613871714319243,-5.757688601395694,-5.631893540320515,-5.620194046286286,-5.61914636638045,-5.802258566969731,-5.605974702966106,-5.606974408307045,-5.601916051631075,-5.632358695982799,-5.623880399476253,-5.632432930231804,-5.632831386122668,-5.632493720066934
2014-09-05,-5.715981914306138,-5.551465074062066,-5.674033521682148,-5.559510926141765,-5.564709153559314,-5.555000422929813,-5.725548794188856,-5.5508817362487894,-5.565517021204761,-5.546217865872765,-5.568005206612151,-5.561180773690045,-5.567897048518664,-5.568361439143755,-5.568137867738802
2014-09-08,-5.239194658926514,-5.664711471977159,-5.769477712747099,-5.687204515129974,-5.683289861776542,-5.668229107679474,-5.820916949559152,-5.660949968020221,-5.693750673470842,-5.6571572278365085,-5.679575124951562,-5.674029692978779,-5.679697890089987,-5.680010870512385,-5.679721528116593
2014-09-09,-5.058431183381495,-5.429916037518514,-5.585381272031609,-5.437129056760201,-5.444988787630169,-5.431181610327571,-5.633400039003472,-5.425510314046999,-5.4473158608217505,-5.425976285351144,-5.450285879806365,-5.444142303709458,-5.450632420934433,-5.450652366561539,-5.450459858016427
2014-09-10,-5.588763696000622,-5.300883438914041,-5.449221813019759,-5.297769503548645,-5.313664267771638,-5.302331741303175,-5.466185379304673,-5.296046657372951,-5.291246304832458,-5.290818221220267,-5.318404631494452,-5.312621127045364,-5.318358574628605,-5.31851666384341,-5.31852720683256
2014-09-11,-5.168377645938171,-5.540177734433181,-5.682823100287149,-5.536249466252975,-5.555374771613474,-5.542662752298053,-5.68228072660587,-5.534505874078124,-5.51478618575368,-5.5293623840505814,-5.556450447651896,-5.551491472200663,-5.556359167425538,-5.5566544444992445,-5.556546740678862
2014-09-12,-5.600809454419399,-5.34097351471029,-5.473358831631002,-5.337673490241472,-5.369912248298426,-5.340808592778547,-5.528550882099927,-5.344619796705398,-5.37702439945957,-5.332530387983618,-5.359196712118601,-5.352785921280073,-5.359538729647544,-5.359290901559963,-5.359368401683505
2014-09-15,-5.380057161364639,-5.527514277809167,-5.637648187527409,-5.53216257965659,-5.545692580910877,-5.530612249704758,-5.620758458169379,-5.520885349913569,-5.520654249635267,-5.515703243032104,-5.539065792888131,-5.535320379936529,-5.539146113734676,-5.5390934206981175,-5.539130830682919
2014-09-16,-4.762852731523357,-5.427226335480484,-5.540822436098839,-5.426746998383244,-5.451039133205524,-5.42990502912046,-5.557086268712605,-5.426699776287923,-5.440845767141955,-5.418278076920182,-5.440995416935732,-5.437721544822521,-5.441000711452193,-5.4410301099416465,-5.441096687448601
2014-09-17,-6.05821149351921,-5.156648422054882,-5.178899885706807,-5.15812049215008,-5.178874904134843,-5.1563256595607205,-5.198712679758585,-5.15745483915095,-5.15854369361667,-5.151933038856218,-5.160487423856277,-5.158004601850202,-5.160334785553594,-5.160383597792327,-5.1605196999653
2014-09-18,-5.69516952686885,-5.749045025344824,-5.796522192338151,-5.7389015549491456,-5.772585406725055,-5.7476194629987605,-5.790879190547971,-5.747861666222878,-5.718137340721149,-5.732221104856414,-5.754850144725465,-5.752374591195534,-5.754851579539892,-5.755006389946188,-5.754887354599774
2014-09-19,-5.52413130511284,-5.605031055317848,-5.651318644397872,-5.606450978979279,-5.617655608468214,-5.605916390657749,-5.636272810866528,-5.601360529384952,-5.615089228183189,-5.588889109343407,-5.609332141273711,-5.608378537568026,-5.609881209727283,-5.609352463462424,-5.609395783181023
2014-09-22,-5.365389547557297,-5.521345079336907,-5.625891275788719,-5.530847715817651,-5.523560418493758,-5.522669174426659,-5.6342884027895455,-5.51648749244853,-5.5301336409684305,-5.509152526511689,-5.533163454748033,-5.528709997052634,-5.5332864158698865,-5.53332426488582,-5.533260140879219
2014-09-23,-5.362236503898516,-5.4405684295495975,-5.558417581958824,-5.446187223473375,-5.454557308139938,-5.44166349698989,-5.578715923108135,-5.436617464180924,-5.464905731671314,-5.4260244726257305,-5.45403156638266,-5.450350385023251,-5.454153783055407,-5.454152651623283,-5.454153620213
2014-09-24,-4.8029095875951855,-5.484278888912306,-5.597081702652593,-5.48559226574751,-5.492099246450315,-5.484702704769567,-5.583435172663857,-5.470020389541894,-5.459800058266924,-5.462182042060365,-5.496596197980943,-5.493197737994571,-5.496757670021804,-5.4966647992521525,-5.496674920409827
2014-09-25,-4.9078783865234685,-5.1470575258384805,-5.271234337843372,-5.148951451909685,-5.157399174664211,-5.147121586655529,-5.3051371415728,-5.141046116567201,-5.161328780325846,-5.134610317585521,-5.1615794520350065,-5.156883519645255,-5.16148550693287,-5.161343561160193,-5.161691003016378
2014-09-26,-4.8553496190090755,-5.141209204262359,-5.305823139889451,-5.162900258432115,-5.168961380377204,-5.140821909576039,-5.358675464392481,-5.1331058904229065,-5.155155248438143,-5.1110026890139375,-5.162485845154811,-5.15534643205859,-5.162525711885591,-5.16210928104492,-5.162635975306843
2014-09-29,-4.639595921686067,-5.07171618909338,-5.226450671769678,-5.090824535016906,-5.088042744570812,-5.070089925170403,-5.263087137762647,-5.062046589706739,-5.062379970241364,-5.043216544694957,-5.091072568438747,-5.086585604745588,-5.091159355851452,-5.09048021804394,-5.09118592712597
2014-09-30,-4.292188100120413,-4.922000451613967,-5.081969612988917,-4.936623776859415,-4.93819725021504,-4.920185680528971,-5.117611996905489,-4.909500725276664,-4.91176130490957,-4.899465946937268,-4.9417666274469685,-4.9364130680302365,-4.941719455889684,-4.940886875085579,-4.941871412367715
2014-10-01,-4.341707184458914,-4.688453953739333,-4.822010796911322,-4.706898098770778,-4.695483796379314,-4.684765873872857,-4.8627487345670035,-4.683846320043278,-4.686429245973809,-4.667438347199116,-4.705554918660672,-4.698984610595177,-4.705461537293143,-4.7046670969556486,-4.705658281881868
2014-10-02,-4.904290071829121,-4.668851294670298,-4.755389512905482,-4.691334589663684,-4.672749934249666,-4.662555529710425,-4.739750926735389,-4.644859876555324,-4.63230334866429,-4.643026004118997,-4.677522509298005,-4.675031932178795,-4.677521328613765,-4.676601983236669,-4.677566286709612
2014-10-03,-4.737541206616379,-4.914011606828788,-4.98720597272019,-4.920848397876294,-4.919637225713984,-4.908038246405481,-4.958548652890922,-4.895647402657348,-4.8555939335585725,-4.874764159446631,-4.920031994211272,-4.919242864235707,-4.920208798809006,-4.91948811994101,-4.920009663193013
2014-10-06,-4.345591307983158,-4.8270255109192375,-4.979720272293178,-4.852230945572587,-4.831130410943957,-4.819817732455848,-4.998646599049171,-4.8113970455613995,-4.8058073101623116,-4.8094386229386386,-4.844409059637203,-4.8396334016437486,-4.84451731333486,-4.843708314187584,-4.844483743639943
2014-10-07,-3.810470085036923,-4.622364138597625,-4.7901174454371995,-4.646710565339404,-4.63145469244896,-4.612530808618727,-4.809689624112626,-4.598719301728596,-4.600918394161596,-4.597891027646055,-4.641807265604647,-4.63540565950024,-4.641815530649565,-4.640708061023248,-4.64189257611643
2014-10-08,-3.681502432786575,-4.319752783717793,-4.430284698698909,-4.346801902468668,-4.322124192508899,-4.313743897514144,-4.3845760802158384,-4.28778131411028,-4.27252094504832,-4.300931454598873,-4.329697174146086,-4.3278641267735,-4.3298011969650485,-4.328665085336662,-4.32970294826007
2014-10-09,-3.615475291146789,-4.191699732146833,-4.251411697143886,-4.226013394461301,-4.2031533097451685,-4.183904174159358,-4.240320654391197,-4.155488332818519,-4.170647365004476,-4.175249982166898,-4.197673174247097,-4.195146744979484,-4.197766011109357,-4.196603597832049,-4.197680556906737
2014-10-10,-3.4661847066406577,-4.080262388102006,-4.076260673989322,-4.111254148216963,-4.0706215026646655,-4.061158713731545,-3.9490038907358924,-4.013749718662424,-4.028064768098865,-4.065291833638869,-4.0735118227519145,-4.081165084105438,-4.0737228494673134,-4.072291100015948,-4.073391245420327
2014-10-13,-3.402844771702911,-3.930261501943043,-3.9380233983546336,-3.9762565300936608,-3.921814584805492,-3.9064196173182784,-3.8153173413061188,-3.850929992608036,-3.9051342754116676,-3.9209613490066078,-3.925819197475458,-3.9305055754309404,-3.926014148232062,-3.9240025087260646,-3.9257286245188108
2014-10-14,-2.600619023257717,-3.836228946463364,-3.857118304820268,-3.893831360664314,-3.841499922279657,-3.8089568702618815,-3.710527904850043,-3.7150921236774,-3.796178047321482,-3.8191527058935377,-3.8331319693469834,-3.8376841114981093,-3.8334766824992683,-3.830459231414335,-3.833007129330133
2014-10-15,-3.0134080100369163,-3.3351911970869637,-3.2273756874590056,-3.396582511915424,-3.3462634625637553,-3.3184286032843713,-3.1139799502006626,-3.2511192461356115,-3.364119389439796,-3.3284589435845997,-3.32008523671582,-3.3305551709988728,-3.32057949741049,-3.3181716009336633,-3.3199714080172087
2014-10-16,-4.1553853510272605,-3.465346980850953,-3.4366846942410163,-3.5327459058365784,-3.479033740729484,-3.4484760453796457,-3.3619864620260844,-3.336816250599643,-3.469954681649719,-3.4572298493526383,-3.461356836617186,-3.4654787833275895,-3.461623596151022,-3.4590819536558515,-3.4612760290064166
2014-10-17,-4.4150510641086465,-3.9995497314609905,-4.012696338063175,-4.055092618277527,-4.011908076570869,-3.9865069966754616,-3.983448510308151,-3.922312230488477,-3.9993933553387584,-3.991087656257734,-4.000748995750089,-4.002043432677714,-4.000769066980526,-3.999497202160889,-4.000731712757524
2014-10-20,-5.188420973960262,-4.14090067018366,-4.216083783063841,-4.178617283126973,-4.134953111436849,-4.10296100332241,-4.14375016611515,-4.0404055344635275,-4.111702618923142,-4.1340813090540065,-4.146031536909411,-4.145861361578512,-4.146253103793839,-4.144723792698578,-4.145972725848164
2014-10-21,-4.5996637115217345,-4.544717965060943,-4.615233960380686,-4.5928726086193965,-4.55622917701957,-4.521262221198427,-4.584001602769549,-4.476326875197493,-4.541027908807512,-4.5328239924401785,-4.551415197367719,-4.550077332105854,-4.551461871267018,-4.551194040552966,-4.551422858855211
2014-10-22,-4.527849303557138,-4.404757392408411,-4.43217315716512,-4.464752893325877,-4.4059542409683665,-4.361187266288456,-4.359807322923058,-4.305873353438727,-4.405737633938501,-4.395519542461822,-4.404472061131951,-4.407128869612251,-4.40458313630758,-4.40428245629714,-4.404455834208171
2014-10-23,-4.65871912563691,-4.505159410123189,-4.5426906891871335,-4.564351397517375,-4.501818591057441,-4.4592661404595235,-4.474015262875372,-4.418953968832133,-4.503288250274085,-4.49939927386348,-4.505684806715553,-4.508027424756981,-4.506170787974609,-4.505683580436026,-4.505628555885812
2014-10-24,-4.642161480756777,-4.594446463792845,-4.721491735327557,-4.644626872734122,-4.603427247673615,-4.556252477700273,-4.687755640192827,-4.503058565157089,-4.578213829223061,-4.585831224411204,-4.607390936582155,-4.601436832564768,-4.607701837977221,-4.6074506127890515,-4.607395606530865
2014-10-27,-5.360082253636455,-4.600708860716274,-4.742412893378788,-4.649455628661305,-4.602879019654661,-4.552777683323268,-4.708658045380527,-4.515232809040169,-4.583179610092219,-4.597041683388964,-4.614677983240929,-4.607579762576025,-4.61477383015542,-4.6147059350051824,-4.61469960728255
2014-10-28,-4.251946157331488,-4.937992301432117,-4.995100193839534,-4.997028393025484,-4.93894494936809,-4.8922937531161095,-4.922123307580265,-4.84043823807162,-4.922208378837278,-4.934264700860121,-4.9414691572724,-4.9425857432060045,-4.941796745841637,-4.942022529707689,-4.9414352967422515
2014-10-29,-4.541786229149594,-4.40482948643981,-4.48040159257934,-4.4645391163228965,-4.417414638800886,-4.370638820293486,-4.4422568985580195,-4.3086896132623735,-4.4043187235486805,-4.401390184973439,-4.411779479041293,-4.410961582900828,-4.41187120552073,-4.411679401625379,-4.411775788283169
2014-10-30,-5.403864793074697,-4.537500257481154,-4.624041229738776,-4.598158837937728,-4.546593225733434,-4.47733720046841,-4.61082221326529,-4.451934803162422,-4.541768629760881,-4.534940897095775,-4.547132591432874,-4.543186775000192,-4.547422845683132,-4.547181371534732,-4.547158142933378
2014-10-31,-5.565247671093301,-4.963671183445413,-5.018029753548688,-5.030908521129947,-4.972171832505302,-4.895934641712153,-4.978870370574532,-4.868774122691762,-4.972116305647178,-4.961620925279497,-4.967052959322976,-4.9672254915895415,-4.967480679700879,-4.967728834372675,-4.967066111777908
2014-11-03,-4.891150398149127,-5.0817071753960406,-5.0969110515053755,-5.147766881228703,-5.077161097905864,-4.9878680843125744,-4.949233208197483,-4.942698169856614,-5.015239555651491,-5.083060037887447,-5.076557169204866,-5.084102909095365,-5.0770428761848745,-5.077975237557994,-5.076450749159536
2014-11-04,-5.347680509633072,-4.754105847506607,-4.846667851042168,-4.808803300945364,-4.764833981983718,-4.683758310129939,-4.807079013356932,-4.662561569026374,-4.780011116672265,-4.759446917281304,-4.762362372882034,-4.759335035841838,-4.7627621693274005,-4.7629369807038575,-4.762401597590684
2014-11-05,-5.397896467149769,-5.033921332785951,-5.058573809020447,-5.107949836529682,-5.054121463248911,-4.922430648672457,-4.970707465163077,-4.9135910619034435,-5.01108986951605,-5.042693389130279,-5.034359976209389,-5.037510345130293,-5.034647739259565,-5.035639389268821,-5.03431587081409
2014-11-06,-5.710087837095542,-5.118770430091017,-5.160679403972777,-5.180621165476969,-5.149188429280443,-5.019155751191352,-5.144831357618482,-5.043229336750742,-5.117396029919641,-5.131347447515949,-5.124532368987764,-5.122827615946722,-5.12471102736943,-5.12585226987602,-5.1245480136494
2014-11-07,-6.25674405021944,-5.287375181253514,-5.295918192800104,-5.362020668826457,-5.297452138695962,-5.174205939379409,-5.2365875549443,-5.217904913764611,-5.242089045678952,-5.300860502188985,-5.287001209321448,-5.289866742851741,-5.287240358709301,-5.288788117848612,-5.286967585202451
2014-11-10,-6.4451121069202495,-5.577132119409678,-5.571749575345993,-5.647100447083168,-5.585435180409106,-5.452403660868103,-5.499642265839706,-5.517618048728343,-5.528354778631456,-5.591700118113009,-5.5743820307578655,-5.579230902063043,-5.574822809442563,-5.57659713703032,-5.574362758398815
2014-11-11,-5.94283230550339,-5.769414949181204,-5.758582687940464,-5.846872401197665,-5.77330173319822,-5.666958765855392,-5.7009014631859465,-5.728647520304386,-5.739701178673411,-5.782335377370531,-5.765617281570878,-5.769226961015776,-5.765853802645729,-5.768258299067527,-5.765621727683481
2014-11-12,-4.919840029031888,-5.595851993599562,-5.605049109691273,-5.6842795831935495,-5.60469420691976,-5.501583455014066,-5.597988218474936,-5.567538748856035,-5.577200505925791,-5.608114319402161,-5.598192727104371,-5.598813058778549,-5.598410575480255,-5.600473674288945,-5.5982244807487715
2014-11-13,-5.7328234073689295,-5.089317950679204,-5.175319762252038,-5.156970867414238,-5.098644765734971,-4.927083066121772,-5.147475461257479,-5.028801496570812,-5.009828007836117,-5.121680537341438,-5.098165965655165,-5.097432205023976,-5.099195586889235,-5.100348311055974,-5.098204335162984
2014-11-14,-5.340057138831589,-5.520961424467213,-5.570613484841485,-5.596053430362591,-5.527953952773464,-5.394013705529601,-5.561795607240938,-5.488883546823963,-5.487318872188636,-5.54012000793316,-5.52704541156142,-5.52670163956408,-5.527231551458212,-5.529246695353562,-5.527098246820371
2014-11-17,-6.418389113690399,-5.342422984318151,-5.473049316825969,-5.393112763824097,-5.3496748770568665,-5.2268784999068485,-5.475266827434063,-5.3110403027412545,-5.307713328447701,-5.366229564197654,-5.356380207978603,-5.351007805906505,-5.356471112693853,-5.358306369710633,-5.356473550341459
2014-11-18,-5.465596296299723,-5.85183612926568,-5.817513033389442,-5.9389482920751275,-5.868954481743316,-5.749935004758576,-5.829239557627881,-5.832117052550649,-5.874150845740248,-5.86455299355342,-5.8500057012825115,-5.851682890429263,-5.850085418938615,-5.851699877198945,-5.850066976167395
2014-11-19,-6.244901804673823,-5.405812725968691,-5.444016115956103,-5.465762286061585,-5.418329268762346,-5.321302562958526,-5.457471595415475,-5.3848029168229985,-5.411773173912939,-5.42054141683781,-5.410990795071317,-5.40950870516674,-5.41100332577148,-5.412325987251875,-5.41107835122718
2014-11-20,-5.664763377649682,-5.8464330783197465,-5.798333696749166,-5.89433863694798,-5.855266937912373,-5.792851361743781,-5.794993174135844,-5.836699643512363,-5.86946221467596,-5.852775977242802,-5.841937872902654,-5.845482710697869,-5.842130872961794,-5.843039902736442,-5.84196447366738
2014-11-21,-6.679885573832938,-5.58800632182858,-5.634528922001246,-5.643363082039755,-5.592727548019424,-5.4867318744848514,-5.637029927166972,-5.571045448678422,-5.577314596676097,-5.596856968765827,-5.593375744212288,-5.590092549747776,-5.59359742469999,-5.594857251024831,-5.593450127200758
2014-11-24,-5.976316381536745,-6.134207320414137,-6.068471048573406,-6.203701184800208,-6.140781163114836,-6.05264284435971,-6.06514726759932,-6.130836059991693,-6.1466460318834155,-6.1310968934491,-6.128120224125028,-6.133844252614249,-6.128000914864991,-6.129787339203233,-6.128144071785541
2014-11-25,-7.146687646445256,-5.806082079639453,-5.830547202635222,-5.848986035621249,-5.802690430200975,-5.716931309625884,-5.805012380447267,-5.800394388907423,-5.773222281995482,-5.806480132585554,-5.807278374225352,-5.807656237385551,-5.807375653121961,-5.808855033735554,-5.807313066841797
2014-11-26,-6.109002939902124,-6.439603584757155,-6.3073911424892,-6.507365746678726,-6.448278891894406,-6.354660748973079,-6.27742739682999,-6.44576518337698,-6.455315426209328,-6.4206075485456635,-6.423675915507887,-6.433729155044066,-6.424361326088165,-6.4251653488157245,-6.423648086449343
2014-11-28,-4.869557149833812,-5.962898875503444,-5.676673760749777,-6.073743429876942,-5.963536399342091,-5.815209056651208,-5.523705543866819,-5.975642597355455,-5.894943114974126,-5.948223634756004,-5.925561607478562,-5.956422299066837,-5.927296172503249,-5.927394064498521,-5.925395820814313
2014-12-01,-5.807683739210485,-5.311641906745019,-5.263582013121409,-5.35519615146027,-5.31909280051984,-5.18733349818302,-5.177167758676952,-5.277978222310947,-5.292063887585639,-5.327850410803619,-5.301954097573274,-5.311944617301394,-5.302326203802452,-5.3023260273381805,-5.3019123298894515
2014-12-02,-6.2184284843920485,-5.727343906225936,-5.62388091513776,-5.780850780269315,-5.727844408638273,-5.601018085902825,-5.534744294703174,-5.702629876253504,-5.684643814742856,-5.7346425570255795,-5.712759023449797,-5.726917870506068,-5.7132063417988155,-5.713651115387394,-5.712690253904678
2014-12-03,-5.453990358092013,-5.931173529644363,-5.739462090585213,-5.996261310316878,-5.931294618465859,-5.821644837637303,-5.655837834223982,-5.918253921588301,-5.904238116241907,-5.931050407504525,-5.907149665403098,-5.923325449980615,-5.907568910343667,-5.908134111818961,-5.9070576583024215
2014-12-04,-5.8811967801197635,-5.524990278280788,-5.525677744818126,-5.568183945222833,-5.528325077089248,-5.423619787178636,-5.501653747690217,-5.507656942606211,-5.496092795611255,-5.531171968408483,-5.523518451159025,-5.525695241145755,-5.523611887493088,-5.524304619062519,-5.52353482660415
2014-12-05,-5.1673269134312205,-5.72367002900437,-5.664637917375212,-5.757983103374796,-5.733083466173927,-5.630300107007806,-5.619668205176271,-5.707673054577631,-5.706571006388417,-5.730299380852476,-5.715913762445447,-5.723156519370404,-5.716046548950752,-5.71689166033323,-5.715908073969756
2014-12-08,-4.642846234355538,-5.424282732865425,-5.390954680466178,-5.4517007364535965,-5.433433188474795,-5.337083923995157,-5.363017890687743,-5.39934346545734,-5.404971872840339,-5.444554504429675,-5.419005572969412,-5.424199117401763,-5.41919472592524,-5.419575697183009,-5.419014072577732
2014-12-09,-4.262088728584115,-5.081620304651042,-5.0361420701721356,-5.127752288405557,-5.088406767065944,-4.976306144651371,-4.99255698249081,-5.044250458220987,-5.038178448323215,-5.100703823326153,-5.075704265572864,-5.081656473301599,-5.0758846643103235,-5.076097266030155,-5.075688416803382
2014-12-10,-4.361502961496199,-4.770508052519551,-4.794402661580096,-4.813645624655365,-4.779551064805572,-4.676486603810053,-4.787740557513856,-4.727379804721091,-4.757442452399996,-4.792963637523267,-4.773228201739026,-4.772298241218605,-4.773367505875192,-4.773206262969239,-4.773271567911387
2014-12-11,-4.106090827152361,-4.737523468048678,-4.802634628809521,-4.7809522075577,-4.743753096304984,-4.630802581502536,-4.803387723592222,-4.692294171291489,-4.738793520221453,-4.765726637036416,-4.744305010986095,-4.742417952952686,-4.744354048753742,-4.744151355378153,-4.7443705326910335
2014-12-12,-3.4885748979926157,-4.519935581439245,-4.517220849405787,-4.580395282464605,-4.526716510219926,-4.422188985244103,-4.503600884870091,-4.465850083785371,-4.524965320819312,-4.54183832167676,-4.5198275138386155,-4.521527910640803,-4.519945559276719,-4.519338288645296,-4.519865466819736
2014-12-15,-3.469590318793406,-4.095513565699678,-4.148817450618064,-4.154069026552629,-4.105916035673267,-4.044747711194581,-4.179835684049722,-4.05680226675553,-4.1333189611074905,-4.117532280854613,-4.104119746871853,-4.099541485571415,-4.104002832031725,-4.103493028666152,-4.1042001046025645
2014-12-16,-3.3137725532102325,-3.994042658338639,-4.008335318355164,-4.067406745614225,-4.001660099499365,-3.885020356475778,-3.972807420029996,-3.9225409582027186,-4.015706406716042,-4.011836444078599,-3.9950475380849424,-3.9958244813269483,-3.99522675353528,-3.994028392075521,-3.995080350896562
2014-12-17,-4.548098109054097,-3.835009518709241,-3.8415166777581145,-3.9034282879138065,-3.8424973324734775,-3.7136823547055413,-3.7926320378424903,-3.7521142275176547,-3.848215106298816,-3.858441257057034,-3.8341215621983378,-3.835424978907999,-3.8342774084460087,-3.832703357761301,-3.8341352696309507
2014-12-18,-4.981237026501629,-4.411728677109982,-4.494462898282794,-4.46913819646679,-4.416049747182039,-4.243780867646611,-4.433837690351905,-4.326032140731052,-4.3604578427392395,-4.426721075932478,-4.418489353666289,-4.418271190952316,-4.418783899452937,-4.417741361559653,-4.418532249549575
2014-12-19,-5.78485989089097,-4.634321121109579,-4.682825293747232,-4.71275689496333,-4.643488172652832,-4.5247536582375,-4.70249845341516,-4.577022892389007,-4.645158869633911,-4.6561248285764565,-4.642283305063729,-4.637885130801525,-4.642374810790549,-4.642168103047195,-4.642369505988985
2014-12-22,-5.992858094703575,-5.093948118725473,-5.183859284057357,-5.16906984608002,-5.102875030681365,-4.952520575731972,-5.162058649216082,-5.04282676324862,-5.0527264888151455,-5.114772686101263,-5.10389261023827,-5.100277271123227,-5.104263224753573,-5.104565954335561,-5.103958048850509
2014-12-23,-6.6261016529251755,-5.305762175201362,-5.358927143842786,-5.398433161291519,-5.314542298688031,-5.2004131565404315,-5.3751667650440895,-5.275466663491911,-5.313642864121577,-5.321352331341616,-5.313573836891649,-5.310405353203347,-5.313670003976989,-5.314739974316363,-5.31371875314292
2014-12-24,-7.168795865725945,-5.846025433629755,-5.673612525960118,-5.965229477939204,-5.86183376542473,-5.722086854599315,-5.6262065443622635,-5.8421916939685286,-5.825709104268081,-5.857824322470326,-5.825892847178488,-5.84299231362298,-5.827119580911135,-5.827549676904409,-5.8259407738028255
2014-12-26,-6.7347058044766275,-6.247208152201821,-6.189000315704401,-6.361377077437175,-6.25741524238207,-6.152281772393701,-6.229067658571569,-6.273536931691806,-6.23638002813331,-6.234181200605503,-6.24546219035805,-6.2474601011484125,-6.245617756311216,-6.247382902868989,-6.245573860867752
2014-12-29,-6.294135660318096,-6.163029732900151,-6.058106489987249,-6.255181278017529,-6.1701408705817515,-6.108053213660138,-6.110159647964159,-6.190018273954569,-6.182735770315018,-6.147923562157049,-6.1555595180734395,-6.160225996415203,-6.1555924433099305,-6.156822131657177,-6.155617692441298
2014-12-30,-5.019841234905154,-5.984575901232048,-5.954044829894503,-6.08716946445245,-5.990624121242202,-5.914960370931121,-6.0098592005044305,-6.016436544355821,-5.9945489540208365,-5.9621783999943885,-5.986121882735108,-5.985315821809239,-5.986222956707942,-5.987673772001757,-5.986231094363052
2014-12-31,-4.302087037231876,-5.241179693183393,-5.35017602654376,-5.327882172592184,-5.244191040050295,-5.174860685749738,-5.427422088762967,-5.264858126010043,-5.261768127541177,-5.224571548683283,-5.25750487974111,-5.250987467679606,-5.257517379493158,-5.258598035820788,-5.257691493631963
2015-01-02,-4.145446001304844,-4.709170338969974,-4.731367749973958,-4.78831495407921,-4.709535758623122,-4.683477868302947,-4.79758245706189,-4.717510235266555,-4.740090926563941,-4.709043480400568,-4.715897854432798,-4.711921962071417,-4.7158712954848685,-4.716310240899873,-4.716028011419502
2015-01-05,-3.763035321496245,-4.505495995706373,-4.558874763411023,-4.572475768719273,-4.505427071609107,-4.46756559103394,-4.612305257121876,-4.511815250801927,-4.524812248650437,-4.505106012581637,-4.515126564099072,-4.510492531549434,-4.515129629008805,-4.515418462275641,-4.515238357408347
2015-01-06,-4.321690352351106,-4.196369624081294,-4.197670557639978,-4.274221505039435,-4.196116749888879,-4.1797243576281,-4.243929649307018,-4.19877864663676,-4.2430079614072715,-4.196034813903251,-4.199849399432518,-4.196992223658979,-4.199653564758964,-4.199918706864766,-4.199943817175409
2015-01-07,-5.177860504818989,-4.427299573320139,-4.468008957773859,-4.498408051533407,-4.427203129210604,-4.381609995846105,-4.507689815490977,-4.430827813023252,-4.43867878704844,-4.428560747516087,-4.434583168967068,-4.43076612560274,-4.434670167003705,-4.434857581148313,-4.434680482993487
2015-01-08,-4.102637975606727,-4.852176844873588,-4.919139927772751,-4.9343577233291835,-4.851284338059956,-4.800317239819739,-4.959655331883214,-4.863414121947368,-4.882299280171532,-4.85153449185614,-4.86229842868752,-4.858053067487575,-4.862076304724077,-4.862764119632534,-4.862437052808616
2015-01-09,-4.161329712539602,-4.3041015779667635,-4.466158723378079,-4.362448009578032,-4.303261042452949,-4.268545020526927,-4.562158994387557,-4.306532963747193,-4.327227852537386,-4.3063032337384035,-4.326000638497326,-4.31765244280353,-4.326019263957526,-4.326051251243149,-4.326168287828619
2015-01-12,-3.727060380369806,-4.329712800574632,-4.456056881426725,-4.3884067825479285,-4.329720214492173,-4.262348488990668,-4.512371033644622,-4.332712923529188,-4.329700439133192,-4.331636336371578,-4.34567514607415,-4.338389485425071,-4.34572218588989,-4.345800865285897,-4.345814659907585
2015-01-13,-3.6229191227428577,-4.106191415448847,-4.1185902655610445,-4.172091171168058,-4.106008748068445,-4.085490414197666,-4.144900115245389,-4.105158839696565,-4.131682205293172,-4.102911536643549,-4.11005072351122,-4.107522826232218,-4.1100702796574575,-4.109992659762129,-4.110124159530041
2015-01-14,-3.7569262206467102,-4.007797544497748,-4.0866839009228535,-4.075409233439845,-4.007309788845934,-3.940761054967118,-4.114066005274921,-4.002360451008299,-3.9994406494822674,-4.007828006685681,-4.017895429336995,-4.013115525295532,-4.017828201717839,-4.017776660685352,-4.018010576066049
2015-01-15,-4.219420861033925,-4.0274579696790145,-4.0785639862600895,-4.085425132624918,-4.028858019368769,-3.968501186478636,-4.1173946408190645,-4.021140682060665,-4.020922743746636,-4.025803119228201,-4.034850404290785,-4.030219972322634,-4.034723807099422,-4.034543199927155,-4.03494958093421
2015-01-16,-3.9719525325849734,-4.269059989127218,-4.337516810587174,-4.319129273750989,-4.268910149131475,-4.218382901545787,-4.387919896810316,-4.265840281827887,-4.285914244415241,-4.271867532799004,-4.277412666481692,-4.270925520157581,-4.277426866861485,-4.277205123937372,-4.277514131017863
2015-01-20,-3.566843455986029,-4.147833248290317,-4.234512810660902,-4.206671690721149,-4.147943627784752,-4.0982238139494145,-4.303955815459453,-4.141974666437172,-4.15494660178974,-4.148849109850049,-4.160350076601282,-4.152128933985946,-4.160221911686856,-4.160017520238765,-4.160451956990102
2015-01-21,-4.239059728809507,-3.941839517118954,-4.085835121530958,-3.985873387491977,-3.9407749067981475,-3.9061004872901193,-4.172902734569168,-3.936516391360983,-3.9671143104902975,-3.951030150640907,-3.9603686764958725,-3.9510107019490848,-3.96037491887115,-3.9596942251854976,-3.96049823272752
2015-01-22,-4.917903201651832,-4.3004317661260245,-4.371631996914055,-4.350812318252693,-4.299661886149566,-4.2455452152586375,-4.409546079275064,-4.2935226491902645,-4.309010582040237,-4.308603987986914,-4.309064488963431,-4.303563590870405,-4.309108045020979,-4.308714949302563,-4.309123709159913
2015-01-23,-5.25227676655491,-4.677615628742606,-4.765270031617056,-4.72664129339612,-4.677634615217805,-4.609551394436372,-4.833332931069475,-4.676262390793769,-4.682878616887864,-4.681286604266616,-4.689316370995856,-4.681634863666266,-4.689273711122686,-4.689262104737432,-4.689392080004393
2015-01-26,-4.166988388538614,-4.869090888950321,-4.890538997094721,-4.927471723227581,-4.868979436373017,-4.8104786024939,-4.926750589162213,-4.874204755156683,-4.875483149795105,-4.8688670736042425,-4.87406145453267,-4.871822770551146,-4.8741329346433275,-4.874303694317318,-4.874119357586487
2015-01-27,-3.83724449827672,-4.336051239212582,-4.443743090036646,-4.389798331300382,-4.33608199170992,-4.28774751465512,-4.497351939908812,-4.336776664833533,-4.359170790276597,-4.336681723607641,-4.348626611544929,-4.341206428575681,-4.348550386402552,-4.348475150619285,-4.348707405417214
2015-01-28,-3.7542018560913393,-4.183931041213159,-4.224399129870986,-4.25733286492241,-4.1839887114090155,-4.158149737146934,-4.288560075402581,-4.182308589969923,-4.238777837083739,-4.188356994177067,-4.191522232420895,-4.18728428153196,-4.1915329303535005,-4.191184630748248,-4.191614649068405
2015-01-29,-3.6295854926028084,-4.099715522453641,-4.122764225563275,-4.167634198125978,-4.099936761136405,-4.035503176491128,-4.140874984693299,-4.094160636238988,-4.1103373659521,-4.109446209163444,-4.103396623411153,-4.101919706681213,-4.103591902796796,-4.102946545646659,-4.103464860685758
2015-01-30,-3.469251307790149,-3.972679695235505,-4.013224924367242,-4.048995833428308,-3.973568423092098,-3.8966727629060376,-4.044022731053249,-3.9631234705824423,-3.9877532954715806,-3.9831111052249817,-3.9798249116698305,-3.9753622325703155,-3.9798276220187168,-3.9791746418647707,-3.979910651018646
2015-02-02,-4.6227757042759325,-3.8239249138165894,-3.8469958682081646,-3.899055016138956,-3.82447562348407,-3.7812461962764283,-3.856740314362993,-3.811423008831623,-3.851285713231375,-3.8252347614934497,-3.8285829015255852,-3.826450625517599,-3.8287821344264494,-3.827876058890931,-3.82865018701691
2015-02-03,-4.2087986764325445,-4.402467011213682,-4.406531750297105,-4.467772908100107,-4.402925019380871,-4.316077491244998,-4.403100108028291,-4.399376972372456,-4.3909639542884555,-4.409406094356668,-4.403494914512025,-4.404758037782557,-4.403646630289675,-4.403274580093557,-4.403538515463279
2015-02-04,-5.349397256700158,-4.210794169217761,-4.271455793638734,-4.288260634512377,-4.2109203292951305,-4.135861071703199,-4.287951046606669,-4.205918240088179,-4.205850384027598,-4.214568984683017,-4.218947056441435,-4.216498595810956,-4.2190966316482195,-4.21854766445717,-4.219030676790227
2015-02-05,-4.252278938883409,-4.822544817428132,-4.844523563826482,-4.90066978143571,-4.822651112848139,-4.750415613173691,-4.87337685128002,-4.83778554239762,-4.8178637581327175,-4.825835670320104,-4.825847818985962,-4.824268797115305,-4.825888989859853,-4.826257163043853,-4.825935522071221
2015-02-06,-4.809652158061741,-4.320361656302179,-4.425097548566082,-4.383371630400105,-4.320095577743156,-4.280065078810652,-4.491998218745868,-4.323924868118559,-4.329606283527023,-4.327236853248429,-4.33420977904014,-4.3293518130452995,-4.334333937252788,-4.334246487459393,-4.334308593112027
2015-02-09,-5.145991828166436,-4.678444556671898,-4.771456782351994,-4.737794735540209,-4.678857788555954,-4.628329446080483,-4.842778977505436,-4.687114966929553,-4.68661717166377,-4.684270203032024,-4.691480808981519,-4.683589335211362,-4.691439231219237,-4.691730245036808,-4.691563971611932
2015-02-10,-4.746454843122116,-4.861799922889337,-4.914786432523947,-4.93390209415688,-4.862028685190708,-4.8073355330148715,-4.9594326380673435,-4.87402971951975,-4.876029010482289,-4.8645937442769345,-4.8702795419090785,-4.866449611913726,-4.870222792461929,-4.870745250240665,-4.8703658394768965
2015-02-11,-5.814895306621463,-4.700239111894667,-4.803478000871412,-4.770332813094444,-4.700649686538949,-4.634048564815697,-4.842292261283782,-4.710218410881639,-4.666728569227997,-4.698409703134738,-4.713972148599458,-4.709471535486441,-4.714022235403481,-4.714508193275965,-4.714066352289524
2015-02-12,-5.935265638739237,-5.243144631366397,-5.205801317294287,-5.330563906398384,-5.243739004860726,-5.176251714504661,-5.22680812290235,-5.270335636099762,-5.232726478177825,-5.247907663221694,-5.243617361286033,-5.24550254148701,-5.2437356610416535,-5.244565246807238,-5.24370194321823
2015-02-13,-5.834555422294948,-5.393219848031266,-5.365695382943748,-5.474360270825334,-5.393652175650464,-5.360172500038531,-5.4047464471320925,-5.4260606146324575,-5.402218882220683,-5.397644665172024,-5.395856433851628,-5.394393392660401,-5.395825762794714,-5.396742145328243,-5.395930279462454
2015-02-17,-5.705202799751693,-5.404921292799515,-5.401195440887756,-5.48795891257098,-5.405287497701871,-5.364779040576192,-5.444329569580482,-5.446925949919612,-5.391196255489544,-5.407639361462977,-5.410659994640729,-5.408317186313706,-5.4108878445851225,-5.411838433211189,-5.410751999743654
2015-02-18,-6.0744830706401665,-5.381004164467915,-5.355598973094699,-5.4709823730627045,-5.37932459039677,-5.357119057900819,-5.4133177824251835,-5.429481917519379,-5.402310918677996,-5.383272097973153,-5.383920712992895,-5.3820094686876505,-5.383823212443886,-5.385160439513357,-5.384021570647353
2015-02-19,-4.7379142259692335,-5.658692141912734,-5.605730018151344,-5.742554642062551,-5.655822884758654,-5.593631757086086,-5.62464593259339,-5.727390045941606,-5.619392296766656,-5.659677808157032,-5.65626725096519,-5.660000613430448,-5.6566565538749805,-5.657949816216959,-5.656372341222763
2015-02-20,-6.339582326002593,-4.923396746006956,-5.0535891672764555,-4.987378098744115,-4.914592839021726,-4.894964219321576,-5.156939296985801,-4.955044158450015,-4.920660071567804,-4.929878072324081,-4.942462889307566,-4.935098065680064,-4.942376341216598,-4.943137518876663,-4.942582148637841
2015-02-23,-5.513241925181829,-5.746063226706196,-5.689669952674054,-5.826785714752863,-5.741103314494796,-5.691829726753851,-5.682518227433482,-5.798148086769261,-5.713719357979732,-5.746326997957677,-5.742876231460435,-5.746150497837516,-5.743144086189172,-5.74354885280132,-5.7429447647507095
2015-02-24,-5.99934851279109,-5.335470439919478,-5.3663043723616015,-5.405233819096709,-5.3291962476127015,-5.305973104540084,-5.394914087850272,-5.374789465028589,-5.325584225832829,-5.336037001477283,-5.343803553860246,-5.341156451941547,-5.343804348022729,-5.344381829142144,-5.343882994288945
2015-02-25,-5.542967259230696,-5.5910518142080186,-5.583369412481466,-5.668541218008426,-5.5861025636294555,-5.550808804190025,-5.6105137081965655,-5.652303086563438,-5.576423434252394,-5.5910686647671035,-5.5941248309272185,-5.592937878903172,-5.594256719192604,-5.59486679104462,-5.594224011351506
2015-02-26,-5.431293509312097,-5.350488852712135,-5.387499577884088,-5.426387756295222,-5.344507356173036,-5.318321186042753,-5.429851022911934,-5.405218282865089,-5.341220329520941,-5.3505117465979595,-5.358024127118492,-5.354048445018469,-5.35801598433443,-5.3588326466189855,-5.358132037295288
2015-02-27,-6.2666037144705244,-5.360884246680442,-5.440769210522306,-5.420566337273192,-5.356910662716701,-5.345855870634413,-5.522982406700024,-5.403629330299098,-5.379593980393581,-5.361107231944801,-5.37359336821189,-5.3663202133239585,-5.37389578475157,-5.374408524565092,-5.373721792030695
2015-03-02,-5.151795586748139,-5.787632741428849,-5.69597611245964,-5.867693776319706,-5.781971420786527,-5.757689233968316,-5.687009446434332,-5.847883112797303,-5.792820624432444,-5.786460493282753,-5.78017158726935,-5.784917081672359,-5.78021777906409,-5.780789487803212,-5.780220229059444
2015-03-03,-5.4094000180825805,-5.235401145372704,-5.292320499406685,-5.300261713029519,-5.2254059485362765,-5.230553600431906,-5.35295232026782,-5.276247939983015,-5.268302010577365,-5.234434110606947,-5.244873517269965,-5.238626088665967,-5.244766310380832,-5.245377833392665,-5.244969133931872
2015-03-04,-5.5805772160790355,-5.361951650866371,-5.361067852621012,-5.419024549054865,-5.356253668098244,-5.337154479152559,-5.365718465944165,-5.402886081936189,-5.386244905186755,-5.360499131413519,-5.362585593289663,-5.362237672441909,-5.362795674858248,-5.36288544426079,-5.362640247988437
2015-03-05,-4.589865244702837,-5.483822540351725,-5.550773674675627,-5.531393079378192,-5.47204800753762,-5.484035492880884,-5.604079165449101,-5.518014634038129,-5.499098866921632,-5.481509553086006,-5.494134497861725,-5.487796441533231,-5.494229956168321,-5.4947890385138045,-5.4942273893676195
2015-03-06,-5.393973382596811,-4.942203914373934,-4.986894336251358,-4.981675850161712,-4.930528970212853,-4.972440629533256,-5.073331727687518,-4.9649555590456345,-4.975910782398592,-4.941352455242956,-4.95203600671046,-4.946544717668177,-4.951900352169522,-4.952234842642686,-4.952108514104304
2015-03-09,-4.675616283528056,-5.326208229789451,-5.421286686952763,-5.383434962322248,-5.309478250120694,-5.276537090425347,-5.466058115726451,-5.375180623284336,-5.272491231165939,-5.324341186696383,-5.338179400699515,-5.331038121478635,-5.338184791855,-5.3386887185895535,-5.33830328839937
2015-03-10,-5.042993725652799,-4.943280472622322,-5.056819948547513,-4.991544351724072,-4.928152834189186,-4.933918778104732,-5.134158317698784,-4.978002606698941,-4.960119366113206,-4.943362616198632,-4.95832862364344,-4.9505938177610105,-4.95824283259277,-4.958541043136764,-4.958438131846892
2015-03-11,-5.458388348719812,-5.1200114505495575,-5.12814108081445,-5.175002627746394,-5.106897724586149,-5.0941585661034585,-5.17059726391843,-5.157491643232925,-5.11518288410283,-5.1199716329939235,-5.1238176583174555,-5.121188224930306,-5.123766178269588,-5.123978684907099,-5.123877985019637
2015-03-12,-4.287437747031455,-5.324533189803467,-5.37188860926193,-5.366189486173647,-5.312123321932461,-5.325326370451968,-5.404871429203654,-5.349939061993739,-5.325720413779175,-5.324413282903235,-5.331969088769125,-5.3288811152540845,-5.332250643985077,-5.33217522988712,-5.332026168732093
2015-03-13,-5.518876911552639,-4.720216755992092,-4.813877834709761,-4.776687761469558,-4.697942490173778,-4.722474518001749,-4.907974666271989,-4.754269236397303,-4.728351604315864,-4.721061718784757,-4.734770589947,-4.727382064842296,-4.735004481249549,-4.734784426898393,-4.734871789470917
2015-03-16,-5.308467505441194,-5.3267855820646846,-5.3504335449156795,-5.394736287403165,-5.307692837984031,-5.319868338699821,-5.421501096033303,-5.3749505574227046,-5.348969096833744,-5.325362114043896,-5.335223952290722,-5.330178421495081,-5.335052238797596,-5.33538518702987,-5.335328032885014
2015-03-17,-3.6983249493827226,-5.251302428353717,-5.325712817950259,-5.308233822573185,-5.231112024435522,-5.220285104751723,-5.393509831723124,-5.290270760758522,-5.214275489063611,-5.250742579160934,-5.262402100346844,-5.25762406847119,-5.262206631649677,-5.262638865228923,-5.26250650050958
2015-03-18,-4.965085068991586,-4.336872849411489,-4.369500064670725,-4.414105727321197,-4.3094338116017825,-4.351562046313669,-4.436289566185502,-4.373685909067208,-4.341572512761179,-4.3389502576040915,-4.346085605959914,-4.340268155388027,-4.346005610412472,-4.34587328646481,-4.3461784690098355
2015-03-19,-5.590259402597589,-4.92805791666314,-5.031595956396787,-4.982779092821929,-4.899499156130645,-4.930555743144688,-5.118265018349547,-4.960194844363424,-4.9343270079333905,-4.930247571772292,-4.9441868248389405,-4.93601950320297,-4.9439886537958015,-4.944102350857826,-4.944288954124985
2015-03-20,-5.535924293741854,-5.277034110206604,-5.304539062328407,-5.348297512114118,-5.253340354476985,-5.27060337888663,-5.377955853109096,-5.321729649067013,-5.26898948258641,-5.277929954383254,-5.284214046606195,-5.279836395232799,-5.284329686220675,-5.284300314168555,-5.28429971935
2015-03-23,-5.338574693000617,-5.25059597087699,-5.316509536956908,-5.302647780009967,-5.220616287440047,-5.237397013080243,-5.372685152229044,-5.289884889200227,-5.238276008097991,-5.252130481808512,-5.259376778385532,-5.255235232954892,-5.259425582267146,-5.259572983685907,-5.2594694927725945
2015-03-24,-4.656296145680586,-5.1622448638762855,-5.239149096680959,-5.226528122694369,-5.140904171250458,-5.1575860865184335,-5.326772054169936,-5.204177019187106,-5.169598168245033,-5.162640803260978,-5.174963439834859,-5.168881441294399,-5.174892831476408,-5.1752064920780905,-5.175077962229913
2015-03-25,-4.136359173353851,-4.924232005840016,-4.974933700832956,-5.007372425207027,-4.909494277420648,-4.9260395687124,-5.045433145885107,-4.973062730516283,-4.952311845230115,-4.925044233471922,-4.934668474577906,-4.928152813011501,-4.934512432002218,-4.934688777423436,-4.93478035394644
2015-03-26,-4.778687678564294,-4.593971412604249,-4.695461253296003,-4.672067852307325,-4.569923990755115,-4.598073566516156,-4.752449850768644,-4.636751457624892,-4.620571660136207,-4.595535678246493,-4.608524934122539,-4.6001516194901875,-4.608338147609168,-4.6081831860913445,-4.608617418179581
2015-03-27,-5.793642493339735,-4.868799345725644,-4.926598619111813,-4.933381988833279,-4.846402963173848,-4.87628052657209,-4.966780482016219,-4.908104195519633,-4.904273467499096,-4.871392844849224,-4.877618271355397,-4.875048039949821,-4.878177688704669,-4.877397069192803,-4.877676391545109
2015-03-30,-4.93570842982995,-5.362824337540123,-5.400985760974769,-5.431917281256899,-5.331075689375538,-5.3318193700022105,-5.430286446742263,-5.416120931693464,-5.322112806918517,-5.364379756333177,-5.368071409537745,-5.365623529741562,-5.368520992320142,-5.368320889961655,-5.3681704972865445
2015-03-31,-4.308618043997364,-4.933560861845874,-5.028835516521627,-4.992024737115014,-4.916898587044955,-4.940344553413988,-5.1093598652049,-4.964904694898594,-4.948601904010313,-4.93430584455523,-4.947565230518566,-4.9400093733946004,-4.947716313447824,-4.9476074355698945,-4.947665503289095
2015-04-01,-4.944621328755943,-4.5993052159893075,-4.664828978443916,-4.668844710737927,-4.583984325128206,-4.622232456238297,-4.740835673570833,-4.631316870720917,-4.636683053428935,-4.60233660228718,-4.61185398234965,-4.603319315313045,-4.611730212960428,-4.611695251086911,-4.611942320892268
2015-04-02,-5.291078779038342,-4.952075974265253,-5.029546949745225,-5.016802351642387,-4.924843573713629,-4.922877670764063,-5.0700514739644555,-4.994532246049513,-4.905749838553166,-4.95398211292536,-4.962936127429298,-4.955884365953573,-4.962888720977688,-4.96284140692591,-4.963029454189141
2015-04-06,-5.6630032743430565,-5.139119423541026,-5.2319450569045545,-5.192596064026166,-5.109375549056347,-5.1271024449224045,-5.30772824143949,-5.177896147169126,-5.097949525987929,-5.140617504048349,-5.151796272636456,-5.142645440412132,-5.151670745750142,-5.151887332179529,-5.151896814758184
2015-04-07,-4.3039064765609325,-5.315048341271376,-5.400793632366961,-5.370919462521625,-5.282209625378202,-5.286658756138051,-5.457461193274276,-5.365357800452074,-5.268489447028253,-5.315183531992794,-5.325781184999656,-5.319831087663861,-5.325748284307496,-5.326059930938141,-5.325888211454742
2015-04-08,-5.112275210629308,-4.621474116337985,-4.764062073612872,-4.687397744338225,-4.60532409330453,-4.635880737129258,-4.8629752563241135,-4.6598608649235125,-4.641668941527978,-4.621609383778855,-4.641816644278461,-4.631939673708846,-4.642013968261993,-4.641725519527437,-4.641959783964896
2015-04-09,-6.219647921841906,-5.052891885489923,-5.106670741186225,-5.109872617876154,-5.021219816858638,-5.0626797574561815,-5.164694697365057,-5.092269171384222,-5.0385580703218,-5.054444910289584,-5.062138948397986,-5.056241816880251,-5.062072686695072,-5.062187687053477,-5.062241986866255
2015-04-10,-5.893398162650731,-5.629022107732979,-5.67920288520469,-5.6790358538320564,-5.606962452281603,-5.6288458280319364,-5.742966311141125,-5.670076816287594,-5.607785482191962,-5.629086370632001,-5.636977115391374,-5.632376971617278,-5.637160071077764,-5.6373220844293925,-5.6370717673404185
2015-04-13,-5.005143326033688,-5.496709988599005,-5.585734664425484,-5.555023749782738,-5.475367269707268,-5.480803354136295,-5.666031894277845,-5.549928148670055,-5.4805678950927845,-5.496722409493511,-5.508987552198643,-5.499353138884247,-5.508892054478975,-5.5094208359912376,-5.509100883049371
2015-04-14,-5.682234475575899,-5.0410824460044905,-5.164408636595353,-5.079367449078715,-5.027876858162031,-5.0380982373750385,-5.259441586934974,-5.071888084405279,-5.051401214112179,-5.042795504714618,-5.056266907752715,-5.049325971116021,-5.0563000015604445,-5.056468996201726,-5.056367918080889
2015-04-15,-5.630986430724952,-5.471992410790646,-5.522125189217863,-5.533491503907205,-5.426952877545593,-5.442524883113263,-5.563271995339307,-5.527313947103817,-5.428412256884208,-5.473190312490955,-5.478637391227015,-5.476019164909399,-5.4787742974529845,-5.479013552897631,-5.478733861469901
2015-04-16,-4.57893034430962,-5.477641703240605,-5.507361566741569,-5.540785164047024,-5.450718685479442,-5.474125624877963,-5.578767255318064,-5.526315305331192,-5.487734313761353,-5.477805446940684,-5.485827067498584,-5.48223264214864,-5.485828225054897,-5.486205921411264,-5.485931864956198
2015-04-17,-5.829142150673293,-4.877605675503902,-4.9593543632769945,-4.937227857079682,-4.846916898916328,-4.88794245927516,-5.061868690887683,-4.919284166172154,-4.8815744427193435,-4.879486407366257,-4.89192139149889,-4.8827680882720585,-4.89173437464501,-4.89205280224717,-4.892057451638079
2015-04-20,-5.193579897038306,-5.503292986659273,-5.516121508895678,-5.554316252022247,-5.46086237131109,-5.493323440554282,-5.544542685419734,-5.544193910479009,-5.467369549095789,-5.507280882550127,-5.507684529625556,-5.505598661002315,-5.507703312249628,-5.508002489244231,-5.507756297080476
2015-04-21,-5.098823148590405,-5.211907449360927,-5.253136332091071,-5.266972314009392,-5.1643636549089695,-5.204367257482421,-5.315003611493249,-5.25956193447963,-5.203316492058127,-5.221456978292933,-5.218899586587987,-5.2158570238582325,-5.219174409803864,-5.21912656806406,-5.219002203391463
2015-04-22,-5.018900657920334,-5.138829648699265,-5.163971853146786,-5.194988155009639,-5.101326195986745,-5.140001465276716,-5.201848366336877,-5.178156044609733,-5.129725110096202,-5.1428514426342575,-5.143983769324654,-5.1418886559041415,-5.144272301613612,-5.14408959122274,-5.144037296430621
2015-04-23,-5.8779289110836626,-5.072878210812047,-5.1323206434153565,-5.114840106009738,-5.052942399674562,-5.073648989337323,-5.212928998878075,-5.100638197209118,-5.0741483334430795,-5.07133184116534,-5.0826148799252655,-5.077601364902556,-5.082769369523158,-5.082798939831525,-5.082700318825123
2015-04-24,-5.467778973756442,-5.5525924100540935,-5.536544750928312,-5.615823032888005,-5.529066382810429,-5.54758576522482,-5.570066917908396,-5.596281513028715,-5.563800581862655,-5.55165121807075,-5.553728111646177,-5.554641573585698,-5.554069572425767,-5.55411984788891,-5.553789628899518
2015-04-27,-4.8854810761668395,-5.350577893182146,-5.3666710903709145,-5.39768841006733,-5.334974768881845,-5.355408946704847,-5.420134003633132,-5.378072622876775,-5.370707182642424,-5.351676934703541,-5.3550132048866335,-5.352164509055562,-5.355116597207337,-5.355300786476515,-5.355063857522062
2015-04-28,-4.608986947201854,-5.064533618934756,-5.027699665088006,-5.126533608578981,-5.062636459848429,-5.071512639788724,-5.0398871200005475,-5.102293440017691,-5.10647155380119,-5.062768728776899,-5.06320785268631,-5.064640370800062,-5.063378415293849,-5.063280573227605,-5.063222809636587
2015-04-29,-4.369019655913408,-4.899049496416092,-4.895989047628637,-4.944974655968661,-4.862339759055685,-4.902896884992857,-4.912036921366563,-4.928773081095323,-4.913009774504946,-4.908614042703939,-4.899502946958246,-4.899818710374364,-4.899659586054912,-4.899473949060877,-4.899543385206698
2015-04-30,-5.236821529223495,-4.728567475484328,-4.732181220030762,-4.790928746154912,-4.708239814822461,-4.736552057741344,-4.811562503001136,-4.76051163292509,-4.743754672683936,-4.733807325580863,-4.733370216484231,-4.731433972076956,-4.733576593405775,-4.733140816285002,-4.733455620990276
2015-05-01,-6.135792564366089,-5.130408525962883,-5.097744016558454,-5.19395796181266,-5.111673558806408,-5.1237346978033464,-5.100949068569403,-5.158179110476184,-5.10795139868939,-5.13184243197004,-5.130221228770142,-5.131085006993411,-5.130551238644459,-5.13026384626216,-5.130246098600911
2015-05-04,-4.784860903875225,-5.595001613084603,-5.563393951181667,-5.668296513815904,-5.564249357333861,-5.576009009918,-5.566516066192962,-5.64452668901363,-5.553136106038626,-5.593141130393752,-5.594653475994988,-5.595477106425426,-5.595001793540072,-5.594995078318348,-5.594696779842235
2015-05-05,-4.088550571048294,-4.936068883582608,-4.982344033273741,-4.996680829762783,-4.892579733521394,-4.9272208452970165,-5.030951490185126,-4.974460263435989,-4.924891280863743,-4.942151330707164,-4.944861269641898,-4.9392154076103765,-4.944783125951202,-4.9449180320064885,-4.94494008071483
2015-05-06,-4.697414366043205,-4.546507713434193,-4.582560717764144,-4.595252527483256,-4.5292311687993445,-4.531321811617146,-4.618073174319743,-4.575519994463765,-4.539242662242647,-4.542644287110067,-4.552204781024459,-4.548515671031316,-4.552327618624021,-4.552011123999679,-4.552261744622294
2015-05-07,-6.061816950974302,-4.852526046365086,-4.951453051986973,-4.903339422039674,-4.795231496086887,-4.84569858698983,-4.995784169426768,-4.889550708141836,-4.825956500347014,-4.867095455630449,-4.863713194586926,-4.858440416717742,-4.863580619351968,-4.863513767477689,-4.86379477543328
2015-05-08,-5.402271473458137,-5.539193044311446,-5.512879910426328,-5.591694066850428,-5.495208098445155,-5.531599721310906,-5.508536343411088,-5.5985641931420655,-5.4762978838362875,-5.5732374321555715,-5.537812649487692,-5.538960955661061,-5.53825477338612,-5.537956834093422,-5.537827496574279
2015-05-11,-4.4420307032800395,-5.214954268004998,-5.312846978466571,-5.2616624292701415,-5.186613980105995,-5.21637896022527,-5.380547934843698,-5.26814369440562,-5.198444425030081,-5.2274995195168765,-5.228827628387653,-5.222403946150303,-5.228722575756468,-5.228956186994738,-5.22888602265901
2015-05-12,-5.069243132110437,-4.724761095077154,-4.825517628785348,-4.764205050072178,-4.713994168130193,-4.754625652814574,-4.925994883473405,-4.755303863380404,-4.75954569506006,-4.7601379088064615,-4.739730026414296,-4.731971598103913,-4.739624862539551,-4.739726576512305,-4.739791493640804
2015-05-13,-6.049441369877734,-5.081615739825119,-5.166562175280687,-5.117862406300167,-5.05737866609101,-5.0991929736993855,-5.256271768657399,-5.106394555190854,-5.080055677513177,-5.116176598857658,-5.094587940821565,-5.088067769223537,-5.094407087109617,-5.094659468635914,-5.094643826187946
2015-05-14,-6.007483188455176,-5.6012362880543325,-5.614985917260418,-5.651408607909225,-5.570504971098168,-5.584549882200031,-5.66482305422116,-5.642873183030946,-5.579808316872025,-5.6339895808382,-5.6065032796437535,-5.603770138036641,-5.606807742309894,-5.606637331161543,-5.606527244043714
2015-05-15,-6.515869441700619,-5.579817386985029,-5.597184233776807,-5.612713389015275,-5.543801108093372,-5.553204739688058,-5.615876691593779,-5.617764141202966,-5.537031674238721,-5.5900495338999985,-5.58278602494539,-5.581883178044812,-5.582863907664664,-5.582932251358416,-5.582812073893775
2015-05-18,-6.057775960703433,-5.852873551730023,-5.865643326937024,-5.898283468244024,-5.828587469847983,-5.840274710472119,-5.89514552292986,-5.893062622493925,-5.820563928904668,-5.844951835708282,-5.857153153268551,-5.8548446266422545,-5.857029914704017,-5.857314257342923,-5.857168383293507
2015-05-19,-5.337450447150924,-5.778331394798473,-5.769928644887166,-5.813165555735346,-5.760819883076681,-5.770375378509246,-5.770239257559962,-5.815380484640826,-5.796428893229117,-5.791217692905498,-5.778509908631911,-5.7785719845887655,-5.778882538733663,-5.778635785613107,-5.778530015593247
2015-05-20,-6.327044845926307,-5.467176731364648,-5.530451917947382,-5.520792474761415,-5.441027019122923,-5.465976461459595,-5.578922608133795,-5.52513412490203,-5.455232314484735,-5.480945221368301,-5.477214956556628,-5.472967006602147,-5.4774938273081855,-5.47740497902442,-5.477260331194639
2015-05-21,-6.2481643032894745,-5.945998816743234,-5.917989504330194,-5.98639317855522,-5.927968813948507,-5.93626498533067,-5.94491302790712,-5.992259905041967,-5.929345130434112,-5.952686954754283,-5.947785753876708,-5.948001262610852,-5.947980717778537,-5.947993949353119,-5.947802889777087
2015-05-22,-5.45189551129464,-5.927215716919989,-5.944475848082996,-5.969866569323667,-5.902954015549793,-5.923783194966324,-5.991704645938964,-5.9762974435539755,-5.899839135442868,-5.9449063258567,-5.932568655656238,-5.928773294460159,-5.932575682000783,-5.932796048129622,-5.9325972917968794
2015-05-26,-5.491579352911457,-5.50652657199824,-5.553294333666844,-5.543159297798125,-5.485136365095848,-5.506269610338099,-5.589020941936243,-5.554375914534235,-5.478088369598238,-5.51129957964363,-5.514072050436792,-5.510430073007095,-5.514013604982184,-5.514270532478106,-5.514109546414509
2015-05-27,-5.240695690465536,-5.493550507707961,-5.559046547947971,-5.533658536321398,-5.4564087817932725,-5.467917315282853,-5.597498707626078,-5.537528648421517,-5.434622213237775,-5.5134370300523825,-5.501518422074302,-5.496759832510594,-5.5016134810429556,-5.501747428131355,-5.501553566674628
2015-05-28,-4.9064101186414515,-5.367030841090336,-5.461223541952619,-5.401651784183106,-5.340647256785631,-5.371004234778975,-5.522256143738014,-5.40458212799958,-5.3422182555130115,-5.387880605187673,-5.379475291766938,-5.374579277616396,-5.379447224856124,-5.379636781607134,-5.379526148311402
2015-05-29,-4.843149617551246,-5.137354434407262,-5.219445912318989,-5.180663992113513,-5.124165222527735,-5.158195403943917,-5.255457023511563,-5.191601842346444,-5.126212472977271,-5.1406321470429726,-5.148714987487142,-5.144509955670891,-5.1488862335408,-5.148690025229107,-5.148752221057494
2015-06-01,-5.0048309513672855,-5.0503826443690665,-5.105725557338683,-5.084106675578406,-5.04665876410105,-5.0751722866857545,-5.1586264615245945,-5.084024358570603,-5.071350090039124,-5.0673125502822005,-5.058459022040373,-5.054418584093552,-5.058729063362185,-5.058425085887388,-5.058492836841633
2015-06-02,-5.570391753133892,-5.112211361795859,-5.20174732008575,-5.155171868467549,-5.090435762724591,-5.125420519964623,-5.272389928846032,-5.158235447728736,-5.106245016129517,-5.140545972526005,-5.124991325806754,-5.117717589951063,-5.124885722422036,-5.125048827490096,-5.1250469902957105
2015-06-03,-4.449831638586859,-5.379708820737337,-5.4430523846498575,-5.412249161525371,-5.354597063243182,-5.385238762104145,-5.49990875758598,-5.419727042796692,-5.377603322456852,-5.412442386861044,-5.388204124974978,-5.382987863847127,-5.388084888960273,-5.388333500283045,-5.3882526121457675
2015-06-04,-4.909562593545999,-4.797232336360209,-4.937292056483164,-4.830521656509367,-4.7801025189016935,-4.824746636092493,-5.040349700331003,-4.833274249162043,-4.812745636386584,-4.8299021695233755,-4.816348578072658,-4.808676553997467,-4.816266138384809,-4.816319901964633,-4.816420938104539
2015-06-05,-5.6165873362275365,-5.012041045919681,-5.09500003514457,-5.058801057499042,-4.974681955856929,-5.020885088466922,-5.182609996269673,-5.069134871779272,-4.979459213933466,-5.040628416564661,-5.0256673555063,-5.018051838592225,-5.025527055992266,-5.025706977786461,-5.025733324404455
2015-06-08,-5.038304795352383,-5.39072873029037,-5.494636127937361,-5.426068444968051,-5.360569478425808,-5.396582983364034,-5.573245591799486,-5.437148716523265,-5.378255629611066,-5.41152192370329,-5.403862260206382,-5.395707415269227,-5.403608907586946,-5.403981950194634,-5.403921560426447
2015-06-09,-5.42217535324424,-5.128620699873118,-5.2676062372588595,-5.153852589351468,-5.099278823366079,-5.119949934303507,-5.348530944517249,-5.158014675005965,-5.089198712729679,-5.136311561510134,-5.143715515477312,-5.1369053916464065,-5.144017302117665,-5.143794335508322,-5.1437771209487835
2015-06-10,-5.724904029750061,-5.296257068678704,-5.3894116502031055,-5.319987412765027,-5.280902111631952,-5.318918558989844,-5.455879249684535,-5.319044705063038,-5.281209816857359,-5.313533622177932,-5.308464711308509,-5.303754926290856,-5.308402803033129,-5.308523103250548,-5.308503489354761
2015-06-11,-5.1943297257416,-5.516032928275504,-5.613156684155266,-5.5442405657179705,-5.490298371457662,-5.515702629330087,-5.673553018666098,-5.555924168519403,-5.483244013666868,-5.518970616848064,-5.528212233561201,-5.521485687128655,-5.528375088032039,-5.528378285815876,-5.528270405994745
2015-06-12,-4.713592817676492,-5.30101048714463,-5.441080939411815,-5.317113275476544,-5.289831768064848,-5.313677787410786,-5.540092167004048,-5.312892915067007,-5.291863859381251,-5.3095285830301675,-5.318393153480463,-5.309543409187803,-5.318339551426542,-5.318491973869862,-5.318451158690665
2015-06-15,-5.465896458335828,-5.018560624429134,-5.152494540127253,-5.037206044255197,-4.996947294626705,-5.03016294151437,-5.236451540525292,-5.031458561593029,-5.004412143298941,-5.042112927773225,-5.034794748517226,-5.028589661837984,-5.035322932872534,-5.034679151443133,-5.034844733271074
2015-06-16,-4.617714329850058,-5.385809115302375,-5.4418521130354405,-5.416045752792493,-5.3823085649220275,-5.413921310545547,-5.5140079500239185,-5.420084411657441,-5.402726684021761,-5.407983086831346,-5.395425359242923,-5.389625222167862,-5.3953758152236055,-5.395424997392246,-5.395472326720714
2015-06-17,-5.489293278791908,-4.933053567382703,-5.019446565908235,-4.975802065350797,-4.917216912726585,-4.96482667540492,-5.097956574291147,-4.982138200622538,-4.938424710263605,-4.959829071507471,-4.947362242850608,-4.940701005614068,-4.947314123176358,-4.947280850550278,-4.9474202232924736
2015-06-18,-6.022924932504307,-5.323279166585933,-5.353377869788835,-5.36039030056209,-5.29510640381226,-5.342486116593317,-5.417378018402733,-5.36331816392322,-5.305839602445273,-5.343344493519474,-5.330352723982557,-5.325430644815465,-5.330651052330091,-5.330346046120946,-5.330405203075646
2015-06-19,-5.965666941838009,-5.596460709731877,-5.631799052802755,-5.637071921507012,-5.568668007239442,-5.60657898819013,-5.691801030122652,-5.639109410311452,-5.575273207880014,-5.609194787499238,-5.603238251268964,-5.599272664707568,-5.60332468991953,-5.603363296220767,-5.6032746564760085
2015-06-22,-6.063688882383666,-5.640608102444246,-5.734357310763121,-5.677703990704331,-5.613418591974812,-5.652369607095289,-5.8107811572334915,-5.677575223765972,-5.609530296889836,-5.663351457666931,-5.653225233582965,-5.6469226327174695,-5.653139887218656,-5.653400327589587,-5.653274149923854
2015-06-23,-5.583151837562051,-5.708867360516767,-5.7803243040748296,-5.747161468059588,-5.680601049155677,-5.725388067368598,-5.849973127944585,-5.74712091735461,-5.681432971681502,-5.732866866733178,-5.720619461642581,-5.714030412149196,-5.720548205775433,-5.720930817152759,-5.720668080206926
2015-06-24,-5.449778335318765,-5.57355131452791,-5.656900609204796,-5.605679835652023,-5.553161337807391,-5.589557325377481,-5.694561471182725,-5.613819790381043,-5.560484172611222,-5.5854638634648905,-5.583675674183508,-5.57969181101138,-5.583950962818695,-5.583855103239402,-5.583710029171139
2015-06-25,-4.969024222227488,-5.509396129080432,-5.576917011785152,-5.539759698848773,-5.492464684343142,-5.54310132321622,-5.62140302715633,-5.544069008551109,-5.488194056004168,-5.5449930149240565,-5.519483600187044,-5.514648068971606,-5.520110414359417,-5.519556641515267,-5.519516242990955
2015-06-26,-4.753785819273112,-5.213422673271306,-5.321794507538572,-5.251755865147169,-5.200179481725671,-5.229949568779468,-5.376329036624574,-5.256472039823525,-5.19697423665222,-5.231129355610371,-5.227047571757445,-5.220027494206997,-5.22722009164735,-5.227006129367851,-5.227092914946169
2015-06-29,-4.51731249160228,-5.037723340531225,-5.114705662941783,-5.065663499286051,-5.023590915616305,-5.058454590002107,-5.162282160737144,-5.070514829844449,-5.028235876044865,-5.055245585391438,-5.048283991122218,-5.042431228886264,-5.048398749375232,-5.048065403780337,-5.048311541026166
2015-06-30,-5.072308119434766,-4.846252869328558,-4.908455016306999,-4.8767188711250835,-4.850780272928898,-4.870483656331971,-4.97872530040413,-4.886399351317662,-4.851475429644049,-4.860766447693086,-4.856504021206781,-4.8506811942099315,-4.856485177768741,-4.856348459476229,-4.856550208820482
2015-07-01,-5.764623663589819,-5.087412654826425,-5.143728493186671,-5.118458923634516,-5.068651364386413,-5.093474799961651,-5.172523731169012,-5.1114519235936235,-5.045981628524946,-5.098539711834534,-5.094296496224125,-5.091652054940278,-5.0947436700060305,-5.094290451068587,-5.0943149368005916
2015-07-02,-4.838070034338283,-5.422979138845747,-5.4573120601643845,-5.4588038744797265,-5.40549572128155,-5.444115080517066,-5.503599484683146,-5.4627289700590556,-5.4052994849826765,-5.445285139276101,-5.431052109890312,-5.425451660826032,-5.431029492412133,-5.431160902634481,-5.431084141815182
2015-07-06,-3.9559633354276036,-4.979982894497319,-5.074442381877515,-5.013933129202721,-4.9526038313098955,-4.9814731174696405,-5.142305333441258,-5.00913110985213,-4.926448675438336,-4.993848885822007,-4.991490999401652,-4.987455588307661,-4.991720545829941,-4.991503321726599,-4.991532426226424
2015-07-07,-4.024517149227741,-4.493958636855579,-4.5022617340273765,-4.535232369641276,-4.461277964801525,-4.480646926104088,-4.5088585484732695,-4.547196287800018,-4.443280338253788,-4.507778490905669,-4.496260267116446,-4.494991255933606,-4.496329348896796,-4.496160427676858,-4.496281207119205
2015-07-08,-4.700288206004954,-4.475549993676246,-4.54834764811004,-4.511779808329476,-4.442324323116887,-4.45901549020459,-4.588775742293233,-4.5239518607114535,-4.4166234455438795,-4.477307969007799,-4.484547365419954,-4.480032532988389,-4.484626942372493,-4.4843443763576,-4.484590604201376
2015-07-09,-5.266024402192121,-4.7695755143172365,-4.861218104225813,-4.802412920179841,-4.744176266892024,-4.767984798134503,-4.925311351950961,-4.812506385703679,-4.742295154371126,-4.774342835715855,-4.781504900687838,-4.77542203224025,-4.781468173848142,-4.781314860625649,-4.781553852432765
2015-07-10,-5.90591849033108,-5.0253270728631465,-5.131070536031639,-5.067289633148143,-4.974815627743825,-5.026707718366695,-5.1908632940946875,-5.0915386789570585,-4.9580474197460145,-5.028678571339228,-5.040004965034179,-5.033934074230725,-5.040124695213846,-5.039979601239635,-5.040065458792421
2015-07-13,-6.6326024576079625,-5.351251488419714,-5.415401654127385,-5.383975205313758,-5.298858582802981,-5.341638579856553,-5.4464007241414905,-5.387799453907668,-5.274018088324374,-5.362169828112,-5.358687039500741,-5.355907395093407,-5.35865703379923,-5.358824016299744,-5.358715352734079
2015-07-14,-5.623901228277244,-5.806176917377438,-5.806158178459821,-5.856564680526827,-5.76408145334917,-5.787784604466941,-5.809853638141008,-5.86995451663191,-5.724529757871912,-5.811154821187954,-5.808370442756305,-5.80701249035074,-5.8085120180832375,-5.808613329001498,-5.808389360091228
2015-07-15,-6.346824771055448,-5.4600700930980635,-5.510823538901901,-5.498669613952221,-5.41425318984284,-5.4297916008591285,-5.532563633399307,-5.505759800880417,-5.370917102526906,-5.463930282781521,-5.465825475201803,-5.46509027890284,-5.465945508101816,-5.466082569500254,-5.465859265507571
2015-07-16,-6.5639688692191545,-5.914012761694533,-5.888343967394924,-5.955275618921565,-5.8776369045375425,-5.8856270541923275,-5.868175989135967,-5.969008373305898,-5.834991613359925,-5.919606079800296,-5.911883747800098,-5.914930807810044,-5.912160105052248,-5.91213072683962,-5.91189342712307
2015-07-17,-6.044314512349484,-6.098789152485087,-6.041200177436817,-6.146994114863081,-6.064208300901482,-6.05603413623744,-6.023509709104273,-6.155544895646046,-6.0358083937400755,-6.093934449555323,-6.095268898230139,-6.09897508224044,-6.095393623928376,-6.09563708155781,-6.095277987833838
2015-07-20,-5.8136658264189025,-5.872954885723005,-5.865013037901735,-5.924280794857516,-5.838725498792909,-5.845628183048549,-5.863369650471045,-5.928311592673018,-5.829190934789096,-5.872037439854561,-5.8735787276699725,-5.87503512008624,-5.8737500571963075,-5.873878007840045,-5.873599678027714
2015-07-21,-5.7141491502588275,-5.727879004518384,-5.690570071528576,-5.772056776201639,-5.6960320509899205,-5.699506657552719,-5.683822866067893,-5.778227908019274,-5.675323711028844,-5.71650864325999,-5.724561288563903,-5.728426653151326,-5.724743909120746,-5.724826593551299,-5.724567224128893
2015-07-22,-5.339635804846592,-5.686657557398827,-5.641323188539384,-5.7328294766974865,-5.649893791706513,-5.667397338255462,-5.626104877598458,-5.741122534429741,-5.6549104806500665,-5.680835063757304,-5.682361781166649,-5.686926507547583,-5.682835760931516,-5.682722016077399,-5.682388611006849
2015-07-23,-5.235632825778702,-5.447671377318188,-5.40182244453424,-5.493826706448017,-5.410133406383953,-5.4288590970459465,-5.408788661847663,-5.501879819129931,-5.383355653778966,-5.441309655458443,-5.444942272692847,-5.44782359211598,-5.445010210638457,-5.445217011344266,-5.444970632649963
2015-07-24,-4.769087933007079,-5.3344632507366025,-5.286513826787923,-5.380548308583688,-5.312421076902657,-5.3241261511176265,-5.317985170717931,-5.388475066073712,-5.308081301780883,-5.319209568532624,-5.332668143809846,-5.3347291659416545,-5.3329316073877155,-5.332829795973869,-5.332693980565661
2015-07-27,-5.096413543303628,-5.035867084072085,-5.050629474763827,-5.083252917759755,-5.0077524686693335,-5.016324764702677,-5.078424830918073,-5.085144611774728,-4.99781670898122,-5.0329769662328365,-5.040166541378674,-5.03814416191061,-5.04023953284356,-5.040230250180139,-5.04020477170396
2015-07-28,-4.990909942113267,-5.157790720967283,-5.134104792034463,-5.203144775423864,-5.108106007320599,-5.116883995766718,-5.125918639620731,-5.196923809752903,-5.059410052109007,-5.1525884906897215,-5.154206370946351,-5.157666626568815,-5.154449972183013,-5.154286401258937,-5.154216466513622
2015-07-29,-4.951551959567809,-5.078314440464214,-5.030656818328665,-5.128822281023766,-5.029468095594247,-5.06399404624874,-4.999165004006161,-5.130466034356599,-5.009575175609227,-5.084762072397118,-5.073581980956488,-5.078904189169607,-5.0740787507968435,-5.0736658250647455,-5.0735935313386245
2015-07-30,-5.585184152335346,-5.043971412912203,-5.049831414620168,-5.106931626171336,-5.008791885004958,-5.025249457435135,-5.063919115307449,-5.103773911905278,-4.970513684812201,-5.046737022686217,-5.048331240845128,-5.046587818594657,-5.048408246337653,-5.04840072309143,-5.048359277340328
2015-07-31,-5.029822443047862,-5.36470814499662,-5.344517007049125,-5.417945423081677,-5.322460370778402,-5.348153889574568,-5.3385065282924336,-5.415134092768001,-5.293120376550552,-5.375992061673754,-5.364044159937163,-5.365540528416756,-5.364277937862797,-5.364301752002784,-5.364054722301493
2015-08-03,-5.033918145098105,-5.1179566399362315,-5.08625284179872,-5.167995173318162,-5.074117737988107,-5.087434842656027,-5.0925249036697355,-5.166355844886549,-5.031486417845168,-5.107506633586008,-5.115924753750369,-5.117978745305315,-5.115949040802926,-5.116031036075406,-5.115943162776764
2015-08-04,-5.498253665018478,-5.111913038194765,-5.05647630077427,-5.157459808175662,-5.073083673849559,-5.083225319962174,-5.02642149568833,-5.150773472678419,-5.044469980178653,-5.09279425419013,-5.106468665680445,-5.1119644396198325,-5.107116330776657,-5.106482326962916,-5.106459440730683
2015-08-05,-4.956966618230717,-5.35968119397646,-5.276802593357773,-5.416515543071988,-5.310681230874033,-5.3251631784787845,-5.227741677910546,-5.412382916482602,-5.268128695548278,-5.339654856482188,-5.350471130909916,-5.358639435628185,-5.35076429487451,-5.350726009970169,-5.350464763596787
2015-08-06,-5.045106721901337,-5.12155994011412,-5.0728922047528355,-5.184696157625212,-5.055293507567514,-5.087069716645582,-5.032058571447801,-5.181427273358913,-4.993892780514383,-5.10807667524829,-5.116655554704338,-5.121357712096165,-5.117328215282031,-5.116727926747344,-5.11667485342803
2015-08-07,-6.133372414400324,-5.15766678000127,-5.114026941498237,-5.21896476409725,-5.10647849532578,-5.144438971039853,-5.119190811028815,-5.225627666320076,-5.075326745881708,-5.155323464372931,-5.1562916320133665,-5.158645750801313,-5.156751752683924,-5.156344872695413,-5.156323357573777
2015-08-10,-4.927614593581442,-5.722591478498948,-5.63069697458669,-5.794520498373823,-5.669653953255198,-5.701973648131848,-5.598611770612163,-5.799228541957688,-5.628690075602219,-5.715598245084622,-5.715020071624028,-5.721196453880609,-5.715286841577063,-5.715454156945552,-5.715023742469801
2015-08-11,-4.280830285974265,-5.14295492555979,-5.125079572186002,-5.203875935684278,-5.082717170620288,-5.119493493758425,-5.127886236456215,-5.212979651901121,-5.0604211984346525,-5.1308768583664595,-5.143947402405282,-5.145242673475447,-5.144215718608401,-5.143994468472497,-5.143973604396612
2015-08-12,-4.635487530473319,-4.737939137553422,-4.66115789000627,-4.78182494275889,-4.68544718323006,-4.711337293908172,-4.628133878919738,-4.786598642537167,-4.6677946062682905,-4.719803166421572,-4.729985895466845,-4.737211641137419,-4.730344522704388,-4.729749090148324,-4.7299921746735984
2015-08-13,-5.593308431773747,-4.8756123911001525,-4.884264038496471,-4.91813717329078,-4.823748993215609,-4.8556147136965295,-4.90516625247644,-4.9233307751676865,-4.805849557326785,-4.866887890803843,-4.877851440716314,-4.876573189146671,-4.878068408340245,-4.877661240492439,-4.877886816104703
2015-08-14,-5.483643828244372,-5.349169366648354,-5.349308008649248,-5.400664035885154,-5.3033151262098075,-5.338632559592429,-5.3522543420137305,-5.402741994297522,-5.294091878667051,-5.34690285611218,-5.349378796058314,-5.350033896174573,-5.350064367485911,-5.349367158667372,-5.34940302437715
2015-08-17,-5.429739565240228,-5.28093286980826,-5.286282851721718,-5.317817027163484,-5.242781896987006,-5.271092083623742,-5.3149146241539675,-5.321764923374552,-5.22839667482933,-5.279685180629123,-5.281631110696625,-5.280930783568034,-5.281514696377834,-5.281695902595114,-5.281664238214121
2015-08-18,-4.247765675679738,-5.270730675875806,-5.361555409155119,-5.304596342463474,-5.234915497406454,-5.2542795569951695,-5.409208584875562,-5.298148653801646,-5.221421576356151,-5.2568374311790445,-5.281493611023933,-5.2762002485201,-5.281510624749167,-5.281636946661483,-5.281547235423498
2015-08-19,-3.8913717193732884,-4.69018537116618,-4.712748698224284,-4.731147605402021,-4.659229992584689,-4.680172835091675,-4.745614749152312,-4.733958898220716,-4.629101029421641,-4.6910451114632625,-4.6939248454769285,-4.691341584801199,-4.694133394169086,-4.6938351958093385,-4.693956699875272
2015-08-20,-3.214202301743895,-4.433040419110378,-4.503473557821879,-4.468590740335636,-4.397252512252594,-4.414958752995931,-4.540427906800625,-4.478888927419514,-4.367179418561158,-4.425844982382288,-4.441998681594429,-4.437765349554198,-4.44209043278812,-4.441725439939426,-4.442054534708977
2015-08-21,-1.335298392689135,-3.9258521647683287,-3.9265347498044614,-3.9536574582205186,-3.9311659973995217,-3.905486774240118,-3.943301161432784,-3.951181801350745,-3.9185988785414576,-3.900239632989696,-3.9268522476803978,-3.9261099261734254,-3.9268771343069595,-3.9266125705426385,-3.926873309509622
2015-08-24,-2.2879214953195555,-2.5049863291531342,-2.1097267848251806,-2.557004712398362,-2.580184969256265,-2.518871593155723,-1.9049487186494687,-2.562163436143069,-2.608842857933061,-2.4773473664963164,-2.4668197745772633,-2.470358605682658,-2.468228922359352,-2.466824492834184,-2.466741502365358
2015-08-25,-2.4290022208953106,-2.873560527747616,-2.898570511504948,-2.9140386438089942,-2.9095799626494534,-2.8869157256799998,-2.9379749271655853,-2.916436178041702,-2.9259564558223423,-2.8554718449603027,-2.88105369859306,-2.8767202880653953,-2.8811113303099183,-2.880826343996782,-2.8810887508124994
2015-08-26,-2.9734834187865937,-2.87897656890286,-2.832799894158641,-2.9150532077221207,-2.907167605563295,-2.8753425306638287,-2.8131912087218787,-2.910903010164838,-2.9328197527613313,-2.865269614265874,-2.876079736304719,-2.87768239325729,-2.876449929981986,-2.875907085539538,-2.8760941924709273
2015-08-27,-3.7047456560490986,-3.12136332891848,-3.165241953947814,-3.1597936530783963,-3.1201656143211762,-3.105145908197014,-3.181627521106026,-3.1601139460219256,-3.113655808080201,-3.0854219039885553,-3.1282434076806855,-3.1237966158777315,-3.1283389581522827,-3.127978468303944,-3.1282792063186826
2015-08-28,-3.9187677947007606,-3.489875892762002,-3.640474404270351,-3.5350507353598157,-3.426742119547245,-3.4477519189791965,-3.6842584108217578,-3.5408481222911083,-3.3881357916037715,-3.456031777866699,-3.506652547416909,-3.5015347567863735,-3.506716684004364,-3.5064419265180486,-3.506720334540482
2015-08-31,-3.1712227953862206,-3.7507255536702546,-3.8365385799147624,-3.8005857018204265,-3.7051851175862285,-3.716169589097462,-3.8668570320218123,-3.806572801301392,-3.6841668586219813,-3.722227129731566,-3.761633885993583,-3.7566855914959234,-3.761735059936984,-3.7615676152741546,-3.7616965416566415
2015-09-01,-3.5689215009743958,-3.4269610569145446,-3.521631203552596,-3.469936115040933,-3.402074680374313,-3.4070626762441294,-3.556639487552526,-3.4771616849829043,-3.383328804073942,-3.403043545760843,-3.439230367010845,-3.432941256035914,-3.4393390754959743,-3.4390802933820317,-3.439284248854847
2015-09-02,-3.8466749627018046,-3.6960680823303016,-3.7827612909766604,-3.739538225903713,-3.6576803905354818,-3.6689393055541877,-3.803397660733879,-3.7468386582850073,-3.6481873454089166,-3.6675623515577223,-3.707355087407934,-3.7024089443277775,-3.7075949961087864,-3.70725568399414,-3.707413497956461
2015-09-03,-3.9256328109385996,-3.877760617261287,-4.015771812894419,-3.9141016170823377,-3.8568516723829602,-3.859949312703847,-4.070614899520551,-3.9169880210559773,-3.840150324553675,-3.8499960504320847,-3.894072618481736,-3.8860668839218224,-3.8942069435572413,-3.8940297727063107,-3.8941378644572002
2015-09-04,-4.548442543322619,-3.9207227244530523,-4.075599988014858,-3.955151555990561,-3.924330914397915,-3.9227904660281245,-4.1625449983784435,-3.957194643611268,-3.9280695533424255,-3.897876200289894,-3.9411928577819544,-3.9352489253508134,-3.941058326733151,-3.9411521073028206,-3.9412625570918896
2015-09-08,-3.7648219846603923,-4.246631991730909,-4.407617774757152,-4.2883583599887025,-4.227636202659983,-4.236575546555879,-4.487596745695466,-4.295489628931169,-4.234465842314008,-4.239724784889959,-4.267070867793692,-4.258749157983036,-4.2670615874087785,-4.267146747458404,-4.267145890701349
2015-09-09,-3.662031794128421,-3.897312119245964,-4.052881703527322,-3.9337285372689723,-3.8819093381552503,-3.8720073895964124,-4.111119790100767,-3.939045491158666,-3.88282585002454,-3.8685769836420403,-3.916488386126869,-3.9084260301808373,-3.91660223958157,-3.9164737645204077,-3.9165526411634133
2015-09-10,-4.360290406146518,-3.8461115982858534,-4.020636160071196,-3.8839007363159634,-3.822258220933365,-3.8212330477843466,-4.1097721657205035,-3.8852431397504112,-3.7926217627013092,-3.824002586667456,-3.866916160284178,-3.8573998627828434,-3.867011292084851,-3.866847165988369,-3.866994793214721
2015-09-11,-4.646289325191219,-4.212313763512855,-4.376271094156615,-4.249229293702539,-4.1868479424476615,-4.19206969719012,-4.4499518578578385,-4.25431582395884,-4.166608062734599,-4.200284983368656,-4.231588902496432,-4.22460371141988,-4.231624542747434,-4.23170195504206,-4.231662868276672
2015-09-14,-4.874361993652175,-4.382617252674796,-4.588747802839183,-4.420617293493013,-4.368197733023302,-4.366991904252942,-4.697208920313902,-4.424543168356838,-4.361462970288147,-4.370180237558181,-4.408687007880309,-4.398637356052916,-4.40866510397412,-4.408988088903471,-4.408775313640691
2015-09-15,-4.8468966843988195,-4.507224209985363,-4.640459824591899,-4.550191378018593,-4.481086310722221,-4.488762471623103,-4.712194215139312,-4.554919810311708,-4.476709760523828,-4.502086525852908,-4.524754252524539,-4.516367383496195,-4.524835380486258,-4.525189643882908,-4.524829078832436
2015-09-16,-3.209133811929684,-4.548994564948551,-4.671465246863366,-4.596549988862262,-4.525927120910712,-4.53630926294964,-4.736595937266006,-4.594075837795097,-4.502229109687035,-4.542164274776437,-4.56554809749508,-4.557790121809772,-4.565617798657505,-4.566009229540735,-4.565610915989263
2015-09-17,-3.714547779012962,-3.6775252724788485,-3.7137455888301005,-3.711862421698346,-3.6850420714059173,-3.6868924702159065,-3.779674544282098,-3.719935765275113,-3.6761296487230832,-3.6631045979684345,-3.6869272494568133,-3.6806880400325213,-3.6870732519347906,-3.6869995595127887,-3.6869942594295724
2015-09-18,-4.032514950412323,-3.8889917730232515,-4.01068864725212,-3.927011875634614,-3.906012267416639,-3.8986859517777384,-4.117421750595973,-3.930716911138322,-3.902876613986289,-3.8765769013354703,-3.9089741949347094,-3.9033202406726586,-3.9089207067175558,-3.909122999068028,-3.9090674831227026
2015-09-21,-4.178164952748012,-4.023351573984882,-4.146563827662842,-4.053392069634627,-4.018593696691709,-4.013062563234196,-4.218333781458935,-4.0556206369127645,-3.9870734002312926,-4.013017369795453,-4.039433313059337,-4.031308499144342,-4.039709238223227,-4.039630311606563,-4.0395153755566735
2015-09-22,-4.175057368404533,-4.077527952368403,-4.179440729816184,-4.1161910744632095,-4.071068872679579,-4.065565813881196,-4.240775480945042,-4.113753504887079,-4.050705598327216,-4.074197975134299,-4.092107025510926,-4.085442092040816,-4.092127910871597,-4.092281411066618,-4.092176061346856
2015-09-23,-3.7746699501552787,-4.066401408271905,-4.2165448591656105,-4.099757837440079,-4.051799856920881,-4.052062802945479,-4.291459601510178,-4.0975606908158655,-4.040992066404324,-4.04785689484065,-4.085789356647362,-4.077555786147239,-4.085748476013647,-4.0860692527369045,-4.085865235001709
2015-09-24,-4.002234722058715,-3.96197398176371,-4.037205444744488,-3.994490513556852,-3.9385907784542162,-3.939148408471163,-4.072908128604276,-3.9896167802324993,-3.913027974178615,-3.9482386034435097,-3.9722660200651334,-3.967058962456297,-3.9723728112453087,-3.9723990627092416,-3.972308851825146
2015-09-25,-3.7562127567263914,-4.112117097690798,-4.2126129480576004,-4.147687559873103,-4.121095998776454,-4.113230885258669,-4.266320085914678,-4.1437783113578135,-4.11498565193599,-4.1012038151380175,-4.126916039234748,-4.119832159822301,-4.12689353549816,-4.127063264349399,-4.126967806624029
2015-09-28,-3.2993146380574783,-3.9959090373211494,-4.088079103240552,-4.0286788906094175,-4.019633836675792,-3.985482897858263,-4.132301222278723,-4.01802039101226,-3.99915243583761,-3.977487866457597,-4.009035651131702,-4.001356417055558,-4.008904691659202,-4.008972759350885,-4.009072486332352
2015-09-29,-3.868756876683832,-3.724729176876246,-3.783604539996922,-3.7543660119768,-3.734382451946975,-3.705206828118809,-3.80450160514176,-3.745233563578165,-3.711481071706057,-3.706343087516205,-3.7323619146526013,-3.728948922252455,-3.732446572285804,-3.7320606359059054,-3.732392729889414
2015-09-30,-3.52333707359781,-3.995584682759704,-4.040305884778939,-4.024342146325359,-3.9807061655590914,-3.967821281067113,-4.04149984090795,-4.01848843351145,-3.9505909608962293,-3.968053087333481,-4.000170035629574,-3.997701744307071,-4.000848013688546,-4.000069201048902,-4.000206204345679
2015-10-01,-3.589622609603604,-3.8089959072013064,-3.8299359139527223,-3.837194313936261,-3.798588247102849,-3.7827576766150974,-3.830857496444627,-3.8359843337873034,-3.7657300163913394,-3.7854259125397376,-3.81181956242686,-3.8111376713349454,-3.811956693143954,-3.8116114527486413,-3.811864837546999
2015-10-02,-4.9995733039650965,-3.8301771991328404,-3.869238630598896,-3.855443926593857,-3.8044488228298463,-3.8063048610311183,-3.8918445077686443,-3.858049580252347,-3.786955726690714,-3.809098220476782,-3.834973044089795,-3.8320026963019087,-3.8350832145802816,-3.8346324897844304,-3.835031042474121
2015-10-05,-4.226803554734608,-4.562694075688353,-4.540194113126694,-4.598217511110278,-4.512209034128393,-4.530226985199949,-4.505610486978302,-4.602262885359022,-4.481494672681209,-4.5367172172617725,-4.558898224724285,-4.562937694726203,-4.559299715502965,-4.559199495875015,-4.558946867558384
2015-10-06,-4.0881512494275,-4.235232862011935,-4.3014237873282815,-4.271901032686786,-4.174408033326159,-4.19619690322865,-4.3023563779934095,-4.271962162339404,-4.125127085863585,-4.213459501929158,-4.242248137438039,-4.2404161501705175,-4.242524780299924,-4.242467893585304,-4.242328275948703
2015-10-07,-4.392160951516835,-4.177828618078146,-4.124816121467985,-4.2165247192765705,-4.110942566731901,-4.138127981115408,-4.072228479364006,-4.21561546162674,-4.055826199307087,-4.171811858710009,-4.169382865112251,-4.176245006717725,-4.1698886020976,-4.169636209146197,-4.169431082192133
2015-10-08,-4.671573649725136,-4.374570658210877,-4.418167109452369,-4.407534303204891,-4.334967680394373,-4.348747919748076,-4.427836764843388,-4.410525151349478,-4.320279036165721,-4.357654569929972,-4.38006675313133,-4.3773187485296265,-4.380125568461228,-4.380365394191751,-4.380130032714174
2015-10-09,-5.520543182070937,-4.582549248109191,-4.632395974200116,-4.612056320128477,-4.538210133892599,-4.555374612533651,-4.641670867219446,-4.617177836668991,-4.510210726529592,-4.57597053177045,-4.587406034087341,-4.585800621211117,-4.587553541480312,-4.587874819458995,-4.58746072847332
2015-10-12,-5.027865340532358,-5.019499109811739,-5.04779236946772,-5.05592353610801,-4.987229024400567,-4.993865110612605,-5.06180144425609,-5.058980326544361,-4.969703481389117,-5.001264185960071,-5.023997633521826,-5.0224034363584495,-5.024158459414813,-5.024648103172246,-5.024059222844298
2015-10-13,-4.281229572892851,-4.817842006722657,-4.86790872398701,-4.852337100843865,-4.763188071652583,-4.783388246017614,-4.872695886457113,-4.855104870349297,-4.723327129729518,-4.794201149204123,-4.823068582481918,-4.821048438357996,-4.823334108645573,-4.823841968150231,-4.823130102294404
2015-10-14,-4.685920616625581,-4.465854340133176,-4.497219889059198,-4.489283117207636,-4.453929959063132,-4.43659829844011,-4.497419168935878,-4.487769714096498,-4.431104405962776,-4.444932898928861,-4.468311035582617,-4.46804016387356,-4.469269106289085,-4.468567147256944,-4.468339919717499
2015-10-15,-5.43513412698183,-4.680575904841576,-4.694267296297019,-4.7027230426201845,-4.654277450641545,-4.656343126276349,-4.691991930884972,-4.703298826424612,-4.643587303444869,-4.661322122554395,-4.682491455988622,-4.682563993688876,-4.6827974027997845,-4.682822152600644,-4.682523662895521
2015-10-16,-5.0150810026129236,-5.081772274829734,-5.009371780125907,-5.11306279957806,-5.017530928540559,-5.051190469565409,-4.990320631229762,-5.112564802226003,-4.981533444695336,-5.059667627609584,-5.073331724366426,-5.079470643036414,-5.073476882259699,-5.073932452033853,-5.073366398879826
2015-10-19,-5.098036309627622,-4.874593684145223,-4.907392948220285,-4.903398905327188,-4.835525510173427,-4.8546843398550115,-4.91756464547132,-4.904748307240404,-4.827196527352086,-4.841787757891396,-4.88035238938029,-4.877344534014818,-4.880559558545932,-4.880957919048733,-4.880414802193984
2015-10-20,-4.298983078804315,-4.925974449278271,-4.933460883639443,-4.9496752536436714,-4.894744980739096,-4.888374408428703,-4.8922121703851555,-4.952656781666841,-4.884351434606753,-4.867967882249655,-4.9255066929445945,-4.927582924782188,-4.92591648251887,-4.926055785469573,-4.925526141597288
2015-10-21,-4.674654694663436,-4.5372930468100945,-4.545760398646303,-4.564589825885145,-4.536880674826309,-4.5195955494249604,-4.502747343745111,-4.559171893918784,-4.522642215169622,-4.526747631579047,-4.536849630420369,-4.540607365591904,-4.5372282624878135,-4.537041285974119,-4.53685262126565
2015-10-22,-4.873104986219614,-4.7243106492454485,-4.621278162481838,-4.753533096010275,-4.739467684759205,-4.698886903101521,-4.535244791418331,-4.744804094632269,-4.711649771831371,-4.686621398697963,-4.7104099556144545,-4.7198995158991,-4.710892835800323,-4.710685267919407,-4.710382967317614
2015-10-23,-5.643149732925615,-4.806435800802062,-4.718476036761866,-4.836860078450619,-4.7939952469301454,-4.782473017625172,-4.663370069793423,-4.832720651887355,-4.77120895037727,-4.762289989716682,-4.795538078734886,-4.8030037382218005,-4.795929105438438,-4.796069941029249,-4.795551620904192
2015-10-26,-5.103305093441059,-5.213013616308154,-5.15414430543153,-5.2463232981869075,-5.195629925944139,-5.191007213765476,-5.117887660444195,-5.244779429585834,-5.181381597186311,-5.1660813939965315,-5.207066925455751,-5.211502088125537,-5.207239543283351,-5.207943309900918,-5.207094080920954
2015-10-27,-4.027994657840087,-4.954682121474072,-4.848358538728746,-4.978058823598652,-4.928113892780025,-4.919252634569189,-4.782786856097735,-4.965589443713177,-4.925060322490676,-4.908392085907804,-4.94039057001728,-4.952496150874929,-4.940956745752224,-4.940910425784353,-4.940392830773405
2015-10-28,-5.124777755953743,-4.404897106986402,-4.274633877779538,-4.43822800890793,-4.3837603433754255,-4.3971538110147215,-4.192107128826398,-4.4450182038487265,-4.375466254853447,-4.404577536709943,-4.389598933973452,-4.397755044647615,-4.389652487467544,-4.389907997522748,-4.389609225027497
2015-10-29,-4.8807397696088355,-4.979947447695667,-4.855247319804571,-5.01373490418423,-4.949595865967018,-4.978176444451346,-4.805495611198605,-5.023615540371273,-4.9454430103751035,-4.99926573336576,-4.9680231422543875,-4.976369505168117,-4.968232552988294,-4.968696598881433,-4.968072552563711
2015-10-30,-5.357326630291287,-4.869789706123425,-4.827234424251686,-4.897715888586324,-4.855920761936118,-4.8683810594424415,-4.842179325554955,-4.901900038062788,-4.846520926364675,-4.851444228261756,-4.867385090561956,-4.870012564123842,-4.86734840813756,-4.867877664135623,-4.867449952629107
2015-11-02,-5.4524417646024075,-5.1123041355821774,-5.069952231437892,-5.147930790625358,-5.100030614333864,-5.097867635409912,-5.054991664839779,-5.154163275495928,-5.0714919218930525,-5.1200071682911625,-5.10820699865088,-5.11242142724125,-5.108262338115327,-5.109013217333366,-5.108269955739962
2015-11-03,-4.575154888283824,-5.188580018164991,-5.095879392491037,-5.224301132845852,-5.150131774353873,-5.167661548335759,-5.061613260100037,-5.238343593111615,-5.127354407955309,-5.17059794948711,-5.17881671917682,-5.186543035322569,-5.179156586501038,-5.179974941850702,-5.178871977726963
2015-11-04,-4.817679645634363,-4.805978230650644,-4.8004391381644185,-4.84029817189081,-4.749913500322008,-4.779854846718163,-4.798931609244259,-4.851997180804322,-4.732049873812022,-4.778489207474584,-4.805290728689147,-4.806306723171232,-4.805468490332225,-4.805782651724919,-4.805361192597745
2015-11-05,-4.508701398932766,-4.9144828651494965,-4.886680284118627,-4.94776856960284,-4.855459192333419,-4.880627284904792,-4.890058931036659,-4.955999276012938,-4.832395419386199,-4.889669666719063,-4.912422998372427,-4.914432602518929,-4.912604598193348,-4.912987104710353,-4.912476341107811
2015-11-06,-4.742239620643885,-4.740881400781861,-4.727057677803439,-4.776089220149581,-4.749206660864286,-4.754115908425071,-4.765816120246644,-4.797115712317472,-4.746284451243122,-4.760126002661506,-4.74582163132757,-4.7430347673302045,-4.745916744144717,-4.74603941200506,-4.745884418895687
2015-11-09,-4.851193467839605,-4.836458393289605,-4.787366282193549,-4.866290925391197,-4.819353475650027,-4.834540306412443,-4.788842514997744,-4.882452847133133,-4.813490850830751,-4.838329736998171,-4.832661686911315,-4.8368334537499615,-4.833214629041972,-4.832907544101056,-4.832712455875689
2015-11-10,-5.2809072501781396,-4.87245395754401,-4.860283064084059,-4.897937304741313,-4.822409080483286,-4.852636983298227,-4.859269642509284,-4.90956643690816,-4.809834771787417,-4.853259755240342,-4.871256184582128,-4.872776095710852,-4.8715846279842285,-4.8714913438139975,-4.871301819086504
2015-11-11,-4.732398798125324,-5.115648377562622,-5.100869350135236,-5.144567844093087,-5.05954721634763,-5.092655238214732,-5.087357295085163,-5.159785989656609,-5.056817246790179,-5.089395002607418,-5.1145404201717275,-5.11594064555038,-5.114673275438661,-5.115131612165196,-5.114596201106494
2015-11-12,-4.545888244210676,-4.835772963992676,-4.770861173522597,-4.86484533238419,-4.781459653014664,-4.812794459972165,-4.751503814479966,-4.875820112038585,-4.756085468829078,-4.816490775609871,-4.829087196542498,-4.834782527419445,-4.829106543101877,-4.829408433218014,-4.829132237155213
2015-11-13,-4.410327840372747,-4.747684222387346,-4.6892585371271345,-4.7779698104473445,-4.720658416707571,-4.70765897158115,-4.666397569195228,-4.785160161474827,-4.693625310608589,-4.718400614845106,-4.741877921336026,-4.7467522752952735,-4.742096346426026,-4.74192525172946,-4.741914067571799
2015-11-16,-4.253329357402498,-4.658364661799326,-4.631525394867486,-4.684735471661985,-4.604407616253038,-4.625466915806444,-4.605500089945202,-4.693302306794459,-4.584068092603828,-4.641643480277543,-4.655269831576083,-4.65796230240232,-4.655408792871562,-4.655056562950323,-4.655315781236824
2015-11-17,-4.5603660413320855,-4.538462690493351,-4.473480038007158,-4.564385144013351,-4.492896706743302,-4.509672385641712,-4.438458236923621,-4.576967014229314,-4.489258269548794,-4.532642409448141,-4.5313384269795955,-4.536637238359319,-4.531708439190069,-4.530764817130868,-4.531378240277163
2015-11-18,-5.085751431692293,-4.665249109795193,-4.647410157960317,-4.694313085945357,-4.626162330870643,-4.66642973173798,-4.654674229086686,-4.710581902561988,-4.625051890764357,-4.669688084946978,-4.66551580891415,-4.666044425154038,-4.665532269945936,-4.665141492102133,-4.6655869596787625
2015-11-19,-5.592369559282235,-4.939528356071785,-4.929955759406777,-4.96504840919106,-4.897744253988153,-4.925430776389328,-4.902547213665573,-4.982727950431958,-4.886851205834351,-4.915247517331142,-4.938289518738795,-4.940076036943786,-4.938279883209643,-4.9384026813594035,-4.938327798622064
2015-11-20,-5.585869815414117,-5.234434621369898,-5.1918572636188545,-5.265339474667025,-5.182296150311812,-5.2105874465223145,-5.184549408786702,-5.285938970229869,-5.179037009591552,-5.2256616617057166,-5.229832456196002,-5.234243039696238,-5.229919306358752,-5.230470544555676,-5.2298909791222
2015-11-23,-4.776586112792046,-5.283625569217134,-5.2372247642903185,-5.315710651185583,-5.225895071493574,-5.260508466326854,-5.223656707864975,-5.3368457284744855,-5.20940517193409,-5.262182778252147,-5.278732644301456,-5.282496860719908,-5.2785860274828424,-5.27955073631235,-5.27877623760508
2015-11-24,-5.994216551349128,-4.916434396593271,-4.89220449147997,-4.941104325952475,-4.854672552097885,-4.875705939276935,-4.884074789113529,-4.957338956148152,-4.8450782192532635,-4.870583009114082,-4.913429118885405,-4.917026921912468,-4.913825944723192,-4.913781255780842,-4.913478348104831
2015-11-25,-5.762799943592789,-5.59450886309516,-5.567776418594482,-5.624403696306188,-5.545209237680123,-5.569750872186598,-5.57086182400016,-5.640775275200105,-5.522566712530646,-5.586806308297254,-5.59127206416296,-5.594152249883859,-5.591207440575673,-5.591949798169428,-5.591316586942566
2015-11-27,-5.2855139656202885,-5.513140704632633,-5.466263568182718,-5.537482403400037,-5.5029888798458195,-5.505146102902228,-5.491817806686044,-5.5518634351510485,-5.479015450344371,-5.52916503172867,-5.509341243246821,-5.513464491473774,-5.509794011369735,-5.5097712305234,-5.509374948680919
2015-11-30,-5.04087258570882,-5.271023315481108,-5.239499838723626,-5.306297641837348,-5.250356856075294,-5.259640449353615,-5.229242131898288,-5.328032695392064,-5.236378490418385,-5.260419179694655,-5.269327961468579,-5.2723164161919005,-5.2693965136068694,-5.269965583458095,-5.269372915561181
2015-12-01,-5.09773063179246,-5.121697898007101,-5.108313668370523,-5.145921181989506,-5.110840822632842,-5.113863298102547,-5.1470815054862324,-5.160738986798151,-5.082829181898093,-5.114345504814931,-5.122510348591155,-5.121655914254278,-5.122574858467118,-5.122773602164681,-5.122544846587632
2015-12-02,-4.0609388992773,-5.174314631005014,-5.163765889941105,-5.205805594903026,-5.127122483990286,-5.155548856576846,-5.161610319430332,-5.223320780820964,-5.111677449270133,-5.169378701233776,-5.1736036133085905,-5.17499737919827,-5.173531649526705,-5.174037134828657,-5.173643814169712
2015-12-03,-4.281612343546074,-4.524053911098031,-4.474431618741439,-4.546830971235104,-4.506101734603646,-4.498485532584542,-4.463840127214591,-4.560115110217279,-4.481346612506629,-4.50846527352684,-4.519612761709439,-4.523082002663613,-4.519529496760129,-4.519556995088322,-4.519647471083282
2015-12-04,-4.407120624569405,-4.567643723748389,-4.516725431550627,-4.594076599670993,-4.504864448405591,-4.5621233027107175,-4.51476023121688,-4.612542395797929,-4.489650884596805,-4.566893950739818,-4.562755332922892,-4.5663625383979625,-4.562744111196488,-4.562602402512704,-4.562811572274149
2015-12-07,-3.9078486456591603,-4.596654972160083,-4.59090535618289,-4.620687946169339,-4.5638210978263745,-4.574849592008988,-4.599389600338258,-4.638533289975835,-4.547762356490392,-4.576084759666386,-4.5968303913680675,-4.597312380645699,-4.596941710678896,-4.596637596570035,-4.596885428768722
2015-12-08,-3.655709784140694,-4.283102628422139,-4.284762365375495,-4.3062235569693135,-4.245847313412734,-4.268508990696461,-4.282245052278283,-4.322972368857418,-4.218198450701213,-4.274718729345115,-4.283685988410868,-4.283623354517269,-4.283660798049326,-4.283153401632396,-4.283734701739405
2015-12-09,-4.014833875159249,-4.0838739367329975,-4.083350334520422,-4.101880590884107,-4.037674098816016,-4.072816866766872,-4.089226759232842,-4.114999529347378,-4.03418541391361,-4.080414083938938,-4.083819704327926,-4.083966831439486,-4.083708524610811,-4.083083044861446,-4.083868870054219
2015-12-10,-4.044856129205402,-4.256192302168755,-4.311690813962038,-4.27385573154769,-4.2027268126524095,-4.242129049029412,-4.3434017931316555,-4.285663496365443,-4.177939917883185,-4.243608056297374,-4.262583485854965,-4.259494096906579,-4.2626499643307945,-4.26188683433851,-4.262648176298047
2015-12-11,-3.544572841285609,-4.254762713444085,-4.2738210888279555,-4.273073243064305,-4.253757277480893,-4.25904913897118,-4.294555550923655,-4.28658648751883,-4.24114276577266,-4.251702633759109,-4.258826766557036,-4.256659152917919,-4.258781900356875,-4.258121933136885,-4.2588632939276
2015-12-14,-4.657347215648483,-3.946410633638823,-3.9000489984256816,-3.9609649600827574,-3.925593144613695,-3.9311263842234467,-3.8924305380544597,-3.97081203605664,-3.893670845574269,-3.926992546754718,-3.941304763141965,-3.943695183792684,-3.9412482867095,-3.9404993121881122,-3.9413274216944414
2015-12-15,-3.236277687963798,-4.533363730204983,-4.518215816897764,-4.551438265659402,-4.482836310387279,-4.519366742815899,-4.521968395005552,-4.564838051915946,-4.4640566742255645,-4.520913484274574,-4.531874924969379,-4.533131507845962,-4.532109284972808,-4.531468160908576,-4.53192218284111
2015-12-16,-3.715432106625504,-3.7692924976202122,-3.8579232231876444,-3.7807214440141523,-3.7267669095075924,-3.767644287644022,-3.9167411888651493,-3.791020244982017,-3.713054781145476,-3.74951437116808,-3.781260218530012,-3.775362390265825,-3.7813408983650256,-3.780681481070124,-3.7813223172596637
2015-12-17,-4.019021538404792,-3.990003333805838,-4.024947320534298,-4.003056971362089,-3.965724362488934,-3.9692010626219747,-4.059671036573705,-4.0102121123364345,-3.9569913516084827,-3.9727251014368057,-3.994597933284466,-3.9915001841562994,-3.994569392211036,-3.9940975749439938,-3.994644898498679
2015-12-18,-4.365677380492005,-4.1395427745718,-4.149553354404357,-4.153156171915713,-4.112142353689481,-4.124229450199474,-4.159789861091611,-4.161970601349799,-4.0998686590215145,-4.109780800605218,-4.141200504064674,-4.140589738538829,-4.14122838393538,-4.1406663473303995,-4.141233628324435
2015-12-21,-4.728491104932252,-4.348399955696137,-4.3846399936336935,-4.366012276975043,-4.2875832083007355,-4.32499956259007,-4.397552771283393,-4.376954110864058,-4.262184004781113,-4.323390036605104,-4.352752063783936,-4.351264904856107,-4.352971614103379,-4.3521900782714145,-4.352819394738995
2015-12-22,-5.457310786269006,-4.532159003136139,-4.564430924678573,-4.549463310051721,-4.507276022556654,-4.526013902252803,-4.587798047549371,-4.559002998335278,-4.490541760332554,-4.5170617831214654,-4.536704073223236,-4.533835804173209,-4.536743383772854,-4.536500604880784,-4.536748561273888
2015-12-23,-5.533012400879217,-4.999205362631931,-5.025849248496532,-5.021792820407751,-4.9239850008779715,-4.973793401647293,-5.01654204538646,-5.031580992221514,-4.892054548909422,-4.993253039918172,-5.000879262852494,-5.0003264292618494,-5.001021649753619,-5.00100404422913,-5.000937652862275
2015-12-24,-5.202186688492277,-5.120109966561398,-5.255113113873379,-5.1412741479003055,-5.027159313230576,-5.105378628172985,-5.299831236950168,-5.151731191806829,-5.008937880258363,-5.122101365622669,-5.1342577578704045,-5.12884822101973,-5.134411978489579,-5.134611031006486,-5.134356990979113
2015-12-28,-5.702188336444602,-5.024731535469168,-5.059412621736266,-5.044595288510435,-4.968247086066351,-5.005728041538791,-5.08675345969838,-5.051858813771551,-4.949404164049583,-5.0304988948588045,-5.028550778641921,-5.026148328237431,-5.028488255414637,-5.0289282510780575,-5.028613202459776
2015-12-29,-5.285798097368528,-5.34665533899984,-5.378875651155012,-5.36965403572978,-5.277981877868294,-5.3358505182225135,-5.41873806834193,-5.377874678091785,-5.263716603290869,-5.35976645952127,-5.350183898294281,-5.347623430976801,-5.350059423334556,-5.350769774847602,-5.350272217813555
2015-12-30,-4.783024619975543,-5.1706349075560505,-5.263881442417686,-5.195364153240144,-5.115314913345877,-5.1616288969185105,-5.328674580526984,-5.202313790126044,-5.094911610252438,-5.1862009739416655,-5.182889010904159,-5.178596818080595,-5.18278570342676,-5.183543182887998,-5.182988928484755
2015-12-31,-3.820814790039127,-4.8712336956643645,-4.9163464724626325,-4.897131300034597,-4.848310240813896,-4.870486456950552,-4.960299909022769,-4.907598051940572,-4.847353166620937,-4.887202936346825,-4.879270105933237,-4.875724791016191,-4.879237951453151,-4.879613570421967,-4.879352734645219
2016-01-04,-4.201900582679109,-4.259087434535963,-4.230572295157092,-4.286811027984833,-4.2327508038489965,-4.248971421539223,-4.2462124857452785,-4.293085733214781,-4.217660948648024,-4.2667127778806195,-4.257674949820192,-4.258985083899018,-4.2576291538963655,-4.257695999821321,-4.257737524754925
2016-01-05,-4.171995545626297,-4.404300460305511,-4.404442546835513,-4.4287164799687195,-4.387645780949286,-4.395575049263175,-4.427421376759353,-4.434072685635523,-4.3810165310166,-4.411863107178222,-4.407284813476716,-4.405531166866303,-4.407132812891228,-4.407287511989998,-4.407345735510262
2016-01-06,-3.40370687565345,-4.3448088348196325,-4.353025913157404,-4.369159142954979,-4.318241085898908,-4.334542844807807,-4.345840134655024,-4.370356263014617,-4.308145693771158,-4.344990783758669,-4.346001519097677,-4.345927338776734,-4.346020257211533,-4.345973866888641,-4.346062270686093
2016-01-07,-3.6223129206748097,-3.867139356676568,-3.8142272765870002,-3.886452368642712,-3.837835704068207,-3.8462897144809047,-3.799414060663117,-3.889668677267564,-3.8313873597165995,-3.868620188064016,-3.8608569607604246,-3.8659315372781657,-3.8608380314755593,-3.8605469320119568,-3.8609114057043894
2016-01-08,-3.515536681059417,-3.9304851584206766,-3.910078851912811,-3.947487365433634,-3.915723661595432,-3.9129586505617033,-3.903263340146936,-3.9522353408805397,-3.918502022652072,-3.93125326454258,-3.928372376968567,-3.9302683488279566,-3.928448650068943,-3.928007698170362,-3.928422372173796
2016-01-11,-3.343778033887132,-3.856030710080594,-3.8373650357639897,-3.875196102416504,-3.850858257187846,-3.8380061014245928,-3.821146772457553,-3.8781506707883673,-3.817483955871056,-3.8527012429379854,-3.8538678886065365,-3.85601983984879,-3.853977722970847,-3.8534295471859537,-3.853915466764133
2016-01-12,-3.2961315724155704,-3.7289994960848136,-3.7245306306976724,-3.748026839232475,-3.685166982090041,-3.7052919399661954,-3.7015336106756114,-3.755628850847689,-3.669294137988054,-3.7151791196888064,-3.72871914912775,-3.72989429770708,-3.7289056895872736,-3.7280115585518443,-3.728793036499349
2016-01-13,-2.8951762380209,-3.663300173187594,-3.59039971704964,-3.679178927613066,-3.6136752209723557,-3.6366220954652557,-3.541888163864297,-3.6853460491148855,-3.596683494145126,-3.651213697241769,-3.6541257586535494,-3.660597332981684,-3.654439483257776,-3.65318873412589,-3.6541774368056497
2016-01-14,-3.1323184528698547,-3.4134528741557935,-3.363554321834048,-3.4280208542026087,-3.366228498016578,-3.3933200159796786,-3.2932746425769723,-3.432117247628311,-3.3758218261774138,-3.408564537205306,-3.408073087623004,-3.4122261319450846,-3.40821425421156,-3.4068182823293354,-3.4081200709998045
2016-01-15,-2.9885717012077464,-3.5066050003221947,-3.4366274475003036,-3.5193472208453818,-3.501211313601787,-3.480023231572112,-3.395573688121072,-3.5193346489801374,-3.5031682526519385,-3.4963509643869712,-3.4993971944721176,-3.5042952346415905,-3.4996576552677086,-3.498308003323684,-3.4994246316779174
2016-01-19,-2.5537696487992627,-3.3951367349823003,-3.353969931740038,-3.407094303638948,-3.3638273972286203,-3.36472574879756,-3.3274473344272244,-3.406682109384715,-3.3472852337049335,-3.375539763335137,-3.3908315422694932,-3.394420315583078,-3.390995566719274,-3.3895199295686185,-3.390867886396665
2016-01-20,-2.672493328960297,-3.117648190382345,-2.9943392117302987,-3.129092020708915,-3.0971744227618427,-3.08042868415841,-2.9013517592801708,-3.1268052313188637,-3.0954890690319186,-3.0894928039858605,-3.1027391590866022,-3.1113759806608394,-3.103123802415876,-3.100955844670802,-3.102760145435738
2016-01-21,-4.00487956085745,-3.1357018003193464,-3.007831160612787,-3.146430102144489,-3.099173555525267,-3.0950678988893383,-2.9069032663637833,-3.1432195444835016,-3.1000756050590708,-3.108458688664783,-3.1204572455546566,-3.1278228030893374,-3.1206510739982645,-3.1183699072260027,-3.1204747375662354
2016-01-22,-4.225383683685797,-3.848700916734539,-3.805371626811783,-3.862579973830641,-3.74158968379408,-3.813466094753974,-3.735840424314567,-3.864421411942964,-3.7442665625147655,-3.8265088280018884,-3.842777108683915,-3.848554248161726,-3.8432731461173386,-3.841814761842144,-3.842868316902183
2016-01-25,-4.020138380233165,-3.9890411141093445,-3.923588554454019,-4.000297942612743,-3.9432795970698384,-3.9662334815883438,-3.8708954771852357,-4.00188036151298,-3.9224799863816195,-3.9713916946068317,-3.981696378322902,-3.9876812033191658,-3.9818834996123402,-3.981473143245914,-3.98175556051089
2016-01-26,-2.91043503265193,-3.9167325849635772,-3.841505079843822,-3.9282812358150894,-3.877492852865155,-3.8886793588562045,-3.7983683341948473,-3.929355810351469,-3.8518936592254107,-3.891658080442883,-3.9077042026933464,-3.914656685629593,-3.907917608318515,-3.9075752127866954,-3.9077645141087713
2016-01-27,-3.1901215431192744,-3.3651480241563183,-3.3171461884887834,-3.37373200542526,-3.3183830795907663,-3.334294439141593,-3.286430386800883,-3.374203824658997,-3.3001010626767564,-3.3404062595298365,-3.3592986302308496,-3.363874124669421,-3.359671184216316,-3.3587343075737826,-3.359350681526424
2016-01-28,-4.452395598701778,-3.536139120682955,-3.4170208444855996,-3.543728807481083,-3.541667270642838,-3.507484513194017,-3.320463714936758,-3.5419575025566012,-3.5226386814595463,-3.5184755424886904,-3.522144333659739,-3.5314755640198014,-3.5223956560807457,-3.521572762198777,-3.522160141402024
2016-01-29,-4.090572175211693,-4.1882329531484475,-4.068374865401339,-4.1999327659281205,-4.1839010647494055,-4.152177437344887,-3.9838991664899055,-4.200479319613062,-4.139424312731162,-4.145614550303258,-4.174161277682268,-4.182103960713649,-4.17452339813069,-4.174148178741,-4.174165065702217
2016-02-01,-4.137080541535816,-3.998131286123351,-3.9046587768392884,-4.008024884890003,-3.999022022457092,-3.963953190451019,-3.836079695002601,-4.008429594110468,-3.9665534871237416,-3.9679555815157688,-3.9871672212828533,-3.9926083962930226,-3.9873039315987655,-3.987170663431667,-3.987172887777546
2016-02-02,-2.6007379296648643,-4.022957438636514,-3.9757892867964872,-4.031590752785154,-4.007386900537221,-3.988784467180053,-3.9277286165892407,-4.033832103970334,-3.995243452589191,-4.008093381024936,-4.016470541601499,-4.021385634504628,-4.01693396563888,-4.016555314532817,-4.016489212248388
2016-02-03,-3.186141756829976,-3.194024243580427,-3.1106021414814884,-3.200318948344627,-3.1805052268915355,-3.167096636104077,-3.0344765738433166,-3.203271035006276,-3.2009071623413976,-3.1848983932782065,-3.1845692551139235,-3.1897287226287094,-3.184717820843035,-3.1842544226715868,-3.1845895274073506
2016-02-04,-3.413370444327523,-3.486372309798928,-3.370414387059794,-3.493790788336387,-3.4601261369476415,-3.454868355994451,-3.2925977656126997,-3.4971472797766103,-3.4652863554108113,-3.4597766458858175,-3.472797727143478,-3.4814120838831837,-3.472953851206812,-3.4725438416509595,-3.4728179926900684
2016-02-05,-3.375575392528757,-3.5686325227571034,-3.509409751044511,-3.575769895800063,-3.549002111849549,-3.5376747957268377,-3.4860765192370344,-3.5790435511767282,-3.541532777035466,-3.5416314931286896,-3.563680494978956,-3.567281957496113,-3.56373047772051,-3.5634594988321977,-3.563726946953018
2016-02-08,-3.1456067591917654,-3.5236649931604376,-3.414929979413016,-3.529252897071763,-3.531156669973867,-3.492372103744893,-3.328533663423574,-3.5334709900106227,-3.5077673880228164,-3.4923067503664194,-3.510928087595803,-3.5179964541553623,-3.5115163021252975,-3.510672759142199,-3.5109443762452077
2016-02-09,-3.3292639944173263,-3.374045703486376,-3.22266564476543,-3.377865301302178,-3.388932843950988,-3.3404733192410045,-3.113556080193504,-3.3785335654423934,-3.3821011025565557,-3.3451944533658766,-3.355945134875972,-3.3635046378390956,-3.3561351858580504,-3.3556231121204068,-3.3559201922868334
2016-02-10,-2.949047884252848,-3.5079068461918057,-3.4112647660219944,-3.512945061627168,-3.4755403739360995,-3.4656904442782643,-3.312142771332725,-3.5153713938011157,-3.454956257954616,-3.4835322228992975,-3.4945186508777293,-3.50242665244018,-3.49467078859625,-3.494161170350584,-3.494524360628188
2016-02-11,-4.071390189496289,-3.294894165028921,-3.1971827324988085,-3.299437357599835,-3.2907319307341747,-3.2641723650702614,-3.144006077663208,-3.302247042463238,-3.2719808252761893,-3.270527191744112,-3.284237858065045,-3.2903719030216614,-3.284463860694578,-3.2836411121930005,-3.284265479455776
2016-02-12,-4.203938182373999,-3.8899914371446873,-3.7888670080294546,-3.8959295802442844,-3.864041625265096,-3.8538020399800246,-3.747656213292782,-3.8994709090822015,-3.8419976587183045,-3.860868341725286,-3.8801617614272437,-3.8862041924375585,-3.880329117494259,-3.8801270506751435,-3.880188983252321
2016-02-16,-4.652444335387091,-3.9887730647033526,-3.929565646840013,-3.994351835128556,-3.969608177435476,-3.956399267439438,-3.885861329348446,-3.9983519454039538,-3.944552972669091,-3.966169106453013,-3.9828700046032948,-3.9863883377807565,-3.9830201570399995,-3.983045235967441,-3.982900386351794
2016-02-17,-4.657948435688463,-4.282522035329042,-4.17712744557988,-4.291832917074301,-4.237958946773152,-4.2566850478299125,-4.107746884514961,-4.299108888570011,-4.227773839738001,-4.2492870563944845,-4.271136375596476,-4.279757534949104,-4.271553379311078,-4.271713523124398,-4.2711879658426355
2016-02-18,-4.264331498627459,-4.346540503915396,-4.246184343329263,-4.358069295124334,-4.323371807590278,-4.323640306643368,-4.188094448065246,-4.367866659489828,-4.301854798348573,-4.333693536287986,-4.337169967870114,-4.343093573507767,-4.337330724813495,-4.33788470107191,-4.337214607026267
2016-02-19,-5.499975696754764,-4.258619193365289,-4.1839135841327995,-4.268026079433134,-4.230129230456665,-4.234864513007084,-4.1476130650874135,-4.276249643666336,-4.2058051401501055,-4.237846461209259,-4.252006622696596,-4.256047092780981,-4.252175750967128,-4.252608468967883,-4.252052187387067
2016-02-22,-4.58946567277904,-4.964317746260736,-4.8387894283664545,-4.9777994097524,-4.954551542231995,-4.947221171502872,-4.763676651792905,-4.990365737323868,-4.933203582119256,-4.957011708274979,-4.9505229184936645,-4.957979430153525,-4.950771686871626,-4.951278066142082,-4.950546833980073
2016-02-23,-3.872311967396026,-4.535166507571926,-4.4662814771378185,-4.545986678912451,-4.482915900643981,-4.512894471324417,-4.408859399027131,-4.558124442923005,-4.442925682177728,-4.544532274883135,-4.527353950643109,-4.533611700900995,-4.527838569090776,-4.528081624412724,-4.527409494830077
2016-02-24,-4.252180121835911,-4.116507901096823,-4.048872495354295,-4.126038278253032,-4.086911507361525,-4.094513493729895,-3.997904105744002,-4.136232560458237,-4.058489844660567,-4.122232775547651,-4.107963748814139,-4.114540596210097,-4.108253957583068,-4.10834682027439,-4.1079876292950726
2016-02-25,-4.413772452529558,-4.294429966432398,-4.263521488097037,-4.304786027420964,-4.2330528795256885,-4.265800703198357,-4.236316161612095,-4.31933967104467,-4.224824590410264,-4.325274503351394,-4.29087206928445,-4.293676541761823,-4.290937803738936,-4.291378880200359,-4.290925511914185
2016-02-26,-4.255336194613342,-4.386467920520582,-4.332138053719144,-4.39664897974622,-4.345436666885615,-4.371457355241404,-4.296364704432011,-4.411414458061091,-4.331874915733146,-4.376426802182838,-4.382654309232306,-4.386010840421915,-4.382628502262818,-4.383213239355168,-4.382708349255805
2016-02-29,-4.47276876193246,-4.282061680268562,-4.296230569709626,-4.290556367849678,-4.232079282191726,-4.268166083718773,-4.31170455051571,-4.305652502141884,-4.2312154788102125,-4.296702025301859,-4.284481810868202,-4.283860532153335,-4.284537859956641,-4.28493837893596,-4.2845453296518645
2016-03-01,-4.35707901079207,-4.39805999898727,-4.3616219541877435,-4.408101430623694,-4.360607772589885,-4.382352815514716,-4.374825719440699,-4.420797277373846,-4.350130786360245,-4.392054655001787,-4.396790996924953,-4.39743646697579,-4.396947277916463,-4.397332203472921,-4.396850956254924
2016-03-02,-4.818400534767346,-4.366113669806572,-4.3546021449756145,-4.37758690950524,-4.303345847740503,-4.353693426572117,-4.360672698480635,-4.39597077442925,-4.296387465766027,-4.3967805472454655,-4.367169632035591,-4.366957450943325,-4.367068292995254,-4.367947628456528,-4.367255997552295
2016-03-03,-4.586428666414928,-4.627469591679117,-4.581257048997099,-4.641160314199169,-4.563589419912021,-4.610639790646956,-4.541085177053878,-4.662135794949777,-4.540694871370263,-4.6256463744858785,-4.62274344497836,-4.626882160782652,-4.6229982339716,-4.6239019658231655,-4.6228339893714425
2016-03-04,-4.535200279542842,-4.518572184201889,-4.421523374966224,-4.532656370880526,-4.407449840385308,-4.501020835824423,-4.371947481759371,-4.556933482404268,-4.414251414935699,-4.542199001954208,-4.507715076790052,-4.515207989857005,-4.50785697693445,-4.509108027237632,-4.507817134231835
2016-03-07,-4.336047344081746,-4.5290851182694745,-4.483992738336561,-4.543589832084976,-4.447180933516292,-4.51377187839935,-4.457116717806442,-4.563330241340606,-4.442781363748182,-4.542736302613654,-4.525472133207157,-4.5285908451985915,-4.525696495140655,-4.526795483606267,-4.525567915625696
2016-03-08,-4.550799879845745,-4.430442382858949,-4.363097641377693,-4.441151789506848,-4.3377619168376995,-4.415521072383849,-4.330416135577507,-4.460331196266968,-4.3407558333808165,-4.450532384307222,-4.422881382787257,-4.428776123310747,-4.42300114505765,-4.424054033637332,-4.422961818504971
2016-03-09,-3.640761201953229,-4.559492621565302,-4.506390590018844,-4.57088060779335,-4.472424819075657,-4.546862945289653,-4.460493348301688,-4.59163459405422,-4.457237716591913,-4.578235713494624,-4.553504384369019,-4.558863752686232,-4.553625560069312,-4.554820888070599,-4.553576466313489
2016-03-10,-5.603219445329823,-4.027858561047999,-4.002567562801512,-4.034393291836859,-3.9884078228514235,-4.0147710452065875,-3.990822758643966,-4.046444035823597,-3.9976341455413946,-4.035566424188841,-4.025520809802076,-4.02723375318126,-4.025650389255945,-4.0257453853927,-4.025567285868891
2016-03-11,-5.337801486239896,-5.070794216528101,-5.004643418547365,-5.081489080537227,-5.021288597112801,-5.062283968576612,-4.985126969430616,-5.095875451857493,-5.008291614840646,-5.074429985298412,-5.064005258924832,-5.069015579827607,-5.064056813415494,-5.0644681341931195,-5.0640532925668955
2016-03-14,-5.15112864270562,-4.974730831523402,-4.915789422767169,-4.984449206472096,-4.894674784376637,-4.961459943768687,-4.885768138910928,-4.9946429505592205,-4.868040321798411,-4.958721866325592,-4.968038804259599,-4.972729587030557,-4.968109144747961,-4.968631480572967,-4.968104604326557
2016-03-15,-4.244178026822659,-4.937458269404635,-4.903818306914653,-4.9483164478832995,-4.884327901325423,-4.922479362505182,-4.901481511037626,-4.962513733157651,-4.85458638099786,-4.935240061527901,-4.934599417837276,-4.937269856208707,-4.9346644476503325,-4.935217360930053,-4.934667854347854
2016-03-16,-5.127184812095721,-4.460916147037992,-4.363559720236447,-4.469239254246336,-4.4375919642160095,-4.456600390557088,-4.337512824505476,-4.485280269068759,-4.432626408451039,-4.455145791053867,-4.453664476804969,-4.456953185359205,-4.4536489224796405,-4.454080908843451,-4.453716057737612
2016-03-17,-5.417561131967006,-5.0221748065909875,-4.927102318004319,-5.030503947125977,-4.966403344222104,-5.00435797463736,-4.896216751083246,-5.043719944851055,-4.918588932746445,-5.019411381021818,-5.011680018123729,-5.017768544073604,-5.011609402393918,-5.012201398223968,-5.011722363082805
2016-03-18,-5.3139975138275215,-5.16787959790901,-5.02229404751133,-5.177311459279941,-5.120271273769005,-5.152303001438829,-4.973120178270514,-5.198613519397015,-5.097722255312917,-5.167956627914839,-5.152693799056019,-5.160121338205574,-5.15277802883546,-5.1534211470538684,-5.152716855314911
2016-03-21,-5.476180395620014,-5.118503715574372,-5.04516450802052,-5.129370441990061,-5.058098711159558,-5.103333549815264,-5.017172200419938,-5.154306584538166,-5.061232259919574,-5.117249365589,-5.1124914918387905,-5.116950751045721,-5.112653853196074,-5.11328225681785,-5.112540531343394
2016-03-22,-5.333362664261843,-5.218687818331047,-5.159423828694178,-5.227743218382106,-5.175211984639724,-5.207458365532214,-5.1397141182682455,-5.243338164230409,-5.150779032351496,-5.219361357250557,-5.2124737404200285,-5.216783116385008,-5.212623161424292,-5.2130968516863225,-5.212503141108506
2016-03-23,-5.6808194711128515,-5.223065016253087,-5.14411991594258,-5.23692057709801,-5.179257586142654,-5.212891856279424,-5.12516724256979,-5.258729965875174,-5.15068876384503,-5.22653536081751,-5.216505382869452,-5.220656737448575,-5.216444604423208,-5.217382498836854,-5.2165609688735195
2016-03-24,-5.417787186179399,-5.4303100018064265,-5.327779757315725,-5.444974767688153,-5.380490860546274,-5.41836865584891,-5.289349059077806,-5.4647349724615895,-5.330881278232946,-5.430878474036998,-5.420291711833069,-5.427251699431315,-5.420491972398242,-5.421297219299522,-5.420323983353798
2016-03-28,-5.00159653063077,-5.310084733051398,-5.244308876169184,-5.327861730019608,-5.246875120414425,-5.29862977324002,-5.241556255510997,-5.350061735010147,-5.193343873367655,-5.311594427899792,-5.305474652993824,-5.309751465455141,-5.3056012192935835,-5.306598659364897,-5.305543970585595
2016-03-29,-5.314692176236253,-5.086378920440592,-5.021988893259937,-5.09900335607866,-5.042867582659582,-5.074509240595704,-5.014232637885183,-5.11557969536093,-5.007781163713118,-5.0860288966960345,-5.080745025731421,-5.084500167808361,-5.080761670774072,-5.081438695694519,-5.080782625798039
2016-03-30,-5.504918807613376,-5.242313683413852,-5.153828391818173,-5.254781288227522,-5.172254066266002,-5.232479470284736,-5.1342779421103355,-5.271651742891462,-5.1491778386603295,-5.237561111213428,-5.2335031652668675,-5.238231465437407,-5.233635568699201,-5.234337134439785,-5.233536272592746
2016-03-31,-5.0591260917500325,-5.354047864933319,-5.297597949760144,-5.36881681396018,-5.308517153414102,-5.347968212208592,-5.302048814502602,-5.3856912927130365,-5.265667687734318,-5.352021187875107,-5.349623633724417,-5.3523850219195,-5.349745749614967,-5.350485886487479,-5.349672709980346
2016-04-01,-5.5571765369847315,-5.1060564733163645,-4.998142109667431,-5.123321868739053,-5.030414801671888,-5.103533564899708,-4.966026093410022,-5.146109739828083,-5.001063335418732,-5.104628493986572,-5.0953244930133055,-5.102877574653963,-5.095582765337224,-5.096277695061835,-5.095370767630132
2016-04-04,-4.7862588983670955,-5.370175988491513,-5.268964095079418,-5.386697603401093,-5.307284760148433,-5.365023728388503,-5.244155326677364,-5.409854281827267,-5.280794938966442,-5.369837700965324,-5.360255061120468,-5.367187951262608,-5.3602228773677405,-5.361364705509807,-5.360297478015516
2016-04-05,-4.744883483312262,-4.967482121656746,-4.938337885953893,-4.981416997095997,-4.931179875868654,-4.9671268352943585,-4.955728279541312,-5.003995564295903,-4.902709589052666,-4.967716458758524,-4.966533712383651,-4.9675667990980426,-4.966651184515372,-4.967091983605901,-4.966592479940659
2016-04-06,-4.582285603305015,-4.917675555880174,-4.8796792069484365,-4.930718194890529,-4.842984671763892,-4.912169434786322,-4.877420107536806,-4.948876627908175,-4.792254278106769,-4.918569138976196,-4.914095588680378,-4.917624962569188,-4.914173734152863,-4.914617336520415,-4.914145144885964
2016-04-07,-4.745250574810847,-4.793675151184837,-4.738377392058624,-4.80700330516367,-4.751377752922519,-4.783876175981714,-4.725762339707493,-4.821718759767502,-4.713195786024467,-4.795041937331675,-4.788508933812473,-4.792710114944995,-4.788684134528301,-4.788858740055404,-4.788548505612517
2016-04-08,-4.691294676473957,-4.866062639156975,-4.8649077007389545,-4.878406716486652,-4.818356598757558,-4.854845704692486,-4.883173209161179,-4.897832195859248,-4.774659913208175,-4.865330737310827,-4.867007286707772,-4.866243814976125,-4.867011648231277,-4.8672316397581135,-4.867053796709734
2016-04-11,-4.842855553695379,-4.811193912077006,-4.8103016174326685,-4.820651708208247,-4.756330757251186,-4.797807345071247,-4.831581937763455,-4.835719663944331,-4.7190563118424524,-4.8094793829872415,-4.810908892310284,-4.811144283944547,-4.810984236908389,-4.810986958409453,-4.81093796088198
2016-04-12,-5.342751888493727,-4.909445304888891,-4.8560150471752195,-4.921420671518221,-4.842319400720054,-4.896430504215734,-4.870694281406955,-4.941690332802909,-4.79544073486729,-4.909260354674569,-4.904223981716043,-4.90790363175363,-4.9042515690607,-4.904519460071262,-4.904287530526482
2016-04-13,-5.948926432957332,-5.182199295922238,-5.117568050636356,-5.194551590495435,-5.112313930654334,-5.174950268995803,-5.10545817204417,-5.2139215350344,-5.057138088562434,-5.181928257573528,-5.176009834450163,-5.180550885836459,-5.176128169265469,-5.1765455126258795,-5.176053576596328
2016-04-14,-6.560211482721354,-5.540240564787959,-5.419324786080256,-5.54899526993027,-5.4690570620167795,-5.539356103194232,-5.381398493187086,-5.562853148420592,-5.446311220494391,-5.539546665155115,-5.526412355982823,-5.533808061322301,-5.526509871586658,-5.527035867175327,-5.526426579954019
2016-04-15,-5.476168113823038,-5.915839160473237,-5.801721835009945,-5.929640280835147,-5.856641771844373,-5.9139755251370945,-5.759592105950518,-5.951124514186673,-5.816511376703856,-5.913849585682927,-5.903770734261279,-5.911173434460812,-5.903921149704835,-5.90451406240905,-5.903783901168529
2016-04-18,-5.3541511066981915,-5.427365155051626,-5.375798596658557,-5.442064157225879,-5.358683437052984,-5.424709355389204,-5.385971051133917,-5.463349767557048,-5.324361397519076,-5.4154404939292915,-5.4228386642127635,-5.425985287161078,-5.422910499813075,-5.423471984681376,-5.422893339350399
2016-04-19,-5.631765135829437,-5.404843125231669,-5.316886158410558,-5.41824201161456,-5.349010006708413,-5.398833848719941,-5.284477555085577,-5.441474650899295,-5.328170092375753,-5.3953939414970415,-5.395523087494858,-5.401286713749187,-5.396002151696991,-5.3960956693232855,-5.395558971120211
2016-04-20,-5.153974124647879,-5.562901914189397,-5.439206246792141,-5.576573280425758,-5.521602422697101,-5.5592388453880295,-5.378522333099723,-5.600961995906969,-5.50241836372113,-5.568628813457065,-5.5502144708862104,-5.556685886845342,-5.550623152052157,-5.550908577452967,-5.5502405109906086
2016-04-21,-5.017675818262078,-5.279217192867861,-5.15611695172214,-5.296316183775359,-5.2666742946900245,-5.280839801823911,-5.100546131077205,-5.336106509172628,-5.259926882663445,-5.283496676958953,-5.269383978777205,-5.2759895635472045,-5.269834019047207,-5.269900419187973,-5.269418487652432
2016-04-22,-5.357741938796939,-5.151675271816727,-5.088945546851007,-5.167028098582642,-5.114287974774461,-5.1488218394902745,-5.100463266825344,-5.188065771273691,-5.0900845039360485,-5.140151081206364,-5.146986806900305,-5.150641114359967,-5.147011844468931,-5.147266370705624,-5.147028276163376
2016-04-25,-5.464316414349201,-5.319461822167238,-5.2570299586161084,-5.335664248173517,-5.260434792836137,-5.3163795477481965,-5.254391211899428,-5.356015104964431,-5.217989868699212,-5.3193023156449,-5.31339188876242,-5.3177157825889285,-5.313479231073291,-5.313853023618767,-5.313433571884888
2016-04-26,-4.774777981433502,-5.376551350885811,-5.27187147731058,-5.392671076455587,-5.3311287078085305,-5.368000760935489,-5.233473012767161,-5.402493503093028,-5.293326184002549,-5.380311509141019,-5.364792879463841,-5.374402367310948,-5.364989238440722,-5.36522757590871,-5.364823222904409
2016-04-27,-4.768737668030037,-4.981032526670793,-4.8814751432127865,-4.9959922672699415,-4.972721306371452,-4.9821816808731025,-4.828970431872564,-5.016845393877412,-4.969736268565002,-4.986062928347939,-4.972012109161508,-4.978601231564392,-4.9721833579271335,-4.97205802572567,-4.972040187007617
2016-04-28,-4.380810548836632,-4.9552010134193685,-4.86523747522404,-4.971542470201349,-4.954220765011469,-4.954902307099368,-4.829663266599239,-4.992404707189572,-4.936155874112631,-4.955452566267322,-4.948120087925808,-4.952554986518832,-4.948241341265027,-4.9481528820536145,-4.948156956650013
2016-04-29,-4.969592078787548,-4.710828163299263,-4.605261594451058,-4.7238521191786305,-4.673886831943768,-4.708125991231751,-4.51413319883011,-4.737069091532459,-4.643800010004939,-4.7309786745062805,-4.698685622818172,-4.707905850235694,-4.699111608265537,-4.698398519434612,-4.698706779815896
2016-05-02,-4.860607341907199,-4.992161301237651,-4.925868626413427,-5.006449308999461,-4.951928824322563,-4.990600151494852,-4.892224119506611,-5.023018269161503,-4.931566303417846,-4.995604784534466,-4.986594342237828,-4.990901794442145,-4.986717133314562,-4.986624170365537,-4.9866508455046015
2016-05-03,-4.893366377717694,-4.915750827157855,-4.845547974236325,-4.929887731072272,-4.87050904416031,-4.910971404818978,-4.8073374477012925,-4.945634138325121,-4.824848380202874,-4.911815940086252,-4.9079316144091845,-4.914311631752051,-4.9081261780856575,-4.908035170673974,-4.90798505891767
2016-05-04,-4.809043892638839,-4.93348195168396,-4.860142544217255,-4.9466967666645,-4.871113588545469,-4.930754567487931,-4.835272211280189,-4.963007121838134,-4.847492353067721,-4.934185193502939,-4.926511550625011,-4.932935553923926,-4.92659128580657,-4.926545825287668,-4.926573878581397
2016-05-05,-4.8369458321304855,-4.8929536986832645,-4.807874592541154,-4.908045359496938,-4.853137969953349,-4.8894368260314565,-4.791042109525894,-4.928189577916954,-4.848058944825399,-4.896811950621759,-4.886272928966365,-4.8911385004842645,-4.886319632919711,-4.886169269649309,-4.886338059466882
2016-05-06,-5.083383161309953,-4.934882385261155,-4.849219730996864,-4.946883482656408,-4.883967526977956,-4.930382823601529,-4.836679961865162,-4.965915674674698,-4.876302505401522,-4.942031838384047,-4.9280423914869775,-4.93222745830152,-4.928006900065194,-4.927933009784551,-4.928104817484072
2016-05-09,-5.9758310434355115,-5.069190894111944,-5.005608518989093,-5.083357058432514,-5.001190277211191,-5.06075534955859,-5.010667063858192,-5.103359490588862,-4.983781731711943,-5.062495618455344,-5.063953073443647,-5.0676386242977784,-5.063937948318352,-5.0640160813591,-5.06402292547673
2016-05-10,-5.36341740121004,-5.561215201494961,-5.456384954509698,-5.573207994126563,-5.51911548950297,-5.553247318303144,-5.406863122849244,-5.589514406001897,-5.490412854087838,-5.548226077226155,-5.550029418841698,-5.555245220763802,-5.550115819208221,-5.550440863801107,-5.550049940694233
2016-05-11,-4.670051796798686,-5.279512330588866,-5.210439744853833,-5.294578454783252,-5.205771758449593,-5.272745766878764,-5.202277743522485,-5.309952787188911,-5.167734378100501,-5.267712321115757,-5.27304687721882,-5.2771456742087,-5.273332421917507,-5.273563962659737,-5.273118856519013
2016-05-12,-4.580056007904164,-4.919050867831215,-4.853370405051012,-4.931958439343486,-4.8695312631956895,-4.91022271398388,-4.842504434902506,-4.952430525806335,-4.839748215330156,-4.914333562788997,-4.914027328783105,-4.918055849903402,-4.914312793086632,-4.914028689149486,-4.914095050577922
2016-05-13,-5.640717964252967,-4.848984681014637,-4.8034092538952,-4.860744768878372,-4.795081654646493,-4.835808651434274,-4.8022849014141045,-4.878306531106952,-4.75626482542816,-4.846009565680334,-4.846013474703147,-4.8488812463042255,-4.846142362748319,-4.84585229185231,-4.8460747029906805
2016-05-16,-4.722188791511015,-5.402423436417196,-5.319679547943337,-5.415630548794094,-5.345761464994118,-5.392136886018954,-5.302203408453384,-5.432803330934431,-5.323810511612978,-5.382382960238046,-5.393947842740014,-5.398674670180235,-5.394018609656517,-5.394184811763073,-5.393998777797845
2016-05-17,-3.9085257152270696,-4.887647001053397,-4.819373047258939,-4.89672885054655,-4.844078395221904,-4.877030964877084,-4.796382690586224,-4.909900418336324,-4.807842451149755,-4.8900414397439365,-4.880682157943816,-4.885869598049215,-4.880831897564753,-4.880591260264262,-4.880714764249761
2016-05-18,-4.268605960804968,-4.378847601780174,-4.308543383599378,-4.387931069273895,-4.372370670832066,-4.377791941953052,-4.303255597967327,-4.4066435640119925,-4.368642653848454,-4.393022501148983,-4.374381072741092,-4.376859655387863,-4.374410760500021,-4.374094897270579,-4.3744116176884695
2016-05-19,-5.458128776715135,-4.5309538877543325,-4.460801756373537,-4.539051256784603,-4.4816556972609645,-4.524568185253488,-4.452881729951595,-4.555457189569808,-4.454394898434149,-4.5466640263305464,-4.52487250978452,-4.529684072712477,-4.525056435776687,-4.524476518461245,-4.52491246418133
2016-05-20,-5.535935724479142,-5.154143803140718,-5.120088817200556,-5.163157727846276,-5.128571283949005,-5.148539837806469,-5.146716059781796,-5.177872214139392,-5.128376748429797,-5.165082497832763,-5.153996571015719,-5.154134606901703,-5.153982215197554,-5.154035341357915,-5.154061847087343
2016-05-23,-5.9060286732699305,-5.19540393552615,-5.181677896923573,-5.2042731705020815,-5.126453175142661,-5.190486018893357,-5.20906247039344,-5.219129008691223,-5.104375397786576,-5.186032437436743,-5.195210610862909,-5.195209055497253,-5.19534323825219,-5.195350715684482,-5.195274004128385
2016-05-24,-5.713323551704358,-5.418026137209242,-5.372261335486579,-5.42886702566513,-5.382699378975269,-5.411507739285444,-5.371151954791763,-5.439311534755695,-5.367855332619519,-5.423797852898633,-5.413929436301034,-5.416919904092322,-5.414201775288026,-5.414155215022118,-5.413972284149153
2016-05-25,-6.053039003499436,-5.429864091634607,-5.375328335810709,-5.440868631538685,-5.402340179556122,-5.426887212204926,-5.369868032426956,-5.457164827459375,-5.392695614013522,-5.430090789866946,-5.426154132861065,-5.429547870903327,-5.426265768052661,-5.426432170787916,-5.426188393786566
2016-05-26,-6.2098692964696145,-5.72625314508435,-5.65117634458248,-5.741712854274706,-5.662029508737679,-5.717186309629625,-5.62619708708987,-5.762020122969513,-5.655777212138974,-5.69610780641137,-5.719850171883821,-5.724783267741531,-5.719970912293002,-5.720277971349885,-5.719887255402622
2016-05-27,-5.556354407199681,-5.847396732847516,-5.7879136480358415,-5.8610154732845245,-5.813503097665457,-5.845107132824874,-5.789507014336673,-5.87820595947659,-5.801872712751466,-5.869979741289287,-5.84492678529869,-5.84639244850986,-5.844947933651279,-5.845453270813027,-5.844973113908195
2016-05-31,-5.462363143198725,-5.521285232852953,-5.481686066711196,-5.537086177081448,-5.498223903965169,-5.521285431499286,-5.492588199197474,-5.562417148840414,-5.478602295459768,-5.530488673801988,-5.52018029540803,-5.521153595720914,-5.520315032151095,-5.520700265267217,-5.520241521532678
2016-06-01,-5.491404354852731,-5.458993276662886,-5.430348749341494,-5.473652649448631,-5.407592656007293,-5.455263619759107,-5.4604479212026895,-5.485280477669718,-5.365207853314678,-5.454925244488498,-5.458007357222215,-5.458864642247789,-5.458000985222576,-5.458424590968901,-5.4580669263852375
2016-06-02,-4.989829791849775,-5.465511606447041,-5.472126880895979,-5.479109546252818,-5.430392305481768,-5.457792983087146,-5.481506885210885,-5.491690632161163,-5.405511235881205,-5.46372931508328,-5.467241349567439,-5.465824113311942,-5.467339084722738,-5.46762312125843,-5.467291360720096
2016-06-03,-5.471082226713968,-5.157512419398213,-5.144853281955797,-5.1646850594443485,-5.11421444589692,-5.155828139577742,-5.196544596183877,-5.171341064874017,-5.091888048522773,-5.174029345316928,-5.158083758872708,-5.157687579681577,-5.158123269287617,-5.158317710585525,-5.158125752762931
2016-06-06,-6.425891174194063,-5.384014134714404,-5.384897837302717,-5.3954758767547295,-5.350203057645574,-5.386902987241809,-5.428649301392834,-5.412498450037986,-5.344258061815289,-5.37267597939792,-5.3867781953619485,-5.384395126750222,-5.3867779844671935,-5.38710341956134,-5.386834224246075
2016-06-07,-5.98298427196524,-5.900561108028131,-5.861700203094613,-5.912898049303255,-5.851578655702698,-5.897568714753996,-5.874458460414934,-5.921452127073036,-5.835723987122942,-5.873656124881928,-5.8969761593747485,-5.898507288563356,-5.8970891255015,-5.897436704937421,-5.897034157424211
2016-06-08,-5.636837816703285,-5.702887488752986,-5.71275877019469,-5.713923680236967,-5.637602344608517,-5.7016299678142595,-5.73624426220987,-5.7178872378687995,-5.600417131550259,-5.684754303558421,-5.702450180798772,-5.70308014684074,-5.702388415377628,-5.702984222067997,-5.70251588085898
2016-06-09,-5.401056249018154,-5.537391117332167,-5.557860684273742,-5.54936656208308,-5.485868220738226,-5.527130345509786,-5.615729106697307,-5.5642998479114105,-5.476140037147563,-5.519722455008239,-5.541143418442283,-5.538328183979562,-5.541090502798823,-5.541659318661732,-5.541213876890474
2016-06-10,-4.911615452358287,-5.4448982183254495,-5.439439106434665,-5.45535588150303,-5.4216240234065864,-5.433698676004925,-5.465940645884092,-5.466826641140396,-5.390691074109614,-5.457517320690009,-5.4457782400550805,-5.445218426498186,-5.4459325135138625,-5.44616407155637,-5.4458276410744455
2016-06-13,-4.593510625554176,-5.150917304703637,-5.137696535068491,-5.161147382681439,-5.096314645628531,-5.142834067804931,-5.166987416908208,-5.174732951237521,-5.089568030910181,-5.138523175148056,-5.151385783809632,-5.150911823465068,-5.151443749890527,-5.151675793764812,-5.1514466134574635
2016-06-14,-5.0088360146795905,-4.905130570489297,-4.908178753071246,-4.913192981618015,-4.859206897541601,-4.8962292162062715,-4.960680232132014,-4.920196239901939,-4.829207378913469,-4.901180657000652,-4.90797461707367,-4.905680526955055,-4.907839214285365,-4.908055416865815,-4.9080317095505634
2016-06-15,-4.553532511049989,-5.091261168916391,-5.082635324324874,-5.101298749471975,-5.03122132332642,-5.086149633222706,-5.121022974485136,-5.116754348041763,-5.00236248934023,-5.098557923084483,-5.093465055648061,-5.091937262627528,-5.093498675838144,-5.093615184614782,-5.0935353619690025
2016-06-16,-4.986649181448948,-4.804411600278669,-4.789575674922942,-4.814264212489619,-4.75101808636478,-4.79973398583719,-4.817244011874844,-4.83230917394574,-4.726076814266898,-4.80613181137896,-4.80380160490922,-4.803929860553996,-4.803869378528956,-4.803734054114232,-4.803865849995545
2016-06-17,-5.279722392017313,-5.01706413448994,-5.001519165222678,-5.024842004253661,-4.980591697778076,-5.01054959219937,-5.013120516637996,-5.036875261465453,-4.953960964238077,-5.030464916696884,-5.017088687993715,-5.017610602186624,-5.017122605980785,-5.01705670924739,-5.017135741521706
2016-06-20,-5.399092642498672,-5.200988794260903,-5.1993496388180676,-5.208546679797632,-5.150791879283207,-5.1980055596390375,-5.231433062733186,-5.221465356301981,-5.124214174481001,-5.2291227027373175,-5.204029162794627,-5.202059210295602,-5.204133243921388,-5.204082531178883,-5.20409641978694
2016-06-21,-5.035027104783021,-5.311002945914196,-5.27468205339053,-5.3182170614253135,-5.251204069092411,-5.303927898456751,-5.294161010168175,-5.3340590463417294,-5.224514855352094,-5.315380369389746,-5.309799298559379,-5.310613367234668,-5.309790125894624,-5.309933302442972,-5.3098571346389685
2016-06-22,-5.373286578204646,-5.121477147888941,-5.157021957203974,-5.131337074451993,-5.081074180894836,-5.113396427361281,-5.193718961839929,-5.142006517065411,-5.028140211160833,-5.125272017313283,-5.127158537281798,-5.123700466885615,-5.127063837372447,-5.127138882966615,-5.1272261076753525
2016-06-23,-3.3590301965221707,-5.3360785046953465,-5.385838499122075,-5.343268127121204,-5.287033365463741,-5.334254763578704,-5.440687348957444,-5.354295744284634,-5.268854044217584,-5.3304719973941985,-5.3428447123911535,-5.338744261729621,-5.3432927903115734,-5.342909324526673,-5.342909792846261
2016-06-24,-3.810581800212376,-4.104228745541811,-4.055784854577813,-4.109560151593136,-4.114498737389019,-4.10318925506685,-4.045235773984627,-4.124593095222364,-4.125865648527111,-4.135957973818608,-4.101979491338151,-4.103876416912304,-4.102104277660366,-4.101887635176529,-4.1019888700705325
2016-06-27,-4.53873447493335,-4.254507244923353,-4.223845953423481,-4.257105044989629,-4.221752780656238,-4.247466208172755,-4.216826035630833,-4.26533481005729,-4.1993656390176435,-4.261262421672695,-4.2515923989087385,-4.253617205310831,-4.251632037726478,-4.25142007389609,-4.25161405751551
2016-06-28,-5.680728349362601,-4.602733078209638,-4.577699611232698,-4.606637089946837,-4.582399085009956,-4.597071541619799,-4.564756475838119,-4.616694935594108,-4.557844808965774,-4.662335239435772,-4.6016563836354,-4.602919702614766,-4.601971040111863,-4.6014498101797985,-4.601670623191643
2016-06-29,-4.708451015070849,-5.201785528959392,-5.092446109160807,-5.206784324156187,-5.1493432567637125,-5.198839726525677,-5.0232708509465045,-5.217446204212777,-5.125437476323705,-5.214849978970255,-5.1893763770475845,-5.197447877320529,-5.189695841181617,-5.1893988558732715,-5.189392472849398
2016-06-30,-5.332913366462846,-4.6799351254709665,-4.678000323875643,-4.685066196731265,-4.6506053150947855,-4.678279864899182,-4.7099544516739345,-4.700407776411539,-4.6404998422292225,-4.716964103895485,-4.682406862663878,-4.681016245265461,-4.682800959643858,-4.682362450670266,-4.682447514388391
2016-07-01,-5.159504062838482,-5.104286397932538,-5.099989228758341,-5.11007085541345,-5.083807037753476,-5.103666725476003,-5.111709847248667,-5.122195528294588,-5.068983150439105,-5.172157535935333,-5.107020378129815,-5.105410086724935,-5.106999991082972,-5.107024957741127,-5.1070640853096325
2016-07-05,-4.468997678507966,-5.1005527492577505,-5.06471177047956,-5.1064437663436735,-5.053824562468492,-5.101085075136611,-5.081906489711283,-5.11818721969999,-5.035176285699061,-5.1164492717831305,-5.098831163045909,-5.1005434351575785,-5.098874082223849,-5.098812462273547,-5.098873198833534
2016-07-06,-5.038363366709016,-4.73583943769036,-4.715330357303224,-4.74102539149731,-4.701018923390443,-4.737625876957673,-4.737538797460935,-4.756439529217935,-4.68944976441366,-4.756163478955753,-4.737250117843102,-4.736505209790161,-4.737339848528468,-4.7372116396308295,-4.73728997820542
2016-07-07,-5.730193181410822,-5.007821396173044,-4.980511596622548,-5.016285611941466,-4.954877074898769,-5.009086796817749,-4.977718881218264,-5.037916171343236,-4.934776427970939,-5.055692439797768,-5.007860737720868,-5.008113931975391,-5.007920736425236,-5.007839467055574,-5.007928930646145
2016-07-08,-5.8883133292034335,-5.398325838169263,-5.371005919645988,-5.406281058444643,-5.357356872353954,-5.399570261294771,-5.368034604036475,-5.425210584144599,-5.355189343961821,-5.431812758987236,-5.398665064099755,-5.398629819869502,-5.398829029610182,-5.398846566282274,-5.398706937836896
2016-07-11,-6.204064591389888,-5.493792142666356,-5.493500410450955,-5.502717178575094,-5.457066730164432,-5.498417506530825,-5.533443570049964,-5.5182193869514125,-5.436829118082127,-5.545139656360364,-5.497218656002403,-5.49419960409639,-5.497055218209276,-5.497455398248243,-5.497287001550573
2016-07-12,-5.686412463790779,-5.691250792400945,-5.661280307472593,-5.701100134827828,-5.660891196368606,-5.6955020475711144,-5.6636880768113285,-5.717870082815907,-5.659090038443805,-5.729575083722864,-5.691785552871298,-5.692009783575937,-5.691817375417975,-5.692004654798866,-5.691829559082854
2016-07-13,-5.835187668398243,-5.50483396147868,-5.4717738105086,-5.5152017361821075,-5.445800523453766,-5.5106518925938675,-5.474278963611264,-5.5262286931769316,-5.408198229448422,-5.535830543131575,-5.50274052965509,-5.504877672381069,-5.503213414696924,-5.503109540010303,-5.502800091838479
2016-07-14,-6.09745643939296,-5.635997668683438,-5.601757255615385,-5.6431279984290175,-5.600639412933525,-5.644779284614053,-5.604160550634109,-5.653304582267663,-5.5826667941419466,-5.673565491119804,-5.634310522828838,-5.635993415697321,-5.634948553151983,-5.634752849565088,-5.634361204581685
2016-07-15,-6.436636619952522,-5.796455139770895,-5.777693219302739,-5.8021382557074315,-5.769808768152391,-5.808657131631517,-5.803374713256628,-5.8080331068595,-5.755839294850591,-5.8526790890460445,-5.7966619818376675,-5.796426836345672,-5.796779674813122,-5.797047808166307,-5.79668757785041
2016-07-18,-6.173432004206189,-6.000546637273547,-5.993980910553194,-6.006057960683734,-5.960206034513863,-6.010036910846702,-6.006327405432914,-6.007161748054026,-5.944191241373046,-6.013993267588328,-5.999621020721488,-6.000454956469985,-5.999808938875628,-6.000129052048451,-5.999669014783712
2016-07-19,-6.420737083766574,-5.872802801932092,-5.863959320950939,-5.878181969142706,-5.849538939063558,-5.88772811875004,-5.893593481432757,-5.8865281058023164,-5.818433272377342,-5.891143618200552,-5.872935543939298,-5.873199669844075,-5.873409709423149,-5.873486528664585,-5.872986990410532
2016-07-20,-5.938887017434677,-6.0435031004079045,-6.018649052855073,-6.051858766172032,-6.006539704527349,-6.0534114849520115,-6.043662860896909,-6.059498477253781,-5.99155833310216,-6.017777851270095,-6.041706636034427,-6.0434603294984495,-6.0420346916790555,-6.042279279061148,-6.041763034116094
2016-07-21,-6.315702069955716,-5.803069578491376,-5.772304480442398,-5.811816537510212,-5.759720222076077,-5.807889436939682,-5.776209440578543,-5.818971835542282,-5.752521714740679,-5.763779622702417,-5.8011829931782755,-5.803243870071742,-5.801521882619635,-5.801677005662215,-5.801229244089343
2016-07-22,-5.962219672172932,-6.013623580478536,-5.970749481199343,-6.0239513826109965,-5.963631921962459,-6.005589652245676,-5.9787694177648145,-6.033086721093248,-5.952814375433245,-6.005275082026478,-6.009788784797334,-6.01315162679672,-6.009929663819371,-6.010426113337162,-6.009839012500664
2016-07-25,-5.289061243834768,-5.81335499317328,-5.8142358306225965,-5.8234053529297425,-5.77622157461644,-5.827966950730405,-5.838700772987656,-5.8323906752459775,-5.743884029440245,-5.768077664153679,-5.814056136358101,-5.813607061216841,-5.813960593118606,-5.814648599287093,-5.814117836149193
2016-07-26,-5.391349104661126,-5.406657011158003,-5.387535716975641,-5.417622205595531,-5.376402020089236,-5.397921582201045,-5.368396933916247,-5.419178718288851,-5.330006679175539,-5.372029183014353,-5.4034524789246605,-5.406251220294175,-5.403758153975817,-5.403754107261623,-5.403479364177942
2016-07-27,-5.235309736004799,-5.454320890821292,-5.347059411862863,-5.46712688605999,-5.441725546694366,-5.459473549039402,-5.286756087782696,-5.493783869898138,-5.423709542837114,-5.477476260725149,-5.446366576456188,-5.452816978052105,-5.446423906540423,-5.446858141829771,-5.4464120157004885
2016-07-28,-5.537482390930272,-5.365277777985792,-5.298578103352087,-5.376941490343811,-5.339618002718609,-5.369242999496473,-5.267265106298366,-5.384430679940457,-5.309637571372713,-5.403110668501516,-5.358930952956323,-5.365169545244514,-5.3591764225731024,-5.359188042021909,-5.358960271104853
2016-07-29,-5.206597068421661,-5.511217750432531,-5.455424374035071,-5.518775420464472,-5.474631531400325,-5.520184380943352,-5.448066292319583,-5.5237054188822565,-5.46153818802397,-5.551625216925599,-5.505458154475324,-5.510430869726485,-5.505725395586104,-5.505633494332137,-5.505498790384396
2016-08-01,-4.967466800749108,-5.3067929329056724,-5.280517442513672,-5.3157175970777395,-5.256081014142162,-5.326648369961469,-5.312515301938977,-5.321071822580338,-5.217649548592165,-5.366404474563812,-5.305479335702416,-5.306056774768864,-5.305476542593631,-5.305656802251662,-5.305527299193524
2016-08-02,-5.798116164359333,-5.169670591279999,-5.140518293962645,-5.18017827970848,-5.126747183041206,-5.186217173322457,-5.11720865271814,-5.1984357288609395,-5.082659963492487,-5.211503274545648,-5.1666520313440225,-5.169372602064619,-5.1669704903065385,-5.166822950505217,-5.1667137719085385
2016-08-03,-5.937998163921056,-5.617987762605414,-5.5554145086660895,-5.629718007860382,-5.568005638485255,-5.633898650077691,-5.524924297469533,-5.647879421383698,-5.517385744804314,-5.664970244077031,-5.611454853267475,-5.616673854703566,-5.611765837804739,-5.611974550066164,-5.61151784796889
2016-08-04,-6.698029060860588,-5.722588617662578,-5.658042255536659,-5.733086949033762,-5.68188486506728,-5.744497323675446,-5.633670404834582,-5.741192381503152,-5.64583413232719,-5.788392829572465,-5.717708781689341,-5.720862696844931,-5.71798006312168,-5.7183583418502675,-5.717780387584048
2016-08-05,-6.894678303656875,-6.1690846675289865,-6.065658198460643,-6.17851170745675,-6.142738522206583,-6.195912651360511,-6.048875734551369,-6.194756267174528,-6.129567981042779,-6.251885039059867,-6.1617094969977915,-6.165821694450951,-6.161891466797496,-6.162371410227872,-6.161747995442393
2016-08-08,-6.67495497268154,-6.34315480671748,-6.260688198705706,-6.354385965283259,-6.310498253459447,-6.368916666974275,-6.248718610500598,-6.365982086452057,-6.29380643679538,-6.363204667907881,-6.337140288160052,-6.341186535576009,-6.3371678981227655,-6.337885158909127,-6.337179134285708
2016-08-09,-5.924876618006833,-6.334082091227833,-6.2698219148502305,-6.347081872334819,-6.305904533555659,-6.363311784229299,-6.258805981138937,-6.369263362684843,-6.274220967275842,-6.405186449432842,-6.329979386965339,-6.333775059654466,-6.330116059281093,-6.330828207924711,-6.3300170598396495
2016-08-10,-6.323026045905841,-5.953267526776523,-5.92347681508751,-5.964327616199862,-5.9054992839325475,-5.963684278352054,-5.922094818734704,-5.962313758984342,-5.862236467814319,-5.984440199889391,-5.9493512102863155,-5.952673727375416,-5.949576750792643,-5.949782780261693,-5.949376398540178
2016-08-11,-6.517965802854378,-6.174880555445589,-6.130943961346168,-6.1832185933012775,-6.1342891780850035,-6.218074955509444,-6.136256957188069,-6.183404817199173,-6.083383383694101,-6.21568874209148,-6.171450211287316,-6.17446303872807,-6.171465717040991,-6.171972071847217,-6.171470872425984
2016-08-12,-7.517845587657257,-6.271856967176187,-6.234842538818075,-6.281938860833884,-6.226214388690232,-6.299782256251573,-6.241254740260952,-6.287229829385692,-6.191185263835355,-6.367787452104141,-6.269264954400077,-6.271438171893543,-6.269330253867713,-6.2697913116271184,-6.26929353091278
2016-08-15,-6.352358140293026,-6.8009885922687,-6.730543119921893,-6.811076481355719,-6.778525631249629,-6.834554771319977,-6.675106928051094,-6.829322101235396,-6.776124216907261,-6.8877909374903314,-6.794430034270767,-6.799001573328418,-6.79474299864992,-6.7947757145175665,-6.794424075532686
2016-08-16,-5.365501801928777,-6.199444301337401,-6.153273203963296,-6.210920377237906,-6.17227822143261,-6.230530447790331,-6.151484405381672,-6.24357792044104,-6.174916796509668,-6.250739320424493,-6.197188283746992,-6.199084432996285,-6.197487241950545,-6.197494613223729,-6.197220754268672
2016-08-17,-6.46817497326291,-5.6516852621215055,-5.6361246146561506,-5.6659806875379495,-5.637612136416215,-5.669579984746904,-5.620839564391751,-5.714927086298688,-5.641667813601853,-5.736691085371057,-5.6546702463774725,-5.651985953181994,-5.654758627686842,-5.654938609088228,-5.654732132668089
2016-08-18,-6.228730188607646,-6.213001834660765,-6.167703385766039,-6.224241482513922,-6.190045866173383,-6.253732010212511,-6.16602460535745,-6.24853506116926,-6.180653471548701,-6.306560547298668,-6.211371270911034,-6.21269395074298,-6.211563981374096,-6.2116238025121016,-6.211403138389884
2016-08-19,-5.241344205024928,-6.082874149670063,-6.0652805430499575,-6.095833897826654,-6.0624935608356,-6.118496274402371,-6.089204588028042,-6.109095741080707,-6.034685287520511,-6.14032090727933,-6.084228993900145,-6.0828767409954505,-6.084113795162814,-6.084523256326549,-6.084263508122594
2016-08-22,-6.79026406731946,-5.492348439685024,-5.525791867555282,-5.50296658604155,-5.457493846809124,-5.523882806148589,-5.598127817931681,-5.510983839134129,-5.4119453607285015,-5.499580548337701,-5.4976417686481165,-5.493690450716938,-5.497622780374702,-5.497798781231806,-5.497692491946466
2016-08-23,-5.889759290969891,-6.281750170366122,-6.267051294934889,-6.2921786433479285,-6.254231357032412,-6.299707456118869,-6.302031814793381,-6.291123483180591,-6.237711919100222,-6.370683116947624,-6.283046522048947,-6.282194147862317,-6.283004799442598,-6.28329578870268,-6.283097765287664
2016-08-24,-5.875093504105653,-5.860768299570766,-5.877352758806323,-5.87178893134588,-5.842239696019641,-5.899298552773594,-5.931199723685983,-5.878654685905112,-5.800127780582667,-5.9261492469357755,-5.865587810396474,-5.861614493817349,-5.865520990912323,-5.865819438891314,-5.865637949109622
2016-08-25,-4.362082137412471,-5.837858050105541,-5.821520706468587,-5.851456631232667,-5.8211341954190425,-5.8758597426869565,-5.8602678785772735,-5.858298094665004,-5.757894393426191,-5.870468438826215,-5.838163119521352,-5.837944544425523,-5.838228528298063,-5.838377571784922,-5.838202527017824
2016-08-26,-6.414433749781236,-4.932696981907596,-4.951969525833924,-4.940207330885296,-4.918309945647332,-4.991210895813947,-5.018474953157996,-4.969475949663984,-4.912592369153009,-5.019803646762385,-4.94131674270472,-4.936868210886611,-4.941320172984788,-4.941230938623068,-4.941355958673333
2016-08-29,-5.933704026894741,-5.999537016431873,-5.993800283650982,-6.009632746774254,-5.983804967114946,-6.041652100275248,-6.016447414715434,-6.029675125526811,-5.963293259796991,-6.053961743923634,-6.002050773343043,-5.999828755531471,-6.002023638661343,-6.002054545778124,-6.002087876622965
2016-08-30,-5.734171951591285,-5.747291213819596,-5.75216318578997,-5.7565602866246035,-5.732207947710971,-5.781454870858942,-5.784098467586914,-5.795878918314503,-5.7306907634049296,-5.828401421999222,-5.752752569652491,-5.749294027615106,-5.752720573636212,-5.752825686401142,-5.752817465154194
2016-08-31,-4.940466091732102,-5.656323131079694,-5.6588391456869935,-5.66622703365746,-5.618770122418719,-5.715518627492828,-5.707975983596679,-5.675325290775236,-5.59680639168329,-5.746613708866678,-5.660655088376984,-5.65732737646039,-5.660836097495818,-5.660723140809889,-5.660716930486656
2016-09-01,-5.926309436841538,-5.217665510448284,-5.2270867424198215,-5.2261691727017725,-5.182934646506958,-5.25759767028008,-5.297352576057499,-5.238033343668512,-5.15509486458289,-5.3356035512804025,-5.22278189770213,-5.218818992523072,-5.222577963382968,-5.222767714678924,-5.222852226765615
2016-09-02,-5.978101208766328,-5.813223568794703,-5.788884726447857,-5.822243268114219,-5.798708901889132,-5.8737962011911895,-5.811455001460064,-5.843685092701464,-5.798533642123056,-5.888000238674139,-5.8162033740389525,-5.814408187775628,-5.816323240437175,-5.816222183631562,-5.816254852645296
2016-09-06,-6.163967272171844,-5.826880791792095,-5.8058766906167,-5.834959966745495,-5.803773633253135,-5.876567483061698,-5.842521704198584,-5.852206876247828,-5.795161141203385,-5.938172382961216,-5.829021662499463,-5.827299409113474,-5.82892614541011,-5.829085227494392,-5.829080822251411
2016-09-07,-5.760958735366564,-5.927098257055436,-5.906360742163471,-5.937227612571018,-5.891954083140252,-5.951034176326646,-5.9209433382343635,-5.948196739359571,-5.858893419414541,-5.8959927609302385,-5.926117904156322,-5.926648876660086,-5.926155265481487,-5.926210890265926,-5.926164577189085
2016-09-08,-4.7053079052754345,-5.720442872314239,-5.7319115215659275,-5.733258403366785,-5.6974919784479985,-5.73634436880642,-5.767438072025233,-5.757803295649802,-5.672188186508942,-5.709111140009733,-5.7235159607255595,-5.7216186935614735,-5.723463613884557,-5.723587341171793,-5.723587733635506
2016-09-09,-4.269111568039229,-5.152481536547434,-5.1350705859694274,-5.161349315850295,-5.136485349430739,-5.196010807603201,-5.13822661107037,-5.187985667336582,-5.139560029281923,-5.2259261048874,-5.155332087686557,-5.1536658694240876,-5.155230665447891,-5.155282890109494,-5.155388071581091
2016-09-12,-3.6773869936218144,-4.802950696652025,-4.774252294611205,-4.809405580623452,-4.782010648633126,-4.845254942124897,-4.770047132258096,-4.826168311569999,-4.766886372167832,-4.816988978430751,-4.8022453041298,-4.803156841826878,-4.802415486393736,-4.802104998195705,-4.8022809187673445
2016-09-13,-4.569835408068026,-4.338413435981706,-4.350552877762482,-4.343162573682346,-4.323606581380993,-4.376014321554938,-4.363835050467073,-4.366742255959968,-4.320854313315097,-4.399818229083249,-4.342384658815864,-4.341002838419198,-4.342878568040436,-4.34214369465783,-4.342437422378802
2016-09-14,-4.765308660759157,-4.745219265044658,-4.742303574643699,-4.750679226448706,-4.70790732957899,-4.761295145920569,-4.741652913694657,-4.771251550111886,-4.694662754926844,-4.6661396375629245,-4.746207604449187,-4.745798374007176,-4.74636477736805,-4.745973493987264,-4.746269424896537
2016-09-15,-5.2664063849214875,-4.814652153004369,-4.833165787266157,-4.818660889364208,-4.798751971526236,-4.850273815921835,-4.865872326075531,-4.834415053869682,-4.783857992853715,-4.821729192679586,-4.818117385244131,-4.816025991786601,-4.8181894616362015,-4.817957251812323,-4.818158487962271
2016-09-16,-5.222861263183371,-5.077019114883106,-5.093786953824462,-5.081163537770608,-5.0711582846558825,-5.126061086531978,-5.120574389645967,-5.102652694049523,-5.078324146216897,-5.067288201341395,-5.081525489409299,-5.079424145340626,-5.081480126312769,-5.081405350647197,-5.081550728199357
2016-09-19,-5.550448877104207,-5.086280492860574,-5.124358617661787,-5.09149498829395,-5.0604301154168585,-5.1103101698033235,-5.170540655896976,-5.102147421535375,-5.042753658325181,-5.0704592484362205,-5.091051101500008,-5.089315347289466,-5.090935610320074,-5.090969349704545,-5.091100885149518
2016-09-20,-4.774767684576193,-5.356005094080222,-5.3785901291139595,-5.361422548376811,-5.331843804003533,-5.403214607016703,-5.417087541170157,-5.3694299251117075,-5.314779639619857,-5.366582802819815,-5.360792262616736,-5.358576424168246,-5.3607727147898485,-5.360774028837573,-5.360839115473622
2016-09-21,-5.555199797845133,-4.969898429498827,-4.992186700595862,-4.974688763574356,-4.965318381636466,-5.0163114449321515,-5.030280013580058,-4.994578831948637,-4.968924606444417,-5.031142385941293,-4.97606236624149,-4.972918670118243,-4.976043564118462,-4.975962290460808,-4.9761193550240845
2016-09-22,-5.893032221596162,-5.398949049457326,-5.419488694135325,-5.404192397447986,-5.3864163851308104,-5.4436350175873525,-5.45704952352811,-5.419700433746678,-5.3818179119528216,-5.440482282714474,-5.404567334486568,-5.401747054825105,-5.404538676421975,-5.404557172011843,-5.4046291454460675
2016-09-23,-5.632052484605735,-5.587368454689481,-5.574543150851778,-5.5933184952956605,-5.562472565536459,-5.627707010759128,-5.581034720989575,-5.610019162728901,-5.56494896494911,-5.530511532443526,-5.588529979761421,-5.5882674741952,-5.588656815158418,-5.588577337905111,-5.588590258981374
2016-09-26,-5.253260420421033,-5.471704965019628,-5.473382176190023,-5.475354717964024,-5.450840270334331,-5.518797392290938,-5.493074668832139,-5.486648986358291,-5.439811557932789,-5.498754743707514,-5.474113769816465,-5.4728819548877645,-5.47422743455443,-5.474204142895748,-5.474173203661133
2016-09-27,-5.191051358567063,-5.266673479645832,-5.293004267118327,-5.270422828604319,-5.2558927779841325,-5.3166795160144815,-5.323310163881137,-5.287355662455796,-5.254113336887846,-5.355086282213518,-5.272620197815619,-5.268650474961339,-5.272539141940639,-5.272670560094553,-5.272664471086936
2016-09-28,-4.296778300786288,-5.271394779438933,-5.2755473380846984,-5.276772104239806,-5.238991177724041,-5.253774404332193,-5.29101878264728,-5.311873953578608,-5.208096980103576,-5.3336554707112835,-5.274033550473222,-5.273258170016283,-5.274286020998247,-5.274075497354789,-5.27414352889798
2016-09-29,-5.402152596587006,-4.727048926422081,-4.722141330553648,-4.728705151110714,-4.70415558731891,-4.73509017395685,-4.738969359281222,-4.749334490061906,-4.691793644050559,-4.777584790709925,-4.728675210492404,-4.728058630731907,-4.728840635286712,-4.72835259613833,-4.728751962217257
2016-09-30,-5.447260076696418,-5.266577041906687,-5.250237799062767,-5.268201668518681,-5.2615631179215985,-5.337040766871336,-5.267518061905894,-5.282239342328609,-5.27303834122882,-5.3321027854921415,-5.2685171038153085,-5.267444476890185,-5.268512791313732,-5.268522025063943,-5.268558326536047
2016-10-03,-4.661792864870411,-5.283501258565012,-5.286261772377783,-5.285009389140121,-5.281349190174086,-5.356694558189333,-5.308840130030169,-5.30524208747769,-5.2973900269955285,-5.3820774307378,-5.288822177700418,-5.285310164080178,-5.288782008770615,-5.288855922894652,-5.288881420153027
2016-10-04,-6.01040586604165,-4.863962306720956,-4.869662253366062,-4.864370398580086,-4.861699018544579,-4.931906514691232,-4.901751653268816,-4.879624772800085,-4.8949776963634655,-4.914554995792393,-4.868731997977739,-4.865435134527415,-4.8687350051772755,-4.868647648144936,-4.8687743593706285
2016-10-05,-5.577353767289457,-5.55284614434946,-5.531539101830275,-5.553940512953959,-5.549280450930544,-5.671977810777984,-5.52379864434673,-5.5779371419349015,-5.603657237966785,-5.683765350956691,-5.558057816123052,-5.554956251635768,-5.557934399272591,-5.558129128914036,-5.558109522198049
2016-10-06,-4.856757206130357,-5.408768408423015,-5.403398358159399,-5.409103091691679,-5.40729553494048,-5.493128121451807,-5.410510645538584,-5.433650270498594,-5.446677041939871,-5.480545611143735,-5.413386163683925,-5.410816576620919,-5.413306681397829,-5.413510004098463,-5.413438195345604
2016-10-07,-6.730787970988302,-5.020362181703399,-5.034765455141912,-5.0203974504471995,-5.014689009174233,-5.101927532271053,-5.075760267815754,-5.034357178892152,-5.025173413377908,-5.096359052418419,-5.026266089343623,-5.023583254831915,-5.026300864865812,-5.0262999467218785,-5.026326596731644
2016-10-10,-4.959873811525224,-5.971512667466683,-5.961797324494124,-5.973144378676853,-5.979626143696795,-6.029445114654451,-5.985319019644416,-5.9898460115687024,-5.993563823915581,-6.01137576119632,-5.974467628542747,-5.973048230929185,-5.974487661914703,-5.974609446195615,-5.974508728994866
2016-10-11,-5.388767230975544,-5.126374526273568,-5.134327450198597,-5.126680908983249,-5.126861812976651,-5.1993266649820296,-5.143027461399969,-5.142096527099025,-5.150504437461526,-5.142406941537911,-5.130139253616472,-5.12788679489913,-5.130233411073879,-5.130165618021464,-5.130162847251493
2016-10-12,-4.722436167012949,-5.325836872886741,-5.354935571696611,-5.327052159470482,-5.31935712010261,-5.361722161058182,-5.393358244117926,-5.344120968633791,-5.318998762786435,-5.361802555794547,-5.330930253074045,-5.328496173001165,-5.330924888376045,-5.330985016092811,-5.330982965750608
2016-10-13,-4.9414030928340695,-4.976748423934515,-4.971727874551438,-4.977691235756557,-4.958643704837554,-5.018453652775604,-4.976221350451996,-4.998806785066923,-4.942325723824011,-5.005234946358992,-4.9778642947286995,-4.977840197024102,-4.978008719548195,-4.977870335639989,-4.9779338162927145
2016-10-14,-5.309550099167194,-5.092066825640982,-5.11717356146323,-5.092824873744168,-5.070645567654011,-5.149491851619871,-5.1609990544988,-5.108819271211051,-5.07534419806637,-5.172470799108671,-5.097960906513716,-5.094408244407307,-5.097882415551544,-5.097984517081241,-5.098039071486202
2016-10-17,-6.178193667792738,-5.248807638289928,-5.29388958383251,-5.249664425500975,-5.224535093387727,-5.2986083377607835,-5.352080334963873,-5.26382852879403,-5.164794907868994,-5.294475590068497,-5.254602341491396,-5.251940711619591,-5.254831281212878,-5.254642451403448,-5.254674513329673
2016-10-18,-6.249855856549078,-5.714060434309268,-5.695354609613626,-5.715936002023913,-5.705687487431708,-5.7679197490746565,-5.706317839893725,-5.736073135607607,-5.729576503670902,-5.822918616870709,-5.716405992717463,-5.714495255088537,-5.716342305174711,-5.716502803469427,-5.716475522202054
2016-10-19,-4.763707768878349,-5.7772708826967705,-5.725754315176631,-5.779328793181547,-5.754418128032261,-5.815863649867466,-5.711624364285497,-5.794742373525916,-5.738096410948985,-5.843511361954087,-5.774278541946706,-5.776032186349383,-5.774494885892737,-5.774413306794868,-5.774351149998822
2016-10-20,-5.907754958241159,-5.047243416491661,-5.052331517872711,-5.047457420464241,-5.0434352010190215,-5.051322962020393,-5.0729899478045635,-5.056417930287873,-5.039721533983232,-5.079807635936143,-5.048156729592794,-5.048127642095881,-5.0483109378823965,-5.048183260029313,-5.048194824240244
2016-10-21,-6.463642880523005,-5.655358476435039,-5.622114655583805,-5.656200737582247,-5.650599037766597,-5.692819030766856,-5.618435210305857,-5.667802660966205,-5.639410744900264,-5.745019620733722,-5.653509059009793,-5.655384722916615,-5.654128859508811,-5.653586518284029,-5.65352699782091
2016-10-24,-6.1318374730098935,-5.9698562384912615,-5.924160422666084,-5.970878987874199,-5.961297283959248,-6.0164944899340735,-5.902376025594925,-5.9867808314816475,-5.962561307188413,-6.072097106420012,-5.967926549861645,-5.96956355076601,-5.968253020623904,-5.968116112813839,-5.967984991906241
2016-10-25,-5.270047631097262,-5.809494836333806,-5.740566954025447,-5.811234724775005,-5.792206274634549,-5.845154976144738,-5.686948518658281,-5.822589003243098,-5.760617550917875,-5.910311961263561,-5.802005637766036,-5.808483638262842,-5.802300951816125,-5.802144317016896,-5.8020320008115185
2016-10-26,-5.312904642367961,-5.34960805243745,-5.278240278005695,-5.351919601153689,-5.336007824383391,-5.343608313360472,-5.215417230095305,-5.373323604302005,-5.304934337674015,-5.4109623946807295,-5.343917248521081,-5.349482958743103,-5.34420671553431,-5.3439349067796895,-5.343995894344324
2016-10-27,-4.146700529853503,-5.4136476739500505,-5.312591082228577,-5.41429029136829,-5.4225136666779,-5.471609891047863,-5.24778037285232,-5.424176609796989,-5.403976235651619,-5.552035980432508,-5.4056718197930875,-5.412615803733843,-5.40580764839839,-5.4057081419628545,-5.405690837845214
2016-10-28,-5.751450535538839,-4.700665038423854,-4.645668892647992,-4.700127094552284,-4.709707732398446,-4.754160669267681,-4.60202028951744,-4.706555868402485,-4.698891034922721,-4.809497269516593,-4.694311016065241,-4.700314803422737,-4.6945071067399375,-4.6941129409915145,-4.6943299062410375
2016-10-31,-4.600634806607433,-5.4841325203864555,-5.431106592697028,-5.484580450559211,-5.477372916171611,-5.540305731411292,-5.409327789686872,-5.499904609953474,-5.459103269835936,-5.612448415339594,-5.48083437604908,-5.483255904923947,-5.481031347183616,-5.480832166147375,-5.480914400619288
2016-11-01,-4.569718118119191,-4.869003809720137,-4.824117737606052,-4.868792083879075,-4.856445080949057,-4.9172717979902165,-4.763621147358644,-4.88524487868916,-4.849582087982411,-4.9780282492585615,-4.8664451176355215,-4.868926674782067,-4.866776810414837,-4.866287340967903,-4.866498114108029
2016-11-02,-5.424234910338775,-4.817856167807953,-4.771972143433149,-4.8169051209052585,-4.8132627324994095,-4.866817161697444,-4.725394542263799,-4.832052615005476,-4.814900353781687,-4.922914178671777,-4.815151821923561,-4.8179178278282295,-4.815224028647956,-4.814991798938095,-4.81520788181453
2016-11-03,-5.379005052129293,-5.239495409856322,-5.175301397122019,-5.236882047185327,-5.230847964823007,-5.2999106958876006,-5.1572691392330015,-5.2522721414037274,-5.222892210231074,-5.36928153000572,-5.237300224035069,-5.2389827766291095,-5.237250615100885,-5.237272476391808,-5.23738580331235
2016-11-04,-5.679059872997974,-5.281703257585601,-5.206787469666518,-5.28007429559312,-5.272201091166998,-5.3146619661254135,-5.169078177889523,-5.294598748203784,-5.259693242213529,-5.350065035033124,-5.2759438197936035,-5.280338727802635,-5.276095802795592,-5.275951365263342,-5.2760008968994745
2016-11-07,-4.914572373316215,-5.426317147971881,-5.389317140952769,-5.425514435066893,-5.429708909137601,-5.485810820463696,-5.363756544965009,-5.438924532041823,-5.442773161575919,-5.546597351299592,-5.424252446167572,-5.425526980425781,-5.424831849794836,-5.424333512052935,-5.424267333717121
2016-11-08,-3.4635256253234896,-5.075277276995837,-5.0539364625218735,-5.07408426915355,-5.079330669681047,-5.146399783933058,-5.048458709570408,-5.086050956141451,-5.094968698972604,-5.188514808927807,-5.076127267214751,-5.075826049072579,-5.076252359847608,-5.076127382655896,-5.076152610012785
2016-11-09,-3.6672651373292564,-4.220262343833907,-4.05861063346043,-4.2180073027884815,-4.236594632139769,-4.286718467883153,-3.920516592002974,-4.223339435067031,-4.236050605953992,-4.308465098714856,-4.203361766353772,-4.209481719957692,-4.203579599302293,-4.203160033979765,-4.203309483639983
2016-11-10,-4.639001201151594,-4.22365087042493,-4.077227412519724,-4.221373377801562,-4.233567624107176,-4.337967403849584,-3.981615385694026,-4.224755579419842,-4.250047416530203,-4.224254089822693,-4.2120805899538425,-4.215465655711558,-4.212150788479573,-4.211779863747514,-4.212031584982914
2016-11-11,-4.825015784867495,-4.680055680178523,-4.6210074107154115,-4.675412241120942,-4.683359447556721,-4.768991105671978,-4.577484976524822,-4.683391993422152,-4.694521532516635,-4.726706699312601,-4.6765842633035435,-4.679732762005546,-4.676783908058845,-4.676425117490126,-4.676577996382396
2016-11-14,-5.824283628717462,-4.759135959011023,-4.680517438680907,-4.756545635126254,-4.7557789676805555,-4.878680475055891,-4.642158621735365,-4.761185968518781,-4.792595350310547,-4.845849622169335,-4.754908055752692,-4.757665004907119,-4.755109241747512,-4.754764795135198,-4.754897849283009
2016-11-15,-5.967437430409377,-5.266844235589034,-5.14756800043669,-5.264549644971711,-5.270421849305542,-5.367309153153869,-5.062054256627733,-5.272620366233278,-5.3152835431070935,-5.340064613794019,-5.257624587370199,-5.261974944555572,-5.257976395854577,-5.25765562359685,-5.257600205869349
2016-11-16,-6.4184055535593885,-5.444681746813968,-5.364205870391044,-5.442847047492996,-5.445285366872659,-5.50718482956874,-5.299730721002393,-5.451114746597063,-5.5032096915136535,-5.482201671842879,-5.439215575293669,-5.442909167213558,-5.43921495215319,-5.439408208555126,-5.43921914204887
2016-11-17,-6.366984808545045,-5.812848691404603,-5.70346186558515,-5.81147515087622,-5.812923681364971,-5.909464958339614,-5.621153910284779,-5.817469728228507,-5.832487757676438,-5.8608955647050704,-5.803618563727095,-5.808314917551726,-5.8034571926668175,-5.803914532140987,-5.803608095580024
2016-11-18,-6.698510283661992,-5.868436674427737,-5.7880726187302605,-5.866551802764302,-5.869326528099641,-5.969589177326195,-5.749703711617621,-5.876472135879514,-5.9104547576381945,-5.969320179541465,-5.8642153765126945,-5.866412204294362,-5.864360116455537,-5.864562669548111,-5.8642029897578825
2016-11-21,-6.469416659061765,-6.148659896557475,-6.050628898091179,-6.147037189651447,-6.150699251865806,-6.271908257638855,-5.9788318938153155,-6.154939368449672,-6.204454614795683,-6.266500022499402,-6.142385933758151,-6.142782907742914,-6.1421624914445285,-6.142930250634037,-6.142367670767549
2016-11-22,-6.20743731263036,-6.068583943543763,-5.971647590626862,-6.066911631920219,-6.077665939486121,-6.168006963503433,-5.915996505900662,-6.083208098642389,-6.132775066674117,-6.1779666781126785,-6.063803182117334,-6.066178923549259,-6.0635774366091315,-6.0644651622509835,-6.0637817122277715
2016-11-23,-7.288566025929944,-5.95187342614999,-5.883206407608778,-5.950541090854189,-5.966229218806703,-6.09903953658613,-5.85193375762706,-5.961866915106618,-6.004564016193941,-6.060214833126501,-5.950144533395622,-5.951275997127164,-5.949939881965915,-5.9505905157263586,-5.950113597300426
2016-11-25,-6.057174307550806,-6.528516928410551,-6.436071464398282,-6.528320905518125,-6.539413652225668,-6.635981354768349,-6.400447970889752,-6.538634558400667,-6.565363084435053,-6.591947193124646,-6.523359324532053,-6.526587833332485,-6.523245290822248,-6.523957261172736,-6.5233424542413205
2016-11-28,-6.164973645972512,-5.896084986857526,-5.832151832494668,-5.894957127496027,-5.888338205953106,-6.017005566100098,-5.8104987092767235,-5.908403179460619,-5.9037947499874095,-6.075343337530062,-5.8945619952859465,-5.894951768147845,-5.89456315504417,-5.8949197016880195,-5.894558323692675
2016-11-29,-5.449768013568342,-5.931504823198659,-5.857731458256535,-5.930388676737513,-5.92960084718786,-6.0091413104155835,-5.79645618346214,-5.951139059181564,-5.9563235415232185,-6.035575552070323,-5.92694078664735,-5.930433930684826,-5.927526594703407,-5.927411864726265,-5.926913412416841
2016-11-30,-5.006383536559819,-5.524852881203639,-5.4425409361821,-5.522788724989771,-5.514973816026709,-5.56178703780068,-5.374454478830841,-5.5433569354477905,-5.5459755481472275,-5.62821713144678,-5.5197800303131865,-5.522409707738649,-5.519783786138082,-5.520241958512889,-5.519768880171485
2016-12-01,-5.739281266870162,-5.226448152770759,-5.14200457762405,-5.223644858283911,-5.220423925393335,-5.259950481598766,-5.077420597262642,-5.232032660170583,-5.251335285069075,-5.294706461247686,-5.220217505937506,-5.223188573487796,-5.220105223678182,-5.220475283530685,-5.220203703981991
2016-12-02,-6.163504631025016,-5.567785884933087,-5.495325952613374,-5.566534398427885,-5.569792532293227,-5.631013134121901,-5.443863019564611,-5.574144918279837,-5.617007394755064,-5.636899608783998,-5.563035273525867,-5.565989834687821,-5.563046151818598,-5.563342551617899,-5.563010387994486
2016-12-05,-6.5231304368487715,-5.790086717499822,-5.724533150449649,-5.789161395800644,-5.7859383518971255,-5.895977990742968,-5.697286657859274,-5.797729943087996,-5.828175137955988,-5.879953150259436,-5.788321001283007,-5.788673458370619,-5.788235205085172,-5.788635053739499,-5.788308734232725
2016-12-06,-5.475735271740418,-5.981143325862293,-5.893207938102289,-5.980496322011268,-5.971859106694089,-6.083485306932009,-5.857167743506282,-5.991090849984015,-6.006730119848833,-6.0896147794871265,-5.97681169269231,-5.977386500110519,-5.976715700905419,-5.97724772962038,-5.976795441393939
2016-12-07,-5.555158537597011,-5.460755268012452,-5.39091342625063,-5.459605404727288,-5.470482990277772,-5.553355041752575,-5.337823216921298,-5.469586471162941,-5.487868235725027,-5.56325413706153,-5.454595505075236,-5.458021029346341,-5.455173629267678,-5.454851603712224,-5.454568190163678
2016-12-08,-6.10070934595822,-5.536965996932642,-5.46465474948606,-5.536143457058861,-5.533675655343706,-5.679634376160472,-5.416011881444651,-5.544649990705513,-5.587752728043182,-5.693548480772499,-5.533538926816283,-5.535532792725849,-5.533612192525601,-5.5338293787532296,-5.533530283873065
2016-12-09,-5.840677607598399,-5.8288220564343804,-5.750709593598684,-5.8278915569370735,-5.832694302607458,-5.936009439996273,-5.704337355772363,-5.838308555822081,-5.873793432863783,-5.908388121045586,-5.824399580089665,-5.827084755733274,-5.824395992583135,-5.824857687442571,-5.824386459980936
2016-12-12,-5.577807979527537,-5.719610427952134,-5.624679697434088,-5.716526739635546,-5.706730235711417,-5.796954661623159,-5.579717178333436,-5.728045347122749,-5.70083146835499,-5.851444918690402,-5.712530543418208,-5.71627328153019,-5.71246346087486,-5.713073788637817,-5.712514866021936
2016-12-13,-4.1743950510378856,-5.589870562478953,-5.51725512175549,-5.587411272101929,-5.582690841547783,-5.698159675233702,-5.481459592932515,-5.5981865797848345,-5.612047097682207,-5.713960192624511,-5.5857362073522,-5.588105858371163,-5.585703483810608,-5.5862103491446575,-5.58573194282455
2016-12-14,-4.880935739693253,-4.771321287301302,-4.686351801899439,-4.767776573347366,-4.765153550711454,-4.938835037599885,-4.637154728749225,-4.774747381134962,-4.840851106558469,-4.98344436013637,-4.7698006344202994,-4.7682534868627,-4.770127437711051,-4.769850279960368,-4.769805635260142
2016-12-15,-5.438285110266204,-5.095449654757269,-5.045656676293833,-5.090443503319931,-5.086660506138234,-5.22467219773872,-5.01786906714341,-5.096698346994719,-5.108589355865221,-5.291042915038783,-5.0936831905905615,-5.095313193506197,-5.093851329945607,-5.093717832311278,-5.093688592516218
2016-12-16,-5.835765147864969,-5.356875479089592,-5.299391513862194,-5.352121350171526,-5.3563405507365935,-5.482965908817914,-5.267504374239457,-5.357696608888503,-5.405820196635952,-5.522759000581696,-5.354202850578568,-5.35573622369754,-5.35426381333756,-5.354311952435891,-5.354204521562714
2016-12-19,-6.244058101455342,-5.555937611182045,-5.5095168935584535,-5.552845467561356,-5.551308200845643,-5.6941333503344325,-5.499911399070738,-5.557729310515318,-5.5878045643529,-5.720383947539601,-5.556429277792091,-5.555956945076326,-5.556368112970466,-5.556607009808157,-5.556446408844655
2016-12-20,-7.019854364401331,-5.774322467865586,-5.747336807287212,-5.770539615297926,-5.772853543296723,-5.903723660775569,-5.750814995069319,-5.778385390366941,-5.806192100552038,-5.924755087323335,-5.775295712098541,-5.774835038355472,-5.775454633136528,-5.775537253276009,-5.7752834192603455
2016-12-21,-6.525063674889381,-6.2951604552600235,-6.230798073313664,-6.293150282633965,-6.293711297267337,-6.392756960494658,-6.189907284380514,-6.30160764169179,-6.319009730378817,-6.41944613617028,-6.290698479029937,-6.293226897681986,-6.290823365471954,-6.29103948294174,-6.2906726921275755
2016-12-22,-7.549219866822913,-6.13389356430787,-6.080480679992362,-6.13256248379868,-6.132601268580437,-6.26454410219431,-6.062938651803292,-6.141080802895381,-6.1812041011460055,-6.303157961210204,-6.132642951491083,-6.132695675065255,-6.132658410846487,-6.13296837550233,-6.132616402446735
2016-12-23,-7.104631764730059,-6.738280078523134,-6.673033076869232,-6.738238203221854,-6.735158919095063,-6.850882786976383,-6.651263566580722,-6.749016773434964,-6.7590563487977,-6.88312828275699,-6.734417420453861,-6.736364494865398,-6.734369342518648,-6.734798453812732,-6.734390079655239
2016-12-27,-5.61929876576325,-6.5826770610745236,-6.540390858606344,-6.583715958708583,-6.587954409686231,-6.693221699719808,-6.534378865073275,-6.593171648118339,-6.628167221636837,-6.673048942959828,-6.580257561133257,-6.581523606514769,-6.580630639741459,-6.580601846857569,-6.580226279345429
2016-12-28,-6.325083999953332,-5.769544322739796,-5.7714679436123335,-5.7710225296305655,-5.76463009335197,-5.863407959880794,-5.810758597946145,-5.788999186488221,-5.784203036447013,-5.888307329749028,-5.774453064846552,-5.770574827586316,-5.774257692971082,-5.774629597906644,-5.77444993799622
2016-12-29,-5.305864778994847,-6.1065925199255275,-6.081214683145971,-6.108465430422511,-6.092825295527179,-6.257371794684228,-6.092344907778072,-6.117645247977419,-6.099328195543779,-6.242888836206133,-6.108305521080789,-6.107071484976306,-6.108073980076848,-6.108535677425925,-6.10830102781534
