date,actual,HAR,VF1,VF2,VF3,VF4,sVF1,sVF2,sVF3,sVF4,MC,MDC,TMC,DMSPE_0.9,DMSPE_1
2009-02-04,-2.1387225004343984,-2.657186873184642,-2.574582795164102,-2.5743610313836585,-2.579458232720562,-2.6743668078611544,-2.490461640782176,-2.595280080464969,-2.453921846891116,-2.6946933138399416,-2.6349200159031265,-2.6558324451278508,-2.635951366871715,-2.6327911609712515,-2.634399991207139
2009-02-05,-2.13686785252267,-2.5343314073746743,-2.4224369295670947,-2.4008279778969928,-2.422344863867487,-2.5448245124532565,-2.3092288907924154,-2.3685384122634443,-2.2779165599279767,-2.558602894238558,-2.5036021029258486,-2.5310538075911184,-2.5048625733706147,-2.5006216005878708,-2.502845506632771
2009-02-06,-2.1118877289251436,-2.7015250693784782,-2.57500306024353,-2.581456018439266,-2.5914399345073926,-2.71273438907547,-2.458788108920635,-2.5521856850424105,-2.4293825031084872,-2.7212206470465627,-2.6679765376533298,-2.698723937837241,-2.66885099201175,-2.665129884345461,-2.6673635150710506
2009-02-09,-2.103563648936131,-2.674094553317804,-2.649867635846106,-2.49743587099171,-2.6190047357533603,-2.681433797359296,-2.586076961862141,-2.4734056968140794,-2.517795040354396,-2.684409353206389,-2.6482801526904693,-2.671401894124154,-2.6495672639492427,-2.6463041093991175,-2.6478789891273875
2009-02-10,-2.124588628376386,-2.433661081140616,-2.3073152960366103,-2.287117732905952,-2.375759534915736,-2.4457914533663154,-2.2051730210813854,-2.2491352571815635,-2.243105641533528,-2.4572151495014816,-2.40094586686908,-2.4311536565699656,-2.4019444011763675,-2.3983178684289106,-2.400322128288149
2009-02-11,-2.1283133980833284,-2.534447656227876,-2.467613698752277,-2.3942122801902355,-2.49713555503196,-2.553371922337494,-2.4034418064191154,-2.3616074381712404,-2.4137744031498776,-2.563775262602911,-2.509775545536618,-2.530875566186543,-2.5107095432112647,-2.5077400899215414,-2.5093226182089445
2009-02-12,-2.1394080301425604,-2.4693086313584263,-2.387853648244915,-2.4442973382074866,-2.42583955875188,-2.4781041877671086,-2.3278527176308144,-2.416184471945481,-2.356638655007271,-2.488944788893582,-2.45426670632262,-2.467585541322199,-2.4547093112332785,-2.45277727366248,-2.4539291840154855
2009-02-13,-2.101163311590823,-2.49528422296265,-2.491864866800921,-2.390245380998768,-2.425632426818919,-2.4958464842768184,-2.4618941000985486,-2.3606902559160354,-2.3769013687137406,-2.493376971159155,-2.4802049995034787,-2.4932779643577483,-2.480336505237202,-2.478992473928212,-2.4799301676490098
2009-02-17,-2.1055942200184363,-2.393431053736184,-2.348460731413615,-2.4272133654494485,-2.350426137485031,-2.3875450997884404,-2.303218714916518,-2.4099078934022127,-2.296588961148416,-2.389025814508986,-2.3839951983403243,-2.392921607331972,-2.3845581920460157,-2.383049508947031,-2.383695443282914
2009-02-18,-2.12025071406078,-2.399849055586897,-2.356665868893217,-2.3035077524271084,-2.3232236225946483,-2.4134043467153656,-2.2719016306020787,-2.296471538600193,-2.2110834590646733,-2.4223228319389034,-2.377599850664305,-2.3993921469288466,-2.378200328691025,-2.3757483740978573,-2.3770845935876417
2009-02-19,-2.1200719404119517,-2.5270445282955563,-2.4440405287128146,-2.3632643315787045,-2.467783537943215,-2.538325212952788,-2.3695496784634726,-2.30881423115483,-2.3723683793271118,-2.5419584728770954,-2.4984553253240205,-2.5250149849507046,-2.4998550334424614,-2.495987155305681,-2.497927588853017
2009-02-20,-2.154688989361299,-2.3179212179919397,-2.2811089111343517,-2.1079032033334446,-2.262104010359319,-2.3133729931181937,-2.2200925901473307,-2.0518791370991476,-2.1692020810513277,-2.315556963264542,-2.2882181559551427,-2.313694964770982,-2.289314970621765,-2.284982349617739,-2.2876998018546653
2009-02-23,-2.1454899702811066,-2.406338037931535,-2.3713283251350603,-2.157367703749007,-2.332651160563587,-2.414600748720601,-2.3013704866604257,-2.122382420535055,-2.234090535143077,-2.409045800221663,-2.3744421714045107,-2.401965695721862,-2.3758092104859534,-2.3720698011941694,-2.373921460329971
2009-02-24,-2.153272316029036,-2.3647836475860697,-2.2839238076029256,-2.2109273321784437,-2.3067155777178465,-2.3674961788382647,-2.2041764362056964,-2.199254880178226,-2.206458863818701,-2.374057153405906,-2.337324530285707,-2.3633706451325125,-2.3377136466001067,-2.335325863476694,-2.3368643242978346
2009-02-25,-2.193447613447769,-2.287638354416345,-2.221936374212732,-2.084662579978992,-2.200242612438454,-2.2912071123562088,-2.13556728997965,-2.040020035684341,-2.085069791653272,-2.2956925949957583,-2.2527057630743457,-2.2831009540995795,-2.2534489107144005,-2.2497522370388774,-2.2521046243749474
2009-02-26,-2.207424667081652,-2.3662656771840385,-2.2639236318652434,-2.2303449908611457,-2.2881507615619547,-2.3753820791946305,-2.1749557043397942,-2.185884487227513,-2.1572006572330347,-2.386303028313125,-2.337516978855654,-2.364179357948167,-2.338753621479952,-2.335513397604209,-2.337030181852168
2009-02-27,-2.252638770670522,-2.2393301674908663,-2.18738873206446,-2.1322965502195066,-2.2036884268085206,-2.22945920950286,-2.1405079934124145,-2.099786175774714,-2.1265086575332828,-2.227798889488486,-2.220599515861844,-2.2382284365740333,-2.2216427624437376,-2.2190376978131123,-2.220272571783657
2009-03-02,-2.265278820997712,-2.305097643109504,-2.2910804806315705,-2.2219154793365212,-2.268178338744493,-2.3074112418336217,-2.2465311279903077,-2.192357031783769,-2.2016692102761364,-2.3082122335568456,-2.289623454275516,-2.305099552393315,-2.2905598858089067,-2.2881423247204826,-2.2893497020238627
2009-03-03,-2.3027225783834977,-2.230158040613004,-2.137696210944402,-2.155712432210802,-2.1805070855018247,-2.221734670338409,-2.062328037406926,-2.130875760811492,-2.091433158447664,-2.217633931698286,-2.206649726466114,-2.229439326012233,-2.2078679366162044,-2.204876007904918,-2.2062011915445345
2009-03-04,-2.3206506542329124,-2.3491904792573,-2.262669857401018,-2.1690890627812873,-2.280689552197698,-2.3463796507114765,-2.1932969546949046,-2.098986191856041,-2.203100704637086,-2.346394518380033,-2.315456185414024,-2.3450187730860703,-2.3173201948793887,-2.3129807700528975,-2.31486031944997
2009-03-05,-2.3556447453382168,-2.257394541716889,-2.2071193834944816,-2.161062031635525,-2.224416990034472,-2.258670888632367,-2.154057608455658,-2.1335666914201146,-2.170640742795933,-2.2685908472387917,-2.2366983411049084,-2.25662429964196,-2.2377384635926325,-2.2350895352824462,-2.2363373701237035
2009-03-06,-2.4374444531949377,-2.12717755716104,-2.035709065919724,-2.0650717799362535,-2.112674838729143,-2.1071724231902933,-1.9894925796384781,-2.001508700268746,-2.051639360308208,-2.106335373715084,-2.1051594251438472,-2.126032060478951,-2.105596768490291,-2.1038138546019702,-2.104799724333186
2009-03-09,-2.494344898189992,-2.1457991405724237,-2.0943450591890187,-2.049142710979692,-2.111066580844181,-2.143900681449297,-2.043729164737102,-2.0057203441162796,-2.055916519691116,-2.1528362733289623,-2.1234134252446424,-2.144840814861442,-2.124218564671281,-2.121690043751382,-2.1230276183558554
2009-03-10,-2.535292324734727,-2.243119492136656,-2.1784301470491676,-2.1333552092342303,-2.188797159744382,-2.241028177639758,-2.1306916816381207,-2.0946345459638036,-2.1252517070058645,-2.24378532411178,-2.2213908574333874,-2.241789091405088,-2.2223182377300272,-2.219967077292792,-2.2210702295794276
2009-03-11,-2.583005102848447,-2.2097544732470547,-2.1322560520789158,-2.077876807465561,-2.1503644066193086,-2.2031002724951123,-2.0655998370566464,-2.090771803264559,-2.0650004895142757,-2.1984613668360846,-2.1838443916989663,-2.2081045065592253,-2.1843050967106192,-2.181691596266974,-2.183267562388206
2009-03-12,-2.6028053035277128,-2.30039462246147,-2.2213547498289086,-2.151472143317576,-2.2795619204117425,-2.3032512798267724,-2.1550892886538793,-2.124995581360851,-2.216786225513313,-2.308498526925564,-2.272769023166282,-2.2988244203235726,-2.273154734505796,-2.2706038331639897,-2.272260789484058
2009-03-13,-2.628029796176323,-2.372528596394827,-2.320256067953125,-2.1711280287358425,-2.3019460846410116,-2.3725331056542838,-2.2673896907796296,-2.1395107246965432,-2.237733232845462,-2.373835492533483,-2.3423990281364797,-2.369495434576871,-2.342986562777285,-2.340113667123968,-2.3419525126247205
2009-03-16,-2.6454468677103833,-2.4811335710976112,-2.4027476812414443,-2.305039821015543,-2.43358066507141,-2.474626953513964,-2.335837519529967,-2.260903105444546,-2.3486836401727222,-2.4698949808928137,-2.4450037244105207,-2.4773086078646838,-2.447199243663134,-2.4426826996947084,-2.4443922879178275
2009-03-17,-2.67128558024575,-2.4927363571192243,-2.4189211440239724,-2.3229956295243968,-2.447054064632501,-2.493241792181784,-2.3584997628437243,-2.298664998253575,-2.3821875710554647,-2.4939062660719316,-2.461770836796538,-2.487547902388204,-2.462676702037806,-2.459874346754334,-2.461261784084507
2009-03-18,-2.771855239343759,-2.2629854243798646,-2.1713768592629443,-2.1159621513054305,-2.244702781283148,-2.2410415745583925,-2.1357000868023577,-2.079893415544963,-2.194317620852789,-2.231861303732982,-2.235217606847204,-2.258658615336244,-2.236075439985282,-2.2334814116969404,-2.2347774004007794
2009-03-19,-2.802760940606565,-2.372489694416735,-2.301736017959811,-2.103197029446238,-2.2902376747214848,-2.3627319554698167,-2.2304975205412925,-2.0872028843483346,-2.2074693242818006,-2.355605322056256,-2.332855651655936,-2.367224155765069,-2.334219031871563,-2.3298719706539597,-2.3321740657001913
2009-03-20,-2.805570143180475,-2.4253200377978,-2.417149812912897,-2.285481623859644,-2.3791805956285645,-2.4136912112262503,-2.3733354128888453,-2.237547821734585,-2.332780757665607,-2.410629325559723,-2.405094361686412,-2.423109964985067,-2.4060906512777778,-2.4030730210529825,-2.404712376391084
2009-03-23,-2.8107971631900424,-2.460289385333516,-2.438428368740425,-2.3482560100150596,-2.4207118818697855,-2.445666947308549,-2.4206085063590774,-2.3477555534694394,-2.3944273294856204,-2.4339645723700314,-2.4453878127133217,-2.456265814628284,-2.445841104366815,-2.4442394453843144,-2.4451706535899342
2009-03-24,-2.81888129088301,-2.4655675779029678,-2.4536293582855953,-2.204017300830436,-2.4098384687091374,-2.457977326261878,-2.4100570987433345,-2.1954194925293593,-2.3861907911480404,-2.4475100269809746,-2.437829630126167,-2.4589591406124107,-2.4389382123616192,-2.4357448987432413,-2.4373965965554443
2009-03-25,-2.8695276431800654,-2.4092995627058964,-2.3534518510919993,-2.246469186946929,-2.365838666129428,-2.4043122300545687,-2.3121701500746945,-2.245510395373488,-2.3181291902261645,-2.4060356418979514,-2.387270989963141,-2.4068138335628904,-2.3878218393005453,-2.385585825818108,-2.3868878779787708
2009-03-26,-2.9263187680178127,-2.44124900927224,-2.3834718964027157,-2.3843730347856753,-2.438702870479529,-2.4300567227532097,-2.369960056450122,-2.3791357825384196,-2.4152388793584953,-2.42694293617458,-2.4301396902906265,-2.440261562379749,-2.4303053954648237,-2.4288711965512966,-2.4298404418076953
2009-03-27,-2.9436266420165054,-2.5584531829838264,-2.59006942772714,-2.4648387282352386,-2.5031934301455063,-2.553661646781732,-2.578159778745249,-2.4455076870249757,-2.4976832562616824,-2.547601103272695,-2.5513650277016326,-2.557971824358845,-2.551789355334765,-2.5504688761291834,-2.5512934597512267
2009-03-30,-2.954154733692327,-2.5591881107274626,-2.5357060045529063,-2.529697275065504,-2.5314357041412827,-2.5429309783481027,-2.5275723734370783,-2.542111788503504,-2.5071565465737917,-2.5397808609653403,-2.553467457887926,-2.5580223800714665,-2.5540374725299664,-2.5532167613369006,-2.553400442798567
2009-03-31,-2.9761840616336945,-2.5712337083590024,-2.5558380842876907,-2.428269554628173,-2.540642229229035,-2.5612750120130494,-2.545080612953445,-2.4229670101424574,-2.5310149405988986,-2.5537955693204215,-2.558366391633093,-2.568534758368356,-2.558768722882475,-2.5575869466735393,-2.5582423301119
2009-04-01,-3.013882260325494,-2.5692285317488595,-2.5289248134864395,-2.475536039906459,-2.56705123744831,-2.571992315537901,-2.500616376999202,-2.4923529320870985,-2.538422935353318,-2.5762655179903913,-2.5558181712555355,-2.567906338846101,-2.556264611419121,-2.554831295899156,-2.5555560927872274
2009-04-02,-3.039383950370314,-2.6809752076848112,-2.637654117212983,-2.57332340909298,-2.6158101995251637,-2.6677531866479227,-2.6167603159858177,-2.5611870920126534,-2.5818402672401017,-2.669586326116356,-2.667189121811339,-2.679272576733375,-2.667653401385799,-2.665838969758689,-2.6668919251664955
2009-04-03,-3.0401417822912653,-2.719396924456587,-2.6712861934402508,-2.684315294467805,-2.7009715529989524,-2.7118833651915004,-2.6484757874789637,-2.6736630926594036,-2.677465780438891,-2.7095800636852347,-2.708160911024887,-2.7193396933936764,-2.708400373246906,-2.7072541020602827,-2.707906753639656
2009-04-06,-3.035262785315156,-2.731594462437691,-2.7130269967538347,-2.6826328147578304,-2.6881371609707063,-2.720396615646716,-2.6980583691731868,-2.682517094378283,-2.687258944261355,-2.7116848151338133,-2.7210531161732443,-2.7306372579777936,-2.721497367730252,-2.7206253528862496,-2.720944661699355
2009-04-07,-3.0363718406418294,-2.8111933463259438,-2.8372802339880785,-2.698811737433497,-2.774805797083015,-2.7981411858392353,-2.8367563783355005,-2.675571142571832,-2.784334685133155,-2.7864339852441384,-2.8023769392147666,-2.8099960605313026,-2.8026751473952616,-2.8016974599249567,-2.802329449758848
2009-04-08,-3.0544533082749328,-2.8495012708785614,-2.8651316933064623,-2.7056079774755974,-2.822146585480498,-2.8510278643342346,-2.8642545223715987,-2.695127899827854,-2.820388235140012,-2.8477192678940373,-2.8378321372181428,-2.8475923412217483,-2.838122902027513,-2.8376759030286336,-2.8377924103431806
2009-04-09,-3.04255814471499,-2.9920667968914003,-2.9384102295416077,-2.7646488972586165,-2.899166221078221,-2.990132937165955,-2.8867043196863063,-2.769314717982796,-2.858891154450466,-2.999213239173125,-2.9660165400000564,-2.988827969068365,-2.966679240159802,-2.963772123128103,-2.965481054926922
2009-04-13,-3.03979141865836,-3.035290116197521,-2.980625811226811,-2.6278426742631793,-2.9611058893970528,-3.0240399648346994,-2.9295316565722387,-2.5847964880046685,-2.9030597927518893,-3.017252927810542,-2.9903767487036874,-3.02854382782042,-2.9916376751603395,-2.9874751027314446,-2.9896441429123835
2009-04-14,-3.0479142176464675,-2.991575301570611,-2.92050736262022,-2.6483119694751625,-2.9202814995799606,-3.0009545115789753,-2.8656383300850456,-2.6541068859725194,-2.862973522449565,-3.001670648088823,-2.9548510320863985,-2.9861936213539595,-2.9558616493590724,-2.95194744359497,-2.9541686909102793
2009-04-15,-3.0557954458883447,-3.024599380873571,-2.99338910921226,-2.7017200734107267,-2.9607671128120443,-3.024534958206684,-2.9567738061783615,-2.6912845601194553,-2.9409944365299356,-3.018225993655069,-2.992561472819508,-3.018972286724092,-2.993319510949493,-2.9904033360924602,-2.9920635128873267
2009-04-16,-3.0700479466169934,-3.071751008128168,-2.9893072280656474,-2.7842427463828017,-3.0208705554144206,-3.067836902738188,-2.9455527991571486,-2.7873641407977185,-2.9911434733929956,-3.068633088574575,-3.040622317727339,-3.0675992171134854,-3.042195712114659,-3.038031546008174,-3.040043069133975
2009-04-17,-3.0760166667026017,-3.106240147328529,-3.059858518617326,-2.6990626022506405,-3.0193027378242574,-3.0973097768251403,-3.01293743302238,-2.693150439564699,-2.99584222487717,-3.0895672860774344,-3.0679430777095877,-3.100118950292263,-3.068866022710338,-3.065794976561826,-3.0673409717333286
2009-04-20,-3.072646428843367,-3.1411809335471466,-3.047741632750918,-2.851578440222238,-3.045394043284914,-3.1421256402667828,-2.9991699455595136,-2.8499514091751585,-3.020096041382093,-3.1407173943350144,-3.1056283347190443,-3.136987767642353,-3.1062388721968937,-3.102882447092673,-3.104988703621334
2009-04-21,-3.093700107369265,-3.049113929044221,-2.9007507654184717,-2.5944422154956612,-2.940216256216597,-3.046473405331737,-2.8328482327591726,-2.586634603557288,-2.904676103120533,-3.0451208669415837,-2.995227198505148,-3.043769952437024,-2.9967557917273844,-2.9906425279494777,-2.9941683914607906
2009-04-22,-3.1370894305282966,-2.946195792966409,-2.8304191708832516,-2.5655269141057246,-2.8713529303406267,-2.950958451057661,-2.7914071248365735,-2.577239469083995,-2.854753738627198,-2.950920918376782,-2.9056336733700467,-2.9384288670342733,-2.9065246089864014,-2.902424863535134,-2.9049269136716607
2009-04-23,-3.149706727060065,-2.965599556077278,-2.8283540076354,-2.7940204715554566,-2.885774924991727,-2.976332994397817,-2.7787146316223086,-2.832869982480489,-2.8728117727228115,-2.981192356931518,-2.940927348722322,-2.9619545671386502,-2.9415049509747293,-2.939492853024905,-2.9404365161469737
2009-04-24,-3.146303697222375,-2.9346753867518696,-2.9019555074275587,-2.66930209565144,-2.8625767787850376,-2.939422062355142,-2.872552409855409,-2.691467880969046,-2.8659418615810717,-2.9434154500951095,-2.912243452922222,-2.9292057020987863,-2.913014049478552,-2.9104772311762943,-2.9118115374743123
2009-04-27,-3.128503537160184,-2.943150595261584,-2.8905190836019656,-2.7640240813972374,-2.8941549623064557,-2.9402615478358216,-2.866536780483193,-2.788724490657065,-2.89689829984035,-2.945342772972514,-2.9272296228267427,-2.940821253345383,-2.9274616385788064,-2.926066398555137,-2.9269430063572557
2009-04-28,-3.1049261917512903,-3.085735061918705,-2.982408245381938,-2.8266544273378473,-3.028892260609323,-3.088030255730438,-2.958690946020148,-2.8812862817988325,-3.0351541576382313,-3.091683566098654,-3.0630460268561497,-3.082340327605252,-3.063377394761846,-3.0618085439635685,-3.062591065073916
2009-04-29,-3.128988506122516,-3.0838405179931496,-3.0308929671180844,-2.9075024405207244,-3.036990987836485,-3.0811785580593143,-3.0035461706932503,-2.9845387991847327,-3.0488980144903013,-3.0822838098640224,-3.0679324886760124,-3.080530002418038,-3.0679667922187184,-3.0672882887353943,-3.0676836959945817
2009-04-30,-3.1524974354589403,-3.0568590370768938,-2.9380088152726267,-2.9916319788657213,-3.023252741780045,-3.054379799164378,-2.921719371902233,-3.032762116369042,-3.0252296673125025,-3.058545226982356,-3.0428370491476158,-3.056046979748861,-3.043077760056021,-3.0417385357254174,-3.042508838075661
2009-05-01,-3.1735477625026056,-3.130756507246495,-3.0826985352868426,-2.9446602350539903,-3.1005031973136834,-3.1254701583562827,-3.0600986432822364,-2.9748016926202756,-3.1092883267023166,-3.1224544110343846,-3.116191683159046,-3.128879022554964,-3.116173441196629,-3.1156296181356558,-3.115903399788025
2009-05-04,-3.2002503215654987,-3.1665539015600768,-3.1008780189730794,-2.86829639147395,-3.1174741043561736,-3.1638776392395838,-3.0749730620363347,-2.8889910299591346,-3.1368867197185386,-3.161515840710181,-3.1421751451215525,-3.1617537801357614,-3.1427814542447123,-3.1402478423459796,-3.1417310436266233
2009-05-05,-3.189749216439618,-3.2109593544543946,-3.1023145811890007,-2.8560834724306488,-3.158409061616048,-3.206249819009676,-3.077004789902516,-2.8851898626444172,-3.1780407688108063,-3.2078671240000953,-3.177665360512895,-3.2045402217155488,-3.1781875494540475,-3.1754512085414217,-3.177097126863705
2009-05-06,-3.206626301388872,-3.1094906333737846,-3.0157932650856707,-2.7244918225143206,-3.054811858841064,-3.106522624836823,-2.9746812022767295,-2.7425142212081073,-3.0831807781821428,-3.1043556862174504,-3.076314447961052,-3.1057123820773325,-3.0772897844212133,-3.073312363673854,-3.0756686176929326
2009-05-07,-3.2540105398819024,-3.0648990293079943,-2.9050007843732275,-2.7253449342063183,-3.0165338069374843,-3.0710253683843356,-2.860588560456254,-2.7959392870616107,-3.039421525484477,-3.07110553702091,-3.025946722382499,-3.058992293217388,-3.0268326708521456,-3.023134760128096,-3.0251906555900243
2009-05-08,-3.272476215485666,-3.1081291456809046,-2.9973506471055646,-2.825711683531042,-3.0590677137139086,-3.107882383125692,-2.9635054794635205,-2.8599289656175104,-3.08956211424851,-3.1112945911997345,-3.077809157508413,-3.1038162281305515,-3.079528467723072,-3.0750637083029604,-3.0771541614427615
2009-05-11,-3.2797876406032147,-3.1823850304233767,-3.1142209893946053,-2.9692826435789765,-3.1424089887067286,-3.1860787674674027,-3.0904132395582837,-3.00013214206353,-3.1703158693419664,-3.1900787383947713,-3.1646705622978124,-3.180283428981426,-3.165209778962005,-3.1630809608026684,-3.164307331565696
2009-05-12,-3.315273344249015,-3.111304830488561,-3.0436354343465637,-2.707488872788874,-3.0647160328828,-3.1248995175150007,-3.010283090262133,-2.7424223080052053,-3.100590643580169,-3.121871634766874,-3.0794439591343385,-3.1055958001401893,-3.0800154071055728,-3.0772882512596835,-3.078829214322794
2009-05-13,-3.3338772835154415,-3.1754245673368158,-3.077334993745043,-2.8891534162447896,-3.1493444909815778,-3.183063747433501,-3.0629115329958703,-2.915698087768113,-3.1707622227861,-3.18285796156395,-3.148637084758765,-3.168450061907458,-3.149106806147428,-3.1466225470911535,-3.14818479758211
2009-05-14,-3.351316057385946,-3.2022033615441186,-3.1095785561615394,-2.863831900247231,-3.163819163614412,-3.2006092120661402,-3.0863481259246504,-2.89461759353738,-3.1976856794908657,-3.2012212218860707,-3.1736264074675957,-3.1968151323179823,-3.174248256010899,-3.171664322124885,-3.1731691302466976
2009-05-15,-3.354608237131625,-3.2431668081638585,-3.1880664961642005,-2.933540636443552,-3.2138554932025327,-3.243359527939733,-3.1781884976732013,-2.961524490878372,-3.2421368053420294,-3.240147918749996,-3.2203246905684115,-3.236227467559809,-3.220711646421816,-3.218791106962369,-3.2200336526683504
2009-05-18,-3.355767954600731,-3.3280191660612712,-3.3226418921651346,-3.098230924158841,-3.2977935232911673,-3.325514283601715,-3.3202625634000498,-3.105823455167002,-3.3278921382891338,-3.3227914323092707,-3.3152463720426795,-3.3242574418470383,-3.315306765199781,-3.3146421221188898,-3.315112520730417
2009-05-19,-3.3721067870400243,-3.345056797066763,-3.229683784483873,-2.985986800196669,-3.311885437638206,-3.355198927577684,-3.2065830916484295,-3.0139627050217497,-3.3460641017704846,-3.360670440417013,-3.3116045004473182,-3.3376647640526387,-3.3121511592009574,-3.309463750025677,-3.311042882993126
2009-05-20,-3.38911554551151,-3.29052405476554,-3.199605938335549,-3.0136355566554416,-3.260002415961427,-3.299979045285092,-3.1832727587450114,-3.0584807120225213,-3.2925718600032425,-3.3035696877958407,-3.2674604015069018,-3.2835985468909623,-3.2679930464965183,-3.26590194501555,-3.267093914160082
2009-05-21,-3.3974450587270892,-3.327038127946175,-3.2879878031908323,-3.081056398720691,-3.2968308016959993,-3.341992398269327,-3.2656270536403347,-3.132992906585122,-3.3297217335432747,-3.3453700317967425,-3.3106097010620035,-3.32483274765928,-3.31105008842595,-3.3088989632876,-3.3102713413048828
2009-05-22,-3.393175159544462,-3.361371396032182,-3.327362552742015,-3.1958499076234848,-3.3426532920650813,-3.358935335103565,-3.3233277319275505,-3.2183050616623996,-3.363456429773667,-3.360575426828014,-3.353585233726246,-3.358627506764239,-3.354235681805965,-3.353417869326064,-3.3534425102173064
2009-05-26,-3.4080924281200695,-3.2491916053981464,-3.2474848525878355,-3.096471947002122,-3.232912990875855,-3.249976211483036,-3.2441703709295964,-3.1197990743157886,-3.251099181659138,-3.2438443266766095,-3.2420133254287773,-3.248186830050096,-3.242172360898766,-3.2420665548993393,-3.241918273536426
2009-05-27,-3.472869505209461,-3.131285441769265,-3.1620476681303593,-2.9822905175504784,-3.1171087632482264,-3.145052239134115,-3.1684539719965628,-2.996813714906984,-3.132625587116141,-3.1550244848447666,-3.129372428000816,-3.1296365622223288,-3.12926031922904,-3.129756992285388,-3.1295173442419593
2009-05-28,-3.5597012234613725,-3.04764695661669,-3.047506056207017,-2.8870064355740452,-3.03251472163105,-3.033909685003835,-3.0492971560959767,-2.901759407308682,-3.0500835422500465,-3.0328518324688654,-3.0420338067495303,-3.044714228342328,-3.0422858554666456,-3.0419096426789705,-3.042058230749122
2009-05-29,-3.6142030336701336,-3.0556656197464043,-3.0937187758643225,-3.0172469894697778,-3.0405078610065694,-3.043706919864467,-3.0983792210781758,-3.0524246437525866,-3.058471432043597,-3.043310272890474,-3.062277431095933,-3.056028345800117,-3.0621099649220365,-3.0628707476327772,-3.062465233724756
2009-06-01,-3.6228682992648036,-3.2691288711367448,-3.217701133840072,-2.9923444923383684,-3.24344084325564,-3.2779260284649054,-3.2075788819651216,-3.0088365535957586,-3.275571815088807,-3.2797052522781667,-3.2467537484948696,-3.2648865555417004,-3.247187834254872,-3.2456185776132846,-3.246426233505619
2009-06-02,-3.6431589051155497,-3.221299482827176,-3.1988057303074866,-3.058962097333427,-3.194255979135153,-3.22049107029901,-3.1761324374637097,-3.1018627699661248,-3.232481119487057,-3.212979907809927,-3.212139859583608,-3.2194129546646666,-3.21276375337418,-3.2115999748983395,-3.211948403572512
2009-06-03,-3.6369774398794363,-3.3452261455268864,-3.34341323071278,-3.178673697389991,-3.337854488800304,-3.3503748399824005,-3.3381415547791473,-3.188185317995655,-3.349694273245861,-3.349710247536132,-3.3355486607816704,-3.3431374726572933,-3.3357072531859724,-3.3355749638008185,-3.335513694837891
2009-06-04,-3.63367705023598,-3.513109445561481,-3.475039119068808,-3.305580880013282,-3.494394184130562,-3.51750364623986,-3.4613086598590974,-3.329847123595004,-3.5245129055184345,-3.5072364130781426,-3.499716093622977,-3.511864335231956,-3.5001710538873354,-3.498410745995049,-3.4994196401809643
2009-06-05,-3.6416973359313793,-3.378519569959867,-3.3415566763905242,-3.214939406725261,-3.3712031255629897,-3.392647073459482,-3.3431617841734917,-3.2186425442346454,-3.3860370372060715,-3.402334667314458,-3.3676841459148923,-3.376396699932505,-3.3679328011854204,-3.3676391954186666,-3.3675594109623233
2009-06-08,-3.6530150267137618,-3.3589968084773894,-3.411948561152017,-3.183569102075142,-3.346659660097677,-3.361218232866908,-3.410474483760364,-3.1899127222119774,-3.3672154735987885,-3.3650007432704334,-3.354989032263476,-3.356390305982611,-3.355085761001443,-3.35516695923689,-3.3550046160805262
2009-06-09,-3.639659274395057,-3.5032957565881686,-3.566653193048969,-3.33869468627272,-3.4910946416815727,-3.50611969932993,-3.566233827121176,-3.354458015563098,-3.512343708235942,-3.500284586863845,-3.498672607126601,-3.5015565228107373,-3.4986596150844145,-3.498637021309149,-3.498687592070179
2009-06-10,-3.6491368251153786,-3.414195959527653,-3.417033391661833,-3.2993140354871557,-3.4056609002397016,-3.434086924844867,-3.4269197588466422,-3.302397919970858,-3.422138438956954,-3.448888213184196,-3.41033129981876,-3.412464952012405,-3.4102886394472782,-3.410652047723228,-3.410349466867398
2009-06-11,-3.674249056557413,-3.411228655212749,-3.4347922517679312,-3.249574335434603,-3.399760242216742,-3.400796771270751,-3.433271281831391,-3.2445240932863575,-3.4232711885598825,-3.403201544710619,-3.4030571371110376,-3.407339211660985,-3.403894761910588,-3.402456640833997,-3.4029832879115527
2009-06-12,-3.6856710739936167,-3.5807143319166634,-3.5583081658848528,-3.4901787882260886,-3.5698516603483226,-3.567342097552827,-3.559778520104921,-3.5091141748717964,-3.59744414193531,-3.5813055441920776,-3.577185545978484,-3.580453522773004,-3.5775494245845665,-3.5765752999370024,-3.5770947818859598
2009-06-15,-3.692376145115607,-3.582955561102334,-3.6009026935091755,-3.4239333931939826,-3.5724995348172586,-3.590356992473104,-3.598494825007568,-3.434234269623734,-3.600183619464736,-3.600220552553344,-3.5764855680180845,-3.582311613251594,-3.576550487772414,-3.5760610722056922,-3.5764187193507118
2009-06-16,-3.7124924474811505,-3.545393082511888,-3.5476792830365493,-3.3009382314932956,-3.5354700244470827,-3.557050483194234,-3.542780011382825,-3.3116760582776448,-3.5633351049631874,-3.565837833698922,-3.53341649045252,-3.543211398218093,-3.533688959648661,-3.532843729013092,-3.533232122873976
2009-06-17,-3.743576597258663,-3.498483045553609,-3.409124670197347,-3.235726069737837,-3.4892291691210917,-3.531418567963215,-3.3888663748272627,-3.2926929046438853,-3.5292989731677347,-3.556746746738852,-3.47859183571701,-3.495704864078275,-3.4790529188291823,-3.477046799113343,-3.4781413361778553
2009-06-18,-3.7506430675003357,-3.5643608653243324,-3.5449312766718215,-3.299752794542348,-3.560043367375541,-3.606169019807606,-3.5408428403208823,-3.3138701929623755,-3.579254221242852,-3.612681592992991,-3.548452420812152,-3.5596433679946684,-3.54904019103559,-3.5477098248190995,-3.5482159864123872
2009-06-19,-3.74098575262964,-3.647559871214681,-3.6775173157945473,-3.4165061843094575,-3.6426187782066792,-3.693729199009398,-3.677391020274357,-3.408830389532991,-3.6701853240998847,-3.729110656003519,-3.63638936051319,-3.6436809802982135,-3.6364861823361343,-3.635923796274999,-3.636295666149561
2009-06-22,-3.751313002838543,-3.5696113665273854,-3.570823338198598,-3.325077597207923,-3.56803927182006,-3.6208029354591313,-3.571590565082655,-3.3047837234859188,-3.5812549662523256,-3.6698627924288285,-3.5535181451346487,-3.562985364891464,-3.553672403875148,-3.5528806137412077,-3.5532702147660986
2009-06-23,-3.7672775965909864,-3.545725030118047,-3.4870882880793426,-3.2074110547833343,-3.5432389336465073,-3.615976224103846,-3.4711856281135915,-3.1911604013442654,-3.574978341460293,-3.6679763664398544,-3.5180842824102294,-3.5388400075517352,-3.5188075518512947,-3.5164420643515557,-3.5176532811480135
2009-06-24,-3.8019644212371166,-3.499811531636354,-3.535059627436625,-3.2337098651202933,-3.4998637052337624,-3.5696939852996654,-3.5468624490510376,-3.1944217062811813,-3.5092044590380205,-3.629864200187111,-3.487829707929632,-3.497051749308838,-3.4876813244827343,-3.487789704991253,-3.4878494889395224
2009-06-25,-3.825842682029439,-3.4722762902094755,-3.4892112431511313,-3.2954755460321796,-3.473447365903922,-3.522664167798643,-3.4951481145977352,-3.30505825691137,-3.4884920548737988,-3.583145258443817,-3.4675367873865617,-3.470792633420777,-3.4681757491578358,-3.4681021325218753,-3.46756736724939
2009-06-26,-3.8111590959312696,-3.625440295353528,-3.606542283200658,-3.422195072410216,-3.6300745320246612,-3.693775158700423,-3.5981703179620923,-3.4370043582512424,-3.668305101569665,-3.742974998444984,-3.614381672536014,-3.623497780709108,-3.614849654683582,-3.6140996659174816,-3.6142293430866825
2009-06-29,-3.7922225279869717,-3.706130755041389,-3.6921015197019282,-3.4133953061432227,-3.7140902318805327,-3.773744625811971,-3.6825454160769384,-3.417920070426864,-3.750155078472961,-3.8487099354317924,-3.690973356543595,-3.7022563104483632,-3.6915815055410888,-3.690319228236552,-3.6907502147414
2009-06-30,-3.776615436454027,-3.6670972118451135,-3.685975336462259,-3.4119776300777422,-3.6734187013453994,-3.7375923887728644,-3.694338767782531,-3.408448595052893,-3.6919177720084253,-3.808506570001874,-3.657405375637089,-3.664377616053261,-3.658200423960738,-3.6573422352429135,-3.6573827890099113
2009-07-01,-3.761631146131684,-3.810989343606408,-3.8222293386173547,-3.6412915207770458,-3.8198827293215536,-3.8696331515507225,-3.8340533312502156,-3.653746688834793,-3.845285246334114,-3.9393644386122006,-3.803080222227887,-3.809106107972366,-3.8038627080305103,-3.803197805819416,-3.803089643355233
2009-07-02,-3.7710644351396714,-3.833009525193429,-3.8917348273802226,-3.6734448916206377,-3.8454047663387194,-3.8908140946470464,-3.892833340476368,-3.6978477621172137,-3.8787381099150657,-3.9731127531388544,-3.829376245842219,-3.8324574661371615,-3.8294599081533782,-3.8293577815779263,-3.829373714422244
2009-07-06,-3.776436225463316,-3.73435064928078,-3.7421381709803274,-3.483069623684905,-3.748484107501386,-3.7956158873142294,-3.747235515567422,-3.499038294831407,-3.779559197781534,-3.877898938837973,-3.723159081281597,-3.7310612180888665,-3.723440113480971,-3.7226898706571396,-3.723034814116347
2009-07-07,-3.768931552601263,-3.7692263674240296,-3.765458464438061,-3.501175235271469,-3.784658791437684,-3.8402455231673573,-3.771086077690904,-3.4741672587495755,-3.806941113322532,-3.905261251318094,-3.754495762148537,-3.7662831129419176,-3.754982342651075,-3.75404426172609,-3.7542878866701583
2009-07-08,-3.8103747726540553,-3.598614696525184,-3.589430152756298,-3.2497318786529314,-3.6146232914986443,-3.6795012769920463,-3.5873049768796483,-3.2142956410866628,-3.6309196649535695,-3.733400878375526,-3.5738671366091594,-3.5912774695583405,-3.5742877569100577,-3.5727996989871276,-3.5735495054695963
2009-07-09,-3.858332053901719,-3.5882329245320475,-3.6066989403955625,-3.279056409341853,-3.6004056517679923,-3.660546821311073,-3.615856413767736,-3.280504929432321,-3.6056404057980846,-3.7396643632456965,-3.5753706710313686,-3.582923385079265,-3.576113056274872,-3.5751253697456686,-3.575347530216617
2009-07-10,-3.8958261349578738,-3.5771906305689667,-3.5827896084063395,-3.3666820706108673,-3.599502432129492,-3.6394392165350045,-3.5878787646568364,-3.3673182177990735,-3.6249566229970167,-3.721244813192107,-3.570169736111182,-3.574957239808092,-3.5711847297348167,-3.570302923305608,-3.570210224672834
2009-07-13,-3.8959738075014587,-3.5949499068656854,-3.591531274882981,-3.4380203242680354,-3.623994915236993,-3.6578433492621687,-3.5874764463571136,-3.4644081209105533,-3.6613450400283156,-3.707728026838371,-3.5895307416622924,-3.5938684047365546,-3.589799788893187,-3.5896743432629643,-3.589497590295767
2009-07-14,-3.88163170835312,-3.720380221676945,-3.7461594547225303,-3.388659244489316,-3.750253333864463,-3.797291878754601,-3.747781507225455,-3.3644562719246287,-3.76886140380875,-3.8702176634141177,-3.703588390853616,-3.715937017568508,-3.704232777975617,-3.703023836409252,-3.7034166644756317
2009-07-15,-3.8526442881944254,-3.8621924939860537,-3.841428755313288,-3.523350036295524,-3.9158836607183725,-3.8931667531234346,-3.83528616742365,-3.517276722341129,-3.964261448351329,-3.930674180764598,-3.841406907543244,-3.857129286264726,-3.841954898613576,-3.840073636784901,-3.8410250420991674
2009-07-16,-3.8633289484931472,-3.809997864046339,-3.82643309789975,-3.515151967925674,-3.848792416302132,-3.8751591926064775,-3.8356944667231545,-3.491456306896763,-3.873447257934222,-3.956338938652153,-3.7947820897758926,-3.804340959254513,-3.795485979420505,-3.7946353855670725,-3.7946474997142747
2009-07-17,-3.876561988514008,-3.90088229016815,-3.9436661591090223,-3.5388278205371027,-3.9511617176755385,-3.9542569681897484,-3.9460144001295596,-3.4861219151242566,-3.9775032704365803,-4.005148342436405,-3.8809320374452825,-3.895428754337122,-3.8815736293482415,-3.8799058854113557,-3.880736178207073
2009-07-20,-3.864977774866749,-3.931886043148329,-3.9224344299922804,-3.692866535466444,-3.9777655555301235,-3.988445443798248,-3.928274409993463,-3.659674389338728,-4.002390007136658,-4.0299993077557765,-3.918599417776142,-3.92791370927365,-3.918867502365592,-3.918406208814425,-3.9184321752030375
2009-07-21,-3.896759824481765,-3.869349746133325,-3.822757805471698,-3.5823014745166057,-3.920212610639339,-3.9037112683545256,-3.815442616838285,-3.5630223349817873,-3.9409861526282834,-3.9201733192899892,-3.848113409868303,-3.8645573922264136,-3.84869474559814,-3.847295286343661,-3.847784660212781
2009-07-22,-3.908575735339853,-3.8245499986404,-3.8032685762506224,-3.5392248484927755,-3.892640362743565,-3.859122316435396,-3.792580329815257,-3.515320813338136,-3.93747451283549,-3.896500663796583,-3.805878736139512,-3.820007094531205,-3.806548101411061,-3.804458879012795,-3.8055419505914427
2009-07-23,-3.9221904675136616,-3.838345629745668,-3.745934811787455,-3.6112543005607853,-3.9113588884474346,-3.855517613492613,-3.7337492690107523,-3.6351436847611316,-3.952490915720687,-3.858612113396431,-3.818249349712577,-3.834005603073808,-3.8187919026259873,-3.8165207435365485,-3.8178287328128206
2009-07-24,-3.9194306809543353,-3.823433912793412,-3.8175661796937685,-3.540485622130747,-3.907227587327839,-3.8489537857290896,-3.8097695169573327,-3.5540854193569316,-3.9446318836935923,-3.8578773646217828,-3.80782775069812,-3.8200314957807326,-3.8081805434599705,-3.807127674128637,-3.807631149461948
2009-07-27,-3.918161335507562,-3.851016119758409,-3.8193923697585435,-3.478824151156225,-3.9392375908764405,-3.870341980330123,-3.8107688887818596,-3.4712696603626534,-3.983421235663129,-3.8910795232310385,-3.827649988636842,-3.844944764303927,-3.827980238516286,-3.826150031055386,-3.827297489839446
2009-07-28,-3.9317766872848128,-3.792859954164969,-3.7786269958600225,-3.5743328789063717,-3.8861815626163985,-3.8175494288558043,-3.7750989065891307,-3.5788516009403373,-3.921426860114474,-3.82192158204334,-3.783607750345943,-3.789582668303858,-3.783806217775693,-3.783350481539487,-3.783456698636839
2009-07-29,-3.942055316113224,-3.782103008922604,-3.7829294380610237,-3.5644163936517055,-3.8348423410589745,-3.820498998146072,-3.7962029888380093,-3.55910688932059,-3.841225049593751,-3.8347644936129,-3.7750967613393778,-3.78024730837002,-3.775336087336141,-3.775284989537459,-3.7750557485304865
2009-07-30,-3.9772199340934176,-3.7617839908479183,-3.72315790147146,-3.5230322103829597,-3.8948539719347597,-3.791851293765813,-3.7176832739252768,-3.534555581487429,-3.969255360186309,-3.8023637358550855,-3.749876528513673,-3.7601758523325977,-3.750127617977484,-3.7488205882673373,-3.7496299017293206
2009-07-31,-3.9558827868166664,-3.684638700690831,-3.7683987801220167,-3.4686956402434,-3.773653254628784,-3.710181476672567,-3.774236916402766,-3.483909545293042,-3.809098827066223,-3.7226820081532543,-3.6829321517269578,-3.683543459206689,-3.682568883709959,-3.6832121170481678,-3.6830136600499874
2009-08-03,-3.9552382850713403,-3.72405039122323,-3.760675929775876,-3.4859813293501403,-3.8169287224105237,-3.732531107391464,-3.7602763370522423,-3.480402123706435,-3.8460666203835783,-3.7337205286189583,-3.719073748416888,-3.7235217401558938,-3.719437215400045,-3.7186603296658562,-3.7190788310116094
2009-08-04,-3.955992947325193,-3.834952225770287,-3.8401171322327454,-3.4288289180653124,-3.9185433706968595,-3.845831115699316,-3.8371110720656882,-3.350919356437886,-3.9193790013638266,-3.8416751078724123,-3.810853747963298,-3.829064784318146,-3.811695901344109,-3.809775656585903,-3.810495632994555
2009-08-05,-3.9832509680877863,-3.745073892367401,-3.7374450515148645,-3.340421567838994,-3.844690639892211,-3.749582130426018,-3.733656907475056,-3.2880567130145866,-3.858750980373068,-3.7451297685343747,-3.7202195486729073,-3.738778494142225,-3.721336101181119,-3.718627035098026,-3.719828055298982
2009-08-06,-4.016538022652806,-3.747892577036356,-3.744224450158691,-3.2965573654253997,-3.8650189217644897,-3.747273402652955,-3.7269020699690305,-3.2683401519779967,-3.8653246691148877,-3.748173912838029,-3.723265323978408,-3.7420851690890022,-3.724168054408796,-3.7211253517133174,-3.722766820023571
2009-08-07,-4.03004860198201,-3.843816103329403,-3.8201550008365404,-3.4151939549476746,-3.9530328182498833,-3.844171076569108,-3.801060272483947,-3.393970556366348,-3.9800450231124147,-3.842713191017089,-3.817621065042479,-3.8379247805312735,-3.818264830416376,-3.8160105472188723,-3.817136825030841
2009-08-10,-4.02372512320574,-4.023950588995915,-3.9987056802618834,-3.629395922768647,-4.144799258432779,-4.023985629001569,-3.990961313798619,-3.5955323954754603,-4.168082918428235,-4.0210911481378036,-4.00106402097992,-4.018710685752095,-4.001452192004344,-3.999282761973431,-4.000648620953818
2009-08-11,-4.028874924286761,-4.002375321451258,-3.9799573837837614,-3.562016938190222,-4.107943938439063,-4.002350161056889,-3.9677311252720044,-3.5007749047292274,-4.106186776302671,-3.997213544411341,-3.9736203465366855,-3.996996137390909,-3.974139439555029,-3.9718085718216196,-3.9730964828972186
2009-08-12,-4.0697024693867805,-3.849785941542839,-3.8748731165515506,-3.5858562608843347,-3.9327498429459973,-3.8471172704485976,-3.8807233520980677,-3.5194722637836313,-3.9348403441850124,-3.831977130600272,-3.835781689081091,-3.845596027599672,-3.836385658446403,-3.8350711565750695,-3.8356177800287394
2009-08-13,-4.084619192427784,-3.8950126103395775,-3.892565181491571,-3.5829188918501784,-3.9735354527288815,-3.8953111615276828,-3.8886749146337887,-3.551128775894562,-3.9636545259485394,-3.8929370862302783,-3.878735063197303,-3.889073668888374,-3.879023311575151,-3.8775693756069893,-3.878496890334344
2009-08-14,-4.1175405644381025,-3.842197609746417,-3.93592779485398,-3.597751701868178,-3.940448923891997,-3.8380238910477082,-3.9498841221586454,-3.616685697266621,-3.947614097934058,-3.821201938956565,-3.8427150225760327,-3.840409841262952,-3.842618058136825,-3.8429466746311407,-3.8428569465961218
2009-08-17,-4.099999802451957,-3.928857448112912,-3.928276550366558,-3.652641471558122,-4.049105018989724,-3.9232673235987825,-3.925622168330346,-3.651443716873772,-4.0727178979257035,-3.912885781317964,-3.9169509996408753,-3.925319056242777,-3.917076937231606,-3.9163192150203825,-3.9167456195645007
2009-08-18,-4.09867751032513,-4.00775264806155,-4.0483976276134355,-3.7342194980823473,-4.109647619263247,-4.004767851508212,-4.046784827571376,-3.730174939245465,-4.131660448310542,-3.9937792657683335,-3.999876186729642,-4.002137060989496,-3.999372745658601,-3.9997152248166667,-3.9997667581764786
2009-08-19,-4.120663897299908,-3.865817643525944,-3.9264139075995286,-3.666621427685319,-3.972042124164969,-3.8656657349385117,-3.9244955707995417,-3.6716139522490905,-3.996136103640915,-3.857210391901357,-3.8648225928984616,-3.8648433359190766,-3.864738634174455,-3.8654982970948946,-3.8648452429891216
2009-08-20,-4.111848650073341,-4.141083114543807,-4.173569700167708,-3.8629201929570844,-4.257520270839309,-4.1395129810926345,-4.1620852174588725,-3.8379486078018217,-4.2734349073668385,-4.130176584385867,-4.127197684559508,-4.136712300119699,-4.1282357742617615,-4.126328512836925,-4.126999194196149
2009-08-21,-4.091966511346279,-4.037682870171877,-4.06991922709651,-3.76080982254859,-4.143702329194084,-4.037281250310715,-4.072193615682465,-3.7240138652311554,-4.15122639446744,-4.028745505220441,-4.028043839650331,-4.035790756789137,-4.028092231049298,-4.027338794075649,-4.0278288082424805
2009-08-24,-4.061178708799482,-4.068684249833304,-4.111308863306205,-3.696902745829925,-4.1770467185768805,-4.0684599967234725,-4.104460270304439,-3.639157276880162,-4.149287857550551,-4.057037250957682,-4.047455402100472,-4.061481243793567,-4.047898017256178,-4.0463273909747395,-4.047157486581314
2009-08-25,-4.052218200779976,-3.934848422575296,-3.9839624006237395,-3.70347716882315,-4.020081427344365,-3.9343284783504426,-3.987933971653729,-3.693034709491329,-4.0352716493473615,-3.929011420747975,-3.931364718428192,-3.9323898330038993,-3.9315090988368646,-3.9313143392999663,-3.931377516197562
2009-08-26,-4.065418787599933,-3.975094032865029,-4.01139968252267,-3.6845809067985225,-4.05526732440931,-3.9751035165283026,-4.013623839370858,-3.6495535913028503,-4.082548980500124,-3.9653742370814546,-3.963838818874039,-3.971033879285808,-3.96407103375682,-3.963746957258813,-3.963824649578737
2009-08-27,-4.074871435857129,-3.929131339920229,-3.9882799534378983,-3.672803932123257,-4.03844387063769,-3.927239172884104,-3.990817253895881,-3.6440010214155794,-4.036822088720439,-3.9125259428268717,-3.92451120914873,-3.927350842645706,-3.92518669204652,-3.9247358180225618,-3.9245163523147557
2009-08-28,-4.018980533090511,-3.9090277308499695,-3.9560789626722204,-3.6618281180460004,-4.022774003577484,-3.911539722060104,-3.962102569498003,-3.628139843534666,-4.046280715069402,-3.901613053068531,-3.904180244439583,-3.90779524659873,-3.9045754033063367,-3.90419252064821,-3.9041308401194477
2009-08-31,-3.970142909972777,-4.065772811396776,-4.091095444298739,-3.8236912925430153,-4.175591636444656,-4.057396446487111,-4.095247128911101,-3.7768999832247423,-4.204997009683216,-4.046627789576033,-4.055806389601041,-4.063734838467818,-4.056365848752768,-4.055093342003506,-4.055716251201243
2009-09-01,-4.010245646041992,-3.745420397689864,-3.763698985189167,-3.496410052516826,-3.87186208016747,-3.7477984852788113,-3.7547977751360433,-3.485245966048077,-3.9021136552845554,-3.7399890789468837,-3.736226226498202,-3.742299602606712,-3.7366181722227214,-3.7358872405795958,-3.736070844643562
2009-09-02,-4.02201085568941,-3.831475388189651,-3.878107262441314,-3.5075985147883677,-3.986084308708676,-3.835506052771599,-3.886478908002251,-3.45871689011899,-3.9813266532035745,-3.8306684590625206,-3.817672348547687,-3.8278098988180416,-3.818153263200287,-3.8171210018645265,-3.8175354800045214
2009-09-03,-4.012499753329617,-3.929787266279643,-4.030317836250907,-3.640748255911781,-4.020480619932123,-3.9307329012542085,-4.037293222958931,-3.614311570902324,-3.999568284529545,-3.9094217404763625,-3.924607921660301,-3.928720095506263,-3.924983564715152,-3.924542145708659,-3.924614325293514
2009-09-04,-4.012391177000486,-3.978726258139582,-4.057674891778384,-3.7034012748895866,-4.076218406735191,-3.9825465114426333,-4.067168993262827,-3.6796725511612856,-4.078266489644704,-3.96156723533867,-3.9730167741958273,-3.973706501343144,-3.973156169776045,-3.972865449454794,-3.973036579752312
2009-09-08,-4.00381419531437,-4.025679308850491,-4.002120626594174,-3.759832695819558,-4.131517816552799,-4.024647304798443,-3.9773368269446703,-3.724245829498874,-4.123112844150417,-4.009062622026234,-4.007838970850442,-4.022297630855505,-4.008795669896954,-4.006698823309356,-4.007529373357152
2009-09-09,-4.022231486951114,-4.091748258361934,-4.123588859275967,-3.817656531977709,-4.23033836521672,-4.096959118960901,-4.119893179040496,-3.7896931458517016,-4.242816689756377,-4.091942165936236,-4.081194540124437,-4.088153890818017,-4.081693953244482,-4.080886727713846,-4.0810604688675
2009-09-10,-4.0428866664491006,-4.159962203921422,-4.1629903757743145,-3.874117107613724,-4.287649139112195,-4.162737665559904,-4.154375154599652,-3.8412748591435517,-4.284935303312833,-4.161568607751524,-4.143539626482539,-4.155157894135632,-4.143940851737305,-4.142760764002109,-4.143325102026186
2009-09-11,-4.035651410817172,-4.213039865000636,-4.1852487033305925,-3.9368279396415433,-4.3387326599541485,-4.220758077805229,-4.17698310582847,-3.88121878593955,-4.336712653737935,-4.217066969670662,-4.194222991466182,-4.2097212282796885,-4.194369809038128,-4.193728653813324,-4.193955380969163
2009-09-14,-4.050019105827045,-4.217229439249454,-4.192669653847317,-3.89172840900972,-4.32400427512603,-4.21802084090807,-4.187276165639218,-3.8143499838586203,-4.299888189854476,-4.214498973214324,-4.195899035291577,-4.211154332277133,-4.196258452429024,-4.194565366166008,-4.195571947804977
2009-09-15,-4.0731161152524535,-4.130798966375117,-4.144804289848,-3.776592307403143,-4.255604298529596,-4.134013689936421,-4.136285068814305,-3.707191430662839,-4.276693276205481,-4.124298014035754,-4.110804517467731,-4.125641937839191,-4.110979414601824,-4.109760386230919,-4.110449991721546
2009-09-16,-4.069021913252396,-4.194306019897003,-4.048759342352264,-3.7680959695998304,-4.305518362208363,-4.169667839280568,-4.00520309735856,-3.6258995182136604,-4.334476840235213,-4.158235884317595,-4.147416469216099,-4.184500911061217,-4.147995988288116,-4.14392721651177,-4.146566350496343
2009-09-17,-4.103005665768051,-4.056686688816301,-4.035335801993707,-3.6998113529082337,-4.1838856284827965,-4.062379748988416,-4.011377970828561,-3.631138743322275,-4.182905942328973,-4.052817554154012,-4.029927636501137,-4.046673246199201,-4.03029522242314,-4.028168732177859,-4.029511482474535
2009-09-18,-4.089991373104463,-4.178826536240595,-4.188419079365838,-3.893752670107245,-4.302340752872176,-4.176001685561616,-4.179653063795207,-3.828964243230068,-4.30173859229179,-4.162271026904447,-4.160124196362539,-4.172999639534497,-4.160557235210538,-4.159322802377499,-4.159867489720336
2009-09-21,-4.069471522755442,-4.101302311710962,-4.117548374860288,-3.822062345600412,-4.222052082065081,-4.113048842863204,-4.107397141091379,-3.785261651288953,-4.262644099687038,-4.106797385170959,-4.089519058462737,-4.098447018525622,-4.089893016387082,-4.089386292425328,-4.0893355363683135
2009-09-22,-4.050097892747993,-4.190686354777365,-4.206605394931804,-3.9218301970916554,-4.31694374236119,-4.179843628158008,-4.191370565160232,-3.8756407916204103,-4.3363885304553245,-4.158164938019799,-4.177578973709619,-4.187807155520515,-4.177827860453803,-4.176790250232914,-4.177373948565707
2009-09-23,-4.0308497521164215,-3.985163382153783,-4.026404021502511,-3.784887317357207,-4.105179623564634,-3.985807169224956,-4.031598384039896,-3.734587346981418,-4.123139255120483,-3.9747735488470037,-3.977443096940594,-3.983363705316771,-3.9778102496032006,-3.9773396793564393,-3.9774126171860607
2009-09-24,-3.9906302858354534,-3.9389126430620074,-3.9393974959557356,-3.6213231563837303,-4.060826538311857,-3.941033310120066,-3.9238487880861745,-3.55931648007507,-4.055922154358459,-3.9328799286866056,-3.917662429873874,-3.931398811819153,-3.9177746274242224,-3.916772417886559,-3.917290154927193
2009-09-25,-3.9677920167602734,-3.882623386940807,-3.9463932611983386,-3.6104384023504976,-3.9940653087106592,-3.873902254350331,-3.9544369493001708,-3.55690360340818,-3.9788592992734104,-3.852626978977526,-3.8717032627204513,-3.877360169670327,-3.871573480389945,-3.871829276292701,-3.8716971945123437
2009-09-28,-3.9206554398744595,-3.994062677035448,-4.066187798390602,-3.7324310446186595,-4.153970127478244,-3.988629818877486,-4.069257929458525,-3.704288909652934,-4.155591304385057,-3.9678695338209384,-3.985634974032375,-3.99043782405949,-3.985771266642657,-3.9855812898159675,-3.985636190775244
2009-09-29,-3.9196754685262154,-3.961653841347833,-3.9715863494885166,-3.6640403248504714,-4.089554174296919,-3.9603191552545627,-3.955627828341996,-3.6434834784757513,-4.063676702564562,-3.9425961402659913,-3.947008156232075,-3.9568572111434737,-3.947816741864104,-3.946266664775898,-3.9466726929896088
2009-09-30,-3.893014030968635,-3.711267926362357,-3.7491348388373202,-3.488936202429505,-3.852525379220705,-3.715135889015514,-3.750896651924627,-3.4687607872899817,-3.8637519003969842,-3.7031412155202377,-3.705141914869187,-3.709133114469864,-3.705256520039308,-3.705109567441803,-3.70509145841434
2009-10-01,-3.8186334144280107,-3.745533044798734,-3.776152981006706,-3.5697331989602477,-3.8537978574561165,-3.74255983413952,-3.782007396861851,-3.5390356080910745,-3.88386180723001,-3.741859000905694,-3.739033495066145,-3.7403348702188746,-3.738748380086815,-3.7389323576296873,-3.738983990868995
2009-10-02,-3.786868051741065,-3.806842101658993,-3.7675826295243815,-3.47309075998389,-3.965868547902608,-3.8060262141997443,-3.751786705041003,-3.4072692966057,-3.964902252238803,-3.800347931080524,-3.782172389999591,-3.8016775625749535,-3.783158619793323,-3.780875256924353,-3.781713267628371
2009-10-05,-3.7543061833867775,-3.8432822083607943,-3.8863089291812543,-3.614400284990628,-3.9586871190839608,-3.842100578334286,-3.897115841845961,-3.5923539675345673,-3.98168719595562,-3.8327684540153424,-3.837473331140476,-3.840282621976478,-3.8372826900041535,-3.837416520738408,-3.837524167255589
2009-10-06,-3.7534142055669144,-3.833447402654474,-3.882556458279816,-3.5685546075682413,-3.942263938543153,-3.8311874914721873,-3.8800652313606028,-3.526919920534725,-3.944619020949936,-3.814619150171713,-3.820673035253922,-3.8268601219225022,-3.820791973998471,-3.820061740442699,-3.8205816058004243
2009-10-07,-3.735332212503521,-3.976862659989541,-4.009778873281385,-3.7173478572034635,-4.07282990949126,-3.9835366366913427,-4.011615524449357,-3.654371080051671,-4.055111789247152,-3.984173052597603,-3.9623218444053463,-3.971364348982723,-3.962283224140839,-3.961650493624135,-3.9621973944908238
2009-10-08,-3.748323083636939,-4.021832158169528,-4.05112089031159,-3.786370012918106,-4.134910965209067,-4.035127938712699,-4.053998927851474,-3.762162711386645,-4.141044651560266,-4.030936578262076,-4.0123033750847,-4.018116429599144,-4.012316058695925,-4.012140293196113,-4.01226981868839
2009-10-09,-3.74074673606936,-4.247244335768973,-4.273502948957472,-4.021138525844179,-4.3737275461701834,-4.257517812616803,-4.265554735216616,-3.990525045096907,-4.360634035344683,-4.258781120492969,-4.235978294530011,-4.242697532442185,-4.235847207195183,-4.235522727766819,-4.235870476119041
2009-10-12,-3.7166708298546975,-4.395348135773849,-4.3912998098727565,-4.178178706579375,-4.488980330302116,-4.400766567494106,-4.387199210509936,-4.119584523579414,-4.461009649922561,-4.399975325978571,-4.379327382346464,-4.3922278577281855,-4.3792973782308495,-4.378527509432974,-4.379078179567364
2009-10-13,-3.7101459937980583,-4.231525105315733,-4.266778475870024,-3.9886797033662766,-4.379977361908662,-4.242662042237229,-4.273755237129547,-3.947530780555221,-4.36518274680517,-4.244083996854054,-4.219643868632176,-4.227848795084098,-4.21977500609465,-4.219520040907012,-4.219567060013138
2009-10-14,-3.6903534101728,-4.42397410907495,-4.368721834785642,-4.193713341359092,-4.50509653738604,-4.42852686403887,-4.363884627800589,-4.129376742561566,-4.454676978044472,-4.441921229659397,-4.401344602278712,-4.419790208331244,-4.402095224414895,-4.399520689025897,-4.400877987344241
2009-10-15,-3.6801826944925833,-4.452379480748401,-4.424444861171631,-4.225549562087729,-4.553307610912427,-4.443156214240304,-4.4183902059905105,-4.161107096332685,-4.5280133527929465,-4.4343270602675915,-4.43039704403793,-4.447168853571897,-4.4308334676614844,-4.42908848146824,-4.430088397111997
2009-10-16,-3.6847764687404454,-4.274122110209484,-4.259126313421191,-4.115682575941162,-4.3807855517381675,-4.269035463463367,-4.2545763203757465,-4.0654759154837325,-4.4137090930532565,-4.267888306769035,-4.264800868668908,-4.27091669979559,-4.26534422764623,-4.264463214269265,-4.2646470599107715
2009-10-19,-3.675999365248231,-4.355220035275113,-4.334719669455789,-4.1054730737884775,-4.402882393478549,-4.3411409028598955,-4.330090437884379,-4.026783517176515,-4.371888652632522,-4.337798600178111,-4.333079556336858,-4.34920603646626,-4.33334187289695,-4.331867072700775,-4.332785643309466
2009-10-20,-3.6747117960154037,-4.225600304335012,-4.218621744454922,-4.018705302524739,-4.3226713555314005,-4.218213343639145,-4.2087430010854945,-3.9397919958450025,-4.319009595715842,-4.216935602946995,-4.207276286412302,-4.221111301353924,-4.207650261670771,-4.206680341057201,-4.2071405642944235
2009-10-21,-3.7021140978087206,-4.046759465319005,-4.030035456544074,-3.8255585045463434,-4.169677060782809,-4.035691528735986,-4.02241643342771,-3.7737456544386503,-4.18357240455732,-4.030461750149755,-4.029531337129808,-4.042563036732277,-4.029904997849164,-4.028509278121001,-4.029226036991104
2009-10-22,-3.7198903447760143,-4.0320868234515945,-3.9938560942034798,-3.8114613494438596,-4.123454303415187,-4.03956464686425,-3.9786651815075906,-3.761450619763271,-4.122859003161081,-4.0571584019388185,-4.013221916716592,-4.0281285351954494,-4.013879793761968,-4.011964996653616,-4.012921382898235
2009-10-23,-3.7490808373521682,-3.8564485428430575,-3.881017085430228,-3.6819749027795976,-3.9287430308125946,-3.8530697328851935,-3.887722452136671,-3.6253600101938566,-3.8995506373264623,-3.85651486666827,-3.846820931548437,-3.8530727287180393,-3.847114215112809,-3.846640825659648,-3.8468688097205153
2009-10-26,-3.825086648543791,-3.684508130236362,-3.6973603161484925,-3.4949386262738056,-3.809618710525074,-3.67464173336126,-3.698223740065379,-3.4543172267067317,-3.7988211749127263,-3.670366166638384,-3.6738386904432936,-3.68125062945672,-3.673995297240919,-3.6737270017023063,-3.6738010044878595
2009-10-27,-3.852558184747268,-3.6605874710691015,-3.653245279863348,-3.4427778606525057,-3.775436563958658,-3.6549637112166726,-3.6581225970130693,-3.3956430247734812,-3.78876497770253,-3.6602701492855476,-3.645871218770009,-3.656385619056088,-3.645854101821442,-3.64532402786497,-3.6458117069575047
2009-10-28,-3.8995652340914333,-3.619910517307604,-3.6092783372995982,-3.3821444439239716,-3.744771966315902,-3.618023026175581,-3.608387670998563,-3.3281907309549315,-3.781421764942771,-3.6164794936854365,-3.6083235914471383,-3.6174930409021178,-3.608820258354129,-3.608081615984797,-3.6082316915033266
2009-10-29,-3.9112038559588895,-3.7573424168549816,-3.7536748016097987,-3.5126597985089516,-3.8953001746758913,-3.753279126814915,-3.7525308248682254,-3.4518931611293664,-3.908245076855042,-3.752580183678303,-3.7446025500006814,-3.753436608654785,-3.744761314331804,-3.7439438821026583,-3.744413569143357
2009-10-30,-4.015243739135066,-3.488005199447964,-3.513176105511564,-3.3423025629176784,-3.607546614842034,-3.4818163842399215,-3.5122379928327754,-3.3277240822612355,-3.6218020883315245,-3.474535463023323,-3.4844046682659973,-3.486809417351138,-3.484572578564743,-3.4847796467696135,-3.4843753044889274
2009-11-02,-4.141407463148672,-3.3904274808256294,-3.36084405625357,-3.1525658624773154,-3.4755457424582006,-3.413197121523031,-3.3533906351557516,-3.138721439984137,-3.459402294835617,-3.4188613754342745,-3.3769975677429582,-3.3869589777012785,-3.3771717806054973,-3.376346884553858,-3.3768282076347726
2009-11-03,-4.1469402292566855,-3.4627907044719275,-3.502717073375571,-3.2320450375021568,-3.5385989646987595,-3.478331154504467,-3.514472975599185,-3.170369275869906,-3.5521306449070176,-3.4762525978275702,-3.4543361335782645,-3.459701972686806,-3.454358636244224,-3.4542823882496245,-3.4543477713367254
2009-11-04,-4.220593976671639,-3.472288596583221,-3.51534362489727,-3.2658452918623255,-3.5604733002037943,-3.467335887207033,-3.524141682071879,-3.2191498274612314,-3.542553619839279,-3.454574253086781,-3.4645887397935367,-3.4693558992788573,-3.4644777661527395,-3.4644938847780047,-3.4645656907401157
2009-11-05,-4.229657684913856,-3.5788836476786523,-3.569621199656947,-3.339048291606042,-3.64128564759135,-3.5965373322639973,-3.559155318595651,-3.27876169183857,-3.6685347818124794,-3.6084670640929737,-3.563903148017769,-3.5740946201995003,-3.5640052761999668,-3.5628277256577205,-3.56364092953456
2009-11-06,-4.262745766030868,-3.5952570416334737,-3.653707370000086,-3.4049846360177503,-3.7208190163993704,-3.613083253034123,-3.657162383567718,-3.3694869620798573,-3.730589199057894,-3.617473512246905,-3.590979277678062,-3.593158558064379,-3.590707504623537,-3.5912664665893144,-3.590983920155409
2009-11-09,-4.263539785358773,-3.931343145012685,-3.9738397408805,-3.7224632412655234,-4.00770950039262,-3.9365946005287245,-3.977330542459223,-3.6666948971612228,-4.003512865868406,-3.936031561685701,-3.920811600446712,-3.928673856128736,-3.9207940596068833,-3.9204934643024254,-3.9206926025313305
2009-11-10,-4.271256132332409,-3.959509918061304,-3.99058174421025,-3.7284383653019395,-4.02536402026161,-3.9691144727557996,-3.9866156375788493,-3.6358025402835925,-4.000196283907174,-3.973386381034906,-3.943552650426461,-3.9542436559314895,-3.9440103352177216,-3.9431972767707517,-3.943384961988216
2009-11-11,-4.30978868815554,-3.9298205299388,-4.018042368444457,-3.7198226520943134,-3.976657862588111,-3.9203644368063837,-4.03086447720857,-3.6604922624002056,-3.946062360638654,-3.907313818504416,-3.9218894179066894,-3.926543644511319,-3.9222006690025535,-3.922058646717665,-3.9219289142771356
2009-11-12,-4.352139794302782,-3.938857350545443,-3.9908881777714624,-3.7773214942325186,-4.026177040753779,-3.9485414250861135,-3.9939168204268536,-3.746598421381018,-4.038281478029547,-3.950091804825902,-3.9358129072284025,-3.937296819474457,-3.93588171649532,-3.935730834954001,-3.9358079566839894
2009-11-13,-4.388446790939167,-3.9594159708534695,-4.056758338118402,-3.791608308689919,-4.04353149204128,-3.950444638535708,-4.074476702285244,-3.7468416251170815,-4.056002762037837,-3.933693768857688,-3.957463384353328,-3.957566035678393,-3.9575157770733767,-3.957207845968152,-3.957530728269635
2009-11-16,-4.3998787222035585,-3.974675090506015,-4.063472023410699,-3.7844943982984955,-4.000384424441058,-3.964847219141059,-4.077919510326006,-3.7266498204140177,-3.963086065053509,-3.947974542243512,-3.9675798396052047,-3.972563935611161,-3.967844725787292,-3.967133119424327,-3.967490499493561
2009-11-17,-4.409778765073779,-3.994073349598776,-4.107440774306041,-3.8207594816171833,-4.043970295909057,-3.987691817127175,-4.13178286504302,-3.7748019851587107,-4.0339746570885575,-3.9685936445535823,-3.9925338637068335,-3.993889951611126,-3.9924536328158022,-3.9929983305561247,-3.992610173317607
2009-11-18,-4.4470499903936265,-3.9915698044431664,-4.115412160799678,-3.8313498605080905,-4.087171509745461,-3.987171370757896,-4.14320716785071,-3.77051120559643,-4.07560824239563,-3.977450941526308,-3.993446737512238,-3.992655156977094,-3.993215179966714,-3.9939900235837125,-3.993542569049569
2009-11-19,-4.492846173921969,-3.958894459290601,-4.025037863333374,-3.8412329449457077,-4.078098182666755,-3.951761052176553,-4.039991893236014,-3.8161076824466376,-4.100828882175353,-3.934389310469641,-3.9611835267946742,-3.95898988407916,-3.961112263353965,-3.9615435557315606,-3.9612286971772837
2009-11-20,-4.504753763436727,-4.143908544980768,-4.214256381269102,-3.988084781420444,-4.187931037427895,-4.135727419572864,-4.240631839839342,-3.934306099451709,-4.18874669032969,-4.121724894577374,-4.141476726521781,-4.144036069571698,-4.141741776183319,-4.141395625179836,-4.141513394068175
2009-11-23,-4.529054431685212,-4.164915232802393,-4.249314429320488,-4.032944998708784,-4.226932068984313,-4.161812964526787,-4.261144307455143,-4.009057954562077,-4.261910614838813,-4.149794256300281,-4.167702673305716,-4.166021240443728,-4.167982569301962,-4.167951916338312,-4.167700173736573
2009-11-24,-4.586557382346132,-4.03499672155075,-4.178177305314654,-3.9019863555306196,-4.139710554692975,-4.01294429689804,-4.219822676134136,-3.8679638602573516,-4.155367335109614,-3.989658792095686,-4.043142031821286,-4.036365616889408,-4.042938934739103,-4.04385196526902,-4.04339998671343
2009-11-25,-4.595713214128665,-4.366046890041983,-4.446048656872414,-4.207044546301472,-4.453122872598293,-4.357454167262519,-4.46865054503584,-4.16226661254381,-4.463103233514837,-4.345819795093321,-4.365049114456579,-4.366403764247119,-4.365252208295013,-4.3651640445409505,-4.365096998344164
2009-11-27,-4.675642940054937,-4.035625183230246,-4.1274430694850315,-3.9533533731073804,-4.040352067136234,-4.025443918696345,-4.145841029963283,-3.923680492292327,-4.055767604005821,-4.014212532841252,-4.037493142070264,-4.039670557195565,-4.037803779911124,-4.036669918836203,-4.037527750601111
2009-11-30,-4.719159761131509,-4.118391122293938,-4.19646448339574,-3.9512628706639132,-4.168308745948318,-4.111394402542574,-4.212134259283489,-3.9016529707771808,-4.1768251142302795,-4.095796077344446,-4.113887401861705,-4.117486206934514,-4.114138277028995,-4.113287184434514,-4.113845255469756
2009-12-01,-4.758326314348957,-4.1369014491077,-4.260810500593233,-3.955441273021319,-4.1780786284845375,-4.1291073196407835,-4.281270836220736,-3.922173222603346,-4.212722766958313,-4.109739532142109,-4.137267013119703,-4.136370333914498,-4.137433855980296,-4.136871305361998,-4.137266333901374
2009-12-02,-4.78072562609957,-4.221240658047235,-4.277582612418127,-4.0501482909206254,-4.300301479639857,-4.203048639465324,-4.278888331489286,-4.006667110263422,-4.308733492734232,-4.196734503592481,-4.215982237748277,-4.220902176841712,-4.215970566389805,-4.215644176144553,-4.215830032768261
2009-12-03,-4.851433855457906,-4.096983429228017,-4.198412357292382,-3.8888704252776565,-4.149431383905045,-4.063942170116556,-4.228357975264221,-3.847767252641714,-4.165191867770535,-4.032587283075036,-4.091511227996681,-4.095724116337566,-4.091841770110895,-4.091193698627949,-4.091409701222486
2009-12-04,-5.035950014745986,-3.895248352216008,-3.953146751254939,-3.7617426183174,-3.9907643526681973,-3.8787055523918434,-3.9693551267173226,-3.728757460393248,-4.013647481294752,-3.863757641086516,-3.8930302077812784,-3.8946935270918015,-3.8931061256627726,-3.893117962083876,-3.893014400545842
2009-12-07,-5.057176874661019,-4.162408613239611,-4.242698105188782,-3.9854807992855497,-4.257659843320617,-4.147307157930127,-4.259135763487952,-3.9411734889031766,-4.289716179598778,-4.125062995025365,-4.157923411718629,-4.161655535328584,-4.15791794092638,-4.157532235657307,-4.157829851759773
2009-12-08,-5.128218235563744,-4.0687380620724864,-4.1732087218047855,-3.9235235061889955,-4.127819792659859,-4.048190901854222,-4.205661842887588,-3.9070958536589493,-4.18114607241431,-4.03723661348717,-4.069793647124975,-4.067851610123733,-4.069560648277859,-4.069586646336292,-4.069826415630694
2009-12-09,-5.153258776082838,-4.1166467966574585,-4.179251520830492,-3.9925524407829744,-4.23717684244049,-4.109838089728614,-4.210859223497293,-3.975063090819285,-4.290813156200518,-4.106764993422964,-4.1190348427338,-4.117151158023738,-4.118659260950525,-4.119470600290329,-4.119093970180675
2009-12-10,-5.149797978499865,-4.256058857473927,-4.320908803322642,-4.112982106738912,-4.378696370930995,-4.23060022754763,-4.353551562039712,-4.080131320047567,-4.444130139140191,-4.2200128499101295,-4.256791020325422,-4.257165328694763,-4.256542727346711,-4.256609465007198,-4.256777832738351
2009-12-11,-5.176426734124179,-4.392190383312504,-4.467545515944928,-4.254073470245918,-4.472594773369913,-4.372490032983546,-4.496164067606582,-4.217245505068819,-4.487073747763714,-4.364457204267794,-4.391919440927476,-4.39236150948944,-4.392117713598987,-4.391690140388983,-4.391825100401041
2009-12-14,-5.132800123021292,-4.502706893470678,-4.562566198987976,-4.32976492291687,-4.576339962217611,-4.471502828021441,-4.600764016435072,-4.271403947608044,-4.608144257903943,-4.466182645068489,-4.498711193409823,-4.501990690083752,-4.49850427596818,-4.49807846241902,-4.4985629144824175
2009-12-15,-5.1294797996037635,-4.639314960269823,-4.60191088013601,-4.464904391684607,-4.706560174630921,-4.632282177321724,-4.571883592186598,-4.41729404061793,-4.675888224243553,-4.634029356506046,-4.622956511702053,-4.637175111824132,-4.623402054536825,-4.621690532390276,-4.622590227401306
2009-12-16,-5.087433849049269,-4.635921383370588,-4.644447074541053,-4.484946126455029,-4.719965815723353,-4.614564985581127,-4.646605692264237,-4.44307438498328,-4.7401594104803015,-4.606515680577431,-4.62686030332995,-4.634884576226515,-4.627018723272276,-4.625985056273862,-4.626666977616923
2009-12-17,-4.926217975321275,-4.540803759813089,-4.534903331484106,-4.395180355353734,-4.639030066937651,-4.522022001806778,-4.535480871781769,-4.35111143984818,-4.632988736809791,-4.510382361703337,-4.531180487166072,-4.539646531778878,-4.5311214412529015,-4.530456782492807,-4.530980975602624
2009-12-18,-4.772208054475935,-4.557435368038844,-4.546722751645883,-4.420792040585233,-4.6103075897106915,-4.537620070227554,-4.544574822882455,-4.384575064526462,-4.623818493349792,-4.5302668636713985,-4.552074405267004,-4.557047163431386,-4.552505156334072,-4.551303729903017,-4.551857702180159
2009-12-21,-4.711435886749946,-4.783052469492339,-4.696492872260261,-4.619013577868302,-4.816615750085686,-4.760271849977192,-4.653207232067075,-4.582922380784323,-4.774662475789253,-4.750534589875984,-4.765744132877487,-4.780487158447977,-4.765985820859597,-4.7643717959115985,-4.765339224862032
2009-12-22,-4.64317034219167,-4.739403056810893,-4.729761281070847,-4.58471383699088,-4.766042356872869,-4.704559616700714,-4.70895020192583,-4.534681276210391,-4.759477618425225,-4.696186840781016,-4.726518879655931,-4.73677693117139,-4.7265280561447085,-4.72559732476883,-4.726245646286341
2009-12-23,-4.555543052242413,-4.744138912857807,-4.818143159124032,-4.570504461694314,-4.766172354629339,-4.725359107789039,-4.8338227822488085,-4.523507214774505,-4.82729444572268,-4.721635374173207,-4.741439533245679,-4.74390469420812,-4.741167598675789,-4.740840637974644,-4.741296626032462
2009-12-24,-4.415889180797124,-4.958510068444134,-5.027233828399922,-4.7529147900303075,-5.005529314219249,-4.914559435314087,-5.040654360897431,-4.7043910594683265,-4.952971285993017,-4.882303157073432,-4.947676385778824,-4.956713216957298,-4.9478448468121385,-4.947007281744545,-4.947409714280751
2009-12-28,-4.311598198268671,-5.066482285884565,-5.084661511230425,-4.863087755821943,-5.0751567624357765,-5.045305918659114,-5.073614070490526,-4.787233432775827,-5.0102564431590535,-5.039298824394105,-5.048743811646402,-5.063975844912907,-5.048977703074346,-5.04725164379056,-5.048386106297738
2009-12-29,-4.261992351108527,-5.152460483257892,-5.14260545083368,-4.9316652635623,-5.213790968739881,-5.138852126780378,-5.107154083367639,-4.8555566558986785,-5.13590274412962,-5.1365986412925775,-5.131532262836101,-5.1503594953836185,-5.132070825826964,-5.13024834289097,-5.131076041366043
2009-12-30,-4.233589215419776,-5.013817075013109,-5.064842426827455,-4.837100455017673,-5.06467393279017,-4.991317318149992,-5.066407747615379,-4.7665893151287895,-5.04169370831602,-4.984394337663941,-5.004280747110116,-5.0135789051328885,-5.004360127821061,-5.003362739212724,-5.004102935942793
2009-12-31,-4.2045769602858165,-5.061019375382754,-5.117763589198136,-4.88054940320591,-5.136377113005714,-5.014715696795412,-5.12947251092609,-4.804808580192393,-5.124889227569708,-4.985189738477388,-5.051002317278459,-5.059324127932554,-5.051194263852313,-5.050125012157274,-5.05079641996495
2010-01-04,-4.132467915249006,-5.08745214970756,-4.9758918330059965,-4.897963697609854,-5.166150236322384,-5.0547799303810095,-4.917055740419474,-4.8127356370318175,-5.118145843592123,-5.039551840928,-5.060418868873587,-5.084568946104151,-5.060833669027013,-5.058371667555136,-5.059871126052353
2010-01-05,-3.9951389159798336,-4.940111626314512,-4.845688806376807,-4.702021044630835,-4.981151395702722,-4.912281721401339,-4.768095553712632,-4.637008647511931,-4.91826847799755,-4.896393332965078,-4.909684380477688,-4.934525817776489,-4.910043174579323,-4.907655652168742,-4.909126295860656
2010-01-06,-3.9533060376250795,-4.963276339099978,-4.856885836889209,-4.761483120308535,-5.027195909509675,-4.942604317457867,-4.773927413684027,-4.705753354781857,-5.038928617051146,-4.940378122451524,-4.937488916893632,-4.956921933712363,-4.937763249473476,-4.935664099349008,-4.9370335776747565
2010-01-07,-3.867219554510417,-4.879235671904075,-4.783410364789809,-4.601909157256952,-4.87260681726014,-4.869548579109033,-4.707916069088584,-4.4975272778901765,-4.804012627486125,-4.862948640500113,-4.846563862564556,-4.871888770549143,-4.847213775041452,-4.844252954161825,-4.845907775665558
2010-01-08,-3.824478726136954,-4.8754153623311565,-4.815962849339307,-4.630111176591085,-4.953942287277529,-4.854713250949632,-4.764244519749595,-4.530618911533404,-4.926511391206184,-4.827072230044948,-4.848736968871445,-4.871114913943892,-4.849098533701766,-4.846728049801603,-4.848155187316177
2010-01-11,-3.7830418782743607,-4.895737403648147,-4.8374597480123915,-4.657469432274253,-5.011574853378706,-4.903596493963185,-4.788598997785564,-4.573960209660602,-4.949506115305653,-4.89845920958538,-4.87055366420281,-4.892409638166854,-4.87098276373488,-4.868919858809554,-4.87017188390744
2010-01-12,-3.7511593378710715,-4.799871000613585,-4.714713041793127,-4.534547437136644,-4.890572689037444,-4.786347041937248,-4.641868430132319,-4.466637710793767,-4.843541533106882,-4.765069463773952,-4.77012333454164,-4.79396540491738,-4.770839987067326,-4.768216098891694,-4.769557159954647
2010-01-13,-3.750392057718679,-4.806650254440087,-4.713419844472497,-4.52976071020761,-4.914334919043665,-4.800580185945795,-4.624243089790902,-4.435260828285891,-4.851174409677706,-4.803027592355271,-4.773782375423359,-4.800597122797903,-4.774299997531571,-4.771551775185402,-4.773212286188957
2010-01-14,-3.736529871466486,-4.94116442198465,-4.831461786484766,-4.649004699014284,-4.999198622544466,-4.945002179917038,-4.728665268798349,-4.53971714128549,-4.880759279016217,-4.946101515724741,-4.902057349276586,-4.935703237851557,-4.902936288422157,-4.89943855702994,-4.901331992907154
2010-01-15,-3.7426840096320215,-4.719441043710522,-4.73803166029878,-4.466560897535534,-4.808116143003965,-4.703063796289649,-4.6941518720945545,-4.382406403744938,-4.760664369763253,-4.690629630657357,-4.699496767050996,-4.718385191087835,-4.699650554477216,-4.69815017784853,-4.6991180992281585
2010-01-19,-3.7333848147759485,-4.8765310887618805,-4.758804139240459,-4.576081662548953,-4.9616130846599775,-4.845659326310101,-4.658133705542016,-4.474038601856209,-4.881956535842869,-4.823395506143367,-4.83592937659438,-4.869492510211844,-4.836780316184557,-4.833173205874634,-4.835195491674487
2010-01-20,-3.7429600870965998,-4.65931448291359,-4.547944933659799,-4.466292477499009,-4.702429366405124,-4.626566045784604,-4.4548856968058255,-4.355865603586232,-4.5865189261930865,-4.620100670140934,-4.622708050877868,-4.654282017037609,-4.6244949449250985,-4.620581469803141,-4.6221351639211425
2010-01-21,-3.7769305283368233,-4.243973644778826,-4.181782433641146,-4.00755893015937,-4.317341139150624,-4.244783863087316,-4.11479276795348,-3.931300545466317,-4.293465475122078,-4.258678877525223,-4.218101492345836,-4.240693600589014,-4.218826537180806,-4.215977225596521,-4.217557095459155
2010-01-22,-3.8203185536329944,-4.054160392543669,-4.080413481641723,-3.797553943541565,-4.119302314972365,-4.059184271409592,-4.05892669447154,-3.7185731443188623,-4.141157740275673,-4.061534283510453,-4.035422550716407,-4.050345043143416,-4.035853576965002,-4.0344230093310465,-4.035087750803015
2010-01-25,-3.8189814735274585,-4.19210876184448,-4.184206417053335,-3.9282116796063846,-4.254984318155028,-4.1851418845861135,-4.146315970241776,-3.8435713715753423,-4.194703309242291,-4.181795868397759,-4.168049332654426,-4.187981441979567,-4.168519457834297,-4.166488518227059,-4.1676288578054335
2010-01-26,-3.8284997600418644,-4.083215072878337,-4.117820554787728,-3.8382121027674834,-4.12863465870652,-4.09254218821226,-4.095948395562669,-3.7829102422634677,-4.110546436614174,-4.113665403844412,-4.067065011393375,-4.0807684227249625,-4.067516044256328,-4.066051404545997,-4.06678421452556
2010-01-27,-3.8693667206048152,-3.9639208973930673,-3.9806898094456993,-3.760840724977912,-4.081859038302772,-3.9716000316018087,-3.9576340904637624,-3.6880410970881585,-4.069917082384756,-3.986110568298221,-3.948757868020192,-3.9609625195884655,-3.949051741521738,-3.9477478734876064,-3.9484770781183505
2010-01-28,-3.938392565685946,-3.823841724711184,-3.836742372380867,-3.7054887534087446,-3.93662003328643,-3.819093554309527,-3.834366311838566,-3.6633664876882808,-3.949139343185354,-3.8242671829258956,-3.8163304812833294,-3.8223537745884464,-3.8164662902152817,-3.8158193563792984,-3.8162454555769694
2010-01-29,-3.9990124552149386,-3.829702216014758,-3.8520778011984937,-3.7319243950455285,-3.9546574777185577,-3.841092620793092,-3.8490926927533216,-3.719660581511019,-3.974211394656803,-3.859737196001054,-3.825564003482682,-3.828788179461696,-3.8258934466769743,-3.8256772627214852,-3.825628822125317
2010-02-01,-4.027540021278245,-3.933493944614431,-3.9976598861003954,-3.773677319307152,-4.0311083309244164,-3.933411018258952,-4.0158981076959614,-3.7452274685728533,-4.046421330644699,-3.938015217005699,-3.928152532619872,-3.932302079489056,-3.928569529954893,-3.927898755820365,-3.928190452559538
2010-02-02,-4.0474330364384645,-3.9801595321291647,-4.032347115430429,-3.8148050920235055,-4.0713530185315685,-3.9675383775550888,-4.035124659335687,-3.804978325700612,-4.0811399085202735,-3.9522851465837445,-3.972938741572194,-3.977855146437024,-3.972982211633104,-3.9726693594692146,-3.972805001255287
2010-02-03,-4.072797836636509,-4.002045772606864,-4.0563167594187535,-3.8436327793346976,-4.099151639206544,-4.019273383865565,-4.06834025470141,-3.8181824222334533,-4.1286847033833265,-4.032909766185595,-3.9959838877674096,-4.0007731888973925,-3.996008958597888,-3.9961538339558786,-3.995940876231664
2010-02-04,-4.133862060585183,-3.8639282007764,-3.9099938708155006,-3.7027500297687443,-3.9634218409390796,-3.8521072015586766,-3.9249908545811762,-3.689792705161171,-3.961675892883276,-3.8449139575741804,-3.8585461718601706,-3.8632940686429142,-3.858368947452832,-3.8582450711813294,-3.858469553262476
2010-02-05,-4.2801581645037565,-3.602142893202177,-3.610697995408874,-3.5133845158424037,-3.7624202970278833,-3.589478309420462,-3.622600222110542,-3.505718139928983,-3.848567791394907,-3.584920754072415,-3.60122583273315,-3.602090216068013,-3.6011412399706697,-3.601609934146206,-3.6013010970560355
2010-02-08,-4.334835333610261,-3.767031400810645,-3.8582321521308094,-3.5962162565246825,-3.8778923269630248,-3.7914229052020185,-3.901873545055434,-3.5738669504369978,-3.923151852914145,-3.805616242165041,-3.766698801302306,-3.767681452267303,-3.7667149107034423,-3.767013356136135,-3.766746325984046
2010-02-09,-4.481761089247526,-3.523610650975877,-3.6498192719139935,-3.403794355905487,-3.666022530737732,-3.492336802891802,-3.7124334831585606,-3.402571363766994,-3.7254104843112326,-3.4691997783649584,-3.5287432346527137,-3.523964573039885,-3.528464739310612,-3.529324802956327,-3.52896077558572
2010-02-10,-4.562716631393885,-3.5877832744208638,-3.7842250569989986,-3.429109459641775,-3.7257404152580227,-3.5655388881111976,-3.861795141361792,-3.4265591114798855,-3.8224631519872627,-3.5436593756908716,-3.5971833508573705,-3.590786509470464,-3.5971430282473267,-3.5979715110399573,-3.5973868245323537
2010-02-11,-4.645542531345938,-3.584101301436762,-3.796996888720646,-3.4991859684537743,-3.727305391211056,-3.560593951755521,-3.9006195103753716,-3.53288271890248,-3.827704609085161,-3.5374919859679674,-3.603231875799908,-3.5910813684158063,-3.6028398331230287,-3.604609351242029,-3.603513428082614
2010-02-12,-4.736769761379819,-3.650528226336793,-3.847210655813637,-3.573073537491112,-3.793852908865608,-3.6135111227813606,-3.957458195174124,-3.590417817693793,-3.898351757658981,-3.5880073536997172,-3.6701959148351726,-3.657140555247093,-3.670003142815065,-3.671370211665746,-3.670530436055052
2010-02-16,-4.754955420606957,-3.909021742652589,-4.056463557366493,-3.7859674966842674,-3.969650247823353,-3.8609483292380475,-4.129882003100664,-3.7593343664932712,-4.029409503561021,-3.8283763633147654,-3.9141219055558594,-3.909557497490068,-3.914038959935543,-3.913892186213311,-3.9141498628552425
2010-02-17,-4.772536780016358,-3.927456333379743,-4.112522772383234,-3.8548939908225015,-4.034414416147567,-3.9042469515755145,-4.223489396762131,-3.8611010532588805,-4.112135934886263,-3.897974195171402,-3.9438576587652743,-3.931059239866646,-3.943645770807673,-3.9450375119582355,-3.944106930359458
2010-02-18,-4.780791799123079,-4.082008292770391,-4.245284725475943,-3.9855835721277857,-4.1693109418754375,-4.062224080593793,-4.338314837156241,-3.9791512293943723,-4.254611884234517,-4.046897912574815,-4.092555359080209,-4.083802711133326,-4.0924272044641965,-4.09319451143443,-4.092755733412103
2010-02-19,-4.801106549815967,-4.107438071289968,-4.285680995920109,-4.029102216373361,-4.170984265900656,-4.072320403104079,-4.3864025347713715,-4.022378022894649,-4.268079933257539,-4.056120440515145,-4.119633562334871,-4.108152388474424,-4.119415602173515,-4.120142530159533,-4.1198707544611946
2010-02-22,-4.784904773551729,-4.277353467042162,-4.391676905897234,-4.203070364336293,-4.42404380306808,-4.225473390069435,-4.447526075037741,-4.208257720703359,-4.550450575100055,-4.191532123475236,-4.287394877328484,-4.278552353204119,-4.287503196572091,-4.287550525454586,-4.2875321718040444
2010-02-23,-4.815969632268908,-4.075286068939318,-4.214790965644505,-3.9604456883987726,-4.168306830355707,-4.0638303126569495,-4.2847424903513405,-3.957480864356575,-4.240052457127399,-4.050133278719952,-4.084475238263025,-4.07745476644577,-4.084469899079137,-4.085000310637168,-4.084645353490558
2010-02-24,-4.834811132343176,-4.110139219164547,-4.249866122686513,-4.029975762828396,-4.2118686173783715,-4.088797283193476,-4.327653392761675,-4.034270172038162,-4.299372123750959,-4.08635052664123,-4.122446373386463,-4.112174114442824,-4.122409333743532,-4.12301097767037,-4.122684919371169
2010-02-25,-4.904404367984204,-4.052035299941951,-4.217200545628086,-3.999849383530474,-4.182958639865118,-4.021793516097717,-4.320130604475438,-4.01889433917384,-4.305536484849666,-4.005020223884038,-4.070754183249721,-4.056552060053152,-4.070626008272931,-4.071936096240465,-4.071090922558996
2010-02-26,-4.94454401791565,-4.0600188268160045,-4.273911490302743,-3.981029022299169,-4.233158925213295,-4.037777576548936,-4.396339849618734,-3.997803812385628,-4.434972176002965,-4.033473223207038,-4.08358119443323,-4.066275971751157,-4.083370098241285,-4.085051830154702,-4.083991350692143
2010-03-01,-4.92140781239195,-4.281487015613031,-4.331294620869053,-4.160729334606133,-4.375804004690635,-4.285636168963429,-4.334621653977967,-4.133196262791652,-4.48541267844681,-4.286985359734469,-4.284773540157955,-4.282629601324165,-4.285067936046318,-4.284419333272238,-4.284714038296037
2010-03-02,-4.921280511169905,-4.310359972393844,-4.426136202874412,-4.190282667591205,-4.382941422840084,-4.300995529228956,-4.4634562148434025,-4.172542483246963,-4.4714416355085485,-4.2919080174979864,-4.314729319895594,-4.311892432692521,-4.314580070314637,-4.315030499291215,-4.314793975252964
2010-03-03,-4.94184526316438,-4.37409389988943,-4.529783250183944,-4.264192163195659,-4.436184634616425,-4.385944874731123,-4.591003394306184,-4.2602177337012614,-4.562469258017445,-4.405486697832974,-4.384567215039436,-4.376881842552693,-4.384262457300589,-4.385058737612741,-4.384658674712215
2010-03-04,-4.958961658767029,-4.499708399641109,-4.546615877579513,-4.394933890189754,-4.61495458415097,-4.50421548693178,-4.5610860155665245,-4.388210555516859,-4.6757351350057546,-4.50510870531973,-4.501176004981009,-4.500682816892201,-4.501358305671623,-4.500746986444135,-4.501169278279306
2010-03-05,-4.936476195378729,-4.574587266574547,-4.706409385382353,-4.445764556068037,-4.621568660527767,-4.5476898593383535,-4.725085743345706,-4.442341567173942,-4.676038073677471,-4.525166740116508,-4.577972981496336,-4.575482137426695,-4.578288745134419,-4.577767578025486,-4.577947973421041
2010-03-08,-4.932731798440976,-4.679072260238683,-4.768150461439186,-4.5350910696507,-4.759246331174854,-4.6645841091906375,-4.770334889221942,-4.51125724540758,-4.773618255402485,-4.653652175041878,-4.675979701760305,-4.67924543578131,-4.676177745645789,-4.675426032327437,-4.675876699035593
2010-03-09,-4.93245873939101,-4.629016942322714,-4.733563255987989,-4.4548835836723635,-4.6534405086616335,-4.62106904251047,-4.717710557479852,-4.41860289899977,-4.65935773697109,-4.616125067686525,-4.623084029179176,-4.628691980102927,-4.623695361045166,-4.622126464330543,-4.622835459482264
2010-03-10,-4.970397198971122,-4.533551608590686,-4.62855678841992,-4.341252151268903,-4.6066366502932885,-4.52254484725737,-4.6352653999274045,-4.293471598110735,-4.66815942833775,-4.533061911076767,-4.531041700722991,-4.534439920896,-4.531383551914105,-4.530412615815834,-4.530896508180467
2010-03-11,-4.972080045768562,-4.657392605391648,-4.724349565157741,-4.4717984405548545,-4.724614695411174,-4.64934470402898,-4.7083254755528765,-4.438531888142758,-4.739605596058123,-4.63086439651992,-4.650865337180918,-4.657680537449281,-4.651495642096218,-4.649820309105904,-4.650672945619068
2010-03-12,-4.9896515797841445,-4.665620849132327,-4.768105380117662,-4.470831011052336,-4.69735728028335,-4.643259963180526,-4.7631988663635925,-4.4206622591485045,-4.737101670225404,-4.622370826967409,-4.660485532720317,-4.665629879128507,-4.661765572747442,-4.659553225890662,-4.660248596405976
2010-03-15,-5.016770565997716,-4.619689873940201,-4.7458366284759546,-4.413715665470135,-4.639492054533434,-4.620556962919012,-4.735943317747483,-4.373160158549159,-4.710733610433639,-4.6035252540301235,-4.614862954691796,-4.620227179882844,-4.615315152909705,-4.613513125211838,-4.614629596771126
2010-03-16,-4.857128031045279,-4.611977107363398,-4.774848763199285,-4.425359146730576,-4.676504739397776,-4.6115555355105755,-4.804066079092072,-4.393686978451237,-4.780921774909364,-4.6141940904515595,-4.61334833351625,-4.6135035253659895,-4.613276859068239,-4.6126829775301825,-4.613282178653586
2010-03-17,-4.820598014141471,-4.704861886248791,-4.818371412663731,-4.486626164289498,-4.762273241816862,-4.6948023910398415,-4.800088105696058,-4.453765609188281,-4.826967896977078,-4.678556521175892,-4.699077550076327,-4.70481132562443,-4.699464355387162,-4.697790486365575,-4.698772732940765
2010-03-18,-4.817261360020646,-4.8086184955615305,-4.846650775063185,-4.615627502054485,-4.893103309779421,-4.818379580450932,-4.819869056449038,-4.565583762120305,-4.879976950637919,-4.811557403848868,-4.798720350562217,-4.808529731950316,-4.799190961789196,-4.797601344172894,-4.798365039756646
2010-03-19,-4.810687752195095,-4.669983791333449,-4.724477488213468,-4.504566067776067,-4.855956663986726,-4.670611661017555,-4.732775399905042,-4.47274582861721,-4.917898523890689,-4.670540810424094,-4.668431000416663,-4.670102360379564,-4.668286269733294,-4.667985401590806,-4.668221003754189
2010-03-22,-4.7857342755636285,-4.747728040038849,-4.724781337869625,-4.560821316498995,-4.83724961309767,-4.766453499738789,-4.673248987578309,-4.518650341319955,-4.845514238715028,-4.778216286611371,-4.736125819171353,-4.747400031664512,-4.73635239784341,-4.735058819134839,-4.735858581550601
2010-03-23,-4.7610587612644615,-4.778696461274697,-4.846371880116245,-4.605930440858192,-4.90130937530635,-4.79338679932635,-4.8458879072810825,-4.586337171972643,-4.931919393027725,-4.788524241713062,-4.778210890917447,-4.780197205653975,-4.77825483087695,-4.7781333893929885,-4.778057886103014
2010-03-24,-4.772441291609185,-4.636774988310264,-4.7920143865900995,-4.441442214032816,-4.695996187748113,-4.620813341399009,-4.805245058258088,-4.410825993681845,-4.766167864036338,-4.6095583221259115,-4.638422506356187,-4.640259618548716,-4.6388485284648855,-4.638030380359752,-4.6382563827212
2010-03-25,-4.633296291478292,-4.583779093624347,-4.657953843355255,-4.415124924385154,-4.605829456209384,-4.595158130337166,-4.6326174075818525,-4.382797910525447,-4.626163563966772,-4.6095710979097735,-4.578603318616527,-4.584468256323326,-4.578908599690933,-4.577930473077086,-4.57836222970459
2010-03-26,-4.565074096466005,-4.57206920054324,-4.672072904196095,-4.377669373027606,-4.6531629518632105,-4.579061555846879,-4.657880728627955,-4.339325960427806,-4.6724502953508145,-4.596287971119775,-4.570288246118364,-4.573385189352862,-4.570507629267678,-4.569584228679037,-4.56999697929174
2010-03-29,-4.5469771103172665,-4.828815697960104,-4.8961516885595415,-4.612021254548716,-4.824295764935769,-4.826293238700137,-4.863564694227398,-4.560825828715094,-4.817522353648866,-4.832968134473255,-4.8180597706656405,-4.829161111253106,-4.818624246009529,-4.81673105218729,-4.8176906394652566
2010-03-30,-4.480221146398536,-4.693366641754657,-4.81573757786698,-4.509221915400346,-4.782824073451507,-4.693719378279444,-4.845272840480791,-4.478644493268041,-4.870463125390697,-4.703380591677052,-4.697113624467031,-4.69632145314049,-4.697168528976155,-4.696782382594872,-4.697020196635414
2010-03-31,-4.4748156329259645,-4.663163968512365,-4.779530267469259,-4.457012784204987,-4.707527916876293,-4.661728664638976,-4.789150188555078,-4.408441610099371,-4.741745213155198,-4.660945634942383,-4.661517656449752,-4.664069619077105,-4.661914920232655,-4.660995071846573,-4.66132756601808
2010-04-01,-4.374119418437663,-4.756003045271442,-4.88999306353396,-4.579261594903128,-4.824239532243565,-4.759388315695232,-4.912570734084091,-4.54550230986917,-4.874506090797325,-4.756150982178806,-4.757502330614518,-4.758488387431722,-4.757697228215828,-4.757486378744209,-4.757430839756935
2010-04-05,-4.286134732027992,-4.963105692510034,-4.971058305371302,-4.786297736746743,-4.96770656390686,-4.959483607572563,-4.903633199303926,-4.7401640903477,-4.945387239680501,-4.957828654993968,-4.948197684472149,-4.962823031444715,-4.948342552084782,-4.947255585029236,-4.947823232981433
2010-04-06,-2.8896141498664156,-5.011592307484226,-5.011830708653551,-4.771745434855253,-5.020005196352116,-5.013617099262852,-4.913851422313279,-4.694267050337018,-4.9353371851634416,-5.011907183398612,-4.986291538144474,-5.009104298055477,-4.986512486571972,-4.984489273182298,-4.985722469277503
2010-04-07,-2.77027982966619,-4.751197391208053,-4.8733824706928806,-4.519468884139829,-4.731979812253305,-4.755773331319304,-4.854436966149646,-4.471344217046675,-4.700400486267587,-4.752095895001673,-4.741555829972064,-4.749750698072845,-4.74190108893159,-4.740909511553591,-4.741311777919888
2010-04-08,-2.733560410068727,-4.940101543273815,-4.908121984029893,-4.734377297404134,-4.900142818735341,-4.959045622048851,-4.83201138269452,-4.661435075897176,-4.785571804193698,-4.977013941789585,-4.918113878603706,-4.936327587710297,-4.918516578595104,-4.91680218985597,-4.917715539513252
2010-04-09,-2.7147050904567402,-4.894944326558675,-4.968656049848403,-4.668280628568105,-4.923260975187048,-4.878589615670632,-4.933338286606317,-4.609003458718243,-4.880223865078362,-4.871767533104627,-4.881260641097224,-4.893241760213096,-4.881750459539775,-4.88058220420512,-4.880889205135086
2010-04-12,-2.704308058303369,-4.9725520385503215,-5.042881514276783,-4.748229444433233,-5.015852341137031,-4.977451858887909,-4.9962744389420815,-4.696836916810541,-4.964919455120833,-4.969801105239191,-4.961598161423605,-4.971887353702984,-4.962130384914857,-4.961395701248097,-4.961367872434145
2010-04-13,-2.695118489684669,-4.874709199227371,-4.935058664409284,-4.638023854391776,-4.881599429860592,-4.866760188346046,-4.9122426274937805,-4.554957434524597,-4.786223343515529,-4.851192047676339,-4.858927908240824,-4.871776484448921,-4.859743453118778,-4.858027510997902,-4.858512197996981
2010-04-14,-2.6679300005523983,-5.005360303337387,-4.98188118268779,-4.766311628155971,-5.030149558730381,-5.017026682888311,-4.895535332086622,-4.671946478278738,-4.871813580251476,-5.024867820647766,-4.977604861374997,-5.001717533630467,-4.978077264781968,-4.976266772173205,-4.9770769506049675
2010-04-15,-2.6371054032068626,-5.027843800899308,-5.001436667703489,-4.756694953812504,-5.061235232614229,-5.027553386285399,-4.901195276341601,-4.645110719621096,-4.919956649769234,-5.018715963605995,-4.997222100651699,-5.022321821651756,-4.997944372732686,-4.995981778084322,-4.996672419828436
2010-04-16,-2.623680621135527,-4.295599799843113,-4.362496161581292,-3.955635591707426,-4.280477967110309,-4.285527331177121,-4.2668570650413375,-3.8559836441502693,-4.071592464991547,-4.273684298322848,-4.259574044006454,-4.289553015043129,-4.261352303923207,-4.256713095934263,-4.2589015980832645
2010-04-19,-2.591762917503892,-4.40620119185848,-4.502506049589517,-4.087743080422042,-4.350986919310411,-4.420134121329724,-4.423067796875334,-4.0163374723469225,-4.250865336482969,-4.4093459145798075,-4.381621314017272,-4.401176974148925,-4.382158555431525,-4.380084569297823,-4.381151140904159
2010-04-20,-2.5379345983432016,-4.5983566176863295,-4.633902039513427,-4.267184510236122,-4.6286993383469675,-4.610166873175726,-4.553819704281549,-4.161374322499663,-4.427619371585744,-4.619194395387565,-4.566377842196639,-4.5907616552695965,-4.5672823170174,-4.564462355497061,-4.565974589173114
2010-04-21,-2.4846774408505548,-4.429978814106649,-4.4842204866336655,-4.1089295047565875,-4.454521473551819,-4.448905725480373,-4.401486423803203,-4.011321775308928,-4.3136672650809285,-4.442355324493402,-4.401846954989275,-4.424891868853074,-4.403098616949739,-4.399537498976579,-4.401319980837419
2010-04-22,-2.471962497326049,-4.359910464903812,-4.34555350388011,-4.1054239291411,-4.349331967718686,-4.381116399406715,-4.254707049514936,-4.024275204532982,-4.211135857486258,-4.396126422543917,-4.33343774563855,-4.354357710458196,-4.334015895459926,-4.331982262519126,-4.332987402995035
2010-04-23,-2.440355522476532,-4.481363272153887,-4.4739175491586085,-4.217102803908855,-4.53888300135502,-4.487158870016504,-4.422794194132287,-4.15295426838293,-4.386484278215377,-4.492778772319281,-4.456963237584275,-4.475533545563692,-4.457212134894255,-4.4560718897929,-4.456667565087169
2010-04-26,-2.417698295522473,-4.57257024551835,-4.60971990851892,-4.29039561359007,-4.617787551583147,-4.574425521140979,-4.569677497228716,-4.217758837850885,-4.500784557921129,-4.5674123234172725,-4.5466437371403545,-4.564718378064068,-4.547207001110108,-4.545289203672166,-4.546319416440957
2010-04-27,-2.4251759070340806,-4.026685025394857,-4.131267213886922,-3.779196741968774,-4.099872605764488,-4.020856512699399,-4.156289024393296,-3.751825289529957,-4.034319058811603,-4.013547276018045,-4.013578114631294,-4.021269896177989,-4.013575120543234,-4.013418480855574,-4.013570841597952
2010-04-28,-2.4171354276049315,-4.011268243753918,-4.086855472042664,-3.7748031403652336,-4.108054098374768,-4.003119227037853,-4.111937726519064,-3.748316879645337,-4.0864193042619466,-3.9873114212185286,-3.998389908166968,-4.00609587838507,-3.998637407140474,-3.9984835464339907,-3.9983516672944717
2010-04-29,-2.397733789178876,-4.2554562867234,-4.2064125309151725,-4.0668184751054275,-4.419017199584356,-4.249946565904742,-4.136400154937108,-4.0374680910311405,-4.333833361269691,-4.241040560498074,-4.237442621639239,-4.2487115738013,-4.237786672555712,-4.236738717135969,-4.2370646210781855
2010-04-30,-2.3987747211521815,-3.961823366539089,-4.009587239367931,-3.7757718748494997,-4.085611387690857,-3.9680287402203067,-4.006519944948808,-3.7528971662281463,-4.067620044448199,-3.9567794090090285,-3.9482281397286,-3.956634108693812,-3.9484459376683376,-3.9472251364908226,-3.9480489839393975
2010-05-03,-2.3924241547436416,-4.115343871844058,-4.159357554990571,-3.9161703866441546,-4.222711704323711,-4.123483603918291,-4.1587635663518085,-3.8921032920287195,-4.16172772310709,-4.122289784845621,-4.101190546966867,-4.1101208061753365,-4.101207976418591,-4.101096851034302,-4.101026129194732
2010-05-04,-2.3915651495951993,-3.869208945147812,-3.945293099692017,-3.7240791478258557,-3.9532141717688942,-3.865173427082847,-3.977357333979951,-3.705030160959266,-3.9500069532964224,-3.8567950029441196,-3.8635864032401592,-3.867565312733365,-3.863400404785851,-3.8636472437752114,-3.8636499664344366
2010-05-05,-2.388832716439553,-3.857374378922292,-3.7696680781104948,-3.6059216000320977,-3.9383026282213676,-3.875063902956786,-3.696567800521999,-3.511944114195948,-3.7909133423077535,-3.887071731519918,-3.824058515941964,-3.849939578616056,-3.8247339471421378,-3.822388102241031,-3.8235515745419018
2010-05-06,-2.9414551444787724,-1.914125938520423,-1.950964386140753,-2.0789633113343013,-2.1218315126521032,-1.8879058675178404,-2.027492444925739,-2.1809690475466272,-2.4434447096118315,-1.8872637986620544,-1.953051332866454,-1.9189209334199888,-1.9518144913238251,-1.95628486488976,-1.9537474600788332
2010-05-07,-3.0555452939643892,-2.193897326534678,-2.232119251047197,-2.249120650860029,-2.315177365639312,-2.204733869890463,-2.2872417329059247,-2.2900342474593978,-2.475786794738876,-2.21370523233556,-2.2127820216203093,-2.1949337992498617,-2.212266618971061,-2.214670027394582,-2.2132027864071606
2010-05-10,-3.0854283703578296,-2.391628384027433,-2.6684913663633525,-2.414913859524481,-2.5225535524004896,-2.3851124507703805,-2.836993476507155,-2.5000848424271664,-2.7053949972744253,-2.367790364672267,-2.426610305316356,-2.39448729696806,-2.4259133047467856,-2.4296044915815607,-2.427445134919018
2010-05-11,-3.091594716058586,-2.504970450065444,-2.851119526617651,-2.488012820519576,-2.6028182887749414,-2.5083429829397734,-3.0542053432610334,-2.562183930041155,-2.790670927875482,-2.4999225529737035,-2.53976941331392,-2.510173656966319,-2.538888991667627,-2.543772026786119,-2.5406957991543475
2010-05-12,-3.090696875735121,-2.6286588382543408,-2.9737657260924233,-2.6048372864722507,-2.752466231662528,-2.6303770458200955,-3.1944171785242736,-2.6868312680161037,-2.9068922323949304,-2.628060003132899,-2.6626600272943746,-2.631905198664384,-2.6616600579129943,-2.6664673655918785,-2.663593134359909
2010-05-13,-3.0978758024324273,-3.1546761948347344,-3.3975257761666864,-3.2031625592784363,-3.2449502948106668,-3.163944524206966,-3.5659774399974125,-3.276309332748148,-3.3711772518289176,-3.166398381768771,-3.189081084676651,-3.1566688086395667,-3.1889865336444667,-3.192747609843462,-3.1899451185682217
2010-05-14,-3.129850298166638,-3.159489457891898,-3.3376354683751037,-3.249305029815876,-3.2831941343222986,-3.148283833482098,-3.4845079907159615,-3.313489166413965,-3.484814170163947,-3.138626688998934,-3.192517494837493,-3.161787076682725,-3.191652812382757,-3.1948600307782864,-3.1932104959613348
2010-05-17,-3.162865078086255,-3.13050103151284,-3.249298360636019,-3.1831141125525098,-3.20851346363621,-3.1409107506979046,-3.3430247655809398,-3.2383218244968406,-3.343517539585072,-3.141295047558647,-3.1524664759030947,-3.1330521150757398,-3.151803720119396,-3.1540789041366253,-3.1529296452710427
2010-05-18,-3.2154833629375146,-3.068883151850424,-3.2440083673810003,-3.1268333932074377,-3.1559908188815102,-3.0798515939332947,-3.3694844783406883,-3.1964741209928467,-3.291698051912461,-3.0762007308620003,-3.0965556860079,-3.0719102008776678,-3.095921722062796,-3.0986616651741987,-3.0971366116407597
2010-05-19,-3.272151381804383,-2.9476150370434597,-3.0289529646097884,-3.0172248431967303,-3.0673793687501756,-2.955829663884289,-3.1062846318315493,-3.0610806244559385,-3.17824006563256,-2.953053062227023,-2.9669566586693312,-2.951242871346319,-2.966386683694712,-2.968346544104314,-2.9673620516240216
2010-05-20,-3.363102303351884,-2.75032925335268,-2.8527572534983032,-2.8443300471885564,-2.8880429459798544,-2.7532793847188612,-2.9420940768991866,-2.904927041770789,-3.0301705027954644,-2.7503370049452607,-2.776422320364328,-2.7531349193670707,-2.7757592269350475,-2.778306625430425,-2.7769070324961866
2010-05-21,-3.4637623236983965,-2.657801008738783,-2.770385725542944,-2.7131715822522042,-2.7571895390869847,-2.6643839143134946,-2.8471521366810344,-2.771767119853487,-2.875990087888768,-2.6623008506743697,-2.677830684475338,-2.6602891130701183,-2.676971506904741,-2.679157240355427,-2.6782563561351553
2010-05-24,-3.4668500851858743,-2.9027419052081043,-3.139136087633618,-2.9525334633659823,-3.018778131184833,-2.8941831624483854,-3.2966890844666747,-3.0254967495659755,-3.1878728740812643,-2.8744325064503706,-2.934998218909249,-2.908845535358841,-2.9343337419295774,-2.9375052650548685,-2.935719404507204
2010-05-25,-3.5219075769970796,-2.7331797755101697,-2.891686795469503,-2.827020589991148,-2.8641041597741634,-2.72772384247248,-3.015694116735441,-2.908717480802994,-3.029758059735083,-2.717325029107276,-2.7662224147674963,-2.736569458686789,-2.7656483775575555,-2.76841290493314,-2.7668540861690696
2010-05-26,-3.577299636061485,-2.8036038579068547,-3.0392772034562943,-2.8851528155882895,-2.9219345805975925,-2.8025773499823017,-3.1954338675095624,-2.9791772959869887,-3.106178815212467,-2.790476899449425,-2.8377373545597173,-2.807630651992568,-2.837067935124677,-2.8404558147691583,-2.8384505931638495
2010-05-27,-3.5297372429506813,-3.0495484591576667,-3.3025069290470808,-3.1137096831748656,-3.1655033248443822,-3.037150036514795,-3.4846790389557176,-3.184331005731483,-3.2973634058446786,-3.00855385209595,-3.082734562073493,-3.053713496269633,-3.082142348532141,-3.0849861245972137,-3.083474125294099
2010-05-28,-3.543126403939611,-3.0261012974247725,-3.1762376662621303,-3.14054302992044,-3.179850656956729,-3.028797410573604,-3.30661796459055,-3.2112368326993295,-3.3476781797335025,-3.0183330424866326,-3.058948013543671,-3.032442846996648,-3.058252386658596,-3.0609589239215538,-3.0595665373239385
2010-06-01,-3.523497323200022,-2.9816154867846443,-3.2144167255405325,-3.0891518582703603,-3.1325554314533752,-2.980358813129821,-3.3942812017466806,-3.1972423188525814,-3.3548512871739464,-2.9535231985677175,-3.022421245842585,-2.986894086656283,-3.0217601339128097,-3.0255466485895344,-3.0231938114595183
2010-06-02,-3.5040502963781264,-3.228459730965743,-3.458289946631278,-3.3303469782881505,-3.3805477752985458,-3.2188601141963895,-3.6269347481083534,-3.41672055650336,-3.556315912737198,-3.1959964143901662,-3.2649604920572792,-3.2335886017553155,-3.2643324025884697,-3.267567187671993,-3.265713231546121
2010-06-03,-3.474230882324955,-3.2766632069447112,-3.4396555763574868,-3.3644786159770455,-3.4644865766953457,-3.284468926417234,-3.581770351219191,-3.427087560901404,-3.6034681519887775,-3.2792365337333242,-3.3088942124403182,-3.283657332080474,-3.3083082573891245,-3.3105470831017483,-3.309492608766418
2010-06-04,-3.491519842154208,-3.1646176952520064,-3.350547045656083,-3.317127111581147,-3.367154823272063,-3.1406129301354118,-3.525940053833409,-3.3894335750224314,-3.5825954424984845,-3.1156142947371372,-3.2042851072156595,-3.1692178222511265,-3.203818373464143,-3.206602571710549,-3.2051045574324277
2010-06-07,-3.51235410629429,-3.183855672064336,-3.336297576569042,-3.22825328886313,-3.345810100962943,-3.199519465422189,-3.4519155764954568,-3.3106505198322425,-3.5220391837164313,-3.195194730620888,-3.21215577286528,-3.1881529269273337,-3.211597826578777,-3.2143622285381603,-3.2127465780610613
2010-06-08,-3.599425396669664,-3.14451962484028,-3.2562150363104734,-3.154735749734588,-3.299276497793846,-3.1627660056087468,-3.346494984224597,-3.205951006643746,-3.4204049960777163,-3.158542460431528,-3.1637767421083263,-3.1456626457472217,-3.1631071484822333,-3.1653853818882833,-3.164164362008964
2010-06-09,-3.6352786973503215,-3.2500001973208623,-3.4238120064196016,-3.2215500815375204,-3.4244268110835447,-3.2707822701632314,-3.537187897232258,-3.264919568477126,-3.5376231185496616,-3.2656869839893607,-3.27062380301691,-3.2535729249528798,-3.26943215003764,-3.2725134791966557,-3.271098150801911
2010-06-10,-3.655510750568242,-3.3412825627972262,-3.4946105428524707,-3.3467428089768303,-3.4707819172403016,-3.3469126200785144,-3.603586322432997,-3.3891367287273084,-3.572880727978468,-3.333360546298292,-3.361708630990781,-3.3449308369854385,-3.361388233774981,-3.363400550407226,-3.3621571116204825
2010-06-11,-3.672884002637986,-3.347535481804101,-3.5671716664872988,-3.337909624963273,-3.4613003144632692,-3.3587043090488082,-3.712865803114205,-3.411076690763285,-3.6030767678317566,-3.3527524475915342,-3.374610184782078,-3.350916066861371,-3.37395250674236,-3.3768887772318457,-3.3752371609713077
2010-06-14,-3.6626615612833793,-3.436359427382836,-3.6246338756037626,-3.3857052035118937,-3.5517923310813626,-3.442005135439466,-3.7373410967657787,-3.423412859900289,-3.617721176446535,-3.425158692900674,-3.452700139505316,-3.4375813162605784,-3.4524983350015046,-3.45395546939919,-3.453088317797195
2010-06-15,-3.6330170792984755,-3.6786402799927775,-3.875966138413289,-3.6366673479201514,-3.7643420113680834,-3.6964534215746068,-3.991237172940817,-3.6885220176885385,-3.8672821062787057,-3.683124528404592,-3.6994792777584142,-3.683048954891392,-3.6989575307970055,-3.70112327320975,-3.699956235247069
2010-06-16,-3.6181151841304136,-3.741484891774425,-3.869680414618762,-3.6879924347438755,-3.8422078739727237,-3.7582242648321795,-3.950640166642681,-3.702046497957392,-3.8750972896347537,-3.758353653192248,-3.750464722929793,-3.742109280940421,-3.750394795225131,-3.751533650257919,-3.7507882542057773
2010-06-17,-3.6072058833897644,-3.686468104973215,-3.906673452842882,-3.6619786455859162,-3.7580313508030794,-3.6989143352272027,-4.058955874317054,-3.7224978593087013,-3.8682880671538116,-3.6856300951143934,-3.7096175766879553,-3.689272576979702,-3.7092411405485577,-3.7119801529207903,-3.710246310297328
2010-06-18,-3.559409559830338,-4.003040909153672,-4.112937879018493,-3.961795393137558,-4.0676283349996085,-4.013128637386393,-4.183807163253614,-3.975004685534355,-4.109682813293913,-4.010772374884251,-4.014300562782321,-4.0036614715060015,-4.013645713939448,-4.0154613512935775,-4.014550657368683
2010-06-21,-3.553047470471422,-3.86259027773647,-4.012496325599591,-3.8623498086621004,-3.94996536344198,-3.866812664743906,-4.1170223987126,-3.9142488764766155,-4.072948988491388,-3.8592879966294786,-3.8834910361700303,-3.862890764075907,-3.8831230003902575,-3.885897647684947,-3.884022139429693
2010-06-22,-3.5410287244454555,-3.75226661198574,-3.8716748329520696,-3.7422335206182233,-3.8450261469103206,-3.7680193350270756,-3.9658791958773167,-3.7863888649774102,-3.949962684266299,-3.769263450927859,-3.769377515196801,-3.753438889877186,-3.7688800732261223,-3.770934957878623,-3.7697822693442133
2010-06-23,-3.5726891757755332,-3.643638444340232,-3.7332035445887084,-3.587677426469689,-3.7128180080918733,-3.6504179602549254,-3.7819705811709925,-3.626722436812158,-3.7844275037086583,-3.635104585508768,-3.6529299690438015,-3.643537788150104,-3.6523145153871495,-3.6543164736614764,-3.65322459088603
2010-06-24,-3.60118311689352,-3.601607891293137,-3.6861195217067566,-3.539104817553725,-3.668935912646065,-3.6021244968159203,-3.7422325317655822,-3.565800434661434,-3.73496155679915,-3.5883407866434536,-3.6097856238051502,-3.601246658251614,-3.609820552875589,-3.61099941626517,-3.61006912723494
2010-06-25,-3.631477621699484,-3.5293569752280205,-3.6404782434415637,-3.493403256010788,-3.6179990567943214,-3.529238432810305,-3.7056546831685293,-3.5275176610402865,-3.6920229135599776,-3.515599531156847,-3.5410089291437794,-3.529631489701255,-3.540728072900991,-3.542257589342221,-3.5413274290739536
2010-06-28,-3.611028242463918,-3.681634439317049,-3.8139346792081317,-3.6178453414833562,-3.7493428520226764,-3.6882821219971706,-3.885314387722135,-3.655047327093046,-3.831782579677144,-3.678516745863892,-3.692362343647671,-3.681986464218173,-3.692096085043143,-3.6935667270154995,-3.692660157198443
2010-06-29,-3.6551015217916345,-3.3596461885493523,-3.5091074784383656,-3.333027689553201,-3.4429154698198237,-3.365366336539101,-3.6120424372862505,-3.3867947721674625,-3.5916622072742386,-3.353762537649445,-3.3790726038012937,-3.3601146709134304,-3.378547956543392,-3.381068644170916,-3.3795996969480155
2010-06-30,-3.6960821125059766,-3.463110261622917,-3.6256925503895348,-3.4038082062614317,-3.5535844016897786,-3.4737921143716877,-3.727479998560668,-3.4591279058571067,-3.6510139283797347,-3.4637340883009995,-3.480831125831091,-3.463525824328003,-3.4798038844428807,-3.482903273411127,-3.4812814173353375
2010-07-01,-3.787978045062489,-3.2856061318080023,-3.3112684808367017,-3.1769008746591196,-3.3691879546779524,-3.314705763363142,-3.3172432991197187,-3.1873097347705692,-3.3999783867202837,-3.3195231595718773,-3.2841094117298715,-3.284496494285017,-3.283932129543331,-3.2846716835274554,-3.28420218972267
2010-07-02,-3.8334031544015934,-3.393644964103723,-3.5155890082963643,-3.2996456525197413,-3.4805217377039472,-3.4043751892271827,-3.5739800110341577,-3.323500087007489,-3.550075318699589,-3.4005379575983916,-3.401410979560381,-3.3941388254126883,-3.400924789806129,-3.402391459574013,-3.401634454573155
2010-07-06,-3.9106414618998153,-3.2953050847289247,-3.4552365462467787,-3.221891358905622,-3.355211338136599,-3.2981988096277512,-3.5373459637652274,-3.2798836282650723,-3.4635061824439,-3.2838812483497484,-3.3103822403939,-3.2971865644802283,-3.3099210356404125,-3.311770760228978,-3.3107209710436587
2010-07-07,-3.9190071942811837,-3.480639626876386,-3.5991299896060185,-3.364135058458901,-3.510784839264279,-3.490752596928196,-3.6480073291339745,-3.403784774992256,-3.580209890302263,-3.4856441977850836,-3.4866346221529585,-3.4805177039672923,-3.486244681240024,-3.487693329629639,-3.4868679974236283
2010-07-08,-3.9536298590126804,-3.534604803100231,-3.6433749276519976,-3.4448213401863295,-3.5355274157449865,-3.564040609298841,-3.689665048899987,-3.4779535337852767,-3.5610540465582794,-3.567479124235867,-3.541987211561365,-3.5347964175449214,-3.5417833836671364,-3.5425465019053792,-3.5421908360111924
2010-07-09,-3.919377150450738,-3.781421260893605,-3.9408111642696495,-3.64154699057017,-3.8422168139535984,-3.7917722929060784,-3.998030277564847,-3.663544718864766,-3.873635200379045,-3.7766746866742698,-3.786626241470986,-3.780853765491321,-3.7865103946965855,-3.7874445695452224,-3.786819018433209
2010-07-12,-3.932420005751423,-3.748922628803269,-3.9074187744006412,-3.632765685313619,-3.7792804253983623,-3.7657873732495357,-3.978381191452159,-3.6660494574028606,-3.8205790932606627,-3.7535907694477415,-3.754550368913543,-3.749132148668223,-3.754337176757872,-3.7552318803011424,-3.754787347077668
2010-07-13,-3.92999180847026,-3.908444846908115,-4.018401400919662,-3.8442532218821834,-3.981590448005156,-3.9223280585804674,-4.083689162613539,-3.8650447791844926,-4.072540756906034,-3.926482723351774,-3.9187932665639145,-3.9081089351941216,-3.9184659401863406,-3.9200192847490705,-3.9190541141111064
2010-07-14,-3.944176315249751,-3.8953373156337263,-4.052419957534716,-3.786176246008985,-4.0089264895308725,-3.9115117373641253,-4.119652110948985,-3.814840428532867,-4.090675378968275,-3.896487381156648,-3.904419971902587,-3.895466422732919,-3.904222536530092,-3.90586356350988,-3.9047271513801363
2010-07-15,-3.976797576370239,-3.7846783441409992,-3.9084069625192632,-3.6477263713716535,-3.863215891028528,-3.7861381776737706,-3.9520324024227502,-3.6641802135538355,-3.849440016716057,-3.7637912851656274,-3.784828261744745,-3.783583121845457,-3.784724217587058,-3.78483465774723,-3.7849091578513727
2010-07-16,-4.026068517202084,-3.6899272490200974,-3.8756232792795147,-3.6080801799329443,-3.749804914049198,-3.667388334404259,-3.976219990994812,-3.64519421844108,-3.85357336391442,-3.6397947675116424,-3.7047481682843455,-3.692139519649279,-3.7045361345897385,-3.706257104502401,-3.7051081853202397
2010-07-19,-4.0494158018433835,-3.724186170864888,-3.908689714716538,-3.5844985205300506,-3.7742093312421203,-3.753001391975465,-3.976661184868686,-3.6120399268334364,-3.7984249238331085,-3.7433877208786925,-3.7309481440737806,-3.725208719575089,-3.730645988787829,-3.7319730246234903,-3.731215932433553
2010-07-20,-4.044265406374716,-3.644241374852791,-3.750767900716168,-3.5336116853089283,-3.710071765712945,-3.664031855529444,-3.791002397362228,-3.5559892535667332,-3.7532310396613435,-3.6598288614644474,-3.648961203629257,-3.6437280855017287,-3.649189804938272,-3.6498835770549127,-3.649160133109137
2010-07-21,-4.105021314077857,-3.5177560883299974,-3.6624265987079467,-3.404116789707992,-3.6040400915411333,-3.5350792252680687,-3.7122032765529194,-3.4494296075165702,-3.673490208653313,-3.5201907872717277,-3.527972764873832,-3.5177941343543937,-3.527791893531524,-3.52888240788453,-3.5281795366701583
2010-07-22,-4.117452234063734,-3.650640781848967,-3.7521168879376914,-3.5770885443563603,-3.7034419488683605,-3.653960692288942,-3.8037274907571312,-3.6070467228698297,-3.760468011650706,-3.642917239463781,-3.65976941659838,-3.652317194885131,-3.66011987072656,-3.660384407811699,-3.659964012186821
2010-07-23,-4.126150128643486,-3.553055890630243,-3.715026571056756,-3.4826483314457444,-3.644023771092116,-3.557044184975485,-3.803957475923062,-3.5398795108535457,-3.705893105568042,-3.538358288413982,-3.5678290830303383,-3.555212319539394,-3.567488344427492,-3.569189986473685,-3.5682471524034325
2010-07-26,-4.0858772938383625,-3.7895902551016576,-3.937129684384108,-3.6750733264254514,-3.8399876639664154,-3.8011566253850457,-3.9991330793419064,-3.712129109261164,-3.9021829445679814,-3.7806094892485977,-3.7998377210771888,-3.790405862793371,-3.7996334093748327,-3.8008767243062183,-3.8001388006760015
2010-07-27,-4.060405161835445,-3.787842440130908,-3.8507346017640276,-3.6769670427290753,-3.8794630581665994,-3.7864486208599093,-3.8729197585466073,-3.677583563198701,-3.8586364697845457,-3.77622721185067,-3.786472756275646,-3.7872176545309104,-3.7866600359273703,-3.7868913474684924,-3.7865929756838645
2010-07-28,-3.990260655071498,-3.853291990676441,-3.986995490660055,-3.746729842405833,-3.987921941126357,-3.8348548623879806,-4.066469717300711,-3.780292932366958,-4.0437392417643325,-3.806306228972273,-3.862304460195333,-3.853675455397285,-3.862368896461258,-3.863713341112753,-3.8626116411433014
2010-07-29,-4.033251059107895,-3.687933050507964,-3.8087941962859038,-3.634480201624235,-3.832403491440088,-3.683470752574334,-3.889303994907434,-3.6935024530093474,-3.9362042296388755,-3.669217111224236,-3.70385381097962,-3.68967313003338,-3.7035730399676345,-3.7050661273378287,-3.704215839752562
2010-07-30,-4.016651707087028,-3.7165955144422234,-3.856824539298468,-3.6858679764694724,-3.8076171942894246,-3.7121730847229637,-3.9551783356838146,-3.7593306501617114,-3.956196305055063,-3.694222196456702,-3.735904862744437,-3.718790049823383,-3.7352678907699226,-3.7374780631537554,-3.736348961706492
2010-08-02,-3.9871379882688136,-3.9448070137434974,-4.0402409471594485,-3.902097048101809,-4.016679543536541,-3.941247462235599,-4.1134355597944605,-3.955706181710224,-4.123541964305302,-3.919913881879488,-3.959896357855504,-3.9462871252752647,-3.959422042336272,-3.9604894248316276,-3.960195169096077
2010-08-03,-3.9901062920439805,-3.9660378868869706,-4.06856698208369,-3.8757464680435643,-4.01740678315105,-3.9518104003333887,-4.133756259194937,-3.907489487867784,-4.055785229589271,-3.936649827695465,-3.9754080721852008,-3.966314502517494,-3.9755828819868633,-3.9756636616163172,-3.975626093624701
2010-08-04,-3.9915035687540334,-3.97283314995767,-4.109433672075075,-3.922116835886723,-4.060643018740162,-3.9697163306229784,-4.210747233541756,-3.9744081607635633,-4.150383805269822,-3.9604767521518123,-3.990422053885592,-3.9757608095215016,-3.99005761108147,-3.9912881211462365,-3.990767235145739
2010-08-05,-3.9760094846539733,-4.185117827591562,-4.247040980240459,-4.102109129165096,-4.266305848690077,-4.19541164462582,-4.255153085529322,-4.14103497513229,-4.284530581506362,-4.183559721799403,-4.189748550027614,-4.186396601218604,-4.191583044402719,-4.190037510112808,-4.189889355053591
2010-08-06,-3.9998056745151658,-4.039038138576654,-4.168071378063805,-3.9835192033017917,-4.1204552412338975,-4.031145689883907,-4.2390574199973035,-4.058309310865753,-4.229629298693972,-4.018867910590365,-4.056521572265415,-4.041502995145059,-4.056079745286344,-4.057896624970118,-4.056885002372674
2010-08-09,-3.9862881152050273,-4.323788812959037,-4.466713258942464,-4.197021412409404,-4.385631480691817,-4.319479083630991,-4.518958093781974,-4.216869142052175,-4.431753202956509,-4.311712562203734,-4.3320660118084815,-4.325655652088232,-4.331806872668065,-4.332754116544474,-4.332255395655878
2010-08-10,-4.037373368821923,-3.915672828069317,-4.144076753280981,-3.848846768086198,-4.044401042337276,-3.9030678511726076,-4.2803937055730366,-3.913839233715911,-4.19864070685804,-3.8855204514817,-3.942434789342718,-3.9213921330162345,-3.941733439575809,-3.9443154230180593,-3.942924415547161
2010-08-11,-4.049630515563017,-4.074628876114475,-4.19901912435525,-3.96901678448586,-4.156212295519785,-4.073637485993301,-4.256082632771214,-3.9937456722140356,-4.21461397540116,-4.049755563431124,-4.081547160013891,-4.075356368406624,-4.081821780977858,-4.082185364218213,-4.081709265157559
2010-08-12,-4.064791532843721,-3.999220701183426,-4.0689176803938745,-3.9501118841108322,-4.10469727038279,-4.002322217700514,-4.113235539134649,-3.9733330094513875,-4.1785333320442595,-4.005189062023489,-4.0095430518054025,-4.000649640247943,-4.009362237445241,-4.0105458041890385,-4.009736203985009
2010-08-13,-4.070316675837369,-4.106193401456271,-4.247546699124176,-3.9862140494723493,-4.142220686292333,-4.099495771341376,-4.313151095499711,-4.0169027289836094,-4.177266260324325,-4.092497231138727,-4.114772245836738,-4.106361090905656,-4.114505022728841,-4.115648551350299,-4.114997590548114
2010-08-16,-4.074763185584119,-4.062538704569086,-4.222359206611089,-3.9696469920684865,-4.097318629972839,-4.0653891527969135,-4.303654513190875,-4.02266173765106,-4.155508691753433,-4.059483686911911,-4.077296069656322,-4.064498373562332,-4.07685104716359,-4.078359926611548,-4.077646461118216
2010-08-17,-4.077269785442611,-4.224692520267782,-4.317615822956724,-4.126654117497577,-4.233815631145492,-4.233173317668501,-4.353905342839636,-4.151917920644198,-4.277864381950222,-4.224654865119299,-4.23103944504768,-4.224667074811427,-4.230864353314435,-4.231497061020784,-4.231240505372214
2010-08-18,-4.094032883739895,-4.144869107499661,-4.269734282865466,-4.032221811223492,-4.198893586849652,-4.123097642359556,-4.328622143700611,-4.063528664559582,-4.286581256322443,-4.115476297734985,-4.152336741587617,-4.144772724329367,-4.152095671125726,-4.15343336747142,-4.15262929311567
2010-08-19,-4.132392358871251,-3.911528302391296,-4.005191503616873,-3.8598393752995896,-4.003244591743859,-3.8945856234419605,-4.079470538778092,-3.9055958669591178,-4.142782359189237,-3.866803318299759,-3.925440874009432,-3.913016899025775,-3.924922014477046,-3.9264212012348674,-3.925787829851086
2010-08-20,-4.1280392254710065,-4.069066254583303,-4.218088244817863,-3.9662295806838617,-4.113996710806861,-4.0653603624598205,-4.273040138320656,-3.999393838723704,-4.194032577392394,-4.0532199205580675,-4.080135202951914,-4.070521398903289,-4.079905306038829,-4.080515367137,-4.080339319712177
2010-08-23,-4.13990089892392,-4.023299789942945,-4.206806545863811,-3.9350459663062423,-4.102426475624821,-4.032037494044949,-4.294295426332009,-3.9985453794338714,-4.249165882327585,-4.037872415792544,-4.045654167246277,-4.0267697849901545,-4.044725520701748,-4.047130504051291,-4.04610777964899
2010-08-24,-4.1906742999102375,-3.831573971462474,-4.015895959055513,-3.719396657853647,-3.9076460078527226,-3.8378349737829334,-4.127639164620773,-3.7819642789782693,-4.0348372707423055,-3.8308455756508986,-3.852208551233693,-3.834837728113878,-3.851344595600128,-3.854052793902849,-3.8526729722315536
2010-08-25,-4.245684247999692,-3.790024017433304,-3.9960380702919016,-3.6829045657905017,-3.8988201137513836,-3.7898122616177745,-4.112805131451886,-3.746831699090531,-4.040763172094171,-3.77454215417649,-3.810081935998496,-3.792791218331159,-3.809578472395088,-3.81165538620151,-3.810569362237823
2010-08-26,-4.261298250658442,-3.816699272526745,-3.9751053545885813,-3.6975748136065407,-3.9298546142186193,-3.8035847350499465,-4.070914590662698,-3.7485030530896797,-4.0515514733085025,-3.7764260909708103,-3.832219795720898,-3.81812959327452,-3.8316170871475577,-3.833544900169863,-3.832605329493823
2010-08-27,-4.355978475990897,-3.594727974437159,-3.7978611441680767,-3.528442915550909,-3.7396875551816593,-3.627289901552004,-3.9274603665854917,-3.6162669371558294,-3.9225072050707293,-3.621535504616104,-3.6224453554558864,-3.5997694821079165,-3.6219055607045263,-3.6245596479055537,-3.623019642248697
2010-08-30,-4.303695106171496,-3.877947535504931,-4.050004787628649,-3.751346270417969,-3.955406989822583,-3.886569153205406,-4.13097456323355,-3.8050171350845483,-4.087352195118193,-3.878177414353856,-3.8931322443811847,-3.879619144759784,-3.892814139060121,-3.8944508859612395,-3.8934702511763986
2010-08-31,-4.362613248706763,-3.640941143489562,-3.7639426336872353,-3.5147462848710496,-3.7222390113077917,-3.637927848862946,-3.8222651443570776,-3.546659530989655,-3.7663010546841917,-3.6196220115936555,-3.648525117174453,-3.640917242821925,-3.648319073614962,-3.649021144655971,-3.6487033178091743
2010-09-01,-4.388110728523444,-3.740123939110109,-3.886679928963391,-3.674463939289868,-3.841218784294373,-3.7465437359659197,-3.9722179298032203,-3.7303883360942582,-3.980894648630617,-3.737022309149942,-3.759332666834871,-3.744479897043068,-3.758846648419744,-3.7602095191169633,-3.7597187390634517
2010-09-02,-4.395670054260792,-3.948236110749205,-4.128692968620141,-3.8259058289661927,-4.039984170538631,-3.9651573399674063,-4.214459203976181,-3.8826320599823334,-4.137903861564932,-3.945676415737768,-3.9668363840281216,-3.953114827746441,-3.9667958968699817,-3.968043570070889,-3.9672548020539824
2010-09-03,-4.406444402444139,-4.024433105628224,-4.195015419319892,-3.8951152062772985,-4.090322393966255,-4.039656452432134,-4.27303198403083,-3.935429324770286,-4.185923705761641,-4.030236011945439,-4.036906410808583,-4.027355169442762,-4.036713921047193,-4.037649378479346,-4.037239424801554
2010-09-07,-4.408904698508295,-3.973661574765737,-4.175151603748283,-3.8658973371199212,-4.1081444838883225,-3.9945625734824146,-4.273832415157517,-3.94382672420495,-4.225797549168667,-3.9979249552367446,-3.9956717548470313,-3.980268782611717,-3.995584750436049,-3.9971057822395935,-3.9961316508816407
2010-09-08,-4.4137351732015375,-4.162184198407578,-4.291662195332406,-4.010319610790658,-4.205188002447382,-4.168717648284654,-4.322904424551562,-4.018793789239524,-4.221714960078147,-4.160070558670023,-4.165295120780158,-4.16337333012782,-4.165294374089668,-4.165059533421676,-4.165396999302031
2010-09-09,-4.436552690301121,-4.192401400568529,-4.339129668302626,-4.046245247410908,-4.219216513237272,-4.2118477253452555,-4.386172849606181,-4.077088772870423,-4.210688033108229,-4.201720136333861,-4.197267711281418,-4.193273058504542,-4.196637944151729,-4.19708483739321,-4.197354255831051
2010-09-10,-4.41081807928148,-4.352978582311146,-4.500419081586072,-4.25998275115396,-4.485765379885899,-4.358881685646099,-4.573049684917064,-4.292388927300466,-4.547489156387091,-4.335789587191367,-4.3655820734268085,-4.356926960664257,-4.365384616201618,-4.366314716968614,-4.365891900454667
2010-09-13,-4.4126875729807855,-4.339477858571877,-4.446118217315745,-4.213959691398734,-4.405031299830049,-4.3439794557404685,-4.462758191297513,-4.222094828329555,-4.459395149815896,-4.324148037184389,-4.341977365288563,-4.339658254607548,-4.342155010840686,-4.342235626708975,-4.342060141192796
2010-09-14,-4.406854073262463,-4.34038935862835,-4.402514703785034,-4.195423351244294,-4.398244659657624,-4.3550504333841795,-4.388004287547683,-4.175370541945552,-4.422049543929885,-4.358043787772209,-4.337928891820007,-4.340626902554599,-4.3386654717956565,-4.337837805531057,-4.33790035937448
2010-09-15,-4.373523899564597,-4.356316176373092,-4.451649750597313,-4.229919894509232,-4.442605078792079,-4.36791229735491,-4.475128786957425,-4.2335478453423265,-4.481127458115554,-4.360320063869788,-4.36146152741899,-4.3578747287079445,-4.3614124887015455,-4.361562226298663,-4.36144217037625
2010-09-16,-4.387588340459366,-4.3312336283289525,-4.543800333628342,-4.238925166690294,-4.484921392455848,-4.3359839983029875,-4.649934987107361,-4.301876005100031,-4.626543053101446,-4.328385251131253,-4.355547352367752,-4.336715779672371,-4.354955175597395,-4.356994531365694,-4.355997313710225
2010-09-17,-4.3319953212546345,-4.36761994801484,-4.4437963287179,-4.229740570054965,-4.4503070870692,-4.369584517342273,-4.4534209847003385,-4.230182803635697,-4.485339234221599,-4.36442565805713,-4.368189649273787,-4.367636441703389,-4.368059869543654,-4.368277173930151,-4.368174063811505
2010-09-20,-4.297761476484636,-4.40142679254174,-4.495845992425061,-4.241404925722388,-4.475680980080837,-4.421274233771463,-4.501448352115184,-4.239322417886649,-4.490405466434487,-4.413403179155407,-4.400413753387412,-4.401645338478622,-4.400103277004655,-4.400557853295221,-4.400439423793733
2010-09-21,-4.280722310001561,-4.215084961889469,-4.347301641301176,-4.091888866265108,-4.243057687473829,-4.209589014327914,-4.3979517224918325,-4.109142245585238,-4.275639833477238,-4.198538461911925,-4.221138917258239,-4.216564966020405,-4.221554311486028,-4.221351458613962,-4.221293876239691
2010-09-22,-4.305565878607651,-4.171385383654711,-4.298515984636693,-4.036341527062739,-4.226096548457782,-4.191486109891553,-4.331189578291799,-4.054711076219199,-4.2738535670237665,-4.184911292090223,-4.177266542999679,-4.171961068598701,-4.177099426921258,-4.177513799194845,-4.1774294027242505
2010-09-23,-4.312836668268529,-4.220320164655983,-4.306111220740094,-4.087962154013403,-4.284036242965133,-4.241904710829224,-4.3338287254751835,-4.089550249391385,-4.320396763560263,-4.245769890553212,-4.224556905022252,-4.220652988426144,-4.224296276262393,-4.224856976981039,-4.224693561954348
2010-09-24,-4.317368310090166,-4.2325405688834845,-4.4465798834602905,-4.089254433469156,-4.2760919798594985,-4.234563635751766,-4.528418478895959,-4.12018730714068,-4.328242175465596,-4.216367299194145,-4.244755641617275,-4.234963325083236,-4.244450872107279,-4.24490141841096,-4.24494916858852
2010-09-27,-4.311437450426364,-4.281434288012783,-4.45173939378854,-4.1479345638535925,-4.34592049631678,-4.301107184251599,-4.505037666029716,-4.163236626102982,-4.378543390925283,-4.3012853878669395,-4.291055426869515,-4.284821502374161,-4.290998625524622,-4.291290948479604,-4.291151745558095
2010-09-28,-4.331464726735304,-4.096110862369104,-4.260158006144656,-4.004301273326503,-4.131751299324384,-4.107417702547677,-4.335617634819514,-4.045192174517126,-4.203513348488978,-4.096994601208688,-4.108095796184931,-4.098805530791665,-4.107742136318599,-4.108863497689439,-4.108336149058708
2010-09-29,-4.36067551710984,-4.169168876366934,-4.32219985291816,-4.041532208628452,-4.245295994224853,-4.175223777908523,-4.359978832538096,-4.069110766070704,-4.275694249947814,-4.1624578301737785,-4.177838519163086,-4.171060330279334,-4.177878563134093,-4.178291567996798,-4.178038089297682
2010-09-30,-4.405274921736649,-3.962441029259239,-4.126887179139746,-3.8462562033397942,-4.012658676773256,-3.9747447569081498,-4.191575834193643,-3.8872321599355923,-4.066331823847191,-3.9622354775978597,-3.975241616306157,-3.9654211464428624,-3.974946749132872,-3.9753098845452444,-3.975485457894628
2010-10-01,-4.461151849122086,-4.035593077017422,-4.228750360132719,-3.919910837062382,-4.068775393458576,-4.037439099783218,-4.315100583109601,-3.959531284159635,-4.130107581963509,-4.023416721091814,-4.051530394750277,-4.0390534173147525,-4.050917149941218,-4.051778505561675,-4.051792067720797
2010-10-04,-4.398617385657451,-4.053394099882835,-4.2644211578797755,-3.9422696145252547,-4.088458730563394,-4.0687952150397715,-4.35812529901977,-4.00195591731997,-4.191233503779896,-4.06170784807562,-4.074847399415916,-4.058440449922319,-4.074819397745957,-4.075818709399589,-4.075129368324127
2010-10-05,-4.404526321659881,-4.240129027640087,-4.357855917258528,-4.070710688408429,-4.223383044626426,-4.2490377187745505,-4.344817015572782,-4.065269437823344,-4.186018883781086,-4.238060311667557,-4.233694447063632,-4.239564898560585,-4.234056891558736,-4.232113499796828,-4.233449235283656
2010-10-06,-4.405561645199518,-4.253152791218343,-4.426836409033902,-4.161103194004375,-4.27101904625272,-4.295794819280292,-4.490094477659099,-4.186642540019467,-4.29261518149812,-4.296324200901339,-4.2647111946160665,-4.255982608232568,-4.264601858345484,-4.265313266801131,-4.264957509160329
2010-10-07,-4.432235518631491,-4.237395866518558,-4.407179134027415,-4.15150808027617,-4.267187768045424,-4.26894942507267,-4.47815420433807,-4.2034733101521145,-4.322696683552945,-4.266824765288267,-4.254625381739107,-4.240129664634536,-4.254580971968499,-4.25552349297416,-4.254879637856114
2010-10-08,-4.419309736428463,-4.384947695576725,-4.454889670690098,-4.278455944713192,-4.401873113343659,-4.4258969081078385,-4.471774288657781,-4.29369140647564,-4.412066156996888,-4.419066898552489,-4.388071190801459,-4.385732793907287,-4.388059975768928,-4.388310682993933,-4.388157255278147
2010-10-11,-4.3939336983341395,-4.560596631921888,-4.683515844554985,-4.407988244714025,-4.575940283338091,-4.600114533541951,-4.700429735848884,-4.409514401830299,-4.51145496523003,-4.602076462025229,-4.561786189116047,-4.560082088933114,-4.561822356402795,-4.562060171741767,-4.561886891663302
2010-10-12,-4.402890098550051,-4.330230077568857,-4.457046326418093,-4.234636391637653,-4.429235688575196,-4.348405605225971,-4.510814864325998,-4.272957623292986,-4.465317127925438,-4.328754499492835,-4.340840244213349,-4.332020821019439,-4.34066098508237,-4.341316196759147,-4.341012127956964
2010-10-13,-4.365289190990273,-4.463429847171172,-4.5214714079026255,-4.3046076130875015,-4.427025152386711,-4.48511165131287,-4.497340737425982,-4.28375067201371,-4.348392708569191,-4.474395500492082,-4.454403751875648,-4.462890965630155,-4.45441085643672,-4.453297878592501,-4.454211801364468
2010-10-14,-4.370293869237343,-4.3965354064737365,-4.465246855370056,-4.194694001024245,-4.3170627106770905,-4.412797259637029,-4.411226363388831,-4.139994159558337,-4.193738052036206,-4.400913822939087,-4.379951300300395,-4.396245314060613,-4.3804666615251975,-4.378257367708327,-4.3796246835913
2010-10-15,-4.368584997063646,-4.213117000962922,-4.368011019681034,-4.0331788466310625,-4.205606286605261,-4.224353116973497,-4.3998084972299365,-4.031087023901329,-4.151998854302616,-4.226109953074722,-4.216098846666793,-4.214267594677718,-4.216198458870188,-4.215824512563315,-4.2160785325093
2010-10-18,-4.355579316341852,-4.411584510886298,-4.543429259203285,-4.222811630195203,-4.364100994290454,-4.420260832617782,-4.552826016426199,-4.2008618666844155,-4.289068227821917,-4.415561047287026,-4.4077365419727785,-4.412056467060722,-4.407809914828586,-4.407328585133669,-4.407669571309349
2010-10-19,-4.421244314631518,-4.071059728085645,-4.1544860933658185,-3.9494863452992535,-4.0382471732414915,-4.082699036089516,-4.147025357207555,-3.935313120986077,-3.986658665414143,-4.0763425554846675,-4.070293316190662,-4.071052307163218,-4.071002882049777,-4.0695886434148285,-4.070260252356442
2010-10-20,-4.463949330411024,-4.077542551305652,-4.203052905483239,-3.9297683895300772,-4.101982137926138,-4.085205660549335,-4.222470415295187,-3.9295267967197347,-4.0797077752534605,-4.082464608820004,-4.082711413345388,-4.07993615463787,-4.083032284804245,-4.082516463439917,-4.082757261468609
2010-10-21,-4.4953993250443745,-3.999244177959313,-4.093625854254221,-3.8768130192559083,-4.050568017029291,-4.011805101921723,-4.107153860639594,-3.8944473097873087,-4.0487920917830404,-4.013598837501961,-4.002827915817509,-3.999313873797445,-4.002725992050111,-4.002566295776605,-4.002898966133337
2010-10-22,-4.479378389158896,-4.247549319272667,-4.428157754409747,-4.123712183162835,-4.286636203437459,-4.2598658575041695,-4.491301344772665,-4.151495651264547,-4.357000233455907,-4.2518546156779085,-4.260820513728175,-4.249406912690237,-4.260953488306394,-4.260896314254724,-4.260989723009615
2010-10-25,-4.495043845508564,-4.191771349304629,-4.400318607209021,-4.048562793225579,-4.219174941544909,-4.199273820840751,-4.4883644854564135,-4.080202797533584,-4.278004478717993,-4.190458572119943,-4.208684617560275,-4.197105235555176,-4.208099481915212,-4.209038248815424,-4.208965138701345
2010-10-26,-4.506952970244477,-4.266895802825227,-4.349951307126991,-4.15698954284373,-4.304412657534691,-4.28404818339146,-4.371473211811571,-4.183756102745819,-4.377392432285026,-4.2697640087184885,-4.272192744108459,-4.267562562890448,-4.272462499893729,-4.2725891002136684,-4.272453423904988
2010-10-27,-4.470478325971232,-4.286056262607247,-4.378487727830097,-4.171003255762272,-4.330350295447672,-4.28063049609748,-4.428513915339425,-4.182134998783303,-4.345756157593185,-4.2763314315496,-4.290373621313823,-4.286185095239146,-4.2903626109637205,-4.290615138790536,-4.290483136632922
2010-10-28,-4.464674896995956,-4.280802852313545,-4.379478223409119,-4.175013649141452,-4.447917533735149,-4.276132072514761,-4.447174171782726,-4.201477752019885,-4.428412649240644,-4.26587669353591,-4.290636695142593,-4.283600194416071,-4.290430682269257,-4.29106522968096,-4.290810023812961
2010-10-29,-4.461588516017408,-4.430506818800123,-4.497683829196737,-4.318363039191056,-4.548896133775632,-4.419650212491092,-4.520671884926333,-4.329109624339895,-4.597833100996091,-4.4173614378109205,-4.433256383062892,-4.431090584501224,-4.433238603708862,-4.433708363037155,-4.43339076232838
2010-11-01,-4.49624312294166,-4.2464111741669885,-4.4211006427250785,-4.137301132625259,-4.279449275472403,-4.230040241515825,-4.492920570379103,-4.1680549074453435,-4.384641185062814,-4.219377655991732,-4.261928205507881,-4.252952058396399,-4.261711051291978,-4.2623868520452435,-4.262081312858093
2010-11-02,-4.483940897742772,-4.616384940125428,-4.572055402199105,-4.4834863379955125,-4.683191227483814,-4.62534133427586,-4.499933377208708,-4.450700657080546,-4.616762144372343,-4.624409204910721,-4.603383626212938,-4.614325253464324,-4.603459845818478,-4.60289670624468,-4.603213161626693
2010-11-03,-4.601375291547582,-4.007935156654917,-4.252793594247926,-3.9190088597308006,-4.084791788639076,-3.997106160340847,-4.382741071369452,-3.9890469663452603,-4.252023048723262,-3.9946955890042757,-4.036973763373539,-4.020014822201005,-4.036670834132084,-4.038200968241865,-4.0374631308430065
2010-11-04,-4.57811354723588,-4.379751503274216,-4.3851324914109275,-4.247614595281833,-4.324655308570811,-4.3950769931345635,-4.330289620756345,-4.193023262880718,-4.250567315120599,-4.39631263987597,-4.365698749851728,-4.378590222090109,-4.366204402317196,-4.364190359079462,-4.365418054503765
2010-11-05,-4.578991279641883,-4.312233062780527,-4.361947990992761,-4.094677584938744,-4.217044414570336,-4.312353333900184,-4.257810873427045,-4.012203939898969,-4.0858496339560215,-4.316473839089191,-4.290791501434143,-4.31096248200464,-4.291539370490139,-4.288357585355175,-4.290267552890884
2010-11-08,-4.579718258390501,-4.431345526810052,-4.523817746040511,-4.2826255907503805,-4.404474899755111,-4.437020772434398,-4.515461643710619,-4.261056211611176,-4.370264179146797,-4.441107768337912,-4.429661573436627,-4.431883765396826,-4.429863797054877,-4.4290814330396575,-4.429553663224889
2010-11-09,-4.6175510907254775,-4.241822306104182,-4.360275311452226,-4.110534408412127,-4.254962283237146,-4.2388495873640295,-4.353474102109489,-4.098201527203572,-4.253726057410173,-4.238915677705997,-4.242936364834761,-4.243281711495554,-4.243229498031069,-4.242456252288976,-4.242883390695453
2010-11-10,-4.654454430074955,-4.363877506188181,-4.442297486160732,-4.2036505400407975,-4.352004548240701,-4.355321688081846,-4.4253119210947975,-4.163421002496669,-4.292339780368883,-4.355227289591983,-4.358613673490059,-4.364283494037963,-4.359036602738734,-4.35795354783667,-4.358456952730364
2010-11-11,-4.681337155215192,-4.359323438498216,-4.422048528887672,-4.222674950943783,-4.432070317201152,-4.373177044565763,-4.439196239075273,-4.199414317032635,-4.446215964176953,-4.3675492939304865,-4.360494100738462,-4.359546862910996,-4.360555689487957,-4.360790254248577,-4.360485480760165
2010-11-12,-4.732425256224518,-4.18711713963942,-4.359162458091996,-4.088929001427275,-4.254324160585638,-4.1939963533730396,-4.442182588891318,-4.1101324573296285,-4.366282529290231,-4.192080052331767,-4.207281384229918,-4.193907050289004,-4.207460080482938,-4.207656585822596,-4.207483604129547
2010-11-15,-4.743230300543586,-4.292302123483497,-4.418415622185565,-4.16835219396947,-4.306296729155013,-4.303991428712413,-4.46358446749776,-4.1750056728592995,-4.2998310776950985,-4.3003444122724614,-4.301012008830335,-4.295329373707654,-4.300926139753761,-4.300909681952853,-4.301035306483453
2010-11-16,-4.832783490623852,-4.119944781460319,-4.20471088236252,-4.037784259351765,-4.073459835168889,-4.121364032720206,-4.245903044767412,-4.043082143188352,-4.061092637448634,-4.119151441563935,-4.127156979881478,-4.122902730825951,-4.126845991238945,-4.126930341118593,-4.1271343887975345
2010-11-17,-4.8726034891695775,-4.2431065115539415,-4.378700169575074,-4.152395318906244,-4.268120995411744,-4.24794741351631,-4.438704741442589,-4.143703631072565,-4.299056374939113,-4.249148728798551,-4.256826030302614,-4.250759558699146,-4.256744909297069,-4.256808173594996,-4.256898605254031
2010-11-18,-4.901170709969803,-4.3954770591780346,-4.482694202434624,-4.276401162507113,-4.404176318983402,-4.410647633934997,-4.491586954997607,-4.255388954236705,-4.401853517115177,-4.411089954557066,-4.401765768152369,-4.397570382837818,-4.402538834334012,-4.400796864416299,-4.401625611606175
2010-11-19,-4.932308026939981,-4.4674995229206695,-4.543827385861048,-4.376997124026728,-4.473179141872541,-4.458855772032017,-4.554685201505962,-4.368137367667441,-4.506044613161372,-4.46615731985984,-4.471949417870472,-4.46863868384416,-4.472045927798096,-4.4716587332460085,-4.471899022257494
2010-11-22,-5.003841906809907,-4.318977588399694,-4.433825158535808,-4.252982680047509,-4.379169415302188,-4.327400001413603,-4.489107983253871,-4.273498809306288,-4.479158887037813,-4.330417802384344,-4.333821315557005,-4.324418901687363,-4.333689077123657,-4.334118622290909,-4.334053874328559
2010-11-23,-5.078713319041998,-4.375854484773713,-4.475759632085403,-4.28792556431065,-4.421366650179571,-4.373754698704604,-4.5254010249436645,-4.2906076645739795,-4.489148987916558,-4.380373995856852,-4.388387674865271,-4.380199556455027,-4.388575750739394,-4.388215520792695,-4.388563893425836
2010-11-24,-5.1126377269187975,-4.558818278538851,-4.673293657970699,-4.42922625842815,-4.555742729396844,-4.566870570823072,-4.684986034625789,-4.397934020490024,-4.589677098652297,-4.5756334240906,-4.565664264482358,-4.561788507822272,-4.566189054099312,-4.564946747895443,-4.565535666191218
2010-11-26,-5.158264935191069,-4.526722916113868,-4.652411236736146,-4.460208809443188,-4.5144964357266595,-4.504335350612006,-4.688098461169852,-4.4655973546419965,-4.587679804394178,-4.501187631738533,-4.537242232667207,-4.533415092099765,-4.537813823077005,-4.535954382200802,-4.537280779753603
2010-11-29,-5.308185628418247,-4.206700372435668,-4.3559904113258945,-4.1277384596601685,-4.235256623337934,-4.200513829340951,-4.418034237655037,-4.137495286392685,-4.295426119251929,-4.209747853828253,-4.22372113760118,-4.216077132277812,-4.223778056115609,-4.223907219810176,-4.223854052523636
2010-11-30,-5.4284069599262565,-4.241492132878249,-4.386401111045489,-4.178787696398732,-4.308329239528642,-4.236927495468051,-4.469682830844095,-4.2038707015838765,-4.423675806821283,-4.243797854590488,-4.263221254698283,-4.249575722456554,-4.263389076217611,-4.264007216538446,-4.263448797011807
2010-12-01,-5.4778390254899,-4.397751963722526,-4.496572178919925,-4.304961074527805,-4.361471637892604,-4.391655720798567,-4.523347343798964,-4.30271970273161,-4.429258023936077,-4.40422376511101,-4.407209752507887,-4.401605548365004,-4.407325202365861,-4.407198277744325,-4.407249545531087
2010-12-02,-5.497826985036525,-4.443801818876524,-4.488903181932972,-4.304764110991991,-4.328427059864279,-4.446770788510863,-4.46055471555269,-4.266460613555399,-4.316463338804104,-4.46071798674842,-4.4395121111735,-4.447102560769703,-4.440252319403413,-4.438236948388811,-4.439313876755399
2010-12-03,-5.52873904510514,-4.447505127332973,-4.564059006925601,-4.307575175342527,-4.379383629883535,-4.4456652481663435,-4.558069848484967,-4.282731854912145,-4.40155137561559,-4.457648618001185,-4.450904989688505,-4.451283031670634,-4.450866797822016,-4.449670326727167,-4.4508523986951465
2010-12-06,-5.502933999383073,-4.691475695183337,-4.77408550343917,-4.558662139109244,-4.662358105958069,-4.693663518416935,-4.75086388135589,-4.524615674191129,-4.6699560078137425,-4.7041562970510755,-4.689528820658257,-4.693578834136648,-4.689773362094309,-4.688232393380225,-4.68938601409773
2010-12-07,-5.518016043055937,-4.505498005394002,-4.631633737706264,-4.392616433317776,-4.482871520391859,-4.499294971848058,-4.6492676581485055,-4.37596290494074,-4.498083327874018,-4.508734757650506,-4.512543005179893,-4.510056222370095,-4.512645255121869,-4.511990500490558,-4.5125217203378
2010-12-08,-5.534385559745562,-4.572550569693499,-4.699670259008099,-4.437127472637173,-4.528030465325263,-4.574651071748529,-4.695263485773782,-4.40683298301439,-4.508692681662716,-4.581717565640079,-4.577806717120311,-4.579386828292086,-4.578230096713887,-4.576933264671584,-4.57764880900411
2010-12-09,-5.554529745119529,-4.636238301642042,-4.720336493338104,-4.518742200667125,-4.548885543740963,-4.619263059180265,-4.7184406925793505,-4.4844190905078065,-4.526131225427436,-4.632935747142445,-4.634445362932159,-4.641656482952217,-4.635235312404445,-4.632922257001696,-4.634226418977438
2010-12-10,-5.56391883965609,-4.775754561476725,-4.829225564792248,-4.645947001174351,-4.755496960958802,-4.774223193709274,-4.811630473557944,-4.610440238204973,-4.739521893595189,-4.785292524067373,-4.772928222287445,-4.778475350803999,-4.773396955033261,-4.7712801893134,-4.772795358563373
2010-12-13,-5.566594790102412,-4.750584372867568,-4.748891384355018,-4.622547265274277,-4.7431384595277315,-4.746001164352747,-4.702561649096699,-4.571604111793188,-4.743899299101912,-4.758257232774814,-4.74058493344173,-4.751591729893366,-4.741085399045633,-4.739158643725871,-4.740304327899313
2010-12-14,-5.565677705600799,-4.798849754531459,-4.870467244135505,-4.67417979524792,-4.76019236212517,-4.7868331518135445,-4.840495350285193,-4.635842271161543,-4.749011380732129,-4.783600710825972,-4.795982356768073,-4.802398232442565,-4.796532113146657,-4.794141202558653,-4.7956713238760935
2010-12-15,-5.612778366772995,-4.7456041820465975,-4.804637464388248,-4.625624693207491,-4.740107727809229,-4.7503017457753325,-4.794123181606076,-4.590164026940712,-4.684503112370307,-4.753879946225081,-4.742881515223974,-4.74822690477146,-4.742995708093708,-4.7411851902409605,-4.742621458040374
2010-12-16,-5.625405749480787,-4.732474996589512,-4.758698961209043,-4.6103154917423135,-4.6932328042392575,-4.724993879798317,-4.750862227909963,-4.5750657165812765,-4.655598204577807,-4.730744205374453,-4.729108732859439,-4.734202836931113,-4.729441928108945,-4.727408104833303,-4.728781497881643
2010-12-17,-5.52776856203845,-5.021473435987653,-4.836668858511278,-4.904220465593211,-4.961446491621542,-5.02216260320252,-4.716557499703202,-4.8375846278660415,-4.819266145216776,-5.022709044567377,-4.986544672978238,-5.013747714616738,-4.986864802581292,-4.983423202585708,-4.985946332177474
2010-12-20,-5.484640480135004,-4.945083582531615,-4.938830837200236,-4.825678483718978,-4.936000467049589,-4.941147347526703,-4.897565549255916,-4.785139847095059,-4.899598273706084,-4.940260115347811,-4.935174625626807,-4.944992143950911,-4.93578632589982,-4.933951343181054,-4.934857892996423
2010-12-21,-5.4479443841843525,-5.223709922622768,-4.9962503985838795,-5.097582000024796,-5.188780803066713,-5.207413279495695,-4.857132146102878,-5.03695265101187,-5.044095155332154,-5.2071222646811535,-5.182914705409519,-5.211783155154856,-5.183586675481464,-5.180348840156411,-5.1822531849679265
2010-12-22,-5.336338960341456,-5.340702050974938,-5.117579942657059,-5.178085774260988,-5.200553457745,-5.340217985501062,-4.9570869812754275,-5.084127701010582,-4.964158775506723,-5.339053949721374,-5.292360836735204,-5.32960261357535,-5.29336113476969,-5.289034612256085,-5.291521140376023
2010-12-23,-5.279705572124257,-5.49742537942691,-5.355822079993751,-5.345753989333564,-5.384934378585427,-5.492345398467229,-5.247583447450319,-5.270519902131407,-5.207099566784494,-5.493638590747868,-5.463632716007637,-5.492627904552711,-5.464244981287034,-5.461468109149624,-5.463067623973348
2010-12-27,-5.247106665839504,-5.619975184941258,-5.374044756784305,-5.461135873172997,-5.466927523885237,-5.614896201639553,-5.191863161637872,-5.36627121804024,-5.218928855609761,-5.611390623153399,-5.5658660815506655,-5.608800098448285,-5.56665689133783,-5.562154605121935,-5.564941632777792
2010-12-28,-5.1280730586955965,-5.716446477171296,-5.54065093580611,-5.585455753957014,-5.664376369800818,-5.70027605177282,-5.412360031144823,-5.523408354034274,-5.487641675094643,-5.695944121136827,-5.6787276811475085,-5.708283812818913,-5.679388809638791,-5.676256085913855,-5.6781316689418935
2010-12-29,-5.0861867756467625,-5.8316752388654045,-5.621969507293985,-5.689513447891451,-5.694448710907755,-5.8259775414157255,-5.446356916897714,-5.605095239493004,-5.448943805936486,-5.823460808718581,-5.7822420286978815,-5.819212266057379,-5.783294175779429,-5.77909214457711,-5.781445720995219
2010-12-30,-5.068365891631856,-5.642605432740547,-5.60771106126799,-5.489052173576032,-5.563671716305171,-5.632307393835584,-5.5285723436945995,-5.438643236822714,-5.416285143933216,-5.645205505536853,-5.623229432195781,-5.641139471703751,-5.624066419291046,-5.621412913275436,-5.622848137582795
2010-12-31,-5.05466326408407,-5.528760162717269,-5.56582802464948,-5.3957754249401555,-5.4725775457467325,-5.5217903180700985,-5.543666838272364,-5.352172391977012,-5.408508423055035,-5.525036060780472,-5.524492384100818,-5.5311523025405,-5.52537463996865,-5.523072748640909,-5.52424256342611
2011-01-03,-5.016335575329192,-5.4381586895563,-5.2380479555527035,-5.293196981049886,-5.364663393165205,-5.446226522068398,-5.096776380101461,-5.216576248503157,-5.144455794992388,-5.444944902708485,-5.397147069391127,-5.42953791126593,-5.397771620908677,-5.39473361429363,-5.39651993501113
2011-01-04,-4.9985836554384075,-5.265858054876376,-5.0240127046277125,-5.110748540936687,-5.223970368534708,-5.260666403966238,-4.87588974308175,-5.032490480074391,-5.017368674710612,-5.249964348803816,-5.21808167443766,-5.247317594343566,-5.218587293738987,-5.216170742657068,-5.217427094939229
2011-01-05,-5.000423203625423,-5.258232741984157,-5.034943919173403,-5.090862125234731,-5.183896170086891,-5.275574350482671,-4.900981054999468,-5.008797091657953,-4.989582988582743,-5.272307868743351,-5.21420826771258,-5.245281250974641,-5.214682003841864,-5.212053170752474,-5.213657450416637
2011-01-06,-5.0170734240151225,-5.053200641898966,-4.9427663731068066,-4.879816260867412,-4.991356013786731,-5.0641843609844335,-4.847170519725657,-4.816647468419399,-4.840136763713289,-5.067886212000064,-5.02385627032485,-5.04723241080174,-5.023964428378053,-5.022704680249086,-5.02342853094377
2011-01-07,-5.048868684279257,-4.851489777451448,-4.773219657205579,-4.65322129391878,-4.82900864840957,-4.875841663638445,-4.680798974551202,-4.57453657284097,-4.680074028044222,-4.880318747186141,-4.824624485340096,-4.849747439924666,-4.825354796408994,-4.822207426744513,-4.824033677036486
2011-01-10,-5.0199811930735585,-4.898767935575481,-4.852577216740692,-4.69375915496205,-4.832470077594922,-4.9136524138099045,-4.747060139176385,-4.623848674791009,-4.6800800831660485,-4.921153972471872,-4.87262084785826,-4.896873950738828,-4.872926880968194,-4.869866775088516,-4.871952623670783
2011-01-11,-5.008375380278268,-4.99783179753333,-4.923116517809426,-4.794298037481619,-4.8986185263460085,-5.024347067070181,-4.818365164997043,-4.70768023313056,-4.713651886117018,-5.034398951940037,-4.970963907150742,-4.99496139764126,-4.972312856822007,-4.969419775741903,-4.970372569840845
2011-01-12,-5.011755667009599,-5.094344320688149,-5.049288777107602,-4.9056695689901995,-5.07693669762239,-5.094415170685075,-4.966456188443058,-4.834032228343012,-4.9949783352777155,-5.103080171747847,-5.07307233923149,-5.092845670606428,-5.073772575954323,-5.071625733985913,-5.072643223763365
2011-01-13,-5.001891278087513,-5.047326987175455,-5.015132123186719,-4.860052307939017,-5.000424634239399,-5.042837337521329,-4.9056801305250675,-4.788992043010758,-4.900968452927209,-5.050028508226752,-5.021824637341376,-5.045147642909344,-5.022392908875832,-5.020408300555602,-5.021261439136399
2011-01-14,-4.99016531220604,-5.065290489732284,-5.110855019881517,-4.878365092940474,-5.0566819368601985,-5.062829548291452,-5.047111291332776,-4.818407650401625,-4.993759087262115,-5.065055685318414,-5.05223098610413,-5.064834887956035,-5.052971748433415,-5.050367787350574,-5.051771978495296
2011-01-18,-4.994329402316416,-5.208935887806325,-5.1052228106944675,-5.0526742352033756,-5.151110025965753,-5.224821868504384,-5.018163230987455,-4.960259249244953,-4.974169618707543,-5.230880687662021,-5.181427016305787,-5.2036141362517245,-5.181961542574418,-5.179165929497962,-5.180841951441643
2011-01-19,-5.0153167144627915,-5.053648890065184,-4.978866804007131,-4.873846970260434,-5.065460390767414,-5.066063378709677,-4.887034811604404,-4.789502001620629,-4.93444602481553,-5.076716700346824,-5.030224046752212,-5.052220883577824,-5.031304298878563,-5.028797733337717,-5.029759330087624
2011-01-20,-4.97734868055592,-4.827263583487924,-4.69898211606823,-4.6446235056608725,-4.792133956990053,-4.8588744981291905,-4.5928458099942695,-4.567985267096409,-4.657606874341398,-4.869677219955765,-4.797660679209492,-4.822690996685624,-4.798245539272577,-4.7958413009001095,-4.797193131308573
2011-01-21,-4.88618179144702,-4.849941588841537,-4.879783588699131,-4.689712045646342,-4.923635633809682,-4.866429173376974,-4.871446594472733,-4.63273774238506,-4.928087488549616,-4.883017714598744,-4.846898148283609,-4.852534052117259,-4.847299545421497,-4.846188780778363,-4.846674615653079
2011-01-24,-4.786489046060626,-4.942470765921234,-4.937946860177846,-4.77796046214666,-4.964394858635941,-4.960795075781462,-4.881305378572989,-4.724473152779975,-4.883376654822654,-4.980560873414701,-4.930578853928397,-4.942588876686724,-4.930732148775171,-4.929416216033264,-4.930270212656328
2011-01-25,-4.823965197410497,-4.621692975909472,-4.703160099549438,-4.486694604921722,-4.660684760466045,-4.6333726527185926,-4.674759111564779,-4.452831605073092,-4.65527517266007,-4.6576014495571725,-4.624106225056786,-4.626557183464241,-4.624401361778499,-4.6234972040990865,-4.624006773045505
2011-01-26,-4.840743486311567,-4.698761888404421,-4.636659497028013,-4.58352046276111,-4.7610442091919065,-4.715002814671485,-4.5985193892086365,-4.544101423321283,-4.700403350012451,-4.725647052745294,-4.68613464899169,-4.697010016522114,-4.686567126182364,-4.685655967025417,-4.68595352204831
2011-01-27,-4.774711132508828,-4.836020310850934,-4.668591152118321,-4.721075606049216,-4.92198516181076,-4.857737683673647,-4.584407406391838,-4.6638608442628104,-4.776669081537024,-4.869223925703098,-4.807440947220376,-4.830584902204972,-4.808044717434036,-4.806585336830637,-4.807192065060233
2011-01-28,-4.784347538908436,-4.483810659174614,-4.517434049725364,-4.3866591855607755,-4.5311616843616065,-4.5121134270694645,-4.504606009672677,-4.357134493386954,-4.540790145189604,-4.524397808586079,-4.483500982821308,-4.486153042728129,-4.483704446965601,-4.483231245101318,-4.483392753948192
2011-01-31,-4.79476369355882,-4.651684968019188,-4.611144665215741,-4.546357456336643,-4.712850439721738,-4.677162579763227,-4.572478582471343,-4.516624929852159,-4.6755552759404955,-4.687958496962032,-4.641207193442276,-4.649315996984701,-4.6415335955758685,-4.641153494727541,-4.641049387526046
2011-02-01,-4.737300617648795,-4.789463636573784,-4.640191088420604,-4.685691028275331,-4.817089356662969,-4.800048582309978,-4.563180700311165,-4.631652354289025,-4.698515245471698,-4.808111795974144,-4.765994902309032,-4.783573207609727,-4.766633835457768,-4.765722570563312,-4.765591116763598
2011-02-02,-4.679099613175777,-4.796814303638657,-4.6733760430923725,-4.672139345151137,-4.827358929462537,-4.819676032360497,-4.580547523537206,-4.635435344051839,-4.705468910991466,-4.815113300175345,-4.770706579354114,-4.7908235517377,-4.771097322641903,-4.769848128025441,-4.77047198095282
2011-02-03,-4.671592690634404,-4.627332621883841,-4.602650991701766,-4.5178563423190345,-4.649853976328261,-4.630185974610457,-4.555587981639015,-4.497645943349212,-4.624233990711998,-4.630739695501868,-4.617968904925227,-4.627188358760635,-4.6182856417720535,-4.617657075333845,-4.617917600460727
2011-02-04,-4.638376093009917,-4.746073871082235,-4.707399822589511,-4.655809096916704,-4.753881257747936,-4.750297753233208,-4.660007353931717,-4.622593097726102,-4.740435600109388,-4.745236019551029,-4.736263300088159,-4.74582646811073,-4.736779734539532,-4.735101487775145,-4.736084364553762
2011-02-07,-4.5598157542087865,-4.944490824762242,-4.833042640553251,-4.808807789888462,-4.960975324699747,-4.965153844547826,-4.7695436643859015,-4.752761989410617,-4.870262368958773,-4.965479105923956,-4.922574477524305,-4.938201893311467,-4.922689639795968,-4.921408102095075,-4.9223225743038554
2011-02-08,-4.5081156176497545,-4.926294689356188,-4.910124634103041,-4.793652273545814,-4.936390637997007,-4.952122163407001,-4.847851424042627,-4.746168428840369,-4.862584160108588,-4.969062330835071,-4.914031810903337,-4.926274282741126,-4.914412978749423,-4.913356318057849,-4.91372051308994
2011-02-09,-4.470672249615187,-4.845774300702619,-4.792135743784737,-4.738949371797809,-4.8483538552417595,-4.865371979957812,-4.7402150358982365,-4.706504520771159,-4.7856476440351035,-4.875718366531837,-4.8332438915459655,-4.845035217214393,-4.832944122716036,-4.832254563859896,-4.833070017078807
2011-02-10,-4.394123345323571,-4.669366658964041,-4.740147148237757,-4.5931702223396815,-4.682598567650047,-4.670904555400663,-4.73467139358161,-4.578768406260777,-4.709976079929782,-4.676401392757035,-4.675165629677675,-4.675784151668719,-4.675673416323517,-4.674281434890418,-4.675160992896609
2011-02-11,-4.211615240345588,-4.800934624559553,-4.834811448059496,-4.680098504657091,-4.792416787672896,-4.79534693152883,-4.778872822287746,-4.6351344983611575,-4.741467033981426,-4.812168872158617,-4.793839551519753,-4.802744538267104,-4.79406853541205,-4.792639154385018,-4.793603622845874
2011-02-14,-4.16140681205639,-5.005191390652828,-4.83099821928736,-4.887383872300015,-5.023477899950271,-4.997889755650027,-4.72620147529099,-4.8319560771230075,-4.9027131912032,-4.998793720442573,-4.970766646404036,-4.996526931300091,-4.971279344285714,-4.969055070290313,-4.970414794740518
2011-02-15,-4.137799982399996,-4.804083837145776,-4.831075329343151,-4.703888142466534,-4.794218905409428,-4.8256283475603885,-4.793077279932567,-4.684294902805758,-4.781618164424946,-4.835159418045936,-4.800660503627457,-4.8050315798093575,-4.800679174221558,-4.800489044931932,-4.800494257808422
2011-02-16,-4.143059229616996,-4.738125249534628,-4.734464250985713,-4.660427516342105,-4.70047117218759,-4.7515222997770685,-4.725108430937818,-4.642105342847927,-4.705926657160013,-4.75547118398237,-4.734694770547017,-4.7377678221841935,-4.734942544096875,-4.734259833915836,-4.734644804011577
2011-02-17,-4.135772814534725,-5.019401837957998,-4.8569217645590905,-4.935577423268072,-5.038960452725475,-5.023189798723926,-4.769689355689535,-4.894128049724752,-4.985228405790575,-5.024132539174802,-4.992674281581169,-5.010094994698434,-4.992767963730535,-4.992508672889166,-4.9925422922095635
2011-02-18,-4.115810174687959,-5.038029189598553,-4.933476154525715,-4.970408850001276,-5.058123683113879,-5.04530157433767,-4.887614507395322,-4.935244742065397,-5.017536253353136,-5.05358925690153,-5.024952568935805,-5.034723247090378,-5.025178732080128,-5.0248850195468036,-5.024745104896636
2011-02-22,-4.139041418064946,-4.527426073968287,-4.5317545412256095,-4.452373684041569,-4.5621177592950835,-4.541343455398782,-4.521142024539407,-4.435144045343411,-4.572097631946172,-4.555506846273119,-4.5274693671795525,-4.528281107413996,-4.527474142288929,-4.528059333232628,-4.527371085379345
2011-02-23,-4.188740082456953,-4.3023250679536105,-4.239471669336226,-4.21030246244675,-4.302642389537909,-4.327863459170142,-4.202679509956716,-4.181187814800124,-4.273074884742747,-4.338416472428907,-4.290368126432493,-4.299817849132943,-4.290692560445539,-4.290446963836023,-4.29026762014722
2011-02-24,-4.24391498479789,-4.184365767504566,-4.168788622675411,-4.114197232775781,-4.211179734315931,-4.217536962515015,-4.177194172029189,-4.098646573741308,-4.211262523887949,-4.225653713968769,-4.18601016832449,-4.184340942827088,-4.186007549602095,-4.186610574243994,-4.186040580673315
2011-02-25,-4.246168530315598,-4.456347356668317,-4.4070247568290455,-4.331566281012197,-4.438812206144557,-4.485444995691404,-4.367863803980106,-4.292819576391396,-4.409430557865506,-4.49163940471563,-4.44546494206509,-4.456179071908665,-4.445418813906417,-4.444696608344019,-4.445213067873791
2011-02-28,-4.247518087939649,-4.490808223435455,-4.443045491679119,-4.406765005741454,-4.548265073743969,-4.501129580331933,-4.401162363898843,-4.376589506785732,-4.511701051163372,-4.49541777310029,-4.480665348962585,-4.489193144520054,-4.48097921439392,-4.479839450343676,-4.480536709494609
2011-03-01,-4.2888097177180144,-4.2123441004250255,-4.28150896970146,-4.134520056151954,-4.211281334736716,-4.217532565748366,-4.30138648980892,-4.117696718898062,-4.244478793077093,-4.219017072986553,-4.220243735906208,-4.214885305189578,-4.220833633380261,-4.219470851145516,-4.220161576619647
2011-03-02,-4.319278327097163,-4.290310256100136,-4.370249182345736,-4.218431320376932,-4.331357249458617,-4.3092994953251,-4.409139725401743,-4.203169823685752,-4.364327992351735,-4.307749934672695,-4.302627100003732,-4.2945175931989,-4.302785961482474,-4.302489317336825,-4.302708339809993
2011-03-03,-4.322840990864142,-4.641937665299985,-4.572123886446105,-4.556793714681923,-4.652026169447128,-4.6530101685910905,-4.534650433481668,-4.517919562684667,-4.657976513949048,-4.660971293826713,-4.631322108919597,-4.641185109801893,-4.631314192547042,-4.630565448823832,-4.6312520452848345
2011-03-04,-4.358193465347224,-4.311378338517048,-4.5042063847375555,-4.2487262165904385,-4.358234731109925,-4.308007929573289,-4.575349672486999,-4.2605220458855735,-4.475563658024053,-4.325399543428017,-4.338820566025802,-4.323907128106498,-4.338509640274605,-4.338797335803512,-4.339034144978305
2011-03-07,-4.400839184385412,-4.214879727228711,-4.327223210701264,-4.16042367083107,-4.2497956455102255,-4.2313100509286725,-4.368642808356314,-4.1572199164115275,-4.276637600501816,-4.239593466009253,-4.230887932928408,-4.221290426733692,-4.231263108111387,-4.230736885509691,-4.230950059925265
2011-03-08,-4.372569806265275,-4.345690786186059,-4.42239077464486,-4.273588614717978,-4.360042167775688,-4.3829874560028355,-4.446460539041021,-4.260898689264593,-4.377794930983402,-4.395766282964078,-4.355278581205418,-4.347786997725073,-4.3550437611377815,-4.355355609909219,-4.355310001587698
2011-03-09,-4.392598898878346,-4.269381269335422,-4.384428847658235,-4.232939372767154,-4.355169348354182,-4.291011998127259,-4.435563330624351,-4.24131431656631,-4.420809220861667,-4.294967538321133,-4.28756643686625,-4.277734232814531,-4.287701095733185,-4.287835315021159,-4.287742840181231
2011-03-10,-4.440296933808731,-4.0880167564799095,-4.199177555470248,-4.045739693369366,-4.201066741639058,-4.093966683437933,-4.250706327695324,-4.05444464731411,-4.284310627609431,-4.103802252467397,-4.105534919873209,-4.0943998595483375,-4.1048531572488205,-4.106363760010387,-4.105784475624553
2011-03-11,-4.462907222596368,-4.125169570572481,-4.283350525556989,-4.087316445166094,-4.284427138838292,-4.142922329918768,-4.357984370536087,-4.099401395475007,-4.425775252903825,-4.159104983221687,-4.150011982238734,-4.132917092078193,-4.149896365016458,-4.152345195776574,-4.150313791255908
2011-03-14,-4.484276820360538,-4.140099155854944,-4.242023583296276,-4.092991886807212,-4.306205462470895,-4.153551662561483,-4.302177353451715,-4.098225972293699,-4.419639980192119,-4.161680504237755,-4.158273659409896,-4.147868563802848,-4.157998982721143,-4.1595819203642375,-4.158515981436569
2011-03-15,-4.575135011527896,-3.885863118898016,-3.9747183944626854,-3.8505949241966433,-4.024957194392971,-3.8872618322441275,-4.016740947662708,-3.8649354244953735,-4.134717383746542,-3.8972447039265505,-3.898913386664183,-3.88880619636062,-3.89881486402189,-3.899782010938911,-3.8991607748167327
2011-03-16,-4.842229811863858,-3.569842819268281,-3.8424941362663407,-3.561340549060471,-3.763091357113374,-3.5610104834466814,-3.9680307152512406,-3.6017775046774028,-3.9619517280363334,-3.5769193269116495,-3.613546423420092,-3.5940979109293965,-3.61309877876139,-3.615148716752607,-3.6140632347804957
2011-03-17,-4.882067710835332,-3.7970377176483687,-4.016895754938954,-3.7731119949113054,-3.9526423417105594,-3.7724208453468937,-4.119313452866,-3.7967084037281955,-4.095429657672736,-3.776341107682334,-3.830400560419864,-3.816215017855017,-3.830130495626131,-3.830392868290769,-3.8306805957074466
2011-03-18,-4.943053878809372,-3.8668578012720856,-4.08309313491435,-3.8141448667190834,-3.876781410955025,-3.8591644892307673,-4.151480137398607,-3.804945927521867,-3.9679098711537883,-3.871396710619041,-3.895298968419856,-3.886370238173425,-3.895552972983478,-3.8946913767065086,-3.895402911116417
2011-03-21,-4.953202715796296,-4.0994000783830575,-4.224001919093352,-4.059002567377696,-4.103328704451724,-4.117488854858685,-4.282553802479202,-4.04433788454388,-4.170907149004146,-4.129785572218351,-4.120580298243335,-4.110754589034066,-4.120595074645993,-4.120140513910419,-4.120705691800042
2011-03-22,-4.9684741287227325,-4.165331867874922,-4.321534251390651,-4.132292932898635,-4.206691509431334,-4.190630408882546,-4.398971242944939,-4.134983829675608,-4.286850398804538,-4.210405632001892,-4.1914934079804045,-4.178851286552304,-4.190949842501029,-4.192204015906589,-4.191747653942185
2011-03-23,-5.017223047600689,-4.246808822846464,-4.474960709773053,-4.232210213602635,-4.3027382085467725,-4.258666260273039,-4.579190146552732,-4.245995705348746,-4.464403713419627,-4.277215865218286,-4.286602042638108,-4.270515154873149,-4.2858209712778494,-4.287600084901889,-4.2869424980712445
2011-03-24,-5.045334041202621,-4.394605009157013,-4.563347534531334,-4.3672148789464105,-4.453971516799294,-4.413291116894846,-4.6473093812603015,-4.365013560490463,-4.548093553328476,-4.437098343384479,-4.425815249061344,-4.409875638615271,-4.425454390094802,-4.42625778535193,-4.426002229889976
2011-03-25,-5.036200456368654,-4.583026274222044,-4.71315218597888,-4.566320720753922,-4.696933753645476,-4.608896393928855,-4.77570462131839,-4.5715231046227425,-4.788690534388028,-4.627434376349859,-4.606977889567596,-4.597493434455457,-4.606751586209005,-4.60777289906877,-4.607200821992678
2011-03-28,-5.0364674798336155,-4.64057679116205,-4.778447178082982,-4.604821200587587,-4.727943232582417,-4.689443774582233,-4.843954782852994,-4.601519653960749,-4.802692215979288,-4.7117698775745644,-4.665153701958586,-4.650794446047279,-4.665777496178719,-4.666585125544399,-4.665416849216809
2011-03-29,-5.059744971764132,-4.606570600827283,-4.722685054509306,-4.590981577048612,-4.68492255049678,-4.606494634044782,-4.77637458052177,-4.602412598064392,-4.755655290567908,-4.622566070130148,-4.625631109597833,-4.615833149727473,-4.625721340832399,-4.626876236226264,-4.625843057245093
2011-03-30,-5.052645014479765,-4.709960972831246,-4.725820029001058,-4.688609835822515,-4.7645539117866464,-4.716613491218387,-4.746306100540279,-4.676111820648485,-4.795346723547608,-4.716147021677337,-4.713806872670622,-4.7108482121218325,-4.713331938755629,-4.714177662823612,-4.713871335715079
2011-03-31,-5.0136003950970345,-4.7924850023857495,-4.829063206516007,-4.763334692907813,-4.81190975325569,-4.797595783666965,-4.8294740378650145,-4.754391542323864,-4.839092383455885,-4.798272761541168,-4.794790124215632,-4.794295596674582,-4.795236959375717,-4.794988316803169,-4.794818482278945
2011-04-01,-4.942431552994891,-4.748838156048556,-4.797641255686275,-4.727535478064804,-4.847168166630847,-4.769669619844164,-4.850254788735034,-4.7232408094910605,-4.891037211719124,-4.782155273182424,-4.761542950825123,-4.75326558565476,-4.761210010410346,-4.761973398680174,-4.761690655369221
2011-04-04,-4.828284201899006,-4.842440961472676,-4.839637472979228,-4.81030635033473,-4.88065297830706,-4.867790752408032,-4.871183933678329,-4.793695808994863,-4.883422803952028,-4.869546215204984,-4.845904601295597,-4.842334077359952,-4.845910215366673,-4.844970825438201,-4.845924708526333
2011-04-05,-4.773580044793123,-4.768797746722685,-4.840443386159642,-4.752073802532918,-4.8070458836034105,-4.818807671246622,-4.910012891119037,-4.747986016057966,-4.8497411043303575,-4.827143356199674,-4.787443852219409,-4.7765993599708665,-4.787217946934458,-4.788259873634012,-4.787646898309319
2011-04-06,-4.7571999471218245,-4.7973104810611344,-4.796009582573259,-4.79438071329349,-4.878100729330096,-4.849308800955504,-4.840857335124148,-4.791436853380153,-4.904461620521474,-4.861761635959211,-4.805827529176329,-4.798796619045389,-4.805371515039433,-4.80730613478691,-4.806082393251202
2011-04-07,-4.834918201803171,-4.332910749783306,-4.567636186565724,-4.307847579374726,-4.379721132880266,-4.363566521844094,-4.681862524604318,-4.319137356411797,-4.505623200078455,-4.375049867223384,-4.372732819696282,-4.355206035899873,-4.372645252712453,-4.3733748453089385,-4.372966557926557
2011-04-08,-4.8178130911476,-4.462875586778132,-4.7323742793699335,-4.439645191109262,-4.516844524486842,-4.503553896884217,-4.842167990764729,-4.46330188727847,-4.675234800808601,-4.525043484094323,-4.507348502949771,-4.487570346833108,-4.507144661863016,-4.509030067714754,-4.507730851644997
2011-04-11,-4.784901776044573,-4.45280958259406,-4.663454155106291,-4.43567720038305,-4.63507115251416,-4.4732376548556125,-4.763547895009633,-4.463713284758149,-4.824943148887116,-4.489655906800694,-4.490737834834509,-4.47225277767294,-4.490524554297419,-4.492480607067847,-4.491256506654262
2011-04-12,-4.766793062287989,-4.369916307150278,-4.512631468373442,-4.3595683275019645,-4.43613205041499,-4.394937384920247,-4.5748336844587865,-4.376022216767056,-4.570539661584879,-4.412230077076066,-4.395301027626902,-4.380438347620984,-4.395122722830934,-4.397190005429454,-4.395654304708359
2011-04-13,-4.759822831299475,-4.360981232259131,-4.505302278229891,-4.316447113561125,-4.421442536867253,-4.391864564920128,-4.564169820643777,-4.319091329749617,-4.518195766403043,-4.415062498647856,-4.384199387080267,-4.370755930715717,-4.383724929448543,-4.384918553614119,-4.384380611370066
2011-04-14,-4.735298793592067,-4.443416297617086,-4.615404198454834,-4.401941100238803,-4.548505881522356,-4.440324503728021,-4.67281953041308,-4.408244046132242,-4.672654572251858,-4.457508885206597,-4.469856813461711,-4.458967555746384,-4.470087605504947,-4.470904051789758,-4.470091645565949
2011-04-15,-4.737545439515144,-4.569401318153186,-4.699109928017059,-4.507919230481331,-4.64281050999644,-4.55209667752477,-4.758836403000573,-4.492703943527988,-4.6930589045480815,-4.557231087058812,-4.590762491073912,-4.581112257061079,-4.590995212204567,-4.5904758699981505,-4.590810739469196
2011-04-18,-4.739884730317296,-4.43488778658938,-4.573581995835692,-4.36711374134763,-4.475013433954384,-4.427665009067741,-4.6015002540837875,-4.36795463556022,-4.530190844329283,-4.448761469955627,-4.45281561353221,-4.444764943239558,-4.452498881989209,-4.452659676702295,-4.452957824560082
2011-04-19,-4.711913582486983,-4.74441064276657,-4.710643926324143,-4.6438905771748304,-4.749858855926767,-4.768035180161258,-4.676060888955707,-4.604357547423237,-4.687290386916325,-4.788352197601176,-4.73319746641297,-4.743921551931975,-4.73406996204983,-4.73232549387059,-4.733033526437108
2011-04-20,-4.680347828436401,-4.82065259927586,-4.715039684794404,-4.726132323154282,-4.843472360914399,-4.823530384394037,-4.684846385622805,-4.683683339960708,-4.754591222340266,-4.828995357945842,-4.803868039013918,-4.81868293628723,-4.80439665675211,-4.802579587005605,-4.803605993417563
2011-04-21,-4.656796633726923,-4.912408610099764,-4.813084127594757,-4.810187626125671,-4.939098494418947,-4.949422034939338,-4.773744738086684,-4.765908376462217,-4.834214798495871,-4.971994055011043,-4.894459832263379,-4.911615737117347,-4.895069605257226,-4.893930189273485,-4.894082582150116
2011-04-25,-4.631810792575076,-4.973984934407101,-4.978698157819664,-4.876211217290151,-5.035850187348236,-4.983074204311142,-4.954490501742679,-4.854666191643675,-5.025261591483171,-5.002952218610421,-4.970891421996044,-4.976441550263713,-4.971168357900412,-4.970317358897626,-4.970839405963369
2011-04-26,-4.604427787918541,-5.082059500002106,-4.949973680303139,-5.014028076905793,-5.107879563182929,-5.091609589770229,-4.879856044839449,-4.9859866441339395,-5.050498478779034,-5.087801221745696,-5.057036455190311,-5.077574013351223,-5.057703430384545,-5.056067110799697,-5.0569056687245215
2011-04-27,-4.609724163366582,-4.927636781234543,-4.841987397255453,-4.8607375619912885,-5.063548303055613,-4.927482514094521,-4.820456572321103,-4.8434579496804595,-5.007234843432316,-4.93870257329934,-4.9128918778976445,-4.922718801162617,-4.913756463409582,-4.913690101740141,-4.912824656650244
2011-04-28,-4.6019035070086804,-5.001266029324866,-4.837621043357538,-4.932782010117523,-5.168340597568023,-5.009361500495052,-4.782958371026229,-4.902450067781582,-5.1016738418977985,-5.003335960891654,-4.977093014024081,-4.996337927851704,-4.978408331218714,-4.976588473152626,-4.976883821377705
2011-04-29,-4.547755940980352,-5.209385042876524,-4.844063210754429,-5.138449916974702,-5.29677432428227,-5.208643931096139,-4.732032381733288,-5.1006297753731795,-5.079956528666426,-5.187547207073267,-5.1521944146786325,-5.184193280452108,-5.1525531944562015,-5.151037479222106,-5.151645688720711
2011-05-02,-4.508199966584106,-4.934635337581557,-4.863599616988522,-4.881948847497468,-5.055960232765731,-4.939281551787737,-4.846247131618674,-4.872606269507334,-5.060042156880422,-4.9425655378141995,-4.924584908448161,-4.933550613230526,-4.924850764207819,-4.925076775825516,-4.924531022556348
2011-05-03,-4.499391802111196,-4.717898590805667,-4.768061387193233,-4.661448623470073,-4.849496235570179,-4.701014136167511,-4.75587089623265,-4.654455452573853,-4.90954240504328,-4.709154999110494,-4.720493825810702,-4.719543294405128,-4.720998361849253,-4.721126098125712,-4.720501102152322
2011-05-04,-4.523455547821688,-4.490719605084063,-4.512552422615298,-4.462928319109213,-4.634118491108258,-4.485845907495475,-4.530953455517551,-4.467994511237559,-4.703353395765824,-4.489447896230214,-4.494291094043045,-4.491056398535624,-4.494423868093809,-4.495430257779472,-4.494476456153996
2011-05-05,-4.5889507471042625,-4.252632969072881,-4.352181362348964,-4.225765106845773,-4.460222089858987,-4.244773027702582,-4.4133750172860005,-4.2492863046959135,-4.579739211624017,-4.24776605853995,-4.270975075218019,-4.25799106392316,-4.270542964574634,-4.2728808214831036,-4.271370294792718
2011-05-06,-4.592925046779779,-4.254755793871202,-4.382905231936045,-4.221873229713691,-4.426506682867487,-4.2499030945693965,-4.444307846195865,-4.238525029307231,-4.553643076809376,-4.25604651120752,-4.276929212485231,-4.263504323955187,-4.276439544596546,-4.279005456607502,-4.277273273886442
2011-05-09,-4.59871249471924,-4.383976262525314,-4.606640049313753,-4.332255123251294,-4.502499875007247,-4.393557809110698,-4.673722525946971,-4.340576925488271,-4.636022242733326,-4.404148074145494,-4.4182959416499,-4.404851774081015,-4.417895712680084,-4.420098625360519,-4.41854709593026
2011-05-10,-4.546837302643561,-4.585417134484003,-4.669809027612706,-4.525686706591449,-4.714946486425923,-4.582666900953023,-4.684157947071014,-4.518588750590827,-4.800173555779297,-4.588196542087555,-4.598089211732943,-4.594531534420884,-4.598399238932556,-4.599259162743021,-4.598182395639574
2011-05-11,-4.541514099378015,-4.360446223493844,-4.58162642275605,-4.316290408076918,-4.47429937952362,-4.377397493202449,-4.651431904590501,-4.325132560651122,-4.63306479472052,-4.384893309080297,-4.39470251659276,-4.380115239707627,-4.394011273134081,-4.396665232146576,-4.395029686688318
2011-05-12,-4.578747056868831,-4.363849297822608,-4.527549143565103,-4.328631191386414,-4.529321049446691,-4.373729094061532,-4.584687147057053,-4.334394793534813,-4.624301846520768,-4.379532754648339,-4.388129301031051,-4.383726364239827,-4.387994591027573,-4.390366166976889,-4.388369539978193
2011-05-13,-4.543164402647937,-4.376776269603063,-4.636422085363617,-4.361746213700311,-4.553546117944601,-4.370491861022735,-4.723472659516869,-4.396011749520945,-4.741234408257952,-4.378281142860373,-4.416124973200641,-4.402282424739162,-4.415775634409245,-4.41818567979283,-4.416568482161339
2011-05-16,-4.474564502348744,-4.407668675051927,-4.59003152725814,-4.353767926956323,-4.5097519845351,-4.407585891354374,-4.643415657654784,-4.361724091876266,-4.637929567645974,-4.414714283242653,-4.431853304641328,-4.423259712860973,-4.432407947988913,-4.433063096153553,-4.432049633294211
2011-05-17,-4.464718238387507,-4.285429521688824,-4.417058718944836,-4.250643772413895,-4.442563897813427,-4.283071568715961,-4.461274072312914,-4.266074757622393,-4.550055386409816,-4.288601437308354,-4.304326221443464,-4.292499846242341,-4.304174003485678,-4.306139850740218,-4.304603184947334
2011-05-18,-4.447406759674416,-4.466263888175808,-4.604913216043544,-4.424032657973611,-4.609802152750686,-4.46603832115017,-4.653575953338607,-4.424750242329868,-4.721017766114108,-4.470273743638788,-4.485435702185152,-4.476430677441703,-4.485411421394866,-4.486908467559786,-4.485636530141936
2011-05-19,-4.4760699854341075,-4.360173160104951,-4.695093777689002,-4.337330245196878,-4.545425728364551,-4.365240060722743,-4.8344127452347845,-4.370828363837969,-4.767815862057322,-4.367843054587153,-4.4139899075106825,-4.3944237766031575,-4.413489829963045,-4.41659763143182,-4.4145363244785205
2011-05-20,-4.478920382023105,-4.433417030368678,-4.647138274822009,-4.405780138449136,-4.529418650136774,-4.430187276754043,-4.734405822263908,-4.42004613896999,-4.707101038542888,-4.435082915220453,-4.467061401919968,-4.454281011072183,-4.46678916933511,-4.468288162485269,-4.467362231681932
2011-05-23,-4.35710890144434,-4.420386982524669,-4.693905577482682,-4.386191774263859,-4.537781827592372,-4.424601997068527,-4.805950080106932,-4.404544166183613,-4.713976128228466,-4.431033247133928,-4.464525523756794,-4.44645255815723,-4.464037551638587,-4.466432486527028,-4.464920573827181
2011-05-24,-4.3263101270584,-4.501321409808671,-4.690772492080532,-4.453130928166987,-4.578055053277787,-4.5031730279207505,-4.751983514288362,-4.461244512577607,-4.690119060766468,-4.5107117117382,-4.529944650435153,-4.51481229988476,-4.529892064981776,-4.531463002008185,-4.530185258707962
2011-05-25,-4.315957573261975,-4.472659048393117,-4.691232615697898,-4.407798774567088,-4.481770200585243,-4.457903370890247,-4.733820652187444,-4.408710419569994,-4.596822325069506,-4.470000223846971,-4.498279568117177,-4.48893977524199,-4.498038852810601,-4.498131522607903,-4.498435039251606
2011-05-26,-4.328340947869623,-4.452009586738269,-4.713035983362138,-4.41559321539103,-4.541132093504451,-4.44497070098413,-4.796670141891119,-4.427280686288927,-4.7229201979031155,-4.452911982434349,-4.490300740363836,-4.478698776347799,-4.4899868194342165,-4.491415995466591,-4.490563522401958
2011-05-27,-4.320877523795713,-4.6273176103464335,-4.833358170051523,-4.574813917017286,-4.674169799029966,-4.620675908276501,-4.875456340338039,-4.576488766205863,-4.778913747465558,-4.6280603625249706,-4.650883742930541,-4.640687160080786,-4.65104896165147,-4.6511510027946175,-4.651055446943076
2011-05-31,-4.305261109502275,-4.627035090167741,-4.825535677434902,-4.584142004030911,-4.704321912557738,-4.631317522373684,-4.8781645070660264,-4.590537106884712,-4.790854003111016,-4.63725276228203,-4.655561612163023,-4.642310696621896,-4.655772567479904,-4.656396373840493,-4.655797020856241
2011-06-01,-4.328407032740964,-4.373411592893094,-4.620222489446129,-4.327726459900946,-4.417731295096182,-4.3697897878315715,-4.692063124417741,-4.332591493218797,-4.534353616469586,-4.375148048027659,-4.406155050105976,-4.398367907058345,-4.4061738465973495,-4.406546479724537,-4.406273512403626
2011-06-02,-4.350827988669934,-4.306692782645412,-4.435706878208171,-4.249240871333226,-4.276198462467171,-4.311911870684894,-4.449723642114247,-4.248211482326502,-4.339301268801393,-4.316096031901931,-4.3195602435776985,-4.315219059156044,-4.319953622850524,-4.319726096074983,-4.319547563774805
2011-06-03,-4.3642932149197,-4.340587558869289,-4.5290119418039945,-4.279889075372994,-4.367902431012717,-4.336122728565735,-4.569520785934213,-4.275393407204946,-4.465586262531416,-4.340278430572241,-4.36302874147118,-4.355564390355326,-4.363080594881906,-4.362694047694626,-4.363105142700246
2011-06-06,-4.391819315177764,-4.349534105105673,-4.5397895171716645,-4.2704114870308905,-4.390729800692074,-4.364766792028806,-4.586903369956127,-4.2602682113845995,-4.484896167025554,-4.364043596743044,-4.373208055713894,-4.363839141376371,-4.373316338302055,-4.373151855398069,-4.373237562175682
2011-06-07,-4.387627513863752,-4.42501068053253,-4.552995101951034,-4.360540397683548,-4.406965662520491,-4.430023609697266,-4.56490640064737,-4.349040851544697,-4.477854250229326,-4.43445044061413,-4.441083278397062,-4.43421772327084,-4.441393554422804,-4.441373251160698,-4.441078434791694
2011-06-08,-4.395228176779109,-4.2836612782295616,-4.501360403259031,-4.206447162403422,-4.363589546962071,-4.288342333367584,-4.541438694747146,-4.205229012581162,-4.468018762454571,-4.2897312467262845,-4.309916007313129,-4.301864576962933,-4.31016301071593,-4.3108684698643795,-4.310030415303784
2011-06-09,-4.356286351438778,-4.509834459269584,-4.6484905381091,-4.420511282205777,-4.4426941431648475,-4.5156095720520035,-4.657247167424846,-4.400594331738089,-4.482038754178552,-4.514635877487518,-4.523516879315801,-4.521222179951383,-4.52411505861093,-4.522663031835709,-4.523372391584916
2011-06-10,-4.373458446295777,-4.27598883041912,-4.465990525567742,-4.180319328981756,-4.233282951340109,-4.285865063715084,-4.4967250940076875,-4.16628335805898,-4.304263352694303,-4.2859147393883426,-4.29691545734851,-4.290806308116366,-4.29685847706624,-4.296549561491678,-4.296813239247667
2011-06-13,-4.339096248206823,-4.29774573080558,-4.560208786810238,-4.2223020890248995,-4.3541291434996054,-4.307561888163828,-4.612827447062909,-4.225184115075775,-4.451731788341353,-4.308609706045741,-4.330250594932556,-4.3218019729558925,-4.330439861940016,-4.331186348554375,-4.33031888895726
2011-06-14,-4.302304460882983,-4.5063011489817,-4.664980450219368,-4.400262354925109,-4.412874427894823,-4.518356864724072,-4.661458676736607,-4.378079034092645,-4.457556818905472,-4.520670476746551,-4.518332024223484,-4.519448398229349,-4.518997866346933,-4.5169826758628595,-4.518209611523844
2011-06-15,-4.338677324935095,-4.14871773731743,-4.4484147478945415,-4.09016143097325,-4.2124123707062076,-4.144701245081514,-4.538958940167775,-4.104930823608816,-4.3838334302261455,-4.152222140963684,-4.192353820163899,-4.18250377385718,-4.192212923811363,-4.192497457680601,-4.192593572403595
2011-06-16,-4.4078894751474325,-3.983172696212082,-4.314305053298101,-3.9308517410891564,-4.021369653179046,-3.966140562785568,-4.410085633021905,-3.9526394518007866,-4.2259275147234305,-3.980279388253484,-4.0296629656671525,-4.018514660948145,-4.029151118846347,-4.030562565831301,-4.02996025013387
2011-06-17,-4.448237458676863,-4.0868604582235895,-4.31612035309966,-4.04732662787168,-4.197454848099856,-4.100348467228108,-4.401203412693985,-4.057934909654297,-4.326731808009003,-4.100782532931966,-4.123671134942897,-4.109353228619312,-4.123678531607749,-4.125439321242781,-4.123929894795381
2011-06-20,-4.437407110819317,-4.170627702553998,-4.489519871095963,-4.10732582035298,-4.176241945560524,-4.1866433388515425,-4.5802563285061035,-4.115776181918617,-4.348255164680529,-4.187031109857129,-4.216025544110079,-4.205653353853371,-4.21590761266595,-4.2164287107313365,-4.216211883570384
2011-06-21,-4.433806909793436,-4.369196602275462,-4.46662656833507,-4.33249274467229,-4.467456081428834,-4.3859814761038525,-4.513652896201247,-4.334748604238143,-4.525925372882223,-4.377987913410199,-4.386288091120376,-4.379037131298395,-4.385653913329011,-4.386340671403575,-4.386442789523251
2011-06-22,-4.435121773424359,-4.2995797997555805,-4.539432401747655,-4.247731110051834,-4.346262478344917,-4.307113077664169,-4.61543125054272,-4.257095081355684,-4.470388712661352,-4.314481221489873,-4.336302584615229,-4.32222853614142,-4.33617841206653,-4.3372858676997135,-4.336546141967764
2011-06-23,-4.579011267987611,-3.861471503786592,-3.9742378056061303,-3.8557550891061236,-3.9710541252393337,-3.8635541620661615,-4.055777044587637,-3.8731314288250336,-4.076168617134936,-3.8662965980907544,-3.886854362155825,-3.872927668395838,-3.886300190402823,-3.8882158621013785,-3.88713053511757
2011-06-24,-4.55975537580909,-4.052279006846032,-4.353771165753797,-4.02503641045765,-4.187954881738456,-4.050194019145433,-4.481039514360778,-4.041739030402095,-4.3795424055264975,-4.05782996278203,-4.1050417206325625,-4.08850899437313,-4.105071427678438,-4.106470055340611,-4.105441594603937
2011-06-27,-4.56255464033525,-4.131328817462699,-4.378196290643881,-4.089052534346403,-4.2268158534315114,-4.157017049525448,-4.49192559918676,-4.098005430638857,-4.343712368063973,-4.157903753593945,-4.176371121263615,-4.155227691914275,-4.1761764134706825,-4.1775330310301975,-4.176690305274101
2011-06-28,-4.467130945837207,-4.264437698916765,-4.502738347908149,-4.235080640938844,-4.3340203255674155,-4.2689997268551645,-4.578792459264041,-4.237723345715873,-4.441464711708183,-4.274067671573019,-4.304425115241676,-4.291844279047812,-4.304208398684223,-4.304781504768723,-4.3046441678996725
2011-06-29,-4.3577433772656295,-4.231711606341725,-4.386838917887947,-4.203218283213793,-4.193536419835495,-4.2589328930646415,-4.423169529048432,-4.189397145907132,-4.233673415543294,-4.26196412447272,-4.255756521667879,-4.246528739182192,-4.255589735234225,-4.256352980981655,-4.25586508532542
2011-06-30,-4.313789839000342,-4.31184835797248,-4.599617691515133,-4.287684829842125,-4.41969477284199,-4.307422008563568,-4.7074830800748355,-4.304895397796942,-4.564098457924673,-4.31904982251911,-4.358078370335599,-4.344963128676239,-4.357521863508489,-4.358330659341562,-4.358455864492256
2011-07-01,-4.18838161929847,-4.46440801592376,-4.5624428765960054,-4.426834495694991,-4.592046577535159,-4.469812700538403,-4.62885413264698,-4.428997921086381,-4.633239867789872,-4.47338647370726,-4.481571946274015,-4.4734448359020735,-4.481386745652791,-4.481902174744121,-4.481782498966762
2011-07-05,-4.014644532143667,-4.46618981900745,-4.674926608654258,-4.430716888752174,-4.519858835159813,-4.453002223610889,-4.735650478107963,-4.442771421608888,-4.645300133922473,-4.461408740379885,-4.496758842571315,-4.487290876308862,-4.496736613242029,-4.496545906238369,-4.49706569213892
2011-07-06,-3.561934896543654,-4.463159219342322,-4.697525472304076,-4.426462322200092,-4.489099435063445,-4.460809437810654,-4.764506595257101,-4.422703279914901,-4.583839857157016,-4.4648934155730196,-4.497895915371603,-4.489527916245447,-4.497928804080468,-4.4978961882982205,-4.498093726743132
2011-07-07,-3.227532062418227,-4.766681421169528,-4.7197012892428925,-4.727743342097497,-4.731082054176772,-4.763496208940189,-4.702820608669822,-4.697685218958476,-4.693160167141978,-4.761109236132095,-4.757558084707395,-4.76492936272587,-4.757821518544053,-4.756727689656551,-4.757520849296624
2011-07-08,-2.9469682615441664,-4.513862148876128,-4.670240621150627,-4.496692511368932,-4.600355698158012,-4.513590781327216,-4.736867107279,-4.507528024661408,-4.703229206832135,-4.5179504568881885,-4.541509213549135,-4.528707812141294,-4.541133959949439,-4.54211024822376,-4.541773974741756
2011-07-11,-2.8123559930218573,-4.395107842217326,-4.605103044741521,-4.367157180798443,-4.509966601364858,-4.394153895853974,-4.674955419841966,-4.378205596952131,-4.616048948184111,-4.396641952266513,-4.427953091572894,-4.41706146953992,-4.42818092838541,-4.428415214137797,-4.42826278828106
2011-07-12,-2.738389622836171,-4.238496177442208,-4.33356471965265,-4.223215280859695,-4.337542004272993,-4.236427736896281,-4.369285963835157,-4.2117886871695775,-4.358726513769102,-4.231480438283863,-4.253916607879708,-4.249020259931729,-4.254061886660743,-4.2532843863210905,-4.254029380415786
2011-07-13,-2.698357156895426,-4.320273875188973,-4.500362870310544,-4.284442529179791,-4.379772286109997,-4.316100815139285,-4.553641604547857,-4.276894271350575,-4.447765582321844,-4.322548822772995,-4.345851286264737,-4.338536067876418,-4.345550513682897,-4.345691920516949,-4.345920728085385
2011-07-14,-2.7017381967839675,-4.039756225664767,-4.2304863017577565,-4.024081024525211,-4.164957893985965,-4.0561861884433545,-4.321387735547289,-4.031117930899969,-4.2176727196696895,-4.062654314836421,-4.073662381264221,-4.061693326426425,-4.074383418450385,-4.0747817083521785,-4.073894725595479
2011-07-15,-2.682872440019749,-4.067932840421603,-4.315322370199382,-4.055225941552809,-4.159199213729242,-4.066452831956632,-4.419481651391555,-4.078983391062059,-4.291373510550606,-4.080102247052094,-4.110527278636716,-4.09601229922082,-4.110529835997655,-4.111222988783695,-4.110849005441631
2011-07-18,-2.671703012822643,-4.161967715992703,-4.317614840685558,-4.108484735144474,-4.248083570717754,-4.155832377133139,-4.351739951422753,-4.109967885354237,-4.287054826991782,-4.169369832760952,-4.183067136593755,-4.174945769164829,-4.183644781987461,-4.183485487940513,-4.1832722510654765
2011-07-19,-2.6218763037149917,-4.285889939203652,-4.391896795749364,-4.208679886939905,-4.276092142007048,-4.272924352671361,-4.389554454403432,-4.1916078928422404,-4.258019525898682,-4.286602278359339,-4.293053939647166,-4.296378608001508,-4.294042850749933,-4.291554630155462,-4.292988226298915
2011-07-20,-2.5789523352840926,-4.386363362155096,-4.453766996114998,-4.338244823818529,-4.4159357468583265,-4.383434606765078,-4.447581280808466,-4.317358687805499,-4.387926289810781,-4.384496539224795,-4.390536468420839,-4.391747301933786,-4.390701353019192,-4.389490400901235,-4.390442730910558
2011-07-21,-2.5551986941346807,-4.239743294844499,-4.322873916955898,-4.206529585788409,-4.2774281148434765,-4.244590727570435,-4.3515309226536605,-4.1939422529799835,-4.3235284812571,-4.256086195188069,-4.252715163287012,-4.245911564419812,-4.252890478930215,-4.252067782675221,-4.252776445339226
2011-07-22,-2.5258456166567784,-4.505317541424323,-4.6208263974709745,-4.462519092854314,-4.593742873994426,-4.5296936202571505,-4.668162836168066,-4.458391975937617,-4.582883750737454,-4.547446391201468,-4.52465576728416,-4.516093396930735,-4.524793097276337,-4.524936753155629,-4.524865683677516
2011-07-25,-2.5074965117300936,-4.442046770679924,-4.682025692193204,-4.383020715499642,-4.534326320227704,-4.4335150200662605,-4.745800261218688,-4.398001263704363,-4.623493924031544,-4.454008546883059,-4.475691447693953,-4.466831236672711,-4.47550469750585,-4.476180656852091,-4.476024721436991
2011-07-26,-2.473680565132274,-4.510284776561855,-4.604033491289986,-4.461729662540765,-4.570175101760811,-4.518357363146222,-4.618523228698128,-4.455222122186401,-4.600048170080439,-4.529934018519581,-4.521050606414948,-4.519927663418389,-4.52127710767531,-4.521063918968002,-4.521165791541427
2011-07-27,-2.4399348916705286,-4.167194971646113,-4.287726637295616,-4.143694887499348,-4.319313928471203,-4.17805322555664,-4.328296563091022,-4.153030154292528,-4.3701252378993996,-4.186674372939707,-4.186963178703773,-4.177499144929005,-4.187547941650562,-4.187593437407917,-4.187169801117404
2011-07-28,-2.439273847299305,-4.3290313669756095,-4.32626210213469,-4.276512079032718,-4.502819081157329,-4.329447616984507,-4.347570083069798,-4.273573658350864,-4.503476446275211,-4.328227278336928,-4.331458829591727,-4.334052804866683,-4.332033792602394,-4.3313689468213,-4.3315333419212525
2011-07-29,-2.43285230039182,-3.965595266101817,-4.027875193470855,-3.9282510907930495,-4.100943110810544,-3.972322056062889,-4.075579738580321,-3.931670387519824,-4.13991883601668,-3.9790756824038036,-3.9797588793211545,-3.972745324112152,-3.979888322083188,-3.9798000197541015,-3.9799141486378566
2011-08-01,-2.4340230408191075,-3.780063404914869,-3.7997198991250003,-3.7514390357615,-3.917437564480303,-3.7743652106488157,-3.8362522169794877,-3.7578615600238203,-3.955598486755878,-3.788146633254522,-3.7887076413994847,-3.78314478509557,-3.788653492577064,-3.789203131240174,-3.788870094805328
2011-08-02,-2.4170103096490743,-3.8198074745004167,-3.941283072674369,-3.786764412619689,-3.9364237842161423,-3.81826569151299,-4.013747927029955,-3.7952851163418506,-4.037785192114759,-3.82238789488402,-3.843154435965488,-3.8305825050061824,-3.843015419840622,-3.843703367834534,-3.843415712315914
2011-08-03,-2.4273053538357594,-3.566417957557893,-3.5410450952116554,-3.549556686679877,-3.6617693157250706,-3.5703764849627238,-3.548902389771529,-3.54885403280867,-3.701842979365648,-3.570874277419626,-3.566256247801847,-3.5661341823696304,-3.5661817661881305,-3.5665067334108906,-3.566436541065026
2011-08-04,-2.447863774300689,-3.3083475323005187,-3.3930170128892705,-3.3044976309587595,-3.4864384196459457,-3.296519298047823,-3.451186860968637,-3.332269517487515,-3.578378020194215,-3.305526293325197,-3.328292634903921,-3.314570505549946,-3.328152067369439,-3.330076157792285,-3.3287317082250913
2011-08-05,-2.5703297044948368,-2.699314316298551,-2.65645113924904,-2.7232301762330895,-2.954500814240274,-2.7292574859198044,-2.678565353525768,-2.7507104198503147,-3.0088855331010604,-2.7323511355615775,-2.7036287286050142,-2.697878678176111,-2.704104255234061,-2.7058595603655373,-2.7040547693926547
2011-08-08,-2.7013237588895542,-2.468383168345682,-2.5301980284235,-2.4814822434457806,-2.6260621258113543,-2.4793394685452235,-2.5871547625888427,-2.505254341396617,-2.6848517304631305,-2.48400724622998,-2.486421425295968,-2.4741552412847927,-2.4861483756639826,-2.487875152895755,-2.486829018987952
2011-08-09,-2.867390154632693,-2.256594703832868,-2.1518476530204063,-2.317341756631226,-2.4188437000078626,-2.237852385172916,-2.1690342877151054,-2.340895178865794,-2.444051208238763,-2.2227251361777647,-2.252337886217567,-2.250385073289955,-2.25192515776697,-2.2531590789948135,-2.2526753876377854
2011-08-10,-2.964494939796975,-2.2979252329426814,-2.3195361045584337,-2.3409787317839807,-2.480613225941841,-2.2853677357691686,-2.3793079321787403,-2.366013556658235,-2.5442654180322064,-2.2806935595973767,-2.3123796644311416,-2.299667168737442,-2.311966574309105,-2.3138557137014804,-2.312709606092823
2011-08-11,-3.01816339312044,-2.366203556127413,-2.507625722062604,-2.3986618018659662,-2.548379692001338,-2.363319511184734,-2.6009943871272676,-2.434248698075403,-2.6558861198971138,-2.368169300557562,-2.3984398057293546,-2.380685264248817,-2.397835518174164,-2.3999256576764916,-2.398923335719087
2011-08-12,-3.0374514847815104,-2.542416671668604,-2.743285685514652,-2.556797025507895,-2.654163916378034,-2.547608376077921,-2.8551599233402807,-2.581664832552052,-2.796028307153992,-2.5512270168191136,-2.5834121383277298,-2.5638782639021853,-2.5828289764922343,-2.5843563221844628,-2.5839048938848017
2011-08-15,-3.0273287548039454,-2.957262831321992,-3.198243234280499,-2.9847879096242274,-3.052808524231583,-2.9699583469530775,-3.3064144517488234,-3.014889310257082,-3.184579306330446,-2.9885897519321554,-3.004221110759586,-2.984154372621031,-3.0038953107854702,-3.0055216071821302,-3.0047338333153872
2011-08-16,-3.046829087797586,-2.885730960521581,-3.131730661549029,-2.9355333718303585,-3.043368560331696,-2.899640940589885,-3.268404282299955,-2.973346502293437,-3.1959656442672286,-2.9140178188217702,-2.9372685390833166,-2.9141541735857066,-2.936654847304684,-2.9394235297955245,-2.937887079437614
2011-08-17,-3.041868572066984,-3.1298930206029865,-3.4224687154442113,-3.1706149038785627,-3.239271535676173,-3.15878577389441,-3.5711107140304734,-3.2071025248248195,-3.4347942801748097,-3.1684690901157317,-3.188836756271674,-3.164933481929097,-3.188640484466827,-3.191046369994123,-3.1895027614252855
2011-08-18,-3.094506677277128,-2.903259564093409,-2.9832141974197413,-2.976335357971637,-3.0558578961185074,-2.8991856937125156,-3.0708136767172065,-3.0048641528133557,-3.172038012132867,-2.8951926028155928,-2.929657916649792,-2.9112087376600257,-2.9291426147967856,-2.931532117015178,-2.9302401733938
2011-08-19,-3.0941480146648552,-2.912563548530619,-2.9939629021241863,-2.956781061593123,-3.073293921107467,-2.931474183485395,-3.057297492310939,-2.9834364933452875,-3.149831705334152,-2.9391337429164297,-2.934605118218944,-2.9199949751060963,-2.933957176638031,-2.9360086395698533,-2.9350650706516634
2011-08-22,-3.062751951144043,-2.9398110671130424,-3.1551906810900214,-2.980531338103927,-3.0778191583258936,-2.9707878530145595,-3.2522520145640055,-3.0140294172388606,-3.1844633943536267,-2.983765543236601,-2.9840963258055124,-2.965992430340836,-2.9833146377263864,-2.986104974811098,-2.9847172504464963
2011-08-23,-3.0521544366494666,-2.9104056550585757,-3.0763398617364404,-2.9335673413728904,-3.0043116751143115,-2.9060009857241402,-3.153211361204733,-2.953833183400235,-3.060124087445783,-2.918471728457339,-2.9442372153030734,-2.932305691138879,-2.9440776772123867,-2.944626855877429,-2.944657283957138
2011-08-24,-3.040139891771765,-2.966023838472536,-3.098136125111242,-2.9805061325937725,-3.0926408316059897,-3.005892468424898,-3.162941282659039,-2.9952746227191054,-3.1369853864534765,-3.012260917966605,-2.9936216586568043,-2.978047676007884,-2.9933641490618217,-2.9949729088464956,-2.994013016158072
2011-08-25,-3.066602092586717,-2.8584143569971845,-3.0516878362323148,-2.8715019117555682,-2.9358005457479104,-2.859873119409083,-3.130987430626323,-2.8753382281156967,-2.9663942253242226,-2.869375553495971,-2.895912187173042,-2.882524170870309,-2.895516711553185,-2.8965665041671866,-2.8962361603474465
2011-08-26,-3.0964870922202237,-2.7946757865993743,-2.9386352675436496,-2.8395452620766006,-2.9513293363096618,-2.7938790732948537,-3.0295945041848267,-2.863067638319581,-3.0359858766554044,-2.7984935063471355,-2.829481286016112,-2.8103660550722425,-2.828947269935265,-2.8305292457277074,-2.8300325562467434
2011-08-29,-3.0350512997449295,-3.282994624846995,-3.563016295619709,-3.302782101452881,-3.376838295046936,-3.2973663937715747,-3.670688429619028,-3.3163215856904773,-3.4908675567626415,-3.3127018402599684,-3.336214911924284,-3.3229726044457277,-3.3359735669748054,-3.337419861298809,-3.3367594260430047
2011-08-30,-3.0064130601445407,-3.021207708952061,-3.20868639729203,-3.0353740041530375,-3.1717800158654144,-3.058523940331431,-3.2927524969930184,-3.051028180725056,-3.2389126691147982,-3.0721225103109435,-3.061125943194025,-3.0414903550332597,-3.061131432230155,-3.062922312582562,-3.06161787490982
2011-08-31,-2.949659217281673,-3.0733467794073506,-3.2987362143748875,-3.101498854295823,-3.24246120829082,-3.11279969991109,-3.4134335343987203,-3.124707718323931,-3.349068791051001,-3.1220029071434525,-3.122204215424377,-3.1006481810263877,-3.1216396011777983,-3.1243329992698348,-3.12276459392897
2011-09-01,-2.8667555085042182,-2.9738621373127523,-3.191632319932912,-3.0087448392177163,-3.1760397679250234,-2.971398528255467,-3.3040473749213426,-3.02995249617415,-3.2814229258395864,-2.9790115141731737,-3.0208287037544825,-3.000598359836376,-3.0202280821275176,-3.022243494774096,-3.021411980625796
2011-09-02,-2.8430529956119432,-3.2380365499785757,-3.4791775829517113,-3.2672969327353973,-3.4026805950885404,-3.261698180189217,-3.584626352086616,-3.2823433852339323,-3.4852318138372023,-3.278897331280406,-3.2870531659176248,-3.266272488448396,-3.2862446342386504,-3.289164552548109,-3.2876196687180097
2011-09-06,-2.8313319016558562,-3.162223535870172,-3.2932200918262238,-3.1943262429825405,-3.295955321867612,-3.1819733535629955,-3.3708117315909343,-3.2148286132089696,-3.3484815484544215,-3.1860218795482917,-3.1933280500966235,-3.1754958234082182,-3.1932236665659297,-3.194871828263406,-3.1938308677360183
2011-09-07,-2.804876445930871,-3.390268264286279,-3.601972899544312,-3.3890948046909135,-3.4897155884627122,-3.4141869377745575,-3.6791575912470345,-3.3928347334514344,-3.5441129035709023,-3.4230501076098983,-3.4294921600408608,-3.4176521462207354,-3.429239095645117,-3.4302058059491833,-3.4298726136407938
2011-09-08,-2.8213038140224715,-3.1765028484695472,-3.3479112309407975,-3.1798667162338536,-3.3204246640605946,-3.1870745489993006,-3.416733197712699,-3.1925177556781437,-3.3816534989865183,-3.1955675870550895,-3.2089998590411266,-3.199321009276198,-3.20866983926469,-3.210070970677446,-3.2093452665490374
2011-09-09,-2.849406356081918,-3.109814714836081,-3.2275817679563032,-3.1147688107538283,-3.2368827902908888,-3.136335466720907,-3.2870292069324054,-3.1223967317560666,-3.264420553750158,-3.1406864034040325,-3.135212563902971,-3.123512498691946,-3.134939503336909,-3.136154663460928,-3.135512042964408
2011-09-12,-2.880946131567349,-3.084488131816962,-3.2294488965851156,-3.0872408504528575,-3.19750370167779,-3.1128687320213393,-3.3049082076629896,-3.0966261100861083,-3.262028905429846,-3.115395923848228,-3.116026644288977,-3.103673453628723,-3.1154697199021126,-3.1174701630711192,-3.116433305845546
2011-09-13,-2.9048801087412106,-3.073297992950422,-3.347866428826137,-3.065112228778953,-3.1776739865812234,-3.098538485095183,-3.445514318606511,-3.074620516500252,-3.2794938270943,-3.1055364446872122,-3.1228433698485194,-3.109227181018663,-3.1223968804973663,-3.1239274515083366,-3.1232344087961
2011-09-14,-2.931086136570942,-3.085349484930359,-3.22827876301336,-3.0848392047030964,-3.256546230504151,-3.0936375741222597,-3.3093409485610517,-3.0946696001692224,-3.3136019211931975,-3.0960853575964777,-3.1167657267704425,-3.102814592180912,-3.116396151672285,-3.117467796190759,-3.1171945139252055
2011-09-15,-2.9366133654443956,-3.2204766826023263,-3.4565532373605072,-3.223445544247095,-3.3459734394635765,-3.2571408851251373,-3.5624473905048895,-3.2307804918454233,-3.4573012371310434,-3.2634418370262805,-3.26737034964234,-3.252475696190948,-3.2671790242898844,-3.268573418171382,-3.2678153199855737
2011-09-16,-2.9088917720870295,-3.3174943113370685,-3.5186741456713673,-3.3091303630852993,-3.3985703566930856,-3.3240656751294027,-3.588172233505856,-3.312203811771348,-3.443203441561912,-3.328264513452654,-3.35316484025296,-3.342140825145772,-3.353362432089174,-3.3535445597357607,-3.3534476525975285
2011-09-19,-2.9091634560516337,-3.284354352970595,-3.52261861867073,-3.2897081878331225,-3.4107165092576768,-3.3341633029356976,-3.615953737146612,-3.305626885079527,-3.5053631022696847,-3.3434738577606593,-3.331025337560584,-3.3133006699797427,-3.3304103753706253,-3.3326878670405873,-3.331568611191708
2011-09-20,-2.8962821119297204,-3.352388743890609,-3.5590851436078506,-3.3630559847208876,-3.4551024426512433,-3.3867540418587794,-3.6478010256811353,-3.3797459108366366,-3.550456254025887,-3.3950504882163957,-3.3943162177468267,-3.3766608810354173,-3.3938804196328736,-3.395853643129624,-3.394811843398409
2011-09-21,-2.943604248277886,-3.1077610918167267,-3.2688903653340673,-3.120507432289669,-3.2151606688970085,-3.125728649973524,-3.3308810991038356,-3.131580062096944,-3.269649711490606,-3.13039925360296,-3.138988022779107,-3.1286809615575857,-3.1390008619558696,-3.139823823728211,-3.139317842907273
2011-09-22,-3.008371872917113,-2.9921304160248265,-2.8701826372520842,-3.0177285919906334,-3.127567906204951,-3.021047929547133,-2.880921315234194,-3.0309404723796582,-3.1296866495778954,-3.017050553020432,-2.979779669125756,-2.9833596898952024,-2.97971541932995,-2.9807481754866743,-2.980040878639036
2011-09-23,-3.0413450771911523,-2.994351650673745,-3.059908775211292,-3.005338128083317,-3.157414717324022,-3.0273321240433297,-3.108710690333072,-3.0192513003066064,-3.1966936480169683,-3.028793945448475,-3.01071179416303,-2.9998619809646714,-3.0104496447619047,-3.011865412069199,-3.011148041586304
2011-09-26,-3.0518433544821892,-3.023708357106682,-3.0403975045724385,-3.0309610890201757,-3.1716547349040596,-3.081204041866757,-3.0695423173144927,-3.042361496304822,-3.192060897209397,-3.079365353326906,-3.031560519403143,-3.023618116150216,-3.031609307712469,-3.032933658723418,-3.0319918495990907
2011-09-27,-3.067010818319539,-3.078513693488224,-3.2243065153486765,-3.0884914855110224,-3.19146273912138,-3.123720106723438,-3.2867990895527703,-3.0991782661693286,-3.223549476945278,-3.118058793118559,-3.1068317329810595,-3.0947485039158664,-3.1067041532786472,-3.1080999972819803,-3.1072281878905663
2011-09-28,-3.1056338748236407,-3.0436304467795936,-3.1501571432891944,-3.04612188132346,-3.1889448806340774,-3.0811596586633723,-3.2015231021053134,-3.055186038838354,-3.2192156928956885,-3.0754707903804097,-3.066627888951007,-3.052859156102208,-3.0663733835505766,-3.0683364318220567,-3.0670085453793376
2011-09-29,-3.16336994029021,-2.968342498914111,-3.0181309611045624,-2.9780671721662495,-3.10072906036325,-3.0246417526362843,-3.0643669438272516,-2.9869511425192408,-3.1243712194061195,-3.01291570711656,-2.983701338938619,-2.973448073553508,-2.983657308700776,-2.985393797767008,-2.984056808940224
2011-09-30,-3.143152651881747,-2.96657179458215,-3.0938865286304074,-3.00260760577643,-3.148185518700195,-2.991941076747928,-3.1792364996913802,-3.0201394036424847,-3.231670011004317,-2.9858847803715025,-2.998543229105196,-2.9778130304185373,-2.998245471065306,-3.000595473948695,-2.9991591130448625
2011-10-03,-3.2078339012531307,-2.8422826397184147,-2.8492582770428725,-2.8542141275263777,-2.9493775806541125,-2.8755182759517086,-2.89152482402981,-2.861163843839542,-2.9648679196259353,-2.862252135475277,-2.851323310784885,-2.843114760464795,-2.851189160117953,-2.852477955062172,-2.851652813741447
2011-10-04,-3.354586762555156,-2.628537311990756,-2.5893400389585683,-2.6412180114724917,-2.756559330426293,-2.6618804863397307,-2.6120906557914,-2.647244470650106,-2.7649418746575156,-2.649667560559266,-2.6281562351135404,-2.6256062656756187,-2.627996890558425,-2.629453604443902,-2.6284508417295758
2011-10-05,-3.402296915286304,-2.850784990309671,-2.803304188344479,-2.8585083312676813,-2.9367425260160878,-2.884013697409935,-2.8129919447688927,-2.8613494194243736,-2.9191162708510845,-2.873238772268125,-2.846460388192375,-2.848107851368921,-2.84645227093785,-2.8476520874132403,-2.846684727835011
2011-10-06,-3.4350220032654786,-2.9100975593592957,-3.0206888428894745,-2.890576603787255,-2.979452739410091,-2.9633498772739957,-3.0650913975958454,-2.8876392431610087,-2.9927838512021894,-2.948208973210559,-2.9336856597284284,-2.923663816508535,-2.933745707722892,-2.9349656284425554,-2.933856190508724
2011-10-07,-3.4677036664914525,-2.9056491629429364,-2.9783976683690403,-2.8926491865003623,-3.0128369925159526,-2.945059392721102,-3.0143277263028034,-2.8961082652627357,-3.0145229715365924,-2.931476460974695,-2.921477848348877,-2.9113563124674604,-2.9211650364114643,-2.9225422997221084,-2.921684575037877
2011-10-10,-3.44492696986883,-3.162420439238943,-3.390239374347371,-3.1568818001040118,-3.235355097680333,-3.196262166998832,-3.4553614857103923,-3.1580421281815343,-3.2910852801261323,-3.188182650071239,-3.2040686133929155,-3.1919789853919154,-3.203595725757344,-3.20504672218861,-3.204414699056837
2011-10-11,-3.4365211862644327,-3.258728795679729,-3.438717297528832,-3.246320140444265,-3.314636794785988,-3.296994019513972,-3.496094206026052,-3.2463786531358365,-3.3314456490517275,-3.2885157310543014,-3.291379633261768,-3.279509673156497,-3.2912608324448835,-3.292181216723776,-3.291611367599734
2011-10-12,-3.4521730361363714,-3.3700245627468077,-3.4055707589359856,-3.3670217300013987,-3.4235579832718224,-3.4005549712274,-3.43162642698154,-3.3664810576174116,-3.4100204160580336,-3.393166446055391,-3.37827690943187,-3.373327406685239,-3.378237900395335,-3.3786855934887807,-3.378400456807295
2011-10-13,-3.4672175618443486,-3.3488721009639084,-3.414099903887381,-3.33499316485972,-3.42376355305508,-3.3852469393160836,-3.4318175365133037,-3.3356980871151816,-3.4220366383950482,-3.3811523656316846,-3.3608860558328577,-3.3557840518026514,-3.361029987366379,-3.3615830989759465,-3.3610773610780327
2011-10-14,-3.4485023963901513,-3.556709440666856,-3.6284296948142516,-3.537874512034116,-3.6034550746292657,-3.597588105497152,-3.631471827078703,-3.5379596733341923,-3.5938955840153666,-3.5897256111492326,-3.5660853197942224,-3.5603535787056524,-3.5661656214572237,-3.566161348747622,-3.5661695158097535
2011-10-17,-3.4395229158448073,-3.503714654764944,-3.572099471573266,-3.4990557583342436,-3.5875598294636997,-3.5317733088920806,-3.6043239363127304,-3.501683992133371,-3.579677733544286,-3.5243861015767997,-3.5178642218554,-3.510963764267969,-3.518171168715514,-3.5184174167953355,-3.5180449859354512
2011-10-18,-3.4504025908489777,-3.219116971892092,-3.263774527030691,-3.208633426550859,-3.334115538618427,-3.266279890847733,-3.2911649101909393,-3.2102399041269223,-3.319451049209649,-3.260541114609248,-3.2281348423544425,-3.2241392384437826,-3.2281941388337554,-3.2291533236191103,-3.228414602871914
2011-10-19,-3.4604339130317854,-3.3226926599086117,-3.4018067048542027,-3.2995902374925397,-3.3902459181532247,-3.363694313756515,-3.4206020386367166,-3.294131317738064,-3.355663339159728,-3.3609466567581157,-3.3343677195136565,-3.330277050262086,-3.3346118664437943,-3.334340527678992,-3.3344933675174335
2011-10-20,-3.490347319684573,-3.204206422692909,-3.2937048606640866,-3.1973871004311762,-3.30342216094621,-3.2608572313355215,-3.315053241095198,-3.1996556958985694,-3.295224983876075,-3.255336321456175,-3.219485142266031,-3.2127628438603804,-3.219614106513893,-3.2208122497686027,-3.2197797915578503
2011-10-21,-3.480611990909516,-3.4039622460015533,-3.5537725626091947,-3.389078204382502,-3.508146914037368,-3.4520962016847787,-3.6139917832368664,-3.3883957645696086,-3.5192160194971733,-3.4456680460838403,-3.433055758386772,-3.4213107910527123,-3.432960051144696,-3.43377134026958,-3.4333465247000783
2011-10-24,-3.455150903963223,-3.5277046914474,-3.5838057561945242,-3.508688993264284,-3.5428976588632497,-3.5698288203851707,-3.603538154620147,-3.501251212576822,-3.5179654248436703,-3.5576569043893227,-3.538744706020763,-3.5351682831074296,-3.53878009601975,-3.538461981586002,-3.538874645615535
2011-10-25,-3.462366128691934,-3.3823400233132244,-3.5139008697383254,-3.388203917860536,-3.541413215815207,-3.4175730506025044,-3.5492954034674216,-3.3933123666730163,-3.574766064091643,-3.418131605554904,-3.405869166913658,-3.4007377018575653,-3.405962481725393,-3.407200564522105,-3.4063084956413903
2011-10-26,-3.4953122415121145,-3.3031607448395883,-3.337068506052309,-3.308720490535782,-3.457357556798696,-3.3578962346354086,-3.366594228043193,-3.3133461712013235,-3.463361785870982,-3.3475944575429994,-3.312862224735008,-3.3073642967008823,-3.3130769453644766,-3.313679053552658,-3.3132006039373545
2011-10-27,-3.494029778365513,-3.46687662558532,-3.374746448255034,-3.4684986422636466,-3.5892373054948523,-3.491614534280909,-3.385603635867079,-3.4635341095097925,-3.528923228095925,-3.479789314977701,-3.4571339535644814,-3.465339708039965,-3.4573139694717927,-3.4568260779690005,-3.457279051096319
2011-10-28,-3.4972417484592233,-3.5960762582243757,-3.5544776678171757,-3.581800173101377,-3.6627305044495264,-3.6403426683888034,-3.5677833880225984,-3.5795517492125972,-3.6165666822359293,-3.6295149650287635,-3.5918991234419546,-3.598619153414689,-3.592607223903304,-3.5917844291730927,-3.5921206990839023
2011-10-31,-3.5040239813083374,-3.5432965818617164,-3.587243266512894,-3.5438220016987416,-3.6472280228409253,-3.5766207182500978,-3.6135175151049546,-3.5407460637844808,-3.6266968124009407,-3.5732544551380325,-3.553911642277233,-3.552204921962539,-3.554403063048686,-3.5544184717138143,-3.554127657805461
2011-11-01,-3.617293618805531,-3.081488618905627,-3.178888809773338,-3.075194047199626,-3.193705906404029,-3.1125421975650323,-3.2241897724813575,-3.076240475165316,-3.204052592554748,-3.1089084214916527,-3.1005343534736056,-3.0922015448061035,-3.100749791506513,-3.1012538396285567,-3.1008475739492516
2011-11-02,-3.6521964952137522,-3.30011838329282,-3.486651794301048,-3.2924778230513834,-3.381088048684904,-3.322564716582319,-3.5470333566987593,-3.2913701617513325,-3.4081973058520565,-3.323665710779198,-3.335672091547649,-3.327276488713736,-3.336084389139752,-3.3359274753636368,-3.335929127686878
2011-11-03,-3.6878462965172143,-3.343057733691493,-3.3527984890688947,-3.320831913209423,-3.409205697174332,-3.3787244903085387,-3.3731239291787,-3.3229279268520537,-3.4001192822048067,-3.3700059075336624,-3.346059323881293,-3.344770741914057,-3.346073739209768,-3.3458286241529214,-3.3461972448286255
2011-11-04,-3.689026408992888,-3.4600185774148904,-3.6275295397084744,-3.4502450889654894,-3.59267958154319,-3.5118565909250807,-3.6787077453921797,-3.4498371031561565,-3.6347472202808304,-3.506364736393643,-3.4917064473815924,-3.482456990830199,-3.4917417019965646,-3.4930984434234276,-3.4920608807916866
2011-11-07,-3.657754670590901,-3.432108084133068,-3.628038806944781,-3.4170454785132702,-3.5752062014652366,-3.47155866951677,-3.6852863710764834,-3.4148900793828703,-3.602706358396726,-3.4704032982546993,-3.468953216091255,-3.459207580668457,-3.4689273705602965,-3.4703281551585548,-3.4693112159550443
2011-11-08,-3.67566372049378,-3.5135054802822574,-3.6905812012604846,-3.504896352527709,-3.6202999202789488,-3.549837884841023,-3.763969755555884,-3.499280493876265,-3.659463225134364,-3.542740206908295,-3.5504728620537955,-3.540549619560089,-3.5502289787137844,-3.551478759707312,-3.5507706533938075
2011-11-09,-3.7176497884454136,-3.441164207172375,-3.6378254099541762,-3.4450135317741237,-3.582457033073872,-3.4778323367734094,-3.6974494896883106,-3.4419779802257375,-3.6354598447485307,-3.473574140542856,-3.478131576052503,-3.4670552649051505,-3.4782182095667484,-3.4792451836954292,-3.478594421739737
2011-11-10,-3.729463653601775,-3.458021335325712,-3.55073127547444,-3.450971373172072,-3.53126969424256,-3.5134016208888177,-3.5839154829896795,-3.4501533306321326,-3.545435223008018,-3.5044120538251695,-3.4754619795117896,-3.466076072618603,-3.4755374500638725,-3.4765151778552683,-3.4757000767587654
2011-11-11,-3.690333400889488,-3.717499679186502,-4.010130496801098,-3.7065086286721316,-3.756711849157955,-3.7695918015027083,-4.083123107292909,-3.7003401982689836,-3.822502611742269,-3.763466341939758,-3.7717958443661206,-3.7626179046973744,-3.7716751850511856,-3.772833065550078,-3.772118737944088
2011-11-14,-3.6939993810320817,-3.6207503297507606,-3.943596709569859,-3.6180735729545637,-3.7123954693737216,-3.656138722515363,-4.011842875889244,-3.614355987739726,-3.791933626455173,-3.652201678295737,-3.677706185650652,-3.663747931127057,-3.6772672145019354,-3.679135758479601,-3.678105997558421
2011-11-15,-3.7235098935117876,-3.515271206770098,-3.822764050896094,-3.50710487805309,-3.604256194144507,-3.575983523471265,-3.8856636408641503,-3.5021139955678393,-3.6635729671226303,-3.563388013005084,-3.568515834960949,-3.554582046359562,-3.5686005980403133,-3.5699320805647696,-3.568866090870777
2011-11-16,-3.7473536691351157,-3.5519411096449165,-3.785382858990494,-3.554443823279325,-3.7098358202033217,-3.610167060677122,-3.8456007189521193,-3.5505213239346727,-3.7702825266149924,-3.5972194540127553,-3.5968281920121057,-3.58336629671507,-3.5981224237257514,-3.599238477470604,-3.5973583015310346
2011-11-17,-3.8241684525076094,-3.39671271721804,-3.5774480196571794,-3.4014084003178313,-3.550022239685358,-3.4447543882329277,-3.626752262749027,-3.3986079111862244,-3.603835011002108,-3.4325843508880354,-3.431202629608899,-3.416947483470983,-3.4312857444050158,-3.432961157242703,-3.4316554491976348
2011-11-18,-3.8482266937500196,-3.512626276232905,-3.8001215344159287,-3.508804755576858,-3.6676682264766236,-3.567379528309981,-3.876159948193334,-3.50555557692671,-3.738606452651668,-3.5530208851485723,-3.5667691586847123,-3.5539091742898004,-3.5665436472514034,-3.5684763360414653,-3.567215645873916
2011-11-21,-3.889590800746913,-3.493799717112529,-3.6887988609256936,-3.491593667498425,-3.622751125532741,-3.5400333065636893,-3.725823406508363,-3.490565213577366,-3.663379076386135,-3.52744606617875,-3.5281690350729047,-3.516581049441456,-3.52847743337453,-3.5297342241808716,-3.5286419274725196
2011-11-22,-3.9417756142348304,-3.501784270496428,-3.6519074331050807,-3.5018444169420637,-3.6561225907968087,-3.5403602687362175,-3.6929548270049373,-3.499242947408537,-3.684087092908376,-3.5333452272676107,-3.531735363219727,-3.520440329582271,-3.5316513479902465,-3.5330998699863105,-3.5321712142129957
2011-11-23,-4.0054907499797885,-3.460118203310298,-3.6854804205243736,-3.4616808539846584,-3.5902272966915314,-3.497273063601479,-3.726351391803832,-3.4596829928183315,-3.639152127425086,-3.4887403487086726,-3.5002732178415283,-3.491057792219511,-3.5002857452128526,-3.501216802247682,-3.5006957539823587
2011-11-25,-4.054838904277334,-3.534941137927837,-3.5931768583241657,-3.540762069855155,-3.6375788809046123,-3.6026476676774584,-3.616433341937168,-3.54042035373313,-3.6483703638434775,-3.5860081275864877,-3.547547661755851,-3.5449480737903416,-3.548460865967666,-3.54846508372158,-3.547800084875715
2011-11-28,-4.093911803080406,-3.624038850949337,-3.849748044549853,-3.617339125393701,-3.7246938526947497,-3.649467701957642,-3.9020629382146295,-3.6155786051597874,-3.7705622494223556,-3.64376791418053,-3.666143021260082,-3.657988000825963,-3.666064717016978,-3.6662199052731252,-3.6664720003176696
2011-11-29,-4.160149693441814,-3.562533303747273,-3.8769367711457274,-3.554117269337243,-3.636956694378168,-3.618444975659572,-3.943368385870949,-3.5494947225022764,-3.703311745730331,-3.6079253619683516,-3.620587425924344,-3.605788734873876,-3.620240034908236,-3.621530464452167,-3.62097450231263
2011-11-30,-4.1783024111455305,-3.746501918875439,-3.8176130261709633,-3.7382448576137874,-3.834994371525088,-3.7922147320689574,-3.8530587043655316,-3.7348587111993328,-3.835672662671834,-3.786532263654491,-3.7627625578067927,-3.755263039315049,-3.762945004681412,-3.763751190628952,-3.762996663490261
2011-12-01,-4.202748817237883,-3.766853879136269,-3.9094023917108114,-3.7566289948376137,-3.8192359872998076,-3.8146962097153914,-3.9464744795044346,-3.7563955488135674,-3.8358907523248083,-3.808437055218557,-3.794191601217271,-3.7851066602116497,-3.79408174073391,-3.7952641988100115,-3.7944331996627882
2011-12-02,-4.225381852583002,-3.74788247094026,-3.917100109565738,-3.7320269408996016,-3.8297013848747232,-3.7814605939547223,-3.9722364108626573,-3.734084287027167,-3.8090381539912874,-3.7806442798035396,-3.782526814938126,-3.7754078791678296,-3.782707218079077,-3.7819659610879675,-3.782723713476462
2011-12-05,-4.258395860200673,-3.789705069827437,-4.009656353178438,-3.7780501435079406,-3.8746151002287843,-3.8300642061876333,-4.062694718464007,-3.7794221825388874,-3.8991447038245863,-3.8288676748635817,-3.831427073698306,-3.821678355712359,-3.831798748891084,-3.8313122371804615,-3.831776686993409
2011-12-06,-4.291334613580943,-3.892572922887997,-4.103465020098384,-3.8776282321804705,-3.9817409117465092,-3.93820348121418,-4.15513598969489,-3.8801735958641106,-4.018530732066186,-3.931534345181774,-3.93292247682689,-3.9225501538077134,-3.9332795106508938,-3.9336768432074214,-3.9332428920736837
2011-12-07,-4.341536190250047,-3.793058156601249,-4.0341331063057355,-3.7798511254763456,-3.8673333853261496,-3.8412127641255553,-4.087511491311555,-3.7832320024879857,-3.910485205478421,-3.834751475315633,-3.83766558965684,-3.826416451000594,-3.837813668410399,-3.8378560611569092,-3.8379247429481227
2011-12-08,-4.475245942455173,-3.5435632792781475,-3.8220030331449446,-3.5348487919342335,-3.652489319295444,-3.5921582234957645,-3.890955472192641,-3.53625825920514,-3.7052861945930284,-3.5915447707808683,-3.596932436217685,-3.581201869910801,-3.596549159628172,-3.5978978089905014,-3.597359483047234
2011-12-09,-4.512457029757005,-3.741817236041165,-3.9871720786426725,-3.733699382606255,-3.8710431631284976,-3.781247951945879,-4.059107810775322,-3.7355799964247955,-3.9317847900964518,-3.7786190012191336,-3.790154555177789,-3.779906699764992,-3.790101609728706,-3.790726566350358,-3.7905147076924597
2011-12-12,-4.536802143096012,-3.8000486596156655,-4.007222603835304,-3.7916926830149267,-3.9044063598749257,-3.833555933421448,-4.047039963754238,-3.794342844861089,-3.9350852013753035,-3.837711720438971,-3.838912229482046,-3.83293101469924,-3.841252886613985,-3.8391151681567344,-3.8392360597744823
2011-12-13,-4.6302087021036815,-3.6189619231288326,-3.715432738909118,-3.60641481455544,-3.6960667617279186,-3.6542841147195104,-3.7585497440688744,-3.6130130295289917,-3.7134143639462986,-3.6600324440058776,-3.6389815284056657,-3.6350338247610834,-3.638937899174557,-3.640016742501197,-3.6391279091330575
2011-12-14,-4.764914608078834,-3.5442173769746392,-3.799650423657114,-3.5399493709395426,-3.697940963759471,-3.595514082880389,-3.8667297709913893,-3.5416126522842015,-3.768990232999307,-3.600662768065388,-3.594835029057416,-3.578512038939332,-3.5946503038887263,-3.59713863246036,-3.595323439927446
2011-12-15,-4.83493456046881,-3.747647606351992,-3.989832880400239,-3.7408872973804654,-3.8719721016897704,-3.7771174827100635,-4.0506224294430195,-3.744898693253079,-3.920952024461005,-3.7821160678804002,-3.7955394027490543,-3.783631418494021,-3.795432100017902,-3.7965513921426157,-3.7958627975907775
2011-12-16,-4.9027170054115174,-3.8126514337479103,-3.8863804856126087,-3.8109189048977354,-3.9877546912456223,-3.8566821995833545,-3.9344443431119567,-3.8124527813754576,-4.000190363648229,-3.8562916678256105,-3.831757217021828,-3.823038815065576,-3.831832892372084,-3.832312757906381,-3.832244249966196
2011-12-19,-4.9581348877803535,-3.795132384978189,-3.8813818139469625,-3.7866867967477913,-3.908015688439902,-3.829353198667401,-3.9285148973688013,-3.793496353122415,-3.926221758013916,-3.8338681905934586,-3.814554990893339,-3.8032158516720287,-3.814286294541384,-3.814465416970239,-3.814831102945707
2011-12-20,-4.990344186627726,-3.957636799570648,-4.03080275995214,-3.950054460605972,-4.061492078802012,-3.9927676628981583,-4.092449861034376,-3.956812319792775,-4.074927441474218,-3.9936640046400202,-3.9762108754724905,-3.9689129778269967,-3.976068593005267,-3.97589922883585,-3.976434454818737
2011-12-21,-5.019638998647204,-3.9630850242004128,-4.01293277524058,-3.962764145436163,-4.095926687751632,-4.032161971323032,-4.068154807188725,-3.963090815730981,-4.123873028221677,-4.045119892570038,-3.980182388827157,-3.969287114655393,-3.9804235513626174,-3.98168894109417,-3.9805794580487657
2011-12-22,-5.008234229982825,-4.1475447382178565,-4.242002189469668,-4.139737225643826,-4.206698236022645,-4.197427658361598,-4.29789140065239,-4.147790195781106,-4.217476789827514,-4.199741492602272,-4.171856646026046,-4.158575131999598,-4.172321485122009,-4.171634268931829,-4.1719879574379135
2011-12-23,-4.983067415278769,-4.3836367055300665,-4.530837247960673,-4.373972814663862,-4.448188160327797,-4.423567528222284,-4.559507352966807,-4.385099779570348,-4.485308564975057,-4.441705416083901,-4.411289687861997,-4.400849988123687,-4.411152268384797,-4.41105829398028,-4.41161634142232
2011-12-27,-4.96258555044582,-4.443579188187634,-4.5478742881152305,-4.436912554480504,-4.4849205943708235,-4.497064193829697,-4.585683970583681,-4.4451243048846,-4.507236159746924,-4.501057725610239,-4.464373395953826,-4.458065620137988,-4.464364496848762,-4.464501121988068,-4.464536097818191
2011-12-28,-4.937488881960936,-4.339919504002896,-4.487329417439238,-4.328964142819557,-4.4455901338013035,-4.403330591927757,-4.5461283153921475,-4.34258491084434,-4.470412859348945,-4.422257597074134,-4.371692392139007,-4.357813589482306,-4.371562944976115,-4.372746472542514,-4.371944689741039
2011-12-29,-4.937884041564149,-4.518999687799571,-4.680041021197815,-4.508253364200904,-4.567990911039028,-4.576960533368208,-4.732277166672917,-4.521692118934583,-4.591685419407067,-4.600328819369816,-4.552218697817998,-4.541418376978019,-4.552134312920348,-4.552061501130076,-4.552444042017599
2011-12-30,-4.927684442795009,-4.725874200488749,-4.820377642241783,-4.715758172061307,-4.792277174348515,-4.7631063348148714,-4.856173560901334,-4.728839910820147,-4.804267657195656,-4.769781535791773,-4.745526211054854,-4.735724779937818,-4.7453168191338815,-4.745655048324187,-4.74577681584566
2012-01-03,-4.95519153120917,-4.480423865925459,-4.271735190140199,-4.477894399601998,-4.552302740817332,-4.4929682292061415,-4.275062392672315,-4.480487335580422,-4.489017476283529,-4.4819995765634255,-4.445714513868995,-4.458740705743706,-4.446396095320788,-4.445170027100062,-4.445789624861526
2012-01-04,-4.981579502051883,-4.468603495675016,-4.421229813976789,-4.4601492884261065,-4.513292937976673,-4.511315176013672,-4.446705268488702,-4.472532122337059,-4.505073319493577,-4.516839596160482,-4.4645617403688895,-4.465160797624776,-4.464502992695484,-4.465295470108796,-4.464632223200867
2012-01-05,-5.035481328017055,-4.2880642416124966,-4.298747934388379,-4.27828498916451,-4.269087669336543,-4.337763211133478,-4.322969897211623,-4.294719211592295,-4.2637582139076375,-4.350515428242669,-4.294143295409582,-4.29192631213237,-4.293857466059736,-4.293969754971292,-4.294220221128329
2012-01-06,-5.052830456760938,-4.404005438537218,-4.413904632357832,-4.397757629940704,-4.419664226781396,-4.443650137337372,-4.439037029446224,-4.412716196978345,-4.409461785529527,-4.449279915329523,-4.410494107772284,-4.4070316039559625,-4.411369704549307,-4.410111784838875,-4.410643742176809
2012-01-09,-5.024689978828921,-4.53228602897476,-4.444884493485369,-4.526894984252075,-4.539403621002272,-4.597935420583164,-4.468637949994482,-4.539338815755075,-4.508764015822597,-4.607019717817315,-4.522811092882829,-4.5258640385791065,-4.523171873437463,-4.522968644616466,-4.522929994969955
2012-01-10,-5.02267536732634,-4.5098528082463405,-4.449962513317253,-4.505967014952998,-4.560405178902904,-4.56691992046186,-4.479310032827999,-4.517214223366857,-4.543989673510173,-4.579166537196914,-4.503899472756964,-4.50657314989958,-4.504482857409355,-4.504115485580459,-4.504090919224073
2012-01-11,-5.035850228406527,-4.552088852836787,-4.460809533996664,-4.545626273387888,-4.594882067324147,-4.612168135836767,-4.496095400213522,-4.56821919647693,-4.567717115457524,-4.626375406919226,-4.542332002355416,-4.548104503846072,-4.542596792994453,-4.542681510198282,-4.542552845599513
2012-01-12,-5.0378234092452425,-4.483079677273638,-4.481490333377727,-4.478053481573962,-4.523167603600616,-4.563599348999425,-4.519494571352368,-4.503733012716272,-4.502812455142736,-4.580292139827766,-4.488759834700049,-4.486188299084801,-4.488840133554231,-4.4891847601575225,-4.48886913174166
2012-01-13,-5.0188867915591935,-4.461663831715293,-4.4552730800630505,-4.457695707848405,-4.497177562639036,-4.513762397141257,-4.493993222660078,-4.483229234857479,-4.501476913161529,-4.526337932139691,-4.464517074507891,-4.462129408965795,-4.464483292512676,-4.464328726010306,-4.464532088033245
2012-01-17,-5.01907740983684,-4.493503564206764,-4.453020043760963,-4.489917355454781,-4.501289384385449,-4.514600820329579,-4.474892668931594,-4.516238842960545,-4.494782150740636,-4.5125457865144885,-4.489344332066364,-4.493719910962088,-4.48943777882109,-4.488088532089247,-4.489370477819849
2012-01-18,-5.043827365765849,-4.547764533814114,-4.310911571937291,-4.544992201086436,-4.560228213733663,-4.6023430316820235,-4.32631618702996,-4.568376905604451,-4.512031737789709,-4.610509248406605,-4.510328923542241,-4.5222526795735165,-4.511054474800717,-4.51046529249794,-4.510377749541922
2012-01-19,-5.031003083251556,-4.610551542635876,-4.352349802678345,-4.6087484320560135,-4.588079010952842,-4.690682275025528,-4.371945467363076,-4.632963647006125,-4.527942150547532,-4.696458071827842,-4.571002755609294,-4.585545320841472,-4.571590467336424,-4.570805384475991,-4.571006234047634
2012-01-20,-5.016306054818376,-4.814605635605684,-4.392628897807885,-4.813565872005998,-4.818532513392552,-4.8660890311148375,-4.394847287040968,-4.830199782383515,-4.731422765425213,-4.851762274742758,-4.744485711785437,-4.761099090001048,-4.745210486705476,-4.745055727187307,-4.74438224094359
2012-01-23,-5.030628115885488,-4.64244868419991,-4.45114689671407,-4.642289238646697,-4.687841263368835,-4.6867085363400856,-4.481720831590198,-4.667804498371589,-4.6647683630441215,-4.687472326718683,-4.61493739572947,-4.620901820147602,-4.614910825906984,-4.615054383106203,-4.614987118784079
2012-01-24,-5.050478284910756,-4.715411095447102,-4.580399462029775,-4.7163052377272905,-4.784638265603982,-4.77806610680396,-4.614056200896295,-4.7404104149048605,-4.754049384526865,-4.776009425283459,-4.698902818860896,-4.709722582637919,-4.699301186775867,-4.699329588609313,-4.6991177178868995
2012-01-25,-5.077954570237763,-4.535324863623834,-4.355246111008405,-4.536507494587659,-4.657132208531084,-4.550980656014674,-4.372599660490005,-4.5506588238165335,-4.633975868173688,-4.5392475015515155,-4.505403601944729,-4.5221786845068,-4.506298222728711,-4.5057414241823235,-4.505652852855599
2012-01-26,-5.098529982360846,-4.492853691513614,-4.23870942519326,-4.496162211201706,-4.561940277888215,-4.5449919461669435,-4.264116031861193,-4.530907339939027,-4.518055747356722,-4.547688817224836,-4.452854760950334,-4.472039929958258,-4.453825391762508,-4.453136333752759,-4.452919789784268
2012-01-27,-5.073812076039919,-4.502816157886086,-4.42135421368933,-4.506480504558558,-4.546392420649294,-4.545339077971957,-4.466016131170589,-4.539728628295536,-4.524166602811071,-4.545805743576977,-4.495698319368242,-4.50281743892656,-4.49694319782699,-4.493793422322388,-4.495848353940259
2012-01-30,-5.065608328183444,-4.49730430722071,-4.450257726706072,-4.500326277473492,-4.56437079030255,-4.524570062672596,-4.491034838665807,-4.519768252892487,-4.557715395015783,-4.527800237510803,-4.49580376433966,-4.493565225667964,-4.496258858135754,-4.495632900749825,-4.495969822405893
2012-01-31,-5.115120838374512,-4.342571177244391,-4.325545934936934,-4.345703644289742,-4.441650245318099,-4.408103883918181,-4.377856881801825,-4.374286036374148,-4.444400849919105,-4.429424256313576,-4.346432755049362,-4.345855512517829,-4.347049499443043,-4.347184649888175,-4.3467000903686195
2012-02-01,-5.107303652128246,-4.560350554618661,-4.359407280178213,-4.565164413851176,-4.6156775859385055,-4.586062538890592,-4.378993954253217,-4.590724002804116,-4.576421384144817,-4.588259540904835,-4.529468282412584,-4.548809569080661,-4.530057654684446,-4.528054128711113,-4.52942712993814
2012-02-02,-5.096519969832603,-4.637556184197097,-4.443754364154421,-4.642089969251183,-4.674175327262038,-4.660940095910235,-4.457084501902662,-4.656424735201247,-4.660875474992932,-4.662481075985378,-4.607236138813897,-4.625828299933509,-4.6083646429317975,-4.607404616438174,-4.607385120745755
2012-02-03,-5.075098411328276,-4.776172808805057,-4.493036324311973,-4.781195029405762,-4.769233042047365,-4.811917531277457,-4.525155534156318,-4.795415899742243,-4.705099177868313,-4.802299260463065,-4.73605671898883,-4.751160504438017,-4.736683685776802,-4.735088966628488,-4.7360667726480505
2012-02-06,-5.070202072036805,-4.8391992622972655,-4.644569117877396,-4.843831922290758,-4.8540422930621006,-4.86963839372219,-4.661279761056739,-4.864425870695733,-4.810713984241127,-4.86378034210792,-4.811913047249225,-4.820864151424503,-4.812822575805455,-4.812212754278676,-4.811969571180235
2012-02-07,-5.079435459150739,-4.8336115252894825,-4.687642657351957,-4.836098711191443,-4.913390948069714,-4.897085389123498,-4.705424628928024,-4.838622581295349,-4.872926929003652,-4.898055234099653,-4.812956737052845,-4.827372244807178,-4.813971516762153,-4.814173448265725,-4.813182477063708
2012-02-08,-5.083255145055963,-4.840002106043332,-4.663167295575428,-4.842994392102079,-4.842872942333939,-4.894626659491992,-4.686775543730801,-4.863067800556326,-4.793431440558373,-4.88497123941917,-4.816252500716412,-4.827729816170031,-4.817027117537261,-4.816012272885512,-4.8162999832827795
2012-02-09,-5.078805625679134,-4.670297940979619,-4.653102583522973,-4.673350929284319,-4.670369827447557,-4.7223431257011805,-4.707607117892976,-4.704832081998656,-4.6685579214789525,-4.743315145253601,-4.67612049684861,-4.673144408614869,-4.67720507037241,-4.675542080569123,-4.676148009764094
2012-02-10,-5.082289265182838,-4.731264150874111,-4.707348651080154,-4.733617396533951,-4.809967109619144,-4.752380639390172,-4.74864587846034,-4.755185396971027,-4.797361478883046,-4.7519035964617755,-4.734465050244781,-4.733534688227347,-4.734841432061097,-4.734456524754988,-4.734568848989098
2012-02-13,-5.066211275932017,-4.850653615391875,-4.71570745637955,-4.8523169842286125,-4.921082468560397,-4.882068065091697,-4.755196432459612,-4.867969526612682,-4.889012536046522,-4.873697360960837,-4.834872944989434,-4.841398173909678,-4.834970898181595,-4.834447113192162,-4.834960302695581
2012-02-14,-5.10752250376563,-4.599352509628945,-4.642745175007065,-4.600942493336451,-4.6467443130327695,-4.628258899847588,-4.681269461034828,-4.630286040598167,-4.6659598551183255,-4.633173264388802,-4.613513942244805,-4.609461462774943,-4.614235980234687,-4.612175681906599,-4.61358995900435
2012-02-15,-5.166022009095879,-4.453154218524464,-4.4660418965921895,-4.45398187179244,-4.55339511396656,-4.487125940755921,-4.5235458284421,-4.4692685680675295,-4.557820157124144,-4.485474478467348,-4.46441675150043,-4.461383397320734,-4.464742632675695,-4.463320211337686,-4.464563840063942
2012-02-16,-5.182601156766818,-4.574620593540751,-4.563610984133669,-4.575201669657166,-4.623131538999929,-4.591050460153781,-4.619846178778002,-4.593850864660563,-4.602439379446067,-4.595573201766117,-4.582596430101341,-4.582591196682883,-4.582321641452606,-4.580638860971381,-4.582658264130769
2012-02-17,-5.160320867801168,-4.854069125794681,-4.648551403439186,-4.854114899707289,-4.939439844477077,-4.862388097096544,-4.653650543533152,-4.859765496931606,-4.890394929027993,-4.85318489925147,-4.8218821257912845,-4.836905756868403,-4.822046336536507,-4.821303609248084,-4.822017484613886
2012-02-21,-5.162702033511851,-4.597412312967895,-4.567546095787509,-4.596736478853897,-4.634033157483856,-4.639341789539267,-4.609584167331641,-4.610219293545151,-4.583418692805532,-4.633470043206278,-4.601593790963562,-4.5988099097792094,-4.601592612776615,-4.60174129921503,-4.601656697052158
2012-02-22,-5.162853339399397,-4.709067805563383,-4.56504278462857,-4.7083816931022096,-4.740934040521403,-4.745817915528611,-4.573192653370976,-4.711515583297398,-4.67759772975592,-4.732036271323556,-4.690385602082289,-4.702883294756684,-4.690728704964365,-4.691174533498444,-4.690521490937651
2012-02-23,-5.184310116849961,-4.801875314148276,-4.606968155449782,-4.800503208891729,-4.809969796774208,-4.819557185838837,-4.598773734422991,-4.807700626784712,-4.726919285578484,-4.805917221562734,-4.770452275659229,-4.784862864155897,-4.771091464414087,-4.769966341661139,-4.770495698197498
2012-02-24,-5.183043813996371,-4.99971673946012,-4.739715684819167,-4.9971271192805675,-5.037773087945739,-5.020550929853562,-4.734685912696489,-5.0063764070958054,-4.945013942266985,-4.99708178135785,-4.959584352312479,-4.9741390975200295,-4.960294623255242,-4.959313257686619,-4.959584235265828
2012-02-27,-5.161272260403585,-4.760646266916633,-4.654536311757315,-4.758026172157279,-4.848013633498852,-4.765367734001655,-4.692605297266633,-4.766790966394874,-4.790572479203201,-4.755943787847006,-4.750794352293163,-4.757278850163522,-4.750941545655376,-4.74988638736839,-4.750883556288627
2012-02-28,-5.152482993655066,-4.737729731436138,-4.720349811779259,-4.735462415986466,-4.754845256363574,-4.771963482827107,-4.764976610609938,-4.746731518002519,-4.72578098799744,-4.781775766480421,-4.74302963673972,-4.739159382000329,-4.743043662459578,-4.742612651781301,-4.7430672506318965
2012-02-29,-5.201880319361627,-4.554445998419586,-4.543491540670277,-4.552399502477676,-4.616095871326755,-4.587904889695094,-4.59508069367183,-4.565142419236136,-4.588434209508901,-4.597271012047567,-4.561880600204325,-4.556434178129566,-4.561942208702323,-4.562281551375529,-4.562047587615787
2012-03-01,-5.230988049044975,-4.568640461721884,-4.537501754116272,-4.56820153603301,-4.646919652120167,-4.588181710665458,-4.577437253961261,-4.577373495878457,-4.605351501574208,-4.59423569135008,-4.570952733456132,-4.569127995064822,-4.570670958052473,-4.57097602899101,-4.571145051736929
2012-03-02,-5.197422213295884,-4.676904461287648,-4.557876943387426,-4.677150158240823,-4.720013351688746,-4.710773354412514,-4.587609026526731,-4.698570670635864,-4.668360406618566,-4.71890882470992,-4.66453932526394,-4.671194443984895,-4.665519733777027,-4.664979474819288,-4.664627034041334
2012-03-05,-5.199887332149198,-4.620991915563518,-4.601118662010736,-4.622880721814691,-4.673059978576086,-4.6779907367939115,-4.642457618218647,-4.641258355334666,-4.664262305113289,-4.693279024109196,-4.625649532138329,-4.62298280515742,-4.625388400470979,-4.6261676938906735,-4.625825858600223
2012-03-06,-5.2068603695658675,-4.639511773832079,-4.6031108958583,-4.642129207391362,-4.709042274088845,-4.692044482289387,-4.631469235442854,-4.657086562062118,-4.696533622004142,-4.700081794016981,-4.64020180587053,-4.639712802988414,-4.640581828559494,-4.641360851754981,-4.640413149996699
2012-03-07,-5.221069432180099,-4.687687170743434,-4.7396712198495905,-4.6889981145326605,-4.7921920339818715,-4.72863631637345,-4.770720472960627,-4.694649771720471,-4.807135602166727,-4.730799712852809,-4.7019231329417455,-4.696678898736314,-4.7025489559316265,-4.702787312892885,-4.702251703713967
2012-03-08,-5.125202433752517,-4.857709163242215,-4.746636694299051,-4.861603402843986,-4.904861927049078,-4.9005369752552435,-4.770924017690655,-4.874873490846177,-4.861462791973083,-4.890069204061828,-4.845926052144425,-4.850622569249804,-4.845928224529421,-4.845753935776008,-4.8460100186435895
2012-03-09,-5.116831697540069,-4.883131566635272,-4.751514492616546,-4.890420540067522,-4.9355887415612205,-4.931803785606684,-4.79880401137358,-4.916723398571267,-4.894037599626589,-4.932710669078177,-4.869835204066652,-4.877468985749337,-4.869723735623886,-4.869713408984163,-4.869807345637909
2012-03-12,-5.118316469544015,-4.863737240786257,-4.826624336718214,-4.8702386255700025,-4.952376405762968,-4.909594050679618,-4.879382189714448,-4.8909647249499955,-4.942246726808839,-4.911973914172262,-4.86676332642245,-4.8656218595861125,-4.866729195983181,-4.866907859759499,-4.8668786372907125
2012-03-13,-5.119633913575083,-4.667762267186546,-4.7793542920761,-4.674092191275761,-4.705709756952705,-4.697733450261939,-4.846097394987713,-4.705328752778805,-4.721477819572819,-4.712308641851,-4.69655678442676,-4.684281119915802,-4.69664428458473,-4.696017050265562,-4.696537731842133
2012-03-14,-5.066576059102253,-4.8086232532895705,-4.718366222581143,-4.822446165574422,-4.746738313565238,-4.839532334568776,-4.742578206740628,-4.862232779291238,-4.71729354003791,-4.836643756274703,-4.798278546076463,-4.807878494272717,-4.798727870312368,-4.7964341234308066,-4.7980231195054515
2012-03-15,-5.08050926363939,-4.761745803790125,-4.643273723598615,-4.772558303392682,-4.756735540157971,-4.798144020974843,-4.64912395570254,-4.796270209310312,-4.719239179281181,-4.793138737832302,-4.744497710580992,-4.757579758876661,-4.744658588145787,-4.744817807715194,-4.744416646997067
2012-03-16,-5.056010770161323,-4.936889384646264,-4.729162640651617,-4.947120724897745,-4.910271147024265,-4.960103340258926,-4.727695020914937,-4.9518988549649965,-4.849419411590656,-4.942472043550106,-4.904450009031607,-4.917083835099589,-4.904836821165176,-4.903808833609544,-4.904303409237283
2012-03-19,-4.957435998933471,-4.853748478775459,-4.6880609577410475,-4.867799590251716,-4.796209930563847,-4.906666428381933,-4.7010913388321445,-4.877629670137373,-4.764965340475345,-4.901142378217051,-4.832010188720504,-4.841238009402408,-4.832161341485959,-4.831108610555587,-4.83194036753919
2012-03-20,-4.950883044248712,-4.857967103166301,-4.829951685896278,-4.876457505358187,-4.810603647032517,-4.904539984407258,-4.861323378996088,-4.916619229213508,-4.804118886618352,-4.923284781048953,-4.857830518382662,-4.860058201592247,-4.858209251292405,-4.857085026429251,-4.857709188176855
2012-03-21,-4.941482204353335,-4.843940207329514,-4.824625137713234,-4.861396436478268,-4.865024470766051,-4.89356524419388,-4.870329764115438,-4.895878799660269,-4.850865169407429,-4.912759796750058,-4.849313744774898,-4.8440793114834175,-4.849385190840298,-4.849488454742047,-4.849303831076008
2012-03-22,-4.9301492861684695,-4.7867816440670135,-4.834073300027856,-4.800966166661272,-4.820805297316063,-4.823547172534153,-4.898273853298869,-4.837369042018166,-4.841761250843431,-4.841270606263193,-4.804736568081057,-4.793249227535094,-4.804551629569441,-4.805355604999989,-4.804762847828886
2012-03-23,-4.920060546165996,-4.821916023437544,-4.843283570897323,-4.839897508728472,-4.795876538093737,-4.904533918099692,-4.920563223719731,-4.8893390037125135,-4.798000459898913,-4.932439155170702,-4.83925782901167,-4.827729842904027,-4.839036314242224,-4.839788092272383,-4.839204134736969
2012-03-26,-4.906878638673394,-5.048279086831271,-4.842971200110581,-5.062689213671492,-5.036992281097124,-5.074460149647577,-4.837601736615028,-5.064923489210507,-4.957150268303482,-5.070871155627647,-5.017032807147576,-5.029865364021405,-5.017122606158065,-5.016746845261509,-5.016944111815966
2012-03-27,-4.899203651676118,-5.006902903601072,-4.947491627511729,-5.022263480090499,-5.044503876813465,-5.046387184367428,-4.978615712984269,-5.044308187615619,-5.004720816883218,-5.053172149635581,-5.00618846821204,-5.00565328569204,-5.006176490793631,-5.006366722963001,-5.006248957096469
2012-03-28,-4.929792817922078,-4.689301743186825,-4.727662342921506,-4.708287177042675,-4.757684581017916,-4.751202613927138,-4.788444008613682,-4.74485042823441,-4.757378236914227,-4.798703119523133,-4.705628064225863,-4.693954265452994,-4.705627694074139,-4.706851386041102,-4.705752935292232
2012-03-29,-4.929992602587138,-4.689842395036098,-4.666750232282425,-4.703649485028106,-4.7814786305341554,-4.719083776205269,-4.701155191668016,-4.7212446448770296,-4.783597647477319,-4.727851532502667,-4.692287470787209,-4.691087668225826,-4.692634969727504,-4.693259927891072,-4.692429790670066
2012-03-30,-4.9194493587470705,-4.815494697839384,-4.786590096549661,-4.833868229691112,-4.834951863835737,-4.851530352058263,-4.817221150799483,-4.858866197736156,-4.833403749036083,-4.863779856053275,-4.817326650781028,-4.814993547361228,-4.81720899820048,-4.81712900403463,-4.817439738323126
2012-04-02,-4.9003479238636025,-4.7643158115170126,-4.740626620250436,-4.7776573582715445,-4.844913141059816,-4.818319872745107,-4.776157468864696,-4.791271943870875,-4.841308819962696,-4.842641061905185,-4.767604393092476,-4.764097553718145,-4.767428897334153,-4.768344702890527,-4.76776349241364
2012-04-03,-4.905274881758412,-4.561997970306574,-4.595034889559417,-4.580025593112394,-4.627610572945579,-4.580131657079854,-4.645308959864484,-4.618258354960323,-4.650040703078377,-4.602150724450928,-4.5737566337688,-4.564748380642341,-4.573711812223787,-4.573707148381399,-4.573836615727619
2012-04-04,-4.883804672580603,-4.682277426401478,-4.695147120516498,-4.699433896817183,-4.673414556472824,-4.736929244454756,-4.715969285019904,-4.722718000102365,-4.694290855848414,-4.777889274330224,-4.688689715824814,-4.686009518252592,-4.689234474833452,-4.689835886976224,-4.688765910926323
2012-04-05,-4.826888200735528,-4.748662318253211,-4.79769460917295,-4.7725325948978865,-4.717872675569134,-4.800821392460852,-4.856022091619736,-4.817998685150835,-4.743632695266392,-4.838708232797003,-4.768314295770893,-4.757286115930257,-4.76801718997423,-4.7692534861293945,-4.768374871341884
2012-04-09,-4.73858160789889,-4.79680727185121,-4.835271284990828,-4.816496328587399,-4.839326504634344,-4.87416544835698,-4.902009855745311,-4.853917323088204,-4.857039366826968,-4.926157777952822,-4.814004760076793,-4.800720939840293,-4.814013928469908,-4.815637753649781,-4.814195421475079
2012-04-10,-4.758470584062729,-4.392406124457339,-4.500057835928605,-4.413574709688439,-4.446782280389906,-4.486306688563061,-4.583247521460601,-4.460806007584107,-4.493890934726255,-4.538450175904284,-4.423899241430557,-4.4093019689580135,-4.423612726080881,-4.425516730235925,-4.424145935440286
2012-04-11,-4.741923776461855,-4.693656847687455,-4.626539630941896,-4.710880803571322,-4.7602075796766075,-4.803917670787168,-4.681653091689689,-4.732541916535326,-4.7369693180316,-4.824242671715779,-4.69432649033332,-4.693275923300883,-4.694459945627747,-4.695282036491221,-4.694434918590712
2012-04-12,-4.708989274819427,-4.733515856724595,-4.652691520658181,-4.764808732380978,-4.829437791239524,-4.820343747827465,-4.685246245903227,-4.800933501302458,-4.785228005173523,-4.877957512743215,-4.728447562066599,-4.733345522676613,-4.72908684007171,-4.730331429931842,-4.728512019048778
2012-04-13,-4.691866307218889,-4.545693531460083,-4.63865859388842,-4.5776007991434735,-4.5546815883424125,-4.626881291413238,-4.6923295931426185,-4.631854370607519,-4.578862827655328,-4.679102366868811,-4.570736208196282,-4.556101816585069,-4.570866719803681,-4.570907640020327,-4.570827967673152
2012-04-16,-4.649257134435313,-4.39369681013601,-4.458408388333986,-4.430458556586182,-4.399247344272091,-4.503374830935194,-4.521005424188143,-4.486682369779107,-4.43071289031208,-4.564885364072523,-4.417717083587734,-4.405535247929119,-4.417925663800562,-4.418153979648045,-4.417792733942247
2012-04-17,-4.563026717204936,-4.770741710575533,-4.692866301044339,-4.800090551021267,-4.847625930877168,-4.825430175572541,-4.716735570167253,-4.833389574314373,-4.826432776014217,-4.846358324162522,-4.764689526353547,-4.770064241436533,-4.765046905597563,-4.76406016310916,-4.764782405993167
2012-04-18,-4.510353663803015,-4.634025691409112,-4.675150725763907,-4.660810647339281,-4.693341105565619,-4.706228904056076,-4.709718481514332,-4.701353431380349,-4.710054457597135,-4.743268446454096,-4.647050568338846,-4.641440388876724,-4.647702812545895,-4.647485006817005,-4.647192391843831
2012-04-19,-4.544272686031352,-4.2514642964579314,-4.284380308088122,-4.27143338570555,-4.293061004350323,-4.349819486411033,-4.332074712435032,-4.294548801888331,-4.295969979097129,-4.393303522437252,-4.267074961632891,-4.259622463488377,-4.267032612592449,-4.2672837929372625,-4.267266870581067
2012-04-20,-4.49200679170432,-4.507484989792551,-4.571717527161336,-4.5220363166955,-4.55926805591665,-4.579153596890507,-4.6059092458472914,-4.554292132855919,-4.57463273439373,-4.601790470132835,-4.523024572182454,-4.518723872789724,-4.523233395171234,-4.5231375694309515,-4.523212408775114
2012-04-23,-4.430000287850825,-4.5296098846535005,-4.584190393607208,-4.5543158090885605,-4.564157549207305,-4.6353005058516485,-4.631820611145146,-4.579953922179625,-4.571840850261971,-4.687892516580154,-4.547065290080802,-4.535167743372096,-4.547616304440443,-4.548442174388676,-4.547234790506884
2012-04-24,-4.383775388661209,-4.44866174913305,-4.512446584310381,-4.463461791223228,-4.506626363219105,-4.540856268300138,-4.568496700849695,-4.505456955012991,-4.521905306972851,-4.5627829181753485,-4.469675612700274,-4.46013360338346,-4.470100936436595,-4.470072139710421,-4.4699629359781365
2012-04-25,-4.37596234417292,-4.4978063838403735,-4.498000942911072,-4.530608548627722,-4.603666265135322,-4.571594124012282,-4.5606540924165495,-4.5787239075857045,-4.602634889890637,-4.592785671342595,-4.507933620976672,-4.501473121075643,-4.50826804769546,-4.508577497214427,-4.508179757085955
2012-04-26,-4.349916486717334,-4.719702940774192,-4.52774526739475,-4.744049980916929,-4.762535595157087,-4.792621319733858,-4.543247423461499,-4.738747632344707,-4.695381141448223,-4.790816259888268,-4.696149201911435,-4.713509698334546,-4.696705608380244,-4.697408907024396,-4.696221775158159
2012-04-27,-4.329495239745909,-4.743019485174534,-4.62608860554019,-4.772212934593219,-4.787230473780615,-4.810439802140729,-4.648054289933626,-4.77485654664352,-4.741457673076713,-4.83204838723303,-4.731528110776651,-4.740286495012235,-4.732089150643202,-4.732211977755343,-4.731539974346588
2012-04-30,-4.268399861574269,-4.783805338738161,-4.75031544691005,-4.815146372348186,-4.852704902261422,-4.842229240717391,-4.7993825163482455,-4.830132726375235,-4.83025270746509,-4.879985634278926,-4.790232303039581,-4.785896055977734,-4.79010409279458,-4.791376435753112,-4.790377313733405
2012-05-01,-4.2478925590833745,-4.636827942139643,-4.544716810964657,-4.651088599602873,-4.696375171093861,-4.680619248919823,-4.58348643233629,-4.659809816886236,-4.669561869713608,-4.700810959881074,-4.631218364848458,-4.634372153532622,-4.63144207500671,-4.632310653463489,-4.631341150310165
2012-05-02,-4.200986972627742,-4.679636119333825,-4.643340715671274,-4.698864015898238,-4.684813936014425,-4.732238767955842,-4.65481238971784,-4.71792109337792,-4.670885049680648,-4.7557634907334165,-4.679290443995912,-4.681643292794224,-4.679835730226832,-4.680237425168544,-4.679345501689765
2012-05-03,-4.189952011204923,-4.573454041958214,-4.51472809544262,-4.5979097788935155,-4.651536872374456,-4.618375856248403,-4.551119614244482,-4.612096982461737,-4.64248917144206,-4.6417787306005875,-4.573179913906273,-4.572853528062577,-4.573157708536586,-4.573916601506362,-4.573442410052154
2012-05-04,-4.189112359094529,-4.527731123363343,-4.507282640099193,-4.539136866733695,-4.617949845519468,-4.582175274611736,-4.534742869269047,-4.5492283426484725,-4.6074028827125915,-4.595446547738707,-4.530040604937663,-4.530551369210272,-4.530494813437561,-4.531626379234619,-4.530260718659663
2012-05-07,-4.172755322838447,-4.440902647934062,-4.492669435728159,-4.463840449866557,-4.4936450956163,-4.516131440738252,-4.554676383295883,-4.492560148457726,-4.523094016492182,-4.559762948394877,-4.461736908357617,-4.4487845900108605,-4.462871733616557,-4.46341732377441,-4.462027080116182
2012-05-08,-4.189378920082702,-4.278967792737448,-4.27047086206404,-4.289067933110863,-4.335991866473008,-4.382505408024235,-4.331747976336757,-4.3003763610829795,-4.330794772921951,-4.427822563807636,-4.291189145806015,-4.2816515120808365,-4.29106323325518,-4.293720329772066,-4.291446480248067
2012-05-09,-4.204057688624755,-4.102452278723576,-4.135905458707835,-4.116020510096268,-4.207330162598606,-4.158378466656561,-4.184427469952802,-4.140767078284007,-4.230151735343663,-4.186411865736771,-4.1171020621679615,-4.106314127546748,-4.116928193105876,-4.119479982146874,-4.117429152635371
2012-05-10,-4.18886877843252,-4.20893767903435,-4.33733316526933,-4.221619884815274,-4.313114342224645,-4.280674349937818,-4.410074278460331,-4.275110529040228,-4.354975268240047,-4.318947184169976,-4.242410868184991,-4.227885036404324,-4.242411421513416,-4.243903985490826,-4.2427746497971
2012-05-11,-4.1630410465341035,-4.298991199291581,-4.299075083868883,-4.327110366791782,-4.3177347411249825,-4.3868489186455415,-4.34505681938357,-4.3611150746729646,-4.332643871543501,-4.437213268424737,-4.306138501212222,-4.300394999271671,-4.305916771371271,-4.307286537369922,-4.306175825747167
2012-05-14,-4.132496749840019,-4.219023259762216,-4.378842379001981,-4.228276770796894,-4.30949198637557,-4.2684463874967395,-4.448242874561753,-4.26599363338878,-4.373214594666676,-4.300155826926874,-4.2563328150301,-4.241970687366227,-4.256023536472466,-4.257040795427664,-4.2566863546528895
2012-05-15,-4.152060751854013,-4.203436091996476,-4.250997001453219,-4.217373322628347,-4.2902424800463805,-4.261057521340232,-4.300246019260503,-4.245855001933506,-4.3090892382945665,-4.286591901533036,-4.221695740570458,-4.211485172213125,-4.221978308501631,-4.223040430663012,-4.221967243363768
2012-05-16,-4.175772673128935,-4.06962576311657,-4.2947454773540334,-4.097204854789897,-4.159822143115905,-4.143948296315834,-4.405897543672708,-4.19159285369488,-4.241277921011824,-4.195886185184797,-4.1242492170733644,-4.107831948227982,-4.123855219197609,-4.126519681432947,-4.124580995213648
2012-05-17,-4.225348836050113,-3.985288550973677,-4.099069974200075,-4.021451884962083,-4.025385256130237,-4.060849778934568,-4.183588354218887,-4.080837443136435,-4.06052543201197,-4.102990089969538,-4.020020487486979,-4.001874803343137,-4.0197689990572805,-4.022299249418092,-4.020200726997118
2012-05-18,-4.219089343796279,-3.97321287981421,-4.006876056656569,-3.983438358693183,-4.026108877609896,-4.035280169808494,-4.050983962017976,-4.010263693983165,-4.0382005290181375,-4.048972790444565,-3.989292605371092,-3.979022603070217,-3.989236402552194,-3.99095490754436,-3.9895659531509615
2012-05-21,-4.20461247035391,-4.1029155479442005,-4.077294076973937,-4.132636436784754,-4.1450420191521,-4.185523630121376,-4.132239090472779,-4.16302560816468,-4.137198536155628,-4.221684691670932,-4.111247688821024,-4.104044378131029,-4.111572576550575,-4.113044078017593,-4.111346296768879
2012-05-22,-4.239955324060128,-3.9418176770519753,-4.062142499836072,-3.96651171260932,-4.0161892926980824,-4.031985548861823,-4.141038367807983,-4.032005048755404,-4.04790743705139,-4.076336861407127,-3.975502935755695,-3.956447883407038,-3.9753763208820754,-3.977858081625656,-3.9757130860554284
2012-05-23,-4.2823406094686955,-3.885568313839847,-4.03213369740758,-3.902004288172221,-4.018681885172005,-3.9499683178980574,-4.12385833400013,-3.964411034350001,-4.063207010445305,-3.986237282931852,-3.924776507272966,-3.904506197588308,-3.9246388816173488,-3.9270263670608845,-3.9251060007264487
2012-05-24,-4.297331883449322,-3.905157634499836,-4.052671160053692,-3.9286988399903278,-4.051181413170085,-3.950725507897942,-4.149839794811496,-3.989284980133968,-4.098545960181094,-3.973459860129566,-3.9445918429368088,-3.926791036302779,-3.944431395244999,-3.94595443281258,-3.944890987095648
2012-05-25,-4.300308189422685,-4.13834275913591,-4.359016085362358,-4.151110108276459,-4.24830578140572,-4.170110185984015,-4.452580155346831,-4.222865751502387,-4.313853442209334,-4.192905702175719,-4.188607020631251,-4.171462709106098,-4.188359923713876,-4.189595819468731,-4.188901256164704
2012-05-29,-4.284700296890168,-4.067369803695835,-4.31065424439504,-4.076567775414727,-4.1796435241918495,-4.123097667511986,-4.393333582135659,-4.141712748181707,-4.254896396929796,-4.165732341831603,-4.120290289044232,-4.105978144854913,-4.120680669042186,-4.122322165582323,-4.120704303831101
2012-05-30,-4.298995224958941,-4.1339287875580215,-4.239938392598372,-4.147888421321052,-4.245912823562215,-4.19128693544733,-4.316419045518864,-4.1882149267972455,-4.281029327834901,-4.220943347324377,-4.16577450915078,-4.150090711498646,-4.165871785499891,-4.16746062501859,-4.166095456480859
2012-05-31,-4.339129603750191,-3.946087080473557,-4.10728810912004,-3.9621987408032835,-4.069139872987738,-3.9841821416385974,-4.180821632715914,-4.019069003999434,-4.132415138253529,-4.005598262634625,-3.984860023882725,-3.969671459619227,-3.984824467092814,-3.986425301374087,-3.9851386211492006
2012-06-01,-4.369550849781597,-4.071111290521098,-4.128964391235165,-4.081206109812387,-4.1508487257686015,-4.095152614194066,-4.160159315017847,-4.094949917172833,-4.1725743524486125,-4.0950267973000445,-4.086283643340481,-4.078173620457442,-4.086499979748696,-4.087155497450771,-4.086483422611273
2012-06-04,-4.429173682472789,-3.9127657747542712,-4.177355853861092,-3.931611488726548,-4.002097274835355,-3.9728770123738872,-4.273946415699237,-4.007999417613278,-4.079460085314553,-4.002114527348496,-3.9742649390586826,-3.95676796503409,-3.974166228630784,-3.975837713850449,-3.974645660827579
2012-06-05,-4.445340225510388,-4.041784418975587,-4.12840754580238,-4.0567501849165835,-4.142839306241016,-4.103416085366796,-4.1783676931312215,-4.0954732533312495,-4.168497867806606,-4.1331370471424975,-4.065945328815552,-4.054194510025127,-4.066472869960091,-4.067587424847771,-4.0662038980620885
2012-06-06,-4.4532022968561025,-4.120539283848283,-4.259419342757264,-4.139628299749899,-4.24733007492303,-4.169259065609653,-4.31886920600517,-4.1940184074366185,-4.304949620499234,-4.193754771702106,-4.152817899314171,-4.139193774758246,-4.153194861383391,-4.154408060381069,-4.153186678282099
2012-06-07,-4.459272021644636,-4.025180559925888,-4.157000222275623,-4.069464084925158,-4.110401995154831,-4.089700158814802,-4.252976571340495,-4.149663668614596,-4.151809577270696,-4.116393832975974,-4.064053645298055,-4.041196825814175,-4.0639044676758855,-4.064952830247855,-4.064199619071456
2012-06-08,-4.448482703961578,-4.159691406476291,-4.360177120983919,-4.190229980389113,-4.257088251716514,-4.209641970544153,-4.446166881322787,-4.264449357426102,-4.327080349048128,-4.233066354740616,-4.207386115183251,-4.190899677555054,-4.207914576997197,-4.209470688764799,-4.2076844304986105
2012-06-11,-4.463747320725969,-4.078382469954831,-4.219193522338453,-4.101332435856979,-4.146772414202233,-4.124700234822339,-4.283837151365102,-4.161310232798264,-4.202470308841089,-4.149423226302205,-4.113889754702689,-4.101588885730255,-4.113698273092081,-4.115041877874488,-4.114153539004148
2012-06-12,-4.497438201713228,-4.033038032076207,-4.150481342058633,-4.054069482615936,-4.111712894249844,-4.086080304669053,-4.224980487507797,-4.104700329524718,-4.158196722070966,-4.107032276092807,-4.065517538936919,-4.0520548566573,-4.065455801162567,-4.066775012374136,-4.06573436714571
2012-06-13,-4.539931251279081,-3.992996770169409,-4.193252650165908,-4.010738531927091,-4.118632354496617,-4.03675560474531,-4.287447200382346,-4.078922893592312,-4.1791033013551235,-4.056462259158146,-4.042848375796402,-4.027835434049852,-4.042686874624698,-4.044151176259826,-4.043238478826002
2012-06-14,-4.566666433491249,-3.904673414787655,-4.1041700399402,-3.916579433777883,-4.027207457160911,-3.9429876532253583,-4.1729761119047035,-3.9827352759362653,-4.109769304380934,-3.9622741409277165,-3.948498137770042,-3.936309162073567,-3.9481493869384994,-3.950186082436119,-3.9488852133087136
2012-06-15,-4.564294940319621,-4.237653843630087,-4.3228624917817156,-4.260036027747163,-4.318788761244737,-4.2676485306890575,-4.3849593193313305,-4.314488934688153,-4.348562162501434,-4.2786098615734796,-4.262288539248069,-4.251275671832304,-4.262223472443257,-4.2628036530821,-4.262455973634525
2012-06-18,-4.589558275167806,-4.056743004277787,-4.284819057668589,-4.05590988195884,-4.16191798063115,-4.098575307555779,-4.355331923158565,-4.109606594671471,-4.229968408138626,-4.126486094585557,-4.106215368410413,-4.090239457728045,-4.106020260760769,-4.107478978546964,-4.106565928076337
2012-06-19,-4.583426668353139,-4.283722866447303,-4.358121946132477,-4.300347382697847,-4.398050099843806,-4.322303600471098,-4.409674187105946,-4.317377493981356,-4.447451528512966,-4.33295084977837,-4.306525984665197,-4.296961403654111,-4.306722591228855,-4.307488216353487,-4.306908898722603
2012-06-20,-4.631893109547019,-3.993629943194076,-4.216670981966568,-4.009486652460471,-4.146155812871129,-4.017955171619018,-4.307579656243975,-4.0824378123091005,-4.246564701331534,-4.035163934324209,-4.044430759916119,-4.028535415528975,-4.044143117836963,-4.04591413992618,-4.044877262160059
2012-06-21,-4.6082768928298385,-4.089253942895734,-4.21113466558651,-4.097399993167456,-4.245499111117447,-4.118891266670806,-4.285369699782072,-4.153995245083213,-4.312249331258459,-4.133464705902126,-4.123011705840849,-4.1087253932809205,-4.122921667219451,-4.124677702006764,-4.123421132458244
2012-06-22,-4.598251659121437,-4.2466546698307726,-4.333909769827655,-4.259915313545692,-4.418450670025517,-4.276846673854197,-4.4066702277359076,-4.2925403985448956,-4.453794353717741,-4.29290770645406,-4.273278421101981,-4.264566916384156,-4.27314925241676,-4.276119222199324,-4.273606951564858
2012-06-25,-4.5898516555881095,-4.220375611056313,-4.367459872838407,-4.223941655114012,-4.382602068869925,-4.261266375041201,-4.4446130877828205,-4.272363091435417,-4.449098253643953,-4.2860582809446095,-4.258040037830857,-4.239339299323157,-4.257669472215794,-4.260335663576512,-4.258457504302714
2012-06-26,-4.6183538764878795,-4.049215480230113,-4.31398963598893,-4.052089374958828,-4.214138065812784,-4.088238524471461,-4.412022253239177,-4.123669740508744,-4.317896086419999,-4.110633869696387,-4.1104165041733705,-4.0893286656256365,-4.109842030896816,-4.1134802072983705,-4.111008206498341
2012-06-27,-4.619055351900083,-4.286812480376561,-4.40108977438465,-4.290002594495315,-4.428692984977202,-4.333872789338069,-4.485184889654698,-4.334256431089101,-4.482921574891513,-4.36836455897947,-4.322582794371976,-4.307690057912886,-4.322503624164632,-4.32515600309296,-4.32301329394049
2012-06-28,-4.659454673313068,-4.113579221542348,-4.13927604729049,-4.1344520793596695,-4.336363482707028,-4.144363750241052,-4.212435747647606,-4.169545822445476,-4.3592950941869235,-4.165359527696255,-4.13275586230647,-4.1242437662435805,-4.13339404323195,-4.135469261211917,-4.133190591957661
2012-06-29,-4.620188945753739,-4.361136382469508,-4.387560392479692,-4.372335572564827,-4.54233422125753,-4.399865454797668,-4.453839789173114,-4.393386086376125,-4.560262538583605,-4.4184303420328295,-4.377619878398463,-4.371285191933156,-4.378057648427094,-4.379104092491669,-4.378028259934958
2012-07-02,-4.588078574206838,-4.223380513633475,-4.262252647904929,-4.222442953219221,-4.4065927966530225,-4.230355324893839,-4.312807489136496,-4.241769619075261,-4.420662155029386,-4.229339682631586,-4.237974725633033,-4.229584134426238,-4.237901883862313,-4.238907141319567,-4.238272158532356
2012-07-03,-4.59452931955936,-4.4347351572969895,-4.249213415688032,-4.463710649968343,-4.62514204589384,-4.442790952978185,-4.2790588153206635,-4.417065199380873,-4.55864762830737,-4.450834402603299,-4.41019412643676,-4.434571865748328,-4.411125366616021,-4.4135605716300805,-4.410423877782085
2012-07-05,-4.6025800837021364,-4.478001505860978,-4.547280622863922,-4.481164478601212,-4.6199429649593915,-4.50408009964242,-4.606825276543152,-4.500048878356364,-4.642578887577942,-4.519231711334309,-4.500306306968915,-4.488735541492794,-4.500082347730817,-4.502671597899573,-4.50062085292309
2012-07-06,-4.626742986568627,-4.4756001866340975,-4.5881228989429665,-4.479942371592147,-4.66362535969422,-4.4943294704482115,-4.648302725337301,-4.510462786464801,-4.697674166495105,-4.505238731727186,-4.504247648126425,-4.490990075938219,-4.504045539766989,-4.505961399484024,-4.504658231472287
2012-07-09,-4.637580057283963,-4.509490308693539,-4.580643133839756,-4.503741944762134,-4.722458480099294,-4.526976278616437,-4.647505320607721,-4.514785765629396,-4.744911183598939,-4.536364919695521,-4.532824189010093,-4.517502492915195,-4.532685389033946,-4.535148171166414,-4.533340390210602
2012-07-10,-4.683586986540815,-4.317409939005638,-4.471530952981518,-4.325812255214932,-4.5239341388134,-4.330133490592205,-4.530443859860193,-4.3671315288016155,-4.581856817790981,-4.340357200623488,-4.352550677912965,-4.3385771329496245,-4.353359901080138,-4.354690885585926,-4.353016041384259
2012-07-11,-4.724504514724466,-4.2930819782839205,-4.384671126073016,-4.289714030303418,-4.46210570232998,-4.303411056412487,-4.438954528787165,-4.293747774118141,-4.499158278084975,-4.311026911805425,-4.316734903861763,-4.30363598284207,-4.316729398683122,-4.318900499139245,-4.317096458870061
2012-07-12,-4.765533330095077,-4.2576606674865936,-4.315431816257042,-4.243559523895683,-4.482626518881594,-4.265794310935126,-4.351658783773584,-4.23872416824856,-4.487897433986841,-4.268348114761608,-4.274319311924118,-4.263802137186383,-4.275196635822956,-4.276871075940619,-4.274813911279389
2012-07-13,-4.781459167887242,-4.336503353731237,-4.505501271675455,-4.334461289292843,-4.504073558728773,-4.339306098006238,-4.5800319973225605,-4.356896083272328,-4.543404775727481,-4.338910904928759,-4.375839287492876,-4.363131807012291,-4.376102844073509,-4.376392551317608,-4.376282513453574
2012-07-16,-4.803465474349601,-4.413268874259031,-4.478978075339723,-4.422394341947931,-4.581794463180481,-4.412571885682777,-4.526704350010003,-4.429412446777757,-4.56286660560841,-4.409943847300144,-4.434806125991035,-4.421209128077324,-4.435200631611917,-4.43544295295005,-4.43514030424297
2012-07-17,-4.871820102868449,-4.209121122667812,-4.258817489260407,-4.207580693608697,-4.417046154823776,-4.205260423237887,-4.298248452277144,-4.2128190047615295,-4.414918940759089,-4.199149234086702,-4.223897930797743,-4.217364767591593,-4.22398503999577,-4.225588081429526,-4.224271270620218
2012-07-18,-4.896405206631045,-4.477825905903774,-4.312950163724984,-4.4856943796652615,-4.674847293696547,-4.469515018117442,-4.338875892332422,-4.473652717919075,-4.583745985309695,-4.46433741127215,-4.4552409843463305,-4.47121635743712,-4.455683121108003,-4.455966069452289,-4.455543783194997
2012-07-19,-4.92284774782127,-4.471910316825523,-4.317082500922932,-4.478275055401302,-4.607714074101673,-4.459892312666636,-4.35010304613824,-4.4737651380898935,-4.520291254563976,-4.452559764598682,-4.453689806250583,-4.47115873373771,-4.454694139992983,-4.454026702431339,-4.4538281474851384
2012-07-20,-4.939081391280171,-4.468124434324013,-4.429907943552352,-4.476787153459725,-4.607468598137164,-4.460802201570686,-4.467688211906441,-4.480451926525809,-4.569701969529292,-4.4563024373721225,-4.468526337505104,-4.468945079701449,-4.468753026746384,-4.469057490093584,-4.468803812828739
2012-07-23,-4.950080291028634,-4.387471700852235,-4.348724448472486,-4.39228162670279,-4.567406346558372,-4.369191582893674,-4.401269996057471,-4.391648063111451,-4.541474555682893,-4.352541905838439,-4.388223333363761,-4.391076199470675,-4.389383898553297,-4.388870696443172,-4.388429057629962
2012-07-24,-5.033679032024639,-4.178874134487614,-4.194031093138531,-4.1789742392222955,-4.362562387812082,-4.169747411203964,-4.236192851218842,-4.183187583747878,-4.372699946481028,-4.175227685687138,-4.187693995202511,-4.185981075532565,-4.188151368495822,-4.188423100958539,-4.188136994759946
2012-07-25,-5.0590870758489865,-4.329546829620434,-4.159438779394274,-4.331902811875477,-4.598808302873198,-4.316653521665502,-4.181772907954805,-4.330953544126693,-4.524462336677253,-4.32355249375034,-4.306231149826101,-4.323757252015634,-4.306699283512521,-4.307759775810402,-4.306616634366232
2012-07-26,-5.118014902674729,-4.267754474037536,-4.195069372900951,-4.265063379639335,-4.54830438188431,-4.254872295813808,-4.241298681060874,-4.242004384697116,-4.4788123291479875,-4.2548741717794165,-4.267302241837272,-4.2732514805074455,-4.267937022417215,-4.268110243043811,-4.2677734823831415
2012-07-27,-5.1449549620928705,-4.292308996826812,-4.182584912062578,-4.289437901905549,-4.513283901580809,-4.273436299656639,-4.209741500365288,-4.268368128245834,-4.448595771559924,-4.26686728776459,-4.280064574780625,-4.286462093018509,-4.2818218242575865,-4.280489021238625,-4.280442105883149
2012-07-30,-5.182639820557169,-4.368416668990888,-4.342496202622463,-4.3672610012684965,-4.597057614741908,-4.3456837133495965,-4.40406310806715,-4.365953674622923,-4.559504626600531,-4.34199678829996,-4.37640912187896,-4.368026006538086,-4.376539084691938,-4.37673888445467,-4.376835044484489
2012-07-31,-5.21359011133486,-4.464493525553605,-4.350653341742072,-4.457374254958828,-4.733945799852765,-4.4438942586629935,-4.410206669147406,-4.443341966749127,-4.662339211700717,-4.438440198692366,-4.456591513353454,-4.458340880249192,-4.45690695695674,-4.457532202968317,-4.456944319882123
2012-08-01,-5.199289301649657,-4.285993313699,-4.131792556054596,-4.283477678709021,-4.471725088153605,-4.296247928384891,-4.162114271148752,-4.274670045757171,-4.3722131560324025,-4.326529777122132,-4.266434287143653,-4.278641946442692,-4.267151331686569,-4.266041569106697,-4.2667162665824225
2012-08-02,-5.2836727185628085,-4.188711153133899,-4.074340872122401,-4.1857206761307975,-4.423183276669417,-4.193735678042066,-4.116323479525181,-4.168967554177955,-4.3675673960918475,-4.217843144250665,-4.178996679636978,-4.185081856431513,-4.179697796969354,-4.179403327292629,-4.179524042702024
2012-08-03,-5.2680141190731264,-4.540933999141758,-4.262629735897759,-4.550576355216559,-4.765586042623096,-4.5258612448444175,-4.300561646908114,-4.538730988985413,-4.6089207905460015,-4.524616171053713,-4.505830323223114,-4.521205919584432,-4.507016150698374,-4.505388464976901,-4.506098829811062
2012-08-06,-5.25789703693244,-4.610564096283763,-4.544219737725701,-4.612871490438809,-4.84655978341758,-4.591446110328359,-4.6163563956352744,-4.609065665045498,-4.757739875149414,-4.601976013850429,-4.61551763615716,-4.613107234853696,-4.615869993984935,-4.615923247055509,-4.6159435395951665
2012-08-07,-5.254807426552785,-4.750596707580985,-4.477122336565838,-4.7509426231377585,-4.983490385532024,-4.728825853281818,-4.4926612536403105,-4.7287264478440365,-4.812412432624824,-4.737114146684324,-4.712447308672264,-4.730031643944008,-4.71350042094029,-4.711598970498235,-4.712633780018052
2012-08-08,-5.269164449089784,-4.71866358922006,-4.606982846953328,-4.717511090539857,-4.940383895478913,-4.692864741973424,-4.662112112014637,-4.710426993940305,-4.842578373147622,-4.678082358924963,-4.714213957689707,-4.718616235001454,-4.714799851011859,-4.714805167977172,-4.714400901885734
2012-08-09,-5.2755561832920685,-4.926786556200931,-4.817201771081117,-4.928946814326768,-5.065522890486505,-4.897079458432353,-4.8408794138927025,-4.925684509521901,-4.96543620057314,-4.874654610231783,-4.917254757204382,-4.924697894124709,-4.918072680026876,-4.917229197572137,-4.917297726101685
2012-08-10,-5.273458689537421,-4.944890531439071,-4.854913200706156,-4.951426192324486,-5.1694774891750885,-4.924643066408227,-4.903131773723792,-4.950077091314359,-5.070525177878807,-4.926163516707806,-4.942122304109953,-4.944140468940468,-4.942347173006199,-4.942823175797948,-4.942377236348186
2012-08-13,-5.17961088438062,-4.948369498779989,-4.972903495013033,-4.954987684336496,-5.152276359956942,-4.9241727019365875,-5.026359016243842,-4.962420065809452,-5.122243909359933,-4.905143427504883,-4.964437664943118,-4.954853386022544,-4.965048605885323,-4.96483695900567,-4.964777269881697
2012-08-14,-5.165309056751169,-4.824985935465793,-4.923629818124041,-4.822449824558128,-5.015588989920699,-4.804227292633562,-4.991103271170017,-4.8284071988544826,-5.026962920761698,-4.796476605892061,-4.855376814452542,-4.839410737036863,-4.855081232836333,-4.855420420720812,-4.85578744147906
2012-08-15,-5.159597812703286,-5.05249471129738,-4.973441536038469,-5.044761243460061,-5.242152980744253,-5.027688735365172,-5.000244687108432,-5.042805693484615,-5.194336434347647,-5.0184507557343965,-5.047363927283165,-5.051364014966266,-5.04778368273182,-5.047554492309163,-5.047644916915386
2012-08-16,-5.16381564835753,-5.015470335659092,-4.914114519953478,-5.008335423270255,-5.162257448475783,-4.998889175122839,-4.939809440882905,-4.997590496046474,-5.100122127310231,-4.983320949584488,-5.009254815004168,-5.013717323049344,-5.009546819262889,-5.008769309722899,-5.009464549038152
2012-08-17,-5.146959113602031,-5.213057602639894,-4.959188892998843,-5.207170648537726,-5.374326886730052,-5.198596889266057,-4.972154085759268,-5.176582475208931,-5.236133943716614,-5.196312606854699,-5.178363304832066,-5.190946201945048,-5.178169862838992,-5.178808118641663,-5.1784778234424955
2012-08-20,-5.123900939964843,-5.118049153147016,-5.013698357710392,-5.116735937891136,-5.245813073547936,-5.091054562812989,-5.025555110620653,-5.110347889340359,-5.177703320902611,-5.074499598435377,-5.107525158429896,-5.115042911876735,-5.107651741263801,-5.106933133207402,-5.107688724555125
2012-08-21,-5.146691307419041,-5.009845512057279,-4.9399800421238504,-5.000289438162758,-5.168142788198903,-4.994796335156261,-4.979329826112867,-4.9795148656894135,-5.1059838751264595,-4.995674771125059,-5.009832688712912,-5.010521765955021,-5.010007315119263,-5.009385645340009,-5.0102014383110784
2012-08-22,-5.179335200149168,-4.787061654933488,-4.857094658739323,-4.7854022733455235,-4.9546479853592515,-4.762731453843663,-4.9160845538306255,-4.796466537097805,-4.956246285539847,-4.741423346845129,-4.811126709049101,-4.797150764771917,-4.811132937391228,-4.811134973428881,-4.811543748311619
2012-08-23,-5.1764266901996825,-4.736607461681153,-4.844351034336473,-4.732066739988231,-4.9932935429473115,-4.7244863454806705,-4.930288710221335,-4.743883458695929,-5.010119061501125,-4.717758166537222,-4.7703911691303125,-4.753972097102275,-4.770558007875109,-4.771499637510652,-4.770955747420192
2012-08-24,-5.169368573060264,-4.749504634551857,-4.872096265960635,-4.7456994186413075,-4.999035500422467,-4.740333939389278,-4.956624313128317,-4.758976045898637,-5.017277211130251,-4.73757517889623,-4.787257638587069,-4.771033312848006,-4.788106449317056,-4.787917352489818,-4.787826210678642
2012-08-27,-5.151097121085799,-4.888722779563107,-4.929997151988163,-4.890240059919448,-5.11411794866713,-4.8724641735830145,-5.0101171419681485,-4.894692570247426,-5.091258200090452,-4.861529305162721,-4.912324958159198,-4.90331387312604,-4.91243507458392,-4.912684285912439,-4.912704106831768
2012-08-28,-5.131965977920571,-4.734933637125313,-4.867731747263447,-4.736262878941949,-4.894509563605953,-4.726791450899154,-4.934058197385039,-4.766626189271348,-4.926101944244657,-4.718822939424958,-4.769762992599109,-4.755502945847788,-4.769772233592226,-4.769444246924087,-4.77020676171318
2012-08-29,-5.073623343713486,-4.9889458587899895,-5.0674529541699505,-4.988512998430216,-5.218796319769413,-4.982826805681594,-5.14605718811116,-5.0118644129587775,-5.229992559182376,-4.982968398823163,-5.016135738289177,-5.001113534665398,-5.016409349557347,-5.016703091346062,-5.016546872056442
2012-08-30,-5.022609419352441,-4.990682219561253,-5.1210823210453595,-4.969282482194214,-5.133972004340895,-4.981143407773956,-5.168054684383587,-4.960414299570685,-5.1657599737287105,-4.9787573111017975,-5.01998009274485,-5.0045924785376,-5.020055141768731,-5.020252750210569,-5.020450919079568
2012-08-31,-5.082569034219475,-4.540392171337674,-4.6527128643742595,-4.525958254470043,-4.807293549538531,-4.542494638366874,-4.73194735397067,-4.5297161202177145,-4.826788543605257,-4.550060480031595,-4.572070828552151,-4.552735432723876,-4.571611619740096,-4.57309907740858,-4.572627137124303
2012-09-04,-5.086482374217773,-4.672236035220609,-4.730805077796411,-4.66716169408829,-4.957317464218313,-4.663705933118534,-4.810630905957629,-4.68328736378932,-4.936629967233581,-4.661457949865185,-4.69749225108897,-4.685961543852093,-4.697591903481595,-4.698563315311363,-4.698020864620887
2012-09-05,-5.082408190738086,-4.726908597680928,-4.831461563150994,-4.711237250887976,-4.936578461740036,-4.726149751700833,-4.8830538401183645,-4.7165778627388475,-4.9378559917411255,-4.7252216269423615,-4.7550457226057805,-4.736647005822495,-4.755001904081667,-4.755525212208722,-4.755513725033479
2012-09-06,-5.095891615267771,-4.760195086863996,-4.723139165445023,-4.765689410862823,-5.0209143945345085,-4.751787038047737,-4.79060262001086,-4.767058671251743,-4.956402777204762,-4.74669660288277,-4.769557019877594,-4.765612995064594,-4.769394791305562,-4.769749685427053,-4.769884662483781
2012-09-07,-5.060770531433763,-4.893187966403978,-4.825257055542307,-4.9009444412991705,-5.080815165690674,-4.881201657089454,-4.863427716601479,-4.886480942251858,-5.021658170684911,-4.874894539226436,-4.89319379593263,-4.894091929871328,-4.893335118814098,-4.893965916250925,-4.893481800467947
2012-09-10,-5.0247201921178775,-5.0604588352693725,-4.9911342418397115,-5.06199222668195,-5.1879978875484865,-5.0512727789703336,-5.004947677295802,-5.038618203607994,-5.134278736091249,-5.048418347538113,-5.054695009723001,-5.059559472677504,-5.054799350873305,-5.054832923956577,-5.054908864844729
2012-09-11,-5.014038925280287,-5.080488696983956,-5.060357624416876,-5.089433164859518,-5.163725017250358,-5.068358604807189,-5.0778719876023795,-5.084989902022511,-5.139075692350883,-5.059765877909182,-5.083288830088399,-5.080602414497154,-5.083224662447759,-5.08403425792252,-5.083445889982466
2012-09-12,-4.997852082240036,-5.05667071883288,-5.00508355645089,-5.064641468865795,-5.239456128995776,-5.046701953024941,-5.036101362971748,-5.050516621243828,-5.183587046357316,-5.040036207671279,-5.059855087807159,-5.058896755590564,-5.060229683568237,-5.059827146931141,-5.06021421456477
2012-09-13,-5.055482361610501,-4.598775920186702,-4.646764690961364,-4.619918572631929,-4.763810076820471,-4.590658459892576,-4.70252772893121,-4.6691716590102565,-4.807082841927195,-4.584116776167473,-4.618997116842884,-4.607605436768712,-4.619160189083334,-4.619158271817259,-4.619294582289351
2012-09-14,-5.085774657455544,-4.7088305350922175,-4.575152130087805,-4.732401043244439,-4.879953508853103,-4.704348400945564,-4.614614334843895,-4.7173345157837465,-4.787154920457624,-4.704315162947319,-4.696516851729513,-4.703348367203514,-4.696530621401827,-4.696281296795014,-4.696573303781607
2012-09-17,-5.084258786583384,-4.889746057611288,-4.779679811375163,-4.8942467606306534,-5.089260538987743,-4.884378462060872,-4.812889449698516,-4.869156367843554,-5.053798179965195,-4.8857109031031865,-4.880554185717649,-4.8863083351829655,-4.881374706339737,-4.881038190365276,-4.880908021041757
2012-09-18,-5.051090738950645,-4.932572354342818,-4.781048187764065,-4.9609022422416285,-5.104322468087551,-4.926527022522954,-4.8052525390975935,-4.934744836050171,-5.044768182878484,-4.924566513934841,-4.9174093697742425,-4.9262656807569805,-4.917902767633622,-4.918275820294145,-4.917608083493237
2012-09-19,-5.01450454177818,-4.853929728286255,-4.706618657705394,-4.87083126395212,-5.047376219786886,-4.846287944107328,-4.753550659305738,-4.848081444909265,-4.957734427210939,-4.840727829240231,-4.841015257122214,-4.849260286751955,-4.84144293558282,-4.842248641605494,-4.841073314144545
2012-09-20,-4.980098514158681,-4.8653506590377615,-4.848701413479559,-4.88110355272382,-5.049126054090508,-4.858763784252473,-4.906340415365448,-4.906820204194561,-5.042025965007777,-4.854121173779651,-4.874375390240018,-4.869485015834397,-4.875090673026492,-4.875770390726683,-4.874534983978625
2012-09-21,-4.937709857578381,-5.188338271904881,-4.911815908968803,-5.209854064443873,-5.335521539405715,-5.180029472779626,-4.903791589687497,-5.172110992535099,-5.1823643621530975,-5.174570296585845,-5.146879435110029,-5.1722174924661495,-5.148598934466363,-5.146253495024502,-5.146763277916397
2012-09-24,-4.923347595782792,-5.024502302806013,-4.992128784327076,-5.049727490840318,-5.168157489101189,-5.016668394645282,-5.028560026896559,-5.072575534979807,-5.129050196253803,-5.008643630248066,-5.028050389811286,-5.025523294663664,-5.028347088175384,-5.027372525658061,-5.028205316842454
2012-09-25,-4.912452997878461,-4.778942720546009,-4.853226097661602,-4.797132879792846,-4.909390000182945,-4.768374645095546,-4.909227984112203,-4.834838397864534,-4.940359916337766,-4.761275424153966,-4.802667388809144,-4.793181954605046,-4.803078825654959,-4.80290599789988,-4.80293115280059
2012-09-26,-4.870218812985009,-4.780431287729218,-4.659102384379135,-4.803256838873482,-4.974637795422695,-4.766394373913119,-4.69456195405261,-4.795928282797126,-4.888423715738425,-4.7603500277935415,-4.774701705320546,-4.777186737632681,-4.774690711743804,-4.774310906344505,-4.774880850075581
2012-09-27,-4.859265776765531,-4.826087521854249,-4.8705905243102,-4.843963223582284,-4.9505885270477235,-4.818100217498511,-4.918463058127518,-4.873796480900602,-4.958184811261242,-4.811908800497715,-4.843451764913061,-4.83326055935825,-4.843560415167215,-4.8431549920174275,-4.843682651882826
2012-09-28,-4.8755762440697845,-4.647583049897983,-4.7610364351124295,-4.6379364171991515,-4.829894982404358,-4.649438560340121,-4.819656509343072,-4.658078872440989,-4.873461017469226,-4.655344973890038,-4.67688841862632,-4.663036075463371,-4.676734908076409,-4.676506644252938,-4.677381334348179
2012-10-01,-4.888051143359231,-4.534978640226467,-4.508523740877343,-4.529547238987784,-4.771523659745463,-4.532176049852855,-4.54864204182351,-4.533052287865847,-4.7372019220890245,-4.530532430036753,-4.541229899020118,-4.539679583061817,-4.541488582855344,-4.540376152572964,-4.541594377543897
2012-10-02,-4.924313148444963,-4.495283866707795,-4.747988126308994,-4.479111006796458,-4.660213787526332,-4.493441427635608,-4.830013973210806,-4.528108101909267,-4.778856985670495,-4.494821865609125,-4.548921484837873,-4.535474503626718,-4.548505348046684,-4.549221720146875,-4.549500550805126
2012-10-03,-4.924821729229437,-4.597524851775772,-4.709728889398781,-4.5844936377343934,-4.818202438788957,-4.5916506870117955,-4.77904027403327,-4.616632433099091,-4.837254604856745,-4.589672272542288,-4.629669024323211,-4.615628399653405,-4.630348687149892,-4.629857924966794,-4.630066892519843
2012-10-04,-4.864831673474456,-4.588220550224128,-4.711168359249258,-4.57939784053542,-4.731381446755105,-4.581607751570459,-4.771253734608652,-4.596146836129988,-4.753709881095871,-4.574306952143544,-4.62160033403901,-4.605774460176757,-4.621691033111557,-4.622455862399134,-4.62192949243847
2012-10-05,-4.8106421649654445,-4.623204267868422,-4.7049644886814415,-4.627823816882896,-4.812747782369622,-4.6083438045892535,-4.7728124863816905,-4.642222060205337,-4.826978115222852,-4.594252734353251,-4.650298471380867,-4.634569093773357,-4.64993410024509,-4.6503982434625355,-4.65060137913296
2012-10-08,-4.7285804618641265,-4.871486067750128,-4.841417280729477,-4.848351301205198,-5.010201339775521,-4.860148699436258,-4.854515328257676,-4.818824033103563,-4.974848016693545,-4.852823371989499,-4.871111088239528,-4.871286664200706,-4.87184379066785,-4.871256260574545,-4.871364616231887
2012-10-09,-4.7437016582753975,-4.693867727071437,-4.815478771915894,-4.685231923455017,-4.93533279337414,-4.679789162743735,-4.867400240566061,-4.691085694340381,-4.943421916721269,-4.666012730999714,-4.726380259677989,-4.711957317982295,-4.726904615521381,-4.727869247930483,-4.7268385393658185
2012-10-10,-4.713831691215545,-4.679964712253979,-4.751985156185717,-4.662512953620921,-4.856450268320987,-4.674681260701267,-4.772883145420812,-4.639802482696233,-4.876679128182739,-4.678098035088458,-4.697079838960279,-4.688308431632031,-4.697797684782373,-4.697521707393761,-4.697541723981005
2012-10-11,-4.670729844356976,-4.809663164785472,-4.747321595694368,-4.779486127102235,-4.984395315572288,-4.7997804975080856,-4.7576987825260675,-4.723625612354456,-4.909448855867616,-4.798760506055407,-4.804196797129174,-4.809176062854652,-4.8053794322492935,-4.804724385463311,-4.804510258126642
2012-10-12,-4.6107183091146,-4.73983388095449,-4.766994214655223,-4.72191019659256,-4.886158155749304,-4.730330207616014,-4.789908193656916,-4.699515406724,-4.879451459428667,-4.731759821569687,-4.748201061360675,-4.7445921246759015,-4.748461771214408,-4.747534562597225,-4.748539309520248
2012-10-15,-4.5390686816853725,-4.706497722094671,-4.777764601161257,-4.699430193908952,-4.826565913064384,-4.69244707693032,-4.802722820724855,-4.681390939534715,-4.873808777484807,-4.684939085068449,-4.723638910802962,-4.719457943854531,-4.724333911053388,-4.723586765665059,-4.724040692084838
2012-10-16,-4.526483593182744,-4.930667134507508,-4.809796390748602,-4.9300342256449525,-5.034406034202505,-4.921085026565574,-4.8042166831550706,-4.914364574599097,-4.957751606475093,-4.92026658339824,-4.912026102162413,-4.925404244327309,-4.912758765672149,-4.911076571494328,-4.912153189902401
2012-10-17,-4.498911404365859,-4.9740349720733255,-4.756839639098296,-4.971236463236842,-5.094062722750062,-4.946811315150886,-4.725065227425007,-4.936664219532645,-4.945434223763248,-4.922482205096979,-4.940451920671882,-4.966786329065837,-4.941339600766312,-4.940710721342153,-4.940446463851954
2012-10-18,-4.51517555774051,-4.765242753081279,-4.746755387777438,-4.759490469286208,-4.988313170762046,-4.7467418085657815,-4.785554768799085,-4.778031086001142,-4.930214878935009,-4.733509624132379,-4.77439605984072,-4.771596419765713,-4.774916154986495,-4.774932088935297,-4.77461008578798
2012-10-19,-4.52974479583497,-4.679508181571324,-4.685894462477619,-4.672806663964782,-4.884136033681116,-4.670827642240136,-4.728726238804172,-4.664527388609417,-4.848191237551751,-4.672099392016604,-4.688502957646582,-4.684978130263531,-4.68880041230757,-4.689268913108623,-4.688852177759748
2012-10-22,-4.5578115954201674,-4.5850269680164,-4.6951602798653855,-4.57078490908365,-4.821088743377982,-4.571907112939457,-4.755584359357006,-4.580466852856995,-4.835905280561368,-4.575004455341554,-4.6136117714478,-4.603587499860641,-4.6139897469246725,-4.61466423860835,-4.6140356804538065
2012-10-23,-4.548743071541102,-4.578371115743273,-4.577352521991687,-4.567408843955924,-4.778340791998829,-4.5554240719448575,-4.596701298909623,-4.553273295559683,-4.746643712254042,-4.550219905814853,-4.58424625460963,-4.583995187490739,-4.584404479957078,-4.584926979884403,-4.584547272381747
2012-10-24,-4.505919012249359,-4.613691769508172,-4.529679590608684,-4.5964047039033105,-4.815761781503871,-4.610450725702198,-4.53129849917536,-4.558798703700896,-4.745876454409813,-4.628573001975551,-4.602741673351584,-4.6148065440863775,-4.6042074996372655,-4.603644074629573,-4.603110083259705
2012-10-25,-4.506213000028698,-4.490629536938287,-4.422992633792446,-4.484511583053737,-4.6520905594748285,-4.480822802486939,-4.440442807068227,-4.4514988458630755,-4.618059113768211,-4.482815077535072,-4.486741476304286,-4.491705092199346,-4.487481745037013,-4.487367683364801,-4.487025594818297
2012-10-26,-4.532635810359646,-4.378291547247443,-4.438090347748865,-4.363343494779809,-4.565703680518843,-4.372377592458415,-4.463777689996246,-4.3432272921713215,-4.579988357177329,-4.37723467043097,-4.395339909389748,-4.388826191757742,-4.396782542033326,-4.396023799560853,-4.395712603255044
2012-10-31,-4.529466987100993,-4.5375542924189975,-4.389020353281373,-4.5151930126561615,-4.692181024023409,-4.539449466213434,-4.369971907183971,-4.4629694112332094,-4.58247400683912,-4.55089933595302,-4.513380662762629,-4.532355157053294,-4.513706097874095,-4.513858566519767,-4.513610487335605
2012-11-01,-4.512291573259335,-4.608588249060346,-4.426860581172214,-4.591539328916894,-4.808109260357428,-4.610532203307656,-4.422929222464079,-4.555804993830705,-4.701213191776821,-4.6221860651733975,-4.581847777502243,-4.599717179703227,-4.582863010811272,-4.582304475684438,-4.582104766225271
2012-11-02,-4.490291811062957,-4.519654687457083,-4.527695722991641,-4.51608216346035,-4.691154403536678,-4.510660299816337,-4.554754253630275,-4.509965366268196,-4.659834128967799,-4.519030937653104,-4.528036233989176,-4.523714406666088,-4.529166502551309,-4.528216144976799,-4.528318394797665
2012-11-05,-4.481948806558799,-4.679860801987441,-4.652233901289297,-4.669137573270421,-4.835025899995198,-4.670708540740262,-4.650042199387578,-4.653616640096389,-4.785362539275191,-4.673244225928648,-4.679958665661798,-4.682686256869808,-4.680295004275136,-4.6800771054217005,-4.6801755230719095
2012-11-06,-4.489879163345536,-4.661845191824479,-4.664168473343252,-4.643288222317006,-4.890255073566786,-4.667804084311524,-4.694496692831521,-4.611351783628729,-4.881282910258627,-4.690756909221495,-4.669982027291027,-4.66532699089091,-4.670235964508088,-4.670501167871439,-4.670451932554638
2012-11-07,-4.548391351959331,-4.374853849307824,-4.333672406087359,-4.363390038343879,-4.524798314455296,-4.392092838160122,-4.355506780195047,-4.344564288691886,-4.500720834141185,-4.422077493699392,-4.374174626534058,-4.377735537257498,-4.374565371920365,-4.373735309764005,-4.3745467895435635
2012-11-08,-4.602087378453475,-4.307887524069029,-4.436257244623232,-4.300238904827746,-4.402798261679273,-4.307684538882382,-4.468843918140367,-4.2945804706082695,-4.453755088263518,-4.316627652577056,-4.332920034151041,-4.322020226356995,-4.33287292806203,-4.332654246315693,-4.333311406651326
2012-11-09,-4.662260761165403,-4.205989569517695,-4.2535012058639845,-4.201837429981287,-4.302150855191833,-4.189054248374122,-4.283556174734493,-4.199430860181736,-4.314611714804291,-4.185658256935793,-4.22143270023157,-4.21267306370118,-4.221718527820167,-4.221037286641263,-4.2217387596001625
2012-11-12,-4.64190501380921,-4.511924820329479,-4.604774894117872,-4.496208820214137,-4.674116462397257,-4.497517706064362,-4.640110110892741,-4.477080723530415,-4.733202685580398,-4.498056973674685,-4.536111579235333,-4.525061060234804,-4.53634605055493,-4.536192451510777,-4.53668699815659
2012-11-13,-4.6835460079512705,-4.240094307085265,-4.361107681089473,-4.229455926880622,-4.359567979902306,-4.229925254870399,-4.392182660291405,-4.2230053326818995,-4.364827359390122,-4.230507651723163,-4.267504723743157,-4.258324176233364,-4.268004851618704,-4.268023432426136,-4.267931021078178
2012-11-14,-4.728235319341522,-4.24850640914268,-4.332592013820846,-4.239783228925738,-4.376108175127175,-4.24548139033416,-4.3707883384316135,-4.234662488629836,-4.377873907898705,-4.245825284340533,-4.271476799306237,-4.25833645976023,-4.271393892117161,-4.271834527626585,-4.271791940071308
2012-11-15,-4.797101343354367,-4.140050765932786,-4.228346295840563,-4.132815787862054,-4.2439413619115625,-4.124629897684516,-4.268887918570211,-4.121825778589075,-4.2756885159295495,-4.119800551430134,-4.163483814527397,-4.149930046018799,-4.163761981207737,-4.164201760142863,-4.163856903731012
2012-11-16,-4.900373732636491,-4.064414449836185,-4.22204335366644,-4.056179494856778,-4.212789383789209,-4.058989453447035,-4.274901255507262,-4.049741377114697,-4.297406578418207,-4.068638932707798,-4.100195044434912,-4.08829473070343,-4.1002564731675015,-4.100956146917111,-4.10071837515934
2012-11-19,-4.895388057419843,-4.346231234929954,-4.394891750769393,-4.336873493113251,-4.46495421556396,-4.342734817117523,-4.39150993414991,-4.3201829801056,-4.505286729810757,-4.358096594716895,-4.356776291726861,-4.350734334432362,-4.357565397987611,-4.35717514415812,-4.357202840753121
2012-11-20,-4.891433448600967,-4.2506728117180845,-4.3662806801176455,-4.244278451524557,-4.387829361424877,-4.245236143780448,-4.408662591180161,-4.235624116508826,-4.432318204461456,-4.247719607192591,-4.280475783256176,-4.268749219818294,-4.280587833640789,-4.280479857104588,-4.280902971632017
2012-11-21,-4.897101378469313,-4.546310312500958,-4.6024854281942735,-4.539407587527873,-4.675603898367675,-4.541097530516388,-4.626368440781078,-4.523227556439136,-4.6665578390659,-4.548434718928539,-4.563412125884295,-4.552782964205695,-4.5633224722124535,-4.563088540770817,-4.563762416294342
2012-11-23,-4.890417819017316,-4.520329030067436,-4.463519044838549,-4.51270921205604,-4.676981696777419,-4.536682435159155,-4.435805964490244,-4.4862754486423295,-4.660566544369752,-4.559944820161395,-4.5107453274458384,-4.520627971764901,-4.511335981223681,-4.509705737618955,-4.511155066813163
2012-11-26,-4.814216073177652,-4.7378175689787545,-4.703398528666544,-4.732971864387896,-4.808267133870349,-4.726972438135158,-4.699494031571699,-4.716398924262909,-4.776594775484579,-4.729558544040243,-4.734428274569933,-4.738668153206115,-4.734624526269597,-4.734285530470323,-4.734638162367621
2012-11-27,-4.799672965348943,-4.492548013034504,-4.628197196157935,-4.489853310244536,-4.603329010442786,-4.489952312720354,-4.6651471334380625,-4.484308904547598,-4.660382403270048,-4.489213484776826,-4.521198705488652,-4.506955347543396,-4.521099421141954,-4.520822462424283,-4.521496813526127
2012-11-28,-4.748381374320974,-4.327498566166045,-4.483654859415892,-4.325117673611955,-4.495197847327698,-4.310721161262722,-4.533369536586224,-4.321827289106423,-4.553593082725807,-4.307198424261455,-4.363457135611592,-4.350346251987574,-4.363302837936614,-4.36467214744591,-4.363840152026108
2012-11-29,-4.76120791253938,-4.3900315007426665,-4.491580037927358,-4.387141566149937,-4.561836397430832,-4.386975696364775,-4.5286506686051435,-4.369759757877643,-4.606199117642475,-4.396316295716959,-4.414927740355359,-4.4014371557750245,-4.414992318903028,-4.414968536111731,-4.415337474955234
2012-11-30,-4.773280320610586,-4.446228031219776,-4.676702120158433,-4.445258045769128,-4.537256314810388,-4.449948140720901,-4.7267587870032886,-4.42703323339589,-4.65486469540576,-4.471633455218651,-4.489816552102658,-4.472530632814962,-4.489929586060167,-4.4899755569905135,-4.490409815451357
2012-12-03,-4.799561559798867,-4.4025806742287,-4.535744675660553,-4.403185871246949,-4.547349810308033,-4.418301287878839,-4.5836683139147985,-4.387474034007162,-4.596981701085711,-4.44930466891948,-4.43041135120956,-4.41741708211598,-4.430381723700228,-4.429928726266526,-4.430900905718307
2012-12-04,-4.841116460414148,-4.355050631877276,-4.5160896777792665,-4.357620036931184,-4.574381560879818,-4.341119195692523,-4.58970312112806,-4.340093633074472,-4.6138371590609495,-4.3478909997308,-4.395707925727296,-4.379753362297815,-4.395496523207615,-4.396869033221585,-4.396253325261195
2012-12-05,-4.898454600294475,-4.297777473976857,-4.524784993834025,-4.303956402913689,-4.454593555631807,-4.296423628080636,-4.580077223994267,-4.283185485819639,-4.592707944595236,-4.314341787989316,-4.345698981719435,-4.331380333907749,-4.346043592977671,-4.346281909924777,-4.3463805297945015
2012-12-06,-4.924323007350519,-4.461985461543622,-4.661531224352846,-4.473301443065384,-4.572092109210527,-4.443643881535048,-4.711290338431191,-4.4506572133615725,-4.6777039745273195,-4.445206484266778,-4.5050569047568665,-4.487596770056355,-4.50569624070338,-4.505807943175256,-4.505616581901705
2012-12-07,-4.924324177726947,-4.548736013282224,-4.695906953502136,-4.564731892231237,-4.716506728960214,-4.5557216535702185,-4.742498146638641,-4.54218692850149,-4.786511288395673,-4.582258158753246,-4.58254385273396,-4.5612837294036055,-4.583000954056774,-4.58287621451514,-4.583292324043192
2012-12-10,-4.926772704492407,-4.717993387552559,-4.771171503240731,-4.737166205668598,-4.841364047246135,-4.697808728764174,-4.774290887701183,-4.718201446760055,-4.846978858686372,-4.690084839582871,-4.73160307912527,-4.725279259363568,-4.732187909027344,-4.732194220489756,-4.732048182283469
2012-12-11,-4.931365152646469,-4.7368199357724246,-4.811339398654216,-4.753397134428228,-4.786740288563641,-4.723808592146662,-4.826486180312982,-4.740654187092098,-4.833154727669635,-4.71403089043588,-4.753786814683108,-4.741984259101822,-4.75362766978634,-4.754066794563613,-4.7542181928511225
2012-12-12,-4.948260338243613,-4.779558985999652,-4.795314570513935,-4.797084024750297,-4.784477822944018,-4.763342657075395,-4.794763007467497,-4.78636599437698,-4.7957228648759145,-4.764185144937419,-4.783865626137172,-4.784612699990335,-4.784818430406038,-4.7839410496557475,-4.784121636887732
2012-12-13,-4.997640102592846,-4.641436557570591,-4.786325241504513,-4.662532108903126,-4.7542421769417835,-4.646195330304297,-4.807701626149752,-4.651423826969202,-4.8289957300133555,-4.671910802476448,-4.671649623399912,-4.658966736372205,-4.671610033113784,-4.671619644333994,-4.672255309013721
2012-12-14,-5.0176646164186005,-4.791572249406363,-4.8485346943209375,-4.814791833229307,-4.962519136246844,-4.793490499640847,-4.852442930020296,-4.806218696207693,-4.974404547814265,-4.812249234978333,-4.804330436013546,-4.796849009188923,-4.8047670188565546,-4.8051826624721325,-4.804784402839164
2012-12-17,-5.0320181321839526,-4.796503053012642,-4.806324499727697,-4.815291309295965,-4.883977060427643,-4.782233514843505,-4.787891635991268,-4.806801153701221,-4.909130592016432,-4.772922549474234,-4.796483427075539,-4.800288588974709,-4.796974756693151,-4.7956080201889355,-4.796677109086516
2012-12-18,-5.05515932240647,-4.713469502404362,-4.7820602354306425,-4.736197989920175,-4.831328896437786,-4.7159354725603775,-4.812052885003326,-4.7296469184245336,-4.8802751467236085,-4.7308044287704005,-4.730475535706235,-4.718163363210577,-4.730486512261273,-4.730207253388184,-4.7309191229244885
2012-12-19,-5.081884056726824,-4.787441041561123,-4.789441841428123,-4.815167158669486,-4.9500504996622565,-4.778396064146634,-4.813891559830331,-4.808868633131102,-4.939105319682445,-4.779168677029207,-4.794660307516462,-4.788734277331168,-4.794217168298599,-4.794870807655687,-4.795140478575304
2012-12-20,-5.100480913300652,-4.746204037906874,-4.820924700606593,-4.774147558685211,-4.749178606667865,-4.736670904929234,-4.842037407062642,-4.768969029680121,-4.857169305543295,-4.747419475825293,-4.76367878429024,-4.756716942329915,-4.7635302220315845,-4.763958469259759,-4.764160303003932
2012-12-21,-5.14850169553731,-4.588915291365179,-4.710142384845093,-4.614384780030992,-4.701687965494086,-4.597187400741625,-4.745906036881969,-4.610631946977542,-4.787628036608881,-4.6142137873742275,-4.614228388356651,-4.602163940094801,-4.614189267763027,-4.614504399708616,-4.614762507339296
2012-12-24,-5.146006526017719,-4.944337305035043,-5.0296115042600436,-4.97559222430017,-4.961421276123184,-4.954872996787448,-5.070506670327306,-4.9715850311470415,-5.047583337326105,-4.981594341120475,-4.9657523422865495,-4.954098342579221,-4.966621615888808,-4.96551765909172,-4.966277073777293
2012-12-26,-5.1728910883825625,-4.713757014384321,-4.911849273877771,-4.755642520432085,-4.75517302824907,-4.720662640210468,-4.9712195572637405,-4.747222569643116,-4.91300923834286,-4.752468229201551,-4.757439726360143,-4.73321634807619,-4.757013340275832,-4.75698218513568,-4.758094973568646
2012-12-27,-5.292135439296838,-4.364946673533376,-4.585568775854753,-4.394090677981286,-4.453394108018917,-4.3811110025402185,-4.650450205942748,-4.393390889601965,-4.612392121890412,-4.413557878708305,-4.411978276469514,-4.391345346338337,-4.411658234956789,-4.411752791399159,-4.4125616746422915
2012-12-28,-5.361484441901578,-4.383253023200668,-4.755333233976701,-4.424986264067784,-4.423595423064368,-4.406412029987703,-4.83499091656824,-4.421669268862961,-4.693637529081869,-4.443228402823385,-4.455798508580448,-4.43058389003926,-4.45538586456146,-4.456362026658141,-4.456596415655719
2012-12-31,-5.612305792102051,-4.125662852199352,-4.406076987776156,-4.165627310953841,-4.246164025471572,-4.1571314842415035,-4.481137807976917,-4.166185188251263,-4.43381042857362,-4.197324680614598,-4.18390287752381,-4.165894307134986,-4.183377421610377,-4.183958309101629,-4.184628742637945
2013-01-02,-5.659570044053285,-4.390232624765314,-4.452732940420086,-4.456356906331366,-4.495008880542833,-4.406454706806159,-4.500427535993811,-4.470207337686481,-4.553789541899453,-4.439306193207543,-4.4092530884048005,-4.3979339709310405,-4.40928155127845,-4.409926795791813,-4.409749887153875
2013-01-03,-5.688329280134391,-4.485328313035246,-4.526542027598487,-4.543524593543111,-4.561742863263778,-4.489646070802835,-4.566810480706214,-4.557373466460936,-4.604914540204818,-4.514763664205792,-4.501957156645838,-4.492162943030079,-4.501596519063618,-4.50289667645903,-4.502445526803454
2013-01-04,-5.683804711054036,-4.673051354101212,-4.681441644466651,-4.73165491955731,-4.7936107174389955,-4.659249812496422,-4.699968968237022,-4.750753809236226,-4.761297286085952,-4.648168478095235,-4.682551952448727,-4.675500147881546,-4.682925669761243,-4.68330021092338,-4.682878800768334
2013-01-07,-5.615968855324799,-4.805318689057013,-4.792044116779705,-4.872290256502856,-4.857191238822529,-4.796281468046805,-4.801540248999696,-4.8855884289489815,-4.851976527948382,-4.786938245194075,-4.810216078161362,-4.807598217191115,-4.8104057201581645,-4.810375647630624,-4.810594412114632
2013-01-08,-5.629915950966967,-4.949933225101168,-4.941912987638775,-5.035333319416757,-5.029624896628634,-4.937277375834342,-4.9643491948693566,-5.05058949364344,-5.0166881261034755,-4.9407751632382855,-4.957688054739751,-4.953761301214412,-4.958252339407381,-4.9581488618683025,-4.958105926512902
2013-01-09,-5.648270091292364,-5.111309640712486,-5.031030728873001,-5.181021074404004,-5.230291024647165,-5.09062299420135,-5.051619924106922,-5.200213593507585,-5.219173763596389,-5.0822996242906475,-5.10894363284056,-5.1111465063202886,-5.109284415786833,-5.109472565921138,-5.10914793136997
2013-01-10,-5.692999185981466,-4.98374226291482,-5.059803620323443,-5.060516118077617,-4.993021503868964,-4.953676451631065,-5.065924972114041,-5.081767067681257,-5.038898459157672,-4.930671110425706,-5.003864265882796,-4.993210210621074,-5.004288103264114,-5.003938109262239,-5.004154105357464
2013-01-11,-5.672896047019293,-5.146789468418303,-5.100813894208234,-5.207821547725948,-5.149910095641254,-5.110635439278389,-5.094355770148734,-5.211798757407723,-5.144294380306821,-5.07639776858991,-5.143301483420255,-5.144620610274631,-5.143723543898236,-5.14366845620042,-5.143396673071423
2013-01-14,-5.691219721065136,-5.103080282681218,-5.090882599090053,-5.201378526990797,-5.162589650945263,-5.078131003926777,-5.106651403072343,-5.216961297351749,-5.193003687994388,-5.063605593115412,-5.110738590822311,-5.107415575465453,-5.110733969711829,-5.111766157025259,-5.111036434135606
2013-01-15,-5.687022068904522,-5.169519179090219,-5.098057940351808,-5.2451078094567976,-5.208366387846899,-5.142193404185497,-5.109655309595004,-5.261078165478918,-5.170181187692973,-5.109719456963154,-5.164227742979643,-5.167430413521451,-5.1643283875685935,-5.1642197366285245,-5.16440615148563
2013-01-16,-5.66441723936781,-5.361841673928002,-5.152872293849822,-5.439780645081957,-5.364637003089287,-5.3314123137080855,-5.124748404185489,-5.439843414165503,-5.313271379906342,-5.285818945319381,-5.328631934397516,-5.345054021418157,-5.32948570759026,-5.327624681404661,-5.328648745249311
2013-01-17,-5.616269503147603,-5.38090790928444,-5.181397436074397,-5.422323186611501,-5.3743553069580114,-5.361722001094027,-5.153752569752574,-5.415350436070944,-5.279348301935651,-5.340724241434042,-5.347549428895285,-5.3652152290021,-5.348254784055394,-5.347392453511098,-5.347501153268489
2013-01-18,-5.571843889449482,-5.328097540796337,-5.194417681756135,-5.357948001359087,-5.3424859204337105,-5.300717680345713,-5.16967768300126,-5.353205450207141,-5.28830838489925,-5.265889209361698,-5.303095046580676,-5.317737360755336,-5.303640047313926,-5.302350848446548,-5.3029578484085516
2013-01-22,-5.564717032033521,-5.292293214186063,-5.172604064065313,-5.359907815378588,-5.358705397138331,-5.274529405585088,-5.179895056250913,-5.358864167786198,-5.324048094025241,-5.252166094696148,-5.279619288714838,-5.28784876623399,-5.279980144487678,-5.280270142230599,-5.279753240855798
2013-01-23,-5.3859807832467155,-5.5009912294573935,-5.144226426020392,-5.588689519196785,-5.598902072746388,-5.4914586842369415,-5.120541609892704,-5.584598079622456,-5.413877300272433,-5.482802228634041,-5.443047621880111,-5.467326580065095,-5.444348180039194,-5.442965354734978,-5.443029568107343
2013-01-24,-5.3202616416902195,-5.180537369323695,-4.968956040300686,-5.28066071528839,-5.2518376624443714,-5.173697273177162,-4.955197891881722,-5.2855518019074506,-5.142696293543636,-5.1583717028426195,-5.146377319731724,-5.16717180578646,-5.14691002140372,-5.145630627889414,-5.146490887509994
2013-01-25,-5.299234843211907,-5.14268271299358,-5.072031389549433,-5.236434436387695,-5.182140596461399,-5.137875060013726,-5.06735369769566,-5.250003859631398,-5.155736587547857,-5.1371270674193905,-5.134536533274861,-5.142746419588327,-5.135729216028529,-5.134936757612918,-5.134760345954553
2013-01-28,-5.257200123493556,-5.248464243531826,-5.096111820787205,-5.327231371900479,-5.3049480073000606,-5.2350482006045285,-5.072783475742623,-5.346249309084308,-5.2482428455382015,-5.229461147593748,-5.223917511521298,-5.236363398507439,-5.224260495823677,-5.2248527708533175,-5.224044102966513
2013-01-29,-5.178080679345221,-5.2072462112926114,-5.141477511282804,-5.327918516863564,-5.2591459681950985,-5.190593361774729,-5.12951102399722,-5.3533648607542474,-5.244163628584903,-5.190166220193424,-5.199287967534535,-5.206912394578682,-5.19957502308776,-5.199674151243083,-5.199551563218731
2013-01-30,-5.1676523314785,-5.180997742386256,-5.0684306841408855,-5.295339449640565,-5.261139172743106,-5.166931903774061,-5.056758007508096,-5.327775840914137,-5.2327177473824795,-5.151786613202705,-5.165225045945888,-5.176524801378064,-5.165751054432572,-5.16674238773592,-5.165416462675157
2013-01-31,-5.182369010450161,-5.051590208563327,-4.956743297258801,-5.117856996577831,-5.111718110026181,-5.035918942528471,-4.9356948471601685,-5.14371722871319,-5.078387008991892,-5.033784249052638,-5.0366258490034745,-5.048928808952519,-5.037842109328279,-5.038054278975885,-5.036790895544704
2013-02-01,-5.179910669596892,-5.268503481290392,-5.035062102926865,-5.327064928253779,-5.2539916036832714,-5.2579620031905785,-5.003931830394165,-5.325312306937247,-5.141377338481795,-5.252159218200678,-5.229435788940529,-5.245774603017708,-5.229770048796309,-5.230204365372932,-5.229278799313026
2013-02-04,-5.191042932440172,-5.213439453744255,-5.044671465614628,-5.285593136497923,-5.2287388407148105,-5.196222381426753,-5.024497513700642,-5.300851629484378,-5.14117168309507,-5.1911693352644255,-5.187794827080059,-5.19992676596371,-5.188558307995144,-5.18840464199775,-5.187833670895381
2013-02-05,-5.193770973926603,-5.273809631152355,-5.08900770637685,-5.329646714680934,-5.335513034687727,-5.2653710241234934,-5.086111821611613,-5.348287979965945,-5.246272510851146,-5.264209341761263,-5.248887161202158,-5.262312763013624,-5.250980415727451,-5.249592402629393,-5.248877219036195
2013-02-06,-5.209821247967544,-5.227782008386295,-5.0939708243778234,-5.275705801143891,-5.255145653285588,-5.2072313658539064,-5.071227455732923,-5.276165515659346,-5.183722261392626,-5.185776683300208,-5.20582377908263,-5.221316406457214,-5.207201439642259,-5.207234157975595,-5.205714753422757
2013-02-07,-5.244353606616833,-5.000757804669012,-4.925367101884381,-5.079788653310952,-4.949824912055012,-4.998761811977697,-4.922910553518306,-5.108164097854251,-4.8959301325287,-4.989351079341436,-4.991889952783203,-5.000891643390645,-4.993782917561827,-4.9914374850340115,-4.991974150821312
2013-02-08,-5.244147321247133,-5.223073463101952,-5.159878206151283,-5.290564209750594,-5.220550568095349,-5.223733135139818,-5.149717073689363,-5.309272480793469,-5.116166862416878,-5.223128222666601,-5.2134057869812045,-5.2231788076427925,-5.214979395026005,-5.213055160912219,-5.2134470986641706
2013-02-11,-5.246481370252359,-5.424244203338458,-5.248564042754454,-5.4477730497855354,-5.418661512039799,-5.393406011470289,-5.210002098239108,-5.436708960182953,-5.286268022751952,-5.35641724791822,-5.394292630579431,-5.412975674861896,-5.39548057139361,-5.394116345641354,-5.394081106041653
2013-02-12,-5.2396014804144935,-5.41370401979158,-5.276585286785664,-5.4653897414219585,-5.445191626417269,-5.384919960665572,-5.248422470512882,-5.4544570218502,-5.339648123716312,-5.37105392973859,-5.393446415747443,-5.408143190755242,-5.39424220220194,-5.3937686360976524,-5.393452869199541
2013-02-13,-5.230844732249108,-5.215364035982783,-5.236948683802982,-5.284707830425583,-5.202899456041631,-5.1946412227998815,-5.239124690575321,-5.296122035051479,-5.195807236227281,-5.186572382150956,-5.225673876483152,-5.220495390143502,-5.225882927035805,-5.2256614610727095,-5.2258336995795185
2013-02-14,-5.1277967887005,-5.541418771956726,-5.268411672814456,-5.625089011083306,-5.514655416056477,-5.5415292707436326,-5.242659251546842,-5.629231951811518,-5.3777402831473005,-5.535493572819926,-5.495662840131383,-5.516535170943218,-5.496622325270528,-5.496196109504568,-5.495676529844495
2013-02-15,-5.114931287963459,-5.425595363815491,-5.237189213997509,-5.512353448914813,-5.294513931188866,-5.415900731164762,-5.210935338091889,-5.516378685766302,-5.209388730071403,-5.407689938811476,-5.394013519256993,-5.410111904664221,-5.395065357047907,-5.395984659306386,-5.394002056672376
2013-02-19,-5.089551795292374,-5.375364099294511,-5.222458291117861,-5.439174480136866,-5.351419691544261,-5.365635278925859,-5.208574766244541,-5.439474921950657,-5.272682802462251,-5.366134903514818,-5.356008133272485,-5.371607246814002,-5.356202567162094,-5.355300332461145,-5.356165179825764
2013-02-20,-5.103889981488163,-5.144473167719328,-5.053599690943333,-5.193861713538452,-5.178481484310635,-5.121566261197246,-5.0515231924950195,-5.216048423366195,-5.123495167365832,-5.11251844452888,-5.13538335587421,-5.142699913486365,-5.136271445382786,-5.136834148447346,-5.135548734765349
2013-02-21,-5.063697636401675,-5.079416529131693,-4.859668974522169,-5.134260269339357,-5.110519038497429,-5.051514783357279,-4.83574111351117,-5.150965398918287,-5.000085037461618,-5.036089129621016,-5.045773169004964,-5.062364407526227,-5.046169618204164,-5.047100804212588,-5.045876302020583
2013-02-22,-5.060606458597957,-5.16355166190771,-5.039060226491293,-5.245330264632018,-5.1704536124860585,-5.144921616881207,-5.021581821016455,-5.265822072038781,-5.126919069170394,-5.138825147763523,-5.145833141494332,-5.159620230700808,-5.146013176633737,-5.148043446466726,-5.1459970631179095
2013-02-25,-5.160917947820022,-4.575622214306588,-4.7205488000792375,-4.646453607752123,-4.622314720676425,-4.58191538306151,-4.757264458757867,-4.683528009261246,-4.744330739348309,-4.604623576928898,-4.608005124932387,-4.5953996323619375,-4.608111026346945,-4.60789799477759,-4.608419097525293
2013-02-26,-5.231694063451927,-4.601345632667565,-4.513520417805588,-4.668207693496784,-4.743516168320029,-4.56721162037246,-4.538018343534096,-4.690530540378427,-4.729198259217503,-4.544177085362114,-4.596822248656916,-4.598881044768094,-4.597834418709099,-4.598598614294729,-4.5970007770082635
2013-02-27,-5.247115654908901,-4.712307402267654,-4.687574918424095,-4.761290948175843,-4.7254265332707375,-4.683715551036499,-4.708610601990533,-4.775648115116861,-4.708028291451759,-4.671371327402814,-4.713353679579293,-4.714115382243932,-4.71404209893508,-4.71310166072715,-4.713431653420783
2013-02-28,-5.276236460336765,-4.669947341768267,-4.775647948806198,-4.72056637125243,-4.733901365741429,-4.6365775342675475,-4.816524123757581,-4.738783372432933,-4.797577824465918,-4.6277113690024745,-4.698725071150213,-4.688579177581436,-4.699086419582176,-4.697983008626263,-4.69899283079266
2013-03-01,-5.322384871242742,-4.469267233621133,-4.556308353277921,-4.508008226120182,-4.590305583876513,-4.432596658720735,-4.593219086979226,-4.538646904762948,-4.653645834021235,-4.420636897095356,-4.493371046751775,-4.483321136838475,-4.493207373987661,-4.493450866424631,-4.493592561619859
2013-03-04,-5.304402813589202,-4.786859267816336,-4.761795807204527,-4.848792212979905,-4.80530528243549,-4.75114568934731,-4.762970641925374,-4.862932723264386,-4.74363938449307,-4.711857225736457,-4.786196360826051,-4.786186900029339,-4.787572629158574,-4.787638028076446,-4.786256418748335
2013-03-05,-5.289261322855975,-4.894650579795036,-4.816663461280843,-4.9739532819103065,-4.952808399406459,-4.856114937059385,-4.822594348247051,-4.98322927999612,-4.888393636112506,-4.8280662022026,-4.886985955339525,-4.893165602876794,-4.8869995725332585,-4.886617333937817,-4.886983338768494
2013-03-06,-5.2894006194883385,-4.960611372004322,-4.888643481647367,-5.02190930781546,-5.004523414487498,-4.931385017796152,-4.888167171283268,-5.041737276098261,-4.961347416707184,-4.906175955822447,-4.951546023074461,-4.954621662237296,-4.9523033496272255,-4.951797574746815,-4.951583667900978
2013-03-07,-5.270713621675107,-5.094662424443882,-4.993450760589993,-5.171719490292639,-5.063732394179715,-5.070652125278151,-4.975106132827039,-5.185981077669109,-5.003543171150507,-5.068669402135796,-5.078335814029649,-5.088857438850468,-5.079222566095531,-5.079012773384472,-5.0784750833497885
2013-03-08,-5.262212871426327,-5.227709637474626,-5.0596821571113395,-5.2574517282071,-5.255685836502383,-5.185316975102847,-5.039674557648964,-5.251354910929888,-5.138990116761049,-5.150346802158637,-5.2001886643329245,-5.212010027569281,-5.200562869295965,-5.199770537629985,-5.200045267258888
2013-03-11,-5.235506584752058,-5.394414317580755,-5.229963764637525,-5.459147781513004,-5.461773166305043,-5.361715956830956,-5.200600392293952,-5.493793309190782,-5.409585046517075,-5.333751243114135,-5.36494495388213,-5.379927177126525,-5.365479991261854,-5.366354123998821,-5.36500123600415
2013-03-12,-5.228929617009788,-5.226045740108907,-5.2441932213519,-5.320410595702407,-5.260564904374972,-5.199736538234238,-5.249040514389711,-5.368284158830833,-5.29007162005409,-5.194431248731575,-5.232000844865044,-5.227106197561444,-5.231873600482329,-5.233340326009943,-5.23225799703963
2013-03-13,-5.085153678705387,-5.287134805499036,-5.268551111332489,-5.393404182349961,-5.362162842920653,-5.251715513403593,-5.2756528854582525,-5.4331963738189435,-5.3907142458434025,-5.239188910550132,-5.290487302476694,-5.287842256277152,-5.29091331944078,-5.290860440796679,-5.290790587181251
2013-03-14,-5.043375696470894,-5.5174410491523815,-5.280675769674438,-5.588025175606316,-5.540240776009653,-5.485928945303703,-5.2344352737199715,-5.591765144701072,-5.431476851860017,-5.4509046535414605,-5.473540410729176,-5.488023475404111,-5.473874882683533,-5.473508256566267,-5.473446255567023
2013-03-15,-4.9578591502912985,-5.35361572765359,-5.2001572283501805,-5.4180836219782265,-5.393905925690479,-5.3239259018610525,-5.191725383836471,-5.419531621062084,-5.327956898972358,-5.292030171432176,-5.328400754675487,-5.341086658054482,-5.328269116200063,-5.328131943105856,-5.328438127478359
2013-03-18,-4.899744733123888,-5.116277005159198,-5.116859590684936,-5.180169546714147,-5.2035908560681685,-5.088688940708431,-5.129252669344507,-5.202458253965369,-5.230677344028543,-5.085122955810075,-5.121553345633311,-5.117438553163009,-5.121789680106721,-5.121923791591337,-5.121727785502329
2013-03-19,-4.937032159414043,-4.680636831975349,-4.772365483988364,-4.757848089191092,-4.727586285552707,-4.687232427959567,-4.805557568505183,-4.795080683290934,-4.794228501670531,-4.69943650041994,-4.702022688637655,-4.694546152342847,-4.701879321487601,-4.702517882664922,-4.70233210852839
2013-03-20,-4.914865834573313,-4.9188183558032135,-4.923032529081568,-5.025513691475644,-4.96017144968825,-4.932072051788613,-4.949399370284887,-5.053141224697321,-4.980862247892235,-4.938321695991318,-4.924868703316302,-4.920406116072337,-4.924979319217493,-4.925712684901708,-4.925079968540281
2013-03-21,-4.847319473055542,-4.781555041617738,-4.871335681474482,-4.905774751558837,-4.836405643732564,-4.765732146557861,-4.907261815447735,-4.95009792847679,-4.930829084437431,-4.766216005817466,-4.805066914624468,-4.794225353377881,-4.805434458750411,-4.805695966623416,-4.80544858573867
2013-03-22,-4.8495736173819015,-4.898019064859585,-4.974565924907466,-5.001293049099773,-4.9115453128065285,-4.893867438134158,-4.99880475401091,-5.047186065923535,-5.02030702280574,-4.921570156509522,-4.916327727171984,-4.906892424829703,-4.916921531664916,-4.916365989106927,-4.916684418050927
2013-03-25,-4.898157173415603,-4.570799642003593,-4.777376754588834,-4.681104283231274,-4.641777049271461,-4.574589087793197,-4.8258830995904605,-4.7286461193557505,-4.824590512975457,-4.603855479349377,-4.61869285526488,-4.601215338336896,-4.618276369939581,-4.618459149731224,-4.619229419512159
2013-03-26,-4.890389806160282,-4.909458237380178,-5.072790909337568,-5.000467483356532,-4.953160000592551,-4.87337202289266,-5.109752120991651,-5.0398651840338555,-5.084033778001239,-4.88386085318974,-4.946446220136276,-4.932696282941325,-4.946384369981469,-4.946014863333524,-4.946787664430194
2013-03-27,-4.897912417097874,-4.9060298812771554,-5.075945196631649,-4.992178393161812,-4.958048957536321,-4.917294490170377,-5.109795449127944,-5.045679399008915,-5.073868474691979,-4.960428322174327,-4.9425011768943286,-4.927703456650297,-4.942415528833378,-4.9429949345341315,-4.942955865093951
2013-03-28,-4.8832090766584,-5.096927928400954,-5.070681559671141,-5.179499254363603,-5.1006534113651085,-5.103308761623963,-5.081775205382021,-5.220815448694886,-5.116928637120766,-5.111016313263571,-5.094128451659088,-5.095018827053849,-5.094293114652503,-5.094689045672858,-5.094382122824493
2013-04-01,-4.872539420393003,-4.953476130046526,-4.96778813669356,-5.034913196476575,-5.059541574079281,-4.934295540876438,-4.975317511189124,-5.075938112829256,-5.087289433868861,-4.957848723060074,-4.958950868123936,-4.956355489828707,-4.959904768994522,-4.9599275335982185,-4.9592151305991585
2013-04-02,-4.880040423965939,-5.110009726855215,-5.0434905116894715,-5.177916852406722,-5.152151741524114,-5.124112914383956,-5.021706087621028,-5.188129503387584,-5.056280811761939,-5.083426016616952,-5.100451658329188,-5.108157123849017,-5.101203143696245,-5.101329292400905,-5.100570875179164
2013-04-03,-4.912383284622046,-4.924865379764997,-4.777133258828345,-4.986174855105761,-5.028626055388026,-4.872158534123913,-4.7473992334501345,-4.991717323544974,-4.887130508340451,-4.814884917082873,-4.90038674090372,-4.914641583112706,-4.900861304685622,-4.900845492897684,-4.9003483997071235
2013-04-04,-4.945355090784105,-4.918639046161026,-4.8247593773061315,-4.986272600866498,-5.0112348423090936,-4.914312086900927,-4.809606448266096,-5.009452612467301,-4.956125543829671,-4.895356678452006,-4.903745279917219,-4.911291575740807,-4.9039591799048745,-4.9044601354288195,-4.903866621284372
2013-04-05,-4.9659813818369525,-4.9114102163249065,-4.774188361677755,-4.99156119339621,-5.03417277757877,-4.843804705316499,-4.753436187353967,-4.999875414422979,-4.9653525421186835,-4.823102536538669,-4.8876692386599006,-4.905298052443227,-4.8881785990605495,-4.889429882087136,-4.887662723211084
2013-04-08,-4.975174008815399,-5.037876244488489,-4.894285123884165,-5.136423794240094,-5.142723548435393,-4.98027550977778,-4.889915594532896,-5.140521499750591,-5.101219829273005,-4.965296323029111,-5.017361823182824,-5.027131000013676,-5.017874269051664,-5.0187986463833525,-5.017510849745418
2013-04-09,-4.959983943649097,-4.965719081337987,-4.879314239517865,-5.06815780673523,-4.973569083420092,-4.934098621985655,-4.851644281377536,-5.076634644387572,-4.919264378138979,-4.953593803164095,-4.949923789243531,-4.957490226496256,-4.949902461356827,-4.951873006476034,-4.950165285661823
2013-04-10,-4.941623329486699,-5.062254619195562,-4.9477830443360915,-5.156752356216397,-5.114056048086759,-5.01894386104005,-4.9361974000989175,-5.176959828219875,-5.0744849166719455,-5.025411690548758,-5.0439035342380825,-5.0535324362047245,-5.0439789593617785,-5.044217951445763,-5.044177730773891
2013-04-11,-4.9463915712442,-5.026462383981499,-4.987176583028209,-5.098769725089244,-5.067593609047743,-4.944923904175268,-4.955939940658032,-5.122710279591168,-5.056457740430214,-4.956827074247079,-5.017624746645722,-5.026748107054635,-5.017906976273545,-5.0188238872074615,-5.017745597566742
2013-04-12,-4.952322105615533,-5.046964699939752,-4.908209872408224,-5.15491974298205,-5.069669920072215,-4.9804549835126055,-4.869483869503187,-5.178533516527738,-4.9961832523100576,-4.965268557733665,-5.021018770671902,-5.039092071317736,-5.021257078153592,-5.022227280715793,-5.021212222261391
2013-04-15,-5.054017957915355,-4.464617267571636,-4.502161215404389,-4.552617451554413,-4.526260792878872,-4.477509996877992,-4.523143403872154,-4.587787161724144,-4.576143713970147,-4.515642791957182,-4.47600137452487,-4.468095029953394,-4.4760756079225,-4.4765267496314145,-4.476366367233872
2013-04-16,-5.061990006066508,-4.680290961345079,-4.675360687663371,-4.760325624072258,-4.754656353698212,-4.653806896276513,-4.676949643808743,-4.783494869884788,-4.759459649866647,-4.654731383354572,-4.683210870873826,-4.682998014705925,-4.683366671280565,-4.684256422488929,-4.68349888912266
2013-04-17,-5.151237412323731,-4.40442660712584,-4.41451673226246,-4.504891128545447,-4.399669537718548,-4.49779829189143,-4.428551575328307,-4.532590243934379,-4.420790403184077,-4.534497717982857,-4.408441398550881,-4.4049355178203164,-4.408981023716517,-4.410033962709775,-4.408824966876467
2013-04-18,-5.230568862006257,-4.346916424392533,-4.300536054962298,-4.440064673480997,-4.396203376680946,-4.341056673929465,-4.285175517676398,-4.458465017418255,-4.359649586198291,-4.364216908037055,-4.338626061768297,-4.347154417561646,-4.338891611821107,-4.340904870870215,-4.338889453085935
2013-04-19,-5.252249269932472,-4.451569231163449,-4.4480985281270415,-4.546051924780875,-4.499846463319955,-4.502724831324085,-4.447168115967027,-4.586150195800003,-4.52262602537868,-4.5343478842751015,-4.451496859098883,-4.452868951842721,-4.452167230851569,-4.452390237685689,-4.451871128625106
2013-04-22,-5.128955348841738,-4.5320457428134135,-4.557168878989186,-4.6428691894470715,-4.625426681801608,-4.514779215381141,-4.563394324290354,-4.695479995840489,-4.646472603043533,-4.549091216634617,-4.540757067947486,-4.539683886903861,-4.541118202825369,-4.541890261364224,-4.54118244104885
2013-04-23,-5.146163778281438,-4.286707613013849,-4.06601385782584,-4.370851882261352,-4.286844535311989,-4.391818669605718,-4.055520432244494,-4.391307551203967,-4.1372039098728655,-4.322067123248044,-4.250313555766394,-4.264198750820063,-4.250683172112368,-4.250046922923172,-4.250421598557808
2013-04-24,-5.116695391068572,-4.720847012302689,-4.590761218059263,-4.894282386220134,-4.832727198664258,-4.780804508381971,-4.578515985910708,-4.965558149382734,-4.771975996277508,-4.755412440608999,-4.705564230784376,-4.719475624362332,-4.706959560870595,-4.70646177100383,-4.705978227719705
2013-04-25,-5.083493232368644,-4.8085910090295885,-4.5665110120628745,-4.945041106875029,-4.768389978095719,-4.88450091225778,-4.54021437310643,-4.978767856428432,-4.595090831221294,-4.806814438805795,-4.765726074286737,-4.7928514339516095,-4.766266899489282,-4.76761064776822,-4.766030240603815
2013-04-26,-5.030733394519994,-4.73873690233406,-4.749594654458234,-4.8504331110861045,-4.74364361837979,-4.729771488849267,-4.746438333097267,-4.89763269825187,-4.753057134768262,-4.759593516435584,-4.744739254990949,-4.741187754758858,-4.745113641188515,-4.74607323703804,-4.745078669207263
2013-04-29,-5.003411884224041,-4.886568675502989,-4.891515547576072,-5.021113075007029,-4.9017269717761325,-4.889423363095947,-4.898441242182321,-5.080191442649138,-4.894152165356838,-4.907119601459865,-4.892932170994169,-4.88712087683545,-4.893520439589201,-4.895116274317456,-4.893359531256659
2013-04-30,-4.940539490696051,-4.956734602541991,-4.87994673673423,-5.123357295544695,-4.959931329743727,-4.936522983414109,-4.857066332966312,-5.1645463680205435,-4.911383013614804,-4.904205826155361,-4.9459198666588415,-4.95507896992998,-4.946268011658134,-4.946796770425965,-4.946244446604245
2013-05-01,-4.851739638596248,-4.847061258714321,-4.755698369851872,-4.9499101396070095,-4.803832124004605,-4.794450766497368,-4.730348219502672,-4.978504762688327,-4.71591175626163,-4.791841195073652,-4.830356305227671,-4.84192494866344,-4.8308578975897225,-4.83134807494425,-4.830575182441007
2013-05-02,-4.7865434542942,-5.043180436604749,-4.795656727156573,-5.120918837976341,-5.010081311095055,-5.028215298496062,-4.7260445510902915,-5.141475188850287,-4.8000554832069,-4.91349405948717,-4.993362982733866,-5.02490178754576,-4.994650511396978,-4.994100235665103,-4.993402980852262
2013-05-03,-4.716870780763466,-5.139912221053359,-4.867801602110473,-5.2263348534482414,-5.214062905768143,-5.139573492581407,-4.827151289572651,-5.2276739787360045,-5.047791804077893,-5.008263539285553,-5.093324053150113,-5.112992461873083,-5.094319199371677,-5.094275525669035,-5.093118626031783
2013-05-06,-4.637367544089029,-5.273938959120375,-4.986241508712909,-5.376782640020326,-5.2364627941566235,-5.177960996701626,-4.90474748807869,-5.351867615657197,-5.015096689178347,-5.0133751409230225,-5.217824407179282,-5.237655074623452,-5.220016955459035,-5.218907155309125,-5.217682095306684
2013-05-07,-4.602706188656276,-5.214497432437648,-5.026417336015519,-5.3513552549488335,-5.197425305600363,-5.172011708241013,-4.991925676769887,-5.3561597507761585,-5.058686881615541,-5.109026564743647,-5.183749694499356,-5.199245534771022,-5.184120605413857,-5.185597500108777,-5.183957788226416
2013-05-08,-4.5794736383482535,-5.365331936472634,-5.1473935760891365,-5.455672382748556,-5.312789169705711,-5.252421604369195,-5.082602876516444,-5.4593546700963245,-5.1542802965482295,-5.169769185778626,-5.322837790854103,-5.345731609608455,-5.32390741354337,-5.323701090496478,-5.322745172666798
2013-05-09,-4.556408142585059,-4.997837509820103,-5.055986511376846,-5.110381161722087,-4.942136358554891,-5.011058383017874,-5.066733211464465,-5.15580414188494,-4.958102013056116,-5.041419765852057,-5.010682452943443,-5.005486016104644,-5.010771886681023,-5.012366578252948,-5.011122738666417
2013-05-10,-4.528650069419388,-4.921983337097154,-5.014268301209877,-5.023020744228127,-4.856247899757928,-4.925950434185853,-5.030866153539008,-5.073157181221194,-4.8653400078295865,-4.92104636688621,-4.941508041655148,-4.929499134908969,-4.941752125266579,-4.942254583356525,-4.941894745706081
2013-05-13,-4.5029123952231584,-4.98500140909464,-5.030962676181034,-5.094628626920579,-4.984054702238864,-4.946270506421284,-5.031546063650707,-5.14450562175211,-4.989520359151151,-5.003217432172856,-4.993857775783875,-4.9882466649691,-4.994481899328546,-4.9948228082117545,-4.994242852280476
2013-05-14,-4.464591978465336,-4.985433151826978,-5.046403610450541,-5.113363013995241,-4.934578929511716,-4.8820682698969735,-5.0347339711731465,-5.14991528616587,-4.955498938039327,-4.9433192751749875,-4.99503497284803,-4.99227458578014,-4.995147894045108,-4.995584416629215,-4.995306197295943
2013-05-15,-4.449441839531854,-4.846837163713107,-4.920334978572986,-4.943035126247757,-4.810768333520605,-4.740223130820561,-4.913168595722302,-4.993207017447758,-4.819790057297381,-4.815130131288896,-4.859855999664511,-4.857930468806494,-4.860649692169934,-4.860474119220093,-4.860167064600853
2013-05-16,-4.4560360579147265,-4.873212749756847,-4.8517613983918535,-5.002205884560567,-4.863826447831565,-4.705820622864158,-4.825260631650321,-5.041670970535765,-4.843017365885039,-4.743163369534498,-4.870273320691851,-4.874484375747596,-4.87094055768424,-4.870057430376029,-4.870561426485897
2013-05-17,-4.380498921440822,-5.057673674742305,-5.004746196143148,-5.186078519587945,-4.99313213790712,-5.034665666102343,-4.994209933700228,-5.235004129369672,-4.944050145457239,-5.040873836749911,-5.051011801480513,-5.057648983310205,-5.051285157230585,-5.052194328029998,-5.051358974864808
2013-05-20,-4.328197002509352,-4.996992738581953,-4.992234766213502,-5.087900941483093,-4.993814120352136,-4.86306545584974,-4.96572665461321,-5.122134067193052,-4.974870331404266,-4.883748131837801,-4.995871733662036,-4.998636283030235,-4.9961336294621095,-4.996853653041336,-4.996085088639664
2013-05-21,-4.273796437593845,-4.9194768550608,-4.962692063588737,-5.0105792024706615,-4.864485781757746,-4.733341282770597,-4.934714153313697,-5.052859719531539,-4.839849220376036,-4.796436761831325,-4.925522905441245,-4.922973627854194,-4.925877890616375,-4.927638501668292,-4.925851465856662
2013-05-22,-4.2493995821315735,-4.426409519343386,-4.434883060684121,-4.487032074562235,-4.3950769248588735,-4.355633018322898,-4.421686823481623,-4.507789731492518,-4.374702227078646,-4.396830451100604,-4.426486289204289,-4.428621542569349,-4.426600294089429,-4.427096118481028,-4.426734330780077
2013-05-23,-4.253579024265008,-4.456763492762148,-4.524751331582663,-4.50962444772102,-4.427169238410868,-4.369880179405345,-4.524952803472324,-4.54381057986515,-4.448089269150537,-4.445715330069684,-4.469992070364422,-4.466108159540783,-4.470245817495455,-4.468434407038664,-4.470221990287773
2013-05-24,-4.251708464544054,-4.5975861169174,-4.701083810015117,-4.666424167840973,-4.574990193679884,-4.580073905257371,-4.734959374432712,-4.708758956013936,-4.583846333338338,-4.714806154977053,-4.621571485166864,-4.6078303898164,-4.621484687570204,-4.621787240966983,-4.621971391138796
2013-05-28,-4.2528879938041175,-4.548699529202667,-4.636368701683252,-4.61935014640794,-4.488709942790041,-4.469995723992678,-4.642877242921484,-4.657471931446049,-4.453206903673461,-4.545454726106872,-4.563443794676007,-4.554704296900425,-4.563462932489866,-4.562483275599855,-4.563744136014003
2013-05-29,-4.258281593083672,-4.393021766797502,-4.489676596273674,-4.420410528380451,-4.333163737887964,-4.357144863014224,-4.4972610133876065,-4.425146670484422,-4.299918587010987,-4.4148126830606484,-4.409379609353358,-4.401551778162324,-4.40983474033259,-4.407614391587488,-4.409480637509848
2013-05-30,-4.260257864984622,-4.596771920431557,-4.718510433603764,-4.615266690696622,-4.554679040466771,-4.4443595321726574,-4.712774442397233,-4.636469631933918,-4.53852422450606,-4.563512671580623,-4.615075452110957,-4.6055155977307125,-4.615137395907524,-4.6137296478979115,-4.615331400647726
2013-05-31,-4.2732738633148335,-4.43489677801179,-4.603644837627114,-4.500661090646561,-4.361488361666174,-4.386311074343257,-4.633577180199103,-4.54633670580759,-4.318958530920465,-4.545343599288956,-4.465090287027382,-4.447339481426544,-4.465229299089652,-4.463627571479636,-4.465567871412188
2013-06-03,-4.315583175316321,-4.247528362054565,-4.328931268480942,-4.266748408129856,-4.195917121762261,-4.1301744281898225,-4.319065961612847,-4.308789947320737,-4.156319990334872,-4.245161478321713,-4.261954063683958,-4.260462242365866,-4.262119646644724,-4.2587944386495495,-4.262295920348202
2013-06-04,-4.326155577253427,-4.285329675109836,-4.356279401917724,-4.333243705222375,-4.277176631947836,-4.214604118808568,-4.361421838123877,-4.373557312407541,-4.268108427505929,-4.282999523894119,-4.299437247846038,-4.2920378658195695,-4.299717015684456,-4.297958643049746,-4.29969062426791
2013-06-05,-4.36307253063811,-4.237656316157197,-4.351846561754329,-4.300062711791614,-4.22885562637564,-4.169252429110298,-4.367041509985191,-4.344559802019955,-4.226288531379227,-4.262749550576615,-4.260562552131277,-4.249051312943998,-4.260830276997023,-4.259334352382424,-4.260892989710257
2013-06-06,-4.415394243935658,-4.144543699366182,-4.299324433856802,-4.202029685160164,-4.137285133957656,-4.1169265663759465,-4.328828614210895,-4.244949427403289,-4.1434838429539615,-4.235584136930206,-4.175281637723723,-4.159466906953599,-4.175117447604404,-4.174502120809208,-4.175632895261015
2013-06-07,-4.422415992043895,-4.281841430075635,-4.437381005700169,-4.35145012381814,-4.256745417362613,-4.156963748469676,-4.445049283296982,-4.3888340269675306,-4.251038254651257,-4.320690735903151,-4.309149023372885,-4.296482347447187,-4.309566400610512,-4.308502155769773,-4.30949037888744
2013-06-10,-4.437099762125621,-4.412174052739903,-4.6184745961726446,-4.488240194279602,-4.393104426551732,-4.205425791216135,-4.632937371565622,-4.528816923587185,-4.393507097943352,-4.367042556876848,-4.449877673052328,-4.435908443178439,-4.449937484501494,-4.449843669004347,-4.450289309448198
2013-06-11,-4.473664186048934,-4.303495069077685,-4.52485781999634,-4.391735308401355,-4.285230677635018,-4.191399011280338,-4.554820841203991,-4.448171076197757,-4.279933821526513,-4.338670881631628,-4.346095346272105,-4.331541273914429,-4.345786525904082,-4.345244042935075,-4.346627595266266
2013-06-12,-4.522510954054865,-4.294242742781236,-4.487196614520456,-4.39379246974072,-4.269134206865364,-4.21294907141304,-4.525466438413869,-4.435216559426271,-4.265830120096961,-4.355329363019563,-4.332385722684554,-4.32171664145841,-4.332014406433087,-4.331276205888405,-4.332858704862236
2013-06-13,-4.552877463383531,-4.384024162402911,-4.570869150190204,-4.458299512677746,-4.3662925970455015,-4.276168483566219,-4.6082628254611695,-4.519658025987934,-4.364252727811432,-4.419171448268047,-4.421847205312454,-4.407979192959386,-4.421365382003376,-4.421328735478456,-4.422316275557256
2013-06-14,-4.594785126636688,-4.298418407471632,-4.515492351216731,-4.373137130690158,-4.276692136559035,-4.185624679748949,-4.560817645248339,-4.413364814311802,-4.277145462410857,-4.346515352442275,-4.340457957734344,-4.326003579356367,-4.340374973800409,-4.339818620832792,-4.340915287766238
2013-06-17,-4.6278509383446575,-4.337458776042918,-4.594622484266379,-4.426116548936504,-4.319208690522091,-4.156163176894166,-4.6322017817211645,-4.467446029080067,-4.319320902088196,-4.34227291174676,-4.3846815561439225,-4.369744303744196,-4.384540882127358,-4.3841700793112395,-4.38516016394323
2013-06-18,-4.63304087916602,-4.5759301974091136,-4.744733478421912,-4.663537683403674,-4.562948175130944,-4.337189813619374,-4.772537898656349,-4.715963176713514,-4.564000973989608,-4.450762455476664,-4.6078176437314,-4.595920418235513,-4.607495689084827,-4.606181483612911,-4.608240394002517
2013-06-19,-4.7384465836577405,-4.122723933471607,-4.2965441803810105,-4.179227879990881,-4.098330009420084,-3.929599093505223,-4.32604470120781,-4.219942641035559,-4.1022288314097235,-4.041192871093135,-4.152741897866889,-4.1422390444661215,-4.15260313648204,-4.150906272446284,-4.153080309659542
2013-06-20,-4.834560286098034,-4.105286923195966,-4.210432757253147,-4.173975017676037,-4.086553408071836,-3.8305007051782334,-4.224667282979263,-4.206857464105901,-4.089687927512197,-3.8621668153708075,-4.125466782778853,-4.120693996597039,-4.125484094998262,-4.12320041569609,-4.1258705977099455
2013-06-21,-4.9378335981211645,-4.024752283660708,-4.072125645451189,-4.0970486900914,-4.015861925336563,-3.832124119333031,-4.083387456493049,-4.123578979235957,-4.017359141099748,-3.829258631992048,-4.036611399319504,-4.033719680934588,-4.03657233107367,-4.035509953867411,-4.036910816996791
2013-06-24,-5.121804235213272,-3.874426389187673,-4.010810034535212,-3.961778946509786,-3.8590631676119425,-3.685521786834488,-4.046821172191596,-3.9948201013724347,-3.8606270021940614,-3.7049033367637163,-3.9038555972637607,-3.8972685713893274,-3.903609839630725,-3.9026990954745164,-3.904269454138902
2013-06-25,-5.193283110472418,-4.014809860230424,-4.250429671176191,-4.113601947842508,-3.9945900925411255,-3.7837727956121547,-4.311959208425599,-4.161950090774195,-3.9989654426285415,-3.8404224085762437,-4.06437277256787,-4.045847130258491,-4.064282786822811,-4.0621561202421415,-4.064957347450368
2013-06-26,-5.229914564944717,-4.197193317799016,-4.389104420284101,-4.300413205165815,-4.180868008855674,-4.017364981032355,-4.433096839233731,-4.345301211852876,-4.18905397214193,-4.029604196625692,-4.2370331745448215,-4.22106508703468,-4.2369857210798525,-4.236443915651982,-4.237530736018893
2013-06-27,-5.2622398757876985,-4.250535152854253,-4.434303262983517,-4.374608648331447,-4.227683143294161,-4.064225334522854,-4.496285373251249,-4.43326028920922,-4.231476011419619,-4.075461822119775,-4.291468799213678,-4.278946341583488,-4.291422594506053,-4.290560859320847,-4.292055217398022
2013-06-28,-5.28706940756884,-4.215577545059568,-4.383030552899294,-4.336791047019513,-4.187492787075593,-4.095465301655167,-4.442102343377921,-4.376953105484191,-4.195182954410628,-4.103403067010416,-4.251369500837568,-4.237622916548823,-4.25116716383022,-4.250133885860466,-4.25192516759016
2013-07-01,-5.326084541429506,-4.452308196625898,-4.502044733847569,-4.588963310123062,-4.425320278056882,-4.27931139979052,-4.536565914290393,-4.6219865436433105,-4.436059469890329,-4.214732726055406,-4.4660832072021845,-4.460454866651546,-4.465923120227243,-4.46477697355432,-4.466491914731501
2013-07-02,-5.410810331493586,-4.38371854329872,-4.575340292863948,-4.502602066125305,-4.36845620632079,-4.2677524293965075,-4.612953889889524,-4.540684306952876,-4.375601998347345,-4.24924347501559,-4.422330261300575,-4.408621171675106,-4.42175044808476,-4.421105944911778,-4.422744757746299
2013-07-03,-5.483443097360497,-4.441424349235965,-4.638217680033234,-4.564679310028973,-4.420795686644014,-4.328473116151077,-4.673188597477785,-4.605630360605991,-4.431539141011386,-4.299032731485334,-4.478919218574003,-4.464506602635775,-4.478749069242862,-4.4771330276569365,-4.4793754693414565
2013-07-05,-5.5726158768044805,-4.358319148837407,-4.550453686645301,-4.4814073701391255,-4.337837203180962,-4.256826365692045,-4.610084930843504,-4.540910950402603,-4.350185226907735,-4.232042005505512,-4.399919665238732,-4.384079766643019,-4.399790971686204,-4.398368496157177,-4.400491708314888
2013-07-08,-5.5847799478045115,-4.588629724730083,-4.6997562318263535,-4.704577741552212,-4.572090611975948,-4.487767442447867,-4.730946495859665,-4.762913443224061,-4.583458484875391,-4.467353881496415,-4.613667544505077,-4.602363525978927,-4.612953426450211,-4.612796311718007,-4.614061768136072
2013-07-09,-5.5803023869378405,-4.710138003077694,-4.760030778484698,-4.843374429464869,-4.703548913981582,-4.626759055301234,-4.774434049470537,-4.870683940865809,-4.708440970738431,-4.597656001025076,-4.723492649860988,-4.7196679370756645,-4.723528514794609,-4.722555235449107,-4.723776952645115
2013-07-10,-5.612502247097315,-4.548306856251034,-4.643531871912862,-4.668690677266268,-4.53262302997373,-4.447495959793536,-4.673365642664689,-4.718917868257116,-4.5418220349695355,-4.405374913706454,-4.570097402353751,-4.560083943490863,-4.57001243105101,-4.568356850645413,-4.5704013053970005
2013-07-11,-5.613461563368478,-4.79292929102923,-4.764618966335139,-4.879955526174346,-4.782659384400647,-4.705784120858594,-4.771096565837873,-4.895061413785971,-4.7896248092343,-4.668085228758008,-4.790346622167194,-4.7927351822102775,-4.790125082157124,-4.788940081632353,-4.790364338503255
2013-07-12,-5.581137854143518,-4.94265746658385,-4.871407872854235,-5.0691724196296075,-4.920157051792901,-4.882919263086535,-4.861021538052859,-5.0917346774687315,-4.929560465794599,-4.867674072756071,-4.930446376904404,-4.941052265256893,-4.9311734242410585,-4.9285954598733825,-4.930623445041567
2013-07-15,-5.532762184242177,-5.214900170558196,-5.001502009594858,-5.323694009141081,-5.1949732614981485,-5.149115231191888,-4.990182742676288,-5.322579992234277,-5.202462863173849,-5.1194217301678995,-5.177910090333125,-5.194295340765232,-5.178696531617559,-5.176139352539175,-5.1777978461358645
2013-07-16,-5.4697466143871605,-5.012967916303899,-4.96135648623592,-5.128810850631649,-5.0022341832861805,-4.921819441439996,-4.956144603848011,-5.132524929913251,-5.0065425180469845,-4.870434885605971,-5.00854832065813,-5.012551851593633,-5.008859402244672,-5.007450683425644,-5.008657351573673
2013-07-17,-5.433938047088809,-5.069563160707775,-5.025910197344134,-5.1571545393055,-5.059555794734249,-5.000883642498264,-5.03827575009744,-5.166542783599467,-5.0619377093525335,-4.9695029366779515,-5.065325716336045,-5.070714236961614,-5.065591688094603,-5.063352777259038,-5.065369319390708
2013-07-18,-5.416341180811708,-5.148589364247043,-5.015567802743727,-5.267548535726827,-5.137831469922408,-5.111194863237135,-4.981990186932176,-5.248696409403642,-5.139988308502079,-5.086987185745147,-5.123336378374981,-5.139855881634055,-5.125303304631329,-5.12227559036238,-5.1232971245924155
2013-07-19,-5.412209458071854,-5.133199715158435,-5.040882405336853,-5.251828578040597,-5.120399997968203,-5.078082686132644,-5.033950749870309,-5.28391186987084,-5.121346300264261,-5.043282621588303,-5.118834440386481,-5.129879455017177,-5.11843222149156,-5.117569497007907,-5.1188766305519815
2013-07-22,-5.302802104757975,-5.235169077240591,-5.057892997249903,-5.37327166601606,-5.217736131478544,-5.190664124826337,-5.037449531501048,-5.3971284824352415,-5.2120609821995325,-5.160729123305721,-5.204869336734514,-5.218234248882439,-5.205564503257043,-5.205735098540039,-5.205061962637815
2013-07-23,-5.292114139038471,-5.3040947490947055,-5.091038299321086,-5.426225597216356,-5.2858495207174645,-5.262070899391704,-5.037314568857397,-5.407969808485405,-5.289235497701651,-5.225767781726029,-5.262542531895778,-5.279020322380134,-5.262776685687249,-5.261901581465365,-5.262558888788963
2013-07-24,-5.299000575773492,-5.085385911577854,-5.019958364478633,-5.196542996067402,-5.068290477606551,-5.043589073601411,-5.015001604623114,-5.203121880623197,-5.069982465599913,-5.02820648126099,-5.072497088969265,-5.081209238996964,-5.072550843221664,-5.07170480917824,-5.072595751399633
2013-07-25,-5.289345599028,-5.134401712055005,-4.908082428389851,-5.222278442140897,-5.117762672621975,-5.103910385212362,-4.87732416687678,-5.23671215198681,-5.119224341442707,-5.085623758896138,-5.094370170901026,-5.11600923506684,-5.094442382013582,-5.094199905545728,-5.09437515388685
2013-07-26,-5.241981886969974,-5.081756187759992,-5.061282311551065,-5.184542257977847,-5.048928024318234,-5.062622333472422,-5.080855552991594,-5.234495630138833,-5.041073300950233,-5.054041667402938,-5.081074638011253,-5.080721579593449,-5.081323701880795,-5.079837147750487,-5.081392470935737
2013-07-29,-5.216027775183998,-5.16402811896605,-5.114845304117059,-5.23983159844338,-5.139506994718728,-5.134889805805918,-5.143289794602501,-5.261790200735984,-5.136755690197711,-5.108992156578028,-5.161924497700339,-5.164511036241922,-5.162918906531401,-5.1604117344101805,-5.162062597452205
2013-07-30,-5.201477753276884,-5.117188835239568,-5.049302775720111,-5.206740327755189,-5.0869324935791385,-5.087908249611181,-5.044335007005649,-5.216331925733736,-5.077893048093421,-5.0708179124357216,-5.106517885440662,-5.116608444103685,-5.107383320246009,-5.105357336094383,-5.10644325064961
2013-07-31,-5.184401879849025,-4.9073223275845566,-4.851697521191699,-4.923286795527706,-4.849168367132569,-4.873675677621768,-4.881440231545172,-4.894979046828219,-4.837828325327371,-4.857679209732956,-4.901445369750819,-4.907639357894655,-4.90160537789249,-4.899264958404496,-4.901400891605617
2013-08-01,-5.138108109961218,-5.2061355208459945,-4.856865416024047,-5.280373065274849,-5.161853445809819,-5.160779015311831,-4.836618382057742,-5.2284275890335,-5.143573949139472,-5.132584716882477,-5.145941607653096,-5.183921946737105,-5.145906095351112,-5.144974123462422,-5.145632574552993
2013-08-02,-5.119593804017678,-5.33712192854648,-5.0796838975189225,-5.413471151175887,-5.295997794743837,-5.303766321834067,-5.051592409404745,-5.386928742440411,-5.28143883966527,-5.285566818134625,-5.2924223189148885,-5.314180279495847,-5.293398918374625,-5.292177770351758,-5.292276281478461
2013-08-05,-5.106938642528317,-5.422761688798039,-5.233505298239778,-5.485317534001241,-5.395886801617544,-5.3913972821690885,-5.222705850093799,-5.465407434399789,-5.373934882466182,-5.367843800622386,-5.392503807887027,-5.408270927159753,-5.393660018472536,-5.391320887409894,-5.392484035691547
2013-08-06,-5.003720482550837,-5.284921752280521,-5.095122099220027,-5.36336616434868,-5.245614072301753,-5.2467162506435345,-5.090125350969142,-5.3707567477009714,-5.222056766170826,-5.226230546309717,-5.255266566164718,-5.27227277672498,-5.255927197097837,-5.255414966020252,-5.255214071309109
2013-08-07,-5.0119576472293215,-5.347642650022613,-5.1951363749322965,-5.431762339600199,-5.309037282399576,-5.311734678283317,-5.166523227664317,-5.421700732344961,-5.285422828986647,-5.289653453639926,-5.321380727381753,-5.339672547275334,-5.322034655417765,-5.320605762138076,-5.321306630759108
2013-08-08,-5.023089469192023,-5.324516803962175,-5.218260560851809,-5.369962447172564,-5.292337747840774,-5.277169626896185,-5.1971533255469975,-5.346611797483477,-5.2743518545592725,-5.2397550654802005,-5.304267428801488,-5.318700330824661,-5.304451653036597,-5.3028987831020915,-5.304113449900822
2013-08-09,-5.043093547412407,-5.182664192207408,-5.166975704021701,-5.274637188500592,-5.135117787324923,-5.156753891854547,-5.1896752388144956,-5.273465068883792,-5.108527898780223,-5.145189050974477,-5.18380706635705,-5.183960813157505,-5.183954641282945,-5.182560095178493,-5.183926542691824
2013-08-12,-5.044055673649746,-5.265909679620284,-5.183304851198886,-5.322750684047035,-5.245397875428468,-5.239888196540795,-5.17230243928092,-5.3200164320565575,-5.228522694910904,-5.2237818870049955,-5.24966181144615,-5.263959112368873,-5.250646319791922,-5.249610323148918,-5.249647377544472
2013-08-13,-5.069712580442843,-5.116891673519216,-5.159147957740925,-5.172661165695459,-5.068007268022961,-5.081150593421257,-5.155784550498289,-5.189042194021851,-5.035456609721214,-5.051159526471323,-5.123644951572604,-5.1237133768565455,-5.1250619386547775,-5.122691301039211,-5.12374139017324
2013-08-14,-5.084547152238255,-5.096218207710857,-5.188972999583784,-5.17045313965563,-5.055249254171312,-5.070438667633396,-5.217903243456126,-5.195486014809169,-5.023166444568857,-5.035050677374732,-5.11464838205028,-5.105023394391596,-5.114820944707015,-5.113419716771242,-5.114876108304326
2013-08-15,-5.144076085475539,-4.901231120389293,-4.973312435545889,-4.983004089011829,-4.858582170068769,-4.874959045237352,-4.999831931855332,-5.0256095295212235,-4.82454037983801,-4.842065202224652,-4.919666899964695,-4.911072089965909,-4.920195540082589,-4.9188584263831885,-4.919991358418736
2013-08-16,-5.014661343224675,-4.919979856770918,-4.988138969669929,-4.972012951495335,-4.87045697474647,-4.89049775459867,-5.024149973219135,-4.993804612670682,-4.850206662553814,-4.8608289044856186,-4.937279874090346,-4.926982381430911,-4.936713354041436,-4.935733466093421,-4.9374623517705105
2013-08-19,-5.020902462976018,-4.996258035348709,-5.082866778590758,-5.070323872438385,-4.9321513366017635,-4.971119829181397,-5.125950366733231,-5.097443411118877,-4.901072068058838,-4.945179412589315,-5.016897413822671,-5.004481803365882,-5.016929627936694,-5.015850125823451,-5.017123813732635
2013-08-20,-5.0187336027304426,-5.076161669790984,-5.017920198772528,-5.155705095849678,-5.034943467938822,-5.038079102792685,-5.014556229150813,-5.156292883486638,-5.018811527575109,-5.007733924902718,-5.068875934645851,-5.076235327093912,-5.070286267365297,-5.069214092189586,-5.068794892295216
2013-08-21,-5.084327806249609,-4.673900865766536,-4.7959180288478285,-4.7483888505113665,-4.60304702144317,-4.643828266320474,-4.846922386621941,-4.7801536308345245,-4.563283714272459,-4.617040810470598,-4.702776928875298,-4.69141654177628,-4.702845895168523,-4.701158841743347,-4.7029388676927795
2013-08-22,-5.076187401695235,-5.048992961770763,-4.844238538904121,-5.118070513713633,-5.008510922183596,-5.025903522904234,-4.832897338972351,-5.115781696549483,-4.976074628456244,-4.999392066066258,-5.015068025098436,-5.0319062431362935,-5.015083947542896,-5.013904926683635,-5.014787770397259
2013-08-23,-5.048550422218296,-5.005531807243126,-5.064833893891354,-5.079244295890884,-4.943626748431888,-4.992142902728898,-5.107265277606041,-5.095421391491929,-4.911082165488019,-4.978216561367532,-5.021740475224751,-5.016582198573251,-5.021919384957204,-5.020894049598008,-5.021889142261584
2013-08-26,-5.046304005126253,-4.943651952050423,-5.106656537299076,-5.025335343003877,-4.900014400549296,-4.93054554201937,-5.160239362869905,-5.064414655201107,-4.877213795595243,-4.9148512462188645,-4.978157475430723,-4.966162159358314,-4.977849607833758,-4.977230629199846,-4.978493084862519
2013-08-27,-5.099285635493349,-4.719433799455518,-4.91327769842079,-4.8032604361366324,-4.6659903189447975,-4.707536123377577,-4.96943113973019,-4.827026218387611,-4.638037604914703,-4.695593400813538,-4.7604652138498285,-4.750041608669188,-4.7600150257204445,-4.758870399755894,-4.760770823340283
2013-08-28,-5.089881243981861,-4.893192016412102,-5.022501217510021,-4.956730499748943,-4.858288601423602,-4.882083025973856,-5.065398925535178,-4.97848392048391,-4.847199323145744,-4.873903267321237,-4.918261883433587,-4.912188303303793,-4.918102299683421,-4.917587055691944,-4.918468861355328
2013-08-29,-5.091272369493553,-4.897022910335083,-4.962888807026989,-4.960410067096477,-4.860496803680728,-4.883383973441508,-4.999151653258155,-4.981053274573552,-4.83808655326675,-4.869214824205356,-4.9152160816366,-4.905802198179969,-4.915250976553669,-4.913755378294022,-4.915455288724544
2013-08-30,-5.12697664406172,-4.700943134229335,-4.867279891031938,-4.768441045996775,-4.652814506011042,-4.691418202928567,-4.9291547931116835,-4.800739300583339,-4.630476764795304,-4.682231333374026,-4.7359685315389655,-4.719024347116557,-4.735469679726403,-4.733780369051585,-4.736225908801401
2013-09-03,-5.092634826133959,-4.714472168558858,-4.7038947310309505,-4.783974747593462,-4.665107768178793,-4.70757843428395,-4.74678324371581,-4.783834188444713,-4.639563272347659,-4.699033113167142,-4.719981909930496,-4.717799291527092,-4.720129849551801,-4.717325362012903,-4.720071213703389
2013-09-04,-5.0898296338236655,-4.909398749247623,-4.896057095910173,-4.961995981048625,-4.883073168695982,-4.8998076841281,-4.927606746717675,-4.970640042166462,-4.8752836409041596,-4.897689587563155,-4.911448509034796,-4.909475287750032,-4.911689406008974,-4.909837968267631,-4.911487741514604
2013-09-05,-5.07047255746283,-4.997259358841626,-5.02485753461108,-5.088196506491187,-4.956109746941446,-4.989283489255876,-5.064386025973019,-5.114018002197715,-4.937628191007465,-4.989608156988387,-5.008618994006419,-5.003284722470321,-5.007986675721305,-5.006572879795943,-5.008903431707718
2013-09-06,-5.100584579379605,-4.497080676358139,-4.65653582907696,-4.565829765279717,-4.468032392538086,-4.4928050664687715,-4.7239726057060105,-4.615700990306561,-4.451274033547817,-4.4859048296331645,-4.532589237482217,-4.512067212924694,-4.532302508608209,-4.530295994486826,-4.5328670218357106
2013-09-09,-5.041431227400951,-4.956430242519092,-4.9572126978548905,-5.013029669986699,-4.925214872387824,-4.944195095467805,-4.98873755769892,-5.038644254270546,-4.920874883307403,-4.939315945912406,-4.961988683211633,-4.9574931480289965,-4.96211283011828,-4.961185153520467,-4.962066646002957
2013-09-10,-5.012232354433135,-5.065214235342342,-4.910389823614585,-5.158198392502863,-5.037139788126465,-5.05607551883641,-4.92378446546679,-5.153397863830048,-5.029157853205602,-5.05453080823012,-5.043632179139648,-5.051507502349293,-5.043745618253367,-5.044396603541155,-5.043683031927335
2013-09-11,-4.9916858724536395,-5.051073894688572,-4.962757893808595,-5.144202716728552,-5.008501598228534,-5.0467723102727025,-4.975554024447666,-5.142943159387815,-5.009387450347393,-5.048857241582373,-5.039199501211851,-5.048176564442896,-5.0395569310345785,-5.039033808735633,-5.039290002062988
2013-09-12,-4.972341226571915,-5.017883416764499,-5.026592829065998,-5.082597904276101,-4.98628295366646,-5.012123967486245,-5.05581772495391,-5.100296156165954,-4.9745325812815135,-5.010145374472188,-5.025089401381999,-5.018012210290101,-5.024976920756094,-5.024264922835153,-5.025234840504215
2013-09-13,-4.906763631421466,-5.390737894626722,-5.261792381724758,-5.488388885426312,-5.348378091023157,-5.386326057725843,-5.260216305548869,-5.474434071210217,-5.334328146703772,-5.3843640939921595,-5.371103235203197,-5.377124887227102,-5.371637683992573,-5.370782020169918,-5.371067391139962
2013-09-16,-4.876929902458814,-5.277864089123936,-5.204700667978847,-5.364856416489794,-5.226738618482319,-5.273685367147177,-5.217609258558437,-5.3786233518688835,-5.212555418651707,-5.2701081684738025,-5.268118393242959,-5.274097311370057,-5.267894902311087,-5.267426511521199,-5.268183632436463
2013-09-17,-4.86296328392279,-5.549130750886027,-5.241238622067904,-5.640258208731248,-5.506506728034379,-5.545658402332285,-5.2138781170741435,-5.619976520205236,-5.491057004851069,-5.5464817882922555,-5.494654906631109,-5.511792095411151,-5.494769996736845,-5.495632994286907,-5.494476786821609
2013-09-18,-4.999734996699219,-4.565964532082996,-4.842382764283102,-4.628897714483768,-4.4716285289332145,-4.5588801832499675,-4.942634412867489,-4.700039566245144,-4.433112636448798,-4.553195832508831,-4.6276677702465925,-4.609463049388493,-4.627195787071249,-4.625272057965757,-4.628007705978608
2013-09-19,-5.011135586434665,-4.915410239376518,-4.855195088033298,-4.963070263606626,-4.865303225122064,-4.908430807047719,-4.867295672752985,-4.950960151507223,-4.846377426420277,-4.902376528247282,-4.908693396220415,-4.912006897890057,-4.90923070207345,-4.906785249706179,-4.908623553945163
2013-09-20,-4.994649221438347,-4.892497048222272,-4.87700841342917,-4.955285891146848,-4.85209936904167,-4.890154005458776,-4.912234378700608,-4.961791072632963,-4.836704793544714,-4.888917765016148,-4.89506987036354,-4.893420849064478,-4.895171892035257,-4.893760961352253,-4.895149188957944
2013-09-23,-4.977542798955759,-4.892423744058244,-4.8721994666233845,-4.969491659550271,-4.857696356309685,-4.890903267801825,-4.904323215783085,-4.972160119813009,-4.848303129293264,-4.890080935639249,-4.896085419430504,-4.891963749090083,-4.895962198171683,-4.894949988693956,-4.896213085614465
2013-09-24,-4.984776609322047,-4.867371351441467,-4.870687424391568,-4.903375555080639,-4.84672226787448,-4.8668300982056545,-4.900517882205815,-4.917267371452077,-4.83618163890091,-4.866563405457653,-4.874259165869956,-4.870873197805377,-4.8742959209429335,-4.872821348950582,-4.874383688223734
2013-09-25,-5.018299774908541,-4.885457046326382,-4.92800331865175,-4.936205953211388,-4.856103146354328,-4.885669103590924,-4.953904714160942,-4.955682787072601,-4.842420189303979,-4.886256696217187,-4.897395879866864,-4.889673402334092,-4.897390375751974,-4.896198625184651,-4.8975016736033705
2013-09-26,-5.042366414900945,-4.923939966658695,-5.046504033753468,-4.975064778520106,-4.89674145935564,-4.924179336134566,-5.098190672750739,-5.002365040824553,-4.885559999001953,-4.924699879953713,-4.952064087611451,-4.939814546498878,-4.952246977508056,-4.9501341754299855,-4.9522224938220045
2013-09-27,-5.04672629262971,-5.055045021089921,-5.0378561174240355,-5.106198802006373,-5.023268071502651,-5.055195238624024,-5.051332770992367,-5.10800741939398,-5.015791283063575,-5.055843445156904,-5.054481339369223,-5.056228598120551,-5.054921844267826,-5.053437120266311,-5.054496487450525
2013-09-30,-5.049320442995266,-4.856752010330916,-4.943002830780047,-4.93619214140119,-4.83285791848451,-4.85728698693824,-4.990464058784577,-4.954704450975986,-4.827179611458301,-4.858270221179783,-4.880731034016195,-4.872655659615031,-4.880500866776102,-4.879773353881251,-4.880942892730987
2013-10-01,-5.042471541061919,-4.915415438910186,-4.903453634673815,-4.975510451064364,-4.895120924795699,-4.915252427981197,-4.91741614261956,-4.973343701393513,-4.884512381144927,-4.915856748308531,-4.917805820283405,-4.916027681320312,-4.917668909815288,-4.916004557853985,-4.917853407156727
2013-10-02,-5.041123873063799,-4.941409593734081,-5.006649589451151,-5.042570395101803,-4.920242959315784,-4.941343718305166,-5.041114441477516,-5.072626352229268,-4.918021792785207,-4.941152928537573,-4.959361811954697,-4.950957953829393,-4.959647080205313,-4.958527594601079,-4.959572445008688
2013-10-03,-5.12163791877978,-4.714622513128266,-4.7327272839345005,-4.797918180917845,-4.70285370932377,-4.714279813979248,-4.761851557228148,-4.816188260218608,-4.698108452258432,-4.714121352960514,-4.723741705515463,-4.716824036229829,-4.724383433549281,-4.721963400907731,-4.723919839438836
2013-10-04,-5.138461765879255,-4.89465688544637,-5.001196612447433,-4.972188652904966,-4.874407687812494,-4.894854739311736,-5.052983698954873,-5.000432640531832,-4.8751257070619065,-4.895217703081193,-4.920405603864893,-4.911682881656285,-4.920220713733672,-4.919153601935029,-4.920579629447133
2013-10-07,-5.15565339352131,-4.857089264946275,-4.966235639772728,-4.952985455446333,-4.841441428613176,-4.856827973351818,-5.016656234203109,-4.999630736958807,-4.841110861902237,-4.857431549816502,-4.883191385710083,-4.869073508999609,-4.88277998441448,-4.882711843261253,-4.883500194403779
2013-10-08,-5.17669158981996,-4.650020813373974,-4.786271513366728,-4.75902930458534,-4.640632592807131,-4.649708691109758,-4.833644008740037,-4.800882628870104,-4.6400427322183235,-4.649611634248429,-4.68230499910109,-4.666697200828642,-4.682746871865548,-4.680818785392365,-4.682711834930698
2013-10-09,-5.21104727063914,-4.650165462293051,-4.662828435829034,-4.819398121652811,-4.634342095413365,-4.650212552491123,-4.6890273927596375,-4.84851382254063,-4.636010042531226,-4.650899796882731,-4.662909973051473,-4.657374686896402,-4.663007567045788,-4.662039760753917,-4.663202993052362
2013-10-10,-5.250848091557278,-4.775240169406922,-4.8343945052154496,-4.914591483507696,-4.753564305830663,-4.7752952744003805,-4.900477439079732,-4.9558189011501055,-4.752886665556025,-4.7755484304662845,-4.79678704262637,-4.7838543075630255,-4.796608100931183,-4.796097972448633,-4.797062816738496
2013-10-11,-5.24750980697439,-4.784759881273209,-4.906492184901424,-4.879648123994205,-4.7741889044337125,-4.7847038065000955,-4.943066650791982,-4.932019763870254,-4.772905930108699,-4.785080836082875,-4.81098391201118,-4.801148644457024,-4.811089773113915,-4.811143670975439,-4.811216353823037
2013-10-14,-5.263086437579592,-4.765570422427024,-4.8433355735584875,-4.862031482760639,-4.745183312278737,-4.765421106666988,-4.911242331418304,-4.904685570488675,-4.747057033677705,-4.7661515521648505,-4.790338739246097,-4.780837257823249,-4.79019595494165,-4.789473818874555,-4.790574933534912
2013-10-15,-5.345753266694684,-4.626547050806952,-4.820029746663732,-4.76125071611188,-4.61418449391464,-4.626565701187754,-4.886471834891906,-4.826319084579361,-4.615647707332333,-4.626545244171342,-4.668695116424641,-4.658050810854865,-4.668847578179303,-4.668377415559258,-4.6690573583168575
2013-10-16,-5.411747381368504,-4.706589370230116,-4.81055359611795,-4.790185681249801,-4.692566399738909,-4.704847241752501,-4.862817431997574,-4.825104470711229,-4.696739482033144,-4.706121970364438,-4.729631276610938,-4.722734696391557,-4.729926230873062,-4.728420807565767,-4.729747007133801
2013-10-17,-5.391571358786524,-4.884535015866539,-4.867723988221197,-4.985785750698208,-4.876817656419447,-4.8829839022736445,-4.905708231591808,-4.984601412241086,-4.883266491778108,-4.883655141643111,-4.889673299211689,-4.888688041996392,-4.890519249204182,-4.888602592947791,-4.889786902294525
2013-10-18,-5.355287990805472,-4.960867303960676,-4.905718314475661,-5.038951138541969,-4.95732987050998,-4.960976222401451,-4.923589063207201,-5.047241617105995,-4.960644690099342,-4.960061846382701,-4.955647298045235,-4.961910036887851,-4.95608718794693,-4.955035079926655,-4.95567960682409
2013-10-21,-5.289180972730512,-5.07168543185046,-4.993595858305776,-5.206601025299759,-5.067102350155395,-5.067661455949269,-5.012998320349411,-5.206393728765045,-5.072178485994949,-5.068472017903412,-5.066573476003104,-5.071367822338603,-5.06658086693358,-5.067008820011604,-5.066703361660782
2013-10-22,-5.322304427004819,-4.911864148161909,-4.9177125960351775,-5.096260394497252,-4.907337007366157,-4.908825556005536,-4.949593818686978,-5.1061543067116375,-4.912740723334978,-4.910630991028892,-4.92238309715004,-4.91919980305021,-4.9226627245758925,-4.922563813911925,-4.922740697731087
2013-10-23,-5.372669317275593,-4.905318986194367,-4.8505848705669115,-5.072092980125299,-4.902085835878525,-4.9123149083470095,-4.88351467714462,-5.054143118970062,-4.905492094087701,-4.91526965947264,-4.902357012531149,-4.9041424405216665,-4.9027057350889205,-4.902928803827638,-4.902557983888859
2013-10-24,-5.389095185382257,-5.052460163516578,-4.905730233049423,-5.1880218915773115,-5.051097773353346,-5.059644261022566,-4.925013024636905,-5.135849075442447,-5.052519702081107,-5.065446152390589,-5.033242703930074,-5.051781291786519,-5.034025285494218,-5.032753891449283,-5.033275424079076
2013-10-25,-5.396576854983399,-5.053791049765158,-5.029697152131719,-5.217571194868916,-5.0521199947555475,-5.061381790701801,-5.069268131799913,-5.217321623624467,-5.055937958595056,-5.066823599532509,-5.058237840127567,-5.056763124634459,-5.058442235756684,-5.058383710198392,-5.058451527315086
2013-10-28,-5.402215285355607,-5.116549749524539,-5.0071541039540435,-5.254028982283278,-5.116341338581478,-5.12078160986031,-5.014309087089721,-5.242341088863396,-5.123023783558904,-5.123910632037221,-5.104013741550589,-5.110996925729174,-5.103821090799653,-5.104386150497923,-5.1040717512582034
2013-10-29,-5.392366440587018,-5.136655388719197,-5.047887827778938,-5.316149054753372,-5.1382009063478336,-5.141245877134237,-5.0425384705670195,-5.314064179958915,-5.142674933581982,-5.142028897468277,-5.12704534092137,-5.13749004718906,-5.127819629020746,-5.127082621528466,-5.127137451118193
2013-10-30,-5.428316962841711,-4.942431313316232,-4.914428896051387,-5.1326420664375245,-4.945062144950767,-4.965915749883737,-4.958836311582489,-5.124261033109754,-4.950535115523416,-4.975937482506596,-4.948999536705228,-4.948217732978554,-4.949310937819608,-4.950129842209416,-4.949225047760089
2013-10-31,-5.442248210964704,-4.9350702475843535,-4.865811578628219,-5.099092856574636,-4.937668026320053,-4.95557828763335,-4.891336103092119,-5.0887522386030835,-4.941651832068671,-4.963281813950405,-4.932829611152814,-4.936832296789046,-4.933359011498324,-4.933143217901018,-4.932866882702005
2013-11-01,-5.388417083879807,-4.92701987710915,-4.866933874124128,-5.099143115706448,-4.930910623437765,-4.940491711329449,-4.897431294827332,-5.086531796870492,-4.936794112618865,-4.939158544394644,-4.9278887831374965,-4.92745177333048,-4.928128909043181,-4.928124797146202,-4.928001027684497
2013-11-04,-5.359371273903463,-5.162713254160825,-5.091717923193596,-5.312592799339079,-5.166400640998277,-5.172683271437172,-5.108727214904582,-5.2960910820740645,-5.171704608801744,-5.182075554832151,-5.157312814959115,-5.159506123619577,-5.157709180452089,-5.1582991535759355,-5.157427064079561
2013-11-05,-5.345094916757403,-5.1219633596227965,-4.975406070744568,-5.294665980154436,-5.125906309041701,-5.1291427535119185,-4.989631908105257,-5.255425881742081,-5.126847114990406,-5.135090108580043,-5.107119796647263,-5.120912425642359,-5.10776815557325,-5.108283806224684,-5.107234160612283
2013-11-06,-5.360570425456772,-5.09047576529746,-5.004942772664799,-5.252182490386407,-5.093493859250725,-5.101287161969636,-5.024568711139284,-5.244363509934785,-5.096283835766148,-5.105256132920741,-5.085705292474446,-5.089646005762189,-5.086574475008225,-5.086867102096297,-5.085858414907929
2013-11-07,-5.441660215976745,-4.837921650365627,-4.853575890989522,-5.010267473800733,-4.840495303825797,-4.8524730614363065,-4.878248601694093,-5.048726277796455,-4.840703707428449,-4.862935201212635,-4.849252916315525,-4.844823980478783,-4.849783893876804,-4.850567880396638,-4.849676657108171
2013-11-08,-5.44320629784731,-4.942448625609542,-4.885819864435497,-5.020737846899773,-4.949018015388605,-4.936475083119185,-4.9045820100580695,-5.015598797673601,-4.950840987272379,-4.93597581666655,-4.940328062955173,-4.94306029574218,-4.941089772696537,-4.938884155826779,-4.940302444589362
2013-11-11,-5.402060585049058,-5.210363133612948,-5.0859955113122535,-5.303597367163296,-5.217446350850788,-5.208687705664528,-5.092161717076311,-5.260021547382436,-5.2178315213246345,-5.199988219029867,-5.19753226058563,-5.20379100806786,-5.197694181362038,-5.197011035107514,-5.197481070048887
2013-11-12,-5.41582301135044,-4.94725386100442,-5.03476465397454,-5.086557016141204,-4.954741448565908,-4.951477536345867,-5.0791077044332305,-5.142001676257888,-4.95705460889562,-4.961235970148652,-4.971132788399683,-4.957674891176094,-4.970824570181678,-4.971359172348654,-4.9714208493997
2013-11-13,-5.431368155069106,-5.012001531062967,-5.048780724618701,-5.133621388903054,-5.019241245589713,-5.027432265773421,-5.107145667264679,-5.148904981423155,-5.023218751254146,-5.02184752182416,-5.029007847162542,-5.0203048187717965,-5.028792300870086,-5.028700402691019,-5.029176485774904
2013-11-14,-5.415738434481334,-5.166571011772182,-5.050443420337846,-5.311426640554993,-5.174930656799973,-5.170485700295451,-5.074433060058811,-5.298883427897502,-5.179979914464992,-5.162216768849403,-5.157299595976822,-5.164095774472441,-5.157199386729151,-5.157246470735155,-5.157206695183378
2013-11-15,-4.9800435259499904,-5.395362150036811,-5.204846520813707,-5.560180433640228,-5.409536986269807,-5.4180541387162355,-5.209242368913457,-5.503188695991931,-5.414035931383687,-5.404528257932592,-5.375379642691646,-5.382870281093998,-5.375787761607271,-5.375197229566187,-5.375275077689492
2013-11-18,-4.990047739145411,-5.103473907077949,-5.1959139628289455,-5.235666480810686,-5.112262906334095,-5.10642156488916,-5.234952389710499,-5.283683320459059,-5.115807255303556,-5.108346713263026,-5.126619962981646,-5.115755234146935,-5.126550079065244,-5.126611427315751,-5.1268550140302835
2013-11-19,-5.018464428246671,-5.033356797350645,-5.08496548746893,-5.132055999222879,-5.038879794812788,-5.032790854591305,-5.120984251544509,-5.178729874630653,-5.038849873747962,-5.033146954723677,-5.049344869575664,-5.040996446931244,-5.049293154112257,-5.050004872006046,-5.049496302127334
2013-11-20,-5.07324073253489,-4.909330154895917,-5.009114474232675,-5.035211045214093,-4.922192352590068,-4.920452166316203,-5.077309825918354,-5.085334603072584,-4.925752412281951,-4.923876515488197,-4.939019335631094,-4.923707909618866,-4.938661955494026,-4.939131059565424,-4.939176744822573
2013-11-21,-5.088499692809214,-5.151123437922493,-5.109862103613234,-5.254831823568807,-5.163655314230636,-5.1451071815341285,-5.11776881738055,-5.240478968213942,-5.167179183911603,-5.134234177398908,-5.149287524792577,-5.15266699099486,-5.149978849786139,-5.149704146176532,-5.149201091605612
2013-11-22,-5.09425544150549,-5.273891759088979,-5.162484564527417,-5.397776086781403,-5.284838103427253,-5.295832759500724,-5.16764251388302,-5.370501042127907,-5.287031430483935,-5.2882474127694366,-5.261083944768962,-5.269049981454524,-5.261940696315092,-5.26117145624189,-5.261000918805188
2013-11-25,-5.095518773974386,-5.317773288937206,-5.157905675540824,-5.420298962998942,-5.327135534400491,-5.3292711607970205,-5.153091201994183,-5.374964888943325,-5.325251151052057,-5.309106644031503,-5.296696852116052,-5.3065104769890015,-5.296486985115387,-5.297149255204227,-5.296554245742433
2013-11-26,-5.10909088717992,-5.272186921376129,-5.261647453344726,-5.393682790807654,-5.287173740746023,-5.2870172743827695,-5.285782242269876,-5.401956201824475,-5.291942287928502,-5.282565751288593,-5.2785712049697615,-5.274625953465323,-5.278515770627253,-5.279081667369938,-5.278626925018581
2013-11-27,-5.1092102483665744,-5.4538284108624,-5.414326413674829,-5.587610847346099,-5.46678754640599,-5.4733691193885505,-5.419900553506901,-5.609737639892388,-5.466734949053544,-5.473399155698051,-5.452562145183866,-5.453843109120155,-5.453381883887885,-5.453450312608132,-5.452649824984262
2013-11-29,-5.091386150265545,-5.306767717606504,-5.389662169898782,-5.454140406672453,-5.32682219459094,-5.3279169762478125,-5.417613364580127,-5.4997940560104865,-5.330295913348611,-5.3368434012556305,-5.325639367227838,-5.319140482461542,-5.325767233457415,-5.325745746792382,-5.325695362144273
2013-12-02,-5.100415944119105,-5.267792637786146,-5.198788846264601,-5.426848025624922,-5.280733428175019,-5.270223249362378,-5.216671734885127,-5.419620112238374,-5.281418084680776,-5.2661724546750275,-5.263792632035585,-5.267105412819984,-5.264223782699215,-5.264041154908112,-5.263776071350895
2013-12-03,-5.09051255071003,-5.168540140461593,-5.1527491388061915,-5.244286059885951,-5.1774033354107845,-5.16550460926798,-5.157779546531404,-5.2676759417651775,-5.176635439208061,-5.154369407057975,-5.1692782326735776,-5.169670708366139,-5.169159326367698,-5.169278714774055,-5.169283493010219
2013-12-04,-5.15928380375667,-4.909405742853065,-4.940303394100422,-5.02840988938727,-4.918153755937175,-4.9040692718089005,-4.972679128260956,-5.050103630111443,-4.918728125284247,-4.900199045666359,-4.921496865501131,-4.914055143904372,-4.921651605115983,-4.921279485919021,-4.921599310315859
2013-12-05,-5.1419596432262376,-5.027186715268745,-4.9911112224400345,-5.18570399660767,-5.037470318953504,-5.0337993848763665,-5.015221049735959,-5.203627567121916,-5.03664229604519,-5.013310561880407,-5.0303075305612,-5.028641850659245,-5.030379906874733,-5.030394027087958,-5.030354760563254
2013-12-06,-5.132287308863777,-5.056554322714095,-5.040394197979527,-5.239091082647333,-5.068067672715663,-5.045793979443048,-5.075804488882908,-5.2405158149006805,-5.066810847914719,-5.0301558221795215,-5.067310028526768,-5.058430087094923,-5.067257694253637,-5.067662523011848,-5.067419380600281
2013-12-09,-5.109555812445022,-5.19188955568605,-5.093477753772383,-5.365464324220473,-5.1983909883298995,-5.215743603233536,-5.11289928213193,-5.3510829264882736,-5.195689783749674,-5.211141504948578,-5.184297251595317,-5.185634542399932,-5.18519222888579,-5.18485789842563,-5.184377430969684
2013-12-10,-5.095259393151623,-5.16166112397668,-5.03718611200871,-5.26962516773006,-5.167979709994954,-5.160402594231196,-5.038275091704609,-5.21724428574251,-5.163711199593337,-5.151524592217408,-5.148639919939946,-5.156532489707906,-5.149326916391164,-5.148006666768801,-5.148573575756405
2013-12-11,-5.110862327652431,-5.073291671144052,-5.071692171068859,-5.234871104550395,-5.075890842462224,-5.100701670300421,-5.109163146906225,-5.238543357788457,-5.072071449720015,-5.086199677200065,-5.0830348744012674,-5.0806052743391525,-5.082965714757798,-5.083301047515693,-5.083161603447111
2013-12-12,-5.130426746724477,-5.07753826871054,-5.044388636884876,-5.153976568401945,-5.078809794649094,-5.112161941188279,-5.060846797648076,-5.149158307600679,-5.0742485996191595,-5.099078845926597,-5.077081594077031,-5.079208237783141,-5.077349692603777,-5.07772976808729,-5.0771551537996
2013-12-13,-5.1468849297779355,-5.111918708273124,-5.128943276036507,-5.173360572340649,-5.112210667694996,-5.153369790380364,-5.150828399420979,-5.200142425158136,-5.105822341029545,-5.151002636920683,-5.120170825666576,-5.116381321239645,-5.120309220049431,-5.1197709689130715,-5.1202202854683225
2013-12-16,-5.138724012692323,-5.2064183038392455,-5.139612016049062,-5.317214226547377,-5.206730553840216,-5.2336588973251645,-5.153394750150468,-5.303263742231191,-5.201870051306151,-5.220372065352907,-5.202561699723093,-5.205012096974985,-5.203463224424061,-5.202333827684863,-5.202602014616215
2013-12-17,-5.121266966184274,-5.095248240855386,-5.143197820328971,-5.188486163992249,-5.093958959720576,-5.100188030881409,-5.177823866535538,-5.200402347448804,-5.086778987949955,-5.0936428916886225,-5.111892460936204,-5.1025024426742105,-5.1117076670945085,-5.110771182063186,-5.111977192984586
2013-12-18,-5.629738555446482,-4.241014964484708,-4.566846426740855,-4.38769975814918,-4.236973491859825,-4.293344096685578,-4.678311071045313,-4.512560281173267,-4.224921847043793,-4.316209430708763,-4.309419033269593,-4.287803814818769,-4.308902767761392,-4.309035912363351,-4.310021040350943
2013-12-19,-5.6109458440893825,-4.745474393286151,-4.743688640893844,-4.884150329051435,-4.745030086031346,-4.796022480395092,-4.791582611781312,-4.894654556958843,-4.741075301472226,-4.799366207442098,-4.757558745143015,-4.749497049590314,-4.757946844595554,-4.757518710542388,-4.75778555411484
2013-12-20,-5.517560225091092,-4.833538993574786,-4.821842087613139,-4.96749026628397,-4.833854028110664,-4.881820051985153,-4.856299559124651,-4.97743605051838,-4.830355830735054,-4.858416936416267,-4.842498568482059,-4.840747682822347,-4.843741980950336,-4.842374144894954,-4.842704054821403
2013-12-23,-5.361845405634464,-4.981042650818108,-4.896261986465174,-5.137341909867041,-4.981823845366841,-4.996468232163845,-4.941429010827037,-5.114385961889366,-4.977797712318718,-4.972715919197628,-4.980132987401037,-4.977847340029251,-4.979918136976976,-4.979855474400803,-4.98028020746633
2013-12-24,-5.314542729969998,-5.152981323297216,-4.920672437259642,-5.306409561333842,-5.1527774193275535,-5.162184839535213,-4.930800482291716,-5.227963781867046,-5.148394281188709,-5.141112955949977,-5.123946408919074,-5.13667418486183,-5.125871944875354,-5.123932036838614,-5.123859554718882
2013-12-26,-5.185525190676186,-5.529121998523356,-5.327242551572271,-5.718893260866564,-5.528559771545122,-5.532638660207986,-5.327600479620538,-5.665385782075053,-5.525487435519088,-5.5222765164128855,-5.502560791675593,-5.513471472146433,-5.502923994321342,-5.502585696255858,-5.502436924617941
2013-12-27,-5.150194513268867,-5.484306499268219,-5.390090707719052,-5.604582250328621,-5.48200092096692,-5.488048502614174,-5.415813049225561,-5.572994741730638,-5.474432233573142,-5.466560163036435,-5.477166809472921,-5.481100025890138,-5.47780277341721,-5.47690236235572,-5.477095688922873
2013-12-30,-5.056054937574296,-5.653212573015787,-5.443665132882519,-5.829226318027285,-5.650127470106833,-5.6745952440855865,-5.435756720458848,-5.742061799004716,-5.644887306557817,-5.669112787096627,-5.623884867059736,-5.636425707552727,-5.624278236548072,-5.625059773013965,-5.623786874704779
2013-12-31,-4.9379191893651235,-5.467749213403344,-5.494037515503246,-5.614527993792894,-5.460741236059407,-5.48611357034981,-5.523543173873697,-5.6426879026646475,-5.4476779713735946,-5.4841304678229275,-5.479241299156363,-5.474870636996899,-5.479392163491122,-5.479278625702208,-5.479336523661046
2014-01-02,-4.888061752344043,-5.093241183296086,-5.096667959437525,-5.245152418949616,-5.085490911182953,-5.11671541135701,-5.12121967910302,-5.258691175944733,-5.07372213295413,-5.107455834982734,-5.099969120065514,-5.096935776961729,-5.100202757533262,-5.099689032027715,-5.10001900942013
2014-01-03,-4.80964256162259,-5.230822125544584,-5.145566990160018,-5.363787049425756,-5.219773697089332,-5.254320174557311,-5.1687530916850255,-5.348012919664374,-5.207890394872926,-5.24544928609322,-5.223825012873047,-5.228473712708177,-5.22423606117676,-5.224126946479641,-5.223812164352247
2014-01-06,-4.825770574263265,-4.987869504242242,-5.072257740277541,-5.1643974891206685,-4.972144454872617,-5.008584467858144,-5.126241670817548,-5.2055432005823805,-4.952407779607496,-5.002009348012894,-5.012465697488991,-5.000759182492944,-5.012211854992226,-5.011253747276356,-5.012618660521533
2014-01-07,-4.7968726677914395,-5.208898753288108,-5.067231655096533,-5.392471981830878,-5.195064193722906,-5.23095241622225,-5.077595123701433,-5.361338241411465,-5.177877716568872,-5.214246551367444,-5.194269967651743,-5.20022199344125,-5.195253690111141,-5.1935554762757175,-5.194220668731509
2014-01-08,-4.823061334863172,-4.918432678584636,-4.947840088483121,-5.101043380941982,-4.902064067647506,-4.949590290374481,-4.987124994596203,-5.125149566140585,-4.87879934358577,-4.9452904654838665,-4.932826769798767,-4.925866446150899,-4.932903545245293,-4.932342137439139,-4.933035565681157
2014-01-09,-4.826916858093356,-4.97943045533514,-5.0386068314687105,-5.155681105513792,-4.9645734768789875,-5.010809594211478,-5.072985161452395,-5.173237392424612,-4.946023654827457,-4.990787164302585,-4.999459769324886,-4.991254280096001,-4.999511805274141,-4.999542390363601,-4.999692866747234
2014-01-10,-4.828265384902155,-4.9547545649460005,-5.009423220760063,-5.130531027079348,-4.933284378833142,-4.967490424049333,-5.055820269303037,-5.134450037243611,-4.909216251483709,-4.95179540701375,-4.974299068343719,-4.964703219347912,-4.974310847241068,-4.974338612477533,-4.9744674662429045
2014-01-13,-4.8342868648226185,-4.959308070467527,-4.968911713144347,-5.17981502479662,-4.9362696328331594,-5.008855038031698,-5.001211871970772,-5.192354704679177,-4.9123143758683145,-5.008007541394046,-4.970294040535959,-4.96239905501205,-4.970580762053746,-4.969739110128397,-4.970545974067214
2014-01-14,-4.846447262380371,-4.966663485853205,-4.977897751652909,-5.156555228601696,-4.945044039948529,-5.003903086256753,-5.013115743655312,-5.158060652728982,-4.925750150220172,-5.0011506759248405,-4.977119374024794,-4.9716752479519695,-4.977002641810819,-4.97651811189949,-4.977285391296653
2014-01-15,-4.84245819291711,-5.073160736658075,-5.037683629427395,-5.2305751337967745,-5.059480800964298,-5.108809310709192,-5.056962890239376,-5.230392001235883,-5.050228752203997,-5.092014891897795,-5.07200686173491,-5.072027975635979,-5.072208212076405,-5.071649595416218,-5.0721489432794025
2014-01-16,-4.807674515993375,-5.14031674313293,-5.067054252071222,-5.354035953562955,-5.119470864540468,-5.117392944320441,-5.073176280115027,-5.312758650221739,-5.103715032412452,-5.092641458373671,-5.134850222010252,-5.137496454261161,-5.135618575316307,-5.134918836135643,-5.134733717471151
2014-01-17,-4.790024886751121,-5.0775163123878535,-5.103876543951847,-5.24927758919724,-5.054821088826344,-5.070050330760699,-5.121059907733888,-5.2582082220590545,-5.040697523366247,-5.056080258992862,-5.087041813451474,-5.08132203083365,-5.08737998349645,-5.087367949792045,-5.087015712473573
2014-01-21,-4.810510395857099,-4.94075079946689,-5.022043354924143,-5.067681777006047,-4.917372146341186,-4.9552297400769545,-5.040905399259387,-5.070562231118496,-4.9019304890179445,-4.94976624600737,-4.957559306893094,-4.949993861218605,-4.957576429820791,-4.957866458574288,-4.957631974640043
2014-01-22,-4.795201539202253,-5.319308036622676,-5.18756864920982,-5.4227870823042705,-5.293654388649963,-5.351664967398605,-5.179173580277315,-5.357721382183891,-5.272562344632381,-5.336028036906335,-5.2987752896404725,-5.312646899240813,-5.299929825597211,-5.298865311639467,-5.298556538807281
2014-01-23,-4.7820359612632775,-5.151690564239965,-5.048978273439702,-5.301585674632208,-5.129361953335269,-5.1582674616678945,-5.035889915189921,-5.246640549221465,-5.1113626594713395,-5.141537503642823,-5.137833202631239,-5.150078179852041,-5.138395057632304,-5.13672637683859,-5.137741875516891
2014-01-24,-4.802930647691885,-4.922632843786807,-4.797342941879569,-5.107955494227055,-4.892150507322564,-4.948531103408634,-4.790115676744514,-5.054187727373494,-4.865524780999715,-4.944164478085392,-4.903670972810572,-4.921308424179869,-4.90515920674954,-4.902731554034389,-4.903661040059379
2014-01-27,-4.86399769934052,-4.71328819334187,-4.744817401952737,-4.83889267597856,-4.69512105928468,-4.707913472699437,-4.756685191538368,-4.856525836162325,-4.677942376852189,-4.700687327414311,-4.721683394469404,-4.717396789135437,-4.7221011949248055,-4.720858270355654,-4.721813850028338
2014-01-28,-4.83742574266157,-4.903946870912243,-4.876582404716254,-5.048982831844833,-4.8873974488959435,-4.906070475897599,-4.883988853165566,-5.0281113681589265,-4.867469199878564,-4.895049997951055,-4.90394539617475,-4.903907660106003,-4.904455398199,-4.903397460711094,-4.903961897208421
2014-01-29,-4.859687860010011,-4.611217594248105,-4.630554997232112,-4.8062676098005985,-4.580548852818639,-4.635571572923632,-4.658438485872516,-4.794170147442869,-4.552900042994057,-4.640869665263501,-4.620411531786845,-4.616459631007604,-4.621413306207791,-4.620570884106089,-4.620571378465407
2014-01-30,-4.871053391567546,-4.7851250322089465,-4.72575020605586,-5.025295454393176,-4.759892037107692,-4.816763678511303,-4.761237453814759,-5.006569076355326,-4.735796444043746,-4.819849532117294,-4.786331702235931,-4.786971740757255,-4.786704126333851,-4.786266384791481,-4.786475631819732
2014-01-31,-4.931239525296116,-4.587403676270735,-4.674731271847892,-4.816188924913352,-4.558753367104307,-4.594957647840288,-4.723986966675195,-4.865522304344993,-4.532288569550426,-4.586623498528194,-4.611000432274413,-4.60127722443672,-4.611210792004111,-4.610938192461531,-4.611232038178716
2014-02-03,-5.044653602289265,-4.466807797995424,-4.432066931361855,-4.704632913727773,-4.441961565873253,-4.485848611186905,-4.46438408259249,-4.701735037319789,-4.4218545341490305,-4.473299952571208,-4.472671112775845,-4.467626174332277,-4.472761241585643,-4.472071598712253,-4.472891653614065
2014-02-04,-5.081848457956412,-4.484540749519092,-4.5652181284866575,-4.616586921313288,-4.450465281674905,-4.492928169911429,-4.600992922391296,-4.669865955241738,-4.407070350769851,-4.484193251455243,-4.502208340014691,-4.494409378166687,-4.502146567884419,-4.501564171276502,-4.50242987025824
2014-02-05,-5.16595967713922,-4.433229939434573,-4.456721746332646,-4.6666722168802375,-4.4244088921104305,-4.4585197484139645,-4.513030829281985,-4.674560196592758,-4.404028182274702,-4.450939545878262,-4.447683784000568,-4.438415018971954,-4.447883013798507,-4.447617976919965,-4.448040881554807
2014-02-06,-5.134581251000592,-4.728675900548198,-4.644109092317456,-4.971502979812214,-4.705843101121069,-4.729460409292392,-4.665301254222507,-4.921020961898144,-4.673974238926476,-4.728025580800453,-4.724387767775743,-4.728671661838337,-4.724771869421542,-4.724845640939796,-4.724424989964126
2014-02-07,-5.138921858801038,-4.604385383110346,-4.672577918429104,-4.795113948802119,-4.590367852289476,-4.610274978899596,-4.719528263771346,-4.821323987597264,-4.568661727954065,-4.604866707896126,-4.624678020471188,-4.615228553896594,-4.625113686405752,-4.624135549380542,-4.624848996413316
2014-02-10,-5.079045019565995,-4.882478047586972,-4.8186170671584945,-5.0960551848919176,-4.862158724537896,-4.878409452749219,-4.855348155928218,-5.069209750215971,-4.848764030382742,-4.869044476666592,-4.88483711938598,-4.882285300223476,-4.884834146880171,-4.884476372615081,-4.884896139864002
2014-02-11,-5.041386219604327,-4.816920676389056,-4.849871378170711,-4.990203198213476,-4.781876284060972,-4.835670547258169,-4.885406882670407,-4.9691822451277305,-4.7526587570215515,-4.831900686560824,-4.830286148257548,-4.82312037363606,-4.830879643438683,-4.829400163443395,-4.830450996567329
2014-02-12,-5.031200284922221,-4.885843896697461,-4.923986393501566,-5.058302582527038,-4.854609752745819,-4.8914369292415625,-4.954071626868013,-5.0733139930269076,-4.823484903058566,-4.885981882799067,-4.900294421954894,-4.890667441917577,-4.900186390070175,-4.899113874557642,-4.900460477884511
2014-02-13,-5.029238912212477,-4.916197495456081,-4.952996533793499,-5.0767880593004815,-4.89206853873742,-4.929764468376809,-4.9825477409376955,-5.0724848350149925,-4.8727850191584565,-4.926156245620542,-4.928948025840511,-4.923347847961267,-4.929386804473237,-4.928324850544024,-4.929130544706863
2014-02-14,-4.961610587844794,-5.060293983771986,-4.986168590944193,-5.26483303456727,-5.037593526612525,-5.073860769352243,-5.008979854197395,-5.201622810787787,-5.029470079900383,-5.068262292777973,-5.056221053588352,-5.056756316067086,-5.056574879860663,-5.056673756085237,-5.0562424053993995
2014-02-18,-4.9425818400717585,-4.958339196318207,-4.947550579676994,-5.183094547804677,-4.942051954632118,-4.965974713664382,-4.989629272280711,-5.148303736104765,-4.942832667966343,-4.958036847750763,-4.967755502771373,-4.959647585378564,-4.968367618612043,-4.968968531858237,-4.967971291224164
2014-02-19,-4.9402487432948154,-4.7592747813971705,-4.862055881801357,-4.929816312534235,-4.725208546213419,-4.768599035815648,-4.920135096923296,-4.955497223804526,-4.71383100537569,-4.760550680068804,-4.783787735963332,-4.76851692143984,-4.783578898315621,-4.783735764326231,-4.784019291474494
2014-02-20,-4.913005555113543,-4.776195381053977,-4.846683409529911,-4.994746812040206,-4.738564036103926,-4.790893046913938,-4.896224975859541,-5.000080501215274,-4.717832454243229,-4.77742260963946,-4.796380501903873,-4.785619332889448,-4.796401559772514,-4.795547942325612,-4.796526045992829
2014-02-21,-4.879220770103016,-4.928808687447789,-4.924080125320631,-5.195229357400014,-4.888234924781718,-4.949833464562558,-4.97809950109923,-5.185491206254585,-4.871881478450791,-4.9339372866793125,-4.942214325235561,-4.9324505814569655,-4.942245804969303,-4.941300567354685,-4.942343846549548
2014-02-24,-4.859316845881155,-4.815734907549157,-4.940691083537691,-5.024047971675358,-4.78503583785955,-4.836447720735699,-4.999327034550658,-5.067348187165789,-4.777348246380124,-4.824457552451328,-4.844932901307899,-4.830357730488152,-4.845140087951018,-4.845351683658968,-4.845221899209583
2014-02-25,-4.8431832417918415,-4.716913752307095,-4.809677007265059,-4.920847834349811,-4.68020952657897,-4.727179258233865,-4.855492263845136,-4.950801729149365,-4.669807443706608,-4.718572449181684,-4.740142108710573,-4.725432287056568,-4.740694731372926,-4.740796072628362,-4.7403571982295025
2014-02-26,-4.846727067604745,-4.76046580228261,-4.802290199865279,-4.944279488890575,-4.752890797343243,-4.754645730682181,-4.842177913992102,-4.977304705736475,-4.740349465736524,-4.759345265178984,-4.777728242079768,-4.7686498180922365,-4.778149952949844,-4.778513054042868,-4.777916484169531
2014-02-27,-4.859961270281694,-4.823089103483368,-4.836299913575352,-5.040539378264792,-4.796891405902669,-4.82875637425879,-4.873053196463177,-5.056367573937844,-4.787767171379622,-4.824058934670301,-4.8373748431378285,-4.830543491197371,-4.83737542751726,-4.838504267586193,-4.8375454831561004
2014-02-28,-4.901216839924803,-4.663784630782367,-4.8187762211210385,-4.858931583222877,-4.62793992595698,-4.674943868377138,-4.87119716197362,-4.910036757985849,-4.616932491864914,-4.665822290318959,-4.695694694461888,-4.679284225605315,-4.695563062835455,-4.695984810127928,-4.69605083659631
2014-03-03,-4.958840837280117,-4.611294252453679,-4.727357080610599,-4.827698424562047,-4.597360906769187,-4.624483618607843,-4.782733847465981,-4.869160927929905,-4.612677889209704,-4.611305422473208,-4.639135417436753,-4.621878557608269,-4.638955413193272,-4.64012043986663,-4.639599104769247
2014-03-04,-4.961179637316329,-4.836589440889948,-4.916591054973167,-4.9946423067929056,-4.808379284941275,-4.8457005387923795,-4.947413088708015,-5.040737238965505,-4.7892690945831005,-4.8357552204395375,-4.855326854509414,-4.844887706564042,-4.855283340490025,-4.855167500562333,-4.855497466646414
2014-03-05,-4.9100123949680565,-4.88947635833012,-4.941566462287768,-5.036036974920857,-4.868723767157022,-4.897637982308183,-4.97872317761518,-5.054524619347767,-4.865112779359478,-4.8879690268645435,-4.9053421502611645,-4.893454294612649,-4.905178923062616,-4.906201920302278,-4.905545612749767
2014-03-06,-4.8440163614766325,-5.009720915320561,-5.013622082771168,-5.168133830333318,-4.990262170503494,-5.013684720846093,-5.036428074782354,-5.156569544446507,-4.984788995378525,-5.010166742479673,-5.017401359994983,-5.012056659500232,-5.017294139596711,-5.017244371059743,-5.0174405115812775
2014-03-07,-4.848318067048174,-4.796138044437535,-4.952249152915827,-4.972899157479172,-4.763836955224016,-4.7988162336656615,-5.020205735454035,-5.018082581291758,-4.753018455288673,-4.795612422399136,-4.830988145668469,-4.817807055003099,-4.830979014494884,-4.830143817638316,-4.831206925832261
2014-03-10,-4.8477573634421764,-4.969982276387036,-5.090915167317192,-5.1080349414557835,-4.9574998277050275,-4.970408690238354,-5.143703497142917,-5.150637801525624,-4.953382872808659,-4.969999810272941,-4.996361566277942,-4.980547113022661,-4.9959349748998845,-4.996077332062896,-4.996664144255326
2014-03-11,-4.802567611916878,-4.864084353968151,-5.023938531466436,-5.02088410275579,-4.846212464210542,-4.868712086058235,-5.076189952937176,-5.054911178068473,-4.846829048812404,-4.85841756054581,-4.895383457275676,-4.881097905507692,-4.895288052127553,-4.895989584460906,-4.895788919281592
2014-03-12,-4.754959056614034,-4.861800936418491,-5.0092948493824325,-5.0026786495243485,-4.856916713046936,-4.866041928162188,-5.056402638205702,-5.046833937126042,-4.8760063707408365,-4.853366243283219,-4.88888480321966,-4.874948507593321,-4.888678334418538,-4.889089773452543,-4.889305925442427
2014-03-13,-4.758068096460419,-4.720744842652756,-4.8200006075813615,-4.846506425727671,-4.710844327701872,-4.723984853373118,-4.8495311579237175,-4.866603842993825,-4.719467727410861,-4.712918516256896,-4.740288452434255,-4.731149443414223,-4.740201599697316,-4.740118260003568,-4.7405175812837825
2014-03-14,-4.674768629942888,-4.713407066374375,-4.815859012717842,-4.90036615120226,-4.6850032462885975,-4.715562446867032,-4.872025561259648,-4.918478576072687,-4.673412618964011,-4.71117235908963,-4.738606473486249,-4.724557500475949,-4.738464962468376,-4.738220748795418,-4.738847899926512
2014-03-17,-4.6683718317349685,-4.781931224589293,-4.931724446383269,-4.886360933605586,-4.7798475831525975,-4.783826328187974,-4.994249810481286,-4.939251973712645,-4.778843182680505,-4.773493886756507,-4.811608016893129,-4.7938511128115495,-4.811464271716018,-4.811186977807026,-4.811986678489916
2014-03-18,-4.6634488697744,-4.862418872023996,-5.003206738398022,-5.007559262608097,-4.8472424362796955,-4.86412917733928,-5.057539377919212,-5.0582729159090425,-4.8496456351286055,-4.854597496784753,-4.891094085406147,-4.877457989734277,-4.8908293021505616,-4.890759311827782,-4.891408410802297
2014-03-19,-4.712921108415808,-4.626223415542368,-4.783585653611083,-4.767548808249846,-4.573185005775602,-4.626850332136435,-4.846868275280951,-4.805283084177788,-4.542605956312877,-4.622383826139315,-4.658435871459596,-4.642759634087917,-4.658085062275986,-4.657390805753843,-4.658641497538188
2014-03-20,-4.736759965605168,-4.743537120509594,-4.836851067909422,-4.889435788070496,-4.7066422876220235,-4.743790226880885,-4.889548039918803,-4.917820400938468,-4.704689905367431,-4.743481135021579,-4.766737611401073,-4.753174217683868,-4.766936446810787,-4.7654754718794425,-4.766862249853309
2014-03-21,-4.769670508329867,-4.695286052293255,-4.8106014294930235,-4.900111502351224,-4.655414617486161,-4.695572753051063,-4.869679624203419,-4.901226647453593,-4.667163750985916,-4.686067464831066,-4.722948314791352,-4.708496030526228,-4.7229147731780055,-4.722118674791173,-4.723199475424974
2014-03-24,-4.793076987868375,-4.623576500429042,-4.745853750170967,-4.8371198039312615,-4.599798425463061,-4.623822909974989,-4.783810940006171,-4.861816966077465,-4.597657250188929,-4.617692500957078,-4.650696082049671,-4.637582607144221,-4.650594390004949,-4.649781865748592,-4.6509573585566635
2014-03-25,-4.7989867428261475,-4.6400732135890586,-4.82450931250363,-4.8448616925406265,-4.631524682753173,-4.640416044190114,-4.886380890443402,-4.887999815376323,-4.658403265922744,-4.622907782411903,-4.675989666672891,-4.659986675525653,-4.676122164480196,-4.676028045787168,-4.676530329755997
2014-03-26,-4.75694896354368,-4.653843416569599,-4.775616010500922,-4.818211192815684,-4.64002625333265,-4.653456462457039,-4.823324595716314,-4.833792173271584,-4.638285295746177,-4.632333454916905,-4.680711749935508,-4.665933017245992,-4.680762823882331,-4.679888757533274,-4.681088256096331
2014-03-27,-4.791776726921948,-4.599335683083121,-4.620417356590361,-4.817842549959347,-4.59162285388448,-4.598547424223346,-4.669764726407022,-4.78800866463597,-4.5932098274508215,-4.587846720106325,-4.613935419135902,-4.609801613433357,-4.61422301755641,-4.613396908051527,-4.614225335138507
2014-03-28,-4.80135503039755,-4.707676215888811,-4.767561046570495,-4.8904647596973545,-4.696129028262804,-4.706575234180069,-4.807466178123613,-4.910415399335922,-4.702154807105597,-4.695934135847573,-4.72566923365337,-4.714045020103586,-4.7250216321713765,-4.72489557548782,-4.725960901536388
2014-03-31,-4.795928287627359,-4.856395608024387,-4.876032664457137,-5.042748370094729,-4.835388361260383,-4.854651006736683,-4.911500789994115,-5.019228675160966,-4.825131596518907,-4.841615927551838,-4.868204602168339,-4.860101142341516,-4.868559888311767,-4.86754309059405,-4.868425996169592
2014-04-01,-4.771108308101156,-4.9027305001098,-4.957585025654113,-5.114538971501029,-4.868726157496895,-4.900636227586222,-5.003774236165867,-5.090315667577983,-4.868308014788259,-4.888249455917379,-4.9212148153347375,-4.90944813831916,-4.921010746157597,-4.921233022941952,-4.921450648018951
2014-04-02,-4.7587893653001005,-5.001052630880079,-5.004660401699978,-5.217512027830072,-4.99033961153719,-4.998580885864206,-5.036683250712188,-5.234180286556431,-4.99680682900321,-4.99448482769701,-5.012037928839481,-5.0038126984013305,-5.012468627192471,-5.01210787482878,-5.012249724782681
2014-04-03,-4.747580210952136,-5.014893499353103,-5.011777713195927,-5.195388185196713,-4.9893896530877795,-5.011120347564802,-5.025833633888143,-5.18247202324993,-4.993902863828397,-4.999122449566214,-5.022980958690663,-5.019774450938511,-5.023818885860973,-5.023275989382752,-5.023115599949943
2014-04-04,-4.7193393350879385,-4.736996220413535,-4.750893560304032,-4.9568191652362215,-4.733621887691851,-4.731402297435724,-4.778606067671303,-4.93926763375707,-4.762895898883051,-4.709720304989225,-4.749482946346656,-4.74442139275043,-4.749476663613217,-4.749316473572689,-4.749836451604406
2014-04-07,-4.745217131905782,-4.622269628010405,-4.656346678372086,-4.818692121509868,-4.628777573218753,-4.615006761838416,-4.686983345673788,-4.797797829249229,-4.653820169703869,-4.59547490038647,-4.635522002551499,-4.626686457808552,-4.635597465508164,-4.635115177016514,-4.635857936573329
2014-04-08,-4.744528290995288,-4.685391679050388,-4.635230755912951,-4.861919745994942,-4.6786306963871915,-4.684220252595258,-4.652553500124486,-4.820246147279796,-4.686869860673827,-4.685814291391031,-4.686554676020959,-4.68407398683782,-4.68654914122564,-4.685909602669076,-4.686701191217151
2014-04-09,-4.764936024028314,-4.752175540847536,-4.74857715318756,-4.989304882549119,-4.703668426180355,-4.74798278172392,-4.778997053493466,-4.971994832684825,-4.677795522329256,-4.742019614961014,-4.763345551879426,-4.757104429444805,-4.763424028955534,-4.763595669334939,-4.763545140812704
2014-04-10,-4.836341637564237,-4.49746775523152,-4.568221891157173,-4.7055382802319885,-4.470307578671022,-4.4913324911526695,-4.611081190844143,-4.708321051562693,-4.476819424166496,-4.479578517875636,-4.517274530995118,-4.50422391555204,-4.516866732226773,-4.517457675898271,-4.517633567116229
2014-04-11,-4.908189800464841,-4.468495592668346,-4.506362860674661,-4.6641285369209475,-4.4574977799145525,-4.460725672275212,-4.525587903602448,-4.644929671014607,-4.466943392566684,-4.452155133215535,-4.480715729723551,-4.471278211206455,-4.480888120985184,-4.479940165623908,-4.480979288042882
2014-04-14,-4.896474709970184,-4.564121101814528,-4.668160199979103,-4.717157640852252,-4.54747708310888,-4.556649924624352,-4.7167622060466305,-4.731298210570651,-4.555487582090534,-4.54803641849604,-4.586938074746182,-4.57458423823323,-4.58696360107625,-4.586305441445767,-4.58720962697304
2014-04-15,-5.03065408721547,-4.308661211816244,-4.455572872930189,-4.49156633480691,-4.308922586964471,-4.303871513784974,-4.505020156488005,-4.542351789759194,-4.349009215544116,-4.298597945034007,-4.339392977102031,-4.3247699914924045,-4.339039377822338,-4.339096323213816,-4.339828375074307
2014-04-16,-5.066957686463058,-4.517036745231337,-4.599613956601109,-4.683503374165642,-4.501924541063502,-4.5044300940656345,-4.628357093577802,-4.673174133563026,-4.502795494685225,-4.481673224670053,-4.532863786611688,-4.522746297978904,-4.533058153504703,-4.5317393869519575,-4.53315524875938
2014-04-17,-5.064948989773176,-4.606357118771152,-4.614983632638244,-4.797120565985793,-4.59592428426586,-4.593410891940014,-4.636628405932291,-4.755482114970931,-4.609851807741398,-4.569482582821314,-4.6141327483168375,-4.610375196618215,-4.6143194040001205,-4.614205781433042,-4.614307073698477
2014-04-21,-5.05845551793814,-4.799022126689726,-4.777143576206494,-5.004256651771439,-4.7836536439468595,-4.787773482103719,-4.79110817154753,-4.968203290094419,-4.797589106610263,-4.771516800138865,-4.803485577540296,-4.80078013259215,-4.803374971238565,-4.803721456316866,-4.803695167723092
2014-04-22,-5.055306042865074,-4.860379137181477,-4.812829907117299,-5.091390801347681,-4.832730340296695,-4.857245944337396,-4.8492348171212445,-5.055559613963954,-4.811287902264541,-4.867819011088979,-4.865952063127154,-4.862244223868297,-4.866176824136236,-4.86600399226395,-4.866067817286859
2014-04-23,-5.070907821446837,-4.9677311599935,-4.840064317276052,-5.225153921812939,-4.973552191418585,-4.964609185056185,-4.877629284760496,-5.1535671748077485,-4.99497226832097,-4.96478447068355,-4.963476000749583,-4.966970723139911,-4.963546450159635,-4.962906082004908,-4.9636430334337165
2014-04-24,-5.113036869314097,-4.823600604789081,-4.748977289318317,-5.021112455053657,-4.832313131263516,-4.8048166345540615,-4.770662800287145,-4.95055858098274,-4.841555963861618,-4.771493779655992,-4.82116517519549,-4.826313161731893,-4.821653656825534,-4.820135540416219,-4.821399174650216
2014-04-25,-5.158276678873781,-4.790140102379986,-4.800381925608411,-5.017965863084631,-4.792995387027619,-4.776692845703365,-4.8460155549042065,-4.9955216758828085,-4.806386397447886,-4.759355088792694,-4.8035148974786965,-4.794634761819559,-4.804180813823268,-4.802577891612028,-4.8038407555310805
2014-04-28,-5.279931462402272,-4.553552533224172,-4.566591171496392,-4.766507660960095,-4.566258341765975,-4.541808798982733,-4.607572973350039,-4.764241305270374,-4.584496169165985,-4.531787427328465,-4.5663858567935645,-4.55634411902127,-4.566331918712952,-4.565400832799552,-4.56675791999945
2014-04-29,-5.298724122948802,-4.800021422696759,-4.852091271606832,-5.050262857142639,-4.809045412020489,-4.780511567931985,-4.896170363797965,-5.070322747530127,-4.849806380552533,-4.750015774670838,-4.816162461103638,-4.805053240863241,-4.816346483341598,-4.816188967098296,-4.81662863156941
2014-04-30,-5.307338004934862,-4.7806787430174165,-4.714683431335211,-4.988832072077028,-4.757650151517745,-4.769630417535919,-4.729189269670501,-4.959833648616639,-4.756450401431418,-4.764773431168011,-4.781984840155631,-4.781138289427588,-4.782791520683167,-4.7813554103934015,-4.782183639278399
2014-05-01,-5.325048319667472,-4.797281668009258,-4.726143427927882,-5.0521379938769,-4.767872569283413,-4.789654210916767,-4.745698706564696,-5.009528351643268,-4.767829977761159,-4.805505407486834,-4.801240605375086,-4.799056538130463,-4.801644576912165,-4.800533589310136,-4.801408866697798
2014-05-02,-5.385896239418537,-4.685701968495722,-4.750248208693248,-4.880792065389413,-4.641520782317967,-4.675185219455858,-4.803720351510082,-4.8944228324703225,-4.621711394572237,-4.665168869369788,-4.708493578189445,-4.693948625385536,-4.708830704195425,-4.707931998645755,-4.708712413685712
2014-05-05,-5.39753258357256,-4.835999696930416,-4.883042831042153,-5.0186835032395,-4.809908058531196,-4.8283751016463325,-4.921632598504321,-5.040996634436028,-4.805336906240862,-4.824108291728272,-4.851919544334681,-4.840445672355267,-4.851920904635371,-4.851457657604627,-4.85215197743496
2014-05-06,-5.443454826338791,-4.800953898410247,-4.924382391382701,-4.978189594371766,-4.792889385167789,-4.788203921641863,-4.983051740931758,-5.03066284944347,-4.800455184207315,-4.773890844669728,-4.8296979790111525,-4.811868489669175,-4.82932484956619,-4.828925549007607,-4.8301035083128685
2014-05-07,-5.617619175873589,-4.523112590994488,-4.608523794020219,-4.683590879581907,-4.522771973706332,-4.509242341057527,-4.663309762820581,-4.721662814815383,-4.5250680984125635,-4.494893957834359,-4.544353441610481,-4.529857682085679,-4.544472943712094,-4.5434167250269555,-4.544713026823249
2014-05-08,-5.709656934343651,-4.635899220754701,-4.730660203689982,-4.788939948247189,-4.638084786954449,-4.622059207531168,-4.788948518722242,-4.8366202999259675,-4.649531867062325,-4.597385039360831,-4.6604193645177485,-4.645501121638776,-4.660390344543731,-4.659846248369245,-4.660897722063322
2014-05-09,-5.797568127760296,-4.636880793211788,-4.750938141616912,-4.844802704537985,-4.65651891136992,-4.611027921069343,-4.822362307042615,-4.920307445041653,-4.70596909992782,-4.581950259388954,-4.667407192350079,-4.645404565437168,-4.667078131188792,-4.666367243215164,-4.667880472112125
2014-05-12,-5.760558069274785,-4.964912690903498,-4.896155464055024,-5.148677152163239,-4.944966632921263,-4.954804843478872,-4.919478067506048,-5.125851510021948,-4.93689565740933,-4.950895867472833,-4.966488164175717,-4.964857711914227,-4.966484535921751,-4.9656953830314645,-4.9665324866089655
2014-05-13,-5.732469141844429,-4.903266382558185,-5.008258328368114,-5.056368894086792,-4.904591527286255,-4.886305492826039,-5.068350913619765,-5.098629410942064,-4.927546493780906,-4.867881535008036,-4.927873331177921,-4.913826087655275,-4.928266144386668,-4.927071488901583,-4.928301556551982
2014-05-14,-5.728419995507175,-4.9614336590767145,-5.055270161653846,-5.100553308408005,-4.9551047910922925,-4.947146235871395,-5.122268072566833,-5.137025600070997,-4.944637116376979,-4.929155389810545,-4.985497662201676,-4.970444274373829,-4.985134006657596,-4.984464960056465,-4.985819476662393
2014-05-15,-5.851917290739771,-4.717540446298317,-4.8129589190795485,-4.8681851986927605,-4.725321420302801,-4.70617255769549,-4.868976528694598,-4.9177130613227265,-4.754223966979821,-4.680515220028389,-4.738988414361803,-4.724137729452802,-4.738791718977075,-4.73939798200338,-4.739436563397322
2014-05-16,-5.877108933732393,-4.911682325030396,-5.0111435650106335,-5.095663424409902,-4.893920853053607,-4.898360464617479,-5.075547528710577,-5.135604066019065,-4.905174078748264,-4.880495403395019,-4.937285667008677,-4.923041523005908,-4.937137014261029,-4.937209253681303,-4.937654622110338
2014-05-19,-5.883585841316492,-5.051412355865115,-5.0800136777171545,-5.241716903733576,-5.01792599119549,-5.046280467532101,-5.1293551384916976,-5.254770902114156,-5.015776195616505,-5.038650158847954,-5.067414877436214,-5.056494336256261,-5.06739239858118,-5.067068236823101,-5.067678704127232
2014-05-20,-5.9666923160164185,-4.891448154269932,-4.980301819892904,-5.0457525493353605,-4.875220909385364,-4.881575334108167,-5.0344983168621456,-5.094741147990327,-4.88350914588946,-4.870836539540546,-4.91347310489581,-4.896450549366699,-4.9130954077596005,-4.912422697535077,-4.913773184602279
2014-05-21,-6.00454966723045,-4.980057730642264,-5.0790450311012485,-5.104259040436215,-4.972312986780125,-4.974343652922778,-5.146678748709402,-5.156636296252085,-4.975734191170326,-4.960969116916149,-5.00305862448763,-4.987794701479227,-5.003314110936973,-5.002788253630042,-5.003387392553162
2014-05-22,-5.986430969851092,-5.097862870945948,-5.18744309393192,-5.33992680166933,-5.096705330890995,-5.091340332894751,-5.269279121973606,-5.4263497398150395,-5.135103675447132,-5.087649992539823,-5.127362569934058,-5.10647967335049,-5.126606487359401,-5.128245019227536,-5.127725800675343
2014-05-23,-5.945616667743025,-5.376325918460263,-5.241851445161156,-5.5618846744861115,-5.376016899378967,-5.373010395038836,-5.26635535959711,-5.549300480052554,-5.39283152922438,-5.369738147768078,-5.373620071592072,-5.3746515731718905,-5.373926539484595,-5.374592323166772,-5.373600651788672
2014-05-27,-5.864778986110071,-5.298837373283728,-5.287066760716912,-5.4742929229191235,-5.2761704758161105,-5.296349101593997,-5.3212925699741565,-5.491223597115306,-5.2798729514944975,-5.295524176225306,-5.311569059757632,-5.302803045775079,-5.311415467468184,-5.3113553483984095,-5.311684419956611
2014-05-28,-5.863721163857962,-5.323136195903589,-5.307886189798297,-5.4739937881338765,-5.324295053094864,-5.31562068002756,-5.35752529817436,-5.47126285249722,-5.328467196036195,-5.305366339801382,-5.331474498302834,-5.325424819548269,-5.331772796783926,-5.331464428701139,-5.33161129895481
2014-05-29,-5.87248795121491,-5.389465703985139,-5.425200459343174,-5.533256951749435,-5.372967529912647,-5.385907523322307,-5.482874781921424,-5.5470856465748755,-5.370039698461274,-5.377699601477539,-5.405359578099256,-5.394539705867013,-5.405461792167753,-5.406039005523574,-5.405591871538482
2014-05-30,-5.870793925900024,-5.414104581300354,-5.461679806277089,-5.592342898280126,-5.392495127898109,-5.410938234119023,-5.5217529426519745,-5.62117304737216,-5.37397822638554,-5.403866818812482,-5.434134033043409,-5.420331697888438,-5.4337864244449605,-5.433412244667651,-5.4343356409631
2014-06-02,-5.905911421984246,-5.258823909533925,-5.322614814839739,-5.398746923702475,-5.241171266480248,-5.254093756937688,-5.373562432926719,-5.424987670939198,-5.257807890484747,-5.244200356139396,-5.276295839070644,-5.264258480946904,-5.276043455122638,-5.275600350405195,-5.276483376370091
2014-06-03,-5.9174009795488605,-5.313267954099159,-5.40436000022684,-5.365618856379244,-5.289768047742806,-5.308936909795522,-5.454276886280365,-5.401983551610893,-5.2830721139058126,-5.294340941110745,-5.3312542835501,-5.3198526679861935,-5.331223474085832,-5.32998075302338,-5.331487662285195
2014-06-04,-5.917904256206026,-5.417737763906256,-5.452474984798123,-5.519256906947128,-5.396950849901205,-5.415897750209346,-5.495743021600066,-5.505986763277051,-5.379642347551307,-5.4135494106651265,-5.42994603451525,-5.422290941264823,-5.429596565501806,-5.428560980228664,-5.430047004286239
2014-06-05,-5.902568794098842,-5.235988204085966,-5.336074419367486,-5.300276577034235,-5.220599225159424,-5.234208362843272,-5.384183659002985,-5.3195102347950085,-5.221552825173661,-5.228836163860527,-5.252453816069019,-5.240660440710731,-5.252264725438986,-5.252341178570865,-5.2526883394740675
2014-06-06,-5.871371675151514,-5.479629569293819,-5.422491459947245,-5.539501815642609,-5.4597569489853095,-5.477231085030265,-5.427622954237968,-5.513138032347902,-5.431804284136113,-5.471111880834092,-5.4765711840999245,-5.478899308442395,-5.476665359016968,-5.476663473309487,-5.476391617579973
2014-06-09,-5.841575961108075,-5.473966595417722,-5.475712815675719,-5.541673887517709,-5.440169052544532,-5.4722832791094955,-5.488529678291866,-5.523515878915297,-5.399637200537432,-5.465916384895818,-5.475031064121599,-5.474126187665821,-5.4757478183190775,-5.474434122667278,-5.47507913953676
2014-06-10,-5.828402080117096,-5.56650751239573,-5.532394542902541,-5.665920344416274,-5.5329958588299455,-5.564678273487271,-5.534783840056563,-5.644089282924534,-5.501864075482979,-5.562214633624534,-5.565028750220146,-5.5662460541951,-5.565095682103334,-5.564120653551794,-5.564942037290486
2014-06-11,-5.849043971821368,-5.502627096699617,-5.572041490686839,-5.540737277227783,-5.461861238475417,-5.500267646183496,-5.590599376287958,-5.555127361856785,-5.4357683234168706,-5.490959147173924,-5.512553301929571,-5.506970128154865,-5.512962126043398,-5.511913567632984,-5.512594813996568
2014-06-12,-5.7781123513100745,-5.390298720208307,-5.428094646732248,-5.517464885026014,-5.351014941776434,-5.389562479694968,-5.466168190664844,-5.527278704361959,-5.339149380101384,-5.3890621231218745,-5.401784384440921,-5.391767397669107,-5.4016007698557695,-5.4017319242038315,-5.401891637775849
2014-06-13,-5.82093985134408,-5.296638567807645,-5.412239086196875,-5.336703801273811,-5.25030017390552,-5.2947341854399985,-5.448107775643272,-5.366961126343903,-5.228245518222246,-5.280692244551631,-5.314028952581384,-5.305283763076401,-5.314232300841896,-5.313392116912267,-5.314197922161218
2014-06-16,-5.728364027338096,-5.304369275576931,-5.37445211243352,-5.419116267534165,-5.240169212800591,-5.302882975279162,-5.453467699114413,-5.382897190335756,-5.182078492559794,-5.292505510747571,-5.326036827299664,-5.313622971950469,-5.327187485650327,-5.325934309502274,-5.326181982644208
2014-06-17,-5.736409165263572,-5.333219453811098,-5.333931093549944,-5.308974829219285,-5.2989784550656545,-5.332948233793318,-5.348937825315045,-5.298690112573047,-5.250682335430595,-5.332554369962583,-5.3368892921132405,-5.334757898496168,-5.336797266704435,-5.335471161890465,-5.336785682836208
2014-06-18,-5.761526240097413,-5.289954527774034,-5.334045140602828,-5.362572974608817,-5.210578345280696,-5.289656260310549,-5.39466681235464,-5.34023643490472,-5.134624333879544,-5.284157378044913,-5.305040059816172,-5.296011150738363,-5.304895250036756,-5.304628583943545,-5.305042320221964
2014-06-19,-5.7633074233804615,-5.424956462654268,-5.420718741029591,-5.4939027192453365,-5.368656163643121,-5.424982277280186,-5.459736765156444,-5.467878571308359,-5.311178811371985,-5.421617269897977,-5.432084970003484,-5.427129331327016,-5.432211471981051,-5.431999714245576,-5.432033020906896
2014-06-20,-5.750445060923048,-5.671575648429689,-5.539011136104673,-5.761335866002946,-5.622589111332662,-5.671939688124112,-5.550793979613651,-5.67722518777709,-5.590510328108187,-5.667621197083441,-5.6609648689163405,-5.668496066423366,-5.661171702412942,-5.661239264022537,-5.660736885124163
2014-06-23,-5.744569801214956,-5.636510256605646,-5.572654679638502,-5.687893064980819,-5.595822837241113,-5.636933071354413,-5.597210256614794,-5.661069712990482,-5.5559305039844045,-5.632243223087389,-5.631102384712092,-5.634142276547911,-5.631158268233408,-5.6309241937388155,-5.6309399079362015
2014-06-24,-5.750239727979198,-5.448690324769614,-5.493258267361817,-5.432173327084244,-5.458243373397865,-5.4495898274912395,-5.534037272253805,-5.4630779677556145,-5.472136689656977,-5.437925078666793,-5.455352164471621,-5.449716557971184,-5.455408301346327,-5.456223919984935,-5.455578596928062
2014-06-25,-5.728674905168977,-5.488789190186321,-5.3824526138508855,-5.544703435645777,-5.471873778030208,-5.4894817984605995,-5.377941340982745,-5.490815711448654,-5.473694398145965,-5.48528443112665,-5.478593769217759,-5.48731017263945,-5.479258953543142,-5.479478149413069,-5.478525333655147
2014-06-26,-5.717921171355644,-5.2696983698880375,-5.443738380662373,-5.275289316321684,-5.263802495020593,-5.2697331149119995,-5.497491244881909,-5.340633009544159,-5.289332661783164,-5.26606488583942,-5.291537768020354,-5.280379578955539,-5.291409077714937,-5.29159905165685,-5.291827901478597
2014-06-27,-5.616137709795954,-5.459506245228502,-5.44378693817947,-5.497171712637577,-5.428179131033238,-5.461216872332261,-5.468889588854513,-5.469241472375623,-5.398860767337345,-5.456220054687735,-5.460719174152325,-5.459977533933734,-5.460534654637886,-5.460783029009018,-5.460683427376929
2014-06-30,-5.5034795640960095,-5.521756346984729,-5.4351492286132235,-5.618267675665955,-5.469434330480137,-5.522058797976377,-5.458555400301578,-5.5654075886364645,-5.412226246417992,-5.521759731871501,-5.518409051839329,-5.521026565559168,-5.518634421692485,-5.518312965464501,-5.518221072737435
2014-07-01,-5.370075129395168,-5.476585181574832,-5.420355928896936,-5.59022828910524,-5.438885871623995,-5.479050251768516,-5.440316094015318,-5.549184361230907,-5.409609008885718,-5.47588288948844,-5.47668530151861,-5.4751743382327245,-5.476828581041944,-5.476035339273206,-5.47658644243211
2014-07-02,-5.33777953373117,-5.586628422572036,-5.467676466086771,-5.641566288993998,-5.527199263745126,-5.588743780460878,-5.470458515300661,-5.56638497362955,-5.459197681668652,-5.58589597963067,-5.575805509641963,-5.583241281987405,-5.575979885167288,-5.575374112769827,-5.575533903814317
2014-07-03,-5.232072228338774,-5.631853605601692,-5.575499516978614,-5.742631901495817,-5.5542446192222155,-5.633981762610277,-5.594543875991426,-5.648402404285935,-5.509404403957371,-5.630998640653136,-5.626159637108727,-5.631806469744006,-5.626392127884443,-5.626544248197964,-5.62611077684127
2014-07-07,-5.174923101487405,-5.664387945270637,-5.62021037681174,-5.754548288516039,-5.626075932639729,-5.6669831418452326,-5.63176814407795,-5.7174650131924265,-5.5939696954548985,-5.662302392568516,-5.662837962737049,-5.665063468343308,-5.663065829450407,-5.663057996731215,-5.662765753534515
2014-07-08,-5.129749258806125,-5.38999638622295,-5.40821918502832,-5.413445901661428,-5.368556372088298,-5.39182791291943,-5.419164372223515,-5.414639543751389,-5.343905404558305,-5.386879279313041,-5.392350364908373,-5.390044088821679,-5.392275090787725,-5.392167124049227,-5.392326151320891
2014-07-09,-5.098103163329176,-5.4409443657621,-5.455076932033321,-5.527032551858219,-5.387642256213241,-5.44327604375334,-5.485832639835245,-5.526199796041438,-5.354654362558759,-5.43793606757073,-5.449704631620075,-5.443749033230539,-5.449804761652671,-5.449245310544797,-5.449719812334484
2014-07-10,-5.10369353579963,-5.356733856781855,-5.324883738608351,-5.385279866038277,-5.344153679682928,-5.358921399228771,-5.326590057779698,-5.366592123188593,-5.341155653655104,-5.352372643495751,-5.351793777106915,-5.354855952110248,-5.3519859513304,-5.352084159901577,-5.351766930859533
2014-07-11,-5.067398846246891,-5.431229200623666,-5.4690427892981015,-5.4140418761668,-5.4120381042602155,-5.432210294830305,-5.494428591020465,-5.401006282033872,-5.3891713822696445,-5.430338227404913,-5.433006960312304,-5.431334045187032,-5.433346445668484,-5.432489332915231,-5.432947826692523
2014-07-14,-5.057358056344314,-5.605497248396315,-5.513341896852014,-5.678336704456722,-5.555839418387127,-5.608196568903378,-5.499692778984653,-5.620709946904384,-5.52339074354918,-5.603014644547354,-5.594944481274439,-5.601611190318755,-5.594929121782658,-5.594996513476982,-5.594809082355717
2014-07-15,-5.110264222996891,-5.139062176709772,-5.363865169151248,-5.235552820400995,-5.126978225556891,-5.141763703579123,-5.442006932861577,-5.276608394132614,-5.149986447300641,-5.132984188712873,-5.170587722226974,-5.155702388543185,-5.170420672255834,-5.170273236974618,-5.171039722829355
2014-07-16,-4.986222774336256,-5.452774340290124,-5.3252602442168415,-5.525699427701601,-5.433603356267983,-5.45343124927232,-5.311742064287205,-5.452751559225912,-5.416655311117896,-5.4499353972248175,-5.439434326358789,-5.44945765579485,-5.440034762174613,-5.439188061535111,-5.439202290386946
2014-07-17,-5.0466193187143,-5.042523263792486,-5.2369217964235695,-5.129646490167027,-5.0166734780615405,-5.043855276241959,-5.293949920131157,-5.141352699931689,-5.018757123197385,-5.035956160460684,-5.068159206812304,-5.059107356692894,-5.068633085882444,-5.068226654250848,-5.068472593236427
2014-07-18,-5.060918074061582,-5.263255256584861,-5.333575537691856,-5.31217990427427,-5.224017067085933,-5.263879642341953,-5.3439433182840075,-5.261684100019448,-5.219047114516251,-5.253536345576593,-5.269745778388464,-5.266157126487967,-5.269892513641078,-5.268991622368819,-5.26976385198124
2014-07-21,-5.059722645566886,-5.293957905630793,-5.396758452264878,-5.387316663446363,-5.272764188368918,-5.294163125757476,-5.4339557969931915,-5.391089880618344,-5.290846587239209,-5.286394123024009,-5.309222181834288,-5.300316099243165,-5.309623335037935,-5.309348360645311,-5.309431678517351
2014-07-22,-5.064766985918003,-5.37752874878389,-5.421238587648265,-5.462088970478527,-5.37086920685568,-5.377798860203692,-5.443778280256211,-5.436358099331658,-5.385530404778605,-5.3699233646534195,-5.382814318478055,-5.3793911703214174,-5.382712658282076,-5.38365963276636,-5.383143967772428
2014-07-23,-5.048080200904975,-5.403975059822924,-5.40301595871141,-5.487188688922552,-5.411581242289288,-5.403085135050186,-5.433216487818804,-5.455617122476014,-5.418524956646241,-5.388317911997136,-5.403383769336796,-5.404963592212431,-5.404551002189239,-5.40368379280037,-5.403671127600235
2014-07-24,-5.051514039480674,-5.521509090544711,-5.385497223089333,-5.628397914965611,-5.515047945918355,-5.518248467381649,-5.399734424466384,-5.5533988906525105,-5.486931695707153,-5.498253784382426,-5.50829134233756,-5.520190637324311,-5.509279350279689,-5.5084085490744865,-5.508320474793327
2014-07-25,-5.066751530125819,-5.406211927733965,-5.511997811013023,-5.507260497506352,-5.374387068724361,-5.403043162336014,-5.535322155047639,-5.543077430761253,-5.3641725510187825,-5.387197914765153,-5.419131412751954,-5.412472764293295,-5.419354522897246,-5.418825925809035,-5.419318449961214
2014-07-28,-5.091769517472621,-5.299435543525862,-5.415460193995756,-5.396161195721403,-5.262526205734087,-5.295453615194135,-5.4582482065121605,-5.400732032878745,-5.26993168447197,-5.279548580789437,-5.3162433984585045,-5.306404708862029,-5.316117809111939,-5.316352643819233,-5.316465302786576
2014-07-29,-5.131825262955985,-5.150868989413203,-5.3606824203976675,-5.193697078920163,-5.079065722491873,-5.1467199033894,-5.406231517272335,-5.197080015095839,-5.069008918187107,-5.126232254072752,-5.174921512890671,-5.16926237874164,-5.175254801049922,-5.174264182335174,-5.175188173818497
2014-07-30,-5.195722512651692,-4.9859001746594025,-5.11726862869936,-5.11361577926258,-4.880806878852251,-4.984798894319747,-5.156372361522031,-5.133667147070832,-4.861150567481276,-4.977389945488303,-5.004641146358522,-5.000020509463588,-5.0050074192859375,-5.004685707587244,-5.004870228826115
2014-07-31,-5.264767869848195,-4.868630463878914,-4.927690989209855,-5.046121588603498,-4.834788723280903,-4.866226779002268,-4.969363678277646,-5.060046676542511,-4.880657276648227,-4.860252640752263,-4.8845554917663065,-4.8768502555871285,-4.885242896667768,-4.885502026693311,-4.884783431718761
2014-08-01,-5.383313332461366,-4.717303766827623,-4.803985101112477,-4.852016956865451,-4.667558954200399,-4.714773207589626,-4.834469096658451,-4.8685367621694295,-4.668084095288913,-4.704839819858972,-4.730874287374621,-4.721931483484845,-4.731413477652104,-4.73156010477123,-4.731068827739122
2014-08-04,-5.391088704862568,-4.9100596905223695,-4.991241017425209,-5.096697747553204,-4.827996845024754,-4.90949048353616,-5.049213299776533,-5.126864364132783,-4.829763412027803,-4.907553009075466,-4.934378661966187,-4.920246257027426,-4.934119610046998,-4.935268413996945,-4.934626014464245
2014-08-05,-5.488218701927725,-4.669915918184102,-4.78387984698363,-4.809978087337676,-4.650247408359323,-4.667869536839336,-4.849878063902189,-4.847947341782368,-4.656934683549399,-4.65913250013438,-4.69185951075502,-4.678853262421796,-4.691984389997507,-4.693188699505523,-4.692193492522069
2014-08-06,-5.547481315739123,-4.743904096509644,-4.894052554629565,-4.964723621904088,-4.694119144338942,-4.740958214340335,-4.986640737768577,-4.983177888979004,-4.723759224070001,-4.730986832837477,-4.7738775849905695,-4.758445935759991,-4.773998275512734,-4.775038680769351,-4.774322352796778
2014-08-07,-5.610307761448533,-4.698454850366941,-4.952279405050566,-4.844894089347084,-4.651644366348869,-4.6978756949215645,-5.044124249800888,-4.904067475515377,-4.697999054748677,-4.694534960456131,-4.736551058858851,-4.718358913983215,-4.73661682056363,-4.737484726837008,-4.737050991901324
2014-08-08,-5.621950505405713,-4.789304422023192,-5.149561749400716,-4.958264498267625,-4.7375477776304535,-4.788903320712273,-5.2807554845603075,-5.061674929058642,-4.766728627908405,-4.781605582766657,-4.844006909615984,-4.8200651011780815,-4.843871752332288,-4.844451239693288,-4.844581129648274
2014-08-11,-5.6133577141199344,-4.953464500462815,-5.22058322558262,-5.099369351624099,-4.912062079469537,-4.953499365761766,-5.323585041252342,-5.210824024889728,-4.945630210205346,-4.948363246873886,-4.993425550511417,-4.974055267216956,-4.993186673116625,-4.994269044012004,-4.9939568663560285
2014-08-12,-5.633600159231839,-4.823737302094224,-5.2381504624773925,-4.954088463765737,-4.793212217375256,-4.824847626488165,-5.370112696451868,-5.094758516040014,-4.85061357621766,-4.8217765330107785,-4.879442141206268,-4.858643795542842,-4.879120383929516,-4.880514045998115,-4.880212110496833
2014-08-13,-5.616983661071674,-5.058579761645896,-5.312680187051466,-5.222782864114543,-5.033387399277057,-5.060019107592206,-5.416799257639667,-5.307982272934884,-5.054603220758295,-5.059272206281378,-5.098417698314165,-5.075713492741935,-5.098120349151984,-5.099376748630209,-5.098873548132273
2014-08-14,-5.577874008435582,-5.241597076977394,-5.398911418332746,-5.416941829362575,-5.229785872071521,-5.245532014239149,-5.478950811256659,-5.470840017403234,-5.259893877643528,-5.245358883396785,-5.27086448824375,-5.251731977602812,-5.270810244083866,-5.271981628274293,-5.271231898402428
2014-08-15,-5.716424519226789,-4.644270962523788,-5.068898395613877,-4.826050896590062,-4.57736998529615,-4.648723759402823,-5.203338738112185,-4.966029264432192,-4.616324825136557,-4.651584532495137,-4.705954819488562,-4.686415520576254,-4.705677932051636,-4.706369849577172,-4.70660805804491
2014-08-18,-5.70292485663936,-5.147684339370853,-5.316311764314091,-5.255943345695403,-5.141561035418867,-5.149300073374071,-5.381614965978744,-5.318997941633676,-5.185700210042967,-5.1535246270125485,-5.174934601938352,-5.160996684718399,-5.175069472197286,-5.176761576655282,-5.175248653724592
2014-08-19,-5.670127566330258,-5.272758140607865,-5.3570049513407865,-5.433721585274424,-5.261169072630382,-5.276255478773534,-5.416176035026609,-5.470534087809177,-5.292574288070402,-5.278697390995218,-5.2938737875937125,-5.282031341584593,-5.293739594021271,-5.295032042722839,-5.294104727919445
2014-08-20,-5.651318403632103,-5.089414450273192,-5.393115459279272,-5.317013846702923,-5.07680487368036,-5.091821879380866,-5.506630022903695,-5.467036213802169,-5.146169870227993,-5.09594180158073,-5.141220390294569,-5.115896212147959,-5.141160951696,-5.142557280068393,-5.141700533552298
2014-08-21,-5.610049278999813,-5.19942592069456,-5.29669077743273,-5.349164011298076,-5.188238319343811,-5.200710317946799,-5.361735524088754,-5.408752290982043,-5.213754924653682,-5.20200073559007,-5.223563623855307,-5.208615607130868,-5.223727632238704,-5.223896270742541,-5.223707217597816
2014-08-22,-5.602905649561353,-5.181282307456525,-5.451006682019279,-5.342341234796777,-5.138419082256531,-5.184377208083789,-5.552271156265617,-5.43626200806166,-5.169498282390747,-5.184218215870884,-5.224638751445671,-5.205257673903363,-5.224555203630507,-5.224971518778201,-5.224979387141039
2014-08-25,-5.521635150799689,-5.392147573979599,-5.547496704045117,-5.528781143920967,-5.371866789469956,-5.395766994157979,-5.61518656459457,-5.589980114125095,-5.394312740980636,-5.3995204783531925,-5.419540753821368,-5.405963063474215,-5.419161526517764,-5.419246208853707,-5.419726530244849
2014-08-26,-5.4537545508462495,-5.410819625633096,-5.554586827823586,-5.593286109372507,-5.38481916567607,-5.413462685120347,-5.616819079832801,-5.664519572375371,-5.426853953775659,-5.416005028507208,-5.439035518243782,-5.424235342424979,-5.438728340703773,-5.439793489640365,-5.439239997188216
2014-08-27,-5.386441185577737,-5.442562206502982,-5.596252385006,-5.635429290291544,-5.421527525255237,-5.449979677032598,-5.659813632573289,-5.707790685732332,-5.471238682628307,-5.458651235633102,-5.4692626444185,-5.455054398190891,-5.469400785076027,-5.470500146142215,-5.469555737588429
2014-08-28,-5.311458110735893,-5.373898661717683,-5.567990108042402,-5.557409667681463,-5.346369917523364,-5.379558472551466,-5.664292933478031,-5.641265967641286,-5.3789651872245035,-5.383525491185079,-5.410793761924803,-5.3930209132565,-5.410553781438909,-5.410815329204704,-5.411164991120552
2014-08-29,-5.207427051545529,-5.453727418265743,-5.714636422341816,-5.620624978818883,-5.43888701456143,-5.4621212911829655,-5.8140368766678945,-5.716762874882896,-5.493659868589323,-5.4702214507078635,-5.494028824709941,-5.475492041034606,-5.493574469987119,-5.494613123920362,-5.494534931208422
2014-09-02,-5.126825681201355,-5.343275424297336,-5.409203782027866,-5.5598758820691065,-5.2939837008174795,-5.347242995034328,-5.455732089276173,-5.611594973110576,-5.323366778504213,-5.349988350502916,-5.363484529656922,-5.350334814273863,-5.363898197406046,-5.364535378261301,-5.363696637278321
2014-09-03,-5.08776130599619,-5.406618364054186,-5.572231391922295,-5.512998019321729,-5.37112777516932,-5.409205890751969,-5.620276668312137,-5.589067933482792,-5.402707976736144,-5.416671792202948,-5.431893976619406,-5.419027334679338,-5.431977698678618,-5.432793127814828,-5.432128089556741
2014-09-04,-5.053322967291083,-5.249136654768741,-5.463795069213745,-5.354901927303131,-5.244879217834471,-5.256135417276539,-5.537297674956317,-5.462094036262144,-5.302515601722421,-5.260287339076232,-5.2814499312054375,-5.263003097473863,-5.281345071474744,-5.283117926853392,-5.281844445889909
2014-09-05,-4.993802752234342,-5.227048902995238,-5.4125271654459555,-5.29781510665496,-5.195237823895379,-5.234095167928621,-5.468623237884352,-5.34874246017919,-5.221766309617857,-5.238973148391827,-5.251168749221405,-5.239986356403902,-5.251005511910152,-5.250823861198391,-5.251438458347147
2014-09-08,-4.874826677301295,-5.277152582596205,-5.428443538673496,-5.4313367043421446,-5.234532028209302,-5.282125303360571,-5.491812093106438,-5.48418664113476,-5.258457033766789,-5.287474651760976,-5.304989837332149,-5.29297734898762,-5.30492616525307,-5.305732066243912,-5.305249060548279
2014-09-09,-4.762984855077693,-5.1806174776997,-5.415752045451718,-5.26217403391758,-5.136023607667361,-5.182054347404979,-5.491388727400491,-5.356848317017576,-5.158371921631311,-5.187780243025208,-5.21548637078116,-5.200303561305599,-5.215082687969418,-5.216497411005469,-5.215828707828986
2014-09-10,-4.659192647857932,-5.110847177186416,-5.335094299344654,-5.135238950190354,-5.068700382696604,-5.1117559870427804,-5.386307477381823,-5.221744122414875,-5.1053624957510415,-5.115652168551669,-5.13782344092957,-5.125213840483907,-5.137682929646647,-5.1387321903318695,-5.138174151226855
2014-09-11,-4.5352765208053345,-5.208160433180632,-5.419219580753759,-5.2330777679641525,-5.153848580554259,-5.209953214069046,-5.4621108584263,-5.310868395421426,-5.177936479363794,-5.214305595598345,-5.234873317293425,-5.224762030486102,-5.234741930694922,-5.2363344866717565,-5.2352212435972465
2014-09-12,-4.424701184382486,-5.122677799612221,-5.322223901833605,-5.184172443382297,-5.02607927786888,-5.122241154453628,-5.3673336238227245,-5.253249990334587,-5.020010395662018,-5.1268260556198815,-5.150977900267235,-5.1392344198956215,-5.151202650214295,-5.1511279684119975,-5.151192519565644
2014-09-15,-4.187524646700701,-5.193261538691633,-5.352769802499029,-5.254594462540349,-5.135091908309683,-5.196679450634365,-5.383437109949951,-5.306724818944381,-5.1387644305939695,-5.199932726257055,-5.213919912865265,-5.203822424819166,-5.214236573811409,-5.215015246280175,-5.2141587331831385
2014-09-16,-4.0624217212237435,-5.143033823661083,-5.3071989865626845,-5.198337299584282,-5.0626223464281965,-5.146186343074493,-5.322636482350687,-5.232859325958261,-5.052431734867818,-5.1494946871713205,-5.161584323052385,-5.1532491502554585,-5.161489886921813,-5.162450976947348,-5.161750989004534
2014-09-17,-4.043740251394062,-5.047990113393983,-5.078893683100678,-5.104221558711468,-4.964873475186177,-5.0471988025040115,-5.084189437744097,-5.098417160487187,-4.948814918775773,-5.047844967543581,-5.053888806055653,-5.049645813216482,-5.053619885644127,-5.054106549177195,-5.053839892635575
2014-09-18,-4.018762154758325,-5.294517496756289,-5.361567508644512,-5.309640779679838,-5.198809397562321,-5.289155541727658,-5.356966212142332,-5.31587132211022,-5.161564028439236,-5.291256641280711,-5.303016688684903,-5.298432673309493,-5.302939960697578,-5.304542425638202,-5.302968150067667
2014-09-19,-4.013167466165326,-5.231923409680182,-5.295183140470659,-5.261106225408796,-5.184663822823429,-5.235810138936023,-5.311589199502648,-5.262499122466746,-5.209429872839157,-5.2396959228077336,-5.238028906363772,-5.234574305327547,-5.238524904924984,-5.238933537808769,-5.238163007028916
2014-09-22,-3.998029186714852,-5.188651842723707,-5.337686526073037,-5.247682638575483,-5.189539133020068,-5.193363063407665,-5.356555632415484,-5.324803724238683,-5.230937250873879,-5.198189745810919,-5.207982116270319,-5.199685965908282,-5.2078720649691865,-5.208627026268994,-5.208258786077275
2014-09-23,-3.982964491961851,-5.1439700828094725,-5.308910792265089,-5.200948717338449,-5.094344480845821,-5.150603413420825,-5.350467044263367,-5.25626745123896,-5.1204820062556005,-5.151944484894041,-5.163884026319544,-5.155853645439635,-5.164193154686628,-5.1650051904602154,-5.164150855427586
2014-09-24,-3.971349904401348,-5.177439022980313,-5.333764246938351,-5.203094943256663,-5.1543149709536795,-5.177378101312446,-5.358086304794972,-5.268148451576261,-5.166940325029509,-5.180447184563764,-5.194549460414423,-5.185354817952844,-5.194599747729259,-5.196182711425256,-5.194771228401339
2014-09-25,-3.9679047667088176,-4.991522928561955,-5.1658465753328615,-5.028626214840396,-4.957607929523099,-4.995068093314936,-5.2169761330126185,-5.068168757019334,-4.981740345972133,-4.996319935283645,-5.0100148335197945,-5.002790863015914,-5.009998988702237,-5.010268796742983,-5.010277054928847
2014-09-26,-3.9743850184337965,-4.958055059059977,-5.182581441408824,-5.122154805868952,-4.866240928887613,-4.95889579416643,-5.255788787933222,-5.194538490960156,-4.9065286246005115,-4.95986676161553,-4.9885735803552125,-4.974114485287055,-4.98846092054003,-4.989794884031052,-4.9889086251826615
2014-09-29,-3.9589033781517675,-4.901605410680901,-5.1147049223121135,-5.0305757520969765,-4.854181443090456,-4.9057136687724,-5.164801292729551,-5.084086362190169,-4.943968269825515,-4.903778533626532,-4.930317625491094,-4.91689503441058,-4.92938556216595,-4.9314722827897715,-4.930643768481375
2014-09-30,-3.956541608967794,-4.808554155628396,-5.026491393214962,-4.9197752841257865,-4.7492728810482845,-4.811541016583875,-5.0988031279955015,-4.984774255748455,-4.8023288438710185,-4.810491970539565,-4.8396563651434015,-4.826772963201202,-4.839510376384695,-4.841045335094577,-4.840077328710758
2014-10-01,-3.9785863060187983,-4.667519707781969,-4.850669557069953,-4.774615982599892,-4.655824966046791,-4.672585876111374,-4.898957138305335,-4.840038275067392,-4.7563614720295355,-4.668033207616952,-4.69401587164903,-4.677910501946271,-4.694070813812541,-4.694855431252545,-4.694381619995235
2014-10-02,-4.001152415032496,-4.633036108634648,-4.747438322836447,-4.746811084145652,-4.638029517944265,-4.636305345932706,-4.786356881406426,-4.7843439975024085,-4.741653066581152,-4.631629056455063,-4.649908934743261,-4.640132784479391,-4.6494703703768,-4.652158701159596,-4.650304069688543
2014-10-03,-4.000908781164173,-4.729189933110457,-4.826541313220331,-4.768318826193642,-4.712013183722544,-4.730556250973904,-4.840658201148798,-4.784464592085197,-4.775955832054717,-4.726916158066737,-4.737064758821865,-4.733388685029325,-4.737297730607487,-4.739376447281213,-4.737287265449238
2014-10-06,-4.01089689809413,-4.682631746830375,-4.889433813351948,-4.812626370290534,-4.6910563290761464,-4.68413546737187,-4.949591751859944,-4.925813635584917,-4.805821811486344,-4.6777857675655525,-4.711324769685645,-4.693071994858043,-4.711148611201762,-4.712428392620325,-4.711828693840976
2014-10-07,-4.0322938692737305,-4.577977613663514,-4.8036897869446005,-4.719902409168648,-4.559555071663568,-4.578605951519918,-4.861156988149474,-4.813718409688388,-4.6778910805256935,-4.5725078533979255,-4.607743950790544,-4.589679237853801,-4.607645010830613,-4.609242125570029,-4.608273940787829
2014-10-08,-4.0817498956505895,-4.413524371103368,-4.561310012530531,-4.550405909903792,-4.4280193619801995,-4.413461783335728,-4.592235855265333,-4.6575710731290485,-4.546145094481351,-4.41546211695662,-4.435347722346345,-4.422416207879228,-4.434895898745513,-4.437301293928919,-4.435730225241449
2014-10-09,-4.146462254771002,-4.3221150349308495,-4.396749188217033,-4.497093671737981,-4.299736224071995,-4.321801247990519,-4.421467447117499,-4.541958091882681,-4.3875689674387015,-4.321281634152085,-4.335084920940217,-4.326324496629342,-4.3350018077446295,-4.336697061389286,-4.3353238225880695
2014-10-10,-4.2219803770082835,-4.233965691877019,-4.216898683827645,-4.3423196511779745,-4.3071010183526,-4.232526090171083,-4.1905546870844725,-4.347339844550071,-4.418668561704802,-4.223657054009175,-4.232047895180156,-4.235359303532549,-4.232261454065536,-4.234923945983073,-4.232383200184413
2014-10-13,-4.314813198657068,-4.128957591151652,-4.1251919143685924,-4.302414975108194,-4.205203152631541,-4.1256849643182125,-4.108012757141228,-4.352376474995744,-4.325637200343957,-4.114817947996653,-4.133095049005887,-4.130294341567801,-4.132929214297694,-4.136274094356708,-4.133517691477766
2014-10-14,-4.4072852986992075,-4.055557880101607,-4.066631900244041,-4.314661529717579,-4.075035162845889,-4.051860419227135,-4.065469682486571,-4.342370131464749,-4.186462190243117,-4.0459547532706335,-4.065622435596321,-4.057839202916316,-4.065828012120355,-4.069814593707814,-4.066039476757698
2014-10-15,-4.714826960721239,-3.771298103217224,-3.604699869319633,-4.065369743726773,-3.76240877333822,-3.7685135043903113,-3.564451957870382,-4.038175582475215,-3.8597788934014754,-3.771782791692078,-3.76290996142634,-3.7704663659724327,-3.762887406603877,-3.7650287596878433,-3.762860220175737
2014-10-16,-4.969518757080198,-3.80227851472417,-3.7453648745060053,-4.1527865474069205,-3.784683969459197,-3.800540749995394,-3.7436272341250536,-4.148631294477385,-3.892514581980204,-3.8023692301114838,-3.8120889418550794,-3.806294729677641,-3.812334891252404,-3.8151473925970865,-3.8122899701703927
2014-10-17,-5.065948729310746,-4.035409038840856,-4.036984510043989,-4.317816982938325,-4.012269077681691,-4.034534308124397,-4.040233320951705,-4.334409504777222,-4.083722097771588,-4.032237272066108,-4.047832982475243,-4.04211653767814,-4.047956663635944,-4.05004256109336,-4.048016028641174
2014-10-20,-5.124286143047936,-4.10600705973328,-4.1936247143416905,-4.273252851915107,-4.164259654332027,-4.09914865838183,-4.228385880720669,-4.33527205797437,-4.2951347178473585,-4.085243823036417,-4.122328866766537,-4.112434913275209,-4.122048169217709,-4.124997739852307,-4.122821877610953
2014-10-21,-5.15248920763602,-4.29602093976892,-4.373546052052375,-4.539827825357863,-4.275847963598123,-4.291809385249135,-4.399529586444431,-4.557313465095964,-4.367938804084601,-4.280702440409891,-4.312528546303097,-4.301384766759746,-4.312771501605167,-4.315151108141158,-4.312959756223803
2014-10-22,-5.205651507875347,-4.285849678639251,-4.305463038413878,-4.552842372333711,-4.320867429768078,-4.276625162867319,-4.3283317763795495,-4.588084145868963,-4.423797627353343,-4.262022677353738,-4.297838059552068,-4.290813197695163,-4.298063628396303,-4.300764791893817,-4.298290665661935
2014-10-23,-5.2880745986922495,-4.374135690031147,-4.406695157563262,-4.630644334950709,-4.431886795258536,-4.364065937289958,-4.4521860880919935,-4.695509158940408,-4.540055648631744,-4.342601507194605,-4.389891564125416,-4.380042486729955,-4.389929262968153,-4.392589992874202,-4.390304671485615
2014-10-24,-5.352561827769593,-4.424500447818058,-4.57451057894779,-4.686339584498751,-4.420911057291432,-4.417535191651139,-4.64133302781276,-4.732728839529763,-4.517002362002979,-4.399408940666384,-4.451251992032228,-4.435677516966936,-4.4517900766910135,-4.453893545224931,-4.451728229128452
2014-10-27,-5.441320166965023,-4.434055314061398,-4.607705088414405,-4.68824442581525,-4.465035425978345,-4.42640682923903,-4.696648034924793,-4.766038587977269,-4.581936399252997,-4.407699921375192,-4.468294680016908,-4.444591242026542,-4.467817790300448,-4.47086442419902,-4.468954195115034
2014-10-28,-5.467651692126135,-4.586329531204626,-4.6464034764561974,-4.857596199441916,-4.622252145666975,-4.580470626935712,-4.709455698218614,-4.9322542902886495,-4.701863055852151,-4.572859072314932,-4.609015096138986,-4.597254910457548,-4.609152639769978,-4.61172505316204,-4.609483075013589
2014-10-29,-5.540907987834022,-4.344889125681373,-4.4312017161228505,-4.67025051081512,-4.327875614829678,-4.3424290124938985,-4.494190981188801,-4.746205222889683,-4.424572520772707,-4.342680448188078,-4.374440888143887,-4.356940575769414,-4.374227705790657,-4.377034312477422,-4.374857416147612
2014-10-30,-5.633723819972044,-4.40674367015474,-4.508633359100894,-4.730277289360258,-4.408813568576715,-4.397784536239477,-4.58653869655509,-4.788200402854758,-4.547467532367052,-4.3908385821198275,-4.435758387258638,-4.416237571413585,-4.435763573713,-4.437667699969445,-4.436353013850889
2014-10-31,-5.666113294772559,-4.609225115253412,-4.665513083142732,-4.930210266074707,-4.622210105547582,-4.601925066119848,-4.7194221866478205,-4.9826468746655745,-4.733746867012676,-4.598360410789089,-4.63214672241316,-4.6174050453456585,-4.632304016413478,-4.635150932821118,-4.632604721709987
2014-11-03,-5.660213827809254,-4.681649423388866,-4.687140457276768,-4.97557057548402,-4.748796825239341,-4.675274951814165,-4.73361021173435,-5.026738234616326,-4.8736359639040145,-4.674892710770395,-4.698431288630952,-4.689270417435187,-4.698412886068599,-4.702017273877827,-4.698898957577605
2014-11-04,-5.723832242914157,-4.534636621897289,-4.650662559860976,-4.834788029681163,-4.531654080911651,-4.530103873185936,-4.724558012868898,-4.921779715918584,-4.632925561604265,-4.532416116441573,-4.565791104041995,-4.5490466688369775,-4.565537926527221,-4.567891559732927,-4.566305685852
2014-11-05,-5.71083090000663,-4.691949828460579,-4.708065185435772,-5.0822136126626525,-4.660430535788799,-4.687354635828539,-4.760724221065485,-5.15622053832802,-4.746908940931509,-4.700195869963466,-4.71586292328567,-4.700676315905901,-4.715850022774825,-4.719493593442394,-4.7162479944849816
2014-11-06,-5.643083976644922,-4.761187632270545,-4.804691732097477,-5.108312722551396,-4.676208185228834,-4.762596709514202,-4.855774657126518,-5.162586008625218,-4.704567317798568,-4.790241009010922,-4.787075813880984,-4.7702498222240886,-4.787313242262754,-4.789241793477984,-4.7873957164932435
2014-11-07,-5.513505408124702,-4.853072844793767,-4.84765697002883,-5.211902335718392,-4.862117932067571,-4.8669177791362275,-4.8861516385700785,-5.247011957642091,-4.962995869074913,-4.930313320439538,-4.871793573143313,-4.860360781380724,-4.871761888307807,-4.873696929402044,-4.872106094950658
2014-11-10,-5.398191999499474,-5.0025480811987455,-4.976607815617478,-5.3138660477862985,-5.013189644854458,-5.027289160780381,-5.035723892747722,-5.346642302139357,-5.0580224941900305,-5.112533375414907,-5.017374254858546,-5.008060143359479,-5.01840716845997,-5.020916706122033,-5.017683396344376
2014-11-11,-5.258848701658147,-5.133601418688012,-5.102168964713261,-5.43863455771208,-5.1643580494404295,-5.1583995195961485,-5.147413640486208,-5.527100309121838,-5.207804532933689,-5.246751957283004,-5.146414470326371,-5.135065586580052,-5.146095092582993,-5.149313310429782,-5.14664995370792
2014-11-12,-5.040521888689529,-5.083832541918962,-5.077559608274359,-5.458725401014408,-5.092272589818257,-5.106072551183671,-5.131605678574251,-5.551132110826835,-5.146053001749684,-5.1953492753891295,-5.107919248754548,-5.092434866433997,-5.107958413553771,-5.111188633142014,-5.108230867473761
2014-11-13,-4.885740416925589,-4.849423237608258,-4.9565791145508635,-5.1590906391306355,-4.849170103140683,-4.880049646319494,-5.0553162283258875,-5.241670589528245,-4.92512361728561,-5.014602515015083,-4.879470276695071,-4.8636609100934685,-4.880547231258845,-4.883303409650486,-4.880031118550786
2014-11-14,-4.70389424546864,-5.080179335079223,-5.1337215633648885,-5.4042378854311846,-5.098532282836082,-5.097914794539233,-5.203565653776378,-5.494731569080364,-5.1781170343038045,-5.202207581193031,-5.106226207197609,-5.088572647363073,-5.106505049527058,-5.10919603323058,-5.106686519515122
2014-11-17,-4.675250762346397,-5.012774271171609,-5.1866991279817505,-5.249340999184929,-5.020211108105751,-5.017207517232491,-5.270868829805474,-5.335937029217587,-5.097183395976619,-5.091568036627454,-5.043922643225704,-5.023514001369148,-5.043777230070591,-5.045972785844265,-5.044467852533799
2014-11-18,-4.650051567889956,-5.2535214712853,-5.186488449089919,-5.613986620989979,-5.224482938069296,-5.247698233451497,-5.2275705091358,-5.632925904251426,-5.248062047179742,-5.313025898424332,-5.267345475552787,-5.258217245616028,-5.267393525842324,-5.270463470037788,-5.2675524443791755
2014-11-19,-4.6555628424811,-5.04989540127487,-5.089043470886523,-5.311839803496948,-5.028891913573817,-5.038842440783356,-5.149094984831946,-5.352678835771012,-5.070840905886978,-5.089329835126672,-5.068527776001129,-5.056246163033839,-5.068720069679666,-5.070395752326973,-5.068799860040005
2014-11-20,-4.652907534801816,-5.281909668650908,-5.205861956459483,-5.462786658383216,-5.268984095039316,-5.270525828600801,-5.213720932778691,-5.492482486179348,-5.2576963685511355,-5.3004434483019445,-5.281931859341242,-5.281810777603962,-5.282178602392087,-5.283485919786924,-5.2818794255432975
2014-11-21,-4.66316595235907,-5.169441704893618,-5.218469864443227,-5.385313418483834,-5.187219421530398,-5.145860211925735,-5.273708836373368,-5.436791229731025,-5.237401399362738,-5.192955557566768,-5.186429862262801,-5.172443630707097,-5.187273205488096,-5.189541444980752,-5.186778465838058
2014-11-24,-4.665508110075319,-5.449486667644079,-5.345750341866851,-5.695837361629958,-5.46201767839425,-5.419111411007829,-5.358512539873841,-5.678703090866258,-5.43725851579216,-5.455787053509703,-5.449340420986006,-5.4503505617465535,-5.4493716159049725,-5.452130836472243,-5.449319175843032
2014-11-25,-4.672043738788556,-5.301037145217889,-5.3256886826374865,-5.447470068410394,-5.358221241126496,-5.259055988135536,-5.378743182504191,-5.4634377371810015,-5.40241265226823,-5.289356016431596,-5.31261544043184,-5.304794888895335,-5.312582942595869,-5.315335457451505,-5.312854978508241
2014-11-26,-4.666907308413666,-5.621818172859613,-5.427827298304812,-5.835459625305291,-5.615044167897479,-5.567745646857483,-5.40859910803687,-5.796437243606012,-5.615026293460506,-5.591052291973694,-5.607761147535348,-5.616969731597116,-5.608295560508898,-5.61066166951462,-5.607602791783481
2014-11-28,-4.645938166958101,-5.40745700121803,-4.984114256955098,-5.73793569068473,-5.469028766163578,-5.294569049317873,-4.899262891895528,-5.626794665966554,-5.43921651355591,-5.315577383503893,-5.367280934154718,-5.404141907937738,-5.369650851440683,-5.373622410880811,-5.366888232588179
2014-12-01,-4.618555211498598,-5.095955157279934,-5.021888052339721,-5.259214852455698,-5.0903262540772545,-4.974759138424874,-4.976888385070872,-5.254796058488528,-5.110773763844585,-4.960174169323545,-5.087607239754234,-5.096871147373577,-5.0880811050788015,-5.091006628731979,-5.087521625950488
2014-12-02,-4.561123267888809,-5.277590236202691,-5.125017843991466,-5.45464720941343,-5.314020387251973,-5.135877328731437,-5.075041072327438,-5.451723389301486,-5.330572446200742,-5.115270833932557,-5.266368289347104,-5.279400933571411,-5.266973803547635,-5.270081913048548,-5.266278248612119
2014-12-03,-4.47283613893009,-5.373897805257761,-5.09575556733587,-5.577254397285133,-5.416637115167586,-5.2292616600743855,-4.9970090859427065,-5.549693885203567,-5.441028134857675,-5.194535957942632,-5.345304387049731,-5.365774822379045,-5.345541267698084,-5.349304899187619,-5.34498690748053
2014-12-04,-4.437631869787653,-5.171966191614319,-5.162631868080879,-5.326333486024898,-5.187915507576748,-5.034126198050732,-5.167175671250463,-5.320802805109009,-5.234586014054604,-4.990275054147181,-5.171934319807045,-5.1746668608308894,-5.172083611001612,-5.175082956529788,-5.172002705072439
2014-12-05,-4.426740478412399,-5.264017460008042,-5.176188894972418,-5.388923816378315,-5.236992015049104,-5.115481626504286,-5.136971950506847,-5.353736572212991,-5.218910453194698,-5.0705114331153025,-5.252794105067332,-5.262941398191961,-5.253058364333563,-5.255058789911466,-5.25266630265764
2014-12-08,-4.386386018403988,-5.1377843345264775,-5.087027147998949,-5.244218467354953,-5.1135835159274645,-5.00007227914358,-5.046191612813033,-5.228330367099153,-5.113403255333576,-4.975303975646932,-5.129763969406158,-5.13743399775262,-5.1299186194161015,-5.13163573942661,-5.129620594477921
2014-12-09,-4.364864394695936,-4.942608242605684,-4.868553610161279,-5.127679035464199,-4.935577006563905,-4.779092404547986,-4.856735834897036,-5.110393353948028,-4.969668660550581,-4.720225531174979,-4.939334541560707,-4.9436079460344144,-4.939759385266528,-4.942038787075327,-4.939364976578112
2014-12-10,-4.329844887659857,-4.746632686530685,-4.769332866245395,-4.941393014321966,-4.721589527311827,-4.599432295340191,-4.799776594661664,-4.944990676453861,-4.781370865015334,-4.568127763704759,-4.755293706597479,-4.750576743497841,-4.75540031456092,-4.757401414071486,-4.755494129931432
2014-12-11,-4.282835091100678,-4.694205661183929,-4.772056109368842,-4.882631311321277,-4.695190001137389,-4.5345997668130185,-4.793546778554419,-4.918617733445739,-4.760933925513139,-4.498156474021265,-4.705972703206733,-4.6969799058388375,-4.706115841760255,-4.708727566760701,-4.706298774533269
2014-12-12,-4.26042134467393,-4.550821275509741,-4.531048883511149,-4.818856681917641,-4.550098896077409,-4.3997954020117005,-4.558842522830882,-4.815762590035006,-4.607219139648948,-4.353948304473291,-4.558090041932332,-4.554340131503493,-4.558180400223718,-4.560861709294844,-4.558271001758822
2014-12-15,-4.312763285424911,-4.297683430399985,-4.353538500668262,-4.590534021327188,-4.243699708221938,-4.2132912570948085,-4.410048761661458,-4.627645309252274,-4.332424318841255,-4.195626095784471,-4.31615756150956,-4.303312923209742,-4.315810769220794,-4.318025722154241,-4.3164959793412105
2014-12-16,-4.355369127955213,-4.2108264685939405,-4.209302808422667,-4.5700627842471375,-4.185732299551879,-4.040615386785163,-4.249726302193431,-4.581530261982161,-4.29697161511064,-3.9931133950521014,-4.224254453686975,-4.215654376008487,-4.224309892290343,-4.227679216618656,-4.224544885412156
2014-12-17,-4.3845913963573535,-4.099420189952277,-4.087832107306371,-4.444207646456665,-4.054989802037294,-3.9126652431134015,-4.129027052948468,-4.447463400636585,-4.160932017851628,-3.8609302381061386,-4.110918349669676,-4.105023775051292,-4.111069196225085,-4.1145210237163745,-4.111133619495778
2014-12-18,-4.370711193454929,-4.351289407163531,-4.452184988248877,-4.62524314717985,-4.360736880215888,-4.089873555296318,-4.516237308386251,-4.661270746817215,-4.49724833135096,-4.028756653783355,-4.371218299432861,-4.360482112652608,-4.371639573460183,-4.374927159816126,-4.371562266560428
2014-12-19,-4.369098543334193,-4.452946048492531,-4.499384513818822,-4.828633476845232,-4.403803699081837,-4.268492711962303,-4.573939695977714,-4.866292833909146,-4.50774185618854,-4.22323703429006,-4.474511682986615,-4.4589557817851535,-4.474819731656748,-4.478263373155771,-4.47486559794257
2014-12-22,-4.361368226705985,-4.678501565532036,-4.787028275153162,-5.0164740759713515,-4.644246635238545,-4.416991674939849,-4.819524527022978,-5.0670474232917275,-4.752975324278304,-4.373249924675843,-4.699190493569325,-4.687311923760584,-4.699287497595767,-4.7030609254185,-4.699426002263335
2014-12-23,-4.316094208871521,-4.804814922573035,-4.857999553484948,-5.1828028559552415,-4.757784804403564,-4.59126998271735,-4.904757761292446,-5.247311136182103,-4.820689504469232,-4.536926989353587,-4.823120674366145,-4.812491041598985,-4.823311047486139,-4.827083676517086,-4.823449195689397
2014-12-24,-4.249500017766703,-5.132260537754936,-4.8785743615411095,-5.575659165025459,-4.99752526044108,-4.838660635288518,-4.789519080908669,-5.487944373794766,-5.0209951179243415,-4.722986697797392,-5.113393333376368,-5.131407074419364,-5.114639826973196,-5.118615944203301,-5.11305337250133
2014-12-26,-4.179846089840963,-5.351617128734084,-5.249207300575074,-5.713343367313587,-5.289118672073931,-5.095532783575906,-5.227541445857343,-5.748722287061267,-5.350811974851773,-5.012138099205827,-5.351638209645196,-5.352062651609322,-5.352017261626237,-5.356223028689265,-5.351622818628419
2014-12-29,-4.107271691924025,-5.37024512939967,-5.203875241234819,-5.640302448288924,-5.298796539012056,-5.196691122109274,-5.145963875509927,-5.636939385745921,-5.34754382970344,-5.132466424391192,-5.356864756105591,-5.367068350785255,-5.356919031691303,-5.359748551405936,-5.356588442924362
2014-12-30,-4.029449825475571,-5.306744347649112,-5.2440216881717365,-5.605564415684354,-5.234423410524823,-5.091102598258016,-5.241272336287462,-5.632179774892279,-5.284892533685783,-5.034123048053508,-5.308740688791583,-5.307449958564739,-5.309062899124851,-5.312220772712401,-5.308810060698761
2014-12-31,-4.021253712789061,-4.951854988683195,-5.092478824970164,-5.227094817812802,-4.823627105931148,-4.747125267213614,-5.145241329645747,-5.2971782917478745,-4.911681324735213,-4.724676208001977,-4.972796982054698,-4.96211596292707,-4.972725086791574,-4.975731493196212,-4.9731876394653245
2015-01-02,-4.017903075534622,-4.647926817176956,-4.664036557377189,-4.888569827713398,-4.611687342349654,-4.564600669184758,-4.704592267808357,-4.95131337118344,-4.700765254134505,-4.554048775219998,-4.659170254766123,-4.6518901494326,-4.659261828943569,-4.661113002203007,-4.659370301039596
2015-01-05,-4.046310651937675,-4.501143848709651,-4.566682244739689,-4.706085598495636,-4.5061939989254975,-4.390088856254479,-4.611375909296,-4.7613246699953375,-4.6109265528387535,-4.387627514060121,-4.516424081856478,-4.506955078084474,-4.516361258543234,-4.518287592670447,-4.516696357889913
2015-01-06,-4.069933473854456,-4.3112165402786005,-4.295115307451077,-4.544859352075461,-4.329531404971721,-4.25685927207612,-4.331049968900637,-4.595129515915793,-4.435669597550017,-4.249730471965772,-4.319917753155,-4.311469039469113,-4.319516541098443,-4.321664443919261,-4.320133231457034
2015-01-07,-4.083672218401979,-4.37837603466239,-4.422207749248847,-4.594249150189644,-4.406766155903529,-4.248157687635722,-4.468594306560707,-4.6839659409301895,-4.488535192120846,-4.2175528656258034,-4.39262788329145,-4.383594511299452,-4.392350910468285,-4.395023668490029,-4.392879294123455
2015-01-08,-4.083179529253874,-4.548875875747498,-4.626594826126624,-4.785388934467855,-4.5392133456986885,-4.394318659698235,-4.669522939959703,-4.873354768028595,-4.637444354197003,-4.37228085924999,-4.565435410563986,-4.55530788722117,-4.5652392099782695,-4.568030216797469,-4.565846052645088
2015-01-09,-4.104568858408647,-4.317271695262767,-4.535285816900783,-4.509333836669835,-4.302931001581979,-4.213443824074116,-4.628550974976848,-4.590457627656003,-4.41102911593941,-4.236974774105089,-4.348810589717422,-4.330781190090297,-4.3486656328280935,-4.34981247254846,-4.34922517123657
2015-01-12,-4.139914080195605,-4.325345442518601,-4.490632416149232,-4.499239301984227,-4.379080987528969,-4.149218357658615,-4.5863563547246375,-4.612710855310536,-4.50467256229983,-4.149218535704734,-4.351669096768596,-4.331799063169164,-4.35121979447899,-4.353719282832202,-4.352236311415276
2015-01-13,-4.203001769352648,-4.230814583525133,-4.232287939253882,-4.42245653906031,-4.260956465409303,-4.167831778618569,-4.268839199693939,-4.487813219472659,-4.329325142359652,-4.133889144994548,-4.242698663533511,-4.2342341273586594,-4.242651830944385,-4.2442846579580635,-4.2429191349268915
2015-01-14,-4.278046715299072,-4.164358902536278,-4.257962208289446,-4.368592157768934,-4.19098947402437,-3.9854456955243727,-4.29901842011019,-4.468436912439575,-4.3073545679396625,-3.943667469138453,-4.1819951320275095,-4.170968399331656,-4.1817356959688965,-4.185140995467933,-4.182433656977321
2015-01-15,-4.345932550930879,-4.146591228969601,-4.201969193305115,-4.313130986477037,-4.262618466457115,-4.004045226616913,-4.244964744305985,-4.414349296938684,-4.391352629377705,-3.960423339197906,-4.162970202770095,-4.152291974297489,-4.1628338124000805,-4.165238785376088,-4.163379290800898
2015-01-16,-4.39042230280255,-4.253441884712379,-4.333758683086053,-4.400543325091214,-4.296204851419163,-4.117262213344319,-4.360257096305718,-4.4711418547822666,-4.381630478576181,-4.103141346898868,-4.266204600658325,-4.2557910520204825,-4.266179609950059,-4.267582914966209,-4.266429644216659
2015-01-20,-4.428085308562746,-4.210099511163405,-4.310587965255113,-4.390228909968777,-4.2631001968436655,-4.079372888206226,-4.37269509036971,-4.456116625785752,-4.357162924312025,-4.0620762902450345,-4.229740948209429,-4.215059489371363,-4.22944575834745,-4.231505333185834,-4.230147968477356
2015-01-21,-4.534367377021339,-4.1320418021026,-4.310654473184568,-4.284441728099168,-4.129905170769038,-4.0321100189099335,-4.389743000903693,-4.354706882562363,-4.198914078054044,-4.0627457952964905,-4.158617233784386,-4.145382146540971,-4.158541679473292,-4.159363989985592,-4.159060214899171
2015-01-22,-4.579355514270691,-4.286616036801451,-4.3672633681163235,-4.438414740220476,-4.291250362673186,-4.148470428821421,-4.399135851976066,-4.48526925310368,-4.345626756146461,-4.133633641673515,-4.298558167189559,-4.289385700104239,-4.298940645846064,-4.300159239348567,-4.298823076049002
2015-01-23,-4.6010012417182296,-4.456243735283161,-4.56061063366757,-4.599328688596774,-4.495369402010692,-4.289917744472722,-4.591057094756881,-4.664918476703461,-4.572329327425799,-4.2618034580656605,-4.4685546444266055,-4.458997674505207,-4.468637434744748,-4.470151785911231,-4.468861732563859
2015-01-26,-4.606997351154836,-4.544163705502556,-4.560596674440414,-4.704434444400088,-4.606852412945288,-4.397451244570435,-4.5662777475948655,-4.761476021586862,-4.649855467485411,-4.35129082079437,-4.550977167488493,-4.548041253398558,-4.5519756270565965,-4.553393385470308,-4.5511752723568755
2015-01-27,-4.658969229112271,-4.336633874135951,-4.466196364886233,-4.499550508732125,-4.373390442048737,-4.217182012611049,-4.53661907874444,-4.577045147998849,-4.470056547155411,-4.197484159058429,-4.358719643783266,-4.343409446011292,-4.3583421714517785,-4.360560202578924,-4.359174787023703
2015-01-28,-4.757989191997168,-4.279870263273812,-4.316856543107493,-4.507049382233739,-4.309688630767901,-4.20633929357267,-4.359287766542275,-4.608224932686889,-4.402631392181759,-4.193721048300319,-4.29790483918868,-4.28737980569503,-4.297935473510704,-4.299714963261583,-4.2982204246379485
2015-01-29,-4.8560086268959735,-4.221053375686839,-4.237065362633739,-4.438678905065951,-4.248706940145203,-4.062783767168572,-4.281618355196128,-4.50989444780081,-4.3167201514342715,-4.023188965491437,-4.236155882356165,-4.227716668323902,-4.236288168223829,-4.238613618507323,-4.236538098217906
2015-01-30,-4.993914125502492,-4.13276227248643,-4.16874266718311,-4.393690489066678,-4.134952749581336,-3.9407202672398456,-4.206237885834108,-4.493097476679974,-4.211475316112867,-3.905175663252643,-4.148728269970599,-4.137822911006935,-4.148911964330277,-4.1522077872880665,-4.149098044798981
2015-02-02,-5.1966655572599025,-4.034088371022105,-4.046062210380721,-4.315488035845188,-4.025287165468912,-3.9137254331689273,-4.05663014640241,-4.427202717219253,-4.162132396962272,-3.898646425937555,-4.04883029562669,-4.040375968614642,-4.04855433963594,-4.051918255232331,-4.049095529071661
2015-02-03,-5.193969501286039,-4.259081075279812,-4.249930455130226,-4.483481404988309,-4.281098832298555,-4.051646812042056,-4.25409535632747,-4.574145947211249,-4.355762051892558,-4.013006921022344,-4.266880883387712,-4.26402856661117,-4.266970530921661,-4.269968542186428,-4.2670920487628905
2015-02-04,-5.282281316122245,-4.196869725589482,-4.263395288275925,-4.490885506246183,-4.192658505559605,-4.013837641279055,-4.301948027991035,-4.616133460793926,-4.2496158625272,-3.9727213675610273,-4.217699244323115,-4.206958297840803,-4.217789941835213,-4.221184947754499,-4.218107038865144
2015-02-05,-5.242221048902998,-4.460241805198684,-4.475222719259265,-4.721589956017966,-4.469461157852307,-4.281382592839704,-4.512307768415394,-4.8145275280611735,-4.50457525072634,-4.238296347313014,-4.47311269021391,-4.464984407394271,-4.473302103998574,-4.475837961714307,-4.4733586647046835
2015-02-06,-5.311406437695618,-4.291566049436207,-4.421668161518567,-4.54071755558903,-4.22637073584446,-4.175110875772646,-4.500853667983416,-4.630021904794274,-4.2978921966780845,-4.163749733520486,-4.317806397086048,-4.303866490894843,-4.317899829254701,-4.3193520397991065,-4.318141523291882
2015-02-09,-5.347896282837521,-4.476096519222993,-4.59183089809843,-4.701269716762662,-4.472878710534733,-4.35688612310859,-4.6579685248711105,-4.8020894170659965,-4.588715148410274,-4.348110239251862,-4.501473299786329,-4.484239707585552,-4.501377667331374,-4.503550322294053,-4.501878784811353
2015-02-10,-5.27498536350854,-4.558292876832952,-4.6149692624557215,-4.820906880256563,-4.541431681892932,-4.424157989068583,-4.657485558622717,-4.918392384212446,-4.655464421003434,-4.421607031552754,-4.578490271718694,-4.566617481496644,-4.578405834818454,-4.581091724838654,-4.578804557667813
2015-02-11,-5.317364677313047,-4.515750907140448,-4.646745120884072,-4.799233425789502,-4.441000146718162,-4.350638274648654,-4.7202669365705505,-4.895936313819382,-4.514333315017128,-4.337121850965391,-4.545018075587711,-4.52783022033515,-4.545292742716878,-4.547695961213577,-4.545385159271578
2015-02-12,-5.299305698976246,-4.741921863348022,-4.672135470151103,-5.053130242046327,-4.6681611456270335,-4.567521677502444,-4.6665728891094105,-5.122508888344006,-4.710334192210861,-4.524372915188239,-4.749971670250372,-4.747209970644985,-4.749863183875909,-4.752810866912189,-4.74999896641793
2015-02-13,-5.115906485731551,-4.853510532921374,-4.797801233879919,-5.136845725329923,-4.765625284018639,-4.749074792180249,-4.797250197230067,-5.217157921000229,-4.830353520192841,-4.7305979939978124,-4.863744114292695,-4.856653125189935,-4.863181583801548,-4.866134866382065,-4.8637599829296185
2015-02-17,-5.085669244162896,-4.895579204046934,-4.874001054226382,-5.181000838092961,-4.767773800841672,-4.779550811449361,-4.887302626351714,-5.268326046978679,-4.788696352418884,-4.742846109980071,-4.909788545117791,-4.902244292052071,-4.909804281087166,-4.912817320368197,-4.909870358417751
2015-02-18,-5.082693786571995,-4.911228983927559,-4.857866431832671,-5.208441447291703,-4.808414107561523,-4.828015688548439,-4.861902167070243,-5.327290868360463,-4.845382632689532,-4.818592066077845,-4.922379053742129,-4.915683506081734,-4.922136148121884,-4.92501987582875,-4.922409960451146
2015-02-19,-5.07073560854064,-5.07289956817244,-4.984006564968264,-5.328405815456461,-4.940555764671367,-4.922096655398097,-4.966781699982536,-5.380251586389209,-4.928417471664456,-4.895747039236087,-5.072194861179411,-5.07523751781506,-5.07241188022761,-5.074883353924365,-5.0720066408490405
2015-02-20,-5.0997837804461446,-4.749439142871421,-4.920808396315877,-4.986045353274556,-4.585610438500975,-4.672738577553372,-4.988422445896515,-5.077924221328796,-4.666851735068682,-4.682350558534958,-4.778477490451105,-4.762665627973417,-4.778599745165852,-4.779729916534607,-4.778820558068066
2015-02-23,-5.043717578365145,-5.092926166740552,-5.004222736248007,-5.331105505183432,-4.987494771139179,-4.981798782516692,-4.959591800543761,-5.386589008915158,-4.999591292182442,-4.961027686128138,-5.092856531110461,-5.093401946021323,-5.092438043307693,-5.0952955735809855,-5.092770497183031
2015-02-24,-4.962872297888858,-4.931487411445505,-4.961475556829995,-5.1582645657192705,-4.815568542550278,-4.867925251001725,-4.965706888122463,-5.236713605662248,-4.867458095551285,-4.870433825554058,-4.94589190604735,-4.938028321871604,-4.945779354099747,-4.947445979236232,-4.9459826059346454
2015-02-25,-4.925071500485051,-5.03769818540285,-5.013209005927472,-5.261814832483587,-4.956792778021343,-4.966498620056363,-5.011003731897409,-5.3549472665503055,-5.024758151110067,-4.973471515326133,-5.044740768758991,-5.039526209121267,-5.044931934413461,-5.046805259609957,-5.044778538329446
2015-02-26,-4.930519355513304,-4.932836173590024,-4.96785114830132,-5.163749470429299,-4.837322335225309,-4.877020627172332,-4.995457976241507,-5.266359850572289,-4.906811807558572,-4.874716839912253,-4.950037236145086,-4.941234264958786,-4.949602559236904,-4.952345145682977,-4.950205911031352
2015-02-27,-4.9130026244377465,-4.971788520458685,-5.067425143149074,-5.155326331401149,-4.9164022478713205,-4.944075121481118,-5.120913771756989,-5.253799051229449,-5.0218509504892985,-4.950019352708076,-4.994296560736012,-4.980804083478362,-4.994694944715647,-4.995778001001892,-4.994568912865287
2015-03-02,-4.843993266867509,-5.153534136502731,-5.017840395498504,-5.368900617327207,-5.0574276392759145,-5.106175980066168,-4.98085899517822,-5.440728461525829,-5.083311483145196,-5.1108564562167125,-5.149252252722943,-5.152309345054948,-5.149285676084749,-5.151377792526985,-5.149096779519583
2015-03-03,-4.836331389970472,-4.938925624888999,-5.001348840621322,-5.139793367407081,-4.801263783175952,-4.920666895140093,-5.038256050514695,-5.20143684321504,-4.885101548620336,-4.922414297966258,-4.955602169768882,-4.946997412489482,-4.955835640876854,-4.956673033615967,-4.955774537221768
2015-03-04,-4.833117671076929,-5.000520833498477,-4.986945629485628,-5.159242014113413,-4.952791814135125,-4.9701119464901655,-5.00220517715379,-5.202625318221912,-5.004638119898366,-4.978153169790208,-5.0081661710255005,-5.002952020135356,-5.008236937386551,-5.009396168581688,-5.008315072671202
2015-03-05,-4.834822256353622,-5.083874997689925,-5.162523300797632,-5.229241901497809,-4.9371263547990765,-5.074163859335197,-5.218635319079189,-5.2491447042864765,-4.9857393115375945,-5.081963637860893,-5.098829811297917,-5.089385259343999,-5.098762302292468,-5.09904395793837,-5.0990458353853825
2015-03-06,-4.815780949199575,-4.841360394024368,-4.894687191151318,-4.97784960878934,-4.6840846073506714,-4.856960367085155,-4.923052336178874,-4.994153705718981,-4.711553561079126,-4.854254062636617,-4.853317691810101,-4.846128795526719,-4.853370991638511,-4.852634592029556,-4.853306469751615
2015-03-09,-4.807519327029328,-4.997268609657785,-5.115325153357773,-5.163427276586157,-4.8359017853820285,-4.951527283151492,-5.168484823026532,-5.236482683747969,-4.9006839127286375,-4.971884776046916,-5.014800119792579,-5.003831436508374,-5.014609409843592,-5.016896638904862,-5.015150552561353
2015-03-10,-4.849164270544759,-4.826107750305376,-4.970999429220141,-4.982490917818957,-4.692827975007021,-4.817554480137016,-5.034442665670728,-5.025127558384264,-4.773305956299443,-4.826649466210775,-4.848200332224177,-4.8354285937864745,-4.848267197592748,-4.849054217292068,-4.848483906805532
2015-03-11,-4.870844740384705,-4.901738281210339,-4.904331251914198,-5.063815992418901,-4.785108183321381,-4.889423262252578,-4.923394207418129,-5.103220621667049,-4.811570803437412,-4.90965720226459,-4.910840035857708,-4.904005865346599,-4.910649436322079,-4.911922767393063,-4.910966088066751
2015-03-12,-4.856465063460411,-4.9876197589678215,-5.0426769488415,-5.119978243819033,-4.876348167725762,-4.986069887034513,-5.066541837357547,-5.154567874374288,-4.9444549216340725,-4.989792547401969,-5.00122068173203,-4.991988106679399,-5.001280705134946,-5.001232460784395,-5.001288275806316
2015-03-13,-4.918758832461872,-4.7252970594219486,-4.841760507420571,-4.906630122458408,-4.529708155957808,-4.7242398061277875,-4.9294315254797265,-4.946467623993277,-4.56439557889715,-4.729132220808957,-4.74747439713452,-4.735543281269479,-4.7472963369243,-4.748303363642902,-4.747767610241542
2015-03-16,-4.921407637729754,-4.975163301754477,-4.993979314672038,-5.175620940985643,-4.795416408802053,-4.97464030258071,-5.040156996055082,-5.232751042540887,-4.812540322362025,-4.987515088592065,-4.989006273657342,-4.978972397352345,-4.988741461803475,-4.990427556933154,-4.98922458488091
2015-03-17,-4.888791645317775,-4.954865105554476,-5.044435420894776,-5.123626171372567,-4.783979072418394,-4.957594644783684,-5.10581318406332,-5.182827713372216,-4.828293156210379,-4.997798046488466,-4.971475522376569,-4.962870248070504,-4.971431297228508,-4.972677528234312,-4.971717855095602
2015-03-18,-5.0300475847073765,-4.512711030135515,-4.539460718681673,-4.766743775067058,-4.284477331084168,-4.51076305225213,-4.583178535272869,-4.8313804751771166,-4.352697126235991,-4.519514813955277,-4.529738673282576,-4.518941911261833,-4.529540135442434,-4.531343301258966,-4.529921833574029
2015-03-19,-5.0400051775037875,-4.73803632896415,-4.869372087608218,-4.920135515200565,-4.502724457215916,-4.738742672569222,-4.937571632478388,-4.987081047439043,-4.533145837132909,-4.73635101333407,-4.762759767367951,-4.749825768957184,-4.762589366317697,-4.763703348158657,-4.763038467413631
2015-03-20,-5.023502318640131,-4.897398287794595,-4.921490016798663,-5.104205146779004,-4.706238028947182,-4.90412911898927,-4.954396909047007,-5.183950616338236,-4.771031040163951,-4.9462126167512155,-4.910880028940822,-4.9017563798503065,-4.910792813045713,-4.912383590307936,-4.910996428400033
2015-03-23,-5.00523521407084,-4.884728245209765,-4.967342599796135,-5.036249661654057,-4.646287760200113,-4.895951658183199,-4.9931666894226305,-5.083144821419073,-4.699438271109996,-4.92149006065973,-4.893125871795272,-4.8879340056476455,-4.892770736827247,-4.8940023025108115,-4.893201349070981
2015-03-24,-5.018905609950383,-4.855515421043401,-4.9470309496050415,-5.050226568959991,-4.6880520852075085,-4.861693888792641,-5.011304352650351,-5.130148493089607,-4.732966960125608,-4.869715072686555,-4.876487393342559,-4.865270117681141,-4.876220208111545,-4.87766672023294,-4.876741682611489
2015-03-25,-5.0558868640586345,-4.794494605169949,-4.8441422265213046,-5.041169121583571,-4.684180361381148,-4.7982255414898045,-4.899631425061506,-5.135525038799473,-4.761361253380376,-4.82591360107832,-4.816608401605229,-4.801569374975534,-4.816190978201282,-4.818447163810503,-4.816982344300191
2015-03-26,-5.11787443931526,-4.621630333039085,-4.742510101762541,-4.877608245300233,-4.4423378134987335,-4.6236607801790806,-4.823924048753325,-4.9749769779590585,-4.564134529848732,-4.6561176300885085,-4.649640234219086,-4.631863567015377,-4.648471660057642,-4.651347144501221,-4.650179703790576
2015-03-27,-5.106141985460002,-4.712023267849419,-4.77498398593798,-4.9229760985572675,-4.542906260141547,-4.709788158637362,-4.82138442936386,-4.983189821707259,-4.628749063759979,-4.730038900522681,-4.731285071270412,-4.724516259764796,-4.732158528452294,-4.732395121830032,-4.731623004308796
2015-03-30,-5.036485272845439,-4.910401566867986,-4.948751908888538,-5.118850492907408,-4.648757313473542,-4.943842795553127,-4.986402540224403,-5.191874174459487,-4.69017581349526,-5.010095965754973,-4.921330801745084,-4.913355984242158,-4.921746560483235,-4.92363533730669,-4.921561767899662
2015-03-31,-5.049643016635539,-4.732555363212282,-4.8507298728543295,-4.919503482556479,-4.620276735043112,-4.729705033518986,-4.932058912597435,-4.986243173432705,-4.725404575052517,-4.754793411290454,-4.75851682635837,-4.741771914899204,-4.75785599881539,-4.7597146908887895,-4.758879328154119
2015-04-01,-5.1330528531245045,-4.5791375809624215,-4.653461761173757,-4.808612728612806,-4.477180103441818,-4.555473771109802,-4.718924871059377,-4.877881270346274,-4.580352906397655,-4.5674503582283625,-4.603796935070073,-4.587310981605981,-4.603580223335435,-4.605166340249601,-4.604165294954036
2015-04-02,-5.123590953201795,-4.73908872490119,-4.831193257360803,-4.942043137483574,-4.547207943848134,-4.780772815318631,-4.899109013346369,-5.019105219230109,-4.627999620392825,-4.87286188727875,-4.761834899643901,-4.745910361491559,-4.761746229298575,-4.76427647468565,-4.762282834205596
2015-04-06,-5.037854012795036,-4.8221397709189295,-4.938993069046821,-4.986165039450959,-4.634046857795473,-4.840986686441649,-5.015831816001907,-5.048177142904215,-4.687727865490874,-4.896090509834245,-4.84283933888569,-4.827875581820787,-4.84249194418294,-4.844682449546046,-4.843331254310099
2015-04-07,-4.999053673542559,-4.891476774854055,-4.999660270645677,-5.0526444250048295,-4.671129787080866,-4.936603408727461,-5.047998256927944,-5.129226058335681,-4.698702436244202,-5.015809850738113,-4.907380191435233,-4.896695821924844,-4.907188874481188,-4.909286759207564,-4.907729418842093
2015-04-08,-5.077433201976783,-4.596966403995709,-4.781790914121809,-4.812539592039989,-4.511918931229129,-4.578155519883431,-4.905145906915119,-4.903999031637442,-4.5971824924282885,-4.648986584685875,-4.63467917137084,-4.61426694827884,-4.634257471740448,-4.6363754903115195,-4.635269032897213
2015-04-09,-5.0885453395994364,-4.789002506595185,-4.8516105541552195,-4.959809152391115,-4.617212458875485,-4.769918073655382,-4.90061980212388,-5.004368769593334,-4.593998484225575,-4.77710976402359,-4.803295036061587,-4.794008814000675,-4.803192834911932,-4.805383533814623,-4.8035351259969685
2015-04-10,-5.018926048093417,-5.044173952479796,-5.104280821041582,-5.176565520392642,-4.91369142390024,-5.043422510904193,-5.147896078741279,-5.246051622830649,-4.928891026968668,-5.058044996105318,-5.054759748857182,-5.04798850380978,-5.055819611296707,-5.055812319934834,-5.054926805560635
2015-04-13,-4.994950068298145,-5.005652544278163,-5.115101960023674,-5.1540430294212705,-4.881067977440415,-5.033606757675946,-5.186076398380059,-5.229873505030295,-4.8909515086095645,-5.100675587325812,-5.024116552954681,-5.008713478481301,-5.0247025127732,-5.025519354223361,-5.02455343144309
2015-04-14,-5.024542215993307,-4.812474613999107,-4.972967918105525,-4.911793036459676,-4.751964465067356,-4.819130737843577,-5.047192022427022,-4.9694737158068945,-4.785840148851229,-4.880881061860603,-4.833366021014818,-4.821833458599224,-4.833323592967362,-4.8335255141710745,-4.833704662537359
2015-04-15,-5.0311017065716666,-5.039803313952756,-5.099962066342337,-5.189409870305431,-4.8073467994820245,-5.0854506500920875,-5.104237817528839,-5.259439270593403,-4.7812440875780045,-5.140000991474143,-5.048532312625973,-5.045596633295134,-5.048485228526316,-5.050441392350028,-5.048657562653172
2015-04-16,-5.045860997808696,-5.058015288018916,-5.088562561159817,-5.210829568826296,-4.92553135929039,-5.063448378839448,-5.112502077006024,-5.269339400604589,-4.908314188588359,-5.085046258297986,-5.071162080249123,-5.064366688360485,-5.071164025540204,-5.072080774922114,-5.071230714211823
2015-04-17,-5.103469338735316,-4.775918847511831,-4.874459957352541,-4.920787563183005,-4.650400404436905,-4.752491954637157,-4.948214681605805,-4.988093741399873,-4.613892652351188,-4.759781763342055,-4.794490603821439,-4.784489254737291,-4.794995180943446,-4.795968215682499,-4.794754707882633
2015-04-20,-5.0895943187087695,-5.0541565066104885,-5.064047461909472,-5.172358302172787,-4.860155148522401,-5.059488626035658,-5.062929137960695,-5.217692924884603,-4.796639671018221,-5.075499236776793,-5.058643183031518,-5.05727493460347,-5.05878689821405,-5.060883943813639,-5.058642813160821
2015-04-21,-5.117765394244968,-4.946154928577931,-4.992120112969327,-5.075236623172315,-4.744587715738636,-4.95007528497622,-5.018246213063139,-5.115559981168459,-4.6979214082957075,-4.968343943876836,-4.953936055803685,-4.952568759107663,-4.954269690230834,-4.95590454594506,-4.954076799161028
2015-04-22,-5.149923249187139,-4.9052355701785855,-4.928121768142155,-5.024987508426249,-4.753949673819497,-4.896954544156268,-4.935306667126365,-5.075350554943417,-4.7134804594212145,-4.90384944560846,-4.910703095385921,-4.910173298684221,-4.91131974430496,-4.911320368515225,-4.9107761483985986
2015-04-23,-5.168301784679337,-4.866246330593265,-4.931217179984836,-4.954809727598578,-4.787714215322266,-4.860435844908409,-4.985190263503648,-4.992921588830156,-4.771203339518009,-4.873298516151599,-4.876157836349024,-4.871798054832877,-4.876559994802952,-4.877400363374787,-4.8763689063569755
2015-04-24,-5.157814002539621,-5.087009760707321,-5.051413988001658,-5.203732212344295,-4.984223263743079,-5.09523595167862,-5.068560106016461,-5.249910274721461,-4.962065835838899,-5.1289079618497615,-5.089705036308474,-5.089788017136836,-5.090390751580631,-5.091186544714097,-5.089793411367044
2015-04-27,-5.1493504923033315,-5.01070292065985,-5.020507682077567,-5.099639172284971,-4.9435254842584175,-5.005204570213129,-5.052295853974436,-5.121917186225653,-4.963239604308964,-5.017491322638676,-5.016719089719909,-5.012851158168944,-5.016663638464687,-5.017319987585651,-5.016861977503922
2015-04-28,-5.150576951904788,-4.905494315361069,-4.850553636467373,-5.019789392009407,-4.876338121133941,-4.900086773658852,-4.841759704914329,-5.062404940316563,-4.896442595957688,-4.911874137175669,-4.907407303449963,-4.906670672069877,-4.907801983943185,-4.908247035032812,-4.907380770504949
2015-04-29,-5.1670212164679254,-4.8278664007688965,-4.817360834440153,-4.914478550577482,-4.688584758001485,-4.823047987931001,-4.814518965075257,-4.949249519425907,-4.692726310526985,-4.835905393954428,-4.829465255890384,-4.829748026526205,-4.829454120313677,-4.830793682104659,-4.8295274442043805
2015-04-30,-5.215687045720708,-4.736458806428274,-4.730090200761669,-4.8588416051714285,-4.644871313501404,-4.728879123522311,-4.765160531280731,-4.906657411104462,-4.672964528368582,-4.747817230540211,-4.745566695671326,-4.742713277240092,-4.745905560470971,-4.746290334253496,-4.745648729105955
2015-05-01,-5.2283904276127275,-4.888176310162868,-4.840169125266079,-5.007364128133342,-4.793555753021023,-4.89475252324515,-4.829502085172726,-5.064472477722175,-4.80593262144584,-4.91527056753794,-4.892986455796979,-4.890650633866303,-4.893089119756496,-4.894423900066391,-4.893024468420555
2015-05-04,-5.150808397436153,-5.092006903388366,-5.046254263936567,-5.220376699847186,-4.948938549858074,-5.109043947485379,-5.035857444684432,-5.269939895919589,-4.915646613589525,-5.121832302740053,-5.095151571933488,-5.0944056877356925,-5.095538461698677,-5.097189594078041,-5.095174366371717
2015-05-05,-5.1585219646665035,-4.8412656738934094,-4.880807302084977,-4.9565933612150745,-4.688644069210764,-4.844279479668077,-4.900395278678209,-5.008218054142632,-4.666046176058946,-4.847370050626231,-4.853711410448579,-4.84744258889822,-4.85365017972047,-4.855013460350692,-4.853879557190969
2015-05-06,-5.268072558360911,-4.662374876419751,-4.690277862571276,-4.759349796029865,-4.5903516053587525,-4.6752504137252195,-4.712535376868753,-4.790075606725288,-4.590439755633541,-4.68687666430768,-4.672202507077456,-4.666627826177881,-4.672231524582342,-4.673202976129001,-4.672310758388038
2015-05-07,-5.291579584606566,-4.780615884777619,-4.876353958789535,-4.885858866387443,-4.601087246382814,-4.77943044948273,-4.903019974768968,-4.92414555258572,-4.603249525466571,-4.780142010357199,-4.7942580528770415,-4.788926018197072,-4.794076201259966,-4.794935820842634,-4.794379732189425
2015-05-08,-5.272906415434748,-5.062633465016866,-5.026027691094241,-5.1640274535512445,-4.884253557344088,-5.061944968485893,-5.009447964639087,-5.197245365150156,-4.826573734248114,-5.0668749401527435,-5.061660950766828,-5.062305990621264,-5.061911561363414,-5.063127495637424,-5.061645722019841
2015-05-11,-5.283981034169085,-4.940556881343866,-5.040992501096716,-5.0488190949593825,-4.824237946140086,-4.9359953651316655,-5.07053560370827,-5.111062848995201,-4.833465878912729,-4.936095429765246,-4.960659480971904,-4.952747552871693,-4.960254079787563,-4.961521062919102,-4.960839385427395
2015-05-12,-5.341374054227546,-4.734262007043381,-4.837457306255031,-4.837134901725332,-4.697478852284408,-4.710700242999975,-4.8661706392134905,-4.891012119620833,-4.743061317813856,-4.706386440530629,-4.753548238970345,-4.744661282715278,-4.753448534127918,-4.753608021004461,-4.753661052327151
2015-05-13,-5.316207480158758,-4.882731048739608,-4.971400735859827,-4.9732266664579585,-4.794163359235932,-4.866721494836051,-5.004147182806098,-5.012989277113251,-4.812751113527923,-4.864875477280318,-4.899545866341176,-4.890590973563876,-4.899315087558422,-4.899940168646551,-4.899698975036187
2015-05-14,-5.299054409292724,-5.103737596924137,-5.111977165517808,-5.211648528775745,-4.957621134325716,-5.111010677036542,-5.095374902317735,-5.282864911863925,-4.932141666653593,-5.109254543401732,-5.110318678117639,-5.107473220213359,-5.110286515430437,-5.111698728852629,-5.110301620065732
2015-05-15,-5.233772952321285,-5.09931947237689,-5.116260409512912,-5.166517516930628,-4.94110829203644,-5.114222588376556,-5.11249392201392,-5.209081111518921,-4.906770658444104,-5.11847606502503,-5.1043119604565215,-5.103269710805386,-5.104784072142115,-5.105646868107711,-5.104350943824544
2015-05-18,-5.2114308434840835,-5.216661085795415,-5.2241003175058225,-5.310892532606258,-5.099996582111491,-5.224677977682991,-5.218899473098497,-5.342591227625685,-5.073072346239319,-5.232485654717143,-5.2217936648785,-5.218029417443158,-5.221851300882288,-5.223545225953564,-5.221846920430543
2015-05-19,-5.210739538703618,-5.2236768713709365,-5.206495237148268,-5.292608062871444,-5.1380517850992105,-5.228188353312568,-5.188421809647965,-5.320668821897538,-5.116001492165199,-5.230730549649834,-5.224806938191816,-5.224239760656912,-5.225688090126418,-5.226168956331046,-5.224828888696155
2015-05-20,-5.229595453205547,-5.103067019025636,-5.166564741333246,-5.222554066938597,-4.986244836601767,-5.1012486566524,-5.182301709452215,-5.281197730749581,-4.985193245308566,-5.100226721333676,-5.117179764982978,-5.109673077221741,-5.1172927827204,-5.118682349003546,-5.117232506355669
2015-05-21,-5.225035555950974,-5.300482834885284,-5.26054077949713,-5.377501434434012,-5.211284877305916,-5.3064520760348115,-5.250300069176891,-5.427387138031874,-5.192679995895455,-5.307780655802026,-5.301914966187304,-5.301526087898742,-5.302171194323367,-5.303463163097671,-5.301890650295427
2015-05-22,-5.209720554411038,-5.3021853518402295,-5.3158946349405785,-5.384679787168033,-5.19219004049461,-5.301879855009354,-5.3085674989345355,-5.415754775985261,-5.172757795513075,-5.309865563839212,-5.3053251843681,-5.30369187125317,-5.305595917020347,-5.306647754307148,-5.3053393872406165
2015-05-26,-5.20964494037332,-5.130927073988866,-5.1810889841994205,-5.20645008251691,-5.040181264540711,-5.128384771284079,-5.200715670648708,-5.250888821223846,-5.0508429017878385,-5.1281983453763305,-5.141554422729385,-5.135369984560175,-5.141448129267917,-5.142277326909105,-5.141627367996915
2015-05-27,-5.186385046510898,-5.1182762653314855,-5.189665368550042,-5.197828007250934,-4.956269182241692,-5.1342451652488,-5.212520823774276,-5.228263728945264,-4.9425835095551065,-5.136505834168558,-5.128838819714449,-5.122014036007267,-5.128788098096211,-5.1299605755506255,-5.129034965965057
2015-05-28,-5.159737779455623,-5.065623592615157,-5.170695260817652,-5.142635431526978,-4.96375760122864,-5.0577725947733105,-5.203732813515714,-5.182638190115301,-4.9849179867411175,-5.054862223419527,-5.080432068697153,-5.072472757294364,-5.080459354693747,-5.081418480659942,-5.08063945436529
2015-05-29,-5.132264971398154,-4.962488366524486,-5.051741950213242,-5.0604067221962605,-4.91365902340289,-4.943968922966995,-5.0762526088918305,-5.087772828731402,-4.940651367463356,-4.946655840186397,-4.976865372253367,-4.970586954421513,-4.97723178981101,-4.977314191463542,-4.977055890803412
2015-06-01,-5.144772640552793,-4.921393225929744,-4.979767873091345,-4.995953446730842,-4.909536273706942,-4.902546142551695,-5.010109600380791,-5.006662292971396,-4.9626985680195235,-4.901854538150846,-4.932108778000349,-4.925510935005404,-4.932196863535292,-4.931894704924284,-4.932221375692935
2015-06-02,-5.172993592968867,-4.954264365116212,-5.052778236787165,-5.052632103788618,-4.874507079411318,-4.9392759481085475,-5.082627176054836,-5.096307184723985,-4.901010018098305,-4.9434701663998375,-4.971838193679083,-4.963330924575428,-4.9716105825163055,-4.972411154548558,-4.972014556869452
2015-06-03,-5.140536649010007,-5.063235880607098,-5.132583797849995,-5.134532959194264,-4.9701462487874375,-5.053410738430755,-5.153609110448387,-5.172348660842893,-4.986015408798351,-5.05587919773741,-5.074167237924992,-5.066293146230702,-5.074006372816363,-5.074689181440492,-5.074210587988252
2015-06-04,-5.084234942894009,-4.806133121684356,-4.971305583560134,-4.894435538759087,-4.75366653227522,-4.775860038444156,-5.033759229811103,-4.934445387333365,-4.815886379894659,-4.7748932377343705,-4.831984258912088,-4.823859649811629,-4.83194519542153,-4.8321137026963275,-4.83223423783803
2015-06-05,-5.010025977162055,-4.8927554798016,-4.987224085969081,-5.002912001623662,-4.763638548135953,-4.877084479261267,-5.016978205140672,-5.050967616676891,-4.751222808042614,-4.878564805725479,-4.909841074099732,-4.901386390224781,-4.909570880050767,-4.910739483514974,-4.909929766717758
2015-06-08,-4.97352551832957,-5.074535846430938,-5.195570788710694,-5.1560389803787166,-4.967426767141932,-5.0639953987045,-5.238218099200607,-5.185765854523187,-4.990787881877019,-5.066897315475292,-5.090291869235559,-5.080446701848605,-5.089906936877072,-5.090107154117738,-5.090451063012074
2015-06-09,-4.982239660070983,-4.977721481458281,-5.143861265627649,-5.038091368307571,-4.874728699151211,-4.983835453883038,-5.19955393245299,-5.044883712463304,-4.889472621309044,-4.987350821671349,-4.997030554953239,-4.991574160387644,-4.996887010858941,-4.99708691788126,-4.997261143539642
2015-06-10,-4.993531454357699,-5.038705289733885,-5.147126386587161,-5.098070645233183,-4.995320097016146,-5.01245651957162,-5.19073358484623,-5.1220530543236436,-5.024030095329105,-5.013136791998947,-5.053980150848867,-5.04589158446514,-5.053797651450927,-5.054217640772897,-5.054157228761064
2015-06-11,-5.006666785174692,-5.141777904854644,-5.254820524804986,-5.205690189384888,-5.050065684999233,-5.136433605664697,-5.283153179589828,-5.237993449792826,-5.062826090315363,-5.132676322236675,-5.155869763053241,-5.149279064238741,-5.155908523031612,-5.156407124800081,-5.155990616218769
2015-06-12,-5.019911373979819,-5.075038729690402,-5.24074865375046,-5.117601002340541,-5.046209604198277,-5.059312891753137,-5.304091866487842,-5.127185357215784,-5.092178992415127,-5.067502116356939,-5.095383079570891,-5.084560142891603,-5.0952672782265855,-5.0951082356214705,-5.095639003452575
2015-06-15,-5.070875541221934,-4.947743086606718,-5.110303922878309,-4.9972421188864145,-4.883515701502195,-4.930551847268569,-5.163810668187343,-5.023505504643068,-4.939428765890953,-4.931231420150146,-4.969523951892979,-4.96335272915155,-4.9701910527646005,-4.968718817008513,-4.96978306650769
2015-06-16,-5.091495281998418,-5.091721661685368,-5.153843010999547,-5.158799468488539,-5.088422144693493,-5.061955621954759,-5.199241967697484,-5.162463178637115,-5.115563254232121,-5.0601800168775055,-5.101935084638456,-5.095896329161704,-5.101953376272566,-5.101549081478905,-5.102086066798563
2015-06-17,-5.148566138644758,-4.887898237755261,-4.98722435520688,-4.994361411962127,-4.845376319472865,-4.846956209655205,-5.02362947018385,-5.040179601423056,-4.880053153093612,-4.837708010725039,-4.906326083527389,-4.897724783001477,-4.906146344234757,-4.90642391317462,-4.90642375815121
2015-06-18,-5.157562424631475,-5.035148219439019,-5.067748554994841,-5.116017626104198,-4.948783320054565,-5.005993088548221,-5.08611445688752,-5.141957245757906,-4.951492294027825,-5.001691827910574,-5.0428794543109605,-5.037822272340564,-5.0431235032737085,-5.043090486307195,-5.042889676234852
2015-06-19,-5.1506652132403925,-5.14759307942922,-5.182765613098051,-5.229698083671704,-5.050865462678563,-5.128888818951214,-5.200466106847613,-5.253453988587176,-5.0271569839541685,-5.130541404845273,-5.155002055618896,-5.151979373042785,-5.1550817610342055,-5.155537577361066,-5.155047782708172
2015-06-22,-5.133308878321256,-5.180555842771905,-5.292223574886313,-5.259580025106251,-5.090879169155281,-5.160478365838503,-5.329753208557973,-5.291869923774249,-5.107703860340256,-5.163644671773367,-5.19671025479326,-5.190451656444374,-5.196575469596188,-5.196749790950532,-5.19683399101333
2015-06-23,-5.110465724012502,-5.210801988727593,-5.293587458721422,-5.291630099521126,-5.116418679439968,-5.185519225177318,-5.318876176149148,-5.321012065532072,-5.114180684868983,-5.180404400752532,-5.225544035752021,-5.216760961103354,-5.225463332754683,-5.226070109416204,-5.225601175195466
2015-06-24,-5.075468999997272,-5.171787721608951,-5.270705811774084,-5.242175398754404,-5.107244816879756,-5.148971390737963,-5.305302367766337,-5.266013015751957,-5.105500328873537,-5.1469587421724095,-5.186503376996232,-5.181196565348622,-5.186744178070622,-5.187002281117957,-5.186640106151878
2015-06-25,-5.062305603398208,-5.146104258282158,-5.227384491322928,-5.210934637632823,-5.100922742203342,-5.103881088314199,-5.24321300159268,-5.226928848013488,-5.127461969804969,-5.096081266552623,-5.155428382573518,-5.153073090343272,-5.155722100963693,-5.155178224345645,-5.155452487559357
2015-06-26,-5.063386391755309,-5.010463072249085,-5.139609974432272,-5.0950116725197425,-4.967537064523361,-4.99152489502907,-5.184679239791948,-5.1237320081136355,-5.006247412459577,-4.994676037461301,-5.029653996015402,-5.019767622320777,-5.029977305475218,-5.030092231972622,-5.029886061237105
2015-06-29,-5.074564679720876,-4.920924964420919,-5.013835895095287,-4.982266311247983,-4.880966311622063,-4.896067540153669,-5.052228136664038,-5.001455413489056,-4.940239201438803,-4.900491006579826,-4.935572881913179,-4.926849786839268,-4.935473267323184,-4.935485313364604,-4.9357002793024884
2015-06-30,-5.128049123225135,-4.824023916624529,-4.897474780800198,-4.89777180737436,-4.846016346044288,-4.80045830977223,-4.930205024597228,-4.914115530107679,-4.902848707379736,-4.810776035178133,-4.838210672516971,-4.830720207637896,-4.838699262567004,-4.8381544294095296,-4.838217943196178
2015-07-01,-5.125965430719422,-4.916688263462961,-4.982757342631545,-4.984278021277029,-4.853752854414387,-4.909314976556182,-5.017281249482554,-4.97959324934699,-4.878630219909704,-4.915157130907157,-4.925612584930552,-4.920742138104702,-4.925650110192617,-4.925968206024947,-4.92566331588418
2015-07-02,-5.100456465712623,-5.0550094775527805,-5.09258126322271,-5.136485882443201,-4.9976569336771215,-5.031393510155368,-5.102112709587903,-5.163793421228458,-5.019208627547957,-5.0280524808634794,-5.06442820043118,-5.058411693106475,-5.064500585268629,-5.064817677142061,-5.064386837998589
2015-07-06,-5.129428053087967,-4.874622696620547,-4.990459876309856,-4.949356220561305,-4.780741841075619,-4.87167457098401,-5.025131493335225,-4.961153417412438,-4.809313698956333,-4.882449522631304,-4.889766854146718,-4.883991101472525,-4.890042553651743,-4.890111206354435,-4.889915829676878
2015-07-07,-5.226988227176312,-4.659060448291443,-4.663228296566398,-4.745534219193461,-4.535746887427675,-4.668046315650817,-4.66611568018484,-4.774013478048701,-4.51785945439179,-4.675391912025451,-4.661786538031401,-4.659486447138512,-4.661831625265645,-4.662708346327509,-4.6618211105597975
2015-07-08,-5.32876221651712,-4.628935134077683,-4.7196389686546105,-4.712881723616542,-4.510070292438663,-4.641333981583885,-4.749503292440805,-4.74679328800992,-4.517200225563671,-4.652992182860282,-4.642158675884821,-4.636731778799701,-4.641964913436086,-4.643230807004603,-4.642380828425223
2015-07-09,-5.3958487235094115,-4.731227742816438,-4.847396786646607,-4.812321890717532,-4.646184558882704,-4.731140594098417,-4.881935113898667,-4.847238973303188,-4.675736403452443,-4.741108958708848,-4.748823814470402,-4.743032497025197,-4.748875617315081,-4.749219345473485,-4.748989818842156
2015-07-10,-5.375220101812663,-4.82999814364028,-4.964024103825939,-4.9311509030799305,-4.667226407841796,-4.816392718854063,-5.000299293422078,-4.98550558129927,-4.662442540194631,-4.819281809778322,-4.850501775839658,-4.84376472136757,-4.850590629608265,-4.851929090136552,-4.8507575596059045
2015-07-13,-5.271713634539549,-4.964254170301966,-5.043167296295538,-5.029299149278177,-4.789200677587293,-4.966183225637093,-5.056781768056157,-5.058765766928945,-4.801000715442871,-4.982283507513153,-4.9743072215359625,-4.970599230528133,-4.974194510837718,-4.975223384419041,-4.974418488201037
2015-07-14,-5.200116088734857,-5.164052717936645,-5.1564136249760875,-5.263030717837546,-4.993209453924898,-5.176050899562374,-5.143355655669536,-5.304657725605321,-4.959830465403981,-5.1786943069450055,-5.166259303108731,-5.164858272357144,-5.166365187433347,-5.167740472042782,-5.166248626673623
2015-07-15,-5.199192223985672,-5.064526516306891,-5.126575802054016,-5.141714839133802,-4.891769999550232,-5.09203431814285,-5.149082165658127,-5.177202866756015,-4.875403946665297,-5.106823358135543,-5.074453241772623,-5.070370140671552,-5.07439555528837,-5.075526499885978,-5.074561245888133
2015-07-16,-5.179610677776793,-5.274183337505822,-5.235222282159608,-5.349685571687526,-5.121072343071025,-5.303558639799907,-5.210814828232719,-5.386131385647756,-5.086011774560674,-5.312319996832445,-5.27585193757079,-5.276944736935876,-5.275186305917679,-5.2772647285394205,-5.275828511829806
2015-07-17,-5.155884567551001,-5.3657159388593465,-5.284942498547039,-5.449109210258677,-5.203220238938101,-5.41758776379487,-5.24469847652658,-5.488051006022743,-5.169630419103398,-5.417841410143693,-5.362976018894758,-5.366312332523024,-5.362964003247222,-5.364434724811753,-5.362899409941034
2015-07-20,-5.066029212028846,-5.293969232055346,-5.276520771381304,-5.389293197545102,-5.146477527577156,-5.327931641558839,-5.256914741894496,-5.4288760295878395,-5.109005366288912,-5.343825640624563,-5.2982143938272,-5.296285009223837,-5.298499076874554,-5.299903089051114,-5.298207291180074
2015-07-21,-4.947698859967579,-5.231343543544435,-5.176249511455593,-5.308468177179728,-5.091410159137941,-5.268272650232087,-5.1542628268980595,-5.335143461264857,-5.0462378885489665,-5.281307181032329,-5.228875380034887,-5.232157662658998,-5.228887706269589,-5.23035307714506,-5.228831359462636
2015-07-22,-4.735680537747223,-5.214168233965152,-5.149215587352276,-5.2963422365960975,-5.0663170231829735,-5.237928884676295,-5.122830683052032,-5.325794644140058,-4.983175020611224,-5.249737699613048,-5.211112350511056,-5.214794929363094,-5.211928014519693,-5.212817488168668,-5.211079070332602
2015-07-23,-3.886522571255421,-5.104502428868688,-5.037291898455617,-5.1863338821944875,-4.954489685438574,-5.124829678731172,-5.023493802725288,-5.217196836425197,-4.886053213894721,-5.1414067964476695,-5.100364863414069,-5.105472491531221,-5.10048720575919,-5.1017517611711165,-5.100287464446303
2015-07-24,-3.693402058971264,-5.03995412770849,-4.969078383922007,-5.119611903557399,-4.941661160148091,-5.055550231418703,-4.9546487855896535,-5.151312189944922,-4.904350731169517,-5.051185333374074,-5.0342101945988205,-5.04069289025866,-5.035007911705337,-5.035302235962622,-5.0340903562355495
2015-07-27,-3.5576043592307816,-4.8998308231197685,-4.912461996650604,-4.992783380737569,-4.780509729946899,-4.9250874099495405,-4.92007284093292,-5.018051000009577,-4.765364819958848,-4.943889510564718,-4.906088794030723,-4.903001926332839,-4.906332007446674,-4.907372995445933,-4.906174293215552
2015-07-28,-3.488299774928101,-4.937452080104603,-4.90046407961358,-5.013209993853373,-4.730792864192941,-4.988696822740785,-4.875502623935105,-5.047339847521921,-4.673808568992807,-5.011325342836123,-4.933243788333359,-4.937428895842527,-4.933220009381682,-4.935664943289139,-4.933356760105699
2015-07-29,-3.4621524512207804,-4.900167418692114,-4.830781426795542,-4.986909879500927,-4.711690269112946,-4.918830302132002,-4.8135850807604745,-5.021361687725726,-4.625543658404879,-4.923878254642448,-4.89670890691239,-4.90246270220181,-4.897016202274014,-4.8995136694699495,-4.896758814758272
2015-07-30,-3.4437806191596487,-4.885092703445828,-4.880588079127193,-4.996654638184752,-4.727997899648063,-4.910104953821665,-4.8806036813857565,-5.055370268880283,-4.69942384578177,-4.927321220885544,-4.894268761192863,-4.8890237008794175,-4.894289214084808,-4.896835290518114,-4.894509685849082
2015-07-31,-3.390850569856868,-5.0267062246678895,-4.988904693151217,-5.10772460627703,-4.84401960505301,-5.042880600715413,-4.956841015744566,-5.151837200820885,-4.802676283659802,-5.053966933730358,-5.024525441985659,-5.027011683508412,-5.02479146588886,-5.027106973663807,-5.024666072331118
2015-08-03,-3.3620553653748386,-4.927806551507159,-4.877217465199794,-5.001056373956404,-4.731782388480095,-4.9660589758166065,-4.84710852123248,-5.026433202482917,-4.6746628373463475,-4.988559117766702,-4.9215845909493465,-4.927786722005305,-4.921756267686307,-4.923919675751879,-4.921660448878463
2015-08-04,-3.3427860921871253,-4.917108443898309,-4.832832066834539,-4.97974947289841,-4.7352076995539765,-4.952884769001768,-4.793697445337913,-4.998675186015049,-4.668045891804981,-4.954630878887079,-4.907389314279102,-4.916754726670195,-4.907947001147686,-4.910141513394133,-4.907401363072342
2015-08-05,-3.3228739454966143,-5.024908700306265,-4.898146329559288,-5.0984674260274945,-4.7816919471084915,-5.064763928223499,-4.827234780557232,-5.119444678772372,-4.6715611862971285,-5.07672137900226,-5.007854960599629,-5.021891022770063,-5.008489189391899,-5.011594906610368,-5.007907285519039
2015-08-06,-3.3184084135404213,-4.950512977380523,-4.871100019362209,-5.033339924009524,-4.640360017271128,-4.986006116077525,-4.791329634777002,-5.056076442154832,-4.5338589997250525,-5.000574425929503,-4.936968544851609,-4.948876421071999,-4.937888627687179,-4.94094476097499,-4.93709364431056
2015-08-07,-3.2976237218585873,-4.982299093582158,-4.909203578967032,-5.061180310020107,-4.741662263271538,-4.993165312955997,-4.835078436994963,-5.076322090408009,-4.640397168258371,-5.0025622445220135,-4.97116108406102,-4.981963657445407,-4.9718851126055945,-4.974460602013115,-4.971140158811435
2015-08-10,-3.269127571118536,-5.22899278895966,-5.079063095447853,-5.305911284205149,-4.9488382958793204,-5.2505718489393765,-4.946996911435765,-5.320857627033389,-4.8143848903815165,-5.25447432410942,-5.207440248207504,-5.223718147938107,-5.208145710368222,-5.211955263072722,-5.207439428729937
2015-08-11,-3.262540274946209,-4.986440227574843,-4.948313107510565,-5.051421723377354,-4.683500672851193,-5.007226542279988,-4.85574165382244,-5.062006675072359,-4.587209658944776,-5.012260388730693,-4.97864313811219,-4.988088477883524,-4.979277678075387,-4.982800309678494,-4.97871746550699
2015-08-12,-3.2675790822043904,-4.7850781320839415,-4.662622907617429,-4.8275390819116035,-4.520601086505456,-4.810535221444656,-4.558251189683899,-4.828232312665557,-4.402984653129039,-4.810347728888324,-4.765895384644836,-4.781505840888974,-4.766531868988696,-4.76975010350315,-4.765951849136285
2015-08-13,-3.270041533727173,-4.817592016605444,-4.821874558703744,-4.858887854904075,-4.561744987398084,-4.835080753548119,-4.769890969748516,-4.851389456216367,-4.5063575348488,-4.8392660076903065,-4.813035556869493,-4.817626479370491,-4.813315344135754,-4.815937296614434,-4.813158378658537
2015-08-14,-3.265114110766313,-5.010169039783418,-4.99827255898499,-5.05341891251752,-4.766535515201839,-5.019486044050253,-4.9159227556251155,-5.032933410460798,-4.715365195951537,-5.027319833892689,-5.002010248980216,-5.009944990073691,-5.00270245920422,-5.00499667046749,-5.0021314802139365
2015-08-17,-3.222890570767169,-4.97114571176198,-4.969720636718868,-4.997296404710213,-4.765403955237793,-4.982370770671476,-4.9093619584702175,-4.979681961260434,-4.725983041569151,-4.98377694117099,-4.963439883079636,-4.970543038240363,-4.96374592235243,-4.965514947836121,-4.963570026468771
2015-08-18,-3.2003481562494738,-4.96240181651286,-5.091118064195187,-4.9855871690559,-4.765205890490368,-4.9801921700867915,-5.069631238640765,-4.964065133190653,-4.7843869388617755,-4.973601734609756,-4.969911234085076,-4.96882305377866,-4.970223768920786,-4.9718465823492775,-4.97022089301008
2015-08-19,-3.1965253427164404,-4.713594803871035,-4.7365633770250515,-4.738615518294183,-4.535471283687054,-4.72478510516048,-4.686891277234871,-4.70989835769421,-4.479535487151477,-4.7176211879384224,-4.709647795614786,-4.713481540931437,-4.710370198629685,-4.712234238126557,-4.709803777895439
2015-08-20,-3.20219844455977,-4.568885444459128,-4.666108361438911,-4.590076470966842,-4.373979899813444,-4.584122013115104,-4.632330286504748,-4.557572533163501,-4.348353579947937,-4.569512800372505,-4.573513026424709,-4.573901801312509,-4.573864699765094,-4.5759571250416755,-4.573743142267359
2015-08-21,-3.230320511125845,-4.286872659192165,-4.276531665602348,-4.301577695746484,-4.258366844712771,-4.310183609707289,-4.254049539517846,-4.276168660561588,-4.20120576710566,-4.283624492650179,-4.283876109793696,-4.285765032391554,-4.284346949988231,-4.285197843410788,-4.2840643038221815
2015-08-24,-3.5533143091269226,-3.469715268343,-2.8351909485146036,-3.497325553453501,-3.6795185539650395,-3.4733051974949225,-2.56084585785459,-3.434778105835926,-3.2498321238213284,-3.469634966019832,-3.4044636544583584,-3.413741495607239,-3.407514609363264,-3.4100071546462827,-3.403860292463696
2015-08-25,-3.694991405595162,-3.5690557055013388,-3.5855332321159534,-3.596800433603423,-3.6752643291030864,-3.5665419929008926,-3.5876641081668144,-3.5460585461843532,-3.6198645659239976,-3.5680224288156754,-3.576906317454774,-3.572736356001812,-3.5768352398469605,-3.5786366570653594,-3.5770613348438918
2015-08-26,-3.8210693060728476,-3.539120988467789,-3.4517138002463392,-3.56469805873746,-3.6031313847095743,-3.5473686527252917,-3.3977067797482547,-3.517767595261885,-3.481731988741279,-3.5319591370061296,-3.5337661226388315,-3.5376366413150238,-3.5339878617775518,-3.5362937084447434,-3.5338222186973978
2015-08-27,-3.8510142995931655,-3.621898254924008,-3.6708670719188135,-3.651021413939828,-3.5590861360828194,-3.6361490025235033,-3.638528156147476,-3.6029206490075154,-3.4874759905287545,-3.6091588062592157,-3.626197736076233,-3.6245097347980986,-3.6266128490642777,-3.6288282415153725,-3.6264094965320366
2015-08-28,-3.8590049219081553,-3.765638397136729,-3.974219327917922,-3.7992009787911996,-3.426900471238501,-3.790598873302486,-3.942808692557612,-3.7455810983297924,-3.4251856897404798,-3.7459406881583663,-3.780328353750854,-3.7807321734222032,-3.7810623212802112,-3.7838684587345375,-3.7807156613545816
2015-08-31,-3.8384500628537066,-3.899370326991356,-4.010174259111965,-3.934289141933028,-3.6269888724992,-3.923111450106845,-3.950276385799298,-3.878661908833828,-3.570154472917369,-3.887746351906506,-3.905046563017093,-3.907435949163574,-3.905783795340565,-3.9088749787508505,-3.905301150800768
2015-09-01,-3.8692047933468845,-3.773124718729041,-3.896991325499066,-3.8054035028271596,-3.611842936694044,-3.788711057176897,-3.87436200763078,-3.753903881257342,-3.550864428276367,-3.7675454605869274,-3.784534036271644,-3.7835683132836806,-3.7851487783569486,-3.7876638105611056,-3.7848253622045074
2015-09-02,-3.9170269434997844,-3.89222508801396,-4.004347205027877,-3.9254012145194035,-3.667557732096362,-3.910954156661217,-3.9623265886438808,-3.8726265851317208,-3.607261701261536,-3.887130014470062,-3.900421948816805,-3.901258094178007,-3.901133098654903,-3.904100391767108,-3.9006951787365804
2015-09-03,-3.932568680852378,-3.971984021902826,-4.159504818486214,-4.000320302947761,-3.8404209753301592,-3.987008114522594,-4.180188143925378,-3.9583329646800816,-3.83315695908901,-3.9696977933262643,-3.990971077360752,-3.984847154769109,-3.991324573550988,-3.99293632685242,-3.9912952552427776
2015-09-04,-3.9394579747503005,-3.987262424371083,-4.198075320199146,-4.014454276826294,-3.969944206184612,-3.9897842879876317,-4.257723798015366,-3.9759556361157653,-4.005490665656734,-3.986905286802985,-4.011679576284108,-4.004318442618189,-4.011652207401344,-4.012478773112544,-4.011971391019849
2015-09-08,-3.9352846904873835,-4.119877634500683,-4.334597698674362,-4.149307958765262,-3.995021550808,-4.130525895310895,-4.365086287225115,-4.10512597030088,-4.02048745096635,-4.1198531252260135,-4.140939386575061,-4.135785266801745,-4.141180604430224,-4.142419612718607,-4.1412507732736
2015-09-09,-3.9679471495697785,-3.98511716190514,-4.195266272279771,-4.011569714218846,-3.8771629104177308,-4.005636010366465,-4.232558029958301,-3.9690789565074747,-3.8821658187390558,-3.985849191027634,-4.006701174744314,-4.00229063220515,-4.007286921617824,-4.00801402283844,-4.0070408766937184
2015-09-10,-4.021451963153653,-3.960935589068432,-4.202461816603942,-3.98784794523434,-3.81667927050023,-3.9820493605517355,-4.2580573685016025,-3.9460489736447,-3.8433294563072877,-3.963151891818539,-3.9859607529670056,-3.977342160465217,-3.9863206981672494,-3.9873918896718035,-3.986349225130552
2015-09-11,-4.03735363283209,-4.110794036131746,-4.332319605038887,-4.135844087029827,-3.960518641337502,-4.1290869762449915,-4.369138564356175,-4.096795775274536,-4.004681058335846,-4.114202701517104,-4.13025104938725,-4.126559790704391,-4.130762209020352,-4.131754294080998,-4.130572792177746
2015-09-14,-4.02651911286717,-4.185970346691778,-4.464594716280767,-4.210772555067637,-4.088751183464851,-4.202499515290487,-4.545481695775629,-4.170869598842287,-4.161804173253803,-4.191344610850615,-4.216499918833885,-4.205359950982581,-4.2165318890952985,-4.21708086685292,-4.216907529453116
2015-09-15,-4.022489839094465,-4.236554639339199,-4.408523516853377,-4.260346077203502,-4.083539650192687,-4.254949851732496,-4.430291819275521,-4.21826656401972,-4.0842281844577695,-4.243113421477462,-4.251731415848884,-4.246471162054377,-4.252114281371175,-4.25368756601408,-4.2520355967449275
2015-09-16,-4.031392828804696,-4.262348043703482,-4.417602919280326,-4.286559180262761,-4.117113106738909,-4.277110087001106,-4.420361722813404,-4.241079100280566,-4.080146540731221,-4.267887611142289,-4.273478091890466,-4.269892627271332,-4.273604944877012,-4.27534162644066,-4.273739402704538
2015-09-17,-4.1218003113411426,-3.896436713992144,-3.937267463200852,-3.9155087792903873,-3.891696099630437,-3.889353664333994,-3.9420834136971505,-3.8724690957367107,-3.8111828189020343,-3.89688305553393,-3.90333700687532,-3.90135292280188,-3.903973532333677,-3.905300219516298,-3.9034113750659785
2015-09-18,-4.174336344185557,-3.9704904850396936,-4.126275377402029,-3.9930263505302284,-4.003525676445254,-3.9622540875550483,-4.175600832949326,-3.946958279616479,-3.993227746588235,-3.9705218582149135,-3.993530227327713,-3.986944820963793,-3.9936569589851674,-3.994913801306609,-3.9937722946179854
2015-09-21,-4.18666485144413,-4.019571565636732,-4.18375035209496,-4.036826450478492,-3.968735130480692,-4.032148994051127,-4.219866246977877,-4.005066136108762,-3.962601691756223,-4.026256921870004,-4.036832010225009,-4.029735581722379,-4.037803701024321,-4.037648733064208,-4.037074208481733
2015-09-22,-4.204767586100063,-4.039105286665073,-4.169702971352181,-4.060622196538383,-3.966558557404721,-4.053036179075833,-4.190138850603755,-4.020301932818581,-3.947053377115991,-4.045543304076598,-4.055354283136742,-4.051005587019644,-4.055418245123224,-4.0568078160861525,-4.055584992521228
2015-09-23,-4.228575854184985,-4.036579368680542,-4.236631622033569,-4.0557322114947825,-3.940839065996092,-4.05166660320457,-4.295787255475267,-4.019355884784897,-3.971736729384873,-4.043663170335946,-4.060038681195159,-4.052159038705053,-4.060222176285103,-4.0610568943103456,-4.060377798573974
2015-09-24,-4.291003668182931,-4.069075634974286,-4.166913878650004,-4.087866679753704,-3.924896062218638,-4.09117532919613,-4.168971184389785,-4.052206764224412,-3.8947493961776436,-4.077749736403934,-4.077911253192941,-4.077197038943996,-4.078170051616515,-4.079827361988393,-4.078194356298882
2015-09-25,-4.332344161219952,-4.160932975320903,-4.291537113491386,-4.182848770800486,-4.146998793838895,-4.165839887016888,-4.319733344964935,-4.145300415411318,-4.135460281428165,-4.163894321029388,-4.176499680545692,-4.1715449908521,-4.17659584751093,-4.177574261456771,-4.176786317589066
2015-09-28,-4.351777197660211,-4.13597414182862,-4.255963064076261,-4.1570573525234575,-4.1740682781402585,-4.153274384141926,-4.296166103845528,-4.123451652263058,-4.153990677256636,-4.142209943160515,-4.152248726761556,-4.144786029008718,-4.1521517908282215,-4.152816647710868,-4.152518492675343
2015-09-29,-4.467446784467247,-4.022723039925984,-4.099631550297063,-4.04250305786361,-4.002771786229914,-4.0485665207868475,-4.113672775853085,-4.009711970611501,-3.952309963338544,-4.031360057332659,-4.032419155338153,-4.028261906507616,-4.032461693349743,-4.0335508430884435,-4.032702458855855
2015-09-30,-4.5215317598065505,-4.1292014665320265,-4.18453699806231,-4.148686695034731,-4.0078642945025305,-4.161082776020065,-4.176720482447884,-4.116881956474382,-3.9501885450479133,-4.14232633062962,-4.1326647422169485,-4.130805511040084,-4.1329012887968,-4.134667461336932,-4.132935841921231
2015-10-01,-4.630933214898617,-4.0498258903805135,-4.070516404129523,-4.071833052285329,-3.9487796510546813,-4.077609181468829,-4.032185880730369,-4.036301468560833,-3.8582512216064306,-4.063440438322166,-4.051583595656647,-4.053315498151232,-4.052164372691649,-4.054116368434853,-4.051772254794527
2015-10-02,-4.7460971674819605,-4.060874294166467,-4.111545056024186,-4.0828158392519285,-3.9038505361269826,-4.0864021958432755,-4.100493397258265,-4.050800903611542,-3.829972619741109,-4.076016666684829,-4.064666646125091,-4.0641747131644985,-4.064914485797789,-4.066628696874563,-4.064834993421694
2015-10-05,-4.727617875271065,-4.366847357480754,-4.326843394068371,-4.3947263225644395,-4.085535875814728,-4.397898434438388,-4.224938621221013,-4.3595730692609544,-3.9442990216138987,-4.388472230882449,-4.353674191780142,-4.36734857320875,-4.354810839529296,-4.358086472057376,-4.353791683970217
2015-10-06,-4.761653746559686,-4.255084267853685,-4.343683740208224,-4.287809467978125,-3.9323686744424777,-4.293920548971686,-4.287102399133226,-4.2509870346245595,-3.8493460810215177,-4.285381590621832,-4.2571592211649225,-4.260356501661935,-4.258058735466583,-4.261123679678203,-4.257400082703013
2015-10-07,-4.792735084005139,-4.237605936143404,-4.152763484472207,-4.271138577142346,-3.884777073962115,-4.283831071265949,-4.038121181179004,-4.237390171367671,-3.699718710861678,-4.27918728849786,-4.21838605690323,-4.23542068013699,-4.21968474078234,-4.223530509320231,-4.21853919768595
2015-10-08,-4.812979042490932,-4.3282169483417015,-4.385002914655425,-4.359704645413569,-4.1106158772339665,-4.35970276174926,-4.338763407780046,-4.332312288179383,-4.06715217141941,-4.358446326135451,-4.33084167685798,-4.333527493395182,-4.331270921457806,-4.3338742112227955,-4.33103372740573
2015-10-09,-4.821624717448741,-4.433807478570734,-4.50142714188321,-4.461979176866714,-4.199408983530624,-4.469932614358273,-4.461516081398962,-4.439190350367253,-4.163035814996437,-4.470962960786572,-4.435294068731031,-4.4373289335156745,-4.435883015046351,-4.438157165056645,-4.435504848420482
2015-10-12,-4.815524540307974,-4.62081635870317,-4.656015864596603,-4.653661146147944,-4.423510646308763,-4.655726656289385,-4.611465810713055,-4.628644217902723,-4.366650847637993,-4.653609712925416,-4.620974436210541,-4.625391336547027,-4.621559363023719,-4.623715791987095,-4.621134479701444
2015-10-13,-4.802967825404297,-4.553545957438051,-4.621383304282628,-4.582735661133349,-4.282198272934549,-4.600686167841741,-4.587248268003198,-4.560497238995151,-4.221121565344639,-4.603127240348142,-4.555348064752117,-4.557372729855405,-4.556079198901173,-4.558321001453757,-4.5556008790118945
2015-10-14,-4.820937681757799,-4.415554299393409,-4.451823224387277,-4.437507869986745,-4.306402844824668,-4.465250165712099,-4.44923311741745,-4.41919546218393,-4.295860596200932,-4.465836068238286,-4.418697375045488,-4.418818159896548,-4.420014724903407,-4.4201558640926555,-4.418867235131129
2015-10-15,-4.804564248778127,-4.506490984590104,-4.521611251449788,-4.526816128005514,-4.357819550023688,-4.546563914816545,-4.50607141845179,-4.510947496622365,-4.329736377425434,-4.540559921740232,-4.507566489362148,-4.508856002520136,-4.507656675446134,-4.5092613582446415,-4.507676208395602
2015-10-16,-4.751320538281991,-4.675972641116787,-4.566045666785508,-4.700650736622707,-4.355324893167313,-4.721484314886733,-4.4510938551803205,-4.682088856037061,-4.238226309382596,-4.719284491051349,-4.653688703948379,-4.670974688679642,-4.654565763816075,-4.6577109078603725,-4.65371959828359
2015-10-19,-4.731417788770441,-4.605886161724966,-4.647498211630749,-4.632674541635628,-4.397372161774496,-4.639162663683853,-4.620961402276193,-4.610637305700205,-4.37848946018053,-4.641372158405977,-4.608394638693144,-4.608785184112854,-4.608665351510371,-4.610619956189566,-4.608573686494637
2015-10-20,-4.7310284626172345,-4.637012103438189,-4.644816852966478,-4.6574690532676755,-4.462284352728403,-4.697385253235576,-4.617331364343159,-4.641001503423483,-4.417522327377883,-4.695940042284511,-4.635497878034283,-4.638789231743989,-4.635942223182592,-4.637614444310703,-4.635672785531916
2015-10-21,-4.7831742763536145,-4.485476690160063,-4.490483961733948,-4.5122047702681,-4.4064704094504785,-4.526842898388859,-4.464703093678501,-4.4887020729108205,-4.364228057903014,-4.52770885560694,-4.486786712251834,-4.491042985072427,-4.487118396474766,-4.48779904007394,-4.486931575918351
2015-10-22,-4.813938465829156,-4.563527846673748,-4.404006750696576,-4.590688856077146,-4.5256889765955135,-4.621007966266642,-4.320922475630343,-4.5685340401243515,-4.393644457292445,-4.618914979477476,-4.545298326324274,-4.561100587435857,-4.546015237625399,-4.54762634300862,-4.545352475070416
2015-10-23,-4.809606547730309,-4.595629192613453,-4.45974858467107,-4.6245088098702976,-4.468769569363757,-4.644569638808604,-4.386277660853441,-4.602883386461979,-4.330329524895206,-4.640914585476312,-4.579618899666147,-4.591366886632724,-4.579368958040354,-4.582870918941405,-4.5796109341902085
2015-10-26,-4.815471054665258,-4.773160358135468,-4.6791439289668615,-4.803086437882946,-4.638736127014819,-4.814349580730998,-4.598193452267385,-4.783275992167881,-4.536748779651048,-4.8045113896566125,-4.762638435291593,-4.7728154297504535,-4.7632418978221525,-4.76597369570838,-4.762684329351526
2015-10-27,-4.8320675912111515,-4.678105674777472,-4.520492525377443,-4.697587053098724,-4.511537602128535,-4.739123389051247,-4.40627433629862,-4.683931946272515,-4.408853961873806,-4.737567380247021,-4.654284199022174,-4.6734264561666645,-4.654882760592722,-4.657250245238208,-4.654258218872004
2015-10-28,-4.907535412369527,-4.456827250080786,-4.2616083944890235,-4.489337163902614,-4.306792967971901,-4.468646474206939,-4.142058408581062,-4.468767279499904,-4.163521476041198,-4.444837452216456,-4.433661544168593,-4.449184351463693,-4.434066012073799,-4.438374132375017,-4.433640812693534
2015-10-29,-4.904338934051637,-4.711944866080039,-4.526840237115882,-4.742870806595811,-4.531979424814274,-4.713616023455552,-4.416350575873445,-4.728120952854846,-4.392319760221839,-4.6983756969108725,-4.690618770253771,-4.706343487929376,-4.69117988028431,-4.694958074268365,-4.690591394168397
2015-10-30,-4.913458607537879,-4.678011720785835,-4.6109991842227895,-4.7053253537654465,-4.5829042798618165,-4.675273171071654,-4.560012957685579,-4.691716400980814,-4.506953854665676,-4.687764436134236,-4.671155105443022,-4.676734542188057,-4.671596669268737,-4.673854379320204,-4.6711660996301205
2015-11-02,-4.838857274775275,-4.7923396130295535,-4.722697188860617,-4.826633463055225,-4.692613581735965,-4.812848426472363,-4.648636933034865,-4.810153308664375,-4.594266746040159,-4.8164573027533715,-4.784535926577816,-4.794796780251026,-4.784753646740316,-4.78824269179811,-4.784566132052316
2015-11-03,-4.785555692186895,-4.845764927770276,-4.7069087975250445,-4.87762359203281,-4.646570177731111,-4.871455789217088,-4.609373516974176,-4.8635412027478235,-4.526864414224705,-4.8670526524181215,-4.829538177195069,-4.842363361261466,-4.830088766362055,-4.833158118230607,-4.8294732138112595
2015-11-04,-4.775343227353226,-4.7046514678255935,-4.692031246445201,-4.735831107812241,-4.4494073565140315,-4.738165911390009,-4.6386488811938325,-4.72160542461872,-4.394255453969449,-4.742148263813723,-4.699128893501769,-4.705120243015245,-4.699522215354049,-4.7025398309410615,-4.699247597754917
2015-11-05,-4.712693240857327,-4.749647926648514,-4.7052507749543535,-4.78069053663672,-4.4743599676773576,-4.797445789988686,-4.637953956926731,-4.764437093224603,-4.381428478643505,-4.792033775364341,-4.739501955488528,-4.750074579268625,-4.7403860508262055,-4.743243618713886,-4.739624093531773
2015-11-06,-4.640313845437973,-4.6807967601995175,-4.650798498456391,-4.719651221860277,-4.659975559950941,-4.648404285836494,-4.612048922026866,-4.699645973293466,-4.586529943712836,-4.626793612084922,-4.685663248166408,-4.684536241560524,-4.686177853622138,-4.688202522228171,-4.685690273872565
2015-11-09,-4.597339421688168,-4.715197729537521,-4.634739269988225,-4.744809985525822,-4.599436607578478,-4.710063203168058,-4.548454001276458,-4.729229173673109,-4.522097596058904,-4.696181841921059,-4.703035879853454,-4.715073127090928,-4.704307470531131,-4.706199316455405,-4.702945656908639
2015-11-10,-4.554551759693978,-4.725456847029345,-4.704467859273417,-4.7482173121179265,-4.500481993301625,-4.754597811279025,-4.651465373296628,-4.735576854403158,-4.469815491372241,-4.737977299801519,-4.7194131543668085,-4.726849340385595,-4.720163132271562,-4.722294172622646,-4.719466438969281
2015-11-11,-4.456688040566242,-4.827885737400099,-4.802252186879877,-4.85319058381953,-4.579057947240697,-4.857494454957606,-4.728228060936003,-4.838667423339969,-4.542332712464859,-4.846371557568919,-4.819972297862012,-4.82830137907029,-4.820520474033118,-4.8234966885973485,-4.820040165641176
2015-11-12,-4.454002613165726,-4.714040499845991,-4.6134994722337375,-4.739434249122246,-4.463292134761554,-4.747916309809975,-4.519356581275354,-4.72256531711583,-4.365187181137507,-4.730375257601705,-4.696802999552855,-4.711994834074101,-4.697103837699844,-4.700702229313662,-4.6967921567639
2015-11-13,-4.347708314349165,-4.682995149871479,-4.588586928935019,-4.709885357421259,-4.504044109839727,-4.760197777789182,-4.508024736776145,-4.689942944818677,-4.436667822632039,-4.762556289727029,-4.66960991549464,-4.681766740527147,-4.669872018243091,-4.67335544625055,-4.669634544891501
2015-11-16,-4.305755824817091,-4.638801755180284,-4.594773911328125,-4.663425068966404,-4.390382211248611,-4.690079790099179,-4.515393369958198,-4.64345763426833,-4.317999285279224,-4.691376892759514,-4.629013218776862,-4.639003055128491,-4.6295044895398485,-4.633312425419124,-4.629093253483451
2015-11-17,-4.293187629748722,-4.572315536594026,-4.469151467292034,-4.596471952490373,-4.3485459406026195,-4.616914094524555,-4.3719206315409025,-4.576041402972182,-4.258400739910656,-4.609198403698629,-4.556150343028869,-4.571546106282856,-4.557041932498898,-4.560496533621599,-4.556151429600217
2015-11-18,-4.285736422684088,-4.611378319332698,-4.576050192434517,-4.6407777349338915,-4.426976030869523,-4.596426148175609,-4.497188207896575,-4.6142447167772564,-4.347957267786148,-4.57398393570624,-4.6048869270857065,-4.612166917190264,-4.605377139127045,-4.609312485138354,-4.604930806335595
2015-11-19,-4.277004541917171,-4.722409929725131,-4.7007863521178255,-4.744516610016343,-4.525910928143247,-4.738725816362683,-4.623769288898473,-4.722718699681219,-4.488630875378533,-4.736449078223486,-4.7150123379911095,-4.722274046020544,-4.7153761104907135,-4.718355915840348,-4.715076940997915
2015-11-20,-4.275242081994407,-4.856344413909375,-4.784898656047556,-4.878751349631032,-4.605396193824013,-4.899809266010975,-4.675372371440262,-4.854324439043223,-4.5238198451907286,-4.8900039447465025,-4.840363264570004,-4.8562086934006885,-4.8406868496810285,-4.845017857560657,-4.840338948933516
2015-11-23,-4.274577009764341,-4.893028225739206,-4.816499282531985,-4.913185659364846,-4.619435164861783,-4.933669796590954,-4.7155457539709085,-4.887088542441545,-4.539366351676397,-4.927427132197336,-4.876102200135469,-4.890252546319136,-4.876408408918628,-4.880164914314002,-4.876119717205904
2015-11-24,-4.284159840217279,-4.760634232471729,-4.719984171734265,-4.775710121275319,-4.490748249223761,-4.829560761148673,-4.649270747437467,-4.751169560528242,-4.443222679956544,-4.838360371196156,-4.750746310564431,-4.760221473596273,-4.751318396854129,-4.7544582007249945,-4.750865918677206
2015-11-25,-4.281375742541479,-5.045601439710231,-4.999526227370951,-5.0614610743109685,-4.801431592803621,-5.0933354471896815,-4.916696480744408,-5.0344432708013676,-4.7467984048188665,-5.096423834780837,-5.0333891775948905,-5.043516595462545,-5.033511330027742,-5.036930441964776,-5.033460518359626
2015-11-27,-4.275080037488381,-5.02450324941364,-4.946360228673146,-5.035891730367647,-4.931811085727702,-5.039359776855075,-4.887880569997257,-5.014336422866227,-4.845447470384875,-5.069458457035797,-5.011951494642853,-5.023302945137108,-5.012642142742054,-5.014203218147916,-5.011962793176785
2015-11-30,-4.264334786471542,-4.938215149276149,-4.880269715002227,-4.954694406400852,-4.790641035521952,-4.9566621036077,-4.787945119832723,-4.919042118756932,-4.702688664343932,-4.948990310716591,-4.926378589558573,-4.936915719066294,-4.926985388969648,-4.930010323941935,-4.926390515417552
2015-12-01,-4.215623131121904,-4.8701569817161054,-4.842666177920368,-4.880093525666751,-4.776264661770681,-4.893711372324158,-4.786551206527934,-4.855538118349632,-4.730247136085153,-4.893617082844059,-4.862487533764512,-4.868777461414132,-4.862684897267589,-4.864466023080547,-4.862455278356309
2015-12-02,-4.18871977299537,-4.896725364434392,-4.87687785738182,-4.908362257897077,-4.662512033607822,-4.925471200440172,-4.795913441181738,-4.873997530953097,-4.607739576538174,-4.9153930570704985,-4.886879343672468,-4.896697284739839,-4.887200227837017,-4.890057386846941,-4.886899171089426
2015-12-03,-4.1941636148135855,-4.59302079328902,-4.510417178899196,-4.601051224752427,-4.462791349699208,-4.64085571547779,-4.4275069149585145,-4.570893684347937,-4.389926954771952,-4.631754530763515,-4.5796354930770695,-4.591544332256323,-4.580005182376265,-4.583044555320608,-4.57965148533256
2015-12-04,-4.137261970944139,-4.583112316103004,-4.50220894946282,-4.592112489478455,-4.303688872207038,-4.58284317390596,-4.394849006811949,-4.554241271343499,-4.182751150336294,-4.553306847511484,-4.564103691913127,-4.579328844851823,-4.564643195692656,-4.5687555055164175,-4.564079201177238
2015-12-07,-4.096728054438652,-4.582669116986925,-4.567630013996533,-4.591548128326538,-4.407282362470521,-4.6234448912921415,-4.507201196576482,-4.556697715529464,-4.344384828360273,-4.617307182409554,-4.576617471448071,-4.583269593075967,-4.576922543574001,-4.579819469688692,-4.576660810345154
2015-12-08,-4.070693891783839,-4.432397126286984,-4.429550413564512,-4.441334975231949,-4.248305696877053,-4.462496556974107,-4.365265841984404,-4.4065815784420606,-4.188551027228635,-4.448521611680845,-4.42746078098116,-4.433273086166649,-4.428002925687391,-4.43083377341738,-4.427525027838877
2015-12-09,-4.045808661421004,-4.323852110082069,-4.319090167274354,-4.331677682437441,-4.115132275613394,-4.342320430139487,-4.252791011366212,-4.301090627103132,-4.040042976722191,-4.32770231355454,-4.316660660133089,-4.3242660254644765,-4.317243487576261,-4.319638252897098,-4.316679929474097
2015-12-10,-3.9976742521346535,-4.3814139483433445,-4.46277889308581,-4.389391837985827,-4.160071638245277,-4.401045740382853,-4.44024634091238,-4.359831941724085,-4.1313997148620505,-4.410325865321574,-4.384142621268167,-4.387265635315936,-4.384301172333474,-4.386597089747217,-4.384271291477655
2015-12-11,-3.908258851824199,-4.369298436804901,-4.388867468487936,-4.378266916582505,-4.322813434003911,-4.3498067130098566,-4.357292188106649,-4.347086118890421,-4.271027307781474,-4.330345211967905,-4.370571722768338,-4.371346321077891,-4.370490156488501,-4.372896261622812,-4.370605788253775
2015-12-14,-3.8754391814020366,-4.2181300246456175,-4.143580719817355,-4.224671726473491,-4.08967465021081,-4.258599469210763,-4.077450013323565,-4.199677866693474,-3.992164466481272,-4.255147629493214,-4.203717706692095,-4.213724248948107,-4.2039596996381245,-4.206424438766595,-4.203684772797602
2015-12-15,-3.7896793663020594,-4.454027211290807,-4.426701297603048,-4.461676592725086,-4.229889701090042,-4.480446873414735,-4.352426277893796,-4.432506947204471,-4.144816493385823,-4.466032776828195,-4.442870911575352,-4.453996941163474,-4.443675272890292,-4.446108463376725,-4.442890126647001
2015-12-16,-3.7151476679725652,-4.124912792631435,-4.258810167788521,-4.130703461308317,-3.9751669441974284,-4.105703145987885,-4.267278000987154,-4.107757994254129,-3.998402602995902,-4.130145012333698,-4.136722272000342,-4.131952841874705,-4.137026886026527,-4.137889001670253,-4.13683670088556
2015-12-17,-3.6349502412565475,-4.198967956899267,-4.246673824035769,-4.205469419811081,-4.069739665262509,-4.25371027005735,-4.2348038541203,-4.182035166608508,-4.057931777376622,-4.291727223367527,-4.200812582068409,-4.200336790843846,-4.200975973905865,-4.202723481179271,-4.200953643970806
2015-12-18,-3.6345094162724076,-4.2540392110424525,-4.265669292375118,-4.260633261915237,-4.120721698614444,-4.289974737482449,-4.231539766471605,-4.234706073100247,-4.078878196320554,-4.300183931768758,-4.250947985586925,-4.254742533620053,-4.251432417330332,-4.2533883888750506,-4.251025116877026
2015-12-21,-3.6312195429342435,-4.34330794971042,-4.397602419361629,-4.350345580517625,-4.09798700890536,-4.395594401296928,-4.363516026338183,-4.3182814612878495,-4.059712974864494,-4.411327926516116,-4.344293811345303,-4.346561493339666,-4.344824853726394,-4.347421607760728,-4.34444648002181
2015-12-22,-3.6157037766256996,-4.411705922717438,-4.453816206625203,-4.417354744637206,-4.282638514296051,-4.419553128977472,-4.4297034997117795,-4.38941232926959,-4.269172079877914,-4.436399083263954,-4.412415133884124,-4.412155816790168,-4.412661657468259,-4.414486325962297,-4.4125384168079265
2015-12-23,-3.5342985747154048,-4.620195914522526,-4.656449149185276,-4.624333773944902,-4.315751263636608,-4.699108547347142,-4.590636337474073,-4.59353368339834,-4.288485180393624,-4.741491547644949,-4.61502650915952,-4.622391842427088,-4.615689327286038,-4.618504896665725,-4.615248952964713
2015-12-24,-3.4779475029775475,-4.689785582345083,-4.886498604455421,-4.691222351634365,-4.3459122993223644,-4.73644854223254,-4.878019537924175,-4.664742060691896,-4.3861206197469285,-4.808735515307963,-4.698973562737273,-4.6957436476348136,-4.699188296109686,-4.701190243456484,-4.699242075540964
2015-12-28,-3.4689385725689545,-4.678095636347306,-4.725007562515687,-4.677162422673243,-4.43318133181092,-4.7551450273968126,-4.6832226870377935,-4.6513416263246565,-4.429787101769411,-4.781254573226709,-4.67547564277556,-4.6780916263820576,-4.675974019575486,-4.677671608437574,-4.675606895671073
2015-12-29,-3.4495867236750093,-4.821449274641148,-4.864058398025719,-4.818525225370121,-4.5267889909105445,-4.8684627915464285,-4.815006877081112,-4.7867666334744,-4.493203577912216,-4.885933350802722,-4.81505698831286,-4.820596007629165,-4.815306173977078,-4.817856479062202,-4.815196296550599
2015-12-30,-3.4340975562472464,-4.763566863587602,-4.888861978222026,-4.757136929739676,-4.52399794781935,-4.806681390927786,-4.878521989836304,-4.725599793355088,-4.540711146934493,-4.8368908152467505,-4.769958302957196,-4.770077040993491,-4.7700946701351805,-4.771858570549798,-4.770193390185062
2015-12-31,-3.3453577640936993,-4.633370022682699,-4.687889333736646,-4.622811777256729,-4.519866077324586,-4.616928003377541,-4.662804639109254,-4.579500909861054,-4.477476301762701,-4.594491165498179,-4.634403466794101,-4.636514088224793,-4.634763011683865,-4.636544586720007,-4.634516881441557
2016-01-04,-3.3206212365585936,-4.349749578342381,-4.306071036487599,-4.333023765263179,-4.182992492006626,-4.415266468751065,-4.214807112953717,-4.274868257728895,-4.08209508269316,-4.421408266903077,-4.337486758043388,-4.349388197252345,-4.3380878222970445,-4.34098796096015,-4.337550233810613
2016-01-05,-3.2982741908810174,-4.381597680339128,-4.375647383232277,-4.36226585120583,-4.258997544208987,-4.439134014231837,-4.31453346453989,-4.314562634727392,-4.187489119235892,-4.430195077161336,-4.374836516970289,-4.380274609330535,-4.375116487497939,-4.377648894318507,-4.374956570321231
2016-01-06,-3.275436262262166,-4.343552581858139,-4.348642352667645,-4.320668696303369,-4.17432600879677,-4.420137051881289,-4.288627677226833,-4.265935815619037,-4.106108949952483,-4.418033458542114,-4.3349677988538735,-4.342949215329439,-4.335410822677362,-4.337939195812529,-4.33514002819926
2016-01-07,-3.263731444334564,-4.121542087230922,-4.046485255266589,-4.099031297246317,-3.9296122916697085,-4.243218468142597,-3.9457094304629323,-4.03755600996973,-3.804605775279404,-4.23789839440587,-4.103577106528819,-4.118275229233427,-4.104080222823549,-4.107517206248434,-4.103641906580795
2016-01-08,-3.2529757734908356,-4.123065796080515,-4.091520865988147,-4.100409846963529,-4.001076150158589,-4.219215859286187,-4.019904409986016,-4.045493187106382,-3.9212593386407053,-4.238098246581576,-4.113557050494491,-4.121757731991529,-4.114240996500932,-4.1166296259929815,-4.1136650857931185
2016-01-11,-3.2266839166506616,-4.08230470655193,-4.051862771924374,-4.051429432573318,-3.9752386224498495,-4.174228421816391,-3.9893042038090996,-3.98895648451646,-3.8669777065067055,-4.163801463305046,-4.072346297592025,-4.080443494246566,-4.073003615695876,-4.0755504940390255,-4.072455767060091
2016-01-12,-3.247806245317394,-4.014636673046682,-4.004920339750738,-3.9772450052700825,-3.773354083079499,-4.092867434100646,-3.9006189942251726,-3.8878694973863768,-3.6710058010277558,-4.0750186671783535,-4.003553260335005,-4.015358914130703,-4.004514593598707,-4.008305900786729,-4.00369404472437
2016-01-13,-3.2739844209529094,-3.966903606163061,-3.865478770971096,-3.9338238071533085,-3.693851606882453,-4.063441329152937,-3.718202603848126,-3.8382628571267814,-3.5425874718530834,-4.035527554733408,-3.944013329282048,-3.964829929139982,-3.945375089039803,-3.9492833905398608,-3.944049810300873
2016-01-14,-3.3304863066638557,-3.840275247741992,-3.7704279185147196,-3.8026973775909374,-3.597341811051366,-3.886284414087449,-3.6269151962634485,-3.7015941042401477,-3.502253057031471,-3.852457107242337,-3.823549734349228,-3.837472075405621,-3.824147069322305,-3.828427965906327,-3.823580122016791
2016-01-15,-3.3748190825073907,-3.86255806294152,-3.7612832773209894,-3.8289181702460837,-3.747359034148731,-3.9637447295865575,-3.657702907678578,-3.76006747307906,-3.6434073635782944,-3.975529853325972,-3.846965045617365,-3.859289114518391,-3.847535119432368,-3.8506557631929477,-3.8470118302210157
2016-01-19,-3.42422863091784,-3.7932397365212736,-3.7349862654194195,-3.7575630714022275,-3.592480033960916,-3.8896145242385267,-3.6329297789213233,-3.6812688534609683,-3.4810441547610957,-3.898249623851433,-3.7790394158805753,-3.7920223950176686,-3.779730667469897,-3.783085390939422,-3.779087135773844
2016-01-20,-3.532752933488675,-3.6558921595970735,-3.483952454762573,-3.613284150751313,-3.4760413842248754,-3.759670413082098,-3.328269008192203,-3.5060292446002714,-3.3009703290232886,-3.7430021950075973,-3.6299545130135593,-3.648284031185606,-3.630882854421361,-3.6354743478554807,-3.6299833334031675
2016-01-21,-3.6288723249009736,-3.6395155552298615,-3.4657039305841097,-3.5968016234611264,-3.4055142426149327,-3.746785864564294,-3.2790122294581625,-3.486275159414094,-3.2208119424504122,-3.7470897398831653,-3.611289600192336,-3.63098017555608,-3.612072813323528,-3.6168186596517176,-3.611244469475004
2016-01-22,-3.624458017506438,-3.9296586136214775,-3.873128414666419,-3.883949918230999,-3.473970312840828,-4.010030487053168,-3.698983994494793,-3.758916051076444,-3.3500796454645774,-3.9849170122890785,-3.907568493930709,-3.929661057103827,-3.909145164310416,-3.913909712527203,-3.9076565689347094
2016-01-25,-3.6251172111998273,-3.990108744421104,-3.898769187226613,-3.9507603677374226,-3.755454449010934,-4.036304598673783,-3.756897301502502,-3.8536053769381478,-3.620118924917342,-4.029698805744683,-3.970310100772329,-3.9879013056984407,-3.9711942103244136,-3.9743972064928466,-3.97030470404171
2016-01-26,-3.6351312878711157,-3.9675382049015706,-3.8608741047241746,-3.926262167277397,-3.7324185570000354,-4.054294553535421,-3.737954152833512,-3.829822938282901,-3.5772235532435603,-4.037405893761356,-3.947822192380024,-3.964916801279812,-3.948717838629441,-3.952367288361861,-3.9478715958669053
2016-01-27,-3.7070311316534803,-3.744312008541308,-3.680016426353498,-3.7047688854852754,-3.4984749654150042,-3.8353227250870274,-3.5732028678013226,-3.6140766386739385,-3.3760632150029024,-3.8276816729420977,-3.726721162060624,-3.741398637460586,-3.727472023089529,-3.7307127023905315,-3.7268059343346094
2016-01-28,-3.7636903135893363,-3.814069837423955,-3.6450980946317877,-3.7648995914977745,-3.718998961151874,-3.9143275855408377,-3.5051623720852194,-3.6696224514967155,-3.5147882888830844,-3.8751364381929365,-3.7905272796953127,-3.808256137508268,-3.7910760148395606,-3.7949518212518565,-3.790552127424352
2016-01-29,-3.761409909827392,-4.071264630007589,-3.896443440859904,-4.0209448275545245,-3.9310136446316792,-4.191742860516083,-3.7526404341399258,-3.9227595495056686,-3.7436927163379994,-4.199031575178714,-4.046817656334507,-4.064490800757903,-4.047454548002841,-4.051425755531133,-4.046843619510918
2016-02-01,-3.778464805689228,-3.9900836529574266,-3.853021591672333,-3.947127931977944,-3.8858389759360508,-4.102248542388507,-3.7211050788466595,-3.8659891503147166,-3.7432869665189896,-4.137122608254172,-3.969972462805985,-3.9836260265810446,-3.970484600236572,-3.973846123741291,-3.9700322458553776
2016-02-02,-3.790025831240828,-3.9967671231699486,-3.926280821597969,-3.9557550775510406,-3.8462999484652283,-4.104590951661028,-3.821818664921486,-3.878809747611178,-3.7682468565780423,-4.153109447029908,-3.980884842545112,-3.9938380897920496,-3.981070917931384,-3.984134612642058,-3.980992308237185
2016-02-03,-3.926683655397198,-3.644749225098536,-3.523093752452288,-3.601082300156177,-3.5123702651148903,-3.715896962327704,-3.4089700384382846,-3.5008024730581644,-3.3835973187654242,-3.6896300511556057,-3.626128133029352,-3.6393833457309137,-3.6262844432091343,-3.6304888479252058,-3.62617553534783
2016-02-04,-3.9940382073605267,-3.7561439584270735,-3.5904374756252233,-3.7101404539179494,-3.5558184536499637,-3.8479875270880375,-3.447311703650597,-3.6013375349159036,-3.403631138075392,-3.834088266290274,-3.727803167838615,-3.7478318597963303,-3.7287275622437535,-3.7327878340042036,-3.7278011334337346
2016-02-05,-4.050809139584478,-3.775370487247764,-3.690189895947986,-3.73046837762634,-3.6184208740543182,-3.8655868557134654,-3.594351775018444,-3.6367819415266363,-3.4803458470476203,-3.8526399580589885,-3.761477524158158,-3.772989082593356,-3.761596375105956,-3.7657245900207776,-3.7616283255506877
2016-02-08,-4.0718286041252485,-3.747681834306556,-3.5911377652274377,-3.707204180239696,-3.678182004507302,-3.8365969885964892,-3.4877955336633812,-3.626556789642885,-3.512109419453938,-3.8375459795756686,-3.727751190769376,-3.740888281210869,-3.72962840679927,-3.7315438194581523,-3.7278373813462817
2016-02-09,-4.182694995072362,-3.6791706954669534,-3.4652252282250013,-3.64873267466796,-3.6255550518404767,-3.778548830011731,-3.3474965658608604,-3.5819561956628654,-3.4908236003877504,-3.762700052462446,-3.6541220805619976,-3.668944214420207,-3.65448548861264,-3.6573656801185424,-3.6541179361662897
2016-02-10,-4.279639709030729,-3.746274597990476,-3.6163680546636034,-3.7125491189973476,-3.537976467709286,-3.8642973936398337,-3.498978842604608,-3.6407400511122865,-3.434673355664437,-3.882391899656595,-3.7266218281702943,-3.741115017696258,-3.727215722415677,-3.7305047076493,-3.726723410783438
2016-02-11,-4.445638136447294,-3.656858202767901,-3.5270462040344475,-3.616298066444888,-3.545367294519769,-3.745682988096083,-3.433347399716635,-3.5404186413999916,-3.408955274432749,-3.7230613984538796,-3.6377993796393966,-3.6507803989867647,-3.638651875468287,-3.6412629929162255,-3.637862568401643
2016-02-12,-4.456180335787678,-3.901938170288153,-3.7693263094459746,-3.8660379847369812,-3.7213002444019447,-4.000167987650929,-3.669698017904452,-3.7968811687323543,-3.61463921947525,-4.008371001157388,-3.883997872022592,-3.895822005431652,-3.8842695076425406,-3.8872395029240248,-3.8840534074843025
2016-02-16,-4.492076640170919,-3.9564303954803113,-3.8776924841496103,-3.9218644132269054,-3.8129479382368627,-4.049573720816475,-3.8038476620387804,-3.861567576396106,-3.722024572759569,-4.068001075035274,-3.944922892986789,-3.953768825289397,-3.9452774219261424,-3.947567424700944,-3.945050841791882
2016-02-17,-4.512998120028414,-4.100539886549301,-3.9630329513975453,-4.057204268979303,-3.851275946996181,-4.170116867522953,-3.8298601634356118,-3.9690870102731157,-3.7104253514125793,-4.129233182107554,-4.077067367648425,-4.09450106434831,-4.078400633825392,-4.081388530202151,-4.0771791411142555
2016-02-18,-4.532096851626111,-4.15282163697916,-4.02271259502681,-4.11007464065599,-3.9828943563264243,-4.223942079543885,-3.9068355716718015,-4.027471646173501,-3.8537673301865527,-4.2015876215809005,-4.133411397110721,-4.148989707776939,-4.1343553454098645,-4.137695928502889,-4.133461984133179
2016-02-19,-4.57471992113388,-4.164752681848487,-4.067970483395632,-4.127974140087845,-3.99108439006527,-4.241743968087964,-3.971720832014224,-4.060172230442514,-3.89752988981377,-4.242025622699664,-4.149477487521697,-4.161685709977048,-4.150256080484711,-4.153129626879129,-4.149529714132027
2016-02-22,-4.571458355260998,-4.481077299822953,-4.31682187816548,-4.43939554875721,-4.3376535585578315,-4.557077554639513,-4.199869261396867,-4.3621436860787535,-4.185633757458015,-4.536001564571847,-4.456088220423182,-4.472017880138839,-4.456603419088834,-4.460323519869103,-4.4561101148998645
2016-02-23,-4.60156075045293,-4.337879538126369,-4.254954244520204,-4.305511515274338,-4.093293363660383,-4.420612551576148,-4.157468971053102,-4.234342496037312,-4.03520413768891,-4.42109666143045,-4.319842736377425,-4.33531520521024,-4.320649739672876,-4.32334333775858,-4.319922265405408
2016-02-24,-4.678609959619515,-4.158141905669448,-4.075764152973133,-4.124591623270323,-3.983860739373684,-4.24271148045791,-3.9914496036033675,-4.059798352244617,-3.89591803420632,-4.254186311946657,-4.142682864569558,-4.155377617679648,-4.143135578284994,-4.14593199314028,-4.142700397027692
2016-02-25,-4.716019009935784,-4.225815680419075,-4.190748708128882,-4.187596210713687,-3.9496541958251736,-4.332414222442708,-4.107030165878183,-4.114445752668598,-3.8910435582600775,-4.348518793402984,-4.214850396572623,-4.224965890432812,-4.21519174745792,-4.218640212060829,-4.214968434152902
2016-02-26,-4.75321852293954,-4.268536809466346,-4.203730912983869,-4.227778816586206,-4.080646657352815,-4.300836019195184,-4.111888291640761,-4.145149837052589,-3.9761239623393014,-4.268670002214178,-4.255842800597665,-4.266964443421017,-4.256211915795699,-4.259894264296131,-4.255924999113365
2016-02-29,-4.808042897709249,-4.230050614289541,-4.250333520136739,-4.193763381234061,-4.010593975125204,-4.2752776469104035,-4.208364402856038,-4.135872037051442,-3.9621944549595964,-4.2549933701972416,-4.223307850593171,-4.230471037984865,-4.223545988424879,-4.225769143909661,-4.223427207429711
2016-03-01,-4.836646565158935,-4.285850434403529,-4.244017647885855,-4.249328975085312,-4.101101866203056,-4.3353358343355985,-4.195428478628371,-4.185593945489044,-4.036173833193292,-4.30000701521421,-4.277149014238173,-4.284240830703914,-4.277697072798401,-4.279757811017868,-4.2772187090939635
2016-03-02,-4.889322697026636,-4.283762565447506,-4.275085966161376,-4.245476933157562,-4.031154237599952,-4.311822283308438,-4.230052006392237,-4.177348900731514,-3.9964686381695302,-4.26539944486723,-4.276078004739812,-4.28305633898039,-4.276887297809376,-4.279074952767791,-4.276100766335331
2016-03-03,-4.887730126403675,-4.399331982205644,-4.348651607379537,-4.355089863947115,-4.125981128452941,-4.44802832732562,-4.252747378177478,-4.27246051381963,-4.024240496825643,-4.4039018177460605,-4.38465200765414,-4.39853925592533,-4.385766532795498,-4.388917755119337,-4.384718402712573
2016-03-04,-4.8967737999518794,-4.362603307730995,-4.256239341097829,-4.320034024547637,-3.9320533418298504,-4.403765839597717,-4.124053634613904,-4.2211051428807105,-3.7992087133494334,-4.336466572099117,-4.336800460374407,-4.358461485877198,-4.337759765203598,-4.342176730104126,-4.3368224321719016
2016-03-07,-4.899779602669324,-4.397607640222435,-4.350341893020387,-4.35645178611223,-4.067941658511065,-4.449594624895363,-4.259921358952581,-4.2797678965640795,-3.9772197771621896,-4.393585745750386,-4.383566168360146,-4.396238902520063,-4.384358931975807,-4.388066957572324,-4.383679690933295
2016-03-08,-4.926969115277557,-4.369462512140193,-4.2977310942631695,-4.335534476172187,-4.018761951354926,-4.4087342610708475,-4.203124663231707,-4.2699994076821195,-3.9143235774114347,-4.3710333188789825,-4.350516797260727,-4.367060369581536,-4.351192868971783,-4.3545120853724875,-4.350551739885306
2016-03-09,-4.9356856980483315,-4.434948574879275,-4.3802336208919534,-4.397345692067602,-4.103736015450408,-4.464196719482624,-4.292250329087947,-4.326651232031023,-4.009440012422909,-4.400589182986427,-4.420020984743596,-4.433944316288619,-4.420555010830267,-4.4240995220213595,-4.42007990154983
2016-03-10,-5.059058216776256,-4.206054447708335,-4.180388296867989,-4.17722007105364,-4.032293156139868,-4.253569398771119,-4.140341234578779,-4.136535026741172,-3.9880208237011057,-4.241185640369642,-4.199203509070994,-4.204640856337182,-4.199596076583732,-4.2015342792801045,-4.199287912474938
2016-03-11,-5.0512402689237215,-4.64301479661638,-4.571038622251768,-4.611698404660171,-4.4280278857856965,-4.664114987331948,-4.502004998366685,-4.561861483815648,-4.3333072462572035,-4.617522196409552,-4.628658371164832,-4.640092241064439,-4.629004366035821,-4.632050264312222,-4.6286918790085405
2016-03-14,-5.066969214973091,-4.631558341035235,-4.571115033680177,-4.604868541019501,-4.334690890253643,-4.661753393418917,-4.506275059939865,-4.561716357782072,-4.262011981158111,-4.625737160468978,-4.616293622478014,-4.628415016805973,-4.616611235477764,-4.619398504979212,-4.616314739064931
2016-03-15,-5.099053057516289,-4.657451992476378,-4.624782057869613,-4.626922399770856,-4.429879699546355,-4.704265824714938,-4.57537366883315,-4.585432331781957,-4.362912079157223,-4.661359718013825,-4.647055129106781,-4.656148498391577,-4.647308449644619,-4.649549650764786,-4.647151363065935
2016-03-16,-5.1777639405983145,-4.46462756599675,-4.357721626504797,-4.435039630967609,-4.33882191476762,-4.4384062757563925,-4.27976177639771,-4.383318080009064,-4.250676816862034,-4.35847440191108,-4.451592981564965,-4.46018647237738,-4.451904848181752,-4.4550660402929,-4.451568637241538
2016-03-17,-5.187519863047775,-4.732616909845513,-4.630339420591589,-4.710010681696361,-4.488302139761521,-4.775960029764373,-4.580697695751671,-4.676805928683203,-4.411804577210405,-4.732983870015611,-4.714603030230794,-4.725855740228842,-4.714894868624691,-4.717350154288644,-4.714590657447931
2016-03-18,-5.194507524878459,-4.793069910893647,-4.628643434113919,-4.768350741703358,-4.565566023382512,-4.826636321643504,-4.537417753513295,-4.723695036687354,-4.444422614310672,-4.759782988760363,-4.769615344546002,-4.783533249479737,-4.770103583846629,-4.773563090821837,-4.769524793443479
2016-03-21,-5.1875322180988634,-4.777253768854227,-4.698125065539645,-4.7505206579525,-4.529353353280952,-4.797480216729788,-4.626803297089611,-4.7067269619200465,-4.4675283017740215,-4.732608549815355,-4.7652643105471295,-4.774883064520768,-4.765210160605574,-4.768329415625565,-4.765265752257573
2016-03-22,-5.167914149611764,-4.828944587806478,-4.764796982149295,-4.810882839081428,-4.637589175652091,-4.850586321176447,-4.722844301826611,-4.785003339456216,-4.597898774643937,-4.815093570527976,-4.818495093088573,-4.826115186239488,-4.818213583014446,-4.820361208180241,-4.818467119847961
2016-03-23,-5.1688423957124465,-4.859095329894483,-4.771542738299357,-4.835232194100684,-4.656948781105888,-4.882798745755804,-4.7051689997809545,-4.796352947066808,-4.566420283227806,-4.816646565422065,-4.84435847281761,-4.856980328038004,-4.844784687468491,-4.84742573340581,-4.84435513967859
2016-03-24,-5.1622790172162505,-4.957642731270235,-4.8439992608089675,-4.937677854448917,-4.729042599168499,-4.999400680997269,-4.789164354403129,-4.904467162565175,-4.634369810437266,-4.957213685523918,-4.940635395296154,-4.952720154318524,-4.941103304263888,-4.9437950329922975,-4.940582517049435
2016-03-28,-5.131010658998649,-4.922782009638755,-4.8539502596551864,-4.89840395565387,-4.653435495804562,-4.959188066798948,-4.801701776053015,-4.861975207687448,-4.554731575085614,-4.855728787306582,-4.908919619901372,-4.920957089741592,-4.90949741184916,-4.912405377318807,-4.908920109941077
2016-03-29,-5.117536853709795,-4.8325526832678944,-4.763757187027972,-4.81535663785777,-4.6469369716129485,-4.867167105410787,-4.716622360727423,-4.794047597874034,-4.5661092075488305,-4.787844429283377,-4.820556982139293,-4.830044081687571,-4.820766036342137,-4.8231230360391715,-4.820519149878691
2016-03-30,-5.061499327534198,-4.89763276442005,-4.804236410443208,-4.884185985644877,-4.639147905638293,-4.922248531311401,-4.759238178248577,-4.85899487496266,-4.546880344922662,-4.878536760089136,-4.883397334259517,-4.893350072736096,-4.883758398268541,-4.8862493890133045,-4.88338809372387
2016-03-31,-5.041054071420846,-4.953713918215663,-4.894381179308573,-4.937512582372765,-4.756727408443256,-4.96315250897732,-4.860365983832799,-4.913919487400227,-4.695686155903981,-4.903397884325084,-4.942620730140871,-4.9495526820400375,-4.942968329334689,-4.944848786497402,-4.942616417444585
2016-04-01,-5.031298988448724,-4.848866843771495,-4.733255028228819,-4.830291773825675,-4.554126149860821,-4.832328099673361,-4.6557488328395955,-4.801676627315889,-4.429932121475084,-4.743085593897978,-4.826985249301054,-4.844739048216595,-4.827663400660269,-4.830686308122177,-4.826950451459526
2016-04-04,-5.00630213309319,-4.964003340418468,-4.854976963809592,-4.948585259760435,-4.718349833847999,-4.956443609563215,-4.789870201630362,-4.924314462790635,-4.605450741336872,-4.877947768461352,-4.94449485965614,-4.958612135707469,-4.9448385481087085,-4.947800777567962,-4.944404989647105
2016-04-05,-5.007578950307011,-4.798526897391158,-4.769441533744839,-4.783386914010708,-4.643217297234745,-4.780716805017266,-4.744576814159171,-4.764552983166605,-4.571671884129005,-4.696744786886813,-4.790272605199288,-4.797963283667829,-4.790854348230637,-4.79223858741142,-4.790316057768238
2016-04-06,-5.012791379974345,-4.768520162387376,-4.733206644974126,-4.755545227638125,-4.502556837536419,-4.767535817739051,-4.70234201541581,-4.738160282768608,-4.439766029553318,-4.706742928124941,-4.755708680875,-4.765891305554818,-4.756207310943018,-4.757760348886003,-4.755714265488744
2016-04-07,-5.040732346613208,-4.703598423601796,-4.6470909298382805,-4.689931032342455,-4.517673394558485,-4.754426552456985,-4.616404179398078,-4.674613621353716,-4.450585786764009,-4.719296119376174,-4.691617546073973,-4.700710461974713,-4.692024509460257,-4.6936868968149215,-4.691638874345733
2016-04-08,-5.084932506363604,-4.7313036815675735,-4.734069514131436,-4.718441563648969,-4.546716894994588,-4.786242446215408,-4.730905267733881,-4.7070749355302235,-4.515683922561399,-4.766418783795837,-4.726737148429197,-4.73085024959835,-4.726820929410363,-4.7277748589025315,-4.72684707112836
2016-04-11,-5.11846267947555,-4.699591153279111,-4.704058584869336,-4.690645003769736,-4.510616107354468,-4.771249317732558,-4.709088973334229,-4.682007760596506,-4.497113295621254,-4.762198094100912,-4.695248581169883,-4.6982850519092185,-4.695378563659027,-4.695977916994918,-4.695335336567807
2016-04-12,-5.107230914594091,-4.760534490164783,-4.7079736049135175,-4.747781866068657,-4.520484277288698,-4.835666426753733,-4.6736797672143435,-4.732042282713241,-4.423178493659895,-4.796220117560192,-4.7479275475944425,-4.758628692668648,-4.74831089319209,-4.750494812856651,-4.747929403993774
2016-04-13,-5.0669626581057745,-4.87566145350213,-4.811226779733266,-4.864648370004466,-4.638881492581015,-4.89253314322302,-4.776117665930425,-4.850001073363278,-4.559784397678757,-4.868926048337262,-4.862302943157854,-4.873258234591617,-4.862494008353932,-4.864455366381552,-4.862246507643524
2016-04-14,-5.06019305414647,-5.03854298814868,-4.910371261717726,-5.032803230445093,-4.798646925592012,-4.991284702371715,-4.861431878899953,-5.0202595292769425,-4.714365192890206,-4.946994418538235,-5.016407177796269,-5.027077071053865,-5.016988483664735,-5.018673057452199,-5.01622102789527
2016-04-15,-5.007987929674373,-5.213396409056221,-5.086077971927799,-5.203699425013983,-4.9732976215072275,-5.202242057488273,-5.031926701318448,-5.1878351818245925,-4.865740103132518,-5.11667128617822,-5.190780509655905,-5.205300072037271,-5.190999805519545,-5.193647999299588,-5.19064789852707
2016-04-18,-4.905414514762086,-5.0549350708537,-5.003067529589877,-5.043190396399565,-4.801780416113025,-5.051537690124125,-4.969718503494744,-5.027435602336028,-4.707695599199938,-4.992220042686754,-5.040036109872834,-5.050432417307874,-5.040391312355313,-5.0422180974301485,-5.039969005062446
2016-04-19,-4.850065656338032,-5.062870984290743,-4.9679493079404065,-5.051223095771484,-4.8408930170508855,-5.085341323303977,-4.919249222402027,-5.034361000857522,-4.755187990093997,-4.978386322864567,-5.045529939987664,-5.058062253532496,-5.045921167933523,-5.048096054805922,-5.045447271422825
2016-04-20,-4.846129020845115,-5.1320218596990905,-4.992500978183656,-5.119747750693749,-4.946623683286255,-5.134263274057351,-4.923901995416938,-5.099925336383045,-4.849037802399332,-5.019100439605771,-5.110508626244744,-5.123985032000364,-5.110898577555079,-5.113684691683421,-5.110325900597072
2016-04-21,-4.856792773962393,-5.0025898448781305,-4.862054574243553,-4.983616741031885,-4.896277065777564,-4.938567568333447,-4.778362692265803,-4.955235981991733,-4.809087583815583,-4.800936188197094,-4.983214489502433,-4.995059653305012,-4.9832756277531125,-4.9870844166763595,-4.983047979722106
2016-04-22,-4.879837475171078,-4.9275080390392425,-4.859206281072234,-4.911511127911163,-4.754595706755376,-4.94183859281727,-4.81763677822679,-4.891691456150889,-4.680316220601638,-4.8752393543552435,-4.914061107749498,-4.925102145008554,-4.914391830149185,-4.916387788865361,-4.914025049151782
2016-04-25,-4.888307316074937,-4.991784902924292,-4.925862106674135,-4.975989084247235,-4.756109146625207,-5.000636946002641,-4.8768779436286875,-4.956584220031293,-4.658925048447756,-4.925554350807825,-4.974988021223484,-4.987380084408644,-4.975232069131068,-4.977755476007196,-4.974909930914275
2016-04-26,-4.899742033280347,-5.015264154116844,-4.8989577331798,-4.999499291665043,-4.80882410066837,-5.085071624928503,-4.84241560396811,-4.979402181306554,-4.713758755001533,-5.006186945269922,-4.996745525566968,-5.010389865419632,-4.996921004771228,-4.9995406943655105,-4.996647746619243
2016-04-27,-4.939774661344994,-4.837499848842659,-4.727315976897436,-4.819828575253136,-4.754446556136662,-4.80053654382686,-4.663722851048296,-4.796695789640519,-4.6894498191792735,-4.674617047606526,-4.823035288517665,-4.833705473170405,-4.823364118930727,-4.825736016687598,-4.822927687918861
2016-04-28,-4.969613028212854,-4.817678693946467,-4.72102914150046,-4.7969202057427855,-4.749040268679564,-4.809485130178509,-4.67491256982094,-4.773132306005233,-4.7049013302727705,-4.686270832217885,-4.804947852223298,-4.813052371868345,-4.804949811904486,-4.8073753901137355,-4.804913513143319
2016-04-29,-5.025264392735854,-4.696940559514769,-4.586690940913694,-4.678732825157772,-4.5295740189452856,-4.696398061393657,-4.514400649249584,-4.6544665475314195,-4.469837593970417,-4.602380175423775,-4.68045706539463,-4.693505320685876,-4.680703102607906,-4.683714243343517,-4.680400656278996
2016-05-02,-5.044995584034022,-4.800590611809423,-4.733729160185972,-4.781542980208088,-4.634856134643526,-4.779446378418401,-4.683327561782842,-4.7585200448558735,-4.566803173836304,-4.672890876124513,-4.788256482103611,-4.798170136807078,-4.7887172760392245,-4.790844073518901,-4.788208636832656
2016-05-03,-5.05164339509662,-4.7618494850523625,-4.694321597650654,-4.744122717414602,-4.581781576469062,-4.782924755838562,-4.65356462712785,-4.723360736448969,-4.5155743354968445,-4.750015122718572,-4.750259527320424,-4.759742356131806,-4.750482738176701,-4.75277984898174,-4.7502677491729575
2016-05-04,-5.075287780530157,-4.767266351332313,-4.698661277035527,-4.7493472224592495,-4.553118662246044,-4.734433367444762,-4.655791972416726,-4.725997408285007,-4.5040529273833965,-4.677997485251256,-4.7558487023027,-4.766268190748957,-4.756078369206221,-4.758215589452379,-4.755772279142663
2016-05-05,-5.123999215699322,-4.752745248774175,-4.670777764102811,-4.729324196474884,-4.58119025725884,-4.7249114128740235,-4.611878465413634,-4.704379783742122,-4.509199800594666,-4.645246522691216,-4.740894430373665,-4.750226485628433,-4.740507433951847,-4.7441488717934055,-4.740816173730693
2016-05-06,-5.166190687245329,-4.7811788356348455,-4.700852745423148,-4.764088280771698,-4.588080516231176,-4.759481952580059,-4.660767653055765,-4.743198556154073,-4.527943144999936,-4.700399108032909,-4.771495885456003,-4.778795267755667,-4.7715629350691575,-4.774045870146686,-4.771459636607155
2016-05-09,-5.187402008600129,-4.841162218670071,-4.782905488770326,-4.822129259858546,-4.5999616410039605,-4.840768721527335,-4.738065769773868,-4.801956797343424,-4.515310923997425,-4.801179728430551,-4.829381727949896,-4.839567699668128,-4.829564167597672,-4.832192529935428,-4.829351312411841
2016-05-10,-5.171480823626677,-5.0577599727742895,-4.954039147645206,-5.044738314763827,-4.8833639930125425,-5.056064308973218,-4.9007382470970295,-5.028616424794815,-4.810909275846364,-5.0281922040679605,-5.043749582864576,-5.052336369552632,-5.043828266367029,-5.046430995864802,-5.04362727413697
2016-05-11,-5.150280052920471,-4.960071604341433,-4.896923777198654,-4.943874296906261,-4.703299245433103,-4.951467661944694,-4.852409829325396,-4.927192435612689,-4.627387029428671,-4.915057799676226,-4.944570826982477,-4.95633186257203,-4.944832881010551,-4.947679955312758,-4.944502642374154
2016-05-12,-5.144452401797046,-4.8113206142420335,-4.749689618696541,-4.795475865985207,-4.626291724427896,-4.818115223260785,-4.706881900746289,-4.7805630190893975,-4.58461731626768,-4.793250364217188,-4.800452442576471,-4.809406063647616,-4.800717072247471,-4.802829139895403,-4.800364341723463
2016-05-13,-5.172718309210441,-4.770873726910457,-4.730510709815678,-4.755416627317479,-4.578192891919923,-4.798787223808354,-4.697919502397295,-4.7429658825070655,-4.521478567947762,-4.7856696893850845,-4.76269842172119,-4.770511499716823,-4.763019241918393,-4.764670547250212,-4.762659641972295
2016-05-16,-5.118266222394541,-4.9975134893084565,-4.92091140797347,-4.983353524758114,-4.79019119583349,-5.028660773037729,-4.874524124901776,-4.969344921705186,-4.711216893071588,-4.999051753210991,-4.982354135721975,-4.992495163351473,-4.982469066587723,-4.984755613552889,-4.98229018638967
2016-05-17,-5.134086753696368,-4.766688858936341,-4.703709927843534,-4.75525576440168,-4.612352645171534,-4.783566793836276,-4.663367694593189,-4.745343065552318,-4.549441151382017,-4.760096116556495,-4.754293312933454,-4.763150849784225,-4.754676128800514,-4.756529948753979,-4.754227905618826
2016-05-18,-5.256850552001123,-4.516195408889682,-4.4502752201314895,-4.501216078578326,-4.458360419873375,-4.47000683197883,-4.410493343784024,-4.488178721371841,-4.429912259224162,-4.420060807239604,-4.508591129192324,-4.513066614670748,-4.5086590872758325,-4.5109639349588475,-4.508489092842769
2016-05-19,-5.343156549432245,-4.561318021532171,-4.5010086091088,-4.550256028607385,-4.398197058519202,-4.530087971655955,-4.465172115035858,-4.539571860252722,-4.331338159185895,-4.5234672794252715,-4.55107354837821,-4.559886346410185,-4.551601285861412,-4.5534923151699465,-4.550972047429126
2016-05-20,-5.322040781301116,-4.8170324962797535,-4.787029060209869,-4.806734842982047,-4.718533556971518,-4.816149441886692,-4.763533238436058,-4.8005879141685215,-4.6838089846251245,-4.805012743619708,-4.812383893613444,-4.816648832560883,-4.8129245447282925,-4.813798276881587,-4.812376275566342
2016-05-23,-5.315579341584345,-4.835712745796646,-4.829194807923781,-4.827850460916706,-4.635299235795796,-4.803176289285447,-4.816018238114909,-4.822791263660886,-4.581481600287682,-4.825475598155699,-4.829112638901943,-4.834410589181664,-4.829165583516207,-4.830125091422989,-4.829084734703555
2016-05-24,-5.055988420131028,-4.939981795998281,-4.901016154509736,-4.930590505529542,-4.810642519741429,-4.9428736632438355,-4.875068543974675,-4.926315523402709,-4.764434362670747,-4.9496405532379395,-4.931418626334665,-4.938779871428062,-4.931457430024938,-4.932956180918578,-4.931405584212379
2016-05-25,-4.929911921466568,-4.987039227861448,-4.939132667684637,-4.977337628393134,-4.8799298955414105,-4.956044448848138,-4.9097900948208,-4.971263007326434,-4.874535093590645,-4.960044129163594,-4.979753770341689,-4.986783257385024,-4.979995086655861,-4.981595935902085,-4.979656925274194
2016-05-26,-4.878810154078655,-5.152439360088855,-5.086928136843705,-5.140235850518824,-4.936101255873249,-5.150495940238093,-5.047767243961857,-5.132313575283965,-4.896060862951877,-5.12873680830188,-5.138845489195452,-5.147368780095514,-5.138865797291494,-5.141557183559668,-5.138802597029459
2016-05-27,-4.870469101261342,-5.218767832549697,-5.165056515475137,-5.206752154427031,-5.093341060793683,-5.175016728846854,-5.135034303200648,-5.197771849214884,-5.0699741750745595,-5.149883826356862,-5.211307583819951,-5.216381060368141,-5.211737608479155,-5.213283070966337,-5.211244910254125
2016-05-31,-4.840370402629528,-5.0953822309020325,-5.059459625457659,-5.078993516137794,-4.993280632361202,-5.050540211181861,-5.027960787265497,-5.067842406314408,-4.950009565550548,-5.016391102959452,-5.0877881941496215,-5.093912031926148,-5.088401516281933,-5.089797451572357,-5.08775211118954
2016-06-01,-4.837003487722623,-5.071785246154165,-5.048298252471569,-5.0575724120899155,-4.892742044558501,-5.060807035632134,-5.036720399094037,-5.049466871203463,-4.811025888954453,-5.062149545759426,-5.063457123744658,-5.069741644316672,-5.063733955283588,-5.065112111806709,-5.063528999269441
2016-06-02,-4.827747270591797,-5.073173670580945,-5.08378911570128,-5.058512533339279,-4.944836720920425,-5.091181679351827,-5.071415934836072,-5.051141576284713,-4.908101619302771,-5.091185625285873,-5.069071741326249,-5.072131033352846,-5.069018968224492,-5.070357539508655,-5.069150403671691
2016-06-03,-4.8016734721356205,-4.932589527607133,-4.9253934258977345,-4.924530108500939,-4.800329705444471,-4.897564118981845,-4.9288931354946826,-4.919940769661894,-4.760106066602669,-4.914951274078982,-4.92727688854919,-4.932192747332788,-4.927359646716729,-4.927638077353469,-4.927275993184063
2016-06-06,-4.789151079062098,-5.017892771401356,-5.023192891068199,-5.002728482348003,-4.90088806399173,-4.966191957812138,-5.019505692084633,-4.993955875580212,-4.861558119365119,-4.969767986942766,-5.01547140033494,-5.017800783946019,-5.015308071733133,-5.016276089667922,-5.015480620086605
2016-06-07,-4.7802991215601995,-5.238811232070596,-5.206107425677187,-5.2252440329343495,-5.069157825390644,-5.226630303964179,-5.181838202475666,-5.213484552553009,-4.991815314862993,-5.22385463543797,-5.23018257354551,-5.2356306719683765,-5.230323233825556,-5.231998743879892,-5.230167389409342
2016-06-08,-4.778944244277124,-5.174136923757938,-5.192237985154759,-5.162211730523549,-4.961009663132742,-5.165116153550308,-5.1906504412041805,-5.155008438124542,-4.86718218899208,-5.183603686299075,-5.165297379106545,-5.170939496033595,-5.165460226852583,-5.165951974958538,-5.16530461334904
2016-06-09,-4.787323564823183,-5.114950333499456,-5.141129894140129,-5.099916040450353,-4.942922626708529,-5.122080548893955,-5.14159606718633,-5.092287272331724,-4.874351386718052,-5.140760635816274,-5.111350028095616,-5.114980014043612,-5.111412063133077,-5.11222922969199,-5.111401488195322
2016-06-10,-4.79345076317899,-5.086298595632476,-5.083432020818206,-5.070296407463481,-4.989217386577603,-5.096151237094371,-5.075657045257712,-5.059949893936968,-4.935711955086296,-5.097665701315324,-5.084182857853982,-5.086774170727055,-5.08438438840719,-5.0850479873973065,-5.084228311306407
2016-06-13,-4.818102518364431,-4.952561031267746,-4.944310595529077,-4.938107525044027,-4.781153008783446,-4.942589647292723,-4.937889838304688,-4.926087373375292,-4.718155777158884,-4.951597384988174,-4.947780731196503,-4.95221085181632,-4.947695582495133,-4.948943384053344,-4.947802712075073
2016-06-14,-4.863365930808959,-4.825258637099365,-4.833991589322161,-4.810713198163146,-4.675922114839381,-4.818930381700864,-4.841659252896883,-4.8049905954470695,-4.628702097964333,-4.831852498228094,-4.822778660951337,-4.824803896606022,-4.8226477445159865,-4.823214355426716,-4.822800600977005
2016-06-15,-4.893696276533266,-4.891753359162845,-4.88983798494501,-4.8722010088841925,-4.702225359463206,-4.854288716580917,-4.88510521154439,-4.858550494916051,-4.651283685425464,-4.858670892047508,-4.885664967708718,-4.891071272998497,-4.885685026785705,-4.886770730567983,-4.88566408635251
2016-06-16,-4.946285477402819,-4.754004437559465,-4.744825689253744,-4.734632547653929,-4.583753503290014,-4.747814590281779,-4.732394631158999,-4.719030051951,-4.521997885617201,-4.748331576984448,-4.746349378471965,-4.7520253086343685,-4.746347835417011,-4.747683142681982,-4.746377354795705
2016-06-17,-4.9801025108995365,-4.835225468524284,-4.82281729251679,-4.815890357073373,-4.71040451749492,-4.830513448921394,-4.81065801722314,-4.802262730138285,-4.667281406215908,-4.835073477255403,-4.830676940315609,-4.834833520063054,-4.830510722192814,-4.831692061429587,-4.830732118102503
2016-06-20,-4.996497139592601,-4.934107802923984,-4.938852525907668,-4.915841717147349,-4.78161427105803,-4.8972409631787865,-4.927655497187971,-4.900432012887049,-4.7515330236741455,-4.890258171666778,-4.930061262366327,-4.933684502107321,-4.930171133721978,-4.93114964357647,-4.930116736160035
2016-06-21,-5.014903442242691,-5.005644779823708,-4.9761362426621725,-4.989476506074535,-4.818848955199698,-4.98474709650073,-4.957327036397717,-4.972025467778677,-4.787338963481178,-4.980131835535521,-4.9993583727039255,-5.00437365743727,-4.999446314950728,-5.0007876626152035,-4.999360273464035
2016-06-22,-5.042195090931431,-4.928293722529889,-4.9706955962496435,-4.903285720368558,-4.786263751673913,-4.94047386093883,-4.986036395744857,-4.889673890826865,-4.736991726041564,-4.950476231597025,-4.930426905024638,-4.928930796772248,-4.930329074515303,-4.9309425562648395,-4.9305697489938725
2016-06-23,-5.039330752136179,-5.027645136437359,-5.082940616303494,-5.013257566864225,-4.886212360039198,-5.006773155949453,-5.096942353902222,-5.006153943039736,-4.847129876610651,-5.0149814253877425,-5.029031907867715,-5.028891612714496,-5.029546550726309,-5.029254153350372,-5.029142822904755
2016-06-24,-5.277582267899284,-4.440228333019521,-4.388408545811371,-4.421691822345025,-4.438862067391243,-4.407359152283548,-4.365680226236075,-4.405552742300248,-4.4268258327173236,-4.387873591410843,-4.432984288078778,-4.439022965481198,-4.433328326063779,-4.434599505774454,-4.432904627307975
2016-06-27,-5.439728554331036,-4.458522644500708,-4.430669589368851,-4.449144752297226,-4.3571747449175255,-4.462674101589334,-4.4231426256598665,-4.441860061708276,-4.338617940700445,-4.465016012854591,-4.454841874996043,-4.457280067047271,-4.454635545978552,-4.455691870837339,-4.454843401586848
2016-06-28,-5.513041323639746,-4.57831266286087,-4.55542128704323,-4.563626988165071,-4.506042214473367,-4.554461516256137,-4.544269023232831,-4.553314059324337,-4.508218625729351,-4.554761385409482,-4.577349271369326,-4.578021952577936,-4.577449050351176,-4.5783245664806955,-4.577325928470412
2016-06-29,-5.489992310189279,-4.812411472433495,-4.707155461882552,-4.800984164373734,-4.640011327643917,-4.791841285334361,-4.665362202752637,-4.786473840408151,-4.5816653543087895,-4.7933505630681585,-4.795560610466426,-4.80582024582608,-4.795797963595116,-4.798079456185349,-4.795461837351386
2016-06-30,-5.512914675108263,-4.605443720188093,-4.605872732044246,-4.591736071016753,-4.5245762890964905,-4.574345346289832,-4.6168683635964305,-4.585202841908709,-4.501015113409782,-4.5773252621699125,-4.604844101968145,-4.605188852126846,-4.60481649412605,-4.605231780609744,-4.604848766558181
2016-07-01,-5.5333658447863465,-4.80794623818497,-4.806635462753443,-4.794877131665055,-4.7464725298814425,-4.7909361907893695,-4.811618093663743,-4.788522623608158,-4.751637103612368,-4.787639306984734,-4.810339577051109,-4.807289062202734,-4.810213423379428,-4.810960934897739,-4.810385858324023
2016-07-05,-5.5697523388382875,-4.833061980400782,-4.802505824802113,-4.821099484000155,-4.703391136939721,-4.826548494562283,-4.79032974988211,-4.812057283973441,-4.659943353722062,-4.826113442175251,-4.829314652742421,-4.832556516123376,-4.82895996380396,-4.830799636806617,-4.829319542885627
2016-07-06,-5.699801158100513,-4.682445078666514,-4.6658263080233775,-4.67080799362823,-4.588584117392286,-4.6765301682390925,-4.668279288200938,-4.66323594859795,-4.582456790578879,-4.678370015009062,-4.684465465116718,-4.682700650179383,-4.684238146094135,-4.685413445728873,-4.6845288669304
2016-07-07,-5.7770177691378946,-4.783438218474924,-4.762847890208003,-4.765441835884071,-4.642323698365016,-4.772638301826451,-4.747865987548236,-4.752083850185246,-4.593297560492994,-4.779896499442185,-4.780811709767529,-4.782859512443645,-4.780754441571661,-4.782901941198878,-4.78085456942925
2016-07-08,-5.806564973502425,-4.94870244071184,-4.92633632154632,-4.934927542086095,-4.836164441920816,-4.946881018077206,-4.9087256494769855,-4.92650979801226,-4.8141325129869985,-4.961557072332521,-4.945854052735315,-4.948678963405412,-4.945765350602453,-4.947419556619935,-4.945855476265792
2016-07-11,-5.808069954608552,-4.993711910393108,-4.998888049237598,-4.980915536834325,-4.894038051159973,-5.000311496625354,-5.0026635748676105,-4.975673569392158,-4.865416152101544,-5.020735105422491,-4.993477855294334,-4.9937297493624,-4.993392018310478,-4.994601025004341,-4.993506727032206
2016-07-12,-5.8115069212520485,-5.090223564659069,-5.063946113868272,-5.075723416737874,-4.998850648240244,-5.098850645074335,-5.052647065885647,-5.067428742030892,-4.978075691139251,-5.125949292175544,-5.088430994871861,-5.089929888097773,-5.088288472074503,-5.090095599116527,-5.088450657586664
2016-07-13,-5.84102314511361,-5.045591520307158,-5.0189870252394835,-5.030380293715157,-4.882894010423659,-5.053530431739824,-5.005740372442219,-5.022569963537161,-4.801974134413847,-5.062164902438046,-5.040799572071341,-5.044471602410404,-5.0409029725158,-5.0426079894123745,-5.040820556739041
2016-07-14,-5.878955634769523,-5.124741442335044,-5.094026471973934,-5.113357123808473,-5.025861612162899,-5.144055873407824,-5.0949664465334,-5.108161284884266,-5.003020229402008,-5.165372508012201,-5.123141622246347,-5.123878599334084,-5.123171794133325,-5.124028644131805,-5.123143906713771
2016-07-15,-5.887209766783545,-5.207348954068373,-5.192240616354229,-5.198875964509545,-5.132816014466586,-5.2387437962633125,-5.209837617123337,-5.1981967277478125,-5.110389921360786,-5.257271301388739,-5.207655572600333,-5.206432180306535,-5.20745514937732,-5.208141192326904,-5.207661499475585
2016-07-18,-5.838089684469593,-5.304532473585968,-5.302965789000444,-5.296493055272701,-5.193485907592361,-5.309948598584792,-5.310836179444105,-5.295146292475646,-5.137975326128242,-5.280964394971654,-5.300816631798546,-5.303200732994863,-5.300990311185853,-5.301147702220387,-5.300878864666839
2016-07-19,-5.846421886283344,-5.264660431608591,-5.259871999125214,-5.254778248353087,-5.198272135847899,-5.26460464775237,-5.285055257495736,-5.251932422615689,-5.145959848265535,-5.27659351379806,-5.263517896772552,-5.264655138310316,-5.263650004485085,-5.263529337960987,-5.263562585086753
2016-07-20,-5.841018586420397,-5.352196737257211,-5.329534187099164,-5.3376796154922035,-5.241947309120989,-5.353837111607241,-5.325134899109244,-5.327806418024312,-5.178727916209974,-5.3435400285088,-5.348695620949662,-5.351826801105386,-5.349433281775724,-5.349542681812677,-5.348733663843442
2016-07-21,-5.8002799095796265,-5.265846941201756,-5.237118228256587,-5.250493349224616,-5.141535319481471,-5.268977505281347,-5.206805807956874,-5.234850708836988,-5.096175706802158,-5.250817555268104,-5.260635940998421,-5.265824013039925,-5.260655753874167,-5.261724886819533,-5.260620331107132
2016-07-22,-5.810590418352066,-5.356306121893186,-5.315098192544323,-5.338764464399885,-5.213770853653928,-5.355140394821469,-5.271030928516968,-5.312571728566866,-5.150924730725552,-5.319331831602317,-5.346287977050975,-5.355726471450506,-5.346626181586331,-5.347744531973678,-5.346254543120223
2016-07-25,-5.807659395899379,-5.2748882540436925,-5.282132264025843,-5.253213387425519,-5.164193348792461,-5.2733781315829,-5.273503422746075,-5.2387574703011826,-5.103924709404492,-5.2340286346192135,-5.269239491390027,-5.273369225580685,-5.269604551240933,-5.2702900083585575,-5.269310146714855
2016-07-26,-5.842104137763402,-5.09660682279013,-5.078906052487085,-5.070508779831647,-4.995282434337873,-5.044862598170467,-5.050475972601794,-5.050268112947086,-4.921183742478029,-5.021081630631528,-5.088077258393184,-5.0946898125683,-5.08825191676093,-5.08986996266686,-5.088166196200801
2016-07-27,-5.7213539702951755,-5.139782580884511,-5.018485767454845,-5.101023638577777,-5.077671683735223,-5.172613929194119,-4.919714596928682,-5.046168550634824,-5.022683851454809,-5.233075072398259,-5.125969980129637,-5.135869032112607,-5.12590849737474,-5.129742531395761,-5.125936832549322
2016-07-28,-5.773884307602442,-5.119101433766972,-5.045779668420707,-5.085921160427759,-5.026543129930608,-5.111349375133072,-4.986568548882881,-5.051657382747213,-4.948570711329304,-5.124511677669922,-5.1070544949007886,-5.116315112160335,-5.1070571771931625,-5.1098184837685725,-5.107064002069356
2016-07-29,-5.792899681170301,-5.179923957474403,-5.119600726659315,-5.15803042329983,-5.074521058351115,-5.215731105301145,-5.06835632939339,-5.12221352192001,-5.043035837805094,-5.244670921625904,-5.1681146017781865,-5.176171403577238,-5.168897037967872,-5.1704274947211495,-5.16809606915173
2016-08-01,-5.826966335423556,-5.087120615349027,-5.064526958897798,-5.059753727943525,-4.948786371000554,-5.111978370558451,-5.037071297571437,-5.030612313381354,-4.898216623739393,-5.138505686256332,-5.080685127872921,-5.085429657076579,-5.080539453962,-5.082401405182585,-5.080720887457069
2016-08-02,-5.824032285913019,-5.033737359231481,-5.00713229440825,-4.9877566231377175,-4.9110439825085646,-5.0603567375385765,-4.974539346880676,-4.942670192382904,-4.858891561384493,-5.084389768206577,-5.026404572971794,-5.032417847104449,-5.026178905533888,-5.028370024351877,-5.026477535184794
2016-08-03,-5.829660620465222,-5.215108743453395,-5.151617234814772,-5.1644828465263855,-5.067125887644614,-5.2510620025926,-5.05312912063597,-5.103986615585013,-4.9662731051710045,-5.28362790616502,-5.198509716405619,-5.211883733654776,-5.198835411816794,-5.201861053597597,-5.1985171482702075
2016-08-04,-5.831265245262852,-5.273584166050245,-5.209578365364533,-5.231362023089526,-5.153858877006783,-5.324579864008978,-5.14063207242433,-5.184279524134143,-5.075980748865348,-5.373977340000521,-5.264721323343957,-5.271943242876707,-5.264684247360105,-5.267221715135146,-5.264772977778488
2016-08-05,-5.8178701678551885,-5.475048628427629,-5.36532910327872,-5.4389189233797,-5.384170066033121,-5.554418308795874,-5.279306014348846,-5.3871463869858625,-5.318606943216026,-5.632882510770682,-5.4616063629209695,-5.471001764457362,-5.461908346482429,-5.465098858969002,-5.4616101656854426
2016-08-08,-5.785760304076417,-5.5775360388509165,-5.493151469043303,-5.535384159445783,-5.468888052106583,-5.6287699862718386,-5.420801952910786,-5.489854889028125,-5.396587540625235,-5.653167669923509,-5.564705975117916,-5.574602602594264,-5.564969034004619,-5.567762858710748,-5.564712347933515
2016-08-09,-5.6767010517401655,-5.62770932260706,-5.5605425162093205,-5.577879939757475,-5.5259851665001545,-5.684040720256764,-5.484145818507614,-5.536154275168584,-5.449396642710772,-5.727935229323126,-5.614944203461302,-5.624805827123566,-5.6151071483485335,-5.617703395569125,-5.614932235684497
2016-08-10,-5.536707081866981,-5.494911677259862,-5.468045425345012,-5.45229127258811,-5.3554991264039336,-5.485198449098261,-5.41812837296445,-5.419021035357973,-5.275146040007496,-5.433688787848575,-5.485500239326339,-5.493100116906582,-5.485630971076369,-5.487437496155968,-5.485542393438463
2016-08-11,-5.29683685235483,-5.583581953672171,-5.537487058609147,-5.5523812272289,-5.463227384946713,-5.6325432418360215,-5.489434324964388,-5.523967632954432,-5.393875622658763,-5.649677858095954,-5.57480919204286,-5.581965282568252,-5.575003025987276,-5.577114106887633,-5.574781894504342
2016-08-12,-5.219287994636649,-5.618003572585257,-5.579447906229373,-5.581501335594073,-5.4846303039252104,-5.664155960193667,-5.526643893266441,-5.545571814231681,-5.420885145155197,-5.674046802693016,-5.609735001556977,-5.616635564683358,-5.609684710687378,-5.612122915817764,-5.609736172179386
2016-08-15,-5.154430125567745,-5.814196732529813,-5.730594512509689,-5.781178302496179,-5.728777667578843,-5.846464532613517,-5.645801859835797,-5.74233173245651,-5.68050977829903,-5.873959619149984,-5.80147298949574,-5.8124968908830805,-5.801727502940636,-5.804323880526937,-5.801470836128436
2016-08-16,-5.127865804339174,-5.592969031959202,-5.541295699588305,-5.55234791486361,-5.5019875052908755,-5.672570541703773,-5.474900971340014,-5.5036843064580365,-5.451317007128011,-5.72975954394988,-5.582976349993249,-5.591052039052679,-5.583147170755756,-5.585841527128583,-5.582988403882794
2016-08-17,-5.122385963715848,-5.3642802414008415,-5.3482763432642235,-5.305997355359839,-5.308151830390136,-5.451563073823911,-5.290015363350536,-5.25535016949943,-5.264473840200907,-5.58967710689097,-5.359644627316172,-5.36384389621762,-5.359657471866243,-5.362422310826094,-5.359694115100501
2016-08-18,-5.1047498443578725,-5.564344172391038,-5.512476234296472,-5.525258261974515,-5.478155338232325,-5.633113780203007,-5.443561731736899,-5.489209140563291,-5.4301235430545045,-5.698523039199585,-5.55410327789443,-5.562834757673404,-5.554394053998418,-5.55667594912218,-5.554092067866862
2016-08-19,-5.057434375520801,-5.508094030368636,-5.4891568304675715,-5.463673103904341,-5.424766704636778,-5.547769310787379,-5.44887555602247,-5.441045387572354,-5.369992760352856,-5.546445594880656,-5.500326352577453,-5.506604917577343,-5.500763575675024,-5.50195640890522,-5.500345568392014
2016-08-22,-5.067674045561981,-5.2536998643606285,-5.29872799252919,-5.211123886724198,-5.142251058759075,-5.265121683621585,-5.301981258316983,-5.2036706731501345,-5.0970418660674675,-5.256841027959817,-5.252045291668818,-5.253735713397919,-5.252173011218049,-5.2527428282194375,-5.25208510046979
2016-08-23,-5.055948734100278,-5.544848375213698,-5.532726722067524,-5.5089719472278675,-5.44847877394964,-5.5816129103804855,-5.5008575215523905,-5.484790750028326,-5.3911145410930645,-5.567797945192022,-5.540255613005303,-5.544430222663223,-5.540336891071514,-5.541644729526322,-5.5403002520382305
2016-08-24,-5.050161274338435,-5.3993722153676496,-5.422618914096013,-5.356116342818846,-5.324939443239031,-5.412509154976056,-5.416578594229778,-5.343756514184177,-5.289479432351057,-5.43052444046523,-5.397962418436903,-5.399241496130717,-5.398111851966932,-5.398874306229073,-5.398022277439567
2016-08-25,-5.033128405224291,-5.386962348162404,-5.372213741135224,-5.329827767066743,-5.297427605428882,-5.3753689343121,-5.342497477041032,-5.306728312227912,-5.223668569779923,-5.331971497504493,-5.378947151891702,-5.385489000096667,-5.378965117932708,-5.380460174924574,-5.37902396361383
2016-08-26,-5.084534982366304,-4.989866457296936,-5.013724676948661,-4.947310386645719,-4.938985005546482,-5.102945317441633,-5.036415038843554,-4.9411725335915975,-4.942325186870788,-5.216786832337236,-4.994939651396501,-4.991189238485517,-4.994693542251207,-4.995171663028259,-4.995044440347437
2016-08-29,-5.000279273318422,-5.397246665982427,-5.394412597789052,-5.3482261204189845,-5.32912164695343,-5.478236726923547,-5.372932829592259,-5.327227589738587,-5.299888870022346,-5.5500577071443695,-5.392559516201643,-5.395440544209665,-5.392591607443823,-5.393709595058363,-5.39260010465427
2016-08-30,-4.987818113303085,-5.300004319262085,-5.308754475985056,-5.247336823661036,-5.241191767205906,-5.392178113050478,-5.284413467556132,-5.221784906743756,-5.225779337633023,-5.515358070372791,-5.299069189177334,-5.299722012388573,-5.299135558259748,-5.300248123908182,-5.299104602095866
2016-08-31,-4.980682541165226,-5.265959958770455,-5.274212443986705,-5.22468618606052,-5.13355853433662,-5.394992798139285,-5.257051841828504,-5.194724668926106,-5.096778440857381,-5.455253649711788,-5.262691187534459,-5.265447620627129,-5.262659826568012,-5.263835717327139,-5.262728936024457
2016-09-01,-4.9655895844004,-5.0899637530332,-5.104893503820294,-5.0440371347979385,-4.969399982277329,-5.20370402121893,-5.098118363734164,-5.01392061770576,-4.923374710945881,-5.251118161763837,-5.087904605879563,-5.0893987230586415,-5.087926177849811,-5.088779040663845,-5.08795818837695
2016-09-02,-4.966993338348488,-5.341803239938299,-5.31876896184842,-5.293368913918092,-5.275394370731364,-5.46529177517821,-5.286735998092027,-5.261251568435624,-5.247583807943263,-5.551010795601633,-5.338467059470607,-5.3414724175431365,-5.338601966156406,-5.33996420251076,-5.338488182062591
2016-09-06,-4.958874595196057,-5.339168382933914,-5.32116563232979,-5.296137400879053,-5.244757609466102,-5.432790456388444,-5.285058583279904,-5.2590711170762,-5.20709333374865,-5.481898512028765,-5.335143883947256,-5.338788197189141,-5.335195938116283,-5.336930200146234,-5.335185163749954
2016-09-07,-4.922812306584521,-5.37027567918204,-5.353851600643418,-5.322465533093224,-5.2236981628392485,-5.396663331664922,-5.304408473570763,-5.274431182426273,-5.165395357797331,-5.328136604093529,-5.361283250183068,-5.368761005880168,-5.361790953868284,-5.363165984174483,-5.3613604433794215
2016-09-08,-4.935093122069907,-5.286721026333772,-5.305059766823076,-5.217056807252721,-5.183310575990499,-5.322947250884561,-5.264177613553752,-5.168734197446993,-5.120681207768058,-5.268524297317712,-5.279576107250598,-5.285654112392516,-5.279826079048043,-5.281316689818054,-5.279658533052548
2016-09-09,-4.948031272942328,-5.053765430096459,-5.037009974852432,-4.997053670338408,-4.982965835340522,-5.171228879089951,-4.992422740884727,-4.956114150026845,-4.9517127090068636,-5.237609800989965,-5.049507676389605,-5.053653954536925,-5.04960389214635,-5.051406064477193,-5.04954805143228
2016-09-12,-5.010302494903711,-4.862763876270569,-4.835124990970637,-4.807717568993168,-4.767704953382246,-4.932700167972266,-4.788336079923892,-4.758473954599406,-4.725369683890638,-4.946442368534748,-4.855547365489404,-4.86257450039078,-4.855592837940136,-4.857469862253838,-4.855595622407104
2016-09-13,-5.128804747764385,-4.614234554454214,-4.63060394818714,-4.551165255451301,-4.550285013056115,-4.700212199248234,-4.607250774693255,-4.52477723493918,-4.523873294564925,-4.7677650146432455,-4.611689578495421,-4.613763727673122,-4.611930064875683,-4.612764216666771,-4.611742484780107
2016-09-14,-5.153784964846367,-4.736097290353926,-4.740290198679275,-4.666841828395637,-4.591048866600917,-4.7867416059373,-4.682752434614233,-4.611304867354455,-4.531199227618865,-4.733400710147662,-4.728270654089767,-4.736109955015885,-4.72841824703744,-4.730412199349875,-4.728352457558925
2016-09-15,-5.182323425946781,-4.745142886500698,-4.76832120636136,-4.687953039500277,-4.671686675961124,-4.802563181791341,-4.767397299951002,-4.6649210020006295,-4.655068038486458,-4.82120990124301,-4.742444087126497,-4.745036431717448,-4.742471033665664,-4.743112708421179,-4.742524501821264
2016-09-16,-5.2076390497140785,-4.840289005025521,-4.860811196194158,-4.783564865530794,-4.8046331783782295,-4.922141016370708,-4.880782869269986,-4.779738920481653,-4.798176902946332,-5.0179338399217785,-4.841955455096781,-4.840789745323569,-4.841799105713072,-4.842298220014514,-4.841993772148056
2016-09-19,-5.236797372214331,-4.85971544057458,-4.907371501189684,-4.805346559926489,-4.76228083243803,-4.874104266520222,-4.929727198667003,-4.791665888834104,-4.730697330793035,-4.892586968177373,-4.859981642978537,-4.859668652516378,-4.860102863647891,-4.859987227553175,-4.86007877729482
2016-09-20,-5.197831432328466,-5.001347247246931,-5.032582541499195,-4.95316459669192,-4.912034667197687,-5.090502243536024,-5.0454125443893645,-4.933514858110128,-4.896763403195967,-5.135802205253664,-5.002821857521586,-5.002446667171545,-5.002914916609721,-5.003353741419183,-5.002888693911871
2016-09-21,-5.2460171113277605,-4.865460918061052,-4.893634658496637,-4.801566400502924,-4.839342844252174,-4.973465857012107,-4.894661686720057,-4.780510472595797,-4.828649252839918,-5.071703727038617,-4.866284005250513,-4.865676417034294,-4.866063163527961,-4.867040561211027,-4.866360126651058
2016-09-22,-5.266132378734824,-5.033307141583105,-5.060511619559034,-4.9731645191332206,-4.978856188556145,-5.128622532899821,-5.054878858002592,-4.953200269369767,-4.953254582169784,-5.2344367880038885,-5.033432713870795,-5.033722307864043,-5.033362389803012,-5.034136982885913,-5.0335108089793
2016-09-23,-5.271304399015025,-5.107161920507151,-5.098991237043722,-5.029944512694979,-4.998375232450829,-5.228606883325808,-5.027754731192701,-4.966429711257934,-4.9373863147561865,-5.181959745102089,-5.098107446835977,-5.106577486978716,-5.098389602789789,-5.101170613082379,-5.098185046995814
2016-09-26,-5.257576201667761,-5.072604143513908,-5.079213839708662,-5.021142436859327,-4.987826881020957,-5.1898431859133956,-5.066725174840126,-4.986863122446974,-4.959641579457639,-5.179048567773113,-5.071236195682787,-5.072543581247984,-5.071292950723408,-5.072506586085821,-5.071291568787249
2016-09-27,-5.260222918083118,-4.993851037122025,-5.026488266105333,-4.928751507102105,-4.945124136910271,-5.096913088224509,-5.044757152748854,-4.916478394095751,-4.937587828172,-5.186093985748004,-4.996029191354289,-4.9941413608165695,-4.996021455659954,-4.996551123203643,-4.996104162085012
2016-09-28,-5.174318595784557,-5.01332946283075,-5.027195253674783,-4.913546710886469,-4.878632915550929,-5.089732576911889,-4.937149506133362,-4.826185643591025,-4.77298382863004,-4.983159871228306,-4.99974488166786,-5.012489661015384,-5.000734613399112,-5.003449672449592,-4.999812110969336
2016-09-29,-5.261832763501656,-4.781014100984684,-4.78167789186265,-4.706146293847475,-4.689411951618875,-4.843510577688125,-4.741771593822479,-4.655525617295014,-4.6204556359203925,-4.79656260984662,-4.773887051321317,-4.780497475990455,-4.774012190839549,-4.775946043560085,-4.773951295614191
2016-09-30,-5.214427484650673,-4.960456535303725,-4.944572748043571,-4.906871726326827,-4.929876781167685,-5.1115923406830746,-4.94300826240001,-4.879725567270792,-4.90736976251208,-5.1484061641471355,-4.960659144622482,-4.96048927505281,-4.960693429102547,-4.961967613269529,-4.960732822435898
2016-10-03,-5.165068349531508,-4.963749947404791,-4.968640492844186,-4.899008001628195,-4.941977255184936,-5.118442476647435,-4.9692380504744795,-4.874609269238212,-4.929120008403417,-5.211690559381837,-4.96632071572213,-4.963827219012865,-4.966185072893577,-4.96735324100036,-4.966412710268388
2016-10-04,-5.206005691978413,-4.807585672867764,-4.815142492883855,-4.755140476438273,-4.795063826480504,-5.002322564208651,-4.815138674054592,-4.733130460752255,-4.785941820373345,-5.097726816617543,-4.80918613931163,-4.808111744518188,-4.809308791016113,-4.810243683593487,-4.809243262504889
2016-10-05,-5.1882648155867095,-5.0517372552932684,-5.029970223177121,-4.986281188694725,-5.032704523301782,-5.3576201206580745,-4.9923175182416415,-4.953550574120921,-5.027119359135852,-5.467380628237279,-5.052501203836704,-5.051529068700328,-5.052492996911523,-5.054506403521524,-5.052535139114903
2016-10-06,-5.191248100818108,-5.032975584395697,-5.0286923456890396,-4.9649971596486315,-5.012739810076541,-5.20871755143161,-5.02020820399243,-4.940925829173562,-5.017680537489478,-5.274414994878537,-5.032401750328915,-5.033100009622769,-5.0324536896649805,-5.033911542627899,-5.032447439311805
2016-10-07,-5.194822216570335,-4.885476081935938,-4.903357836319054,-4.830683569986604,-4.856397569527995,-5.0414340291410005,-4.914756586677069,-4.822283705622266,-4.840422514355461,-5.123279523895412,-4.889014252038748,-4.885846745660596,-4.889082592366221,-4.889736387818958,-4.889068629316808
2016-10-10,-4.974128042167584,-5.222138595926525,-5.212911285516219,-5.159959495574612,-5.227263177016979,-5.3056250072383895,-5.205245383946054,-5.149315346870794,-5.208497883104284,-5.335338626106223,-5.222406889380833,-5.222049468211711,-5.222302345583245,-5.223713521479404,-5.222453747494564
2016-10-11,-4.859168827974168,-4.943364978707962,-4.952084479235571,-4.895406568796386,-4.930238422265812,-5.047560789136084,-4.962017463133285,-4.896109165356629,-4.933911979570197,-5.1345244975955024,-4.944794683424833,-4.943146031140256,-4.944647316772129,-4.945467796810327,-4.944851193376132
2016-10-12,-4.829722820053112,-5.009365957378228,-5.041334233949118,-4.959659480359662,-4.978794533190666,-5.065900484219672,-5.063489656579309,-4.9556248109294945,-4.9891133046309815,-5.168711730107685,-5.012532137651055,-5.0091994712622725,-5.012389222674792,-5.012947255234414,-5.012583099242857
2016-10-13,-4.83466844751055,-4.883285609728571,-4.883246816124154,-4.81792821916544,-4.8032662147392005,-4.938545291856297,-4.853971789732682,-4.785775422311283,-4.765808755037784,-4.919631727822857,-4.879145669159446,-4.88313368378909,-4.8793089722152825,-4.880965883049894,-4.87921997909651
2016-10-14,-4.8589166377345405,-4.926994287561409,-4.956499331798355,-4.886463711047164,-4.857020915198577,-5.042758299390903,-4.980607054045665,-4.877995024478477,-4.866096862797029,-5.101452967109043,-4.929762140421621,-4.927441607196139,-4.929714600734597,-4.930158350781576,-4.92983867649542
2016-10-17,-4.8729776483414975,-4.973443212373419,-5.023566574531794,-4.921822512982387,-4.884451675727004,-5.012870783902356,-5.0661661741498865,-4.931857195900161,-4.875309576364256,-5.025813839007991,-4.972741025806069,-4.971926533034007,-4.973092904508454,-4.972154968535743,-4.972811288423001
2016-10-18,-4.875612632744984,-5.1499743641373525,-5.1343777097137,-5.096192266192915,-5.11201355143302,-5.265398221005429,-5.103000301329488,-5.073191689352748,-5.091960201290074,-5.342825296080874,-5.147663243687438,-5.148711183332047,-5.147808955815592,-5.149427833113829,-5.14769727527425
2016-10-19,-4.8768846866672,-5.180970208931316,-5.135703289116592,-5.131265085444782,-5.085091554566845,-5.284581589116583,-5.0632696289036945,-5.076081003480256,-5.0244112803413765,-5.164179723489713,-5.171588159705955,-5.1795705192732,-5.171903985150458,-5.174830070611917,-5.1716393771163025
2016-10-20,-4.921409905468706,-4.926369077890506,-4.932502479699877,-4.883518712282888,-4.901253927281469,-4.9224495660078,-4.943228997283449,-4.86091816245496,-4.8668025709943175,-4.925503895504093,-4.922473600084374,-4.925965916667984,-4.922611735245811,-4.92299462235551,-4.9224991911860085
2016-10-21,-4.92872137885188,-5.156854590565319,-5.128511986785727,-5.103822541319969,-5.1188431037829,-5.186146909531344,-5.088907688106182,-5.0765216222305085,-5.090247961667737,-5.1609384135284735,-5.1512807963894,-5.156430104302361,-5.151576065104476,-5.152964524141293,-5.151324126077364
2016-10-24,-4.925865372789442,-5.281387459775498,-5.241442533184908,-5.204012271651525,-5.2323778235262015,-5.380320832710517,-5.172907526092371,-5.152017227956883,-5.175516215041716,-5.344497638337673,-5.27416827935449,-5.279817851087962,-5.2744504453335175,-5.277173642521894,-5.274204582281603
2016-10-25,-4.93523803379243,-5.224182998230064,-5.163935341305582,-5.155460252149877,-5.136042749343578,-5.276241374329933,-5.056528912726401,-5.091629679244721,-5.05373403120504,-5.136648628886975,-5.214277438054412,-5.223749859280886,-5.214526983734315,-5.218232339760931,-5.214347764117024
2016-10-26,-4.953116249230824,-5.050054167716047,-4.9883500279140565,-4.961822800555797,-4.970940422385479,-5.086874450807162,-4.864821572709672,-4.880416162978454,-4.8827722751694544,-4.893054408873272,-5.038827154708908,-5.049391800492002,-5.038976891166231,-5.043356958997405,-5.038907780340166
2016-10-27,-4.971473723672454,-5.088959941292498,-4.9967161627156615,-5.022948566012274,-5.080359059870408,-5.182052323371762,-4.900814365331175,-4.97444087360826,-5.011456257577209,-5.14059829655156,-5.082923900068264,-5.088147130036289,-5.083552527466014,-5.087017188029273,-5.083016417549551
2016-10-28,-5.050001691958749,-4.78704192432658,-4.74000526950024,-4.72616137974467,-4.785117524087165,-4.861394652679758,-4.6924019351755275,-4.702635517645128,-4.743101660509372,-4.803577782726674,-4.782417628789004,-4.786201696219437,-4.782937658996949,-4.784906719060307,-4.782468009364701
2016-10-31,-5.025365974118697,-5.053240517943113,-5.011066731563022,-4.961760634920087,-4.999542961235216,-5.169567744597387,-4.951518320313897,-4.912894305054199,-4.940331885016912,-5.076044011639048,-5.04505297749964,-5.0520580563313935,-5.045546497405882,-5.048199117198801,-5.045141840479271
2016-11-01,-5.073766625679968,-4.8198936784850535,-4.787764254178806,-4.7252865613757224,-4.751744555276993,-4.940520077689866,-4.715489534335433,-4.678270397502085,-4.687561982697063,-4.860765553159443,-4.81099419755877,-4.819107271371875,-4.812153272197688,-4.814638129052515,-4.8110503881550315
2016-11-02,-5.135598755137258,-4.787750221363886,-4.755551605286936,-4.681862557869392,-4.741100332978453,-4.898198193448639,-4.690189364896644,-4.630888397259186,-4.67217595946694,-4.786412131242172,-4.77870293028729,-4.786418821591637,-4.779328944491216,-4.782085544513572,-4.7787838260510735
2016-11-03,-5.158569386007227,-4.934380004273717,-4.88918735295475,-4.81459610933247,-4.8635915473778075,-5.033191565773948,-4.801058844818111,-4.759258364361905,-4.781657044396724,-4.9519056615775074,-4.924248968760638,-4.93347447974082,-4.92443997184866,-4.9284332251219185,-4.924356864367599
2016-11-04,-5.161936835797983,-4.975587807511894,-4.922082829511511,-4.8618573480859775,-4.900163376289428,-5.005873484557755,-4.824826639439675,-4.805323273257418,-4.806742056245321,-4.829801323454051,-4.961807817608873,-4.972353985021879,-4.9618145143936045,-4.966031941812083,-4.961898198264265
2016-11-07,-5.158368406365136,-5.023679057363711,-4.997060128552909,-4.92826069357226,-5.0028556251927006,-5.1238117442625315,-4.964322121010099,-4.903464956112147,-4.966829158795185,-5.096799194761708,-5.017542782233035,-5.021142777653635,-5.017949068353491,-5.019996583942301,-5.017617882770702
2016-11-08,-5.199492035212309,-4.913677410098149,-4.900108170435988,-4.808689947726978,-4.897674644796182,-5.063165774198731,-4.876123417917539,-4.789158771155235,-4.867720823707541,-5.008298462528731,-4.908452109845796,-4.910507321930512,-4.908147138890095,-4.910687423540076,-4.908505064889088
2016-11-09,-5.466049793791534,-4.566202115762868,-4.446907952874652,-4.4898116690859355,-4.563290541777355,-4.606270986115143,-4.311668840233571,-4.440131423825233,-4.479423122390026,-4.490678877278789,-4.554484515203071,-4.561821645462423,-4.555635851898515,-4.5604186027383715,-4.554559530759572
2016-11-10,-5.7326252205175,-4.535822632009128,-4.440981720330179,-4.471781862619971,-4.525980940421468,-4.708681164354326,-4.326323063097864,-4.440682467145658,-4.486019277904748,-4.667115584822641,-4.532756802562737,-4.534532904740795,-4.532718243426976,-4.5379767382355345,-4.5328744640082945
2016-11-11,-5.655439712474322,-4.681856457798872,-4.649068205236935,-4.5848797934563486,-4.659861209357784,-4.84248324986256,-4.601714049781431,-4.560999458063489,-4.63689108362693,-4.809266506609862,-4.6779946190856645,-4.680293115027718,-4.678173139994529,-4.6815512160417105,-4.678103828545937
2016-11-14,-5.661127467406115,-4.706078829197804,-4.662820492403015,-4.651021888501729,-4.672445332028813,-5.007021292400405,-4.593996815530752,-4.628280916118739,-4.653195230540035,-5.040264829762146,-4.708761082523971,-4.706711620333914,-4.7088476812714966,-4.713222816219822,-4.708898442008556
2016-11-15,-5.643101594141472,-4.881295337685443,-4.819553832525526,-4.794602985025706,-4.853471869169778,-5.143092965985039,-4.711020969288811,-4.749004812942818,-4.783883380309187,-5.062395598411002,-4.877648969708391,-4.88001690793714,-4.877866533387745,-4.8837846798148785,-4.877776831136302
2016-11-16,-5.638487164960008,-4.987004319398678,-4.946624304590359,-4.916217655349002,-4.9676427915124926,-5.2321255036742516,-4.8631884389542535,-4.8651295585233045,-4.9085949461582015,-5.109586805043054,-4.984548207913549,-4.987597475487748,-4.984833361168702,-4.989828988699506,-4.9846597542946895
2016-11-17,-5.634525960997244,-5.1671285217748,-5.110798990654385,-5.104465054398466,-5.1307658186767755,-5.369404739232007,-5.005225664855182,-5.0577244390620315,-5.076563325422256,-5.2351292121296815,-5.16332247236901,-5.1697329861051,-5.163515434702971,-5.169399114857156,-5.163437870727888
2016-11-18,-5.64505776713988,-5.21756066406937,-5.176757388377253,-5.127932203733471,-5.181811272543862,-5.392563496451385,-5.101052102036191,-5.101141047802887,-5.13948238996006,-5.351486618733151,-5.212819522388744,-5.216916305757827,-5.213094319329345,-5.217997296565271,-5.212888789807679
2016-11-21,-5.642060046851165,-5.355713292103213,-5.305836042532561,-5.2756543688379605,-5.327276387075503,-5.579168955560798,-5.222040427941437,-5.240661567612748,-5.274058368080453,-5.508345782606007,-5.3527763589391455,-5.355650026395882,-5.352769645861514,-5.358331442338765,-5.352854867640117
2016-11-22,-5.655269725343029,-5.342090388843346,-5.294219275220355,-5.2298494980850245,-5.323619764532838,-5.531483963898366,-5.201808376011716,-5.178395955049981,-5.2443655187821,-5.402511077703843,-5.334605056785022,-5.341842258243968,-5.334967978503947,-5.340860122522577,-5.334751824350118
2016-11-23,-5.670890210233862,-5.309880332391764,-5.276000840875186,-5.220411148011583,-5.315543931836961,-5.568635494015927,-5.217998438109937,-5.203682776514357,-5.276752759941016,-5.526176542055577,-5.309646699790328,-5.311108553919846,-5.309776509054766,-5.314080085048925,-5.309764029980094
2016-11-25,-5.632780853881094,-5.512952769748721,-5.466015002123078,-5.439766007609422,-5.5044770447187545,-5.700874450121273,-5.3818098972806645,-5.4152056900459025,-5.445955374091269,-5.626420240706755,-5.509798167882453,-5.512911123916362,-5.509962395041023,-5.515584744214763,-5.509910820307848
2016-11-28,-5.639793762015124,-5.296441175962181,-5.266969746707421,-5.205549454781341,-5.238522283865355,-5.543037259864574,-5.204663363175264,-5.171371672501128,-5.179664839042161,-5.424170724128089,-5.292811284973619,-5.297286694379686,-5.292850581108506,-5.297242317869188,-5.2928813834267086
2016-11-29,-5.603856624187972,-5.302253736710578,-5.268925202168439,-5.18764652230306,-5.258694942924916,-5.494581228217646,-5.188100953792293,-5.131663518821597,-5.187624528189482,-5.306564936047251,-5.294552699087723,-5.302647350294389,-5.294807498410279,-5.300261940974782,-5.294660607004948
