date,actual,HAR,VF1,VF2,VF3,VF4,sVF1,sVF2,sVF3,sVF4,MC,MDC,TMC,DMSPE_0.9,DMSPE_1
2009-02-04,-2.448298226693621,-2.6783681607403476,-2.561984618528333,-2.6484212136344216,-2.671975355447396,-2.7002666435875,-2.4815117197091743,-2.647508773981293,-2.6988573238390474,-2.6802905622712094,-2.665211867503161,-2.6776363158055054,-2.665855314962102,-2.66200794046821,-2.663850735849835
2009-02-05,-2.443551833714746,-2.513440788686984,-2.359550572143764,-2.47045608585775,-2.5046802301285744,-2.5252817975004165,-2.26086493408607,-2.4540387813246123,-2.5302461551089626,-2.5013646590531566,-2.4953884892573743,-2.512009666125679,-2.496028321348368,-2.491047047339323,-2.4936425983336656
2009-02-06,-2.37827783001912,-2.757094664006132,-2.5878519396163946,-2.7205839385009982,-2.7482234363591145,-2.765497865942296,-2.4635918473077214,-2.7212408776993944,-2.7754552665613863,-2.739946175807991,-2.7363417230767126,-2.7531119545615477,-2.7368086398900062,-2.7320064160596402,-2.7346610041837525
2009-02-09,-2.2745163225370097,-2.718057028813834,-2.658986915732962,-2.658735033082103,-2.712487688967425,-2.730417611235226,-2.590690226663226,-2.6562512007147965,-2.7338514930921476,-2.714809836799483,-2.7074091782456344,-2.717296497670022,-2.7077226636146885,-2.7041075466921036,-2.7062848229563126
2009-02-10,-2.321357773686278,-2.3851326148159737,-2.216984674694417,-2.348236693872803,-2.380246629828375,-2.397288248450599,-2.1074975178167543,-2.341092140512884,-2.394979462506148,-2.3832455890555915,-2.3646144126463864,-2.3819537044883536,-2.365061272149438,-2.3604451622856324,-2.3630933851266693
2009-02-11,-2.34641831468229,-2.5409883837771536,-2.442363183795546,-2.50273248490844,-2.5376411640657484,-2.559799634834537,-2.3878247730731816,-2.487491044475026,-2.5496992917271877,-2.528554733858886,-2.5279227188489153,-2.5384627637118564,-2.5282996583431276,-2.5245243636478882,-2.5267864161272158
2009-02-12,-2.2348639937942867,-2.4532186204771795,-2.3532875149483505,-2.4506972187002565,-2.4487539236491545,-2.4631048879670563,-2.3061190266364173,-2.438625969196832,-2.459963642831814,-2.4394029972299553,-2.4424505307099413,-2.450998027711623,-2.4426663915246105,-2.4405452180302074,-2.4418254448361987
2009-02-13,-2.2038665187253823,-2.4983266535848982,-2.472634331287035,-2.45816866171214,-2.490961040462416,-2.500579545063987,-2.4375138845215036,-2.4481841791301036,-2.5082930325142225,-2.4698993255167907,-2.49282881330287,-2.4978588637277457,-2.4927870597993,-2.4907950198928845,-2.4921720691234865
2009-02-17,-2.182148781770061,-2.3582126030968658,-2.3010889704584394,-2.3693305659042005,-2.3523754184533514,-2.353352962793635,-2.267624920820507,-2.361142642781512,-2.3667056768791097,-2.329263916470326,-2.3522239715707642,-2.3573750152798714,-2.35246640911798,-2.350620327472762,-2.3516791265715855
2009-02-18,-2.1028442906026763,-2.361171735491607,-2.284602044673483,-2.32105372975937,-2.3523938336715093,-2.3772799287200908,-2.201576934662401,-2.3102884452572803,-2.3742293013181746,-2.346753858540445,-2.350303664183728,-2.360557422767864,-2.3505905664546685,-2.3471787448866324,-2.349206634199198
2009-02-19,-2.0488868362478114,-2.5404790501015175,-2.4188819480690515,-2.492786897277055,-2.5342845444474147,-2.556175145514493,-2.3372828882753582,-2.4795537183323373,-2.5526335034519336,-2.5366657521232145,-2.5250956335861887,-2.5389457170431493,-2.52572564927892,-2.521173773055078,-2.523715691866101
2009-02-20,-2.0263003318559925,-2.238447097857587,-2.1610057885055625,-2.1711183462336345,-2.232387507677558,-2.2392095860484376,-2.077916837497916,-2.1608034458993854,-2.250985283455514,-2.217402468950408,-2.2253784404369155,-2.238203542288983,-2.2259108758659765,-2.22113452111806,-2.223785123874995
2009-02-23,-2.001081798193673,-2.3698667682818724,-2.2918587205855174,-2.2882606009975546,-2.3630009239181695,-2.380869535682799,-2.1858185579226346,-2.2861509122974355,-2.382398026319016,-2.3624984930725828,-2.3555677937132913,-2.369408157924956,-2.356305523982971,-2.3512612766148435,-2.3539062355590796
2009-02-24,-1.9665210849188843,-2.2989055872865776,-2.181016261521277,-2.2569664467820667,-2.2928911466251876,-2.3053921621720526,-2.0896101944153425,-2.2584669510689013,-2.3093068576891516,-2.2893678443527516,-2.2829813920809836,-2.298071419211917,-2.283251309554144,-2.279792846158271,-2.281664971216927
2009-02-25,-2.0722221122685256,-2.1826798170231556,-2.071667670171634,-2.1192319410160594,-2.1725167138597308,-2.1915469332792568,-1.951546171087535,-2.1272483997449183,-2.1958862499098823,-2.1619772414819542,-2.165145462558964,-2.1815775691548653,-2.1655948072495237,-2.161154185553982,-2.163506168032672
2009-02-26,-2.0220760733467875,-2.301743022611776,-2.1588686250321487,-2.262583354303996,-2.2916332732532423,-2.3157942735842703,-2.043699546118531,-2.259420075461988,-2.314032130501965,-2.2908943647079654,-2.284262662092553,-2.2996350564505494,-2.284932937029611,-2.2810774526944604,-2.2829606323755174
2009-02-27,-1.9660389695578513,-2.123824593858069,-2.042392551174533,-2.0930737947451705,-2.117074763675256,-2.123781915578424,-1.9733469716724439,-2.094083600387499,-2.133780674623009,-2.1151011173806102,-2.1140986400814925,-2.1229450044885416,-2.1145708190279047,-2.1114269257919807,-2.1130712011034882
2009-03-02,-1.9001684410163975,-2.230850332978195,-2.191225116555585,-2.197218995084227,-2.2235016149153384,-2.238770088248334,-2.1050730108070907,-2.2012282406303645,-2.2401307493656155,-2.2190955933425305,-2.2230845620225232,-2.230929181794555,-2.2235593928938933,-2.2204367913974568,-2.2220616740340047
2009-03-03,-1.9538067419597036,-2.133233628220977,-2.005725455446783,-2.1169087293082343,-2.1243190607057154,-2.1309135461394977,-1.9020915792402622,-2.1178063431977288,-2.1409369934251603,-2.1042561324887386,-2.1179909602019267,-2.1318795139721614,-2.118505089076586,-2.115686906772816,-2.1169257468221176
2009-03-04,-1.9237241293765484,-2.302350987831959,-2.1710259399283642,-2.2569120048703293,-2.2919314921698657,-2.3055621603285115,-2.0594853770537824,-2.262146707447592,-2.3101271248824036,-2.2790720768409636,-2.2837331231027465,-2.3008068784166915,-2.2845576688514275,-2.28085539027042,-2.282504416214527
2009-03-05,-1.9957957304381877,-2.1762994382351892,-2.0944718701492966,-2.148984871526756,-2.1689934552790624,-2.184559060057774,-2.023259693552238,-2.1494152218093565,-2.1840593787606384,-2.1701088393114527,-2.164459303549213,-2.1753629302577595,-2.164913455933187,-2.162092850841688,-2.163419480158094
2009-03-06,-2.2042018905232004,-2.0026666193981164,-1.8798164647215871,-1.9982200262753946,-1.9975468408481594,-1.9908276124449134,-1.7959324987352192,-1.9915916993307619,-2.009238122222784,-1.9721188689425404,-1.9878744129785264,-2.0005859852537142,-1.9881473672744525,-1.9857651034055945,-1.9868592699714949
2009-03-09,-2.3874435693442084,-2.0457319899697106,-1.9604984593684174,-2.015817245338547,-2.0392468311042427,-2.0525844397450697,-1.8895105427062464,-2.0041722526919794,-2.0565158282581395,-2.042340208780195,-2.0335274068748728,-2.0444742093829076,-2.033901266269373,-2.03127555201347,-2.0325224502844392
2009-03-10,-2.4588370419549324,-2.1875045980079166,-2.0903464904120033,-2.160276134382095,-2.180599312350815,-2.1904907892947167,-2.035400654102043,-2.1518567222831715,-2.200327812697657,-2.162418385983018,-2.174890196254177,-2.185698779816561,-2.1752550593777857,-2.172489550725602,-2.173890194481171
2009-03-11,-2.3181968168470974,-2.147140052999442,-2.02910807274693,-2.1071365084325704,-2.1412966607609443,-2.145354998602938,-1.9448112029625686,-2.1125501871910544,-2.1648666452173746,-2.1299390088903873,-2.1317271189499905,-2.1458003411402116,-2.1320881125726014,-2.1282244796781904,-2.1301843810714365
2009-03-12,-2.28516224995546,-2.278306215503471,-2.154455024153013,-2.23631624100498,-2.2752794208823213,-2.291102546244191,-2.0548037581369982,-2.2341201912662845,-2.2988111240898146,-2.276603028366047,-2.2624506680002394,-2.2772075056581516,-2.2627057491916296,-2.2590529633086636,-2.2610155226056894
2009-03-13,-2.2983368268731317,-2.360719399274479,-2.2627312970326554,-2.293694283551009,-2.356837828500949,-2.363366024142329,-2.177390268643913,-2.288943404708381,-2.380416431564147,-2.3432269010576587,-2.3454221150879433,-2.35916962759757,-2.3456935814725353,-2.341688528263918,-2.3438891327146436
2009-03-16,-2.3021272490643794,-2.5054084485717647,-2.3737482816921185,-2.449990324112849,-2.5018676375547813,-2.5039898172977084,-2.245677843430277,-2.448558601803266,-2.5280134236407013,-2.4867738149799368,-2.4851164229558194,-2.5029776906088923,-2.4862473201177093,-2.480219410101708,-2.483119064979631
2009-03-17,-2.3111062814012207,-2.511746312983838,-2.3921376378416963,-2.4609379444554653,-2.508481757594451,-2.513094578938091,-2.2793051868038687,-2.4573796324041495,-2.5285887582983237,-2.4890016549524905,-2.4937968515342472,-2.509931437508418,-2.494227781365116,-2.4898253731553686,-2.492201114085304
2009-03-18,-2.4413787911422444,-2.1903777737768886,-2.057129452540039,-2.160039456698913,-2.1883180298789733,-2.174431812738645,-1.973094053210841,-2.1612670937797285,-2.201036859747524,-2.1564211857221127,-2.172685183615102,-2.186784859501336,-2.1731060319328805,-2.169137045277335,-2.1712438190962478
2009-03-19,-2.432098551710507,-2.352238806818466,-2.216931143107198,-2.2635765260209033,-2.345652722184254,-2.3466588109504167,-2.0757304921468855,-2.2741966125255098,-2.3776826244140823,-2.329787271146298,-2.330350404056899,-2.3500319509271534,-2.331144524340197,-2.324525045785718,-2.328103958530609
2009-03-20,-2.466979339897548,-2.423736015945901,-2.3810615611478525,-2.366452525120636,-2.4198209960545145,-2.4149466509984157,-2.298405681971554,-2.350851570580217,-2.445098698627987,-2.3918407170590057,-2.4138427441253016,-2.423483884273094,-2.4143384517268096,-2.4100582963850563,-2.412487011133408
2009-03-23,-2.468584912816003,-2.4742192243438876,-2.42724499599185,-2.442143343527351,-2.471480213156396,-2.464255085434074,-2.389851140376532,-2.445295837599468,-2.4884054320649414,-2.4501372075332335,-2.466981679211017,-2.474097654476662,-2.4671685207247953,-2.4649904766494157,-2.4662578048242305
2009-03-24,-2.4742741495096108,-2.4687068416600986,-2.4138118525032373,-2.382221647375298,-2.465883406427307,-2.461307534033681,-2.318897108743923,-2.388737889171419,-2.485764238903997,-2.4364943807446147,-2.4560571584871997,-2.468560087812119,-2.456499664119637,-2.452625661039484,-2.454719189865187
2009-03-25,-2.5630839300438932,-2.372248291978189,-2.279913909916061,-2.3266934977599454,-2.37030869105657,-2.3666358676641477,-2.2002702150095588,-2.3315794253401565,-2.3873410549499754,-2.346582184790708,-2.3593871853308857,-2.3708753680469097,-2.3596014110777817,-2.3564641081786704,-2.358290810356349
2009-03-26,-2.6732648475388974,-2.4167750341636114,-2.335338002510265,-2.413071315895771,-2.4155402232697876,-2.4101885765744115,-2.3013317506226825,-2.4117769226564865,-2.4304767822208433,-2.3937601866933114,-2.408548360144533,-2.4154141224299703,-2.4085939733393325,-2.4064882288360128,-2.407811428569373
2009-03-27,-2.6987537356479128,-2.5764451710455796,-2.590893723051119,-2.53114800209029,-2.5727387959507153,-2.578101901119872,-2.5795481060895127,-2.5236417092543966,-2.5984387936603426,-2.5735030801305347,-2.576597107962135,-2.5776063563056013,-2.5768463005508093,-2.574738181049069,-2.5760280172473946
2009-03-30,-2.722425971867786,-2.5713475574380786,-2.5288952318995492,-2.564868801437846,-2.568439913525033,-2.5639629366398444,-2.520957660349708,-2.570499573415497,-2.590888769485918,-2.5712453738232317,-2.567769376867719,-2.57135178099982,-2.568010829442298,-2.566665409823782,-2.5675166496940167
2009-03-31,-2.781186176612024,-2.5737420577692545,-2.533636460826217,-2.5343279778166923,-2.5712576587260787,-2.567214311655747,-2.498029592808219,-2.5348141687433214,-2.589282274749169,-2.556686159786337,-2.5675466954921276,-2.573684876321586,-2.5677906362036484,-2.566232193594719,-2.567108106720895
2009-04-01,-2.8816736074463765,-2.5567298067414,-2.489276190901545,-2.5343287419984564,-2.555138849633372,-2.559800829493583,-2.4487157404938764,-2.5296024503948473,-2.5727044603635303,-2.5462077903722093,-2.547670269329774,-2.555584133600334,-2.5478817605265554,-2.5453286891464364,-2.5468563160639337
2009-04-02,-2.9868989854214467,-2.7019867377718456,-2.6317703143950477,-2.671928500004622,-2.697700614029436,-2.6918922563950773,-2.593680822153107,-2.6726244311565064,-2.72502084698005,-2.6847239609054885,-2.694168230002489,-2.700902943305199,-2.694266062965183,-2.6920770883614913,-2.6934521461505607
2009-04-03,-3.0716488831930544,-2.750749573428623,-2.6780250834925616,-2.744526434530353,-2.7478926502170067,-2.743323670022784,-2.642161887434216,-2.734984738323463,-2.767127344358588,-2.720332292506156,-2.7424085083624394,-2.7496416762241593,-2.742618056278517,-2.739837377056619,-2.7415188236946526
2009-04-06,-3.11156076309237,-2.7553881657206656,-2.7176651941381667,-2.741881124263924,-2.752197802636556,-2.7426279414535157,-2.670697762454983,-2.7499133224537426,-2.7710666272442372,-2.7191320458551527,-2.748753396763119,-2.7552408046114882,-2.7494442187036254,-2.74667062288241,-2.748064392646662
2009-04-07,-3.132235594568485,-2.8446479698690075,-2.8531180668712603,-2.804750984633867,-2.8411711673091578,-2.830128431444025,-2.837267218378526,-2.8051234924972137,-2.8664432911639577,-2.810386046403256,-2.842692456065279,-2.8453986978032364,-2.842874674163093,-2.840849858296066,-2.8422074598525153
2009-04-08,-3.1959909826850947,-2.874776318432409,-2.867186962099406,-2.8279779610827585,-2.8722163211350478,-2.8746166422999826,-2.8483473444495724,-2.8281793484444844,-2.896277851648246,-2.863202905911694,-2.8709028667467473,-2.8756908017720986,-2.8710571696582345,-2.868755312967766,-2.8702959366091516
2009-04-09,-3.18924301478462,-3.0665187415524344,-2.9665052883108864,-2.9921584465712314,-3.0636116206460158,-3.061689737092411,-2.891781273450491,-2.9949822645067825,-3.1010826353687597,-3.050120314098104,-3.052824659382317,-3.065271639173437,-3.0530449096707386,-3.048265086121345,-3.0512910475880677
2009-04-13,-3.188164069220669,-3.1089132998387194,-2.982477998865945,-2.9819207599495647,-3.1074394792542543,-3.0920801553014092,-2.8567710171761247,-2.982415535751743,-3.143031951367989,-3.0830953528295093,-3.087011067796696,-3.1075377031628992,-3.087522570803501,-3.080322405081903,-3.0848001220176213
2009-04-14,-3.1536530667311804,-3.0328462000386014,-2.8954846501351597,-2.925164259783513,-3.0320713105504575,-3.036259903632352,-2.7873795272603203,-2.9212690290471617,-3.0736290397375687,-3.022721075450516,-3.0133623433659715,-3.0307608427180144,-3.013951560401434,-3.00613747643778,-3.0110911106340175
2009-04-15,-3.0213970738106366,-3.0726403515145937,-2.9900537584647138,-2.9733661921770804,-3.0735708745171486,-3.0649662061721434,-2.9127593974119215,-2.9796837296769465,-3.1026864003730754,-3.054438027135396,-3.058163933672008,-3.071670059756724,-3.058470362072376,-3.0529345959146994,-3.056639163590845
2009-04-16,-2.947843471545215,-3.1308833769953717,-2.9966478009679545,-3.0517208854645537,-3.1320883875858843,-3.1161627544440007,-2.8991587457135233,-3.0506218888105883,-3.154833866867203,-3.107801823049919,-3.1132394881899828,-3.1294310123407314,-3.1138976189575964,-3.107911535818891,-3.111479702918038
2009-04-17,-2.857834696496642,-3.1753481791354603,-3.0660904392873247,-3.0481654631880306,-3.1776992515068985,-3.1498172373034934,-2.950259716576928,-3.0628083093210123,-3.2201240952738726,-3.154231401270872,-3.157526209983948,-3.1748200991351467,-3.1580438006350016,-3.151540017457593,-3.155673329766287
2009-04-20,-2.789822420859815,-3.1983928250834954,-3.0428793085783727,-3.109113636283073,-3.201256816724388,-3.179269045181968,-2.950093265750966,-3.1043290698203307,-3.2452185458367726,-3.1789308096725604,-3.1774042632972788,-3.196200940866758,-3.1776957243354196,-3.171335499822603,-3.175473785659565
2009-04-21,-2.8675296284663623,-3.0523506852236584,-2.810438110545137,-2.9197861532649934,-3.055487708709236,-3.023281725166262,-2.6455329892227484,-2.9130002637149146,-3.100879644926961,-3.030628434390936,-3.0195783739228093,-3.0495988936657437,-3.0203637882872885,-3.0115041330282915,-3.0167843455571197
2009-04-22,-2.9851911459564233,-2.9099218456386704,-2.7238584786054596,-2.805808795658447,-2.913280368029725,-2.8934095161350153,-2.6187021742484866,-2.806764462110114,-2.9424307008934365,-2.8931901825564568,-2.8856195488211154,-2.9048231083073306,-2.885990540529608,-2.8799853656434133,-2.8837544647022373
2009-04-23,-3.008743837898877,-2.9452681301065193,-2.7581817975344016,-2.907197556617872,-2.950222330237282,-2.946041273798601,-2.686670341284588,-2.9129507447861114,-2.983228896153648,-2.9373846793334155,-2.9271316585809557,-2.941611377642017,-2.9275259237374356,-2.9235069425167546,-2.9259909068525705
2009-04-24,-3.078955047125549,-2.905395041018922,-2.8304494175071886,-2.8179888288066297,-2.911127096247435,-2.8953815817945587,-2.7642632769483604,-2.8253652391414965,-2.944125031966667,-2.895816326461077,-2.894206047809385,-2.9045538609580683,-2.894636097635111,-2.8906640074404057,-2.893115644999006
2009-04-27,-3.134613259027148,-2.9110786779087103,-2.825667903150565,-2.8641233965750357,-2.9166779294287264,-2.8913891745544915,-2.78760081837153,-2.8621377031902635,-2.9457542353277937,-2.8938875616393864,-2.9009072370441285,-2.909577250819484,-2.9010352776115567,-2.8984945879304473,-2.9001872250611687
2009-04-28,-3.1277503919642355,-3.103074329214652,-2.9526683232060913,-3.0428692265385284,-3.110371976724107,-3.091768470913902,-2.8942420062149683,-3.0455427735550753,-3.1429086303829226,-3.089012477714001,-3.08739332730295,-3.100270424034993,-3.0875402815416066,-3.0839627795150926,-3.08638300071427
2009-04-29,-3.0798565216528964,-3.0810712875027457,-2.992254473816051,-3.0308506019408035,-3.0906455921411107,-3.0634314543970924,-2.956469362105119,-3.042415469740112,-3.124718904516643,-3.071409765819327,-3.071658298991777,-3.0800075607072595,-3.0718808026612665,-3.0690050915799643,-3.070851034993757
2009-04-30,-3.039721836112925,-3.033834239360008,-2.877801603803831,-3.0361911681706193,-3.0443116039801357,-3.012469627757346,-2.866506713301673,-3.034619584277878,-3.075049406447828,-3.020912685096636,-3.0204748005729005,-3.0307101210029868,-3.020583928357605,-3.0180944078396728,-3.0197539291183038
2009-05-01,-3.018784381150863,-3.131799363834183,-3.0474984839636727,-3.0815137526368095,-3.142128155971922,-3.107345064104263,-3.00129929823035,-3.1012434895078,-3.176418481553893,-3.1209070660598357,-3.123880350332522,-3.1316482480399617,-3.1239737190243613,-3.121297950738203,-3.1231153909391147
2009-05-04,-3.0480529127166864,-3.1686144905004636,-3.0530484254938215,-3.081504663313998,-3.1807129912562178,-3.152611641098336,-2.9806341714638536,-3.088629349526501,-3.210248241733567,-3.162775434151726,-3.1547556088404907,-3.1664744990375073,-3.154948708160155,-3.1510652049816392,-3.1535576393157254
2009-05-05,-3.000218619241933,-3.2296011862260525,-3.050209771202836,-3.1332237664080513,-3.2461874186355275,-3.2018246740873084,-2.971834793531626,-3.1374382071990654,-3.2799195218453967,-3.222761212390934,-3.2092796672832438,-3.2259466327784443,-3.209472552103077,-3.2048631143969657,-3.2078231877623082
2009-05-06,-3.0700589245083902,-3.0798323320592753,-2.9174583680427606,-2.961827785365552,-3.096014361263557,-3.0649967214478604,-2.8249870524638814,-2.9596438326892374,-3.1281678510530595,-3.0751242719078467,-3.0601678170787627,-3.0776685898022436,-3.0605644739254605,-3.0551143458056504,-3.058427500534546
2009-05-07,-3.173118458470887,-3.017848497586533,-2.7788884566517504,-2.9318981609554653,-3.034790386573766,-3.0027637615561638,-2.6663539312082487,-2.9443228376281123,-3.0659340959077155,-3.0140399531518587,-2.9900804598479223,-3.0121714572633667,-2.9905781702745555,-2.984167312525677,-2.98799318025039
2009-05-08,-3.230018974769447,-3.0863142508077557,-2.9109927836997156,-3.0018896642629462,-3.104218631209487,-3.0739833737646878,-2.839977306716076,-2.994602494664261,-3.135071663689283,-3.080977000180612,-3.065963587397193,-3.0828566112761155,-3.0667951337432666,-3.060588789345813,-3.06415845634474
2009-05-11,-3.2776739654261218,-3.191867773875053,-3.078801828634121,-3.1241818985550407,-3.209081576648829,-3.1833144025922304,-3.023789342400578,-3.114505498471828,-3.240144512703626,-3.1837457477400544,-3.1795582923199266,-3.189854450270576,-3.1797127744001004,-3.1766912182438927,-3.1787149908196275
2009-05-12,-3.372752286553237,-3.09275571775761,-2.959454731805355,-2.965499626140363,-3.115337195813539,-3.0810412315620543,-2.8775326980184692,-2.9621238599837967,-3.145488328877521,-3.086185015635876,-3.0753913022280104,-3.0900535775601234,-3.0755838307449124,-3.0711471196997975,-3.0740856984474463
2009-05-13,-3.368438909026519,-3.1835718455708646,-3.030343254925045,-3.112458929494144,-3.2004306320542115,-3.1642057346948977,-2.9730716034364533,-3.1062132856068936,-3.2235364621098306,-3.1741323223216855,-3.1656484910327296,-3.178701921048817,-3.1659076792843486,-3.1619101659421607,-3.164425317124344
2009-05-14,-3.4006767889022074,-3.209726024664186,-3.0575033808860743,-3.1170342142429988,-3.2343247818972203,-3.189786927656608,-2.9973657593214993,-3.1119960123171926,-3.2610647963953214,-3.199861917632525,-3.1922393031202607,-3.2064076259421386,-3.192547517979275,-3.188539370442907,-3.191137576946353
2009-05-15,-3.424750672352607,-3.2636587009971234,-3.159792320482823,-3.181822824046381,-3.2876187220832502,-3.2390620006236994,-3.1178172560974238,-3.178439386787389,-3.3047688287281454,-3.249851477450581,-3.250751871776697,-3.2607265038724833,-3.2509376683956326,-3.2477347422674643,-3.249868620484898
2009-05-18,-3.3018750560340773,-3.383627992881482,-3.3480477379722084,-3.310649387913612,-3.406808307584877,-3.3677014198242525,-3.33852387434749,-3.300684673213682,-3.4269632818789693,-3.3736208236791825,-3.3785803127475043,-3.3830937359938105,-3.378626934007336,-3.376378015387576,-3.3780421144468713
2009-05-19,-3.132408400866526,-3.3959500534649645,-3.2158658952533976,-3.306209376120887,-3.415477822544843,-3.3814074803408687,-3.1361603832429354,-3.300931548888249,-3.434874101132602,-3.3865420510671753,-3.373451530906786,-3.3906228464805617,-3.373562611919635,-3.3696733941113557,-3.3722371720637616
2009-05-20,-2.9884538710130606,-3.3143295569729743,-3.173462658532673,-3.245210777541939,-3.3307790600902605,-3.310381854142738,-3.1209383863211384,-3.2470319141703268,-3.3440660627477836,-3.3098460702677337,-3.2981896258114296,-3.309406461710909,-3.298480549621515,-3.2954134445531915,-3.2972751188538845
2009-05-21,-2.907493738934091,-3.3586795627526627,-3.277592049534451,-3.2783259365493533,-3.3775134013904475,-3.3564480878163447,-3.251125304432826,-3.2763669889350395,-3.4065537818385816,-3.355761084665985,-3.3495047017904422,-3.358181101579238,-3.349656382771938,-3.3468042286579665,-3.348648986448297
2009-05-22,-2.9549089983768884,-3.3957921383073946,-3.336128914989211,-3.3519271366039742,-3.4079029487951003,-3.387820579153693,-3.3348633192956796,-3.341306266947799,-3.424941368578441,-3.3911638719061847,-3.3909788910651537,-3.394638023965954,-3.3911951922631296,-3.389892353509029,-3.390713671644215
2009-05-26,-3.0194507634327925,-3.2360303930436305,-3.2137397962444414,-3.1852596969245712,-3.250603508682342,-3.2211428681856393,-3.211057894492977,-3.1775791631633976,-3.272149693468061,-3.2271320528029857,-3.233425510294622,-3.2357378219588377,-3.2336042055103573,-3.232347413572642,-3.233148932754659
2009-05-27,-3.196111082237209,-3.0788435124422007,-3.1052074433995935,-3.0316812757093237,-3.089059176800027,-3.071501572415954,-3.1324909234889535,-3.0170254219685297,-3.0999944183734596,-3.0684185440421023,-3.080654197683887,-3.079271768432685,-3.080590477569086,-3.080557836597482,-3.080833851530546
2009-05-28,-3.500608735986095,-2.974750526600656,-2.9573627343930746,-2.9297776792680357,-2.98764664102718,-2.9558661035623657,-2.9529665962317337,-2.9252978540222214,-3.0038752705375873,-2.9655980721974804,-2.9725930285830073,-2.974242294778662,-2.972774090329422,-2.971980765690856,-2.9725136802130856
2009-05-29,-3.5836014653999597,-3.00716799376122,-3.0515301510299704,-2.9882302150118276,-3.021510339931648,-2.993644080823144,-3.095370929877387,-2.9803619649155206,-3.0463965108535116,-2.9981296524411682,-3.0137994744853756,-3.0088212954927984,-3.0136671613463113,-3.0141464951499386,-3.014199176428295
2009-06-01,-3.4551663461013598,-3.3291288538828216,-3.2325564671997706,-3.254652530299562,-3.345874631036027,-3.3198688968309487,-3.1879768323762665,-3.2496589487822867,-3.361189229998387,-3.319544807105617,-3.315617342098628,-3.32600185362264,-3.3158773197899327,-3.3137351351829976,-3.314787084733147
2009-06-02,-3.516850624380058,-3.2353376958644264,-3.183840381035273,-3.1806819536104713,-3.2572452288463913,-3.2278816594728252,-3.169314298849703,-3.1708492825187924,-3.280736602139325,-3.2300351307284565,-3.2304938011093607,-3.2352899135839843,-3.231018215638126,-3.228606101070027,-3.229789757847959
2009-06-03,-3.457324452661067,-3.396953272960913,-3.371217317761842,-3.3441735556724668,-3.4118690202806996,-3.377817693314575,-3.3639254463520087,-3.3391571249375853,-3.434705441106991,-3.391951010673793,-3.3926480632550575,-3.396741990484741,-3.3928416202223133,-3.3913193240341317,-3.392272281535246
2009-06-04,-3.3890145353530348,-3.6064191422283023,-3.5284084894334455,-3.5440794165228384,-3.627996311815312,-3.5942491402582446,-3.5058011403198064,-3.533999097543834,-3.6591342070316895,-3.603107743296811,-3.5988759299609407,-3.6059277787637853,-3.5990324356307086,-3.5963442111869237,-3.5979337848420982
2009-06-05,-3.5613437210185137,-3.3859207014048534,-3.3182244187879024,-3.3446652871321945,-3.3975498834759508,-3.3729457472828264,-3.3036984678647325,-3.333097703059951,-3.4150081913731003,-3.382540386446367,-3.3775897073750243,-3.383645073443687,-3.377727245350006,-3.3759334014025466,-3.3770103933346607
2009-06-08,-3.683714519297213,-3.3689782310418233,-3.4133250369507318,-3.2978295871273335,-3.3871998949969644,-3.355799663595905,-3.4392119694042043,-3.2858961613200575,-3.4172043288337384,-3.3653319655606233,-3.3726996729703234,-3.370351061120055,-3.3727835788244924,-3.371963927489233,-3.372611439309037
2009-06-09,-3.645157909118077,-3.57230020633208,-3.6288444977038123,-3.5043004235198865,-3.5908573538196498,-3.55883971539713,-3.6433188281753566,-3.508512180341513,-3.6200685195182967,-3.5704213274276295,-3.5755085711460057,-3.574457845020599,-3.5755245856972415,-3.574857455415561,-3.575447156662651
2009-06-10,-3.6342599977786656,-3.4356360001432154,-3.4259761080936313,-3.4052786649777405,-3.450632866341686,-3.425628877343332,-3.4500472406522604,-3.3950184339672225,-3.4637295922592166,-3.433103594746934,-3.4344942750879506,-3.435162739740496,-3.43447104858349,-3.433815659909189,-3.4344277561440144
2009-06-11,-3.665174424773506,-3.4387799421806817,-3.4455534251342548,-3.378807229264038,-3.4560032703624843,-3.4291476444111235,-3.449017202389409,-3.373857524757583,-3.480964670876557,-3.437357571536332,-3.437703426816252,-3.438636769248549,-3.4380647916762674,-3.43637382245423,-3.4373666638960994
2009-06-12,-3.6704522907777886,-3.6687936213788306,-3.625372161127682,-3.641202626525412,-3.6868517806507883,-3.6608537817565145,-3.6455371005231965,-3.623664673297255,-3.717393634711738,-3.668136655935657,-3.666355175017899,-3.6685282477780015,-3.6664557267030133,-3.66488551649207,-3.6660568462466294
2009-06-15,-3.6491754272945003,-3.648258831648203,-3.6476004004532196,-3.5900319009858346,-3.66994398346036,-3.6382867594742665,-3.6461857401348814,-3.585289823853185,-3.7042752461512363,-3.647214708600137,-3.6465789456837645,-3.648896049086206,-3.64651765970249,-3.6447429575291217,-3.6461202362181533
2009-06-16,-3.634368475179912,-3.589519438040643,-3.5608367477113183,-3.513012917336052,-3.612037583927368,-3.5769330464602884,-3.5650288970590855,-3.5078252384103035,-3.6429085721793446,-3.5884254133609472,-3.584970616029016,-3.5893422086342577,-3.5850264156142684,-3.5827554872274177,-3.5843945683685314
2009-06-17,-3.621446137872376,-3.5161013611716885,-3.369520851780319,-3.4545446249044294,-3.536168939606004,-3.509034182288668,-3.3253973552171647,-3.454775634654273,-3.57486619820364,-3.5150310654569714,-3.5014332806869257,-3.512721106738578,-3.5014762847219436,-3.498321969449617,-3.500386065917352
2009-06-18,-3.5408170792834768,-3.614163439326011,-3.5585994111735078,-3.540963813317677,-3.6323536584270144,-3.598692647845232,-3.532689642898172,-3.5455715829829892,-3.66243584069769,-3.612523700585208,-3.606428968917234,-3.6133438084391,-3.6066180733685926,-3.6038576925014865,-3.6057071003586314
2009-06-19,-3.5356674580394305,-3.7389851718733484,-3.7465436529444074,-3.660061014830577,-3.7631092951307927,-3.726413027057336,-3.7637674721165957,-3.6605680812364105,-3.8056596509072125,-3.7379505437858787,-3.7378401889436175,-3.7393660449634263,-3.7379066733031183,-3.736211672402194,-3.737504799698672
2009-06-22,-3.6088102430482256,-3.6139093615235565,-3.5831978593732012,-3.5401154903833265,-3.629539232668784,-3.5999044810497636,-3.57045652506015,-3.5336701358189475,-3.6584227112414114,-3.611157004737058,-3.6077507657039427,-3.61269672772386,-3.607768709228176,-3.6055341646238337,-3.607079665724574
2009-06-23,-3.6526135952254197,-3.575648692291721,-3.459077286486145,-3.4859685697672833,-3.596383901910758,-3.564526445217664,-3.3970772854342326,-3.4821640213990706,-3.61773862049371,-3.5734373964476447,-3.5594388235522905,-3.5720205708406763,-3.559800978168933,-3.5563072737714614,-3.558285332229563
2009-06-24,-3.82852511929813,-3.5057704484234016,-3.5216781776522628,-3.424181302538574,-3.5246367800939127,-3.490630986938742,-3.5271192718672606,-3.4219993948638523,-3.535324862765498,-3.503991431035465,-3.5041427131673912,-3.505770218467384,-3.504077914228095,-3.503075416236709,-3.5040009930119984
2009-06-25,-4.000026113759214,-3.4701113839353255,-3.472659707471753,-3.4178510105085183,-3.4879156603285972,-3.46008602293753,-3.4934786824562347,-3.4082209171845683,-3.5103454696726613,-3.468602174707337,-3.470629874894083,-3.4705828807961865,-3.4710374558130916,-3.4697301453773948,-3.4705385061270424
2009-06-26,-3.899186149921953,-3.6938811793383177,-3.642504549601773,-3.6344509880321993,-3.7233631535953555,-3.682175541416887,-3.635239002912622,-3.6259178132550423,-3.7514832714612187,-3.6939122798718875,-3.688488763139842,-3.693349580654058,-3.68874828776577,-3.6863293946540847,-3.6879404652449423
2009-06-29,-3.8512205375793322,-3.7842312222810532,-3.730499919201088,-3.6973151175777685,-3.8156593571483857,-3.7741612297152294,-3.713121865051286,-3.698274082449494,-3.848066303688592,-3.7845620898944827,-3.77821738427214,-3.7834609657774685,-3.7785953743418013,-3.775650944864347,-3.7776084757154185
2009-06-30,-3.706595112506597,-3.6995238013723317,-3.6921967358062613,-3.621155300791083,-3.728134862120707,-3.6861953784149013,-3.6972435726405313,-3.6225562901447566,-3.773003015920198,-3.6996026020151525,-3.697862301720007,-3.699548396770065,-3.6984475099001837,-3.6958974081739853,-3.6976186890690275
2009-07-01,-3.572253167214824,-3.8963571341108283,-3.8870121721887947,-3.8424199904924334,-3.924686841925935,-3.886073419850069,-3.9065330081156735,-3.8390674692059132,-3.9606527799868796,-3.896940533933804,-3.89494717480071,-3.8960362156101445,-3.8954713931421168,-3.8933977188767592,-3.894781056794281
2009-07-02,-3.5033471809605246,-3.89808816813909,-3.94679278354406,-3.830707762472758,-3.931916395359292,-3.887865402470161,-3.9754357831211875,-3.826258733152932,-3.9661552670568154,-3.8982340324587272,-3.9019745873696996,-3.8999635765024676,-3.9021008846406113,-3.9004220144515704,-3.9017274013049614
2009-07-06,-3.502774706100507,-3.759116152507398,-3.7395551368199285,-3.682877009315268,-3.789398433075006,-3.7460231008740434,-3.7579572344211094,-3.670198474695846,-3.8249953460495854,-3.7573733143764296,-3.7560069539197642,-3.7592165754159854,-3.7562717481862693,-3.7540284509379345,-3.7554460900682747
2009-07-07,-3.536326870894802,-3.8224435949916873,-3.7843591975214124,-3.744133043944086,-3.8525922071448475,-3.8061483955945232,-3.770707291751775,-3.7322991664257787,-3.8785253278692786,-3.818962268756906,-3.81579230771376,-3.8219979438926845,-3.816030574958754,-3.81344031510507,-3.8149959956604134
2009-07-08,-3.7533238926683103,-3.5723157713441784,-3.5149431409354226,-3.4672062394188345,-3.6008570841226994,-3.552943126346511,-3.4598033689804604,-3.473149884316236,-3.631050908157481,-3.5679462753838553,-3.560826962827294,-3.5701856646548653,-3.5609970430034035,-3.5579999533755693,-3.5596968466301018
2009-07-09,-3.8762308284903173,-3.5735070748964217,-3.5641413405820845,-3.485098748193953,-3.5991660888491768,-3.5529343895950296,-3.5635276737004657,-3.4863211124450797,-3.6362539565231087,-3.5682862740418426,-3.5707030970836198,-3.573229507853266,-3.571233267364651,-3.5685536818434493,-3.5702705599052105
2009-07-10,-4.017349899087492,-3.570284528725578,-3.5557715503665217,-3.5126076586725286,-3.5998686374512228,-3.5577018310561668,-3.5646050371707436,-3.4991862506205655,-3.6193587241594827,-3.566350662749136,-3.5679171293800818,-3.5702589644410327,-3.5685875103165388,-3.566152155844226,-3.5675837370358563
2009-07-13,-4.129641502778005,-3.595384732970628,-3.570397915834097,-3.5473447620287297,-3.6295825274558497,-3.5867365606565667,-3.5670996834662576,-3.5422334622202856,-3.65000498245358,-3.593962726952016,-3.5925067370406256,-3.5949554697865396,-3.592770982097504,-3.5909275315900775,-3.592188847474854
2009-07-14,-4.051854693944549,-3.781530503082148,-3.7732060081485157,-3.678324939198926,-3.817141061579579,-3.7651708332570957,-3.766531312573164,-3.680683232134395,-3.8446065994971055,-3.778698886988895,-3.777034380887911,-3.781530323411598,-3.7774870511168337,-3.774753789598647,-3.7764611576068243
2009-07-15,-3.935980876900839,-3.9675084225669424,-3.897593249506134,-3.86308458258025,-4.006806964391199,-3.9621678677125227,-3.875137025128333,-3.864597437986245,-4.041347574171163,-3.966123091642158,-3.9581191105552964,-3.9670709037323046,-3.9582942069113853,-3.955344027011989,-3.957160206969371
2009-07-16,-3.9251671414224982,-3.8642037045892708,-3.847321567333745,-3.7723093850048013,-3.9011609738885156,-3.845388751857917,-3.840283078525802,-3.7778063270202717,-3.9295147991626047,-3.860536645842042,-3.858903746742073,-3.863729289900197,-3.859324394866422,-3.8566840913114393,-3.8583202185850825
2009-07-17,-3.878917587659581,-3.9800350297551996,-3.985384933602772,-3.8545157350182926,-4.022890083272718,-3.9643297600591922,-3.9753014889032103,-3.8578788770255055,-4.050576609109447,-3.97571933416679,-3.9754212532324495,-3.9804413374595997,-3.975710973484016,-3.971828689700616,-3.974431974971384
2009-07-20,-3.8710108313718283,-4.002362692881952,-3.960332540908966,-3.931956480396277,-4.0395997444774405,-3.9856667460779436,-3.952789769525733,-3.9260877374914567,-4.049419287152168,-3.9953567863600123,-3.996408895367033,-4.0011422578053315,-3.9966028760863557,-3.9939402416646046,-3.995760926903289
2009-07-21,-3.839780355875214,-3.913453385276872,-3.8221580219601523,-3.839183391989515,-3.9428247229877034,-3.9080687529232603,-3.730021012752687,-3.849983496298659,-3.926603723386345,-3.907321409389593,-3.9001134590034865,-3.910935000694477,-3.900862290117647,-3.8962730537053742,-3.8987116567359648
2009-07-22,-3.8138386741308756,-3.8632756328400646,-3.800892665126633,-3.7756656564534627,-3.899625154648771,-3.857095515021255,-3.7789423463862515,-3.7652762450932165,-3.911725439100805,-3.8560556342618217,-3.854467937320343,-3.862547501702549,-3.8547363230944174,-3.8499349564077727,-3.8530563693801376
2009-07-23,-3.7748001283348764,-3.8836411531405917,-3.7388858555774855,-3.8340084017237865,-3.9218863984825245,-3.879402573915919,-3.6734576266432626,-3.8369395675455045,-3.928584504449072,-3.880826001870223,-3.868360543304056,-3.8815784223619625,-3.8686354468791686,-3.8643390686504206,-3.8669958884140345
2009-07-24,-3.6897599590789483,-3.8624636387166817,-3.8170190029557074,-3.7732721385667474,-3.907876554429485,-3.843043809016204,-3.7986112702990606,-3.7788769707376835,-3.9331661144013856,-3.859543262295971,-3.855758313576794,-3.8625410396109663,-3.85610388153699,-3.8517142435420757,-3.8547900541507865
2009-07-27,-3.657965509629975,-3.896832032195409,-3.8116548065040496,-3.7864902771782427,-3.9388457743034597,-3.890267324333794,-3.7617211914788964,-3.7947843288914993,-3.972382531097591,-3.891703455376275,-3.885477872442544,-3.895797517155244,-3.885843088955668,-3.8798942723656418,-3.8839322561908163
2009-07-28,-3.7416019867947257,-3.802998571596405,-3.7555726600112607,-3.734445469903175,-3.851539589795102,-3.7954256828461124,-3.7383941536036853,-3.738777850279768,-3.872106145578757,-3.8009972269321923,-3.7979953355910903,-3.8020431821093474,-3.798241934943257,-3.7936470562611535,-3.7970298228731445
2009-07-29,-3.7423794011009957,-3.7941471060998873,-3.7710941442574044,-3.7332559308445186,-3.82901083686113,-3.7593879902927423,-3.7824596091575056,-3.7300866763035097,-3.8460489800611666,-3.7795739530589456,-3.7915387150433335,-3.7938718019049116,-3.7917099088086292,-3.78816412140459,-3.7910242530850957
2009-07-30,-3.746874767992132,-3.7736847400254554,-3.690433277082659,-3.705585130269728,-3.8376286686741135,-3.7500523262241896,-3.6837923423548373,-3.6955331738885695,-3.862071416860253,-3.761587710631511,-3.76630505310106,-3.7730895121935597,-3.7667370938794673,-3.7604825842228036,-3.7649002733244448
2009-07-31,-3.85299094418214,-3.6696832648225786,-3.7471144088503467,-3.585831505500437,-3.7180454944116734,-3.6293599936402017,-3.791407688864011,-3.597582215096551,-3.7651587368028148,-3.653686033440277,-3.6764035585007657,-3.6723456570285338,-3.676327993460164,-3.67245662382725,-3.676011292771686
2009-08-03,-3.9811081681460383,-3.741840651422032,-3.7592294171376186,-3.6572918805559587,-3.7837492056573,-3.7295835204640415,-3.7674425797571187,-3.6665503959196615,-3.817157261400506,-3.7331134007651,-3.7436988214473055,-3.7422759403630534,-3.7438483975581622,-3.7380834123088693,-3.7429005407893077
2009-08-04,-4.005661650807136,-3.9016824154860026,-3.856551341704738,-3.773386821472438,-3.9384510829041655,-3.8752302049367127,-3.800208910425636,-3.7834043507759696,-3.958952777405624,-3.8889158657161094,-3.8924536650806507,-3.9016190796458674,-3.8927546488643023,-3.8828164304642283,-3.890330718053625
2009-08-05,-3.976077378775781,-3.7575081355730093,-3.6931645702131046,-3.6274077820736395,-3.8013712209817467,-3.7375434180686997,-3.6421340377607825,-3.640560411285009,-3.8264593597109005,-3.754265110670648,-3.7463689985635757,-3.7571003505466125,-3.7469704141317264,-3.735170127734237,-3.743833181927455
2009-08-06,-4.000959499238518,-3.763708620112699,-3.6988219346951667,-3.615180861713448,-3.809197317404908,-3.759722128404754,-3.654547819760557,-3.6263241200540683,-3.830522361707123,-3.76264584039204,-3.7534112183774053,-3.763703869141227,-3.753872550095066,-3.7411184365190797,-3.7504740732617554
2009-08-07,-3.942079525407551,-3.8868206849852274,-3.8024103357000563,-3.7557146517671325,-3.9289845613182153,-3.87811009823111,-3.744163992358695,-3.770522228869615,-3.949451378771861,-3.87839243321885,-3.8747902448686986,-3.8863999370956535,-3.875165548550825,-3.8635570918950033,-3.8718284105033733
2009-08-10,-3.8988114392409874,-4.13699737114195,-4.052839086531478,-4.013626124063954,-4.184451936295085,-4.134519292085919,-4.010774448588894,-4.031090260010753,-4.211199386648278,-4.13364365522256,-4.126756465501413,-4.136631151228455,-4.12698493000512,-4.115546241709848,-4.123892145485707
2009-08-11,-3.925096403335331,-4.088895034007472,-3.9998073377896626,-3.9498613364658306,-4.1284253384383955,-4.076634552821682,-3.920807170321199,-3.9771134054325032,-4.135106494496955,-4.082321301254037,-4.074141890108115,-4.087793063563677,-4.07441756473034,-4.061859359221231,-4.070976509196131
2009-08-12,-3.9683907014448137,-3.852204406333695,-3.8477494080156975,-3.7627227757401642,-3.8881595630550865,-3.82946588748025,-3.8447396157742926,-3.763117059194446,-3.8811919663337644,-3.8359761261038376,-3.8483177941249793,-3.852208050210304,-3.848399236791594,-3.8413445222777574,-3.8469472272864973
2009-08-13,-4.133414006777486,-3.924306617087687,-3.8826340147259044,-3.82605206227118,-3.9528585882131555,-3.9226977193662544,-3.8537819268564166,-3.8447255044021222,-3.9647470437977597,-3.9213596986827284,-3.9169297101546414,-3.9230582388021307,-3.917089615967927,-3.9089917283352333,-3.9151867579376245
2009-08-14,-4.237279601678711,-3.8591571514576883,-3.9484578904413565,-3.762802897055106,-3.904039292755652,-3.8486351198010924,-3.999909402550052,-3.782099591035886,-3.9267239558999814,-3.8553039371101447,-3.867196102672665,-3.862471972997824,-3.867192029566821,-3.8643003592762644,-3.8667478315089685
2009-08-17,-4.236541009235052,-4.000710244689368,-3.9631304977038075,-3.9146820364010413,-4.05178591651166,-3.9832097713579593,-3.9817148848037145,-3.9190611542797655,-4.060789041154876,-3.989884062421696,-3.9964583480564873,-4.000688426934865,-3.9965765448316564,-3.993289574168052,-3.9952031227915916
2009-08-18,-4.083572920442506,-4.1178854947926355,-4.135699537096843,-4.026313572862981,-4.1602807914257856,-4.110475756725821,-4.161301523914289,-4.043504577944252,-4.1754476899312065,-4.110313527243246,-4.118656706893987,-4.118562711121855,-4.118480717257998,-4.116688098079439,-4.11779354357245
2009-08-19,-4.131431758060528,-3.889663515312032,-3.9400149796873145,-3.8150833337875905,-3.936680596103085,-3.8875480000724902,-3.9781435613026677,-3.825339058935548,-3.9420924413353813,-3.883081703820957,-3.89412119421274,-3.89210708003544,-3.8941326041101836,-3.8918273994420343,-3.8935931725140556
2009-08-20,-3.994123221729974,-4.290384253020859,-4.286038265412461,-4.187289008347721,-4.338503572186188,-4.2875545144097975,-4.265924691273215,-4.211825402711474,-4.366512674282672,-4.290137598325508,-4.287138591651037,-4.290794026092762,-4.287789796350123,-4.282769866758944,-4.285338669791671
2009-08-21,-3.955145209680139,-4.1060077576411915,-4.109428118270177,-4.011589192887089,-4.14703758680644,-4.098543011443145,-4.133048664674248,-4.0197372957656565,-4.167299838922405,-4.101084576400044,-4.105400519888005,-4.10644036019027,-4.105341120620803,-4.099547336929409,-4.1038568040821355
2009-08-24,-4.0020802014192105,-4.151341732428102,-4.1507008954049285,-4.022217622469448,-4.19129121468437,-4.148629119612005,-4.123792352062788,-4.059389846139239,-4.183288920478197,-4.150314657414931,-4.146161182995641,-4.151920804231824,-4.146461482501915,-4.138099229702058,-4.14415990268886
2009-08-25,-3.8234984693773635,-3.964886862247203,-3.998226725819091,-3.88482419820742,-3.99977191713037,-3.961995877500946,-4.032603558080676,-3.903530815280614,-4.011057802063289,-3.9607498317181817,-3.9680997951707178,-3.965785498153277,-3.9682277253576594,-3.9630474771559068,-3.9673648500144867
2009-08-26,-3.789739262334309,-4.020913188891478,-4.030029332856314,-3.925702481734276,-4.05384447754704,-4.019108673278583,-4.03685605106194,-3.9535305128183267,-4.06315606059016,-4.018633160220284,-4.019900466471084,-4.021294471480559,-4.020143718197686,-4.013692293522051,-4.018910006115638
2009-08-27,-3.832665452466132,-3.966683174912892,-4.006794473632089,-3.875060886644291,-4.0088503336537125,-3.963884482504239,-4.02934015172547,-3.8964229746100223,-4.020265852779937,-3.9679223812334596,-3.9696349997476053,-3.967947901557726,-3.9701884719373295,-3.9642300253614944,-3.968948463491696
2009-08-28,-3.8995429592992754,-3.938045382870691,-3.9638670242605163,-3.8471382383249515,-3.978889000611598,-3.9380950877487226,-3.993431352473778,-3.8599607795652826,-4.004607121247993,-3.9344964199100048,-3.9398799024232654,-3.9389144156900104,-3.940182436548717,-3.933077779394858,-3.9389137692178466
2009-08-31,-3.891600385398937,-4.17084435890237,-4.164945384005211,-4.082730968821742,-4.2125781896621834,-4.160917791071918,-4.171264899429262,-4.095867970669236,-4.242177094237201,-4.16790974542541,-4.168586461686186,-4.171662646088675,-4.168959012850047,-4.160794013294185,-4.167456126470676
2009-09-01,-4.186744186023419,-3.6933059452689205,-3.6802024747089392,-3.6036853055980784,-3.737621202680633,-3.6958138801006637,-3.677834206570058,-3.6175735789261414,-3.7551535892337746,-3.6954538999875512,-3.6907426994249084,-3.69351984163779,-3.691011008392759,-3.683227999111685,-3.689438156076964
2009-09-02,-4.336195414906841,-3.8378198419702603,-3.8466327902912187,-3.7205815152755037,-3.8971597594561262,-3.838250957475878,-3.859281381651668,-3.746362844280289,-3.903846707347131,-3.839516131693088,-3.834876870861198,-3.8382643209794054,-3.8351326776422137,-3.8290188299382484,-3.833493307055101
2009-09-03,-4.398737832129601,-3.987511487044382,-4.075429962651521,-3.873139139288795,-4.024846804584362,-3.9879893266423236,-4.122648166850834,-3.9037101855687015,-4.023672815156715,-3.986286164455254,-3.9946307946274247,-3.9920100807700685,-3.994996773424928,-3.9918974203935687,-3.9939209123066592
2009-09-04,-4.425185817987176,-4.047392312616123,-4.112831153127727,-3.9463649719837433,-4.087563556769084,-4.050575632649722,-4.159961350414308,-3.979318570617266,-4.099724444699518,-4.048094854741577,-4.053024021760075,-4.049760314157113,-4.053099762452193,-4.051221596284282,-4.052315564528888
2009-09-08,-4.336587747743164,-4.1141658500092815,-4.045280703857912,-4.036733512116286,-4.150256853139453,-4.109608547509467,-3.9960689091595682,-4.054543080535431,-4.159885977952214,-4.097346384443405,-4.106188889740472,-4.1142307835276615,-4.1068608095143535,-4.104460132279628,-4.104400483941793
2009-09-09,-4.353910969179116,-4.169047014676265,-4.1689579322997234,-4.076749814984482,-4.2248459610487235,-4.174285944427072,-4.178160829412084,-4.109511164462718,-4.235332327527741,-4.172953208279385,-4.168009968825659,-4.170000793046466,-4.1684064258586835,-4.1670308573012775,-4.166892529188685
2009-09-10,-4.23454249062567,-4.256171143599454,-4.215200565778161,-4.1679064973413835,-4.3073969032140855,-4.259295729370342,-4.204045103226212,-4.201570057632211,-4.311481844660092,-4.262941803199772,-4.250915846725167,-4.256090944050967,-4.251112155931028,-4.249667780653612,-4.2494741207331685
2009-09-11,-4.2362712248680126,-4.329711922514979,-4.251467052547986,-4.252106682696115,-4.377352490269289,-4.3313340302377465,-4.213751259868544,-4.279408821182954,-4.385186414813428,-4.326380761657179,-4.319466524955465,-4.329075078455911,-4.319556771918123,-4.3177720415118275,-4.317961588297678
2009-09-14,-4.188475837413864,-4.320361063523015,-4.2409321139851865,-4.230259503408626,-4.362721658422328,-4.316714130444033,-4.195140968119239,-4.264562977092006,-4.358787058484169,-4.315600837982394,-4.309570105276831,-4.318434394627342,-4.309870711160266,-4.307432391459161,-4.307973609847859
2009-09-15,-4.265921212758232,-4.19247011612904,-4.158691100383571,-4.082957329067009,-4.238678925901022,-4.192047569444723,-4.134648598792146,-4.118097540843547,-4.260751340273291,-4.190704647227603,-4.185768723786533,-4.192354169496155,-4.185829279599262,-4.182135643853974,-4.183866618940766
2009-09-16,-4.116412231949882,-4.281588411039775,-4.020340036233929,-4.1783510769489,-4.32643768468563,-4.255340072365608,-3.857429898537833,-4.223926153632785,-4.339818932971496,-4.275435263339787,-4.250400841147106,-4.2755476389197,-4.250999205811863,-4.245612889298819,-4.247157786630096
2009-09-17,-4.054508331620813,-4.0863055627338944,-4.0042525185710485,-3.983319963220283,-4.132121701908406,-4.088758586918805,-3.9286891973970093,-4.02506926121036,-4.131342176214842,-4.084433095776071,-4.073621670233325,-4.084816864206738,-4.073729057178188,-4.0687043395932685,-4.071708045241074
2009-09-18,-3.8961749398455954,-4.281748433950404,-4.250145666706839,-4.1921211995208285,-4.326300382907305,-4.276446922775811,-4.222228816620617,-4.225287744256214,-4.333454504760649,-4.279450722516416,-4.276050633187138,-4.281243922291323,-4.276233783163587,-4.271556007122233,-4.2746860363769414
2009-09-21,-3.9061912618693846,-4.158729153502949,-4.140282996185539,-4.069184734443799,-4.203991258498774,-4.165984621669546,-4.126743870397926,-4.096411511596832,-4.217921220142233,-4.155349956669779,-4.156355245997014,-4.159316521124036,-4.156678004703584,-4.151636876783737,-4.155205907753037
2009-09-22,-3.856679090103725,-4.291597496035187,-4.268657473758456,-4.198671021078197,-4.334740379767391,-4.285573501881329,-4.247329514931146,-4.229999111307516,-4.346098117675616,-4.297482642044179,-4.2889422693576815,-4.292374388640204,-4.2893120289024464,-4.283660063019555,-4.287669776122832
2009-09-23,-3.7000790128701637,-3.9927655410754577,-4.013828749512261,-3.919572991208502,-4.035755841391389,-3.9880250028084974,-4.030453484212868,-3.935533565493858,-4.050349418166808,-3.991504344566074,-3.9936649131606257,-3.994168492514675,-3.9937884479450765,-3.9901029981992364,-3.9930934125134008
2009-09-24,-3.6689772503305553,-3.9371580309871694,-3.8881290106557715,-3.836542664139375,-3.97973009399662,-3.932585711301187,-3.8290147344718877,-3.8665199447433274,-3.986201736412429,-3.9274690014532783,-3.9282524801726946,-3.9363842197269374,-3.9282201419289793,-3.9229354186296037,-3.9268034785304926
2009-09-25,-3.683694111212095,-3.87490071075482,-3.9201072055103534,-3.7791504947532277,-3.915198359716201,-3.8655796898678125,-3.9224969291260536,-3.806079654896095,-3.91837167293135,-3.871161070267,-3.876319300531612,-3.876407439275267,-3.876359384171596,-3.8730310285979725,-3.8758703823432175
2009-09-28,-3.6515712577728854,-4.048269417809839,-4.102653883622752,-3.9484726619126507,-4.103278486427221,-4.0416497443332595,-4.110954415756657,-3.9784879020502255,-4.102736198015703,-4.045378055898908,-4.050717253363185,-4.050881085332406,-4.050920322026939,-4.047289505208796,-4.050170630366738
2009-09-29,-3.631962032622979,-4.0008700291419474,-3.9669283901540338,-3.899444735487765,-4.043283763787531,-4.001093221474679,-3.930041301237441,-3.9285683514602243,-4.034023414247116,-3.9987939776346244,-3.9957498404081715,-4.000698155056803,-3.996280719070608,-3.9912286096583447,-3.994497835340907
2009-09-30,-3.8740564625009553,-3.64035858279641,-3.6602067989784794,-3.561832655819612,-3.686117742822856,-3.640776478475156,-3.660233556926056,-3.578554859813132,-3.6925366529625814,-3.634178455709169,-3.6407012542550747,-3.6405970528142517,-3.6408835512922755,-3.637792903681665,-3.640181264797544
2009-10-01,-4.036258995887632,-3.715071478745486,-3.7295274822910534,-3.651538669353208,-3.7499859624410314,-3.7108777556092587,-3.737026919818312,-3.6615179310588943,-3.7625772170941114,-3.706446960144624,-3.714484090104996,-3.7149609701922266,-3.71442446132659,-3.7120786180481846,-3.7139882989021613
2009-10-02,-4.251327764624183,-3.7991721354237877,-3.6938933011316317,-3.696296112133362,-3.8484837019767575,-3.7946789611662926,-3.616790910602369,-3.7217132127167076,-3.8624621515013757,-3.7908640993621177,-3.7848979667483817,-3.7976551982423192,-3.785384421706866,-3.7790670591374402,-3.7829167337661183
2009-10-05,-4.469106455167448,-3.860256598311434,-3.8853471225952183,-3.780253452645568,-3.9014735131082006,-3.8572428166205657,-3.9033742273120806,-3.8061099494778734,-3.914128632980391,-3.857460236481598,-3.8617337735545307,-3.8603709444398904,-3.8615604453032932,-3.85922525039231,-3.8611536393958614
2009-10-06,-4.559105306160616,-3.8515074174750015,-3.875195135693709,-3.7583701025647516,-3.8888972187328283,-3.846439968846905,-3.8815885204459657,-3.792261882675293,-3.894251520221581,-3.8471166829991,-3.851262387942471,-3.852356554243465,-3.8512428123533153,-3.849352016841981,-3.850505011440664
2009-10-07,-4.706916349986262,-4.042053563051794,-4.046410338734374,-3.960557744347414,-4.075756934357741,-4.043241781470439,-4.054916093082802,-3.9930503403073154,-4.077983878317869,-4.045473596332697,-4.040074540434835,-4.042067631168441,-4.039993585632786,-4.039047459974545,-4.039262846556183
2009-10-08,-4.865781937381478,-4.089585247009448,-4.096670827772331,-4.019814256631895,-4.12976820034052,-4.099108827162039,-4.134093414288243,-4.051544091266939,-4.136725158104592,-4.092401117654018,-4.089721310834987,-4.090271035315949,-4.089677949778048,-4.08920302693243,-4.089082314113834
2009-10-09,-4.682753201624431,-4.412139807083023,-4.412337623428232,-4.343800303266462,-4.457709258073875,-4.418797961137111,-4.418909955071323,-4.378416407217664,-4.458084093093991,-4.412880218569067,-4.411603424404324,-4.413014136314819,-4.41155849161917,-4.411600357455796,-4.410723457868998
2009-10-12,-4.607004352613667,-4.611379501511896,-4.570185870098822,-4.54979657414012,-4.642586324884459,-4.615251003900582,-4.562358377428865,-4.578724779908483,-4.644229446420525,-4.611937372059021,-4.605439098304433,-4.611070215610155,-4.6054845490776275,-4.6055747939780005,-4.604308767188963
2009-10-13,-4.5709272570690445,-4.326080316804053,-4.335689485795843,-4.25325393493053,-4.3807362822002425,-4.331652452125754,-4.384439560420546,-4.285875072866947,-4.383417417820542,-4.32995332516725,-4.32604628607701,-4.326307142379424,-4.326054174476267,-4.326100803596436,-4.325179461047702
2009-10-14,-4.290897251465882,-4.614761736872721,-4.499911876599294,-4.558653384835219,-4.640280478835651,-4.61419441312176,-4.461028189824946,-4.58046362676738,-4.647456798413659,-4.608845187239536,-4.601040788198335,-4.611567441281706,-4.601462317230092,-4.601308850681749,-4.599421825244617
2009-10-15,-4.148812653340774,-4.625975908606189,-4.548300511671104,-4.56707569880089,-4.662433650870036,-4.614523924841897,-4.485865991685331,-4.5957317179707715,-4.669032928938102,-4.6238986893162135,-4.61507468093159,-4.623966793493855,-4.615221701991759,-4.614884790377992,-4.61372035906034
2009-10-16,-3.951310513259642,-4.368688706247846,-4.3220901706947705,-4.324843714190344,-4.406542437163756,-4.369687583403057,-4.322791288184863,-4.335396137703661,-4.433814415817304,-4.368111100713948,-4.365598089597721,-4.3683614940767495,-4.365837081100017,-4.365093046941511,-4.3648246431545665
2009-10-19,-3.650022997729651,-4.508055738874901,-4.440314823089637,-4.438470335893795,-4.526924495724471,-4.496034847868354,-4.391521465848817,-4.467974323928376,-4.529792328134738,-4.4928392821099905,-4.498755818143837,-4.506367261554939,-4.498800492446907,-4.497620394669238,-4.49745948253959
2009-10-20,-3.510134641409084,-4.305147944969273,-4.2613777685510374,-4.244603331057993,-4.338664818528757,-4.299719188752646,-4.191935001374467,-4.270358701570939,-4.338869792861429,-4.307451163292175,-4.297609671037175,-4.304273349014995,-4.297841609386578,-4.296172676641647,-4.296496231058085
2009-10-21,-3.436398924446348,-4.068352123168055,-4.00966277129461,-4.00465093492583,-4.110852822223588,-4.059794213511484,-3.977179118066752,-4.028207685437586,-4.1240872901613255,-4.059358430945944,-4.060324173596311,-4.067431989200179,-4.060526018524221,-4.058651984816429,-4.0590850560830525
2009-10-22,-3.4477768683285372,-4.077050464296746,-3.9885747394824813,-4.015719565007094,-4.111924910746874,-4.0892393493129475,-3.936597083944486,-4.038920780886461,-4.131617954178199,-4.08913711411716,-4.066601931591359,-4.075951283303503,-4.0670064876643295,-4.064542515930143,-4.065178632979382
2009-10-23,-3.316771504160418,-3.831005792104702,-3.840969379944783,-3.7759038416239266,-3.8588668212649977,-3.8311590008569776,-3.853347721509438,-3.788768319023027,-3.8699403772850376,-3.832460006682372,-3.8303086790023446,-3.8312239905097862,-3.8305385535327754,-3.829195462356551,-3.830036276737024
2009-10-26,-3.199824682569326,-3.6164939098918842,-3.6044040139210227,-3.555455633279393,-3.6617097746653506,-3.609536394570968,-3.6100689374475157,-3.5727431902825146,-3.6631806334637615,-3.6202156286578386,-3.6140586228216285,-3.6161184576105967,-3.614181895687692,-3.612774622819527,-3.6134137445138097
2009-10-27,-3.1787944079402304,-3.609867739905711,-3.568027406587246,-3.5466761607667947,-3.653722008864277,-3.606580998502665,-3.5582018352004026,-3.565910429499049,-3.6759648628644293,-3.613742368343768,-3.6035902758573846,-3.6090502899450265,-3.603668936279919,-3.6020941824033894,-3.60282684672872
2009-10-28,-3.176291757350084,-3.5712687221920656,-3.5227119804796434,-3.4989388630930565,-3.618753953968554,-3.570836573787941,-3.520098159301805,-3.512388427452104,-3.627898353184791,-3.5733269423922085,-3.5663177268004143,-3.571000829597295,-3.5667100490346444,-3.5643792544191766,-3.5654686833612526
2009-10-29,-3.1639037318676846,-3.7975263454163724,-3.7542891019791895,-3.718864486906153,-3.845170216589686,-3.796609393324381,-3.7541006068655682,-3.730257770682665,-3.8448750926910535,-3.798486763893766,-3.7934674709546328,-3.7968809077931636,-3.793441124010701,-3.7911643428559874,-3.7923728702860475
2009-10-30,-3.321678451488008,-3.3822062838021942,-3.396173981065296,-3.3310270801950805,-3.4218949892838273,-3.377810461906561,-3.3970496909056758,-3.343547271879019,-3.420277940318187,-3.3731187682899018,-3.3834513768311933,-3.382416224919028,-3.383585538058398,-3.382244244242875,-3.383048229963426
2009-11-02,-3.7009150346726796,-3.263191320637214,-3.191076190772315,-3.194063357818274,-3.296565819374383,-3.2847312085207494,-3.1697980128013414,-3.21268022385067,-3.3020729184976427,-3.2697955527775795,-3.2560159501053683,-3.2611297689397434,-3.2560952176712776,-3.2539439666938765,-3.254880208538772
2009-11-03,-3.965802237286766,-3.396711876281519,-3.4167943394626716,-3.314655604576165,-3.425454351458619,-3.412673505224141,-3.4458946419334526,-3.3267803622089036,-3.436053233762525,-3.409502622939995,-3.398119355185866,-3.3968693599607236,-3.3980577219672976,-3.3963318722614946,-3.3973292492347587
2009-11-04,-4.172794270157017,-3.422925603887108,-3.446729015202716,-3.346697473137651,-3.4556575738865187,-3.4186454369193053,-3.4706547942414705,-3.3637805852330374,-3.456936656635291,-3.4176100640343057,-3.4243615018098077,-3.4230115516103448,-3.4243027966461637,-3.4227327213976215,-3.4235988036427276
2009-11-05,-4.197612963064076,-3.603562759534085,-3.551082513101553,-3.5240944156213696,-3.628310194551485,-3.6204506142322503,-3.5458845603969555,-3.544853635229351,-3.633142225433708,-3.6146896243969606,-3.5977953146535646,-3.6029278531465367,-3.5980400800566397,-3.5961702574713064,-3.5963428742356007
2009-11-06,-4.278495067759401,-3.6052898781122638,-3.6493204384044384,-3.5336139110196654,-3.6445894216396413,-3.6198924255271203,-3.688088947698397,-3.554773744000211,-3.6425188888259594,-3.61886177804246,-3.6086015770250732,-3.6057923132699696,-3.6083672760686705,-3.6078187472336354,-3.6079767387543757
2009-11-09,-4.198714605499237,-4.090855505439315,-4.108959065864526,-4.0161757868939185,-4.115396876213822,-4.097235009396263,-4.127653985742991,-4.044564563648341,-4.111647165844228,-4.098900698908076,-4.090947695867399,-4.091133693210452,-4.090968659910386,-4.090496473173199,-4.089998927627601
2009-11-10,-4.182145351452657,-4.090919595180261,-4.087602845288949,-4.011318111672511,-4.111133846575596,-4.097925118811341,-4.0671482673169805,-4.044527317479844,-4.086028969607362,-4.105244329664819,-4.086808812990675,-4.0908301941050516,-4.08708427732508,-4.086405739781658,-4.085559978077513
2009-11-11,-4.23895810640016,-4.0128357559454395,-4.087583653411046,-3.932133718852685,-4.030618172470977,-4.0036610948129665,-4.126290361894079,-3.966873107419457,-4.02290088079585,-4.010944712610087,-4.018055535089874,-4.016793835496085,-4.018339374710797,-4.017790973355719,-4.017377488887224
2009-11-12,-4.252226193869799,-4.024898157936111,-4.0632565269798615,-3.9662338488000497,-4.051810431764983,-4.032375840162848,-4.09996886621337,-3.9915506897295945,-4.05187844041094,-4.038137134353167,-4.028403480895602,-4.0258535928408214,-4.028483164820197,-4.028296995709145,-4.027810093292673
2009-11-13,-4.389379183602871,-4.050175702675837,-4.140384663894717,-3.9829885129990488,-4.0777664308418835,-4.043777417483683,-4.215602369606649,-4.011949918111902,-4.078603904090335,-4.047582529579044,-4.058397325088312,-4.053987484355521,-4.058561332065018,-4.058367947697387,-4.057967281342958
2009-11-16,-4.468588811491177,-4.092739178734226,-4.165695892220119,-4.01975535070596,-4.100909322151174,-4.084950355369003,-4.215177922099059,-4.056333329577458,-4.095829051338614,-4.092551299429215,-4.0986090710076555,-4.096665062707353,-4.098690878641232,-4.098833369178456,-4.097794770353814
2009-11-17,-4.394061331221468,-4.126195976017185,-4.234863496260068,-4.057898399802804,-4.140808167892085,-4.1205656682810075,-4.308075965301989,-4.092960884522984,-4.136037368656938,-4.126828204274954,-4.135915173681649,-4.132372877817875,-4.135894941828588,-4.136530432302687,-4.135565931374211
2009-11-18,-4.550932411306139,-4.114115369673285,-4.234078658834951,-4.045142263314769,-4.138774617063218,-4.112338896433536,-4.3240669383541235,-4.080717768943263,-4.1318565050972795,-4.118787502707375,-4.1261668839246886,-4.1222064917658,-4.126037302738817,-4.1271347834685095,-4.125792174164896
2009-11-19,-4.446887225913307,-4.057416293689303,-4.11583776248732,-4.013008510897764,-4.094048506405134,-4.052567799239461,-4.17494167738956,-4.037373396139008,-4.089010162585598,-4.05990440404007,-4.06430386187814,-4.059621317406485,-4.0643861348904435,-4.065278720716308,-4.063954537697892
2009-11-20,-4.363815753414649,-4.329520445606401,-4.387958789662989,-4.275678186428256,-4.344732111743487,-4.3206277344637,-4.453348301997316,-4.305787324785067,-4.340688622708468,-4.337175634172331,-4.335595149775938,-4.332817728864945,-4.3357889839621375,-4.336665927194187,-4.335235114336603
2009-11-23,-4.323965094413058,-4.342305015542793,-4.419807401171974,-4.290579654490433,-4.359370664114639,-4.340657027421208,-4.5004182177253735,-4.319843353657334,-4.35666927977673,-4.344554091116328,-4.351877850115202,-4.348460352015479,-4.352012074955214,-4.353088720678052,-4.351537623013736
2009-11-24,-4.417351007753133,-4.130200092252344,-4.278882569228057,-4.071410136706601,-4.163299323795807,-4.115569557844681,-4.4100166510116345,-4.105834796783788,-4.157974186821435,-4.122937251620915,-4.1469459107127875,-4.13986498960506,-4.146878401550004,-4.147877815566,-4.147070123812317
2009-11-25,-4.2172880270582835,-4.623151200233311,-4.686471518001807,-4.5650538202518485,-4.64719052609189,-4.6195876076345055,-4.765181718983694,-4.601532947092418,-4.64321307718408,-4.627555273614394,-4.630307092609187,-4.627434056630797,-4.6305653617633435,-4.631680490089989,-4.629966652888412
2009-11-27,-4.027423026530988,-4.0862409339081704,-4.1756350079007145,-4.0428812985198,-4.089321734146533,-4.077013398879496,-4.233630778627168,-4.067977739993915,-4.100429124668463,-4.077802483857394,-4.0954459541497,-4.094531064295203,-4.095596567137323,-4.095938117931154,-4.095004498376889
2009-11-30,-4.0586313870456046,-4.2205770586392655,-4.2781370197895505,-4.158663864018762,-4.237709693226442,-4.216310192109816,-4.33098236535821,-4.19293816207789,-4.234525665365154,-4.2227543665753,-4.225937315607551,-4.223562924807798,-4.226056359387152,-4.22620493781707,-4.225336358421153
2009-12-01,-4.004096009037727,-4.254319575680323,-4.3603032421911045,-4.179255076272977,-4.270651373258892,-4.244812516884999,-4.4503450650753384,-4.221971801902704,-4.273271721247326,-4.25055393260554,-4.265285981261898,-4.2614835173696965,-4.2654146486831825,-4.265051576221504,-4.264644041223485
2009-12-02,-3.979750736818535,-4.341767931608325,-4.369622141786988,-4.278938386020916,-4.367540748356272,-4.3277463722626255,-4.381928628085409,-4.3141289115619665,-4.370385678119652,-4.337035706346577,-4.3438026769244376,-4.344587506756227,-4.343737413509463,-4.343017440898212,-4.343057550694466
2009-12-03,-4.094896551184646,-4.135339303552603,-4.202099971014081,-4.052628130790778,-4.155683838972088,-4.108202420690092,-4.256435480105869,-4.099906930418621,-4.161204469196056,-4.126910921375087,-4.140880520678331,-4.1406097569929035,-4.141110307439291,-4.139010461031857,-4.139990850572038
2009-12-04,-4.5264098934597925,-3.8351271452536437,-3.8730097183364234,-3.784865990979592,-3.8667067810810547,-3.822184307634519,-3.900116611606675,-3.8125410046475254,-3.8630944257879705,-3.8231961820807885,-3.838588353459251,-3.8367532524975356,-3.838693886210614,-3.83750336958364,-3.8382036908574513
2009-12-07,-4.615865182281448,-4.252514667783582,-4.299072868500726,-4.182782039421901,-4.284337137304498,-4.238179795655176,-4.339362997147754,-4.223103831121888,-4.286783104938689,-4.249751234486014,-4.256198944872904,-4.256054220196377,-4.256131935310552,-4.255485242611588,-4.25528137743696
2009-12-08,-4.873368609697955,-4.102322743250648,-4.1849469276753855,-4.041579275525693,-4.124035377545182,-4.086180298269604,-4.247263615428881,-4.079395089130761,-4.1290340337513705,-4.09242227365398,-4.109981094001532,-4.106415212354271,-4.109912523184031,-4.1100303187307805,-4.10955364044208
2009-12-09,-5.029239585327555,-4.176324561193838,-4.218975608579782,-4.131175965860732,-4.216476837062902,-4.173706232573948,-4.265558845967654,-4.160626792202355,-4.222473796525576,-4.185760818497848,-4.18097139945392,-4.179109106662274,-4.180864505761175,-4.181746530438566,-4.180543659179706
2009-12-10,-4.944405505156082,-4.384374206295869,-4.419503077234995,-4.332405854153983,-4.426094852525226,-4.363716330985006,-4.481971846987938,-4.36745928076906,-4.441874741925707,-4.37172370936556,-4.388722230914464,-4.3872949802437,-4.388777687771526,-4.390171057239914,-4.388221826492997
2009-12-11,-4.917456068995381,-4.520870244698161,-4.567543045299016,-4.470777298937331,-4.547541937811754,-4.502528859001638,-4.628336837584887,-4.506521045563271,-4.5375567076668135,-4.505264013893373,-4.525829687169743,-4.52367070861755,-4.525996686370725,-4.527282802898925,-4.525380297409137
2009-12-14,-4.984966385730781,-4.673397082117352,-4.691260340029668,-4.614426464155624,-4.703003285908951,-4.645979945358633,-4.739398520725026,-4.659599904453155,-4.717610651236508,-4.656832583455975,-4.675598141302139,-4.675382451096849,-4.675442942127629,-4.677963325355595,-4.674857952507253
2009-12-15,-4.991650289810252,-4.835121066869688,-4.745178225606016,-4.78284343763119,-4.85523301667007,-4.829669546099944,-4.7433926838542995,-4.824145082501094,-4.83652789475447,-4.835267054574537,-4.826219074886328,-4.8349672041026235,-4.826348364479186,-4.828920270363376,-4.824943717070255
2009-12-16,-5.050179682418679,-4.787891986552451,-4.755182077577834,-4.740092874541696,-4.815416644460025,-4.768379816859848,-4.788629781569767,-4.777459424590316,-4.81521426121374,-4.777722114961692,-4.78518010904866,-4.788632416874035,-4.785375148551661,-4.7876311217106755,-4.7844660905077845
2009-12-17,-5.315161824550461,-4.643448869280527,-4.5983610871206055,-4.599612162875303,-4.68073887773235,-4.62875952972859,-4.621610638143057,-4.635043652307599,-4.683842502541345,-4.638895488488915,-4.6397021896626605,-4.643659980930222,-4.639759846175939,-4.6422493212440346,-4.638842513275358
2009-12-18,-5.604168261256484,-4.672967503748561,-4.625509744740662,-4.633008635262233,-4.690557938939414,-4.661265370327371,-4.6863888977697945,-4.667452209242513,-4.686080079563037,-4.6681645881852445,-4.672168443510007,-4.673898314707776,-4.67233441259575,-4.674651431086117,-4.671503927367118
2009-12-21,-5.6728858048048325,-5.019908340270399,-4.885869993679928,-4.981222906473282,-5.035791248351077,-5.005248605624109,-4.876134278827544,-5.017732666459956,-5.031803934658285,-5.011963240535005,-5.0086332992853375,-5.017744177393272,-5.0087651517639,-5.011201039806088,-5.0075392461566235
2009-12-22,-5.65773906437133,-4.935013672786687,-4.8795189924721365,-4.892935909167916,-4.944444541417165,-4.908834751018489,-4.902728468157468,-4.9343895939085645,-4.9460170411815465,-4.917198685746692,-4.930768219937761,-4.935218398873614,-4.930653642509891,-4.9332556233972875,-4.930012070064999
2009-12-23,-5.701273672129255,-4.929049726864189,-4.9610033087228365,-4.881034177927325,-4.939832598150025,-4.914869791994649,-5.0455208328592915,-4.9322910373782065,-4.949210303879769,-4.919889855045403,-4.935161803773412,-4.931832103331151,-4.934909954072914,-4.93771877583414,-4.934636465524681
2009-12-24,-5.649516788592058,-5.2264412956971515,-5.240075778139603,-5.1763637685163655,-5.244832296089508,-5.186118392393047,-5.294884402261481,-5.234872625807367,-5.240821079312014,-5.209542142312954,-5.228331246643754,-5.22901706251387,-5.228502487196075,-5.231121205214672,-5.227474686146703
2009-12-28,-5.483414095989923,-5.337201799207843,-5.2986611084015784,-5.293359767036245,-5.34166440160201,-5.314658103822235,-5.341908716463265,-5.348310271216656,-5.339799560143958,-5.327117349964518,-5.333704316105524,-5.3388073741967945,-5.333788043004343,-5.336591728331512,-5.332689429751801
2009-12-29,-5.35679682925383,-5.470049747299063,-5.399467425315374,-5.427212391140549,-5.486090503075217,-5.458016778847806,-5.411448347107567,-5.482298071868443,-5.471555616097396,-5.464153858314609,-5.463264758000291,-5.470678768210918,-5.463393026553051,-5.4665503086572,-5.462134744586226
2009-12-30,-5.218703638034531,-5.223538180937973,-5.234047437762403,-5.186844973700516,-5.240176696573322,-5.205059570823686,-5.306801880379498,-5.233417191877332,-5.237017808222964,-5.215620350809252,-5.225837846841968,-5.227512066262841,-5.22578312867054,-5.228352629355992,-5.225301788246293
2009-12-31,-5.113951340650597,-5.287088140031287,-5.303075510081313,-5.248248199549418,-5.31479294918691,-5.249389333974049,-5.3793404223777905,-5.295912635962614,-5.317903178988349,-5.265882757009555,-5.289823206473254,-5.289884888921636,-5.289781069616255,-5.292484131602074,-5.289202978130866
2010-01-04,-5.025507844815117,-5.332566644168137,-5.162734298427761,-5.300748585890205,-5.363021231385554,-5.30639807403995,-5.12628916684202,-5.33733466399306,-5.375618186792373,-5.320789564527932,-5.315320634144048,-5.327796515332848,-5.31552591292271,-5.318179943188072,-5.31413752724666
2010-01-05,-4.932416785645179,-5.114769099036094,-4.954586794617449,-5.073764246792859,-5.134496539878442,-5.096262948195552,-4.92360800169443,-5.120025399327022,-5.1331140559024755,-5.109817973625637,-5.098918920039271,-5.111672734964872,-5.099093024315505,-5.101648191794945,-5.0976890640534265
2010-01-06,-4.855620944377099,-5.151907880638359,-4.990384328718319,-5.11725889534811,-5.181786924652897,-5.13879099109907,-4.939113213511099,-5.154687659705522,-5.17392788979998,-5.154625563646144,-5.1363179696843915,-5.148990321808802,-5.1364388994447685,-5.13901496807563,-5.135158357108181
2010-01-07,-4.951720385630062,-4.975585450469863,-4.810546245892015,-4.924784862034339,-4.977268558468953,-4.970547207930268,-4.779747395447802,-4.978411493600122,-4.9874826254191795,-4.970478280019966,-4.9595344274852895,-4.972979546025745,-4.959701146050885,-4.96268352755529,-4.958221916119267
2010-01-08,-4.846694565827903,-4.979380832923923,-4.860321002307868,-4.932859470787408,-5.005561419343158,-4.963959805738736,-4.871940810998179,-4.981964893928215,-5.016025747385397,-4.976195457492647,-4.96847253976382,-4.977623661000711,-4.9686494989179915,-4.971967021432899,-4.967477934604854
2010-01-11,-4.877677282901061,-5.001416829383205,-4.889535148189858,-4.95760687413016,-5.040639207064195,-5.005134820672587,-4.878056189252172,-5.0025656867436545,-5.0188826300910065,-5.016635081079601,-4.990597830099601,-5.000616511000769,-4.990786433689629,-4.993111640642753,-4.989659274897049
2010-01-12,-4.794597165041278,-4.855979020446363,-4.712519215621382,-4.810062843633155,-4.891526313191718,-4.845655601935784,-4.694447379810889,-4.8565905618893686,-4.894831275701949,-4.850144537926121,-4.842381053196436,-4.854445399929345,-4.842622600318244,-4.844867920209515,-4.841369662341054
2010-01-13,-4.303754644890161,-4.880300122946061,-4.725840315778557,-4.831791356041052,-4.918495186113706,-4.877080645713914,-4.70458285610257,-4.880716065123684,-4.899103926295579,-4.886619409623887,-4.864945275511997,-4.876622286865901,-4.865078964339252,-4.867808894190683,-4.86393822177615
2010-01-14,-3.9272775747219586,-5.075266592917826,-4.902996156928989,-5.023444011536712,-5.096573441849752,-5.071553986447818,-4.84680257167427,-5.0720636992450245,-5.086789108565938,-5.083646156696234,-5.055941330397148,-5.071563603842877,-5.0562366896347415,-5.056955359039604,-5.054802206059383
2010-01-15,-3.8900606524800034,-4.7550107857906845,-4.719601564311685,-4.6979218015636475,-4.784036622531463,-4.744403401485055,-4.734693638489374,-4.744171699305331,-4.780892212899496,-4.750682618586135,-4.751766088807054,-4.756498576488976,-4.751732474918482,-4.750921129836816,-4.751154599739762
2010-01-19,-3.7676026562137,-5.001219466604733,-4.814501608406234,-4.939341941228608,-5.034404445577916,-4.980508238643104,-4.729942770244573,-4.985692090249977,-5.021640593464822,-4.99673590426222,-4.98039109259362,-4.997856483823764,-4.980927717161054,-4.9780374017742455,-4.9793381390690055
2010-01-20,-3.6697845793571022,-4.684701213441626,-4.523925701744819,-4.641031026444578,-4.693191969671888,-4.668958295565737,-4.395219746649867,-4.67248514035593,-4.688910652762142,-4.686152033649996,-4.663166893098941,-4.6826059713854615,-4.664079836120163,-4.6600543221217485,-4.662306514181757
2010-01-21,-3.643213178481001,-4.141244695504708,-4.0259358085610595,-4.084636314594823,-4.166861172224708,-4.144050424921348,-3.991368193609772,-4.118943078130137,-4.16275835438899,-4.148152928682859,-4.1286002177742525,-4.140987866905887,-4.128916207414861,-4.124883802975284,-4.128024285682681
2010-01-22,-3.670476349755538,-3.937046192239852,-3.9099217886603688,-3.8679201862194446,-3.960186536870061,-3.938634526001065,-3.921821825918394,-3.908346976946548,-3.959946884170132,-3.9486626663229294,-3.933737758529713,-3.9378185837220965,-3.9338441274077565,-3.9301881897713735,-3.933254227311762
2010-01-25,-3.653967559003922,-4.177425322200711,-4.110355731651167,-4.107385703888874,-4.1965107696598745,-4.170822023860826,-4.0863733790096575,-4.1482082408072465,-4.18338455319844,-4.181014093252771,-4.168575858699008,-4.177409329377753,-4.1687344703369025,-4.164488683664301,-4.16810415655825
2010-01-26,-3.691597231869044,-4.043049442124032,-4.023904121504967,-3.9719718371796713,-4.0562596906437065,-4.048082937865776,-4.0049189457793615,-4.013587069679743,-4.045534281586156,-4.060274809176731,-4.0392121765735025,-4.044500297049959,-4.039405578526879,-4.035202716904601,-4.038829534549419
2010-01-27,-3.78177311253602,-3.8949981221018817,-3.866463633206662,-3.835595496697193,-3.929874074089513,-3.8956011259302663,-3.84109045245909,-3.8673882711704537,-3.9189045675202756,-3.9073953916817183,-3.889321590844224,-3.89527730480327,-3.8894262319638058,-3.8855335724474767,-3.8889421164484417
2010-01-28,-3.866059817713904,-3.7204805727812835,-3.7092978533968517,-3.685861602360206,-3.7546636918765697,-3.7194268203479406,-3.715303862760656,-3.70317433039578,-3.7555239289171505,-3.7318294585740626,-3.7181929618936835,-3.720443329098106,-3.718311069490625,-3.715995505599514,-3.7178758150978215
2010-01-29,-3.6449236114023362,-3.756753769237637,-3.76356921494524,-3.728948117987605,-3.7962603372647905,-3.7599710907916353,-3.7650206878617736,-3.7460216775833626,-3.781949150923741,-3.7713098908778173,-3.756193687998451,-3.7572427333024603,-3.756492384374069,-3.7551841918569075,-3.7560353756409057
2010-02-01,-3.606650988333765,-3.93531636245276,-3.9688632915818953,-3.886768856914835,-3.97074097022132,-3.932051246407052,-4.012552191919596,-3.911947409403261,-3.9552122921343447,-3.946101124957818,-3.939099519634024,-3.9377029607978145,-3.9391228924375223,-3.9369299550800023,-3.938940419657716
2010-02-02,-3.391873182003709,-4.010578140761064,-4.030777706412089,-3.961535266642658,-4.041430999781485,-4.00154804564347,-4.0512006062414985,-3.9886733804204897,-4.0336289958272955,-4.008746444686965,-4.012401491579186,-4.012855651346894,-4.012357816076991,-4.009898280469503,-4.012238390708196
2010-02-03,-3.313620283469904,-4.040122623456786,-4.0605699537633875,-3.9905983423152125,-4.0734792485529585,-4.050508595124077,-4.09369851596694,-4.016379992622916,-4.05808071028356,-4.053780682585155,-4.042062527544041,-4.042045758852282,-4.042058164022346,-4.039371643855302,-4.041861737416235
2010-02-04,-3.3216604800409137,-3.8356609151860215,-3.8490494707841743,-3.7868123230003574,-3.8686523431335305,-3.830296886617836,-3.888000902323491,-3.811325505376388,-3.8515765830326814,-3.840644795711891,-3.837280538899836,-3.836827762713874,-3.83717691915307,-3.834711015205632,-3.837094651584249
2010-02-05,-3.520463098706716,-3.490964127425139,-3.483945285346931,-3.4660670452410405,-3.5404212639884887,-3.4815898624010586,-3.5090446212580138,-3.478065645882596,-3.540504434501894,-3.4909872982803085,-3.490765178132544,-3.491118776720725,-3.490701509369957,-3.4895223748862025,-3.490636069472276
2010-02-08,-3.620064168807015,-3.7630895197691956,-3.821397031510358,-3.707354138925479,-3.7967370540400687,-3.776430373741825,-3.8780554396338713,-3.73564852504518,-3.781501979064973,-3.7790480029099562,-3.7686669928041154,-3.7667693879652813,-3.7686295445178875,-3.7661465308745568,-3.768523836368207
2010-02-09,-3.9160186236993946,-3.4288380017816826,-3.531553943640674,-3.384229085440205,-3.4721892923650244,-3.408297054987191,-3.6067044451446053,-3.4065497674783063,-3.4715676404842606,-3.4235705280696824,-3.4391805231607164,-3.4350360340810107,-3.4390909424784666,-3.437913462049936,-3.43906271263393
2010-02-10,-4.1326056672633635,-3.5496613192324786,-3.7122463264671053,-3.4877035121763043,-3.5921922893104203,-3.5316327674100743,-3.8076211810466103,-3.5193670600828204,-3.5898438014344336,-3.5434394156586144,-3.565974405384409,-3.5613922305624204,-3.5659779609699163,-3.5647512111154893,-3.565956099566861
2010-02-11,-4.365241040461425,-3.553233711703122,-3.7458945821565353,-3.510769679551379,-3.5952033340383447,-3.5361972952190763,-3.860478358553447,-3.535696890737179,-3.583392777733802,-3.544825379968375,-3.573605965507732,-3.5681861367842647,-3.5734077740324333,-3.5736035352545694,-3.5738124858106217
2010-02-12,-4.6967072639313745,-3.644441769801363,-3.821259304614728,-3.6078953203915813,-3.6847385213322386,-3.61957764805157,-3.948650982727049,-3.6280704288508128,-3.670984881652805,-3.6362550754293483,-3.664195075488871,-3.6566996707823405,-3.6640161806320446,-3.664585039466769,-3.6644958367419496
2010-02-16,-4.5274001434358855,-4.04009658632752,-4.153814511792479,-3.9948270581424628,-4.057249612511452,-4.009459953088645,-4.244280060167799,-4.022238816402565,-4.058978387145807,-4.025114012291211,-4.052199284493837,-4.047980387922322,-4.0520346128192575,-4.052059660193898,-4.052206975973807
2010-02-17,-4.485837862133113,-4.039947706309103,-4.202980164663801,-4.007102994122715,-4.067020113704782,-4.025935880200995,-4.308274638216666,-4.028870481360715,-4.061018102403638,-4.039734703154726,-4.058032195321157,-4.051151418692161,-4.057882232888009,-4.058388948666657,-4.0582634534246305
2010-02-18,-4.359338185933072,-4.255880789037633,-4.389222160083559,-4.218586612438155,-4.28116541040544,-4.24255914722824,-4.465398162161476,-4.24480877428136,-4.274775840450146,-4.25416675474584,-4.269725671893566,-4.264279888586663,-4.269698329550571,-4.270157523076771,-4.269836524616809
2010-02-19,-4.30053041108587,-4.2747165805370635,-4.424619737708973,-4.2420020464855375,-4.291244078342992,-4.2523651426805795,-4.523099895100528,-4.263856978976585,-4.289128197571428,-4.272277201816022,-4.289975403675766,-4.283142601708966,-4.289871884777622,-4.290605160809482,-4.2901286491398185
2010-02-22,-4.33454824384337,-4.500649071516992,-4.585105805966159,-4.470277240439533,-4.540936866270327,-4.474225329216914,-4.647253027480719,-4.49206323002403,-4.5356661284127515,-4.495310700659147,-4.511072805875588,-4.507431787963084,-4.5113047874322625,-4.5114298760918174,-4.5111128457257665
2010-02-23,-4.4963712720166935,-4.192539317271465,-4.298129448019632,-4.1528243132024425,-4.216678570376046,-4.180139980450815,-4.368702161941618,-4.18062974350842,-4.2079521241675835,-4.194365195830361,-4.203845708197054,-4.199696744836718,-4.20391106255493,-4.20402572267125,-4.203918417350668
2010-02-24,-4.637571631791843,-4.234226140024152,-4.346735239064263,-4.203604063019872,-4.261178421805303,-4.221351799255431,-4.4286598103441825,-4.225451859029691,-4.250920167506857,-4.23538781916904,-4.247073708667563,-4.240526105772162,-4.247008556695898,-4.2477037201146945,-4.247226840577333
2010-02-25,-4.865594580482424,-4.1557361479680734,-4.297720512481625,-4.130918830117149,-4.194151075035031,-4.136885213343412,-4.400534205524723,-4.148276348037151,-4.188878007967161,-4.152472543670454,-4.172862237294418,-4.167038950345115,-4.172737187720785,-4.1739439684703665,-4.173110046278905
2010-02-26,-5.095881836896758,-4.1702972179866356,-4.352378314646316,-4.136109306390233,-4.219218373818037,-4.154562550391227,-4.473572369945475,-4.160369223267745,-4.227362301663831,-4.1718522871834,-4.191874996454223,-4.183264807569415,-4.192070723246146,-4.193623313687197,-4.192070448626048
2010-03-01,-5.1365611314496915,-4.497166842982568,-4.514635072345562,-4.461239140114235,-4.530033299359082,-4.494339408042161,-4.576928451974604,-4.488423805548666,-4.522182178254415,-4.500017640797455,-4.5025411676617795,-4.499566441900937,-4.502590234924332,-4.503891286875217,-4.502409470956533
2010-03-02,-5.16329591361035,-4.503573535181678,-4.57866627112847,-4.465168852394794,-4.526802443208066,-4.493765913897033,-4.63417699000112,-4.495887161665202,-4.5318779726801175,-4.508538371144388,-4.5123449900501225,-4.509399324656021,-4.512281625631527,-4.514055920298525,-4.512265195258558
2010-03-03,-5.0588202142276,-4.569125031633299,-4.682791913889442,-4.53174566211434,-4.5890826809732035,-4.574767111046666,-4.771318290530322,-4.562936962540991,-4.582343122248045,-4.580777395469481,-4.582941826802537,-4.579531618458406,-4.582738514260114,-4.5849140943480755,-4.5829557313983
2010-03-04,-5.051354354125731,-4.729500390318728,-4.7443763907219045,-4.700252255408618,-4.767838568805516,-4.731101215745026,-4.785875897041129,-4.725341821277175,-4.76088816273461,-4.737680465953677,-4.732973111136157,-4.732139856783823,-4.733184491937771,-4.734621159469944,-4.732862632908712
2010-03-05,-5.025334635967043,-4.813449133976916,-4.896822138886995,-4.77399788873511,-4.8266813653201215,-4.7983261483157325,-4.949929164420955,-4.808795861388993,-4.818369227472471,-4.813287989408526,-4.824127041612703,-4.820871423310114,-4.824190682304234,-4.826073377922399,-4.824148046131026
2010-03-08,-4.911448680143335,-4.960858899486077,-5.000350953949836,-4.921010505734271,-4.985000727459973,-4.950978005515741,-5.030143203615123,-4.956139628805672,-4.985844367946352,-4.964942829608246,-4.965353778697998,-4.96650341674601,-4.965534564548008,-4.967486140627733,-4.965251582111469
2010-03-09,-4.845974842180856,-4.861764045968755,-4.901390678261736,-4.812127172101383,-4.870225563854412,-4.855772564114716,-4.940386686934535,-4.856112809812479,-4.855085160671911,-4.864794272212105,-4.866954452367946,-4.8680354070343945,-4.8671719327764125,-4.869170498323434,-4.866858015707321
2010-03-10,-4.925086617715597,-4.68407552055638,-4.716257224346717,-4.631590063394631,-4.707013886806765,-4.678176448640387,-4.787409896836512,-4.676809799541935,-4.70148950390931,-4.69271469530494,-4.690449951817222,-4.691284314222132,-4.690616103895612,-4.693220315158018,-4.69046825996876
2010-03-11,-4.961487514964633,-4.859046195847158,-4.865505497211556,-4.808714227700364,-4.878077405865109,-4.854923471997904,-4.896161840921384,-4.853240168697031,-4.8728218628898095,-4.863965454357197,-4.861214442578077,-4.864338773795927,-4.861725088693329,-4.864396559320194,-4.861225758349916
2010-03-12,-4.911680637039866,-4.833804093850467,-4.871800683129484,-4.781759794432637,-4.8457747175920565,-4.819755608597705,-4.927029325392951,-4.827475451163262,-4.848697940751499,-4.832244838040333,-4.839479033350889,-4.839759532894007,-4.839907587208548,-4.842655353874609,-4.839575089349435
2010-03-15,-4.955293976725887,-4.753562094125822,-4.806523114968511,-4.697437546407586,-4.763668779827579,-4.749278067031194,-4.857974816112956,-4.747300479958427,-4.764959721417116,-4.755332849934321,-4.75974235240127,-4.761677533056472,-4.759937018095724,-4.763127902759898,-4.759895783873015
2010-03-16,-5.017141407036751,-4.726426865584702,-4.820282995338421,-4.674540518019181,-4.7472188775099635,-4.721524395660504,-4.895833130189347,-4.721398793296084,-4.761267870262485,-4.728565359444664,-4.737290010503409,-4.737370217502187,-4.737208002975319,-4.740893042887485,-4.737533050809121
2010-03-17,-4.918173763549056,-4.835620061081096,-4.871563264563232,-4.779290715631546,-4.856992933155778,-4.825926456007914,-4.953667551327803,-4.8310499668742795,-4.859191371235017,-4.837455308488482,-4.842065833550412,-4.843742971740328,-4.842321246347288,-4.846577049169992,-4.84229390357952
2010-03-18,-4.759877248627245,-4.986588200388003,-4.963363683591519,-4.939818400852561,-5.013112015526954,-4.986832306731921,-5.004376715632161,-4.982983148623962,-5.008073716724484,-4.992628757536092,-4.986105451879681,-4.989857258931506,-4.986309308777625,-4.990196311213855,-4.986294906014661
2010-03-19,-4.708273250673555,-4.773445306384952,-4.774885735484598,-4.731647595178358,-4.831763508345607,-4.773636125078252,-4.83966838796892,-4.7693919099721125,-4.8218714697755205,-4.773850862479051,-4.777108188562398,-4.776931637244628,-4.77702552619272,-4.780644942399523,-4.777201576947751
2010-03-22,-4.768316940398236,-4.885671220491271,-4.81335322918036,-4.842697411454493,-4.921953366941425,-4.895861981137238,-4.85693500616772,-4.880957499215541,-4.911206465636007,-4.892003001513948,-4.881928794933019,-4.885505923202722,-4.882062074939658,-4.885227710429911,-4.88190742853886
2010-03-23,-4.741215067587678,-4.920219657297082,-4.933000332377241,-4.875525831525518,-4.960654615473806,-4.926436981854037,-5.018433159965749,-4.9147054963685,-4.946336655897606,-4.925165793588649,-4.925898420601612,-4.925099393770072,-4.925877555762364,-4.929340050079938,-4.926012321703354
2010-03-24,-4.7774847904687086,-4.716950639349063,-4.79852026602458,-4.661318507047821,-4.732549389058085,-4.706702201225247,-4.889016614820263,-4.709343807703379,-4.7295704900758615,-4.715328194060612,-4.728962833794566,-4.729218418518213,-4.729094483839598,-4.732299168146331,-4.729179196649853
2010-03-25,-4.881285700861964,-4.645026345610595,-4.658288392269102,-4.599080645577058,-4.6523941121093,-4.650965260676079,-4.692987273129273,-4.639390835820624,-4.643906479345754,-4.6537374260300925,-4.648291989953135,-4.649682264040322,-4.648397156773643,-4.651091283405738,-4.648375482458932
2010-03-26,-5.094341537321328,-4.627932219750783,-4.659316619983883,-4.576586725037979,-4.6495031846839145,-4.6322549258691685,-4.720093217260053,-4.62209748904872,-4.62992412414506,-4.632677990715652,-4.634390350534455,-4.634006505649676,-4.634436851249703,-4.6380894524418315,-4.634498081315959
2010-03-29,-5.120136126924463,-4.999085466947561,-4.992034573860345,-4.946305271597934,-5.000073386369479,-4.998230321535405,-5.057659456043152,-4.994928355357823,-4.995467848993707,-5.0015316468742075,-5.001592230145351,-5.004669515735285,-5.001856792606426,-5.006370907423935,-5.001675104393658
2010-03-30,-5.055252947145027,-4.7830161959541995,-4.8437194605427205,-4.7371869137055205,-4.81361519734775,-4.78268101301019,-4.954145571453325,-4.779405587666478,-4.811575435981903,-4.788419967259188,-4.794134187786859,-4.792940742113496,-4.794118509347617,-4.798442544135909,-4.79432387445518
2010-03-31,-5.1999672193812385,-4.738413203125247,-4.7848908200417455,-4.688452421990733,-4.753963345237481,-4.736185466120584,-4.8987470384123295,-4.73583852831203,-4.74717183140692,-4.740361512475549,-4.7482819671512715,-4.746455509323626,-4.748442702141572,-4.7531285007064525,-4.748482762095226
2010-04-01,-5.227623953705519,-4.870180106701523,-4.942480790553908,-4.8282815328751685,-4.893494015966552,-4.869583033168728,-5.035152676000563,-4.870198068314073,-4.894241498010608,-4.872236639858442,-4.881552331210201,-4.880798605751199,-4.8816680294506165,-4.886155781998432,-4.881628926711025
2010-04-05,-5.208737640226428,-5.160157795273067,-5.1116603716098625,-5.1236509602701465,-5.166317208744493,-5.1584570248357045,-5.1529581030038125,-5.161123497138858,-5.169656983677676,-5.16078772519742,-5.157871965850357,-5.1623005276762015,-5.157768830591427,-5.1626438461059365,-5.157820448988547
2010-04-06,-5.116313852939095,-5.23068154310013,-5.155763418226923,-5.183711721727641,-5.237973372355406,-5.228667992919251,-5.148386228755045,-5.232600695396468,-5.2461864052604685,-5.233445501427338,-5.22320974011135,-5.232392878399313,-5.223316861810926,-5.229143927147074,-5.223023964116717
2010-04-07,-5.311729292077589,-4.835808339384515,-4.8807484615427335,-4.787265114537316,-4.835242709695465,-4.836279484067587,-4.958891245392444,-4.8374514020033095,-4.812347616184594,-4.843188126296965,-4.843917089561634,-4.846257810330684,-4.844065460952412,-4.850070239378242,-4.844058366158197
2010-04-08,-5.33791907261508,-5.122542158479402,-5.031040032670946,-5.088088794454554,-5.118516776163976,-5.139857659719289,-5.039518141633304,-5.125163825480074,-5.098826772618689,-5.1414275348151275,-5.1160715361417735,-5.122957094669111,-5.116316746029806,-5.120956069958609,-5.115996629196354
2010-04-09,-4.571577706979849,-5.0526863880080715,-5.060618644251347,-5.014600158990176,-5.063421672983905,-5.042113188234871,-5.127723637438655,-5.056626344961863,-5.0616040029941045,-5.05188788513676,-5.057096955984585,-5.059253392106594,-5.057206975360948,-5.062404645312586,-5.057037329835192
2010-04-12,-4.406563475194376,-5.1704229201702905,-5.181680030907453,-5.131334979790172,-5.1844310551379085,-5.173612377370706,-5.246439089836721,-5.1720292412277145,-5.1697548765513766,-5.1747507658352685,-5.1757039872895865,-5.1765906904031045,-5.175847035146178,-5.179424937732192,-5.175656258783197
2010-04-13,-4.413943977081477,-5.031599097221799,-5.031417337924994,-4.987885588590962,-5.036953407928596,-5.023951122496195,-5.091885708189317,-5.030084151841994,-5.040437973998781,-5.031100111747674,-5.0352341552203965,-5.0364257785656585,-5.035458794651601,-5.037153982949855,-5.03526363193196
2010-04-14,-4.325216594729881,-5.212386016119597,-5.130467220911482,-5.1702190709503535,-5.219135673149244,-5.220993011058392,-5.114347013842778,-5.207364919667053,-5.216810154916218,-5.22581673640961,-5.203743761469799,-5.212756198694292,-5.2038694625907755,-5.2045884156320765,-5.2034568438461015
2010-04-15,-4.225142134228627,-5.2417736137727085,-5.1510880304911675,-5.192168251575952,-5.254606412448239,-5.241067817452241,-5.123669484494532,-5.232013545043869,-5.243727106149565,-5.252093045258485,-5.232953862961409,-5.241287292282404,-5.233146640854956,-5.23212255060921,-5.232674829548326
2010-04-16,-4.597993761198528,-4.2226863140981346,-4.203437814075775,-4.151991508122973,-4.214012996930455,-4.210986732337547,-4.167115974335897,-4.203910614206777,-4.182763563912732,-4.221627466026452,-4.218138153780697,-4.228272724564062,-4.218948776920754,-4.215655969641381,-4.21774422860248
2010-04-19,-4.703608130264592,-4.438031284153783,-4.4619461649564265,-4.373362573882271,-4.424653978436975,-4.445833734878552,-4.47618344922771,-4.420828522217492,-4.4074839442612275,-4.446285988909297,-4.441842635180211,-4.4459566231242835,-4.442002671385293,-4.441006638128873,-4.441654652915364
2010-04-20,-4.150587830976324,-4.733864314380818,-4.700964149451319,-4.674696585664412,-4.743462436682774,-4.739678578236041,-4.695338862402001,-4.719311503470539,-4.71741212681385,-4.7422883634137944,-4.730548404657165,-4.739302069303464,-4.730787814800279,-4.730542802960402,-4.73027132193553
2010-04-21,-3.9636068715493704,-4.498517323570189,-4.485771399044271,-4.435544711389856,-4.503619664511456,-4.512033257324491,-4.475687906236026,-4.480518184463153,-4.488713601684676,-4.508520578647974,-4.498225122602062,-4.5016117169625876,-4.49867737271578,-4.496906260400877,-4.4980251335756485
2010-04-22,-3.995406533877461,-4.416083380829199,-4.352213824052295,-4.369685519105272,-4.417477591185828,-4.439842749876433,-4.327211990301735,-4.401589158486435,-4.409474742034042,-4.429908546291275,-4.4109498442951764,-4.416406095817926,-4.411026725009717,-4.409048350209093,-4.410692671454261
2010-04-23,-3.8663220543147454,-4.567436169409696,-4.512527453732334,-4.521133056677239,-4.58981798965414,-4.573179935513517,-4.504723429507281,-4.552677744847264,-4.567624514524212,-4.571309402885213,-4.5625669590021865,-4.568602396302389,-4.562697948466704,-4.560635607544188,-4.5624049686440475
2010-04-26,-3.8480782020365822,-4.696061798606715,-4.679729243695305,-4.640430266119789,-4.713945475065993,-4.699131902135802,-4.674969357352072,-4.677390129471764,-4.692884164882615,-4.698621532072605,-4.694727771927227,-4.698255687628669,-4.694833640063109,-4.691913711340236,-4.694538772449237
2010-04-27,-3.8998879036544434,-3.960345833925514,-4.0254393538433755,-3.9072161538568193,-3.9857785242574875,-3.954487054827844,-4.058594926782655,-3.9407316570449673,-3.973016201567164,-3.959998901652154,-3.9678267116916373,-3.9679637760253783,-3.9678142733413613,-3.9656281372988813,-3.967783540386029
2010-04-28,-3.8696116054142675,-3.990499352451611,-4.030648074594823,-3.942857766850352,-4.027788633363829,-3.9812361794350166,-4.0823473311847955,-3.970895647134825,-4.032957167632968,-3.989087389603969,-3.996233806845113,-3.995518653574745,-3.9963670481761406,-3.9940089559902945,-3.9960768606922685
2010-04-29,-1.5897899351728109,-4.365455118734155,-4.276774306959083,-4.332802366680779,-4.417897256020436,-4.366245826583067,-4.28134243447276,-4.350187248440014,-4.395105912981356,-4.363288201611734,-4.359514380509075,-4.364841384745345,-4.3598131258708905,-4.356944281185346,-4.359399478121987
2010-04-30,-1.46034812445568,-3.9558509340879415,-3.9739164053540486,-3.9148836288764457,-3.9915256290119583,-3.959499412706618,-3.984822034250423,-3.9355632355285466,-3.9928907111816136,-3.9568604559677807,-3.957882783629346,-3.958172784873174,-3.9579991721198793,-3.956854193697185,-3.9577588467988893
2010-05-03,-1.4215671735689785,-4.1903511359682,-4.2062747640669595,-4.145489834011903,-4.220831519137182,-4.197951096207866,-4.197929416782722,-4.166202984155221,-4.219353679356285,-4.194026606704568,-4.191713664397713,-4.19174434893605,-4.19177504788811,-4.190819430640849,-4.191694668785819
2010-05-04,-1.4216423927190147,-3.8362230399234356,-3.896818136379188,-3.7964369854247124,-3.8609031787005947,-3.8318312210502508,-3.90653742105682,-3.8113572302929706,-3.8685158292868387,-3.840057086365064,-3.8418522503209376,-3.8406166010409377,-3.841812281537451,-3.8412399806121633,-3.841784624055435
2010-05-05,-1.4297596245300666,-3.839496387570957,-3.6971060519092793,-3.783422658873746,-3.866941936582915,-3.851348028629395,-3.5993887714165296,-3.8072180784768985,-3.866559047924666,-3.846153455495328,-3.821472477857746,-3.835481969516534,-3.8218186397407994,-3.820244392690689,-3.8210158866132122
2010-05-06,-2.838392637284334,-1.496238445740644,-1.5866674537602858,-1.5383500300915676,-1.5551079114705633,-1.4746532037850615,-1.7043503377817355,-1.5167311907194942,-1.5508308409586167,-1.4918429461370057,-1.5140511623270665,-1.498186655405064,-1.5137590353049808,-1.514755233097191,-1.5144479974806655
2010-05-07,-3.362777870959758,-1.956037838969632,-2.0204266919600284,-1.9684197072799015,-1.9914801376230133,-1.9652965748067912,-2.0773378405761735,-1.963645648659451,-1.9954314185140338,-1.9562994988905884,-1.9658979257996527,-1.9569569610617035,-1.9656722743353106,-1.9662763135827663,-1.9660731850021655
2010-05-10,-3.388459109284457,-2.2686544067648664,-2.596005932013046,-2.2490333764724157,-2.2989572666966955,-2.265039778573741,-2.6944935554674494,-2.254856380703169,-2.2949572480676155,-2.268966473003501,-2.3043791733662045,-2.2876734917650126,-2.3041025641542423,-2.3050018693076386,-2.3049790205312757
2010-05-11,-3.2672875428098607,-2.4472449457871903,-2.8506267668684315,-2.4083866223739117,-2.466801107748772,-2.449526364213086,-2.945631507822133,-2.4208147885255062,-2.469048046963826,-2.449044913155772,-2.4895322567905733,-2.4761408462942205,-2.488963179558246,-2.4901385041292734,-2.4902143424715923
2010-05-12,-3.0518644657918346,-2.6391507385351325,-3.0449196116173045,-2.6005253987956705,-2.6661088733501868,-2.6408112445877494,-3.1580620863590503,-2.6151470147971505,-2.6586966035873654,-2.641428258250074,-2.68204580889201,-2.66633695251484,-2.6815617477970517,-2.6828513873965294,-2.6827727100438836
2010-05-13,-2.769622184828795,-3.2425861785425925,-3.544720969254447,-3.2321286052125755,-3.263156487719419,-3.24987784187025,-3.637219331925693,-3.2339519502127665,-3.262583083493741,-3.2452298938944044,-3.276782065884418,-3.25891819059085,-3.276850234870302,-3.2776673498431155,-3.277513609710868
2010-05-14,-2.5950759098909946,-3.1874096403233882,-3.4188401110518765,-3.193479672663611,-3.2152564665327623,-3.179291659935087,-3.5253634863566035,-3.189959706705031,-3.2182780111673996,-3.1874895446943423,-3.2154160001984606,-3.199878313204012,-3.2150001370808607,-3.216021178658461,-3.2158986672677057
2010-05-17,-2.6427234279134137,-3.1459811326304057,-3.298794719130635,-3.14786848678943,-3.1656469602455948,-3.1521617411209366,-3.366837088547177,-3.1468231367888766,-3.1635099185413145,-3.1464312113061363,-3.1643005504986124,-3.154542265432784,-3.163986235729573,-3.1645498968279173,-3.164638428796814
2010-05-18,-2.599809794665247,-3.069906728640723,-3.2853044845587847,-3.067447153234881,-3.0879017276327523,-3.0772337167889985,-3.373969775325497,-3.066630280133482,-3.0799147448821924,-3.070487654132958,-3.094710807880937,-3.083357219399945,-3.0944654539218885,-3.0949892537931327,-3.0951648132328655
2010-05-19,-2.6350908201313543,-2.9187385445213394,-3.027992808058133,-2.9278126703385916,-2.947189533220619,-2.924028371222581,-3.071828605871336,-2.9263502894268925,-2.946297648315757,-2.918852468697207,-2.9313713865852526,-2.923673338839732,-2.931269598406097,-2.931467510828591,-2.931661445842878
2010-05-20,-2.860139327530896,-2.666483054192791,-2.8048459033083453,-2.6799701385771697,-2.697631529122837,-2.669952928591388,-2.8670776554059856,-2.6752655698863492,-2.6911065946114365,-2.666367171326997,-2.683455307111164,-2.6722348539531717,-2.6831400362247306,-2.683667463751109,-2.683836250617727
2010-05-21,-3.109544793630055,-2.558063655602975,-2.699331455468243,-2.5618173667383797,-2.5809551809013622,-2.5603613296924403,-2.74357018842537,-2.561228857586941,-2.575697426848431,-2.5582151486215428,-2.5734115565150795,-2.564849594436544,-2.5730474090067066,-2.573548957691395,-2.573672529674247
2010-05-24,-3.0571640145335612,-2.928736922959704,-3.2072257174884173,-2.919049169842519,-2.953566082937041,-2.9210337958044557,-3.3017413941706737,-2.9209083238166755,-2.947201261394796,-2.9294848518309813,-2.959705752653471,-2.946364741627426,-2.9592946865572847,-2.959904480496496,-2.96019812812106
2010-05-25,-3.291119235709176,-2.6785469129882706,-2.8764603668615147,-2.6865971641450317,-2.705788963078251,-2.6758925360350374,-2.969032337307522,-2.6805110404567807,-2.699607999946711,-2.67819562820398,-2.702883930205322,-2.688187742010996,-2.702565872009602,-2.7031314345322466,-2.7033939493011165
2010-05-26,-3.462272843082098,-2.7845437428814286,-3.0626740708909677,-2.7828183607043164,-2.807154988337774,-2.783076633988837,-3.1524279595019316,-2.783408951223728,-2.806095431860513,-2.7840896171350407,-2.8155559199452376,-2.8022976718826476,-2.815335611599479,-2.81591147271084,-2.8159974757996347
2010-05-27,-3.3947478531728894,-3.125470149611596,-3.4160752189390067,-3.116324823345256,-3.144061518505794,-3.116006990926466,-3.497807607439299,-3.121609404770517,-3.135861151660507,-3.1253232478340442,-3.156857822590628,-3.1442531674288112,-3.156615837265861,-3.1572751848661302,-3.1574435523144473
2010-05-28,-3.437950530779082,-3.053545758306812,-3.2442669965465947,-3.067784432645754,-3.0848550394272523,-3.054719494333711,-3.329730343339372,-3.0620196871874312,-3.083269062510037,-3.0534817816792232,-3.076196340324442,-3.062589453089445,-3.076107440928743,-3.0767012050028515,-3.076737094006164
2010-06-01,-3.3193917676564735,-2.995964666535593,-3.27596509588466,-3.002339932977708,-3.028238878259449,-2.993639042615135,-3.375738236110826,-3.000795351605683,-3.0242544821450075,-2.995935628972094,-3.0290057204658445,-3.012259224157293,-3.0288012998400244,-3.029662140708187,-3.029642717984955
2010-06-02,-3.2255478496693373,-3.339201077924996,-3.607536779154068,-3.3419247861822945,-3.369500263885984,-3.3324902897995803,-3.6729039459792467,-3.346301458111937,-3.3674556653711454,-3.339874491088396,-3.3688699928463124,-3.3564172181011234,-3.368730912546198,-3.369550263093405,-3.369448738754497
2010-06-03,-3.2122221281256285,-3.38664201696415,-3.5809460310538,-3.392008163707317,-3.4272009686203826,-3.392022573467164,-3.6511751133834562,-3.393625195784836,-3.420421360772053,-3.3875871559869677,-3.409679657432338,-3.398364397608484,-3.4095527492892517,-3.4100949278286574,-3.4101843546690476
2010-06-04,-3.2527726086140167,-3.2226631770022625,-3.454295272886399,-3.2436005372556074,-3.2682368639734243,-3.2046897015230944,-3.5499248570594863,-3.235521382387411,-3.2676271833663915,-3.2225711321835413,-3.2496071106635327,-3.2318006088628635,-3.249351681304131,-3.250077690895271,-3.250114571268478
2010-06-07,-3.3299726964772063,-3.2439310801680463,-3.420788632352514,-3.2420776201923287,-3.28424271405369,-3.2533186493284614,-3.4909407786810513,-3.242888725060418,-3.278522669130648,-3.2444753299223508,-3.265845107917969,-3.254437287577276,-3.265671380993846,-3.265938116891459,-3.2662162273792634
2010-06-08,-3.6934229941967396,-3.093276331989385,-3.2204736081588607,-3.087961924773217,-3.1329148618292897,-3.1028302172251503,-3.2702742314593567,-3.0902667498567973,-3.1315009042350894,-3.0938831920713272,-3.108019955608841,-3.0982220506342792,-3.1078321161379114,-3.108017898553527,-3.108234407039249
2010-06-09,-3.922120400144467,-3.247015280906138,-3.430634243026481,-3.223919797093491,-3.290250316410903,-3.258979742348067,-3.4698440959632975,-3.23550433682276,-3.29065607942704,-3.248895604868366,-3.2672589565010384,-3.257507561753942,-3.2671264679491934,-3.267331590332751,-3.267620256183984
2010-06-10,-3.975288910003495,-3.38395612465894,-3.55214187191373,-3.3716474407948804,-3.414303649333793,-3.3872283003807286,-3.60953910685912,-3.375354814235995,-3.4077525838926825,-3.385719242210493,-3.40342572098443,-3.394185196863333,-3.4034742341944577,-3.4037201874646508,-3.403732663128316
2010-06-11,-4.211901344949063,-3.3865321363593397,-3.6271619738570586,-3.3660528650823376,-3.4135836035221905,-3.3929885786222527,-3.6995731624754202,-3.3757403375207984,-3.407813454334729,-3.388103911854571,-3.4146248452856396,-3.403883394894458,-3.4143699067095117,-3.415163534670256,-3.415061931978676
2010-06-14,-4.2636767145870795,-3.512064407552737,-3.706960764988674,-3.4824546660651734,-3.5366071484836357,-3.5152812393726625,-3.7480445433495717,-3.496982341785792,-3.5282696464884116,-3.514775108427331,-3.5331004024024977,-3.5267667297144207,-3.533224299750939,-3.5336211212650173,-3.533444659803567
2010-06-15,-4.109899235293791,-3.829237624085611,-4.0411044168661014,-3.8012578275529054,-3.846289599836182,-3.840219875191683,-4.107768468663779,-3.8121004804578873,-3.841381206976063,-3.8333126855117676,-3.8545195287636487,-3.8461162906673403,-3.854289715885199,-3.855286030488714,-3.8548481598066267
2010-06-16,-3.910786842037873,-3.8858478240519774,-4.020382649267398,-3.8629496523390965,-3.910917028726003,-3.8958702150316276,-4.045820147307812,-3.8747627545829957,-3.910293423316136,-3.8912565552170286,-3.899995292859458,-3.8946041286875257,-3.9001091279408544,-3.900705594769567,-3.900297493151912
2010-06-17,-3.799816413688512,-3.7868551257750274,-4.030797822435495,-3.764023560348165,-3.804131563081187,-3.7934807558994232,-4.104758027876939,-3.775433032195276,-3.802797653502175,-3.7897284251056282,-3.815081148280779,-3.8051868790985974,-3.814891353209717,-3.8160908393599757,-3.8154671913430698
2010-06-18,-3.5870836956971237,-4.229771099294454,-4.345923901826846,-4.208076096785052,-4.244109824540781,-4.237602042498751,-4.391056648944374,-4.215864490484921,-4.2437325065725915,-4.234064671862596,-4.244373479022425,-4.23836660980823,-4.244086448850163,-4.24494538293486,-4.244632832630473
2010-06-21,-3.5817021480688838,-3.9934007455325076,-4.164594299337068,-3.980334081167369,-4.016912410780153,-3.996906584181751,-4.222703655252899,-3.9882439801907976,-4.015525716572442,-3.995971275202567,-4.01433326966382,-4.004064758949715,-4.014214141871158,-4.014716749860451,-4.014617844217748
2010-06-22,-3.385090894368804,-3.828746935713297,-3.965498251515267,-3.8173266705978888,-3.8544026896172525,-3.8404062870502145,-4.023526784063977,-3.8228068681232967,-3.854551409729754,-3.831008170473556,-3.8453989656612078,-3.8367544229148263,-3.845202961936291,-3.84546649718085,-3.845698770138103
2010-06-23,-3.3781712070827923,-3.67121202532473,-3.7672245823161816,-3.652207979405926,-3.6945803077250687,-3.6764575123011434,-3.8142827448696743,-3.659696319045776,-3.689825848863387,-3.6703970245925857,-3.6840564767093418,-3.6783745764691638,-3.683778674133014,-3.6838613409716165,-3.684185671521934
2010-06-24,-3.2325488979295462,-3.6227904668997444,-3.711617869175637,-3.6026747637048246,-3.6458916374451653,-3.6230192725405392,-3.755230203827438,-3.6099238114293897,-3.6462558763521624,-3.622134387806981,-3.634555855396084,-3.6293376203833185,-3.634622916575169,-3.634218926502513,-3.63460067121225
2010-06-25,-3.2300813198829728,-3.5329186285636505,-3.6540361345988637,-3.5160161241677255,-3.5581239203382156,-3.5326303902428884,-3.6903768968216446,-3.5229769013949657,-3.550801863551639,-3.5327685240357805,-3.5473578202552276,-3.5415091439924398,-3.547273872942135,-3.5469648478821934,-3.5474730729692627
2010-06-28,-3.107545385004975,-3.7595144213669824,-3.8966678293989836,-3.73350743112287,-3.7799965299045963,-3.763693982282552,-3.9362765156929274,-3.7451927066451565,-3.77103934087134,-3.7594049825631806,-3.775489796243859,-3.7695124685567247,-3.775308034951892,-3.774922370025627,-3.775555279158518
2010-06-29,-3.2551892063036156,-3.2993240433139053,-3.4634526717965217,-3.2808100557322737,-3.325245334784139,-3.3030303240213694,-3.531692701075471,-3.2883715293172497,-3.3263223510250906,-3.3002575333220325,-3.3202276792812606,-3.309167295546447,-3.3199087598926007,-3.3193065331677225,-3.3203415925812747
2010-06-30,-3.321256566585723,-3.457926103524828,-3.6302030677910686,-3.430969451181388,-3.485352063820648,-3.4643742888958013,-3.682119909086259,-3.4450727170907247,-3.4770330157355005,-3.4585047184291793,-3.478798879154388,-3.4698078934056893,-3.4783911110469505,-3.477737689201727,-3.478993215733676
2010-07-01,-3.6236356780704235,-3.207513890029971,-3.2228051507841458,-3.1801564264020508,-3.2346625609153796,-3.226196483401505,-3.2330406037120363,-3.1921230549661788,-3.2286799033311895,-3.2119663803521665,-3.2098424246407133,-3.208240011276567,-3.2098463315623946,-3.208902925942233,-3.2097835035117916
2010-07-02,-3.7524775878942465,-3.380602307802565,-3.4978698357410574,-3.3468616204423602,-3.4041407100023124,-3.386649482635182,-3.5290715039302856,-3.3598513236202083,-3.4012013660876175,-3.3819267846669145,-3.394027774455803,-3.389200237502517,-3.393852136000679,-3.3932179141900027,-3.394088929808389
2010-07-06,-4.036304011676772,-3.2521799318086666,-3.413981905546204,-3.221976991672111,-3.2712832921837234,-3.253139190603197,-3.471834444302629,-3.2326503163836486,-3.2722211145122606,-3.251206339781793,-3.2722905518885366,-3.2650377574868408,-3.272101184924612,-3.2715791631358977,-3.2724000738112777
2010-07-07,-4.108009046090864,-3.5146702304428494,-3.6246037240097517,-3.4789876936553092,-3.5282848301887664,-3.522585159281018,-3.663869673032968,-3.4935340810102904,-3.5307912258016674,-3.5155861274955527,-3.5281764318930047,-3.5232022100239835,-3.5287829996306694,-3.528033552012763,-3.5282405675258057
2010-07-08,-4.046750801923196,-3.583943635735076,-3.6877400666024145,-3.553846384162376,-3.5862104026564854,-3.602017021446185,-3.7308047764779597,-3.5678991277375998,-3.58455404016128,-3.5871217455611313,-3.597160678660363,-3.5909744538781867,-3.5971337415582316,-3.597285893987685,-3.597359889889468
2010-07-09,-3.867387900080297,-3.903357946120433,-4.050932612758299,-3.858342718792587,-3.920129300434002,-3.9092445362122685,-4.064938240472091,-3.8803331831002708,-3.9145134275251543,-3.9043376169239457,-3.919107887125683,-3.914658381142683,-3.919061250212924,-3.919366741744818,-3.9192692952561745
2010-07-12,-3.8254689548608027,-3.824461746252178,-3.9739781818356676,-3.785287884611448,-3.83496395052919,-3.8320547409918526,-4.002476191718722,-3.8049673230200116,-3.829741384360346,-3.8244172410248876,-3.8404493467317375,-3.8343885350227334,-3.840288203845524,-3.840623292448635,-3.8406136254028675
2010-07-13,-3.7130671794947507,-4.023880725638679,-4.130900878617593,-3.9987204402011187,-4.046233141601902,-4.032436157437819,-4.170858061939109,-4.011064146891952,-4.043477918825219,-4.026585985902006,-4.0374922699237,-4.029713318772042,-4.037395276414327,-4.037597735534768,-4.0376290438701385
2010-07-14,-3.566688266805675,-3.988432733451944,-4.138029650560651,-3.950122564101204,-4.017394012404189,-3.9954982373909584,-4.160611535082011,-3.969063961495109,-4.009780129790951,-3.9892483516076145,-4.0050967695217565,-3.9999682779792805,-4.004992314316431,-4.0049191303762255,-4.005221273692299
2010-07-15,-3.606297082506741,-3.827236416225353,-3.933738997134454,-3.7854101458075644,-3.8461730347173417,-3.8249523260038023,-3.950972277561371,-3.8044653501821752,-3.838840712935268,-3.8261207709427327,-3.837773762731524,-3.835626177829757,-3.837713944821137,-3.8375100153228896,-3.837877972563779
2010-07-16,-3.5893210933671846,-3.713207151250727,-3.8938320498888026,-3.67790977666385,-3.7291267955943743,-3.7005793006858556,-3.9483505965481296,-3.694440731984702,-3.7233940706753357,-3.71197304845389,-3.7354466896875818,-3.727512740376411,-3.735235555700438,-3.734894673952454,-3.735560446638902
2010-07-19,-3.6686184267352515,-3.776108911925957,-3.9442292643968293,-3.7267427810751212,-3.788093910569459,-3.7928047604443855,-3.957317852903304,-3.7527910124218855,-3.779001037091139,-3.779803626021258,-3.794133159349915,-3.790185783312135,-3.794015724835124,-3.7934105703479846,-3.794303666513665
2010-07-20,-3.768098744315585,-3.671122141254882,-3.7664844602919105,-3.6365098235610183,-3.689517460939519,-3.6840702414637176,-3.793360428238918,-3.6524780519053492,-3.6832845719417406,-3.674372436736201,-3.682892140019547,-3.6782283723040603,-3.6829409151473596,-3.6822515107639906,-3.68295364325793
2010-07-21,-3.964730826550872,-3.505858369245108,-3.6379355553575112,-3.4658098199339715,-3.529195428664007,-3.5172193627496617,-3.6729945783164335,-3.4856517094348436,-3.5143290910722635,-3.5086359970371905,-3.5226393035127725,-3.518967200323508,-3.522578972496551,-3.5217793163097624,-3.5227236438158283
2010-07-22,-3.876161120234799,-3.7096267068791016,-3.8028236369141926,-3.683820130960826,-3.7216837258814177,-3.714286797002426,-3.843563897813566,-3.697514270214506,-3.702595792104613,-3.710780499533169,-3.722083383187848,-3.7204186436648343,-3.7225161948140926,-3.7219046486538545,-3.722178238728115
2010-07-23,-3.9057318681013133,-3.5608371526656324,-3.7183082681021107,-3.531682446419117,-3.5824269529954305,-3.564285752474339,-3.7605806418433705,-3.5491220752973787,-3.5632508950865343,-3.563954876391421,-3.5796987471723725,-3.5732770213490657,-3.5796606939194686,-3.579343306960694,-3.579815586819339
2010-07-26,-3.9237273181585794,-3.912530466957983,-4.044798016120862,-3.8723615600061927,-3.9276500674722827,-3.9211753635291458,-4.087978927279184,-3.892496092427857,-3.922912703725092,-3.916035033950673,-3.92982848320513,-3.9243028518583714,-3.929741759084483,-3.9297206695081304,-3.9299255654497665
2010-07-27,-3.96350308823093,-3.8869332541769004,-3.934245810468622,-3.856258859270785,-3.912191607259399,-3.8857286513110916,-3.926579429448688,-3.873601016890835,-3.906983274501063,-3.888259018115305,-3.891104456253826,-3.8911315678890563,-3.8913671099566804,-3.891015531463856,-3.891146548865028
2010-07-28,-4.003419066198852,-3.9507100219845532,-4.072555166221149,-3.917252286038749,-3.987744659445731,-3.9402767968791443,-4.120344895086899,-3.9331572722875534,-3.9752296327245373,-3.949117779836595,-3.9656821916696474,-3.9616550402745916,-3.9656715319593063,-3.9653361139624494,-3.9657387475167214
2010-07-29,-4.273966913297444,-3.7103331486272384,-3.8290966342423878,-3.690121711811507,-3.7505065299541864,-3.705783920958636,-3.884871897351215,-3.6996480903285787,-3.7339817367779884,-3.709257579353324,-3.72584293018257,-3.720790195138592,-3.725951209501415,-3.7254573752418367,-3.7258302397437886
2010-07-30,-4.407794431402818,-3.741875367052543,-3.885509912406469,-3.7263403839348235,-3.7699791161114553,-3.7379230190213693,-3.960785524638902,-3.732950862259235,-3.7610018918381556,-3.739553461414657,-3.761055104143878,-3.7530441516319435,-3.7608607471217312,-3.761393505953009,-3.761039783613943
2010-08-02,-4.482015035478079,-4.0882185449094495,-4.182041797015602,-4.0723501961106585,-4.112302835650783,-4.088140269580248,-4.260757226156364,-4.078292096463799,-4.100752652229816,-4.086627907483718,-4.103361981131026,-4.094666476471196,-4.103174982722301,-4.104355582143085,-4.103393960508871
2010-08-03,-4.239221425037672,-4.0978135731546095,-4.187684944769612,-4.0706823240454355,-4.115061068013432,-4.090658264602722,-4.238531217190142,-4.084001449052222,-4.106543426266171,-4.0970379860777,-4.110851692428746,-4.106167928629677,-4.110917153247596,-4.1118937194556455,-4.110962848189191
2010-08-04,-4.2346407936866655,-4.093056145180019,-4.225785678873497,-4.071843186696957,-4.11603584680419,-4.092577377977087,-4.292079540127863,-4.083321136703356,-4.107338137629741,-4.0952006413410755,-4.111266367287392,-4.106484287556048,-4.111127565245099,-4.112635496309037,-4.111378779509794
2010-08-05,-4.136802881811015,-4.365732031986,-4.416671699112503,-4.342136421045724,-4.390332470114046,-4.370895285151546,-4.439216566478936,-4.3543257391933246,-4.388345988470107,-4.367071992850014,-4.373040837174008,-4.372553601396005,-4.374194489987957,-4.374051427493109,-4.37299294602851
2010-08-06,-4.249704096378942,-4.112311899063923,-4.237614053519042,-4.090929733493944,-4.138410821938607,-4.110798359491979,-4.313622608908567,-4.10214517987528,-4.125514838332744,-4.1116166173164395,-4.131156267243513,-4.12284550305603,-4.130999781955842,-4.131884333296938,-4.131184004287949
2010-08-09,-4.163959465014665,-4.540296011626868,-4.6631478979965575,-4.499326847121404,-4.559378409905848,-4.540445366265462,-4.710514805157978,-4.518531078980244,-4.552335712115495,-4.541527920189424,-4.557458889456221,-4.552301380479994,-4.557286268228946,-4.55804387952432,-4.557463612190528
2010-08-10,-4.416796780463384,-3.9478542942640833,-4.174441951146455,-3.9157176091655184,-3.980571290078217,-3.942609200761676,-4.260595686238125,-3.9283638234566634,-3.972218284734168,-3.9474242279426504,-3.977699896150695,-3.9669117795650606,-3.97744746366329,-3.9775864694175556,-3.9778630402738133
2010-08-11,-4.3991153797821605,-4.195818004446725,-4.305797475410286,-4.162483129232052,-4.219666849635365,-4.195501642107346,-4.345100823459005,-4.177753489445702,-4.209945775287752,-4.195669575914262,-4.2099741708780565,-4.205144427856121,-4.21028492687489,-4.210373662131821,-4.209985774768819
2010-08-12,-4.195114932716268,-4.094832160309256,-4.160796672121651,-4.077830553480462,-4.123036431625164,-4.098577509914102,-4.199128966341315,-4.085081160112026,-4.115521090419994,-4.0941491687812785,-4.105299594222415,-4.099850336538157,-4.105252507430745,-4.105848494010728,-4.105303418863553
2010-08-13,-4.161236216533145,-4.241102801396647,-4.366953038153344,-4.203475655338792,-4.254985953217175,-4.23619011798973,-4.410525869682989,-4.222108812988356,-4.246869988618546,-4.241589291344192,-4.257495738500737,-4.252242634251374,-4.257395772044962,-4.258188997099405,-4.257441261184893
2010-08-16,-4.114759050160053,-4.180674658657908,-4.332615245791561,-4.148734012595376,-4.193667915811311,-4.18182522805763,-4.391458744647632,-4.165152223158218,-4.179631776562424,-4.180687674165199,-4.200890090735329,-4.1938451188493,-4.200940295425522,-4.201283808319967,-4.200962432255751
2010-08-17,-3.9050685648398993,-4.383407173959186,-4.464074616014427,-4.35364575432416,-4.3904978277200195,-4.3910042147418205,-4.5096515077162005,-4.367475478252071,-4.380647905919159,-4.383252232104677,-4.396609655877578,-4.390701702408502,-4.396486385081613,-4.396472198347197,-4.396654072956962
2010-08-18,-3.782515668932326,-4.257364142701748,-4.36974221343847,-4.222640684926977,-4.27514324447718,-4.246636208353044,-4.413576684957335,-4.239404376596395,-4.269294303066849,-4.2573732004963105,-4.272137728577184,-4.2674151761664305,-4.2720284516991835,-4.271434982242604,-4.272122729785165
2010-08-19,-3.8230255823493775,-3.927449784530761,-4.021549088207695,-3.910116190167502,-3.9586428761942756,-3.91941877538082,-4.08554371842785,-3.9179738453095245,-3.9531895940568824,-3.927228839237609,-3.9417617285343884,-3.9340495138481133,-3.941444069936539,-3.940810883477958,-3.9416823394943448
2010-08-20,-3.582858316536851,-4.167032329064378,-4.30182507073472,-4.129932882054689,-4.179628240125177,-4.162356705947115,-4.343292991270799,-4.146366942797183,-4.17141382424806,-4.166885898333842,-4.184490869824639,-4.178640077292769,-4.184285728724782,-4.1832642331289005,-4.184454939995934
2010-08-23,-3.6109831842598217,-4.100535199364915,-4.2756247338857385,-4.064094064675581,-4.125448208932726,-4.106045615372257,-4.35400393238874,-4.079548327114787,-4.114337476929215,-4.101015908259935,-4.125461317313593,-4.116353539207101,-4.125168751391654,-4.12340342986473,-4.125486614617145
2010-08-24,-3.5632491214677384,-3.8331404893888035,-4.0086156201189524,-3.794359858876649,-3.8583418346404867,-3.83957042738392,-4.088219167331198,-3.8106962557517057,-3.85494611874627,-3.8335632766809558,-3.857834945027278,-3.846945659115662,-3.8575202863678557,-3.8555202409942493,-3.857894106681946
2010-08-25,-3.5956654438314684,-3.795265195304546,-3.987894402966334,-3.7548545448088784,-3.8272859830081454,-3.7955551466856536,-4.05209284216284,-3.7748528614291956,-3.818304550714717,-3.795411996083866,-3.8198194005649406,-3.8131365957510237,-3.8196315546646695,-3.8173077308688224,-3.8198130629678086
2010-08-26,-3.708200852000827,-3.834294729587166,-3.978526449646134,-3.79549243614643,-3.8697242873262017,-3.8272894097923102,-4.040991877140108,-3.8123990106008474,-3.860463411529278,-3.8338222007750073,-3.8531389173764987,-3.8460315323065095,-3.852974686533632,-3.850708777170395,-3.8530740240896897
2010-08-27,-4.00897227123151,-3.538312821546603,-3.7366440207541842,-3.5080316067668713,-3.5775665756882384,-3.5549752097853395,-3.818805657576453,-3.521414242586599,-3.5703520028404103,-3.538852259379296,-3.564810533359105,-3.555176517669465,-3.5646322851526073,-3.562023281182939,-3.5648280640656473
2010-08-30,-3.988970162738445,-3.9729429356413104,-4.1262566204168305,-3.9304721068305257,-3.9977211108864905,-3.9765622209178972,-4.175151059107946,-3.9507878504014315,-3.9970112000596383,-3.9730029991506384,-3.992512713229486,-3.9852123070985392,-3.9923970467225582,-3.990385915426342,-3.992436862359712
2010-08-31,-4.302956027193432,-3.608249800041408,-3.7107837537592285,-3.570942549870693,-3.6337781099034117,-3.606470483418529,-3.751745155490659,-3.587352495567755,-3.622561149232704,-3.6083215170457534,-3.621389368062198,-3.6152618807184913,-3.621343171502576,-3.619623995555445,-3.621341279289389
2010-09-01,-4.4758973863494225,-3.7649049978298312,-3.9029885611904165,-3.739711933577064,-3.791475344276476,-3.7674125178762274,-3.970107003689969,-3.7489166013141157,-3.7925703330296363,-3.7648270171099796,-3.78396750180055,-3.7743505982786956,-3.783761420211584,-3.782738461605256,-3.783941499873213
2010-09-02,-4.541139970195715,-4.073435181515516,-4.236936607607656,-4.032991639581919,-4.099549017491604,-4.082574862531599,-4.286092377255511,-4.053245401658273,-4.092216520857011,-4.073118475342942,-4.0954165910351845,-4.0895762102962205,-4.095374572021921,-4.094991919090162,-4.095545426817116
2010-09-03,-4.615690871193415,-4.1426036494784215,-4.290806614945447,-4.100898099085023,-4.160537651633023,-4.1491685511583105,-4.3489566951332534,-4.120007359866149,-4.159178376767082,-4.142603098213965,-4.161625466936484,-4.155104426460003,-4.161450127383775,-4.161693076132872,-4.161655887414844
2010-09-07,-4.714853200452204,-4.069079572678095,-4.253119744996966,-4.030760765611537,-4.1033062474573,-4.078152511727435,-4.325525256628498,-4.049869822970785,-4.0928973481638975,-4.069311895148617,-4.094135460768444,-4.085650065726636,-4.094281564489408,-4.0947717219550315,-4.094211392629199
2010-09-08,-4.735199114089412,-4.3088248822197635,-4.410717463817133,-4.26602617593817,-4.3227102643446145,-4.31154223953721,-4.453637912611634,-4.285817920062999,-4.320368064049714,-4.3090564066343555,-4.322072282824647,-4.3190952624716505,-4.322048764712413,-4.323031693064671,-4.3220559080606815
2010-09-09,-4.752755477198482,-4.3309951192957845,-4.44817884454347,-4.288592783237842,-4.336763639182672,-4.3395500473117865,-4.488382636716104,-4.310759227299527,-4.329363297568025,-4.331608424904249,-4.345713164950336,-4.341554160240529,-4.345424207690285,-4.3470749812923035,-4.345811462873621
2010-09-10,-4.706477356628299,-4.5606479715483985,-4.692051856085464,-4.529919728728299,-4.595663691111051,-4.559634101335455,-4.722938809673129,-4.550226685214854,-4.575573380721269,-4.560659788522968,-4.57710027146522,-4.573710339882693,-4.5773714806988615,-4.578917588166763,-4.577167267190496
2010-09-13,-4.715250594128806,-4.525445807571462,-4.610462255363609,-4.4912478001271925,-4.545351726355406,-4.5294089049301265,-4.62439700039659,-4.509796611835319,-4.532201019567452,-4.525623348590219,-4.536551908339908,-4.533901999504868,-4.536681728249438,-4.537936654477599,-4.536585492350058
2010-09-14,-4.5920873570887935,-4.508023846853516,-4.5425969471953165,-4.470560383739353,-4.523380963888284,-4.519835686346254,-4.5584508271940605,-4.4888706272911705,-4.520541411956432,-4.509220147408726,-4.513922520582662,-4.513772741169097,-4.514152933255282,-4.515679286586291,-4.514031462445404
2010-09-15,-4.476327292195325,-4.527115285893182,-4.599463598211381,-4.492569553328855,-4.547128900599695,-4.534540765798661,-4.614244785952259,-4.51012372210417,-4.545671951568904,-4.529238772509813,-4.53730393033006,-4.534802473127346,-4.537329192765246,-4.539147172181117,-4.537480405157095
2010-09-16,-4.455551556907517,-4.483162616181214,-4.682773094183668,-4.448862183797603,-4.519808103787263,-4.488099249925022,-4.750806419673731,-4.46674181229597,-4.509163800748578,-4.484341225290618,-4.510704785792057,-4.503508545741711,-4.510662775797063,-4.512873763826381,-4.51092287378556
2010-09-17,-4.4110790360187835,-4.544991260063707,-4.59890070966552,-4.510148011713146,-4.569125774217787,-4.547845238736047,-4.633366400652966,-4.525203386910853,-4.561735778537751,-4.545828396622113,-4.553459148992111,-4.551416133377174,-4.553419957056808,-4.554972130792331,-4.553502901039033
2010-09-20,-4.386577903027041,-4.592324754188773,-4.660179384680136,-4.5506927182027015,-4.61474231352418,-4.60401913852623,-4.685423234535038,-4.572214353658163,-4.600089160724442,-4.593235378617654,-4.6020441031881365,-4.598051242475078,-4.601762577987582,-4.603444142907218,-4.602200963579384
2010-09-21,-4.318226322189464,-4.314371412820857,-4.42597061778309,-4.27904253804327,-4.321995425279999,-4.310581860147096,-4.457209381671913,-4.2969393904426845,-4.316803578507991,-4.314233882570377,-4.329336182711752,-4.327625821499364,-4.32946064859092,-4.330011005335679,-4.32947341720595
2010-09-22,-4.316684785168343,-4.265386372994895,-4.371128711507565,-4.227006556148099,-4.282158046561599,-4.276375989529591,-4.409878897594155,-4.246858881639975,-4.274407921520373,-4.266162182082077,-4.280050368930577,-4.275968843332192,-4.279999999342865,-4.280749306998788,-4.280191301060881
2010-09-23,-4.108084380333285,-4.342114802136852,-4.407231042467128,-4.306910007999035,-4.360584993808476,-4.35574936620835,-4.445341463209475,-4.323218692724273,-4.356536465252979,-4.3432062767693465,-4.352145903083156,-4.3486422499196085,-4.352043696436275,-4.352887012036281,-4.352261011321876
2010-09-24,-4.027096624321703,-4.358205455332266,-4.549646049806636,-4.311935742073553,-4.363576767369265,-4.356863466454541,-4.586430240335657,-4.335117227010736,-4.356319408072926,-4.3580501957634645,-4.381573011916071,-4.377338442461037,-4.381590190043048,-4.381655617861211,-4.381764276425889
2010-09-27,-3.959391173655463,-4.4277617509375915,-4.575933673910886,-4.385012780480926,-4.439145905820277,-4.437092450431994,-4.600470305829697,-4.407418257816752,-4.426346778366634,-4.428375521733735,-4.44634545446791,-4.442776647756588,-4.446290912831041,-4.44594911665085,-4.446575633099698
2010-09-28,-4.091221613410936,-4.14508038265965,-4.294086531605982,-4.112261007829792,-4.155141081221396,-4.14866010550543,-4.341830852114384,-4.128429683712574,-4.142841706404617,-4.144848573804359,-4.164212077853927,-4.158083200880619,-4.164009969201362,-4.163256398560484,-4.164337652762788
2010-09-29,-4.175086830166802,-4.240297116914824,-4.371925071509038,-4.199357415688781,-4.258379008203349,-4.241679542847255,-4.389362072818372,-4.221440699329311,-4.248650613635809,-4.241269686325098,-4.257305918875816,-4.253080911935371,-4.2572807256821275,-4.256289222924562,-4.257504498726771
2010-09-30,-4.375749625345514,-3.9596681970130403,-4.104609573482375,-3.9207319051977745,-3.973038287905612,-3.9663409493097896,-4.152277752063355,-3.940165023307405,-3.956523295947628,-3.960096001870996,-3.979476370272251,-3.9720046109351266,-3.9793601137444257,-3.9782388147551675,-3.979649889918512
2010-10-01,-4.534364047276672,-4.075753064620261,-4.2461565016381755,-4.034561002664337,-4.080215319200781,-4.075970285254065,-4.308886763394816,-4.05583755728183,-4.065142784169077,-4.076335695205619,-4.099359379060603,-4.091607096332459,-4.099058980935394,-4.098934953092776,-4.099615187274665
2010-10-04,-4.733574684864596,-4.109598368182756,-4.303749155751366,-4.070231897037611,-4.119022139374372,-4.118219247295754,-4.388872330072323,-4.088079262244172,-4.108324583994716,-4.109715130544265,-4.13772108641764,-4.1277320261226045,-4.137592562761389,-4.1380662041144705,-4.137972313745143
2010-10-05,-4.620731857700735,-4.379467439305468,-4.459380428534054,-4.3325794551469725,-4.373260310519247,-4.38192749468544,-4.4656415433704355,-4.355914380067723,-4.366062226559517,-4.379521157899182,-4.388385375044668,-4.3886187308773845,-4.38857549226473,-4.389205793216337,-4.388540972446971
2010-10-06,-4.6500318917303,-4.383754415313044,-4.5389586436187574,-4.349030584284332,-4.386004506637123,-4.40638785357006,-4.5743697769384815,-4.368657332675367,-4.3761830393124646,-4.382163507000732,-4.403560737064916,-4.398877327772616,-4.403612672567934,-4.405068363429002,-4.403804832753049
2010-10-07,-4.70266312605576,-4.325053459623257,-4.4796064454551034,-4.29252106566289,-4.3295803826657,-4.342639063238724,-4.540621143918336,-4.308816693611377,-4.3148583464061545,-4.32293858463719,-4.346979065336255,-4.3399451886875635,-4.34688549422786,-4.348969161444424,-4.347274711471374
2010-10-08,-4.5128686438053185,-4.529493453091997,-4.584244340866653,-4.500106175698523,-4.536349409749841,-4.553095286762811,-4.621753982629814,-4.514965936374036,-4.533071645544718,-4.528645494783708,-4.5387472941839535,-4.534103223243843,-4.538663074455366,-4.540708491623864,-4.538978193319894
2010-10-11,-4.488144524668134,-4.7667631483795505,-4.86455269028072,-4.724150721907937,-4.768647429562317,-4.789878545302306,-4.8755953763603666,-4.748037451339509,-4.760722337855226,-4.764987535149117,-4.77954683063932,-4.774182375884424,-4.779449547959793,-4.782007445096675,-4.779752787493569
2010-10-12,-4.311066852455509,-4.430917141573968,-4.544352074884418,-4.400736181680159,-4.455956454082816,-4.440808108976633,-4.59118260057738,-4.416210593541818,-4.439920566068998,-4.430180024908604,-4.4469086539167435,-4.4408285669290635,-4.446768131447124,-4.448263372333115,-4.447157440101419
2010-10-13,-4.169898071571086,-4.633893917883655,-4.661678364512183,-4.592466555002709,-4.624380758882076,-4.6450961857714566,-4.658016298620698,-4.61418468824489,-4.619459986446433,-4.633655587018837,-4.63746908417132,-4.638741921360115,-4.6374506078534266,-4.6382754788772695,-4.63754659423281
2010-10-14,-4.054501726677193,-4.521323980987927,-4.546696827475193,-4.466785037568978,-4.495805295902604,-4.525955282243067,-4.497425762797785,-4.4958834852393865,-4.494672661697978,-4.52059919998774,-4.522038785700307,-4.5270843625412756,-4.522233129920906,-4.521824366751263,-4.522137642865567
2010-10-15,-4.181488003147737,-4.273012957793309,-4.392391243173521,-4.217930479045816,-4.265886649859319,-4.2789616056941115,-4.4006796469603575,-4.246472135722588,-4.251226798155804,-4.272071803279171,-4.287862761437711,-4.286845299849357,-4.288076090542988,-4.286644757493352,-4.288006161408851
2010-10-18,-4.1440090228270385,-4.5851300889548705,-4.679780645487696,-4.529631266270531,-4.567467375876393,-4.589170649612646,-4.66541589203827,-4.56000495077204,-4.564161835991145,-4.583883513892136,-4.5959669673515435,-4.597532975113953,-4.596128073502839,-4.594763696186609,-4.596116234133741
2010-10-19,-4.343264163666015,-4.094362732989376,-4.152779071108769,-4.056689435617699,-4.078285894790291,-4.1005351721327346,-4.161140770989262,-4.07492220001817,-4.070092881659553,-4.093679337176256,-4.102388186445667,-4.100268414315233,-4.102682170661897,-4.100575699628732,-4.1024269277263
2010-10-20,-4.45412428018515,-4.1352788718689535,-4.23405560371108,-4.089826929412892,-4.136724931842018,-4.141945963615734,-4.256476819120394,-4.112720400176754,-4.121035867381573,-4.134230665960537,-4.1491657296450235,-4.147335048769627,-4.149356526094394,-4.14809697971899,-4.149301699314446
2010-10-21,-4.574430696039803,-4.036433378468623,-4.109866215377157,-4.00072234499483,-4.051786170883765,-4.045946745934729,-4.1229815682931585,-4.020562086177239,-4.034824614762794,-4.035803907633659,-4.046223176637659,-4.044033240506903,-4.046225126374723,-4.046059652933034,-4.046350437387895
2010-10-22,-4.589228356871038,-4.401443308509739,-4.557711628550447,-4.3585968069012715,-4.409242371348553,-4.409557059090029,-4.582719415902296,-4.381905952447093,-4.4021747908930315,-4.400574501470977,-4.421561954511143,-4.415903010137653,-4.42186124649971,-4.422211705701298,-4.421704347952671
2010-10-25,-4.488708771266065,-4.318967911578687,-4.497773527383293,-4.271225574635974,-4.32320471574181,-4.323642503069154,-4.548559226521067,-4.296583720727599,-4.306877803657488,-4.317805197233611,-4.343300758068136,-4.337011407631682,-4.3429969023374815,-4.34437823312329,-4.3435667840015295
2010-10-26,-4.608360518512793,-4.400591271723255,-4.464103392470853,-4.369471170128849,-4.416957558531625,-4.410473787154809,-4.480387892283183,-4.3894775720441235,-4.401346911810092,-4.399502583361063,-4.409668090681842,-4.407125964552641,-4.409891343987847,-4.410868385976538,-4.409876108693159
2010-10-27,-4.258249479723925,-4.412640452755022,-4.482298534360794,-4.380980840826496,-4.431218956695427,-4.408530080797005,-4.526690799032736,-4.396164885730197,-4.417745569924654,-4.412605956115087,-4.423283711024408,-4.419275575295957,-4.423252960996052,-4.424455029376444,-4.423523140948515
2010-10-28,-4.370673474152637,-4.379299483171921,-4.461830489295508,-4.350689410884751,-4.425593109520239,-4.376256250871095,-4.484343141835033,-4.367940059364566,-4.407302861204286,-4.378619252113061,-4.389895110807628,-4.390704392297078,-4.390533306296989,-4.390494489810873,-4.390162357940682
2010-10-29,-4.349938461624189,-4.606696443683886,-4.653393369894967,-4.577950314902974,-4.642732219878497,-4.600221938905169,-4.674001159370905,-4.592738686732782,-4.631887944119326,-4.605488383283591,-4.613083789024687,-4.611799909338311,-4.613087471252279,-4.613735156961408,-4.613374765808775
2010-11-01,-4.4963778824456515,-4.329227595657899,-4.477516627501073,-4.293550400187757,-4.338778758374739,-4.317043514931841,-4.527291144602766,-4.30908532491118,-4.331912541329078,-4.333226103674461,-4.34976642285023,-4.3440670854606,-4.34972990308104,-4.349943783463556,-4.350067575567025
2010-11-02,-4.350133999644658,-4.878530212476533,-4.811816830385704,-4.849932414476472,-4.901645910537713,-4.887909008087244,-4.806532468748667,-4.864397595608806,-4.887321567368504,-4.873595652121506,-4.872173323685933,-4.878702289249814,-4.872455149801444,-4.8725038401854475,-4.872367005571188
2010-11-03,-4.7051083163264735,-3.9989972520518653,-4.216058782489483,-3.9651150011725593,-4.023423419155602,-3.9915904863697116,-4.304593667533359,-3.9836730723601255,-4.009157014061457,-3.9985916185111394,-4.030139489232828,-4.021944525756849,-4.029990430096241,-4.029825540276409,-4.030522212784451
2010-11-04,-4.6118272993382865,-4.563514674054219,-4.537474825820855,-4.531755915998057,-4.549295227532788,-4.573089500203656,-4.525897958710354,-4.549403064418088,-4.553176652940403,-4.553906590289319,-4.560274140460717,-4.565722341701067,-4.560488764084101,-4.5601840006177765,-4.560368534505582
2010-11-05,-4.442293487281746,-4.4607746574224,-4.452588107257113,-4.407021565275542,-4.431402517521648,-4.458202776631684,-4.415529347162241,-4.4347223410244085,-4.437167572107339,-4.459133714976363,-4.458438793132125,-4.467566128169069,-4.458767378736449,-4.458174636852164,-4.458553711326257
2010-11-08,-4.3889707843127415,-4.616669789738543,-4.670699314581138,-4.578326515039652,-4.608687878429374,-4.618985558719188,-4.678382845708268,-4.598063373526015,-4.612863917598895,-4.610622927093315,-4.624156885274785,-4.624415650047926,-4.62418508165924,-4.624381416068744,-4.62432774220118
2010-11-09,-4.288605422837217,-4.346956757897012,-4.4275874141477285,-4.311188597037272,-4.350378313922753,-4.341519492216012,-4.429288273824977,-4.329757199331577,-4.350358324128133,-4.346816332644685,-4.356963293968256,-4.35874997415358,-4.357098322100832,-4.357062159786775,-4.357208751060325
2010-11-10,-4.3150039886915454,-4.4797978042591655,-4.516838812270362,-4.439816015602639,-4.476377687946091,-4.47320999768193,-4.528918775260779,-4.45956318929628,-4.481469983687433,-4.480480262412367,-4.485244595986796,-4.486055243529023,-4.485412011603258,-4.485166075332185,-4.485475154599551
2010-11-11,-4.386869990407146,-4.4875101051793385,-4.520293389855666,-4.453368708358612,-4.51140309416986,-4.493358428161804,-4.545739243549691,-4.4709825846648155,-4.504283982342328,-4.484752637737665,-4.492967203688861,-4.4889884600433225,-4.49304813078957,-4.492849931894689,-4.493315712891903
2010-11-12,-4.58542602683687,-4.253061184570063,-4.39426713238723,-4.223190124080259,-4.27097619561007,-4.255746641094513,-4.4604757966812265,-4.237838867756065,-4.265307481115549,-4.252321108962813,-4.274078317152072,-4.266837870515063,-4.274227544549248,-4.2740580554390935,-4.274380884039589
2010-11-15,-4.528209186692846,-4.428242321456693,-4.517461260779388,-4.395509689418915,-4.432732915675818,-4.434998365089821,-4.554295285136029,-4.413587721327643,-4.425143670077173,-4.4233288954080745,-4.441615885478145,-4.4366951155706005,-4.441613306113369,-4.4418721073476926,-4.441830327709102
2010-11-16,-4.663911715748545,-4.172992643005052,-4.236048218406623,-4.152104154727275,-4.16268504824768,-4.171937960006439,-4.276286499032255,-4.16223647419005,-4.160487020355246,-4.175760202694474,-4.183079076129135,-4.178856801850841,-4.183082681636744,-4.183492372585185,-4.18321777168348
2010-11-17,-4.76679813587878,-4.366624159894046,-4.467674585722205,-4.339326705762243,-4.36961173510526,-4.368473323305734,-4.510428041350025,-4.353499235160935,-4.367922551196333,-4.364243849282114,-4.381533919313816,-4.379526881953574,-4.381550642398579,-4.382753541882775,-4.3818103873543865
2010-11-18,-4.750175880655272,-4.583476059130087,-4.636374533502193,-4.5532141855944435,-4.5824036779479425,-4.5903970271285415,-4.659815562576553,-4.568882937222993,-4.584497097989537,-4.580211958136273,-4.5926541425476906,-4.591492921167438,-4.593040343193717,-4.5943750387813775,-4.59288245026343
2010-11-19,-4.48288807015406,-4.652339596177034,-4.700287554095292,-4.62973386234754,-4.655193248307477,-4.648026628075258,-4.718233469963877,-4.642573327257251,-4.65221273123837,-4.656284674799947,-4.6598512578012325,-4.658962390058202,-4.659923716803981,-4.661353810048361,-4.660033557127419
2010-11-22,-4.435907925809028,-4.420252371702612,-4.510816817414308,-4.401447655826684,-4.4392167362456565,-4.424819084754924,-4.557218305696321,-4.412981352775325,-4.42638255835521,-4.416160147961008,-4.434610897442845,-4.429999309384855,-4.434539419445403,-4.435855152100111,-4.434913244254959
2010-11-23,-4.5047532310482765,-4.488067494884359,-4.560190758522055,-4.465679120617313,-4.502361461132925,-4.487168720547728,-4.624252295605538,-4.47789272322089,-4.492919122035365,-4.48715387691543,-4.501240706611587,-4.497749034942507,-4.501149434330225,-4.502876903940652,-4.501551455458755
2010-11-24,-4.493962904453109,-4.756367124823325,-4.828316358769264,-4.724738018101885,-4.75365415878342,-4.761883348788074,-4.8685977820111965,-4.741067509386855,-4.754448645175666,-4.752040787539081,-4.768837889783105,-4.766123230416032,-4.768917935443158,-4.770607900715664,-4.769064374644817
2010-11-26,-4.50097900909491,-4.704943297336054,-4.795696063806416,-4.683481180741431,-4.701159068828788,-4.692120302771968,-4.827660065507754,-4.698410996451708,-4.701495254667236,-4.712797263117546,-4.718237627698231,-4.718738973490426,-4.718498650124309,-4.719226100330141,-4.718512121721218
2010-11-29,-4.832041309755714,-4.252224169658415,-4.365902504320372,-4.229472648902783,-4.257542949008487,-4.249831091163934,-4.415442808557038,-4.242243573158455,-4.2532404321833,-4.249540139342745,-4.270056949067963,-4.265542061717678,-4.270068932349155,-4.2702378365647755,-4.270279461510389
2010-11-30,-4.931961012068227,-4.314714227876134,-4.429713542062825,-4.296756982604774,-4.334585551520539,-4.315421301210951,-4.494762932476288,-4.306950522592627,-4.3262311655926755,-4.312985237503398,-4.333071674277459,-4.325356084579808,-4.333051720228866,-4.333914221731956,-4.3333345039518685
2010-12-01,-4.922481468895079,-4.55246029875934,-4.617780849037392,-4.529617167397688,-4.546393406452715,-4.55200997946932,-4.663160371829827,-4.541835066850455,-4.545199996956646,-4.552695222343128,-4.564241387935049,-4.559415639058461,-4.564289658662423,-4.565374851745385,-4.564421790033644
2010-12-02,-4.9309001923954225,-4.619849976050571,-4.623762880317186,-4.588631169451881,-4.594943096490477,-4.622456792234447,-4.659583980109204,-4.605282983675903,-4.606167935598613,-4.614495328104315,-4.624223842771142,-4.625605072286593,-4.6245322172107795,-4.626177978288098,-4.624439690105567
2010-12-03,-5.006723252155099,-4.624263479840146,-4.687960464992931,-4.590588187010879,-4.609851651188955,-4.6223250133609195,-4.716926910725148,-4.610531421971652,-4.618474445901388,-4.618461565816028,-4.634952228766782,-4.632496219954462,-4.635001623310073,-4.637415397167601,-4.635296669150565
2010-12-06,-4.9958889353448654,-4.927694115764179,-4.962416315172087,-4.896174640177135,-4.920933396315564,-4.927957003747944,-4.9760700482364,-4.9146854099546795,-4.929695124370875,-4.9234921554990425,-4.933384130240811,-4.935924260347097,-4.933510791671552,-4.936042085017128,-4.93369549685116
2010-12-07,-5.203005200342595,-4.623706340265478,-4.69972365373084,-4.594689881886024,-4.6166681612596845,-4.622426172608343,-4.7341468507975275,-4.611965372129546,-4.624496112157669,-4.620049229147012,-4.6359753378865785,-4.634624077884279,-4.635998819803968,-4.6384886639240905,-4.636217201306787
2010-12-08,-5.231737374667346,-4.728479249214758,-4.7957917290306415,-4.694194717780317,-4.715062538202611,-4.72722872991164,-4.812605131465198,-4.7151075929740855,-4.722901337219464,-4.724341672157551,-4.73945966122506,-4.740969309215021,-4.73971781181525,-4.742608365837584,-4.739799580724675
2010-12-09,-5.184046425487641,-4.826333878052731,-4.860817370889351,-4.798038037313657,-4.80268910275934,-4.814347999791171,-4.877942508391816,-4.814834359816164,-4.811456311939258,-4.827144238298987,-4.831429074590357,-4.8363763705911405,-4.831877928090837,-4.8344813872799115,-4.831665618946322
2010-12-10,-5.2384519289473985,-5.023746535145819,-5.032943015269286,-4.9942549357941495,-5.019290986324891,-5.020736538073114,-5.0605299040849125,-5.011817209678617,-5.024824540698056,-5.021296408354938,-5.027268757902747,-5.028720302770307,-5.02743587169509,-5.031115500905286,-5.027658882307719
2010-12-13,-5.267312243156902,-4.977185154661375,-4.937316678815421,-4.948734440634688,-4.975789423574951,-4.974794469040794,-4.951532085880255,-4.965383256317878,-4.980010415082091,-4.968925576649756,-4.974942045602125,-4.979156298561622,-4.975062733605023,-4.97881076343499,-4.97524452747962
2010-12-14,-5.427713447478988,-5.011947691335571,-5.0334803416704395,-4.982488491500539,-5.002649535592461,-5.001090229159253,-5.039032550868461,-5.000631307319614,-5.004284499720093,-5.0194076294309244,-5.0159625914663435,-5.019319288544086,-5.016548138901696,-5.019210395758901,-5.0162849700499175
2010-12-15,-5.750774413729127,-4.914587017318872,-4.929111736369815,-4.8879647596556905,-4.912364169195841,-4.9139518334728525,-4.939459699617846,-4.904828890640926,-4.911560408192124,-4.914063538912842,-4.917846509329149,-4.919195740874354,-4.91794342410933,-4.92157316735225,-4.918106961088058
2010-12-16,-6.21099186287764,-4.899493882784612,-4.8842379514362575,-4.874537212429505,-4.892103242950394,-4.897469738495219,-4.93302654916791,-4.889457544863283,-4.8863635817153215,-4.903333340320052,-4.901807688255281,-4.902889737619048,-4.902045435946346,-4.905558986796972,-4.902103198250888
2010-12-17,-6.325917081432691,-5.323745149859327,-5.133670956849623,-5.3053198678411135,-5.3117857545021945,-5.324911320600761,-5.142808973606382,-5.316543569196191,-5.31381714186862,-5.322451917509115,-5.301193503792135,-5.31344332427218,-5.301280406453805,-5.304223672252175,-5.3013317202792285
2010-12-20,-6.629094815199796,-5.194151760034806,-5.154325611683109,-5.172843610359464,-5.195456007132689,-5.1918116833732695,-5.183860473706147,-5.186489992489933,-5.195960248475253,-5.1963227521451705,-5.192541793766468,-5.196423842544565,-5.192896510499905,-5.194770234563667,-5.192847169014095
2010-12-21,-6.70001419892003,-5.5973043391433865,-5.377274129939718,-5.582598554563605,-5.597970188775546,-5.588187920868319,-5.399165095676182,-5.592079387887342,-5.590800530986611,-5.602583353470288,-5.571837422725821,-5.582041463968242,-5.5721328949587825,-5.573967445954961,-5.57192858371054
2010-12-22,-6.599254188057322,-5.722941773418358,-5.496600647671153,-5.703048400182863,-5.693371596286905,-5.719670600952839,-5.508966777679649,-5.716077428633454,-5.70603162917522,-5.724250406395146,-5.695798910386877,-5.712088889950891,-5.69617346892291,-5.69874864050428,-5.695923010592208
2010-12-23,-6.420776775729927,-5.878085986997154,-5.723226753755677,-5.859998400363152,-5.854602767611028,-5.8751297869088965,-5.756721999988786,-5.87313918942473,-5.866349479268982,-5.880646632246768,-5.861146628439942,-5.872424303656352,-5.861259746553089,-5.86368486065518,-5.8613593472929
2010-12-27,-6.195678781084019,-6.044082974670062,-5.7989810157269766,-6.027027214299002,-6.01377234699463,-6.037257271552622,-5.8099974400252705,-6.0402077702183945,-6.0236188160643485,-6.044350869220069,-6.013871500380092,-6.030203760063955,-6.014205518339106,-6.017389498637924,-6.01405473318399
2010-12-28,-5.911406610482816,-6.14105735942872,-5.964808970373543,-6.1273875410170815,-6.135383061908363,-6.129914804067756,-5.982803524466897,-6.138155392977307,-6.128036534320058,-6.1504548118685705,-6.120248884528459,-6.132353882360443,-6.120389858432546,-6.12286966950826,-6.120433884906737
2010-12-29,-5.72506364376193,-6.311828880516713,-6.106826773098584,-6.296547921798483,-6.281468604527828,-6.305038677949409,-6.074519432616179,-6.307922630535344,-6.294971799776754,-6.308319853484835,-6.2838422251027755,-6.299397769123282,-6.284004366424595,-6.28659543504525,-6.283942898210979
2010-12-30,-5.493023599802892,-6.004341188274291,-5.930905200879199,-5.983182044712892,-5.985238816048131,-5.998379512349039,-5.9608448719595755,-5.999019943129728,-5.9915000741785285,-5.999120592939858,-5.998460268217698,-6.0049763956288995,-5.998624685059415,-6.0008212218779375,-5.9987724343835245
2010-12-31,-5.19274880778693,-5.8336237943084255,-5.825386667725854,-5.812979631287179,-5.823956598972234,-5.828364126652933,-5.884214780712823,-5.826593309810683,-5.82039844356743,-5.836975272129374,-5.837801918972698,-5.837858760080395,-5.838016157700908,-5.839501945702061,-5.8381785637735275
2011-01-03,-5.0719320337879985,-5.719369061721037,-5.523379189659258,-5.700226020601053,-5.706034061425639,-5.724553435885191,-5.514842271697162,-5.712903982452541,-5.706840730965599,-5.71242567966726,-5.695462224740869,-5.708468152933477,-5.695637198252995,-5.696978158034266,-5.695594714190991
2011-01-04,-5.078925468867175,-5.489608921163927,-5.262438679118944,-5.470493262148311,-5.492144271760687,-5.485895997486035,-5.235211669505523,-5.482681280070777,-5.4913312520777815,-5.493054027859979,-5.460143236275248,-5.472557667914988,-5.460330984263071,-5.460883965428012,-5.460207128589489
2011-01-05,-5.101302615657488,-5.50323746417954,-5.286728915086334,-5.480969437740874,-5.49769326002339,-5.513707936550713,-5.279866416223451,-5.495126602828074,-5.501576287899225,-5.49906972054029,-5.477247774416509,-5.489088344794301,-5.477296776051348,-5.4779209393602475,-5.47744152594176
2011-01-06,-5.1743500387566534,-5.220514041201225,-5.093298118306524,-5.195698342934247,-5.2145666529761785,-5.226956373673716,-5.09420253347478,-5.21077924744635,-5.223446042743378,-5.2143496392252615,-5.205957603914601,-5.215492567681066,-5.206079855404296,-5.206222512975819,-5.2061529923213365
2011-01-07,-5.364881318547073,-4.946294862157988,-4.835351406060933,-4.9164025756218015,-4.946522841676279,-4.957711377824406,-4.862062957112083,-4.934422143914208,-4.950375387600709,-4.940783076723424,-4.935237125337999,-4.9457497910276915,-4.935487562831308,-4.935688443136062,-4.935512076871831
2011-01-10,-5.512933951074758,-5.039205441918534,-4.948806473667169,-5.009060697007214,-5.027611802981963,-5.043664547856655,-4.986914148958143,-5.027399041913597,-5.027950073466245,-5.03359758312966,-5.031382152822575,-5.039936447927807,-5.031518261784445,-5.032451572950161,-5.031627432581859
2011-01-11,-5.417052979644033,-5.192352035900392,-5.08175293904621,-5.164190833671516,-5.171706613303958,-5.204886601696038,-5.103458769177042,-5.182276092710566,-5.180670827041411,-5.178948614300841,-5.18220682603198,-5.19136505608918,-5.182390450711893,-5.183757874587117,-5.18251095911223
2011-01-12,-5.127828668956593,-5.340848361973801,-5.259422885485588,-5.314968486091907,-5.344317989504592,-5.341019894961774,-5.285927620016991,-5.331941504247991,-5.3437567080651425,-5.334599070421678,-5.33462514450128,-5.341109274359899,-5.3348862739166965,-5.336373158671945,-5.335006423264253
2011-01-13,-5.0215543964784235,-5.25222991401722,-5.178120979088136,-5.225677830766353,-5.2470306666520266,-5.249426611919289,-5.169827399119797,-5.242817636087006,-5.258002429656119,-5.250394279695255,-5.243835455295447,-5.2533805996370795,-5.244213207771342,-5.24531305122365,-5.24416082829391
2011-01-14,-5.036410120510536,-5.248210632997078,-5.235241569886939,-5.218732667977966,-5.249221082479455,-5.2455414713908,-5.247104486799461,-5.2376539326914715,-5.258445401091986,-5.247495832933267,-5.248960362828603,-5.254803989698232,-5.249199985014253,-5.250275724612222,-5.249383237238281
2011-01-18,-4.792038111845262,-5.442103617799375,-5.317344150127953,-5.418617231555256,-5.429748236315489,-5.449619618790337,-5.324958321979205,-5.43284020526044,-5.43526840292676,-5.4340380783074975,-5.428999872658715,-5.437967143235827,-5.4291867364000606,-5.4302407861058395,-5.429407597457825
2011-01-19,-4.760877208902637,-5.207817392555089,-5.104210385661987,-5.178794369926757,-5.210497359297333,-5.215790298276557,-5.108259603902022,-5.196225993108682,-5.2141377794507955,-5.192975127532073,-5.197845591273768,-5.2083476097966575,-5.198248633072194,-5.197696782527097,-5.1982524744684815
2011-01-20,-4.898739981911641,-4.9155578265987465,-4.7705100696794025,-4.886505886525415,-4.917346891707262,-4.932991172805535,-4.779640621656526,-4.90324616095758,-4.922721908357987,-4.8993469572127735,-4.900302004587566,-4.911483110739556,-4.9005728864973195,-4.899744807184519,-4.900696435548356
2011-01-21,-4.694622485854536,-4.9782418946429186,-4.964693870874825,-4.948910056791181,-5.00084717612702,-4.987356879726436,-4.995505444089919,-4.965789749261538,-5.007380990612163,-4.964922973386901,-4.980097663117454,-4.983359742850841,-4.980297782384211,-4.979612971469627,-4.980622791006716
2011-01-24,-4.657826498638411,-5.13049379489929,-5.0858836215047285,-5.100028349392476,-5.141559498655604,-5.142141788638038,-5.078410582366624,-5.118398222633962,-5.142859884319883,-5.120565483385352,-5.127171863095626,-5.132454409164737,-5.127186385316072,-5.126111828357976,-5.127576015261144
2011-01-25,-4.844695657444614,-4.683619110121187,-4.715503997092465,-4.655657176569881,-4.693544981366344,-4.6904332640432305,-4.723876161267411,-4.671199161949495,-4.691694296732237,-4.671767738434955,-4.6908150785267795,-4.691502893173757,-4.691024854431556,-4.6895700231356585,-4.691130774153597
2011-01-26,-4.9220802921819935,-4.823339835500624,-4.751074220062601,-4.803470220637011,-4.844995865770367,-4.835130765664717,-4.7452024077065,-4.814755252198543,-4.841756918445429,-4.8138885286022255,-4.81573680771667,-4.82127129869457,-4.816141432096648,-4.814940609079641,-4.815940710203062
2011-01-27,-4.82222756419665,-5.0255713792610335,-4.870802686821143,-5.008451594084598,-5.052891799585499,-5.0393694099862305,-4.847072485802687,-5.018560037785784,-5.046592982240919,-5.010216219610728,-5.0063372657939205,-5.017842385138556,-5.006598159383079,-5.005701441982975,-5.006505308055481
2011-01-28,-5.064941038130228,-4.5245602184974185,-4.528416325818623,-4.505365558908314,-4.539430048716071,-4.539808962437131,-4.550042967583026,-4.515756448188961,-4.537961381968336,-4.51065036816057,-4.528346535401349,-4.528152324583759,-4.528552183241048,-4.527515721774665,-4.528615105068262
2011-01-31,-5.1675061134952145,-4.807806874486718,-4.7545663555480004,-4.789696791782845,-4.829027465073155,-4.822885030434065,-4.753609558941253,-4.800034160924101,-4.8211858819136495,-4.793026868429449,-4.802932991782012,-4.807012873362742,-4.803231980709969,-4.802856141362021,-4.803130537151326
2011-02-01,-5.18989110871815,-5.001442751839909,-4.862937381367207,-4.98514692553466,-5.010193191432524,-5.01033302968757,-4.863443988056437,-4.992877095120078,-5.007466287763049,-4.991285065012749,-4.985582055997378,-4.992564724652945,-4.986143364036303,-4.985990377332764,-4.98575433878229
2011-02-02,-5.163815022210176,-5.004033996682385,-4.880141047729332,-4.984422786413253,-5.020520063491807,-5.01983667983781,-4.856189715565391,-4.996585304118645,-5.011300888759478,-4.993779295151962,-4.98867496636954,-4.997369780583798,-4.988828517897266,-4.989284966901315,-4.9888505970069605
2011-02-03,-5.089003839807639,-4.758981499493753,-4.717438274861302,-4.740976224557577,-4.7787760106074915,-4.763385346040972,-4.731259747836181,-4.7510541764871785,-4.7636829562534615,-4.755651014132035,-4.756599824363316,-4.7592417519325725,-4.756952077768827,-4.757579936926087,-4.756797666752425
2011-02-04,-5.126499391708746,-4.911023973554965,-4.860629908131437,-4.89645206918896,-4.9218117682851625,-4.91414008564781,-4.864626786656481,-4.904613696337447,-4.922790162390277,-4.909124237485457,-4.90640662184662,-4.911903067525723,-4.906745109641219,-4.907608235968582,-4.906604388453693
2011-02-07,-5.157708003158731,-5.210877475777311,-5.095716372140618,-5.189687972362177,-5.225089699185658,-5.2240559362344365,-5.1066318136736335,-5.201415791965932,-5.222127440808846,-5.203024515836803,-5.198624223280015,-5.205866822295928,-5.198671925096628,-5.200410976002712,-5.198871238327067
2011-02-08,-5.098523442605423,-5.17715762903705,-5.130289385909581,-5.1534600285627095,-5.178078525809447,-5.194177924426344,-5.122134080678871,-5.1677118057058005,-5.1900264763001,-5.156766762287039,-5.173452828422255,-5.1776115226745505,-5.173649092321415,-5.175084390101525,-5.173688464938995
2011-02-09,-5.05380382286505,-5.047999844504111,-4.9824608081601,-5.030365308017465,-5.052752255408725,-5.062430461937998,-4.999455141894519,-5.040357665934401,-5.055455891057886,-5.032353173421824,-5.043071308227607,-5.048305600396756,-5.0429383892202875,-5.044249651659371,-5.043297056409136
2011-02-10,-5.341360571033367,-4.7849863703178395,-4.817948091491645,-4.769481185242629,-4.791939041939975,-4.784717459486031,-4.843240301427205,-4.778434295649911,-4.785270254481716,-4.780689010220837,-4.79219037367,-4.792913814004186,-4.792514083653643,-4.79364982993988,-4.79248435817773
2011-02-11,-5.463936088301856,-4.995295985309099,-4.988735523306652,-4.972451996383709,-4.990921302417461,-4.994165871716541,-4.995570310216988,-4.985256719923633,-4.999300608494744,-4.98690899004917,-4.996855254311085,-4.99912914988856,-4.997059351760582,-4.999106762357082,-4.99713409752308
2011-02-14,-4.968279082213264,-5.318143118708916,-5.160395627712023,-5.301992307445422,-5.332978124815153,-5.315727816765211,-5.143517516121907,-5.311453186729252,-5.330124607763048,-5.312722291608428,-5.298049894652229,-5.309756664359573,-5.29840684547291,-5.300833915560406,-5.298230521427336
2011-02-15,-4.582999705453981,-5.012032513426818,-5.011593516951736,-4.995108910323404,-5.01211228353761,-5.0250024786331835,-5.013639131469489,-5.005339810386912,-5.017799386285737,-4.995644116927252,-5.014665117726644,-5.015205993388223,-5.014698018362625,-5.015981799851726,-5.014856310476054
2011-02-16,-4.322965074970675,-4.917893532485121,-4.900414304190723,-4.9053521861011475,-4.9135574833379385,-4.926237797446332,-4.926381216621966,-4.912478283687528,-4.9245222496778345,-4.911661797766714,-4.918420499775409,-4.9173195176472735,-4.918585148113549,-4.919058751122699,-4.91867438016397
2011-02-17,-4.28067116900583,-5.318432586271941,-5.178942007923544,-5.307476986926485,-5.330271223035446,-5.3237037737512924,-5.1555771319648125,-5.313832768790051,-5.338913346642182,-5.303710165088908,-5.300604412166414,-5.308544786236304,-5.300725312507771,-5.300473738000592,-5.300783936394809
2011-02-18,-4.259671167566939,-5.3236214740222225,-5.227144796577532,-5.31258241294092,-5.33074379545585,-5.332495996155895,-5.238062411680981,-5.319025780383478,-5.332568922527014,-5.300486170277101,-5.314748635523492,-5.319974373041557,-5.3146957630729625,-5.313642774394697,-5.314971471659445
2011-02-22,-4.249729341669862,-4.597700499740691,-4.584524662323498,-4.584349386644098,-4.611177014657264,-4.608232086591106,-4.600893515610908,-4.592522608076624,-4.607760640936049,-4.577263524287042,-4.599888558214183,-4.5994105599982795,-4.599916216538898,-4.598525417418272,-4.600105355751704
2011-02-23,-4.3657129740973435,-4.3248705821351425,-4.258522127080987,-4.310522668061898,-4.334907905235302,-4.340607106229422,-4.261279318359309,-4.319041238910096,-4.334157654342382,-4.303119391086862,-4.318092692438973,-4.322404263588048,-4.318410827281573,-4.316633739825779,-4.318286844491252
2011-02-24,-4.690226554034097,-4.202856571089383,-4.180772690647107,-4.191997115809788,-4.21869027045105,-4.223985943666701,-4.222853030994582,-4.197322074673576,-4.210755530487253,-4.18677420719722,-4.20489503931651,-4.203168901960515,-4.204806396226908,-4.20390372007055,-4.205088962671769
2011-02-25,-4.503463673029616,-4.643191662973788,-4.578197641602472,-4.623109007110771,-4.6488234075671775,-4.659986595605361,-4.619015461240316,-4.634012986002829,-4.648077389020503,-4.631146257749476,-4.639856854144248,-4.643178916816369,-4.63973029155038,-4.638823512264528,-4.640188985028466
2011-02-28,-4.313753605211978,-4.70097959650445,-4.647947998238715,-4.687344236927229,-4.720440574874204,-4.707745651324005,-4.637041819803096,-4.695235414979359,-4.714330057061088,-4.700091847451203,-4.695106706149711,-4.6984455476026055,-4.695311451989577,-4.694294376661917,-4.695288901081736
2011-03-01,-4.415964031641138,-4.266574427659998,-4.30028900992676,-4.251421804678912,-4.270437532719717,-4.267891309489645,-4.345382515639887,-4.258862892694679,-4.271250539768337,-4.2744839436636735,-4.274994143563101,-4.27134798758264,-4.2755305441288876,-4.274295539843652,-4.275275137980837
2011-03-02,-4.414956575947653,-4.37004426984589,-4.415387267226597,-4.3555015342251755,-4.383542888955656,-4.380386504469125,-4.461697483302385,-4.3629956731795385,-4.380120750021099,-4.36350739301518,-4.380592578156688,-4.376087701537673,-4.3807140286175885,-4.380011674582259,-4.380929508611022
2011-03-03,-4.177336523489074,-4.87685238722315,-4.80674451596989,-4.862947109852228,-4.8889675026829575,-4.886132504086839,-4.820411629308515,-4.8698374560228155,-4.890070218118661,-4.867919379273101,-4.870955251039856,-4.874414616073253,-4.8709043940901084,-4.8698828986897436,-4.8712200070016385
2011-03-04,-4.166712638152668,-4.3891199686742,-4.521422960636669,-4.373113483098678,-4.402111969452303,-4.388711520591789,-4.596028586372414,-4.381720726957857,-4.393355089317431,-4.390597922579976,-4.411842327359968,-4.402976451573,-4.4117040694303356,-4.410858526135289,-4.412222705468353
2011-03-07,-4.187135113060011,-4.279450021946296,-4.353241920442321,-4.266794037234962,-4.2878663275441085,-4.289009367969976,-4.396869853233678,-4.273139113962033,-4.277170751553309,-4.274835844468995,-4.292973873884951,-4.287751015217607,-4.293061616088702,-4.292088100422847,-4.293207475022167
2011-03-08,-3.946071776524945,-4.472874980298032,-4.5152334543487544,-4.458379758474498,-4.479128282301918,-4.490705960907955,-4.5377341123970965,-4.466592468622704,-4.4788820817533255,-4.45438342104286,-4.481168694799321,-4.4760186552967305,-4.481213369721935,-4.480391009060458,-4.4813433797920865
2011-03-09,-3.55459444878499,-4.356663012099592,-4.440165206318575,-4.348276144063822,-4.3762281275885115,-4.367045281481438,-4.46992272075176,-4.352917721249535,-4.366548700988492,-4.349952834436999,-4.369696042045623,-4.365611068276635,-4.369840953409084,-4.368895795681626,-4.369774447280469
2011-03-10,-3.565245281240621,-4.120836608733704,-4.2005875282124565,-4.1115096221487715,-4.150222732694654,-4.125526999988405,-4.2285941958847335,-4.117664361274984,-4.132719088312866,-4.114767417537037,-4.133193187640989,-4.127314170641468,-4.133096951233538,-4.1317160023899495,-4.133345485616628
2011-03-11,-3.58142139388285,-4.190729473556922,-4.303963667846388,-4.180715584856264,-4.226872083172087,-4.201261586556726,-4.32489807787729,-4.187721351527049,-4.213515042212183,-4.164761399706614,-4.207464526084806,-4.200524328933724,-4.207712858820455,-4.205652026404635,-4.207695694690684
2011-03-14,-3.6536203665709746,-4.2168770931770805,-4.28664205754868,-4.206783946886233,-4.257840401375794,-4.224693903663347,-4.303031182771517,-4.213388565913016,-4.235190540754546,-4.2057793321336,-4.227485479973724,-4.224215716825108,-4.227464722352201,-4.225711434495559,-4.227691617459467
2011-03-15,-3.87241805900635,-3.861328190269622,-3.9227287462926816,-3.854121356131418,-3.8960412909158655,-3.8628094698300126,-3.927156039114869,-3.8597177536654166,-3.8763555346246195,-3.8480522858542128,-3.869575470004227,-3.865449894361831,-3.8695605548338143,-3.867915667363687,-3.8696926800205507
2011-03-16,-4.528744696799511,-3.45079575146954,-3.651963274339851,-3.444434068516884,-3.491812978347946,-3.448386657934386,-3.7049291865786045,-3.449772593168787,-3.4637649161718604,-3.4488048771637825,-3.4800379370884507,-3.4722285718576233,-3.480016005306372,-3.4784413293921483,-3.4802971322591687
2011-03-17,-4.76696795294638,-3.829136415237948,-3.9874505482512315,-3.821077725451297,-3.861463131037916,-3.818166831828846,-4.0276338401978675,-3.8268045169533136,-3.8380612147380733,-3.844253605733041,-3.85178950586974,-3.847259260502555,-3.8518676324730587,-3.8514107682823675,-3.851962529628732
2011-03-18,-5.000140281310484,-3.9437640386295736,-4.083775747867785,-3.9286620266782672,-3.9384146607791566,-3.941123824450632,-4.143480160190078,-3.9369440119344747,-3.9462060079494132,-3.941401982876487,-3.966730932841093,-3.963460904481938,-3.9670401035376077,-3.9666307135941565,-3.9670227975302814
2011-03-21,-5.026815127339741,-4.308404703148529,-4.388244026302508,-4.29783976530393,-4.305805072564037,-4.3184619359969325,-4.448037721434173,-4.303028558468674,-4.30942010741128,-4.296298015086361,-4.3247991717906,-4.32033144810876,-4.324758816876036,-4.325153194834712,-4.325063535149809
2011-03-22,-5.039095629468143,-4.372790977891361,-4.481380834922679,-4.364028104022449,-4.379328490785793,-4.384826297675669,-4.526153399382028,-4.369353299034951,-4.3791853585202585,-4.3516725827191145,-4.391730625929888,-4.38664726213789,-4.391486052794027,-4.392198603117061,-4.391968616102321
2011-03-23,-5.245805020999388,-4.399379035637525,-4.565392387969603,-4.3922513684766225,-4.408966149331245,-4.404715777167852,-4.633004785704273,-4.39630168374674,-4.404232858735161,-4.394945205203969,-4.427919449658367,-4.420458343458982,-4.427616709247963,-4.428590855707509,-4.428263073188448
2011-03-24,-5.400605357179431,-4.593676140871925,-4.711658479629344,-4.5852869134309895,-4.601756773016678,-4.60347080564322,-4.77319066887949,-4.590452107132985,-4.598235686126651,-4.580311856883268,-4.615834032421029,-4.608947932555369,-4.615652225215869,-4.616685895611956,-4.6161074768847845
2011-03-25,-5.394904023653789,-4.8484775002711835,-4.942130353042322,-4.842599084189215,-4.871911032971694,-4.860341556745866,-4.979364715416445,-4.846709869395917,-4.861472916376367,-4.828641922182241,-4.8650793881818,-4.862805301797067,-4.864805378046233,-4.8658475738230536,-4.865328210448589
2011-03-28,-5.427886282955444,-4.924732270071239,-5.020585002814685,-4.915921814070012,-4.94201629851818,-4.948027437293674,-5.054067307158412,-4.922228658514966,-4.941351318934895,-4.894150664655416,-4.941542207436789,-4.935496922971515,-4.941719328411811,-4.942582113845944,-4.941827678796784
2011-03-29,-5.427608325876231,-4.86744914127533,-4.950752498916651,-4.862928251986238,-4.884548560321756,-4.8674820242016805,-4.967595948086616,-4.866271507973963,-4.878311867657167,-4.854517857009138,-4.880013642279589,-4.8768025277413685,-4.880047648050219,-4.880691511371748,-4.88014969871933
2011-03-30,-5.417189311806968,-4.999541204893565,-5.007375072718803,-4.995259427101809,-5.009458455846721,-5.00325532678635,-5.0141986294853655,-4.997974379135914,-5.01327123277918,-4.987337688650431,-5.0013264203168815,-4.99973674444783,-5.001235738791656,-5.002000951852699,-5.001405490017775
2011-03-31,-4.929239260443523,-5.098098043417711,-5.118108686151532,-5.092630492480842,-5.100615595640087,-5.099888614667947,-5.118865910361206,-5.095904799519393,-5.108688292248695,-5.085952427185281,-5.101150853508508,-5.100940692961449,-5.101360167948375,-5.101792078277234,-5.101226280455772
2011-04-01,-4.83396304090412,-5.020102378638171,-5.053459818948628,-5.015766930043715,-5.042435198040093,-5.029857313151053,-5.0883147668247295,-5.0182398535373185,-5.032659413301798,-5.0071290985996155,-5.027471404104935,-5.023073465486812,-5.027317579817013,-5.0282308364371,-5.027655437111556
2011-04-04,-4.7247920037390285,-5.161751495571951,-5.152330822857909,-5.155887777782145,-5.170352267454634,-5.1768087614574085,-5.189742650379736,-5.15938459204104,-5.163865978815956,-5.156067089892737,-5.163372970874559,-5.161457038819183,-5.163424021505479,-5.164078084057558,-5.16356635867719
2011-04-05,-4.614889139451312,-5.034548002491775,-5.089035432195874,-5.030145234316657,-5.041830983693985,-5.058008876598402,-5.133932281222613,-5.0323817456130575,-5.0391053376665536,-5.020617247020209,-5.045958107970748,-5.041325992703296,-5.04617605122033,-5.046645769610526,-5.046219177046748
2011-04-06,-4.521844359842261,-5.071569654772477,-5.075062565074145,-5.070403472812282,-5.089961511969747,-5.0964864537899945,-5.085728544972303,-5.072090338927289,-5.084578395065657,-5.044855773758955,-5.07411012009138,-5.071784211510055,-5.073952294806993,-5.074551903945575,-5.07426354748222
2011-04-07,-4.6940572558821385,-4.41274755220014,-4.579687473094621,-4.404407913655611,-4.422066174868316,-4.424459711363742,-4.6553464142451535,-4.409158374590607,-4.4158544608631,-4.406273564850725,-4.441325728087279,-4.4326545076038535,-4.441240551120586,-4.44167873637166,-4.441663485639013
2011-04-08,-4.723399050674993,-4.6329396270905505,-4.830428461465366,-4.625104091465379,-4.643775828028775,-4.649350798167542,-4.897203047986083,-4.629889144853098,-4.63986946358428,-4.614903117283559,-4.665519515806114,-4.655920694158333,-4.6654503995418395,-4.666032061466149,-4.665861723639715
2011-04-11,-4.629345940430152,-4.626230122808831,-4.785450352488263,-4.6210314620191015,-4.671384299342642,-4.635688414191921,-4.805456362308627,-4.624726037073333,-4.656014416634229,-4.612583496068455,-4.6505157183034695,-4.646490391518475,-4.6507951155492,-4.650866008177861,-4.650756868408605
2011-04-12,-4.768438022581721,-4.507267335391813,-4.612850773029947,-4.503372348585568,-4.523538760580147,-4.520441655075979,-4.620333808703378,-4.506854153666331,-4.524792044491612,-4.48674737766016,-4.523670084544776,-4.518813917705723,-4.523703141183333,-4.523881492476429,-4.523830371382486
2011-04-13,-4.918465440192204,-4.5053885488576455,-4.601568123602659,-4.495866465144349,-4.516843625949932,-4.52076419643064,-4.618156991632872,-4.502232306402337,-4.519558637064155,-4.479258457541928,-4.520865384974175,-4.515543114507151,-4.5206751545473365,-4.521195898114222,-4.520996197378658
2011-04-14,-5.105566825880794,-4.590094693463274,-4.708874822396195,-4.5807173056975214,-4.615342942310347,-4.590360465845948,-4.739210784068329,-4.586125339125223,-4.6079510570697355,-4.5840418510060434,-4.609175800914167,-4.607116960098592,-4.609422859877971,-4.609863244213684,-4.609402309964785
2011-04-15,-5.254990004581977,-4.737227939799276,-4.818011816206144,-4.724970164371447,-4.752852350228748,-4.733518510233029,-4.865159867078495,-4.73121900171316,-4.7455909975326005,-4.741488275659824,-4.752910861529849,-4.7476018335972,-4.752903232536678,-4.753878399043232,-4.753165883275555
2011-04-18,-5.660356474343314,-4.529442150733259,-4.614019369258453,-4.516374002705136,-4.53908106870575,-4.528377604683457,-4.642831165198293,-4.524863437383087,-4.539261245161179,-4.524461486868341,-4.544554154957321,-4.54004417498028,-4.544583251494769,-4.5457522280123985,-4.544762928661611
2011-04-19,-5.535132516827664,-4.994095290027338,-4.942508245625751,-4.978995683155326,-4.993945589356267,-5.006493819622292,-4.960141566137032,-4.98744588458304,-5.005928522650991,-4.971211955903466,-4.989915180045803,-4.994867786827843,-4.990310396204687,-4.991305503674699,-4.990020367345512
2011-04-20,-5.502241376087014,-5.090101174836796,-4.986162833792127,-5.076777276917919,-5.097459397787979,-5.093656817847641,-5.022156607331904,-5.084593303433461,-5.092286901660882,-5.08814353613855,-5.080779390491168,-5.087884791660565,-5.0812062641004045,-5.082225157940938,-5.080943528585868
2011-04-21,-5.569945836108331,-5.203349697103893,-5.103900752109968,-5.189258050204096,-5.207899708998051,-5.226095247801306,-5.116621049283767,-5.198774219177941,-5.213214824069654,-5.183676915598735,-5.192815615527197,-5.203574260852898,-5.193185156219198,-5.194577657197425,-5.192977178421502
2011-04-25,-5.459560949532265,-5.2682301867088075,-5.248368503662577,-5.254551274404759,-5.2872444606798386,-5.2758073533608565,-5.278049395633308,-5.262749367505839,-5.283843059826204,-5.2564451452036485,-5.269334211197746,-5.26980634702128,-5.269567427148141,-5.270991802767717,-5.26947217577887
2011-04-26,-5.21629990145399,-5.362296187992943,-5.251859363780851,-5.354321356277724,-5.377405169850296,-5.3687779423937245,-5.232636189220963,-5.3592400109466265,-5.373376664353008,-5.355859805758749,-5.346375521652179,-5.357053098033697,-5.346924563645019,-5.347362047656045,-5.346363891644367
2011-04-27,-4.912985647576361,-5.13653032768229,-5.062637245097012,-5.128599699673727,-5.174299284948008,-5.139520545268589,-5.04630629322169,-5.1337854745394536,-5.163218277334891,-5.119406801789024,-5.12531936969758,-5.1331752277445,-5.125737164522291,-5.126488414863144,-5.125379746114701
2011-04-28,-4.509122341266157,-5.264585147627439,-5.130641510599007,-5.2562810483304485,-5.311564633083365,-5.271134735796577,-5.112796565669165,-5.2615525128115195,-5.291365287215926,-5.2488109226546165,-5.2458347798576765,-5.257006883863509,-5.246666283813755,-5.2465052687433635,-5.245782441914541
2011-04-29,-4.294284296490712,-5.588698646183296,-5.308816376051163,-5.584094947364144,-5.623538851673623,-5.589146858087731,-5.2652179283880285,-5.587314048583504,-5.597210916706755,-5.598245711176706,-5.5467890236941235,-5.562642756546334,-5.547229633104999,-5.545725606671982,-5.54649235619389
2011-05-02,-4.26105625600008,-5.158513109571341,-5.097238878948467,-5.1521255157045625,-5.193955915434523,-5.161456702457393,-5.083583266862961,-5.156564603384369,-5.178422475567953,-5.156419910636767,-5.149623256367839,-5.156330730860424,-5.149855806940488,-5.148965761307231,-5.1496156854681105
2011-05-03,-4.346365645286933,-4.855787064625968,-4.876900282459782,-4.847209651957797,-4.887265419278007,-4.845721405980976,-4.852885615975276,-4.853091663699265,-4.879989810643358,-4.857463622213323,-4.857741993583532,-4.861993371329071,-4.858288366817381,-4.856880040040138,-4.85775089346043
2011-05-04,-4.412673636068216,-4.555446763863678,-4.5705678752793855,-4.552064239706894,-4.591751802834389,-4.554872152451211,-4.554624878823172,-4.554818065216379,-4.577114635168407,-4.552958836760906,-4.556321508099603,-4.559184740522511,-4.556480645822008,-4.555680383104035,-4.556360531870298
2011-05-05,-4.5627550885650185,-4.263436932485704,-4.3397286300703595,-4.259922860340315,-4.312879740480232,-4.262121210373461,-4.348427468852547,-4.263095230579694,-4.291135167275347,-4.2615262107215095,-4.2749744536118035,-4.271629639434438,-4.275040009250421,-4.274537936117923,-4.275129864244799
2011-05-06,-4.589643184268663,-4.315486726665967,-4.408176294068669,-4.310655362645836,-4.353194719676281,-4.316132602115989,-4.437666681624676,-4.314575454790132,-4.340021443445376,-4.313496185915404,-4.330569276341433,-4.326404500201138,-4.330550019301115,-4.330283170940581,-4.330750332126955
2011-05-09,-4.5309946353666275,-4.532676549031263,-4.691127571382285,-4.523995499039684,-4.555678368319405,-4.5406060656996665,-4.724407258612847,-4.530568792006916,-4.547576033133153,-4.522487702301072,-4.559654937225939,-4.553750560154516,-4.559818218018372,-4.559489152894617,-4.559986677551026
2011-05-10,-4.3573394507528835,-4.82329260514047,-4.876357125095878,-4.814515521085675,-4.852860657352704,-4.822196542973671,-4.8754044976179065,-4.820443861929415,-4.844366286565455,-4.819875957308206,-4.831972809230223,-4.832793076191113,-4.83233138911018,-4.831587840255555,-4.832102520816773
2011-05-11,-4.43476149399422,-4.453509690575809,-4.608145808745471,-4.4431332437114825,-4.475829703560681,-4.466708033045379,-4.630135631850686,-4.450358229673112,-4.473327765376688,-4.434111932414446,-4.479227404459518,-4.474787080572916,-4.479633719412684,-4.478944479030229,-4.4795270157885305
2011-05-12,-4.469428332478833,-4.439692450357673,-4.554443777288783,-4.431765995130776,-4.468954530295438,-4.4481639154407455,-4.544718023151542,-4.437540811485354,-4.466088116355472,-4.410806756619378,-4.4559967321951,-4.459423682731573,-4.45601196421842,-4.455694152281941,-4.456128659954036
2011-05-13,-4.546393385147684,-4.457816780078349,-4.649048783683088,-4.451827109253682,-4.491019407270172,-4.455472304236749,-4.669819807230035,-4.456535245521145,-4.479619034622778,-4.446269457462985,-4.486126673704436,-4.4789703676238615,-4.486149980488582,-4.486026576483551,-4.486311933065396
2011-05-16,-4.56321822972242,-4.517772731563776,-4.642176038086024,-4.506153574411765,-4.537796883028488,-4.517687948735454,-4.6427217592999215,-4.514064143056122,-4.5378771748956375,-4.501891906836945,-4.535613157495542,-4.533669569237089,-4.536148608903009,-4.535108853168855,-4.535754558057655
2011-05-17,-4.686624580377974,-4.356083358565688,-4.448555569409585,-4.348374354846339,-4.3883068847481566,-4.3567935762658925,-4.44248446609761,-4.3543457080559325,-4.379564139289306,-4.340981538230811,-4.368552325222554,-4.365480465459827,-4.368485369419341,-4.368396094556905,-4.368656464220166
2011-05-18,-4.654344585506563,-4.63249353216849,-4.727165521636237,-4.622695076629154,-4.6644838758998155,-4.632323756910189,-4.7410534006968374,-4.628741505578084,-4.658209921620665,-4.6181135495397205,-4.646551003360904,-4.644280198393021,-4.6466887803606145,-4.646706833607538,-4.6467228852122195
2011-05-19,-4.70394380527088,-4.456357831264404,-4.70602023035084,-4.446726707419255,-4.491886061722751,-4.458763540025566,-4.762732341826772,-4.451633024556639,-4.484812263548402,-4.4418023278609615,-4.494631302515928,-4.485291082226355,-4.494788063252594,-4.495182986191797,-4.495029188839918
2011-05-20,-4.803561306892503,-4.566454479806485,-4.720871088576946,-4.557684121500623,-4.588145774169904,-4.564731237923841,-4.7732032650972505,-4.56116021591567,-4.586589856604484,-4.559265640783511,-4.591532957274193,-4.585354474539928,-4.59142610775036,-4.592075248913837,-4.591766580309736
2011-05-23,-4.9051774963348285,-4.549208040303477,-4.74904540434455,-4.5378341222935745,-4.57075570466567,-4.553522659355727,-4.797738950227685,-4.543515483366863,-4.5677947031915895,-4.528259403081439,-4.580794383273357,-4.573229326157129,-4.580602164014151,-4.581746397831197,-4.5811165488282155
2011-05-24,-4.7531174630145685,-4.662728520113656,-4.794954103734168,-4.650649320448718,-4.678324601988839,-4.665611193387021,-4.822518555930254,-4.657441323260452,-4.6806511383185025,-4.642465190164881,-4.684313844000655,-4.6775266860110944,-4.684302518940898,-4.685344603556296,-4.684529406565034
2011-05-25,-4.615973647167438,-4.627713303439593,-4.7741942177840215,-4.612003446316924,-4.626513462712147,-4.616899034137566,-4.806490544012205,-4.619582653092991,-4.6375563697341,-4.622815326279693,-4.651007919536444,-4.645374367342882,-4.651112337306997,-4.651720235515231,-4.651152313004261
2011-05-26,-4.5752213175798415,-4.5912539600094995,-4.779346968554424,-4.580357846694407,-4.607828958994403,-4.588405810292273,-4.830325986348285,-4.58589708229794,-4.608274368088401,-4.587013708112768,-4.621446569287605,-4.617135580587913,-4.621574261701849,-4.622538145947326,-4.621716356602462
2011-05-27,-4.483230677691434,-4.854232906388374,-4.997465722026161,-4.842374811441877,-4.859369183970963,-4.849613644408274,-5.020931794212744,-4.8484903233197265,-4.867581463878221,-4.848351682590942,-4.875746812963106,-4.870455141734345,-4.875890359693907,-4.876358850502462,-4.875870174175915
2011-05-31,-4.458163016100923,-4.837908779232759,-4.9781489331127124,-4.826749391917563,-4.851793303443853,-4.840992064819712,-4.9971937132654825,-4.833341649877025,-4.848162578595363,-4.82184517836491,-4.860574143738952,-4.8555207318717635,-4.860569664148305,-4.860886461509237,-4.860753613767506
2011-06-01,-4.4577612281845544,-4.4684583039268535,-4.643392716937045,-4.455924173692579,-4.470418077559194,-4.4640477052507395,-4.684492286896189,-4.462133559759484,-4.4738171415957675,-4.45620178796363,-4.49591200219113,-4.491949822120122,-4.4962693536267455,-4.495653262675134,-4.496103326916731
2011-06-02,-4.614005229355571,-4.392808627982707,-4.476340560766132,-4.381061076179842,-4.384192141628317,-4.395220948625616,-4.510538044139929,-4.387032094266842,-4.396268044450178,-4.370850372532788,-4.406612082703339,-4.401668390530748,-4.40674293640592,-4.406270662941439,-4.4067179056819885
2011-06-03,-4.538683486783557,-4.45621019657503,-4.5858016884120625,-4.442220959242529,-4.459911336690521,-4.452441141548674,-4.615724618731458,-4.449371570746792,-4.466425640130558,-4.453738176645471,-4.476588160401078,-4.475197797329801,-4.476565602584788,-4.4765187513496665,-4.4767319332871525
2011-06-06,-4.485767969451015,-4.481793135856025,-4.6047016339099756,-4.463317688915459,-4.487478182985923,-4.490316734832998,-4.640168658950597,-4.472939406000227,-4.493885034829837,-4.4588887215819035,-4.502287777872666,-4.498589854645429,-4.502340452927924,-4.50233426839981,-4.502464540913057
2011-06-07,-4.519734571803488,-4.594159054237606,-4.675623022064765,-4.578963648666891,-4.5866538123151495,-4.597704023899494,-4.705385429338999,-4.5855851415740085,-4.599712876987208,-4.573663529100711,-4.609436412042575,-4.605241438581267,-4.609533504742103,-4.609375839960928,-4.609544420697099
2011-06-08,-4.3877230488919,-4.3690787044620985,-4.51660217084835,-4.349469098089468,-4.382404499195308,-4.370371149247789,-4.54496879047079,-4.358863024415234,-4.388377144593547,-4.352036054461426,-4.392397835639472,-4.390236923426089,-4.39242561716486,-4.392278668859473,-4.392573844692026
2011-06-09,-4.096925370283856,-4.702542006917208,-4.784645278386477,-4.680702754219825,-4.686980478700622,-4.703644950127835,-4.803547141043408,-4.689697032227179,-4.700456332057929,-4.697534171377987,-4.717523172261709,-4.716614552491166,-4.717699209089123,-4.717415872212315,-4.717615936140973
2011-06-10,-4.086116137256625,-4.355336809151912,-4.473356249080017,-4.331215291863787,-4.343947538236782,-4.357525547245501,-4.514929271083627,-4.341486420518334,-4.354188954170009,-4.351912182576423,-4.375731436981244,-4.372825748385539,-4.375575472601296,-4.3745150080317865,-4.3758376640345045
2011-06-13,-4.105299501145716,-4.399059205925528,-4.579127418990113,-4.377262825442493,-4.406733925240621,-4.400846438923958,-4.595315783822994,-4.387756822097238,-4.414350377767108,-4.385106267567176,-4.426161305001725,-4.42380064539643,-4.426276843932581,-4.424856082140634,-4.426317368837549
2011-06-14,-4.114192464777599,-4.717161510347189,-4.806666261250523,-4.688716461343794,-4.691481389763499,-4.722582837776133,-4.82120930557406,-4.701652503923993,-4.722104853802678,-4.694478585517937,-4.731676897013868,-4.737976014862455,-4.732180322878405,-4.729765345096969,-4.731740678705663
2011-06-15,-4.289509048719479,-4.181065283349385,-4.393931567139727,-4.161720001482009,-4.191639647212777,-4.1784317716902635,-4.452203411502379,-4.1698631320295,-4.190252209556159,-4.177882984677656,-4.215347499139644,-4.211394565097884,-4.215404621885397,-4.213204944265462,-4.215596212856319
2011-06-16,-4.093705060842652,-3.9795807972718658,-4.216196950777055,-3.9618569405601076,-3.985828129091622,-3.966973423557941,-4.26916160178181,-3.969769718282129,-3.989977486637111,-3.980233957413271,-4.016429840007854,-4.011770308585314,-4.016179056404057,-4.0147981377179995,-4.01664116517787
2011-06-17,-4.090300393842417,-4.146640604106256,-4.312865581159087,-4.1336261704520405,-4.167181038405463,-4.154194727213126,-4.339803750763939,-4.1405822482695145,-4.161061407510025,-4.12730599350782,-4.172825591057695,-4.166650117772757,-4.172857264454338,-4.171858776410188,-4.173053158063397
2011-06-20,-4.088906083668161,-4.279570573990953,-4.501957193618299,-4.259383636269536,-4.274949907733506,-4.2890653964822425,-4.551126405949035,-4.269717796381794,-4.285488189796692,-4.25746936184997,-4.315630358867071,-4.31022229330166,-4.315638968860468,-4.313931896047816,-4.315912164237337
2011-06-21,-4.0728078079939465,-4.587898800282846,-4.655018427266539,-4.578307248604584,-4.610825817021733,-4.597917826232139,-4.682772195525528,-4.58367363625325,-4.598257200124217,-4.582982979395572,-4.599591007651972,-4.5965983595327184,-4.599403379581997,-4.598382324814435,-4.599728476724949
2011-06-22,-4.089490515730931,-4.445480321649166,-4.611811924165149,-4.430058936307071,-4.450973569679655,-4.4494049790772765,-4.665422380497209,-4.438015941260322,-4.45349398860294,-4.423840285611489,-4.473621800679299,-4.4676434612640215,-4.473643564342989,-4.471599864511345,-4.473827618883945
2011-06-23,-4.56510147355214,-3.8082038722947718,-3.8967946660976227,-3.805891785704809,-3.835858925190193,-3.8116308156650063,-3.9442361114632796,-3.806322298098681,-3.8160538401461688,-3.8073316385034697,-3.8247157224519883,-3.8185780471611563,-3.8245038422737596,-3.823535711217193,-3.824878018982194
2011-06-24,-4.767341452585369,-4.114551522218499,-4.335285830471327,-4.103771212124967,-4.143693558098036,-4.113490925436403,-4.4073768278500625,-4.108198963447942,-4.123079156077582,-4.119733086819842,-4.15209869020951,-4.1465668790758325,-4.1522811598561,-4.151563253226928,-4.15243625793589
2011-06-27,-4.843555160857742,-4.241749722966121,-4.417614339047297,-4.2287739592686595,-4.257407435489677,-4.2573948707196445,-4.4941764631737735,-4.2352397587123845,-4.251514379085808,-4.217813733158009,-4.273686383585746,-4.263631363363883,-4.273656578104499,-4.273679568726338,-4.274030424259617
2011-06-28,-4.796979042797247,-4.452467756652787,-4.622464935007955,-4.441552113611513,-4.4573505054448255,-4.455044397812234,-4.671745448541307,-4.44610330681112,-4.459094402628851,-4.4397246341906635,-4.481032483366803,-4.475118360987665,-4.480855683890938,-4.481576387963945,-4.481278228382665
2011-06-29,-4.920877193565479,-4.399505642219436,-4.506569890094052,-4.390076311606676,-4.37649531444683,-4.416389987147102,-4.536695868504052,-4.3948155285480315,-4.402559759016287,-4.343141471995071,-4.417937973370521,-4.4133838815558875,-4.417784748571159,-4.418399895139322,-4.418111776376659
2011-06-30,-4.977967557270249,-4.45315574954103,-4.662841124418264,-4.444108272780906,-4.4691410747289835,-4.451213980135466,-4.7248260857526345,-4.448917155423491,-4.458477078607524,-4.442008376646268,-4.48759116591384,-4.481040906818059,-4.487592546592519,-4.4886233891066345,-4.487885373387783
2011-07-01,-4.8488493980818665,-4.65804778765403,-4.727659232031261,-4.651372141221568,-4.687354542717307,-4.661524830901691,-4.761377245941967,-4.6549792050427525,-4.666866693552414,-4.644048900082174,-4.669897627606948,-4.666296760002348,-4.669891027464029,-4.670839722425732,-4.670052618704686
2011-07-05,-4.645663199982347,-4.6444286671002795,-4.792785809124925,-4.636305305400547,-4.655878627903007,-4.635238313863623,-4.8314197137778425,-4.641375052561801,-4.651379679499725,-4.647491952856026,-4.6686660386656955,-4.6656140265082975,-4.66868660838012,-4.669650832372696,-4.668874901421984
2011-07-06,-4.587653990723709,-4.645568618937075,-4.8111028197213,-4.635671496006571,-4.642243155517586,-4.6419039948053324,-4.842144546301525,-4.6414451827614815,-4.649359712225719,-4.643044069417427,-4.672457634166969,-4.668820885508304,-4.672495630078403,-4.673294587817237,-4.672683619083574
2011-07-07,-4.253331844732111,-5.102822297567765,-5.059838763396788,-5.096813207845774,-5.093546833691427,-5.102040180458312,-5.052847390808243,-5.099620173079207,-5.1069048311384355,-5.102587961910139,-5.096639652878078,-5.101306538079038,-5.097054255137279,-5.096732843629252,-5.096639385057797
2011-07-08,-4.150068318794258,-4.6960720384840045,-4.813487921554884,-4.691125448469729,-4.711452546062317,-4.696778500361173,-4.8572083783433575,-4.6940017833577725,-4.701330738059713,-4.691492817786458,-4.716511282766288,-4.711581572805278,-4.716456878245937,-4.716930177471177,-4.716743763147374
2011-07-11,-4.161320980353471,-4.529972609643232,-4.6861509017759255,-4.522024798630093,-4.548961189759863,-4.529251782377784,-4.720695863491651,-4.526709552681393,-4.536343932029455,-4.528378385570798,-4.5550102602088,-4.55102829987319,-4.555126820099114,-4.555037227306647,-4.555257577688434
2011-07-12,-4.2841455174823135,-4.325501074954776,-4.397773686390749,-4.320574225275326,-4.340393810225953,-4.322463967287346,-4.421540179089314,-4.322550005706831,-4.330947202196851,-4.335469514439503,-4.336859002626945,-4.336585866798263,-4.337009863758824,-4.336527681299442,-4.336973437122585
2011-07-13,-4.357728887836894,-4.4636303058323135,-4.5941014526047566,-4.452914812641805,-4.467476335229959,-4.459399245068401,-4.640499279927707,-4.457168985177438,-4.468478243296506,-4.465271080528893,-4.4854609627720885,-4.479409795630397,-4.4852249796535215,-4.485205468613345,-4.485622267887469
2011-07-14,-4.499966023232271,-4.080568068153381,-4.229857109136632,-4.0733430354526705,-4.097175830901109,-4.091457561977678,-4.28473912948451,-4.076113024213561,-4.084923559794301,-4.065165762239013,-4.106096842933732,-4.101017764883907,-4.106342283565355,-4.105887631451909,-4.106352541696979
2011-07-15,-4.7105914767611585,-4.14735100905832,-4.345807169241401,-4.13981982540056,-4.15976100064059,-4.147850482980084,-4.423723178631023,-4.14240186408006,-4.1485762636977705,-4.1474697012350825,-4.182220537087752,-4.17459338023062,-4.182155744165338,-4.1825976796809625,-4.182586350366348
2011-07-18,-4.775845831529566,-4.285027044384448,-4.401612169968223,-4.271132487386471,-4.300914713084461,-4.281628827068496,-4.450639670505027,-4.277488133679504,-4.28917597570844,-4.28239443802463,-4.306157156820604,-4.302290517131006,-4.306401868322834,-4.30666615393823,-4.3063441278975025
2011-07-19,-4.797817666079037,-4.45137278785229,-4.519368210620339,-4.434461309660041,-4.446964178984773,-4.444065953636574,-4.572250871394375,-4.4414971717877965,-4.448007886179531,-4.453942572648056,-4.465525733252081,-4.464448716436551,-4.465927895108612,-4.465774193784346,-4.465590738722014
2011-07-20,-4.482759338622001,-4.595287211726303,-4.64083225617333,-4.58413120854801,-4.593350667253851,-4.593594462934748,-4.668924501417139,-4.589200492038183,-4.595082986320687,-4.5987700698634075,-4.604647696234856,-4.606422758303518,-4.604728902975958,-4.605008561652353,-4.604709338397145
2011-07-21,-4.543483930891666,-4.354107842707562,-4.41751641004707,-4.345711482893142,-4.358218123722884,-4.358123980074188,-4.4838899984321285,-4.348987021878643,-4.351277069103297,-4.348950420507343,-4.368356068388004,-4.362443485251835,-4.3683627384153745,-4.369011151406454,-4.368540316002985
2011-07-22,-4.178736425443852,-4.743169499687631,-4.835792891287866,-4.732088106040399,-4.752664993267339,-4.75909772908794,-4.885502306955389,-4.738240063181147,-4.744247857721682,-4.721435663539325,-4.761628996405198,-4.755499774191454,-4.761912287514179,-4.762997366472215,-4.761956399590084
2011-07-25,-3.865914861691669,-4.6379026491549435,-4.831273389215194,-4.622711688485541,-4.653471845069463,-4.635300063908481,-4.874814905540088,-4.6300339096785565,-4.64218035999914,-4.634209370825146,-4.670127358811752,-4.665961543984322,-4.670077186449274,-4.670127783225568,-4.670401627917686
2011-07-26,-3.7244370859227747,-4.719345554492788,-4.792345510911582,-4.708457197185688,-4.732674170571374,-4.725041696442933,-4.798638461754197,-4.712804715868386,-4.728043940747616,-4.707026253424466,-4.731653805672673,-4.733437910224427,-4.731932724940356,-4.731145357504964,-4.731730574808272
2011-07-27,-3.533236299341584,-4.23212552929497,-4.337474007689765,-4.226066417880419,-4.265705872726183,-4.239041753540961,-4.36830777770357,-4.227434771603264,-4.24108903955312,-4.228075155837464,-4.2502819365809925,-4.247630867136937,-4.250672877927794,-4.2493386563072955,-4.250491962794154
2011-07-28,-3.1849429410727486,-4.48106364271674,-4.476870302889689,-4.473477701495249,-4.532592566780162,-4.48276380762177,-4.504784526490208,-4.47553206497814,-4.491978051724249,-4.4980294267735985,-4.482318801837896,-4.4871526650301305,-4.482773790870451,-4.481638561742028,-4.482362085916329
2011-07-29,-2.4933741461004955,-3.9865592482014693,-4.040978448474193,-3.9802830549361907,-4.022028831047741,-3.9910202569585307,-4.085371471866575,-3.982078491798159,-3.993051135838025,-3.995445174616685,-3.998405177826991,-3.9945111735666305,-3.99856699921276,-3.9974697564730435,-3.998563589434406
2011-08-01,-2.0760562329897208,-3.7643676240869914,-3.782881321088837,-3.7604515689623748,-3.8015694222664744,-3.7664730662697523,-3.829862509324046,-3.7605955911730344,-3.768849075423062,-3.779669184164712,-3.770867576827449,-3.768449774750237,-3.7709369521170504,-3.7700115802016203,-3.770977896875733
2011-08-02,-1.7203807970409508,-3.853476498768345,-3.956613426325015,-3.846472576460039,-3.8822374069863406,-3.8539620094610623,-3.999369612794584,-3.8477252487443017,-3.860393478299031,-3.87297600495232,-3.8723527758440093,-3.86947897700117,-3.872290398605744,-3.8714891763685846,-3.872527130216983
2011-08-03,-1.5829693729841816,-3.5091744111178733,-3.492480084066465,-3.507687545490121,-3.5381879043570974,-3.5127364226129014,-3.4998545106292154,-3.5074913373608374,-3.5163007427892112,-3.521055633204763,-3.507286253548797,-3.509382964159541,-3.5072701607102275,-3.5067271839008467,-3.507347200960025
2011-08-04,-1.5382651100018598,-3.1855066503624525,-3.2654190590140315,-3.1846699449202585,-3.2246917022834634,-3.185648443216661,-3.279685898024321,-3.1850055836030164,-3.1964677469007943,-3.184115230988156,-3.198673380182672,-3.1937316242316394,-3.1986490898363535,-3.1981512374121115,-3.1987946465743073
2011-08-05,-1.7066196962215028,-2.4092208802095,-2.3942884552924606,-2.41785827216868,-2.4632676470570676,-2.4265951175693936,-2.386690647391895,-2.4155232520411007,-2.4235341940925377,-2.392874037829742,-2.4069116965210453,-2.4050073000154706,-2.4074318131016095,-2.4064384789328606,-2.406989995286253
2011-08-08,-2.003040509045878,-2.162097081193379,-2.223744255639551,-2.1644956396097697,-2.189387963686215,-2.170541555599672,-2.2455508238889914,-2.163991743253168,-2.1682665233671172,-2.157846341745791,-2.1729396229417413,-2.167281793278769,-2.172829247317411,-2.172464216445946,-2.1730685114755954
2011-08-09,-2.4582808752904692,-1.9218093690597524,-1.8600488229069827,-1.9397944387387336,-1.9547418852572929,-1.9213570014384056,-1.8709202022724312,-1.932919336768236,-1.927052501541283,-1.9341522333814587,-1.9125939494478952,-1.9121574878678342,-1.912398524668139,-1.9123388949466853,-1.9126373703075685
2011-08-10,-2.891378229608844,-2.0265205425287482,-2.0626671510929944,-2.0373854138712257,-2.0587915477048195,-2.0255346930053,-2.0848523609981253,-2.0324660936249446,-2.0329506706641927,-2.0373996892400474,-2.0327935234195924,-2.027587725342266,-2.0326703700577435,-2.0325139682684026,-2.0328947352162334
2011-08-11,-3.016953945316847,-2.151300883766809,-2.2829516253864157,-2.157095756767028,-2.183841019297074,-2.153415135524721,-2.3342496848914087,-2.1539756456797394,-2.157773141607065,-2.1571641136520956,-2.1736750466888743,-2.1652102418324377,-2.1733706032005826,-2.1733162267526653,-2.173854407508502
2011-08-12,-2.9883180508357694,-2.4110192653388074,-2.585588006366699,-2.410823154413578,-2.429575664060947,-2.4146862524906627,-2.6562906413267537,-2.408421280271853,-2.414919755205336,-2.420865962822039,-2.4420558045131426,-2.4350805207598487,-2.4418391740294387,-2.441796419853049,-2.4422941151782487
2011-08-15,-2.852557574179953,-3.0200668038225627,-3.2267737907221736,-3.0207602212520364,-3.0293960287330655,-3.0253468716524576,-3.2838411284335813,-3.0204042634081287,-3.0229536698853905,-3.014146832985409,-3.055610209782974,-3.0485243161574163,-3.0554600783896584,-3.055479241240567,-3.0558772807421426
2011-08-16,-2.810985141750731,-2.851271402735627,-3.0695885642147105,-2.8571125345973125,-2.8725515320235298,-2.8563607477395987,-3.129620813245028,-2.855023238866686,-2.856220485091807,-2.842818024275792,-2.887775427219191,-2.881241997484205,-2.8876996622510145,-2.8876434402268627,-2.8880653665346943
2011-08-17,-2.7691352725276475,-3.1771526194380484,-3.430241005818227,-3.180104543506225,-3.1903333750100282,-3.185799188373945,-3.5081631905535264,-3.1786146404466273,-3.1808389055297694,-3.164325382206834,-3.2206843156187275,-3.2136403529405726,-3.2206465076380826,-3.2205345468149558,-3.221029549403534
2011-08-18,-2.824780154759008,-2.8148767087473967,-2.904808815133638,-2.8279452985581677,-2.8393868600822034,-2.8176031773312227,-2.9372647225954926,-2.8213199713839536,-2.818235878939065,-2.8189324957364112,-2.830346781938048,-2.821841861087103,-2.830584112078356,-2.830184216001227,-2.830539143905814
2011-08-19,-2.795574035518328,-2.839976440204037,-2.9243049758164426,-2.8475671451479325,-2.8655655824235304,-2.846986242865506,-2.944283418931273,-2.844461210136196,-2.843808794266606,-2.8279678764693434,-2.853292102614244,-2.847201353733483,-2.853141623634271,-2.853132338336085,-2.8534440222797075
2011-08-22,-2.9441894535411923,-2.9046719224214326,-3.092192114582935,-2.908984786347864,-2.9224754424265345,-2.912911536786679,-3.1225069799050216,-2.907942177651563,-2.9081403754969073,-2.881631223370207,-2.935966171429497,-2.929180096816814,-2.93560201781921,-2.935728626505853,-2.936189793374417
2011-08-23,-3.003405899386404,-2.8691481839639428,-3.009349052984393,-2.8708979587901475,-2.8778182728529034,-2.8695809305733895,-3.0626904177511736,-2.870058461303697,-2.8697147490422728,-2.865729742296822,-2.8942608293564582,-2.8901671093073205,-2.8941315298365478,-2.8941095531960666,-2.894454741950401
2011-08-24,-3.030862136949379,-2.9659928808883214,-3.080523581653122,-2.9670608441168267,-2.983199737035597,-2.9768871540703334,-3.110095535066078,-2.966581773376467,-2.9692229260673892,-2.941712200401947,-2.9854414491538455,-2.9794208351552074,-2.985331040014051,-2.985236818710161,-2.9855711798947104
2011-08-25,-3.0846249613984376,-2.79528942038898,-2.953093706922346,-2.794742757491852,-2.7989248518661793,-2.7966912571974203,-3.011604924970618,-2.793859371903598,-2.7951609386166405,-2.7873896496045307,-2.8244874129233697,-2.819041694664899,-2.824305319415529,-2.824360202037699,-2.8246863255536754
2011-08-26,-3.378904106917415,-2.704973992083537,-2.838358461214852,-2.7110977672050907,-2.728279992877638,-2.7081550538461916,-2.890285145202537,-2.7076488574765643,-2.706935722137415,-2.7128221216888533,-2.7291497265498386,-2.719539027290617,-2.7289611588579534,-2.729102873015215,-2.7293835743224286
2011-08-29,-3.2675927299349676,-3.4557656420043674,-3.685573115419013,-3.4551656974396017,-3.4624805610838125,-3.4594375780531097,-3.742166921684822,-3.4556034446728128,-3.4568445562991394,-3.435361965174135,-3.4963871843378937,-3.491288364587837,-3.496335778878924,-3.4965870668693007,-3.4966443754170586
2011-08-30,-3.4107232757669017,-3.0381124267732753,-3.198182178987324,-3.038254409293679,-3.0599080955737104,-3.048172037423886,-3.23306922318803,-3.0387542655053235,-3.0408454783643086,-3.012195651424634,-3.0666053114729457,-3.059859990224529,-3.066642469423397,-3.0666741832248756,-3.06683521846266
2011-08-31,-3.354405381506893,-3.1179996274086874,-3.313060920623919,-3.1201952279498983,-3.144674527357106,-3.1280858698993828,-3.364868062678126,-3.118756840334725,-3.12060218561082,-3.1023554626010923,-3.152906429989011,-3.143846142903147,-3.1525107902108918,-3.1532052984714243,-3.1531839183388923
2011-09-01,-3.305016849876675,-2.958706742593691,-3.149768814190183,-2.962306793711069,-2.9915688817527406,-2.9612563258323337,-3.206287059694782,-2.9596179899316644,-2.961079013397712,-2.96805410506248,-2.9927338657670113,-2.98484882871585,-2.992472019172525,-2.993222995494504,-2.9929985577711484
2011-09-02,-3.124980544476279,-3.3391930324986507,-3.546093750126373,-3.3411430380443465,-3.361426281499133,-3.3460360763162424,-3.588826065585897,-3.339823683843943,-3.3414862832319074,-3.318811443055791,-3.375475758300426,-3.365221221949481,-3.3752240079415095,-3.376172610708067,-3.3757328233170374
2011-09-06,-3.0084186828563753,-3.231674584243596,-3.3510728073381286,-3.2353049322891296,-3.2517909576387956,-3.2384200541002883,-3.378237417329617,-3.233820632068126,-3.233550621325809,-3.2162652573775397,-3.2530742678074756,-3.246123855691509,-3.2533126919643744,-3.253479987262108,-3.253272631291693
2011-09-07,-2.8852036981548794,-3.552375853930021,-3.723778136045213,-3.5499425719981077,-3.5632084171561367,-3.557664870230619,-3.7563174150368686,-3.551080922206092,-3.5537665405423664,-3.5383590388957553,-3.5830468501640134,-3.5783291808983257,-3.583282192622426,-3.583174907254184,-3.5832327943242865
2011-09-08,-2.9418353642104167,-3.1958823900284674,-3.3376234057284146,-3.1950229994871044,-3.21873042684057,-3.1981900611714007,-3.3622421071342488,-3.195471068491995,-3.198699606814449,-3.1845044509064446,-3.2204596050863974,-3.2178156355948673,-3.2205648648697247,-3.22032168962536,-3.220573861608006
2011-09-09,-3.1123604808952825,-3.064445914631313,-3.1659772306667264,-3.064336435704413,-3.0848278922447685,-3.0707479734250165,-3.1969607656860015,-3.0641876288022694,-3.065509109193072,-3.0555630676857546,-3.0833779547428746,-3.0797944284863505,-3.083331029176881,-3.0831207457215752,-3.0834989387872835
2011-09-12,-3.254513624125113,-3.027933147684151,-3.1504925376137343,-3.027321817307714,-3.0483354373663087,-3.0347262977565035,-3.195094262863523,-3.0270414308317166,-3.0291769980192123,-3.023731814185042,-3.051588063245992,-3.046730134977879,-3.0514437803486483,-3.0513241883236404,-3.051754633022278
2011-09-13,-3.407063729560094,-3.014287752301992,-3.2345601693904995,-3.0112411574944913,-3.0294628119441978,-3.0198062465438893,-3.3028169051501095,-3.0123333281370717,-3.015254347291922,-2.9996389506597843,-3.0545677121111083,-3.047546608180686,-3.05445185170551,-3.0544200854324814,-3.0547900367311973
2011-09-14,-3.2508478465831923,-3.0444277578175756,-3.1664392694796493,-3.0435788618054698,-3.075820491475062,-3.048778876548739,-3.221175200283864,-3.043715875076289,-3.0458711236889897,-3.055051926456905,-3.0679904966789575,-3.062391709532241,-3.067813090051168,-3.068223596944905,-3.0681889490811556
2011-09-15,-2.9901872589051424,-3.252854663311372,-3.4483076590814186,-3.251461191742502,-3.2738340529841823,-3.2612457559481633,-3.5089079038045585,-3.251877949698968,-3.2545102713663776,-3.2467056910888092,-3.2893786318047784,-3.2856591295506585,-3.2895596436328076,-3.2897546508880935,-3.289620695519265
2011-09-16,-2.829617110276823,-3.3821782343882254,-3.5414290826191204,-3.3794954319000867,-3.3930247856598443,-3.3836305818747685,-3.611982958787163,-3.380542815378196,-3.3825446551373735,-3.3901362191200217,-3.412418144679268,-3.406909201265382,-3.412606267042881,-3.412515371660331,-3.4126204260980693
2011-09-19,-2.7633564313385794,-3.314508272583282,-3.510406100518044,-3.3134035905883654,-3.3366425235679333,-3.3266667517458113,-3.5605706358200226,-3.3140995664890402,-3.3161789497260044,-3.2946756314598056,-3.350138203198868,-3.3421499097863365,-3.3499938112074616,-3.3497051433592153,-3.3503679589441964
2011-09-20,-2.7339583683736186,-3.3934240926953803,-3.563342068085872,-3.3934251759869554,-3.4117445777116333,-3.402255060968746,-3.6087045999904577,-3.393823369374118,-3.394530825529161,-3.3814771045575047,-3.424800412403393,-3.420494215184355,-3.4247810635287546,-3.4239968465842567,-3.425010055590933
2011-09-21,-2.803229680455015,-3.0280096618333245,-3.1597465452345976,-3.028532719674035,-3.0431679082121486,-3.0334178847687934,-3.197774302188154,-3.0286527460415487,-3.0295239994101775,-3.015057974324585,-3.0519562304114793,-3.049098309070958,-3.052372938426479,-3.051100068414449,-3.0521012060957706
2011-09-22,-2.840037359064634,-2.8826201054452647,-2.807764012296611,-2.888816296866575,-2.9136130829944866,-2.8929249914865154,-2.7970312515411226,-2.886364309777098,-2.886238752731196,-2.8731830579501954,-2.8690320014544035,-2.871934510637389,-2.8691196651463846,-2.8686012872346507,-2.869040830313212
2011-09-23,-2.8243080860198333,-2.906178988868627,-2.9679099239139055,-2.908174265095655,-2.9380742313875197,-2.9167150946645246,-2.980331595449964,-2.9079305051697544,-2.9103816587317537,-2.884840587656489,-2.916247288651462,-2.911947655101141,-2.916303014521884,-2.91536525838184,-2.9163323104961365
2011-09-26,-2.6852648345107912,-2.96142107851987,-2.9869354823512677,-2.9631564005720605,-2.9912739235407133,-2.9779413985778196,-2.9862534371732474,-2.963258373830547,-2.9661341695057373,-2.921891404514329,-2.964743258867092,-2.9609880074932224,-2.964652800138805,-2.9637376617939704,-2.964827876678789
2011-09-27,-2.395963189744423,-3.04463739328249,-3.1622479780970134,-3.0453724987871653,-3.062298541379411,-3.0566108554397147,-3.187884137599003,-3.0456006723576854,-3.0472738205786714,-3.0054976621360354,-3.0642118718543063,-3.060430824542178,-3.0642669604078203,-3.063109590666732,-3.064313731604974
2011-09-28,-2.391853114096099,-2.976436883902395,-3.0640059007347786,-2.9765246546659068,-3.0038266915846474,-2.9859603546891145,-3.0792604054336072,-2.9766931719901177,-2.9787893015461657,-2.9491479637977362,-2.9908713624971237,-2.984592551458036,-2.990663192513631,-2.98960308358811,-2.990961107862764
2011-09-29,-2.4546725865946537,-2.866252225485994,-2.914866288141853,-2.8678567347721877,-2.89086712304303,-2.8778149015654915,-2.917542580942531,-2.867730494946457,-2.8677180817487726,-2.8169735678016314,-2.8739153549519725,-2.8694302350410212,-2.8738482224582382,-2.8724195007454196,-2.8739911560897564
2011-09-30,-2.5057144097728328,-2.868655618418289,-2.9825989673868696,-2.873521620962574,-2.8999223225166006,-2.8751695627337748,-3.010845074193254,-2.871394330219341,-2.869327563174646,-2.852293811367458,-2.887757194063034,-2.8783140321922343,-2.8875924350929214,-2.885666228560908,-2.8879203386052126
2011-10-03,-2.7108336933261254,-2.6985499748219275,-2.7154807052736794,-2.7007072382624395,-2.7195247616889295,-2.7048537034232343,-2.7253873475519965,-2.699630448702561,-2.698823615241787,-2.6800189620952906,-2.7017771357079607,-2.698379618470595,-2.7018275427730263,-2.7002860360977063,-2.7018396696589773
2011-10-04,-3.1922648196007306,-2.4103315414729183,-2.394377947654216,-2.412904311279204,-2.435068186958915,-2.4164487316368777,-2.3835181255858884,-2.4115325640483225,-2.4107610971771805,-2.387975986114282,-2.4065210182072776,-2.406515908185961,-2.4064804562605433,-2.4053120782360677,-2.40653822313425
2011-10-05,-3.3694695826614693,-2.7640248966959122,-2.738861413184293,-2.765712356692484,-2.7806396996961693,-2.7697043198625106,-2.7053433376691265,-2.764923681631097,-2.7647532479712527,-2.730179296166412,-2.757431350211073,-2.7604935321890145,-2.7577918112695516,-2.757057576886915,-2.7573877824763957
2011-10-06,-3.4743392574103047,-2.8510045348946496,-2.929678744725462,-2.8480673734472535,-2.8617150775895284,-2.859106587647319,-2.9547011568996266,-2.8498069892326154,-2.851662742608338,-2.797422717640861,-2.8665966281875597,-2.862511671078579,-2.8666444956016957,-2.8662412120099017,-2.866646353093275
2011-10-07,-3.7184052380275427,-2.842162659890238,-2.897797253029391,-2.8408222792209825,-2.8621434609782925,-2.848806899562046,-2.9147272142365512,-2.841694312789317,-2.842953445644692,-2.8176555014938183,-2.852058733208917,-2.8473495561130457,-2.8519646080168664,-2.852080290658942,-2.852113729191049
2011-10-10,-3.7196409892007436,-3.2190234732829266,-3.386782101380339,-3.217713061476258,-3.228587946681849,-3.2246341526237834,-3.4260094353222734,-3.218389615534691,-3.219255663569148,-3.192445613207662,-3.249289394386454,-3.2451273698405387,-3.249239122892671,-3.2496338837177494,-3.2494310530523105
2011-10-11,-3.5136279923482925,-3.3090230657436024,-3.4371229812175494,-3.307316340845616,-3.3147322512280377,-3.3151006403568286,-3.4751925767088077,-3.30874120697625,-3.309152218880998,-3.266892477604625,-3.3329613047420836,-3.32705226015638,-3.332881238731862,-3.3336435154426183,-3.3330644616187373
2011-10-12,-3.4503659849572075,-3.457421748853247,-3.4830286327485536,-3.4570354823359475,-3.4635131522284914,-3.462682750555334,-3.4960380870404246,-3.4574789925716156,-3.457325529355696,-3.429662118270934,-3.4622391491840014,-3.4592040976532514,-3.4624791927681473,-3.4628372440278676,-3.462274114824714
2011-10-13,-3.3461766210259816,-3.4071576458530113,-3.4545969838742283,-3.406335055107117,-3.4198704242856817,-3.4131497853121795,-3.4679972908807404,-3.407102577086709,-3.4064179660980343,-3.3745753107119207,-3.4160576594007255,-3.414237993598618,-3.4160838047904676,-3.416768950376921,-3.4160895444828294
2011-10-14,-3.3291997635722566,-3.700205477311295,-3.748312200535757,-3.6989057132600363,-3.7043893414467965,-3.7067606255149097,-3.7683138909161555,-3.700126507361314,-3.6997758806708907,-3.6682630028821688,-3.7088925328205264,-3.706193748171748,-3.7089215451586575,-3.709423609423215,-3.7089474432604126
2011-10-17,-3.377974010451242,-3.615117728752336,-3.6664800793199914,-3.614727176555525,-3.6285649556288666,-3.6199623608527243,-3.6878951586643165,-3.6150672097125898,-3.6146194110841936,-3.593081426465339,-3.6252365120685197,-3.6219650332436917,-3.6253422825773023,-3.625546188495727,-3.625291494776246
2011-10-18,-3.531292593398353,-3.195409585804293,-3.230999857139153,-3.1947076109373627,-3.2158996004859697,-3.203282656154767,-3.2480685263329905,-3.195163474355362,-3.1950580073532926,-3.157666743425299,-3.2014835444883754,-3.2005082797398807,-3.201401913654861,-3.201705413720027,-3.201528875498276
2011-10-19,-3.4679339951249544,-3.3667885137307847,-3.4170313726963686,-3.364617492916268,-3.3750267101806215,-3.3738632981878074,-3.4457882527627346,-3.366257903722175,-3.3669134499853968,-3.324592759234859,-3.3765534925868375,-3.3731323390677685,-3.3766667367032204,-3.3769431677496415,-3.376596610877279
2011-10-20,-3.61852425746171,-3.1949763422754414,-3.2628931195647826,-3.1943093850165845,-3.2107182251753814,-3.205058825291818,-3.272834456281306,-3.194887907362787,-3.1951422300964722,-3.14934896480107,-3.2059081885901795,-3.2035235886764815,-3.2060754455904825,-3.2064492076735234,-3.2059740404529156
2011-10-21,-3.6517936459775884,-3.5025552304696697,-3.608133352268691,-3.5009752398579908,-3.517378364711265,-3.512474514846439,-3.6570082362090277,-3.502113502657356,-3.5031586527398284,-3.4721340929417814,-3.5227417454520222,-3.5188724632491932,-3.5229032211293467,-3.5234911822365724,-3.5228574692411074
2011-10-24,-3.603364832640617,-3.6802288460345944,-3.7148093641664217,-3.6782645614824996,-3.6788679932459165,-3.6894775571198073,-3.743365565745397,-3.6796696673380422,-3.6803067417794946,-3.6533428940834836,-3.6884543113819572,-3.688418465253479,-3.68856079386099,-3.689252573214011,-3.6885366715470624
2011-10-25,-3.244092147036062,-3.4274702669488177,-3.527813231082199,-3.4277671476642633,-3.453966298546319,-3.4362629344370483,-3.51784021169673,-3.42772905691472,-3.4290550113872613,-3.394351332671473,-3.4417826037479147,-3.4434303979590695,-3.4420258161724715,-3.4425587128740407,-3.4418234964759993
2011-10-26,-3.2659209906575373,-3.3076289297677346,-3.341668421177037,-3.3081847840120577,-3.3360157070145284,-3.3189115484285563,-3.342137562598357,-3.3079168273500943,-3.308660542728962,-3.2889612934294377,-3.3114691929312,-3.3114518214807878,-3.3118806789839215,-3.3117982521140856,-3.311524739058841
2011-10-27,-3.22175306477639,-3.544296200055203,-3.4850502556168887,-3.5447196018052733,-3.5660017598102356,-3.550944347336478,-3.4955345656445753,-3.5442715632821833,-3.544775596420628,-3.5322371911079173,-3.535336545140712,-3.540979507987492,-3.535412210327111,-3.5356083639768534,-3.5353655487532474
2011-10-28,-3.19753938120008,-3.736006537870435,-3.706431571319467,-3.735226024737966,-3.7506693274544087,-3.7450617602390985,-3.6986061254131495,-3.7356972972140565,-3.7365690158697364,-3.7097214215605696,-3.731134580291397,-3.7377886442278676,-3.7315546491918528,-3.73122537587939,-3.7310984366446407
2011-10-31,-3.178819975492639,-3.6476057951324257,-3.6832550379928004,-3.647705787989657,-3.6637118961395063,-3.6537353506584482,-3.683696681193954,-3.6474951295492204,-3.6481583152688732,-3.613975931333092,-3.652933716568467,-3.653543691370362,-3.65334393582099,-3.6527724111744235,-3.652969585317591
2011-11-01,-3.5403864892916994,-2.9675219554926677,-3.0379168847461573,-2.967006243025588,-2.9872378614058213,-2.9735837199863426,-3.051781138554239,-2.9672337983225803,-2.9680235130741264,-2.9379792308100696,-2.97872560008888,-2.9774086386458407,-2.9791079855736413,-2.9783660639891454,-2.9787800574286516
2011-11-02,-3.543276638858171,-3.297023342674363,-3.4262190461906554,-3.2960690185682644,-3.3105774674529607,-3.3008436913422976,-3.4727743169664733,-3.296707323550016,-3.297281615906522,-3.273142938492484,-3.3213974091715155,-3.320389852528595,-3.3216185265477374,-3.32158177696974,-3.3215530994364584
2011-11-03,-3.5407942891649458,-3.3447601202010757,-3.347388047564327,-3.343350539304508,-3.3604862703298752,-3.351132320879616,-3.3701584390980517,-3.3443101521277137,-3.3453969385706954,-3.321530074595608,-3.3466290365741544,-3.34619546338872,-3.3466840495190575,-3.3468700319314384,-3.346660680764002
2011-11-04,-3.601601780605295,-3.5236555562369976,-3.6418152720892634,-3.5226651659537276,-3.5480760920201404,-3.5327766143562154,-3.6688882473844666,-3.523347346249972,-3.525445909382027,-3.4942214600997894,-3.544111153686919,-3.5409811192616534,-3.5442357656475445,-3.5445533486514114,-3.5442373896360646
2011-11-07,-3.6309866186501893,-3.475831869681349,-3.6113285507849398,-3.474520393372771,-3.500459924770863,-3.4839116311145273,-3.6548612655129364,-3.4754460673221854,-3.4773265045443775,-3.4507792726314817,-3.50072553966761,-3.496461791218496,-3.5006372655878963,-3.5012795290244796,-3.500876301512882
2011-11-08,-3.614399606514202,-3.554990400924164,-3.678594318131781,-3.5542059055006936,-3.5740724342985923,-3.562303145493031,-3.7391739953777203,-3.554691374451955,-3.5560944344149683,-3.5343939738231027,-3.5791100525661865,-3.5759509063636594,-3.578972610693211,-3.5798503609676926,-3.5792677526607597
2011-11-09,-3.688743263455,-3.4447248866175744,-3.5865268161581163,-3.4447232654876263,-3.469154060989473,-3.452795399947247,-3.6335061181614154,-3.4445511661752883,-3.446422177446391,-3.4180699524762628,-3.469949062147652,-3.465113147090923,-3.469889898036133,-3.470708328785749,-3.470100143711116
2011-11-10,-3.5813911799987004,-3.472968478461884,-3.537576087444811,-3.472570776571209,-3.4862517918194817,-3.4835029740041863,-3.5627615005173605,-3.4729583232258423,-3.47390675762931,-3.433001491160043,-3.4847255047466827,-3.4808355576223873,-3.484820131913667,-3.485820891164858,-3.484790906576966
2011-11-11,-3.487167723092398,-3.8704516721599336,-4.068909531229518,-3.869685555429656,-3.874977118159481,-3.879451283428709,-4.129441756220645,-3.8707405753107076,-3.870753778746845,-3.8352646952014924,-3.9083273492066155,-3.900299760183117,-3.9082670701779576,-3.9097481576603488,-3.908520818931703
2011-11-14,-3.439536120668636,-3.7121043117832215,-3.932181005690861,-3.7116468072024875,-3.7250963018342196,-3.717554740666649,-3.987374489860964,-3.7122230857836636,-3.7124119980508885,-3.6845040995200318,-3.751710135261792,-3.7467520615452505,-3.75135882327436,-3.751972728033183,-3.751887138381901
2011-11-15,-3.4609062026588227,-3.5514133603576825,-3.7579740418477123,-3.5508282306586993,-3.5617497912556484,-3.560738005815247,-3.80949336022689,-3.551599161438636,-3.5514733238348684,-3.5023241878226594,-3.588680474265343,-3.5824145793566715,-3.5888019643844804,-3.5882148885243716,-3.588822956364376
2011-11-16,-3.444280330169772,-3.6010904493712865,-3.767841111743322,-3.6010706143861,-3.6272787360800236,-3.6093605257946675,-3.8069197573772153,-3.601338751558802,-3.6015343476679833,-3.5589075886464063,-3.6304525934046437,-3.627113201002179,-3.631069973425303,-3.629892876463175,-3.6306220967157787
2011-11-17,-3.589700066561503,-3.3679332582096695,-3.4981384577623498,-3.3679342509751726,-3.3919565490345125,-3.3737316894256333,-3.5221856920138968,-3.3679885085564534,-3.367353393859894,-3.336278494289983,-3.3898449381022906,-3.38464958069493,-3.389836094473154,-3.38908432569788,-3.3899484781417177
2011-11-18,-3.6327551073044777,-3.559634938668584,-3.7572461291327834,-3.55976130202768,-3.5823996526474313,-3.565554903112213,-3.804447845655879,-3.5602996669537457,-3.558935939546983,-3.514391431903546,-3.5952083128031456,-3.590465235684675,-3.5951287679016275,-3.5948006138566693,-3.5953340038329147
2011-11-21,-3.6370801063092126,-3.530697500635412,-3.6650642740359234,-3.5307997996043503,-3.5501601291773475,-3.5360052506381856,-3.6839799041953705,-3.530989851919201,-3.5300430077326337,-3.4889753357744393,-3.5532950256203906,-3.5487604868682943,-3.553413775241968,-3.5529586109672384,-3.553363599447113
2011-11-22,-3.7418435168998774,-3.5419110118461705,-3.6483837963076033,-3.5419592050100808,-3.566984209552096,-3.5468980271691395,-3.6716878380065396,-3.5421031629003705,-3.5412902935459964,-3.5095727400602277,-3.5604938016127994,-3.5552345218611556,-3.5605533472514823,-3.560630194417509,-3.5605942733043814
2011-11-23,-3.882286027319897,-3.482111577030845,-3.6363511832078252,-3.482108673716442,-3.4999644942686707,-3.4867152099850713,-3.6654192762778286,-3.482115839980678,-3.482111717741985,-3.4532211818315517,-3.5093068124832723,-3.5062718750957664,-3.5093539745730444,-3.5097619668824387,-3.50942174460782
2011-11-25,-3.9526902536239903,-3.5809648235551075,-3.6275331433863336,-3.5810324243251364,-3.5965675096573158,-3.5899009836843425,-3.620203159697394,-3.58079598321872,-3.5831266230217045,-3.5506731338746333,-3.586636755712857,-3.589097199496953,-3.5872627692808527,-3.5875716534915694,-3.5866594289555622
2011-11-28,-3.9750151696437674,-3.711304322297026,-3.8583955084096475,-3.710460244737486,-3.7278723745103877,-3.715239244295213,-3.9085419000448636,-3.7111077355062387,-3.712607667279068,-3.7018245933553686,-3.739456239379514,-3.7341897379564903,-3.7393868292564507,-3.740906454109286,-3.739599249553568
2011-11-29,-4.114465568804389,-3.6140189475811346,-3.8199591341717842,-3.61270078236167,-3.6220756505308294,-3.6224077556220275,-3.8754848754695854,-3.6136110711114866,-3.615596143751856,-3.5755178154108456,-3.6522876389861683,-3.6434189452480465,-3.652187801518784,-3.6544170852055755,-3.6524819566679914
2011-11-30,-4.03923235488725,-3.8887538585759294,-3.934693355835089,-3.887950563117874,-3.90194493755937,-3.897839445143,-3.967060139920137,-3.888468674139941,-3.8911425678254523,-3.8415547327952186,-3.8990513108324194,-3.896079373922539,-3.899110003975872,-3.9011996834151845,-3.899122257587014
2011-12-01,-3.7819855928572954,-3.9033969861181257,-3.993716039669595,-3.902216136667993,-3.910190957249001,-3.9123507215729867,-4.031667696508824,-3.903089740855191,-3.9045689327073942,-3.8648191662269027,-3.921904096122571,-3.917612419778643,-3.9218191956024993,-3.9242694741805866,-3.922011039156392
2011-12-02,-3.8030629374189227,-3.848616677221386,-3.95245335286145,-3.847263625787536,-3.8584007708638515,-3.8545962485334857,-4.006549304116389,-3.8484040638417465,-3.849159032707607,-3.8227833620243827,-3.8712943556054866,-3.8693056027236876,-3.871241616413388,-3.8729924326040157,-3.871420875406533
2011-12-05,-3.830962853721061,-3.904919805058799,-4.042428042552792,-3.904321337687126,-3.916166429052023,-3.9110008131414906,-4.096667300723036,-3.9052079760425036,-3.9057977154728514,-3.873282602127476,-3.932676071683622,-3.928707168060293,-3.9327539077817177,-3.9345988424641263,-3.932812415884774
2011-12-06,-3.7090128030912286,-4.042562974140232,-4.173271840985308,-4.042371486153767,-4.056290537453291,-4.0494170752087975,-4.218036191322634,-4.0433984172385795,-4.043441003050947,-4.00632028141538,-4.068509785296919,-4.066394371647047,-4.06887103555675,-4.070070339972123,-4.068618812077932
2011-12-07,-3.6068816083587842,-3.8957354696881543,-4.046064350168118,-3.895841105630632,-3.905451805759702,-3.901065644640601,-4.098009826127283,-3.896482031166619,-3.895510746421187,-3.8605915446579706,-3.9253430204347186,-3.918061246274987,-3.9252399895948806,-3.925725850476001,-3.925471433306234
2011-12-08,-3.796432656117797,-3.5404914231101894,-3.7174868116883704,-3.540590916860006,-3.556563382628826,-3.54535872054468,-3.775722168077899,-3.5411900155153693,-3.539605191325178,-3.508044839092795,-3.5745999915753535,-3.567462017439248,-3.5743935994491958,-3.5741782331322467,-3.5747838979954807
2011-12-09,-3.829265457954771,-3.844747217869504,-4.000719334413639,-3.8451455855690644,-3.8666686552321283,-3.8487874985217085,-4.059165506642526,-3.8454803909995032,-3.8436236794867575,-3.8336118145594194,-3.8744508674810683,-3.8683421697534524,-3.8745917471570133,-3.874594543103537,-3.8746164611873293
2011-12-12,-3.8223956862941364,-3.9258070280543045,-4.055515215591989,-3.926533538871821,-3.9404870679805706,-3.9290797730085854,-4.073172431856568,-3.9268081872901246,-3.924922131661126,-3.901477191425158,-3.949301792545319,-3.9465933946523015,-3.9515212516730087,-3.949232942527061,-3.949376859362459
2011-12-13,-4.001247193225481,-3.6544909027774524,-3.7093577793709303,-3.655311741465589,-3.667632747073837,-3.6575187548257793,-3.7344065460280045,-3.6554535798990693,-3.653152603379801,-3.6172083580142362,-3.66503114353726,-3.663823730797012,-3.6650505784258813,-3.6647628129539758,-3.665043053853771
2011-12-14,-4.230561391069907,-3.5546359610173663,-3.7172078513989186,-3.5553061837799036,-3.5793167852059904,-3.559220499104381,-3.7595203285974756,-3.555337726912641,-3.5523635856834868,-3.516242085811391,-3.5848834502538707,-3.578043796656797,-3.5848951102920044,-3.5856307277246433,-3.5850053581519528
2011-12-15,-4.371074266650346,-3.8490965438562914,-3.9993199062153972,-3.8502387489797294,-3.8689043702417028,-3.8523336859237336,-4.052792419012959,-3.850462166958609,-3.848624178662799,-3.8361490725271765,-3.8789449692074642,-3.872586800086573,-3.8788967751177306,-3.880231305947927,-3.879084969771573
2011-12-16,-4.550135440663171,-3.9421262268870527,-3.9936152909553977,-3.9424629339037813,-3.9733153871344213,-3.9478769773118794,-4.011357769391252,-3.942032131076226,-3.942161763325096,-3.932019041849226,-3.951211531871948,-3.9476292956474115,-3.9512469609242236,-3.9527107729847457,-3.951304410327907
2011-12-19,-4.78873488781921,-3.911046713530372,-3.9634864962959675,-3.9124281725866843,-3.9317810758998806,-3.915813658116386,-3.9995492351749773,-3.9123977262232352,-3.911666552336336,-3.8968778665053114,-3.9219588561256282,-3.9174839695147847,-3.92181305365384,-3.923580872854011,-3.922038289131871
2011-12-20,-4.8518342056864805,-4.131859692331212,-4.17749933480081,-4.1333282075899405,-4.15088937164763,-4.137594078523758,-4.223561412335069,-4.133055097860661,-4.1325802634187045,-4.126364317372686,-4.141966574696747,-4.1423781736494725,-4.141939463127819,-4.143315265236223,-4.142058424014984
2011-12-21,-5.114117224533991,-4.107851316723501,-4.146649340056941,-4.107920695258275,-4.131510877275731,-4.119177043327031,-4.15733206078014,-4.1077316761476474,-4.108301021652021,-4.0763744179153365,-4.115183194146928,-4.111446413348343,-4.115866410164811,-4.116847759429655,-4.115237088968683
2011-12-22,-5.2991688786843545,-4.372216137377194,-4.427558799567346,-4.374934453477338,-4.3813657573940805,-4.381776349900666,-4.479431495733978,-4.374944494739544,-4.37299108636389,-4.354866117798527,-4.386863827206656,-4.381833172516851,-4.387198688583009,-4.388255883658927,-4.386955161192027
2011-12-23,-5.164168246098809,-4.7104477174214106,-4.797576736581233,-4.714697922715538,-4.719041740966545,-4.720414490144158,-4.8429903977862825,-4.714302282342276,-4.711844289328002,-4.692581772124625,-4.729599847846981,-4.724179172443051,-4.729443720355195,-4.731144359973429,-4.729714036721126
2011-12-27,-5.074284821790383,-4.764474718003991,-4.824013128963373,-4.767642573154356,-4.770830531791686,-4.7761637913106885,-4.868590715375091,-4.7669429463753055,-4.765587873162746,-4.746055173315656,-4.777913543021768,-4.774901531999747,-4.777867808487873,-4.779225238872681,-4.777979905200638
2011-12-28,-4.9279304408489475,-4.589159812966291,-4.6748338789030335,-4.593737173901648,-4.607241681677847,-4.604416902214057,-4.7186405102652165,-4.592572819220687,-4.5927522403632,-4.563275734031546,-4.607432292815283,-4.602979938667682,-4.6073429737719485,-4.609197270577405,-4.607500586749608
2011-12-29,-4.872810497041106,-4.83074870208317,-4.9206835313825605,-4.834769159255666,-4.835108147920598,-4.846498246234602,-4.976078944227645,-4.832897960354071,-4.832887455933531,-4.800733265861438,-4.85159701912626,-4.847435371443547,-4.851477218745472,-4.853470253887913,-4.851704300445057
2011-12-30,-4.841786879928614,-5.120939719964075,-5.172065525255904,-5.1237061489408235,-5.131158796268862,-5.132247946452057,-5.212958307969017,-5.1231505438966884,-5.123947948087758,-5.104930066771002,-5.13324435499973,-5.128870280529453,-5.133016437673372,-5.134985283974239,-5.1333158349383625
2012-01-03,-4.89875496540582,-4.752569063781318,-4.62295262405115,-4.75259148105618,-4.768830760947001,-4.758465999212432,-4.598963225732615,-4.752773330709002,-4.756180941340955,-4.7523928412814485,-4.727383034678698,-4.7362786792790335,-4.728005050258558,-4.727464461141062,-4.7272930724578215
2012-01-04,-4.950106559120836,-4.741528649652132,-4.706758961507348,-4.743171642585572,-4.7510948635074595,-4.752813443345,-4.720831256148264,-4.742558214401538,-4.745504930554847,-4.720575085172238,-4.737494362142214,-4.738623953698139,-4.737391764739486,-4.738535292669059,-4.737478468251709
2012-01-05,-5.075186789726979,-4.477149222193103,-4.475302312424089,-4.479848391114862,-4.47259657075952,-4.489176680228772,-4.496936486815808,-4.478628559449372,-4.478255455194131,-4.450338828881136,-4.480286288875939,-4.480427226413654,-4.480212091550162,-4.481610290979263,-4.480319385639043
2012-01-06,-5.026117964563221,-4.6566692193670844,-4.655929226950804,-4.659248097235716,-4.658374205105277,-4.6670096101911644,-4.685173723016366,-4.6587138302701785,-4.657477452119242,-4.637650124570516,-4.660716461829343,-4.659240500818873,-4.661001769428875,-4.6621142151545,-4.660761387526619
2012-01-09,-4.934725211514755,-4.853488023729213,-4.794396583009622,-4.856305321593958,-4.855488818954728,-4.870006999740809,-4.813103094088352,-4.854848548837904,-4.855142347368186,-4.830460370370295,-4.84655483337909,-4.84735244364281,-4.8467985707247045,-4.847853918302308,-4.846559776142325
2012-01-10,-4.910666977020563,-4.804335682457077,-4.763657427222704,-4.807168402712651,-4.813625456484822,-4.819626830463645,-4.772130726461933,-4.8059042832684495,-4.807108726817247,-4.784334671514162,-4.798000200301295,-4.800432791267681,-4.7985333336261,-4.799493034255722,-4.798003098079944
2012-01-11,-4.917994702487286,-4.847165429436597,-4.783723059085434,-4.8523142340084515,-4.8577198892605296,-4.863581486816764,-4.811847755555829,-4.8512123976628025,-4.8496094805708845,-4.823859798810971,-4.838852441482843,-4.843299233798287,-4.839036119628773,-4.840841059019524,-4.8388521880809945
2012-01-12,-5.0950231597826585,-4.719875552458372,-4.711219827365983,-4.725531274564603,-4.727384497387838,-4.738865305427281,-4.731552786622405,-4.7245588952010475,-4.721910972363679,-4.688416594820415,-4.720707212815624,-4.7227090873172575,-4.720795693605075,-4.722866602511147,-4.72071482998618
2012-01-13,-5.171436426742395,-4.690168266843883,-4.675658667085441,-4.696413442281844,-4.696076540623445,-4.704153524952189,-4.718473153210861,-4.694572281063577,-4.691590358151168,-4.672994458186319,-4.690911391598232,-4.6904070851814,-4.69092035966597,-4.69301847704869,-4.69093152248163
2012-01-17,-5.237138434492368,-4.7423716392798045,-4.7061208056024,-4.749324006486527,-4.744107425265843,-4.749758029673464,-4.748810587855762,-4.747116545198649,-4.74299011710771,-4.740318922506606,-4.740366975817895,-4.742691350618515,-4.740439409590631,-4.742445250738556,-4.740382289749288
2012-01-18,-5.09771023414137,-4.81651460644127,-4.662086416933034,-4.822634578708351,-4.82206093544979,-4.833331204591164,-4.669525038895514,-4.820959983585179,-4.818076106367937,-4.789256573931868,-4.790986081049102,-4.799879345871599,-4.791037084774965,-4.793358561376826,-4.790917935123642
2012-01-19,-4.951358959118959,-4.905935393011686,-4.739844818513053,-4.912842445980942,-4.903386613129138,-4.9289817364007815,-4.765955602246811,-4.9107432815967025,-4.906380355356744,-4.8783179317981205,-4.879753131371533,-4.8865576444474,-4.88011007878993,-4.882463459576448,-4.879738705474636
2012-01-20,-4.822959317804058,-5.191136197980395,-4.924720906855658,-5.1963769498441685,-5.197287727042707,-5.208062792257375,-4.908954010519368,-5.195399279549681,-5.192507708965222,-5.172784001409712,-5.143624538355725,-5.152244863824116,-5.144322642545599,-5.145588644811098,-5.143452857516795
2012-01-23,-4.805367038041069,-4.909855632106666,-4.784380031997961,-4.91671013138687,-4.9246924305197455,-4.923849375587227,-4.797022308010221,-4.915150128352685,-4.912074439395515,-4.896622619546339,-4.889017888175154,-4.892872832936932,-4.88913844999273,-4.8910221366486635,-4.889022989368581
2012-01-24,-4.662926879774349,-5.0107300607633,-4.921579159893835,-5.01694975255879,-5.027020223262745,-5.029328305474276,-4.935599448056511,-5.0157693115878486,-5.012838128409128,-4.997573185158311,-4.997556899218893,-5.0049371933612345,-4.9981086899646385,-4.9993910344081405,-4.997595177680952
2012-01-25,-4.769127061076579,-4.748630212228196,-4.632936061112481,-4.751904537292967,-4.777427211836594,-4.756275338278001,-4.634477207861222,-4.751974839870703,-4.752110793185942,-4.7549202794422145,-4.727248173867928,-4.736960814948707,-4.727699529997245,-4.727956852014816,-4.727231701454882
2012-01-26,-4.897902092927094,-4.7029262034508585,-4.5379335128001195,-4.710900865936567,-4.726351811770541,-4.717286494431274,-4.54911585275294,-4.708869342218756,-4.705809582562798,-4.68991100584271,-4.673755925871339,-4.6857962021267054,-4.674385365934536,-4.675539828627609,-4.673741495098633
2012-01-27,-5.025212518911603,-4.737455839082269,-4.6782812972245,-4.745134357073326,-4.748919999651923,-4.749564329558497,-4.729403647043899,-4.7443342510352435,-4.738503144019337,-4.7251854120480505,-4.731855500096465,-4.735150117973853,-4.732305424715994,-4.734019821341004,-4.73197179068309
2012-01-30,-5.17142136155101,-4.7313384584951805,-4.6978616488852705,-4.737377640830104,-4.748908954369459,-4.740051234344966,-4.738572279330626,-4.734609183737547,-4.73208698249018,-4.726954533094815,-4.729051573803473,-4.728402786336721,-4.729209117205507,-4.730903384039916,-4.729164920245842
2012-01-31,-5.450166920139672,-4.511293349885938,-4.4989933909077875,-4.517156117410497,-4.535051273439341,-4.529396484641025,-4.53744702983342,-4.518228075395613,-4.513513873529869,-4.490509865379897,-4.511004433875788,-4.51290098721269,-4.511199279307736,-4.5137656700022735,-4.511123763027168
2012-02-01,-5.466434645461297,-4.83239860208816,-4.699027672389465,-4.841812026886462,-4.849596366089062,-4.841606179211001,-4.722252207246379,-4.84119234162985,-4.833526596531478,-4.8330184432086645,-4.8106800118069,-4.8208754222105785,-4.810889883065889,-4.812866628528609,-4.810666219382782
2012-02-02,-5.309063437777466,-4.932342155849155,-4.805675636392443,-4.941566466271496,-4.948682102358377,-4.942141113008432,-4.808225479021957,-4.939041486021986,-4.9329567660668046,-4.926441627396294,-4.910317795877927,-4.922741438687595,-4.9110248632699305,-4.912314031639533,-4.910243050197957
2012-02-03,-5.215351896748445,-5.123340913464804,-4.937165080102967,-5.134596782906361,-5.128488511258723,-5.1361462014016475,-4.974052182819775,-5.128092990863573,-5.123270818874906,-5.1188744140263385,-5.0955212858322065,-5.103207745930384,-5.0958758904165276,-5.0976128191019665,-5.095521429001164
2012-02-06,-5.205290342863236,-5.193704070862687,-5.0644334156121555,-5.2052491939072185,-5.203822522013276,-5.203942473912267,-5.080302785060573,-5.201742266148668,-5.1939337355356825,-5.192639369307953,-5.174099270301445,-5.179922358183853,-5.174550505223049,-5.176371847458219,-5.174079203737603
2012-02-07,-5.085954568163482,-5.140601233486669,-5.047303710153595,-5.1465978663637095,-5.161155094794385,-5.1601240583702745,-5.050086928282448,-5.144247513988088,-5.141429775900045,-5.119882896887466,-5.124759717619828,-5.1331946495826495,-5.125240611087899,-5.126668811667406,-5.12474691041462
2012-02-08,-4.88817375884921,-5.142538436569799,-5.023302630170567,-5.152415079817537,-5.1490546322686175,-5.156518954755753,-5.0304517765540595,-5.150419847392658,-5.142609801410288,-5.124254068907064,-5.124103661397676,-5.131160121288458,-5.1244897620291106,-5.125790275206314,-5.124095076069565
2012-02-09,-4.912343499715565,-4.901073959015417,-4.8765219521131264,-4.914489059332447,-4.90338958213922,-4.91316815584277,-4.933015453874485,-4.909392897183154,-4.90099772543728,-4.881287520312205,-4.903670470872828,-4.901483893868711,-4.904056286029772,-4.9053278198688295,-4.903761372050746
2012-02-10,-4.996587782499971,-5.001440334813482,-4.979281322121687,-5.012435962051719,-5.020027858303877,-5.008723878409663,-5.021040896444574,-5.009870134110296,-5.001385272244556,-4.997151111414356,-5.002455364998208,-5.002820982942652,-5.002836798315302,-5.0042272766365254,-5.002521053540811
2012-02-13,-4.899170626876105,-5.181181472099285,-5.090578804005475,-5.189526756911296,-5.19939878606749,-5.191231554120547,-5.127508812962442,-5.189991492392996,-5.180967701671675,-5.185871580196445,-5.168805587674585,-5.173564258053947,-5.168913067147445,-5.170715043653105,-5.168881256496486
2012-02-14,-4.998499141664227,-4.804899498737836,-4.823120991950929,-4.817958962167032,-4.81469484438511,-4.812913577236174,-4.86230706186355,-4.817294649016175,-4.804850745228275,-4.7959873816751495,-4.81408935574822,-4.812623339529836,-4.815024976703704,-4.815294639668181,-4.814182791591828
2012-02-15,-5.233124420028569,-4.605296312124675,-4.610286526473239,-4.613527636350132,-4.6258404358401135,-4.6153218010851464,-4.654882940950348,-4.610990473183313,-4.6051141973368575,-4.607241821171832,-4.61071916255825,-4.610080491194266,-4.611026642285363,-4.612114864736886,-4.610831598966823
2012-02-16,-5.422455857356686,-4.784410321245714,-4.768213377548408,-4.7957701661723044,-4.795406047376868,-4.78975356758028,-4.8264558361332535,-4.792358468994464,-4.784394915561395,-4.782312836663141,-4.788083289807383,-4.7886981131466815,-4.788030984562927,-4.790362179434751,-4.788189135649968
2012-02-17,-5.267074982099111,-5.190027598714161,-5.05444880144655,-5.195681251303633,-5.210715628699273,-5.196380596363288,-5.049509019714387,-5.192840002913946,-5.189684171668466,-5.200636610000911,-5.166013495044681,-5.175138075605689,-5.16630021840857,-5.168144412172644,-5.1659838785947105
2012-02-21,-5.259670661410928,-4.814593188722253,-4.790200480960688,-4.823983826165946,-4.824414814400247,-4.826110382491579,-4.816377892763084,-4.81906099326393,-4.814508229303927,-4.805266821722623,-4.814966261823611,-4.81512826538172,-4.815063030622154,-4.817144864212868,-4.815037737258313
2012-02-22,-5.049434054799993,-4.971583086277734,-4.876663281698104,-4.9755393743601175,-4.982164589708585,-4.983503854373214,-4.857876577345663,-4.972038500356494,-4.971293255877456,-4.956276060471032,-4.955182917754994,-4.963799385782226,-4.955702635422087,-4.956618688867978,-4.955159602933744
2012-02-23,-4.934048182332397,-5.08011403199224,-4.948301960840515,-5.083779545158406,-5.08844411732057,-5.086105103583041,-4.936184835334594,-5.082818203642851,-5.080108045303663,-5.07219411248056,-5.057331393237212,-5.064112831053816,-5.057710742647123,-5.0590275754434195,-5.057320171852664
2012-02-24,-4.869875221074948,-5.351445959521816,-5.179030607947875,-5.3555982344778466,-5.367910137079452,-5.358547653834598,-5.1647351572967795,-5.353293673140981,-5.3523986181863465,-5.353304336114931,-5.321709357890772,-5.3300066924917076,-5.3219377873714695,-5.322860880047399,-5.321647274332225
2012-02-27,-4.867233382466021,-5.008584612745797,-4.93809813284623,-5.0104148159825606,-5.033242073584747,-5.010309388370147,-4.960286791798888,-5.008703510299229,-5.009307652136548,-5.025913770359621,-4.9984076126509285,-5.003630187575617,-4.998937965371677,-4.9991370315856205,-4.998452055227371
2012-02-28,-4.890684569712587,-4.9734975946064495,-4.955564024818628,-4.976043185076703,-4.979597260026294,-4.979321252348719,-4.982390983275724,-4.973593176974035,-4.97344885530021,-4.944667869001953,-4.974190959072621,-4.974934947941055,-4.974643554860706,-4.975313207889363,-4.974251946416399
2012-02-29,-5.030615004953327,-4.728557453632753,-4.714535033906446,-4.731774320644821,-4.744816267495163,-4.735376156801447,-4.743752057565169,-4.728631276615173,-4.729240350857919,-4.697883793151176,-4.729857172328111,-4.729471578365256,-4.729934853956178,-4.730647393389613,-4.729935044965447
2012-03-01,-5.194093380520201,-4.763810779148061,-4.742555565196793,-4.765876902769546,-4.784255109915474,-4.76915814957104,-4.767991021973333,-4.764301712043924,-4.764194004619786,-4.7504549333481005,-4.762744860636532,-4.764163208451345,-4.762598350089265,-4.763804372823046,-4.762819978379237
2012-03-02,-5.248473963342523,-4.9279169045109175,-4.844937414821882,-4.933026936392123,-4.945391167784133,-4.934733219249123,-4.856110514878338,-4.929783912986028,-4.928599912627834,-4.899435157484357,-4.916129294050891,-4.919426744966511,-4.916310731595767,-4.917637202050215,-4.916149384922752
2012-03-05,-5.323746088142079,-4.845055174825672,-4.827751845003071,-4.851240515944917,-4.8595828906239955,-4.856422510018057,-4.838997425443026,-4.847383126095021,-4.84505086397054,-4.816880110585035,-4.84482215641153,-4.846654563402136,-4.84480099973126,-4.846561487186195,-4.844897107959049
2012-03-06,-5.216246816595538,-4.871141814596308,-4.845672912772424,-4.877004609166218,-4.889010037164082,-4.884210118371497,-4.859259028116725,-4.873221183507124,-4.8712722286648855,-4.845801914164283,-4.869034531706886,-4.8699879786601645,-4.869482596099443,-4.870533615328106,-4.869093411462332
2012-03-07,-5.25229915432309,-4.9277385758994035,-4.963284894930622,-4.929960815639578,-4.950615684185363,-4.93758856842443,-4.967885665993163,-4.928352555322724,-4.928192701325705,-4.902445596081151,-4.935087686297473,-4.934150328705645,-4.935640181322679,-4.937208299540547,-4.935178069023445
2012-03-08,-5.185351028348774,-5.162674664080564,-5.085187194353817,-5.167434260179196,-5.178649786903289,-5.1728785835487905,-5.098613824733566,-5.164586565592021,-5.163102215591969,-5.145401922287128,-5.151211828421949,-5.152897640327222,-5.151134419112246,-5.153346913299517,-5.151246625376688
2012-03-09,-5.216815960660068,-5.193267583468359,-5.097931118116607,-5.200968764382851,-5.210170022087336,-5.205115560372291,-5.139954622473706,-5.1958078297290715,-5.194109658471028,-5.177884096816343,-5.180970045958679,-5.1842636114730904,-5.180993107040297,-5.183221964219892,-5.181020893425326
2012-03-12,-5.22724197437347,-5.1531617541494885,-5.122348759743926,-5.159048399354382,-5.177651698905949,-5.163337969274944,-5.15909763829828,-5.154620646042072,-5.155082109300765,-5.134651856736831,-5.151837236082542,-5.152958233404825,-5.151825209721605,-5.15423105443301,-5.1519231479411305
2012-03-13,-5.3700661035467085,-4.873485805024545,-4.937998923438433,-4.879392306617389,-4.87692375399562,-4.880217329541599,-5.002150093585326,-4.874870550637812,-4.874038035711536,-4.854898803153805,-4.8917685993821864,-4.8865787962615475,-4.891752902784736,-4.894258642719028,-4.8918952550187855
2012-03-14,-5.357784681616995,-5.081535763372685,-5.0035717911931235,-5.092875537978096,-5.066949841590545,-5.088986226037667,-5.042281439344432,-5.085927953719345,-5.081111958600719,-5.074612557055095,-5.074043315667922,-5.079663061892985,-5.074181654253319,-5.076401245644063,-5.074096497436734
2012-03-15,-5.318419673787382,-5.02270091147275,-4.935349722241684,-5.030624085335198,-5.023733519036027,-5.031964676922211,-4.942566781724249,-5.025936449025563,-5.024187008919867,-5.005949977660321,-5.009392882782059,-5.017292940210044,-5.0096442118494595,-5.012303381072941,-5.009391294988587
2012-03-16,-5.237237752168271,-5.279205310565933,-5.13241599259284,-5.2858647929769695,-5.277836454462038,-5.287303635578373,-5.128420026266717,-5.281079391227308,-5.279472611045916,-5.267365330861857,-5.255729485580163,-5.260231247024471,-5.255939408876299,-5.258126584774667,-5.255686486691948
2012-03-19,-5.322251238384799,-5.147284409262708,-5.026097125563316,-5.156561886916498,-5.139474762150503,-5.1618340563851275,-5.049525227849328,-5.15012996699977,-5.1474412717697025,-5.124720668786053,-5.130917766026563,-5.131190003578732,-5.131111871449655,-5.1338551204146095,-5.130954352769084
2012-03-20,-5.42493401943901,-5.13090466079711,-5.0981053997814785,-5.144154424541619,-5.1205094072430155,-5.143490386481489,-5.134560271549412,-5.136962801963478,-5.1307098666783,-5.110620885550498,-5.130192393376479,-5.1335501152754635,-5.1302238247033305,-5.133451261744478,-5.130256535392903
2012-03-21,-5.271741377058808,-5.115937107396698,-5.092431155256574,-5.127888557924414,-5.122423273778556,-5.129318984414303,-5.149518168459459,-5.122002265849991,-5.117181905255746,-5.089813710228646,-5.118788587825095,-5.1155009736013906,-5.118669343052455,-5.123014592748864,-5.11890747908172
2012-03-22,-5.211074564029775,-5.035744183796858,-5.061184295540548,-5.045279358247057,-5.044560961492368,-5.045682043062392,-5.124791523021524,-5.041325440073747,-5.037176735563111,-5.022871959155129,-5.046654777927683,-5.041496335840182,-5.04648951727477,-5.050254699590651,-5.0468202046006105
2012-03-23,-5.212368818828405,-5.103793095757143,-5.109955302527199,-5.114469797646862,-5.098057381271072,-5.1237460744565935,-5.179899322717916,-5.109408665553025,-5.1041454669651625,-5.067443933370323,-5.112682837535169,-5.108340256640168,-5.1126168630481335,-5.117135732564993,-5.112801766729535
2012-03-26,-5.103930302189479,-5.43785987657662,-5.291457866165533,-5.4441813743601735,-5.440892068223473,-5.446474926116809,-5.293905415843461,-5.4409760851061435,-5.4382770632280275,-5.421077698570443,-5.414042789626599,-5.418808440875215,-5.413958735279987,-5.416845998932599,-5.414042615116352
2012-03-27,-4.916886904298827,-5.362018798135464,-5.315163203683649,-5.369373459632365,-5.369866468085621,-5.375003981829837,-5.339984353993912,-5.36532189358261,-5.363086156377357,-5.3417045977705175,-5.358667729373062,-5.358858252026931,-5.358638320360681,-5.360764677433684,-5.358748447083989
2012-03-28,-4.999860798518728,-4.900590760159356,-4.921450612038919,-4.909460921611797,-4.916459259490754,-4.916834614841305,-4.9591406147111226,-4.905163350114144,-4.903659599598212,-4.861432824886846,-4.907961280346773,-4.903815870121058,-4.908141600481968,-4.909148500722258,-4.908059183540157
2012-03-29,-5.0882010554046895,-4.9119623320292245,-4.894559182338524,-4.91785957528732,-4.936394348399054,-4.9219938073979534,-4.915738560737058,-4.915256593696247,-4.915229373333452,-4.8978587490154135,-4.911203399252546,-4.911641087842961,-4.911091003045568,-4.912179223408477,-4.911259186666556
2012-03-30,-5.103684834127804,-5.098043030648689,-5.07285177167532,-5.107062516859182,-5.10563258095585,-5.108575074194638,-5.091552143794556,-5.1041229419587,-5.100082846015135,-5.082094437420208,-5.097143640970777,-5.0971217934484345,-5.097198639418575,-5.098756423882999,-5.097189122685442
2012-04-02,-4.806667611581482,-5.031468948504703,-5.01565671448992,-5.037675117808837,-5.050993855671416,-5.049956283579265,-5.026518182102029,-5.034933327922938,-5.03487911397005,-5.013104442489081,-5.030144183824984,-5.031368303076457,-5.029985240441932,-5.031866585800593,-5.030197356748126
2012-04-03,-4.920163201161751,-4.751455673508671,-4.76848067916443,-4.761953452117383,-4.765290709288095,-4.759595590938631,-4.811963861446392,-4.759476967095317,-4.753413143010679,-4.74299806851962,-4.757858524062112,-4.753832823956666,-4.757896030842462,-4.758781241613928,-4.757949762843718
2012-04-04,-4.9707926741081,-4.9242810982838785,-4.927421087803031,-4.9350356988854704,-4.920575349915982,-4.942228519923955,-4.943915857387593,-4.929456376828991,-4.925544097821357,-4.891967663175096,-4.927448384033068,-4.928233463347327,-4.927706413951072,-4.928654544959442,-4.927499080839552
2012-04-05,-4.876341563503997,-5.01412462983599,-5.040708445813134,-5.027825413384806,-5.008443827122195,-5.027262286070829,-5.098404619485695,-5.026065500418486,-5.014437535983015,-4.988339205504017,-5.025867030092868,-5.02086155694256,-5.025885107889455,-5.027555304893521,-5.025952232028424
2012-04-09,-4.687888159248385,-5.0854794532646315,-5.108189457743326,-5.095773809951679,-5.094886347777945,-5.107609396715944,-5.153673721678686,-5.095700889192492,-5.087810595040059,-5.054463402702866,-5.094160972573581,-5.090285991110198,-5.0941879469298295,-5.0953961285638325,-5.094262065990257
2012-04-10,-4.991777736666109,-4.509331956929145,-4.58055426599545,-4.520914503870097,-4.520211229054015,-4.534849003212762,-4.645790225561683,-4.516017282975828,-4.510364385021475,-4.483863980600875,-4.528124142122748,-4.523305740458936,-4.528087325931052,-4.527633629799819,-4.528306422036596
2012-04-11,-4.950665373236089,-4.9650159450346,-4.919707398695824,-4.972385528917923,-4.980639674032763,-4.997514973766799,-4.95577465518624,-4.971897842438746,-4.966119416896897,-4.93571481736743,-4.960875563965821,-4.962173883546612,-4.960970307602773,-4.961645825931998,-4.960981110788388
2012-04-12,-4.608615485639536,-5.019429599402455,-4.962418204158508,-5.034014559343555,-5.044151922710322,-5.046290775097172,-4.964219007917867,-5.03301284508424,-5.021558433213481,-4.982901836794226,-5.010118181002406,-5.015342964569184,-5.010343380929623,-5.011349223088226,-5.010140735525936
2012-04-13,-4.65760258130984,-4.739782201817192,-4.795501140831335,-4.758534712436577,-4.73863844379268,-4.764608832885359,-4.862672975587985,-4.747941072420652,-4.740083580101064,-4.714028506939714,-4.756788523528119,-4.750416250432242,-4.7568098032373545,-4.75696667277554,-4.756965382900947
2012-04-16,-4.778633340268627,-4.5362631206717,-4.573211896260493,-4.5571698100864175,-4.536205064758941,-4.566201051390624,-4.6257010630413635,-4.546797339405685,-4.536653175351584,-4.501824012610185,-4.550026523044946,-4.5461691876205155,-4.550150458279382,-4.54998149365964,-4.550195358228915
2012-04-17,-4.673588855823962,-5.079120266510751,-5.021219729119397,-5.092891747986694,-5.097119987026151,-5.099208174059812,-5.04883154210946,-5.09012843022382,-5.079959867868238,-5.065961561934097,-5.072714406886087,-5.076648341365793,-5.072965770102043,-5.073290875073931,-5.072804868887798
2012-04-18,-4.667355902012843,-4.8753485405789405,-4.899985344122907,-4.889620429422778,-4.886225401606322,-4.897394231786356,-4.919396457456464,-4.882989601907305,-4.87575896412839,-4.856415293781572,-4.882431355765067,-4.882112020330505,-4.882814633602228,-4.881966980198701,-4.882553889542694
2012-04-19,-5.03810760156309,-4.341077696603793,-4.363080740572944,-4.351823057675896,-4.348393355688971,-4.3697401438404135,-4.405742216214209,-4.343891373713988,-4.341091891042295,-4.320365859718445,-4.350401734333653,-4.347056791009532,-4.3504965740540555,-4.350086406320618,-4.350581425480554
2012-04-20,-5.10655130758081,-4.7347637537456855,-4.778510633056155,-4.742609302957153,-4.743756428998028,-4.757802833803516,-4.797448499172058,-4.742956207746782,-4.734702948656688,-4.722393403127461,-4.744481572100567,-4.744506498015005,-4.744634426266914,-4.745613677612785,-4.744609701968844
2012-04-23,-5.202233495559636,-4.755197788378316,-4.7881506672941985,-4.769161863100584,-4.758492043766787,-4.78925314230827,-4.819072262500322,-4.759478982969929,-4.755246909228051,-4.722137155959095,-4.7651849362063725,-4.7599878373740365,-4.765411949300062,-4.766084803261871,-4.765305374869498
2012-04-24,-5.210161888749117,-4.647248411102145,-4.6918286646206795,-4.655094333691277,-4.658395273187677,-4.676371408514355,-4.7269513388718485,-4.652711482717463,-4.647345607808579,-4.624272005401879,-4.658600561759358,-4.65809489227204,-4.658871753870464,-4.660503243314978,-4.658773319383119
2012-04-25,-5.2087719351833695,-4.728194021256385,-4.726318111036543,-4.7436615690641855,-4.7531213351687684,-4.755823780338116,-4.768769769935898,-4.7424414474201715,-4.728535226301847,-4.713126407416183,-4.730601001781025,-4.731535251136686,-4.730901530066143,-4.732788009172006,-4.730765636129955
2012-04-26,-5.0694241695964575,-5.025978344418402,-4.897850884350464,-5.0346802535804045,-5.042983371341373,-5.05326325449143,-4.874227763111356,-5.0324502648784675,-5.02617795358353,-5.008961193155134,-5.003398603197783,-5.01589248870825,-5.004315258208658,-5.004482361953229,-5.003300152194706
2012-04-27,-4.944368715790277,-5.055720363919478,-4.9773335281726805,-5.067616276991475,-5.07167607607336,-5.080078418789329,-4.968404786735514,-5.061720897066718,-5.055856191600038,-5.0375837670065895,-5.042956316112328,-5.049649272776959,-5.043285781909351,-5.044229134560016,-5.042941288056849
2012-04-30,-4.799288175050444,-5.103346115349514,-5.0770334030146955,-5.118038956277094,-5.1231325472146025,-5.126184649749857,-5.123178093600926,-5.109198964033541,-5.103739912967273,-5.077979410450722,-5.104427930090072,-5.103577243949747,-5.104361169846754,-5.106250777467667,-5.104623304465193
2012-05-01,-4.643653998219822,-4.872297690309898,-4.811101496062099,-4.877237010813655,-4.889180365406687,-4.890727998841383,-4.847205888815393,-4.879889178976766,-4.872232254910185,-4.865538396476887,-4.86474666244185,-4.868592166290561,-4.864988714300716,-4.865473762150406,-4.864833429908774
2012-05-02,-4.3864301986756775,-4.942352690009884,-4.91585117168226,-4.9512697722397085,-4.9465980208146165,-4.959681509717476,-4.927344198658464,-4.950565338779349,-4.942299835900664,-4.924576949529261,-4.939729510381997,-4.943055032943013,-4.939903960372171,-4.9402410651227315,-4.939810528131652
2012-05-03,-4.329976558530638,-4.799413786387618,-4.758560730696652,-4.8111159060687125,-4.822111452058493,-4.817316318059573,-4.774760940518401,-4.808129304717854,-4.799107809900669,-4.783956792099355,-4.795231304929813,-4.7982324354129755,-4.795519213635281,-4.795364894422256,-4.795443633059598
2012-05-04,-4.336556602730813,-4.746007186778491,-4.734706977481681,-4.750870936349316,-4.767503590184533,-4.767252566243128,-4.729528757817694,-4.7531827234855495,-4.745159268017022,-4.730659595640386,-4.743516124694435,-4.746832576057617,-4.743618137829666,-4.743426962528078,-4.743759963344845
2012-05-07,-4.320080793128102,-4.6341248966641455,-4.668448402067923,-4.646363468420308,-4.646141419747036,-4.660261779663662,-4.703361672201599,-4.638553113931976,-4.6328614727870185,-4.6024367519530225,-4.644825732943519,-4.640299969845359,-4.645659358383978,-4.644568505615611,-4.645203385210946
2012-05-08,-4.364525154461811,-4.410684717536796,-4.408987320395319,-4.415042650976176,-4.425051427018932,-4.442933504492537,-4.420452579584492,-4.415116985325263,-4.409487358143644,-4.370437163770643,-4.412623503850356,-4.410394391801185,-4.412995151543098,-4.412014412669966,-4.412983682029986
2012-05-09,-4.358013154968943,-4.18394921471724,-4.2107096074732935,-4.18935569576084,-4.208319043975034,-4.203191670782511,-4.229492356103091,-4.18959600239736,-4.182357938117198,-4.161771659284087,-4.190636728944817,-4.18650143233414,-4.190614603423204,-4.19010251993281,-4.191047203392798
2012-05-10,-4.203636102184556,-4.35710117980237,-4.446801947863455,-4.363267032045642,-4.37807259936897,-4.380865005765922,-4.500701129062381,-4.365289607927944,-4.356228629571548,-4.334330757850973,-4.377259376043773,-4.370625292432532,-4.377205256728952,-4.37724526511548,-4.37769723270942
2012-05-11,-4.069925242320237,-4.499417268813863,-4.4956997281900195,-4.512422637300132,-4.502132489305183,-4.527564687540915,-4.5267722030055895,-4.507847917475178,-4.498279451104025,-4.455684210466826,-4.50210202309722,-4.5004178850588925,-4.502139474966302,-4.50190040908749,-4.502525603602454
2012-05-14,-4.070592244739443,-4.38051869987422,-4.488986160081538,-4.3851840611788955,-4.3986466381480325,-4.39516500441765,-4.538461034061193,-4.382914555399138,-4.379037467115878,-4.362214382252191,-4.4041836372855006,-4.3972368169806,-4.404145534235059,-4.40346493367949,-4.404556270849409
2012-05-15,-3.994590316636483,-4.351573010501003,-4.385662844932808,-4.357859682012201,-4.370573300376429,-4.370166234166081,-4.423190810680079,-4.357192123712868,-4.349479726688739,-4.3276456609644,-4.361367628269108,-4.358292954023894,-4.361802839067393,-4.360253977400822,-4.361717103884173
2012-05-16,-3.9776870922164527,-4.148107458746935,-4.2958611692433655,-4.163233645907028,-4.1635753595270675,-4.1702127545003025,-4.354712972969272,-4.16435217173621,-4.143245717241942,-4.1067574101828885,-4.179921858187069,-4.176109854473481,-4.180172930792557,-4.177557692021195,-4.180563983630662
2012-05-17,-3.998198964514332,-4.048615733272558,-4.120125436332184,-4.066403897919063,-4.057261835433914,-4.069996928722384,-4.1775004935487114,-4.060018841396751,-4.045605085275205,-4.00467518245151,-4.067671687930345,-4.060188134017171,-4.067414897566767,-4.065531395018107,-4.068212844333693
2012-05-18,-4.113189823717447,-4.0551693428954625,-4.081702821506785,-4.059309893113532,-4.0674712917212865,-4.072219438555979,-4.108358980602947,-4.059813562793955,-4.05371066180733,-4.033717809978276,-4.063523863225548,-4.058396794962762,-4.063439098840295,-4.062137960160213,-4.063735897065174
2012-05-21,-4.103306381376481,-4.254552246743899,-4.236284029721199,-4.267676686641677,-4.264710365812634,-4.277836913472043,-4.265743485918922,-4.261549174314558,-4.251446411183483,-4.2134141851058535,-4.255579726337141,-4.253810713220027,-4.256296844384464,-4.254452109775338,-4.255914447494285
2012-05-22,-4.2164077229816295,-4.018155194417236,-4.096849872359514,-4.02946609501791,-4.0305312260722985,-4.04294311513876,-4.138220780479314,-4.028476865126938,-4.013628900145277,-3.963868003990067,-4.036072174744825,-4.02970694941202,-4.0358852750355805,-4.034410613651778,-4.036634737137278
2012-05-23,-4.219983813727146,-3.9395686913729695,-4.038395791925249,-3.947042581076798,-3.9660529802246307,-3.958264810740606,-4.097716398174001,-3.946606759235647,-3.93531427353099,-3.907449754326193,-3.961589820274672,-3.953088279150929,-3.961569847128743,-3.961154400071171,-3.9620996051924884
2012-05-24,-4.308633120003231,-3.9723549885337497,-4.071916458032492,-3.983326254598153,-4.003487109684122,-3.986995300446757,-4.141859780439153,-3.9801027924888053,-3.96867853705379,-3.959978203633092,-3.995540181789703,-3.989387491352743,-3.9955625407242072,-3.9961817050655517,-3.9960062849469975
2012-05-25,-4.132090985323026,-4.323606113755876,-4.469267446401395,-4.33016950678702,-4.344066774176708,-4.334863590669467,-4.539157620855369,-4.330053971226163,-4.321484723519403,-4.305592902386922,-4.35482515821061,-4.347714582399011,-4.354719014275409,-4.356187181986203,-4.355240690163572
2012-05-29,-4.12656786986166,-4.215018375852613,-4.377990776896527,-4.220535678771591,-4.235883222487193,-4.233316776601567,-4.427329686574524,-4.221734188618381,-4.212592387026281,-4.1892676170314775,-4.247308670173963,-4.242149054782423,-4.247340285042288,-4.248217893863186,-4.247646474242161
2012-05-30,-4.143968635425951,-4.304945639064625,-4.3774607853114835,-4.311440800144214,-4.327060961436993,-4.3260043034881726,-4.415649342287177,-4.3103824900614764,-4.301469387239784,-4.2816666998366895,-4.321958610058219,-4.315117249726892,-4.321948458973244,-4.322601237773551,-4.322341278076403
2012-05-31,-4.239131486044324,-4.017170377333667,-4.123903977915887,-4.024892798954957,-4.042050442740471,-4.030789344121321,-4.16797305519213,-4.023308674559756,-4.013221097090279,-4.00060142514654,-4.039616886858213,-4.035667035156875,-4.039661199410889,-4.03995862447628,-4.040031021145123
2012-06-01,-4.311568697364424,-4.203459677227274,-4.241858580029311,-4.20801248928188,-4.21994344170818,-4.213259751048219,-4.277707920139501,-4.204007165081082,-4.200602470733237,-4.1939879021982405,-4.212779203413869,-4.2089939427601415,-4.212707035161188,-4.213516788291214,-4.213059155795732
2012-06-04,-4.402802625100494,-3.9852691837344194,-4.158732801255093,-3.9956702421790724,-3.9992841618181716,-4.00407478411098,-4.232815883502321,-3.9903677018442445,-3.983477500896041,-3.9533299813024283,-4.0238316326575285,-4.01713777659347,-4.023767833311914,-4.0255388151035545,-4.0243125918937235
2012-06-05,-4.324505981527256,-4.190617069713373,-4.250127135715835,-4.196882817999798,-4.210824378564899,-4.208798456331776,-4.267814148891048,-4.193547618661997,-4.188450847427471,-4.149647703311264,-4.202925294239328,-4.199189361732357,-4.203146155837073,-4.205226381973406,-4.203340174259195
2012-06-06,-4.210200381754655,-4.311932801396152,-4.403303249449236,-4.319468929829312,-4.33629934356255,-4.32558022189092,-4.413973898081349,-4.318164240012001,-4.3105550789055,-4.267751577482038,-4.32854283048142,-4.32700908697577,-4.328849902693746,-4.331575749452494,-4.3292125162173765
2012-06-07,-4.129921185754865,-4.150745939072491,-4.233039121011242,-4.169111810121347,-4.166053780938381,-4.168378208452137,-4.298677622848385,-4.160444704036505,-4.148874015365151,-4.104823010518283,-4.171525815160878,-4.162645541413022,-4.171466255431844,-4.174677745720561,-4.172131829421894
2012-06-08,-4.182764341456973,-4.348604124542805,-4.4776976125521575,-4.3620664334060155,-4.367039453145069,-4.3627967642905485,-4.530370951816909,-4.356685410666095,-4.34641094181404,-4.312419039127849,-4.376059822586477,-4.369340796126517,-4.376230390520852,-4.378900100863716,-4.376506608945365
2012-06-11,-4.220653568691984,-4.206391298011103,-4.296513775276369,-4.2162556522400365,-4.218435457452008,-4.2192788701225545,-4.339328484382776,-4.21371506008784,-4.203951983477157,-4.16591741513605,-4.226553367295876,-4.22116385388119,-4.226634475931647,-4.2281408963371465,-4.227019095095997
2012-06-12,-4.377947440460962,-4.14691907741863,-4.221212874291894,-4.156258293156523,-4.160520739976275,-4.164543002239386,-4.261833482330181,-4.152428228934034,-4.143411896118934,-4.113961157105243,-4.163832484356334,-4.1583944350238715,-4.16404778411924,-4.165667285962504,-4.164290157918597
2012-06-13,-4.316471867101055,-4.102579156519391,-4.232568074202055,-4.111129947607069,-4.125529455508071,-4.120588186158312,-4.301883581753575,-4.108520388638429,-4.100001573155105,-4.0797832272404415,-4.131888600009072,-4.125215182329806,-4.131894345675763,-4.1347777248598865,-4.132351491601941
2012-06-14,-4.409934254961162,-3.97856935562049,-4.108845175747197,-3.9843570052207276,-4.001459166456597,-3.9942309697089513,-4.155429073863629,-3.984440698554181,-3.9756577847602093,-3.9596488664561673,-4.004761355085286,-3.999533123340046,-4.004658048233515,-4.008152400658447,-4.0051535335530986
2012-06-15,-4.374805837866327,-4.494292233102415,-4.548132061985401,-4.503828576065065,-4.508874567414996,-4.507353021939191,-4.610341182361966,-4.502755910004676,-4.492223098022066,-4.475789350705233,-4.50883647599818,-4.502784122208579,-4.50895720927926,-4.511920304222345,-4.509249388407001
2012-06-18,-4.431583773533317,-4.199031604091311,-4.346954788312036,-4.199899703000064,-4.2148667673916265,-4.211877419022987,-4.394600324515227,-4.1992596484993845,-4.197875813095574,-4.176000876040353,-4.229332662612771,-4.222005830808211,-4.229352604730182,-4.232583405709877,-4.229661593472988
2012-06-19,-4.277249370440602,-4.528209265509616,-4.578332841612855,-4.533351398902476,-4.553413283085018,-4.538516242491462,-4.607786405112464,-4.529743039849838,-4.526293839666364,-4.496141290958249,-4.539992390502156,-4.5376346005237895,-4.540155955678925,-4.54334952057693,-4.540437008890211
2012-06-20,-4.482437233525928,-4.08162834768653,-4.225282976630222,-4.086814161159815,-4.112554931368941,-4.0870783966655875,-4.288787970374786,-4.085818785963719,-4.078884750293585,-4.051358254201279,-4.1112398967031725,-4.1054635317586206,-4.1111482532435,-4.113471852354081,-4.111837922537622
2012-06-21,-4.46861639406711,-4.221175391580229,-4.304647985811122,-4.222971713370598,-4.25546918992255,-4.227376459209149,-4.350473085011202,-4.224198647220265,-4.219659833999561,-4.199680407342448,-4.239169112946881,-4.235710024924592,-4.239157388922411,-4.2424197693571335,-4.239679093545397
2012-06-22,-4.499281495949059,-4.466248070318791,-4.527217924307945,-4.46896825792229,-4.505457178447794,-4.471521966327321,-4.540554493501656,-4.468357206301765,-4.465254737357946,-4.436329191042654,-4.477512683079781,-4.477062227358328,-4.477745158692955,-4.481168722537271,-4.478023737431237
2012-06-25,-4.479045497405188,-4.411701527291709,-4.511728688266957,-4.411689522249385,-4.4458288526108225,-4.4186227706040055,-4.545901494964989,-4.412681605074681,-4.410745335323825,-4.3709105897858205,-4.431717848231919,-4.426083038708968,-4.431680130968685,-4.435899812307771,-4.43222828288181
2012-06-26,-4.679761506569513,-4.1635312323220255,-4.338945543384863,-4.164794936626946,-4.195540472305326,-4.170873673610502,-4.38048276435493,-4.164956997225033,-4.162454876618613,-4.128147124676252,-4.197737276420799,-4.1912028905501995,-4.197483033713194,-4.203336149903637,-4.198384157531306
2012-06-27,-4.72924778348611,-4.504562589293088,-4.583185842900954,-4.504950651331957,-4.534468577516445,-4.515489211777838,-4.608050549056033,-4.504776139773648,-4.503503130680076,-4.451030353208094,-4.521881764788066,-4.520527066331455,-4.5224252509165535,-4.527120974914785,-4.522313006726824
2012-06-28,-4.941794528752408,-4.23911939575918,-4.263959517035618,-4.243257132522161,-4.293328909209422,-4.2496239243952605,-4.275475562478443,-4.245592429274474,-4.236471365080614,-4.21660427537417,-4.244306745000553,-4.244280119161265,-4.244709898051589,-4.2501254855056505,-4.244851585084861
2012-06-29,-4.9172113720486665,-4.616696255607886,-4.637097685368032,-4.618554109543011,-4.658027961879799,-4.638067040256552,-4.666961783919894,-4.622088832306897,-4.6165282777545045,-4.59024911263206,-4.6225308726118035,-4.621338426534341,-4.62270176132021,-4.626799641773922,-4.622991188168566
2012-07-02,-4.838252274574544,-4.397660413811686,-4.425789113259709,-4.394760893961872,-4.441331524189617,-4.404721608243815,-4.450524334001686,-4.400032326178758,-4.397714856142315,-4.3966807105832215,-4.403403836784442,-4.401316417453796,-4.403441277541101,-4.406167307737464,-4.40370696457691
2012-07-03,-4.690102144676962,-4.69209579730639,-4.5830593993079605,-4.699606338440968,-4.74883496345527,-4.699007684383426,-4.56310526783345,-4.701403013348242,-4.693358350595233,-4.675634804984118,-4.670914391537967,-4.689517886460462,-4.671650427124268,-4.674656783373652,-4.671407289646685
2012-07-05,-4.560196753848044,-4.74112935354275,-4.78608362575089,-4.740682908070712,-4.7717802748521665,-4.761485796211703,-4.808980380970467,-4.743919444385812,-4.7415559529361655,-4.713857718854276,-4.750642890948062,-4.749068768878305,-4.750616918777118,-4.755139037465808,-4.751229038787322
2012-07-06,-4.545076990304635,-4.713620759201059,-4.785368022415609,-4.714189276894684,-4.752847416341899,-4.732412235599892,-4.8128316760044765,-4.716165089529886,-4.7135053020454265,-4.699613926032462,-4.727523959171013,-4.724032937543404,-4.727522499558058,-4.7311036480897455,-4.728066350451789
2012-07-09,-4.548014569618968,-4.760222351345199,-4.810401102885991,-4.754531325502312,-4.807486807499204,-4.779585999954935,-4.836462586745824,-4.7606698406563215,-4.759270617189949,-4.734182478984693,-4.769818334864688,-4.765270884041835,-4.769771450272066,-4.773910932650832,-4.770413648036823
2012-07-10,-4.519001419920272,-4.4749806897589055,-4.574050512341261,-4.4769706068091475,-4.519588935949035,-4.494113054052954,-4.584269702881563,-4.479997350528169,-4.473295655120936,-4.448280941402523,-4.492010310655412,-4.48699733577446,-4.492744950668422,-4.494868745159319,-4.4924366238997795
2012-07-11,-4.643045631870832,-4.450468428568388,-4.508612138791876,-4.447608608428298,-4.4851288326950405,-4.470950900377639,-4.519045261000879,-4.447373584410161,-4.44906897234715,-4.4170048095785335,-4.460789836745752,-4.457221488162416,-4.460692407148905,-4.4636539180680685,-4.461244036785291
2012-07-12,-4.744749231493107,-4.407526850585619,-4.4527085294409865,-4.396470933250406,-4.455910121985331,-4.428976516270731,-4.448412915642757,-4.403727158884552,-4.406521855924732,-4.379741802607425,-4.414544101020614,-4.411655903920094,-4.415014386018215,-4.418604365395813,-4.415011560565946
2012-07-13,-4.7661231800377655,-4.521948634150309,-4.625190403214921,-4.519882848187969,-4.554897363511258,-4.539251196622142,-4.686936816343203,-4.521111640060422,-4.521956127316324,-4.510114609399323,-4.544778303720581,-4.538541603867017,-4.5447877349892,-4.547631853913967,-4.545108744617059
2012-07-16,-4.686333013341803,-4.627539812567758,-4.671294160127294,-4.630719899331625,-4.664947963963578,-4.644809223638176,-4.703921572974667,-4.627892546045977,-4.627793029623981,-4.608338370811143,-4.639006188760669,-4.633564213457168,-4.639038500783241,-4.642263766690026,-4.639400028199812
2012-07-17,-4.576360122691471,-4.319899912892122,-4.3563412128772265,-4.316335281500593,-4.365864674714103,-4.332820996676333,-4.3785800865906275,-4.321698610402618,-4.320804026391718,-4.305362060067377,-4.327629376914615,-4.325448327554467,-4.327800545557432,-4.330788502745329,-4.32803837397192
2012-07-18,-4.504394676388395,-4.7069208856232,-4.6175482607358616,-4.707803536184539,-4.7573340368216375,-4.724905811640808,-4.634811161626985,-4.711428220411029,-4.708235650510109,-4.697844634953111,-4.692213903603543,-4.700771311398453,-4.6924662823297725,-4.696202823997348,-4.692586623655126
2012-07-19,-4.432686460056403,-4.678815783643794,-4.592611532181651,-4.679717275857538,-4.7132035678113855,-4.691954572948848,-4.618202005286854,-4.682117783819591,-4.679260658022789,-4.658575108776679,-4.666929583662779,-4.676960249569785,-4.667494146486726,-4.6692348742169125,-4.667060124399507
2012-07-20,-4.39512618246777,-4.669095247628814,-4.652523917631985,-4.671890339206035,-4.7043216103987895,-4.675587755949486,-4.67408898699949,-4.67163014612191,-4.669255680738356,-4.664232143875447,-4.668147112699452,-4.669377450566101,-4.668344679914962,-4.669183743927325,-4.668343056260732
2012-07-23,-4.434639837193071,-4.548660233977161,-4.530983544715447,-4.5495038403317665,-4.590249375047657,-4.555462961458614,-4.562848611639804,-4.549191412884032,-4.551696385246717,-4.527144604563659,-4.546623928798042,-4.549066759741228,-4.5473335187641375,-4.548252137994944,-4.546919575926938
2012-07-24,-4.680453876327086,-4.2479977914494365,-4.2649976477952825,-4.2464762654726425,-4.290844756956787,-4.250222805464315,-4.277417845148882,-4.24802344772845,-4.251213428125106,-4.260849218928291,-4.250802619230184,-4.252505014881626,-4.2511045295999885,-4.252085520104243,-4.2509609740776915
2012-07-25,-4.589727755668656,-4.483691536450516,-4.394417125895671,-4.481756906178684,-4.550866911602717,-4.485015337395184,-4.380571778096391,-4.483685493328938,-4.487345135684317,-4.500656341934665,-4.464611020541145,-4.476089848711492,-4.465123708474342,-4.4663203330587615,-4.464723590509019
2012-07-26,-4.472080345731408,-4.397558559936762,-4.366766871543601,-4.393382926482681,-4.464094215144092,-4.398489872882478,-4.365746102370844,-4.397746978436409,-4.399826587440375,-4.40797669514771,-4.392004534509362,-4.398974826613503,-4.392303749950562,-4.3943457020530605,-4.392137519047746
2012-07-27,-4.572877217118556,-4.43336376495267,-4.37610746684637,-4.429614355086917,-4.485543508698921,-4.434404696539842,-4.363257922498897,-4.433520205299291,-4.436325145394212,-4.429613720193615,-4.421419972308434,-4.425978215278382,-4.422132366724198,-4.423882757274092,-4.42161256001124
2012-07-30,-4.650800546765619,-4.542140126879138,-4.534655807370863,-4.539676913825046,-4.594493216182639,-4.542530758635769,-4.5553111237405455,-4.5422537811374495,-4.544798297827702,-4.524744234925282,-4.542525634340556,-4.540428678576547,-4.542433664679312,-4.5452949849719895,-4.542738977028227
2012-07-31,-4.764449915785232,-4.650244807830099,-4.5921134835803015,-4.644857512783022,-4.7126761578796605,-4.649694575134498,-4.595379575891974,-4.650706272434138,-4.654528304223504,-4.636409547122594,-4.639238988917351,-4.643063217386783,-4.639457240983217,-4.642778346022464,-4.63948154298531
2012-08-01,-5.024902322717882,-4.393708864064646,-4.308169186996441,-4.3902755085541125,-4.442814181355236,-4.393955306533008,-4.304625219530364,-4.392770700383239,-4.397425292197141,-4.397398669038968,-4.377846106633003,-4.386010486377506,-4.378053793716712,-4.379808480541383,-4.378041574815856
2012-08-02,-5.561276578591478,-4.262883604042928,-4.203374255554402,-4.260060958367006,-4.3244871694544775,-4.262923748047614,-4.2075877270992414,-4.263719795809693,-4.267822526628726,-4.272776180018086,-4.252748486585468,-4.2562014558192285,-4.253057486054941,-4.256034326328489,-4.252965844917331
2012-08-03,-5.581865280235416,-4.78767264349366,-4.625558969815183,-4.788829752663812,-4.854927858805228,-4.785743251114719,-4.63324643151327,-4.787041945168699,-4.791669497047717,-4.785718034081404,-4.760880186138412,-4.769303841589021,-4.761299316590257,-4.763287335360524,-4.760882921627284
2012-08-06,-5.565778122818243,-4.881827934456903,-4.848584128517117,-4.8812817254052785,-4.942756400769757,-4.879574558783291,-4.890769048844933,-4.881646094969667,-4.883985081291516,-4.876439545104405,-4.881323138135475,-4.88086303661397,-4.881317777883279,-4.883698139827447,-4.88146119501246
2012-08-07,-5.415542955743301,-5.0755870110364425,-4.918951739094438,-5.07347820957631,-5.14223861988662,-5.073693620581165,-4.91176733854078,-5.07575677452091,-5.079951753170567,-5.077406987667392,-5.047923994570016,-5.057472258358993,-5.048232195551922,-5.049749924306294,-5.047997508361355
2012-08-08,-5.502395042376934,-4.993381845128568,-4.9330296676416046,-4.9915920569935786,-5.052005694788989,-4.9913568064772305,-4.957657207054757,-4.993343049957206,-4.99716230817016,-4.950037791153252,-4.985243351594738,-4.990485354606086,-4.986051255864942,-4.9877527874089385,-4.985529403124514
2012-08-09,-5.5417047321820805,-5.236764167481326,-5.173864928152279,-5.236471999488563,-5.273637044910202,-5.234499611492628,-5.194436499247133,-5.235230110421531,-5.237712104000975,-5.186034633907713,-5.228854934517713,-5.232893470906115,-5.229034762648732,-5.2307684333053786,-5.2290288454715
2012-08-10,-5.666254352514429,-5.253315131016555,-5.20720035071681,-5.253402480402553,-5.314182200153743,-5.252108906283937,-5.222589457338854,-5.252113312338545,-5.257364151549233,-5.2360717263514,-5.2477469646552,-5.250480385281184,-5.247791736362252,-5.2495978519368744,-5.24801157867592
2012-08-13,-5.731757211337626,-5.252646892519598,-5.27011279468546,-5.253082624731468,-5.305499555368347,-5.2508240962175625,-5.309533915208024,-5.250864558097108,-5.254614390064187,-5.209251839970814,-5.259479911361789,-5.255347035242178,-5.2597699394319735,-5.261853502046607,-5.259715866893896
2012-08-14,-5.765459362920384,-5.082546833440765,-5.14454505445633,-5.0819606016286265,-5.126273670803675,-5.081027422002402,-5.1871227481949225,-5.082829118313985,-5.083900294146783,-5.053286712548944,-5.098063430483057,-5.0917718569874495,-5.098097184065194,-5.100034183663476,-5.098278387244545
2012-08-15,-5.449299313394431,-5.412167659218787,-5.3715773495433075,-5.410958160373558,-5.461633618289983,-5.411183846999763,-5.382163527470824,-5.411878049598749,-5.414715901754098,-5.380511961668457,-5.406582805162876,-5.4094594031627725,-5.406797498408766,-5.408442736310192,-5.406725357814158
2012-08-16,-5.248386536773055,-5.339865704003912,-5.2839090219039555,-5.3382707459870185,-5.379619590683146,-5.34007562345609,-5.319568637445144,-5.340312481305245,-5.339759366665518,-5.321254309347121,-5.335671463890973,-5.337702825723129,-5.336039293355153,-5.337425435744165,-5.335780376898156
2012-08-17,-5.095656525721712,-5.615061985299706,-5.471623901140088,-5.612394093890704,-5.666714496051196,-5.615459020353912,-5.468218482132664,-5.615734686585511,-5.61682893767195,-5.605706640630632,-5.59126796457029,-5.594330506444203,-5.591291356034745,-5.592357723303109,-5.591269951425453
2012-08-20,-5.082492130090215,-5.458880738815015,-5.399156414322346,-5.457716278123575,-5.492621080244356,-5.460698752020306,-5.39818564290639,-5.458860822132297,-5.459401301727799,-5.428471117401889,-5.450269342909319,-5.455740398493416,-5.4502411557246875,-5.451529900236067,-5.45033273323814
2012-08-21,-5.039868206852223,-5.287619095715983,-5.2503677787635965,-5.283613845397405,-5.329740076976934,-5.2894405121859,-5.282462192668102,-5.287429397336305,-5.2880092737698225,-5.276887631093139,-5.285892401117078,-5.2863648037431314,-5.286056936562337,-5.287037138517995,-5.286016685815216
2012-08-22,-5.222693622095308,-4.989688170249581,-5.032639249063578,-4.988488053948759,-5.02646920775115,-4.993953880389852,-5.082821091132974,-4.989634661056814,-4.99066428110788,-4.953097505689283,-5.002722849478652,-4.994914262057147,-5.002704539836254,-5.00371134161271,-5.002927926716229
2012-08-23,-5.391544118609216,-4.929617311184164,-4.998427975051836,-4.926459265215903,-4.992959384935393,-4.933215404873606,-5.058244476582727,-4.929067194959244,-4.935999438718219,-4.907055526291783,-4.947003808231317,-4.940572633571717,-4.947010418294764,-4.948681418140563,-4.947425072310973
2012-08-24,-5.035983821063079,-4.967659509900226,-5.044852332068188,-4.964572379827353,-5.029461104115751,-4.971489632285277,-5.129282343619032,-4.966721979796618,-4.969927978839763,-4.955773148366124,-4.989275166873575,-4.978755401921609,-4.989327793387478,-4.991234981744261,-4.989583917383224
2012-08-27,-4.906095640432131,-5.174310638358481,-5.201717681771191,-5.17294349472735,-5.230963846859898,-5.180419397644108,-5.26043778790144,-5.174058533594334,-5.1777032702907055,-5.146131532956366,-5.186461740859352,-5.181908301507436,-5.186479467898672,-5.188152870812369,-5.186743776047649
2012-08-28,-4.911881012528226,-4.938626870870561,-5.018531215623873,-4.938100132816518,-4.975892902789143,-4.94175742045883,-5.083035114292134,-4.940160301299116,-4.938448508336863,-4.9241039081379965,-4.959144508655935,-4.952923889240028,-4.9590334081789145,-4.960589107849637,-4.959347195078712
2012-08-29,-4.858325850587183,-5.294313848218509,-5.345549422808137,-5.292225189344157,-5.353407332348143,-5.297300637753503,-5.403690837127935,-5.295485117139167,-5.3002776635086795,-5.278921685656579,-5.3080658717726585,-5.302237771359515,-5.30795041717134,-5.309542542454793,-5.308404876733921
2012-08-30,-4.884793817662266,-5.267316419680387,-5.346459051289604,-5.260698981438597,-5.296183138885642,-5.271168055030144,-5.389318984463471,-5.265999405391491,-5.267152331818327,-5.251288187321751,-5.285024159264541,-5.279052326962226,-5.284898923582436,-5.285859768843174,-5.285209651093515
2012-08-31,-5.311829717147733,-4.6332536605218895,-4.706862312557351,-4.626977226006268,-4.698265751973969,-4.634101072305156,-4.753734336266,-4.631112743782165,-4.6419882999271485,-4.647016310047006,-4.649033660833427,-4.642608367715079,-4.64872208212098,-4.649435910081609,-4.649362255487728
2012-09-04,-5.515031224778579,-4.833139183289579,-4.8740805169002615,-4.8298506996249,-4.904634393623774,-4.837621980320612,-4.917146320472541,-4.833005543273661,-4.8445750865345945,-4.8083958866470144,-4.84430348114833,-4.840283883836705,-4.844480999396242,-4.8454306221207375,-4.844747814399594
2012-09-05,-5.615111145229119,-4.916934532574949,-4.9873681374983345,-4.9105207086185585,-4.968284943247107,-4.918643184583587,-5.012313263952703,-4.915404822072903,-4.921440548033058,-4.913151674418197,-4.9312360255262755,-4.923892229913331,-4.9313238022076815,-4.932507592732067,-4.93144666383399
2012-09-06,-5.168692898965156,-4.975363697429156,-4.9579690516566215,-4.974099501929752,-5.047969645694799,-4.982065191428153,-5.004752596863878,-4.974972263905567,-4.985672421362835,-4.937747804310509,-4.977390341149388,-4.976134550756497,-4.977304714370285,-4.978913107499785,-4.9777829708260475
2012-09-07,-5.02094578776771,-5.171481483704383,-5.134081295199411,-5.171496821425048,-5.225573999523244,-5.18203655539283,-5.1513088354977326,-5.172832332906143,-5.1843660231387885,-5.121113692945101,-5.167937664408442,-5.17055458016115,-5.168080280219492,-5.169699483288259,-5.168329911948679
2012-09-10,-5.005672834521641,-5.371477405396958,-5.332019876005012,-5.369936364551529,-5.408754618735952,-5.379327470497976,-5.342908219305189,-5.370392939848584,-5.374981491283456,-5.342854010578821,-5.366942674945367,-5.36995461662533,-5.367056850985246,-5.368042755665877,-5.367087488586586
2012-09-11,-5.0236268750956246,-5.379308309187448,-5.368000763995126,-5.381032883940232,-5.401457534233144,-5.388686140389205,-5.373949700768566,-5.380021133405732,-5.379849234270748,-5.344001794259835,-5.379671692328625,-5.378817480312811,-5.379700295752417,-5.380348444389843,-5.379737417230929
2012-09-12,-5.035621884537522,-5.334041646455416,-5.306120626129088,-5.333513704183496,-5.3867948633379905,-5.3414947444922145,-5.31850346161827,-5.334380666890613,-5.341252082347834,-5.29589091128359,-5.3327121023869966,-5.333784186852628,-5.332760433792568,-5.333490282102641,-5.332949778861788
2012-09-13,-5.368602960146884,-4.704631380141699,-4.7339359060091954,-4.7087653495846515,-4.749698814737332,-4.7109251855712975,-4.77653021047866,-4.708299492932431,-4.712958256771513,-4.672105887139475,-4.714147973601405,-4.7099787532621145,-4.714187203139682,-4.714954728477552,-4.71448841044909
2012-09-14,-5.625101685115172,-4.8892583528879126,-4.809851102634715,-4.8922811495644005,-4.944058460484174,-4.89401227237133,-4.838269673109123,-4.892530751413647,-4.898824325730671,-4.879015997117075,-4.878329468217211,-4.88200143878352,-4.8783527016156425,-4.879229152117403,-4.878543505174885
2012-09-17,-5.571341766687186,-5.1677519529212494,-5.106725967714615,-5.165596710243582,-5.229506897514313,-5.173600939384354,-5.118042450290523,-5.1667365769209574,-5.18305017279266,-5.146848969327767,-5.159152908531587,-5.160526506437451,-5.159553062769467,-5.160643302838023,-5.1594513411734315
2012-09-18,-5.310268626374108,-5.229850680009185,-5.142307651903447,-5.233729634710061,-5.290408077944209,-5.236716049618953,-5.148779933818155,-5.2344507321371445,-5.245921602660286,-5.209531825080612,-5.217408904156597,-5.222023704335697,-5.217690973065851,-5.218944272630378,-5.217634573934507
2012-09-19,-5.192860300136896,-5.112331164427976,-5.029443842903569,-5.112228157233857,-5.177138050638891,-5.120823346493927,-5.054381214928523,-5.114008833626839,-5.124998933019827,-5.087222235023608,-5.100460597621964,-5.103679008555295,-5.100554273239084,-5.1015734441200475,-5.100637820459799
2012-09-20,-5.2026980144750485,-5.099051677585262,-5.093355076922556,-5.10034094160747,-5.156469901011697,-5.10590751174105,-5.133847739388008,-5.107927088104414,-5.117621677966982,-5.067180919376837,-5.1021539092273205,-5.09980282019772,-5.102933973633373,-5.103479247591569,-5.102475552492007
2012-09-21,-4.982866233990062,-5.558277574732043,-5.394522144494815,-5.55919397819176,-5.613778928761806,-5.5664508005991316,-5.398666385220277,-5.566143491712072,-5.568808406588989,-5.531696681023296,-5.5316903464665055,-5.541003342421491,-5.5320247659046,-5.532644397940714,-5.531715808821748
2012-09-24,-4.809031076595605,-5.308691386044412,-5.289519616195012,-5.313378177857441,-5.353554961529917,-5.316827846117387,-5.327423500452849,-5.316010773483518,-5.311344781340607,-5.282045556432416,-5.309826127975153,-5.308948445265744,-5.309731661238379,-5.310618409882185,-5.3099273980096635
2012-09-25,-4.745899051558518,-4.962326640503914,-5.009130600864322,-4.9667620626695115,-4.997791280411105,-4.971440405277024,-5.051354576070448,-4.966657506240068,-4.967293098837012,-4.93687271192266,-4.975166098081379,-4.970018666925652,-4.975380942291357,-4.975639395235048,-4.975419527912543
2012-09-26,-4.736500479679198,-4.9759487227689,-4.9059886137910915,-4.978473490036304,-5.038448242568863,-4.9862611585025665,-4.928120840207702,-4.978016226325215,-4.983095820155395,-4.951897164127452,-4.9683648146171135,-4.970981516307178,-4.9683262799003165,-4.968708191610515,-4.968472295462867
2012-09-27,-4.699184715208569,-5.04575234153378,-5.074528403720678,-5.049335588544215,-5.081107660343807,-5.0514996996360075,-5.099471500040214,-5.05310920871032,-5.04974314514106,-5.028034332578152,-5.054167734255973,-5.0506882383079414,-5.054515339858066,-5.0542642065511485,-5.0542613567557115
2012-09-28,-4.746887003265472,-4.800364750725813,-4.8749223791069225,-4.794130387185588,-4.851487708230198,-4.800646403872435,-4.914867954527177,-4.7998960333770215,-4.807956425758223,-4.7992832913325785,-4.816753488630726,-4.810904010735858,-4.816642593706361,-4.816994446751302,-4.8169985721801485
2012-10-01,-4.939675416448593,-4.657416284583599,-4.646639573237242,-4.65008019489348,-4.72779613361898,-4.66122152430588,-4.680504255731103,-4.661038545579784,-4.665696782699103,-4.65115024465244,-4.658935277286044,-4.657991837548431,-4.659092145956022,-4.659089429215966,-4.65906931380745
2012-10-02,-5.039736840502487,-4.612277436334356,-4.773237718722159,-4.605375345265435,-4.649582843246527,-4.614951763836403,-4.839300717413363,-4.609960605943057,-4.61493635070771,-4.601417063775781,-4.645995909228812,-4.639673736423655,-4.6459047713045845,-4.646856101706797,-4.64626564585775
2012-10-03,-5.026980644284676,-4.757000327155164,-4.832141538334571,-4.748133918996667,-4.813662993813171,-4.762811678417793,-4.88734469316276,-4.757912490739572,-4.7629364236618645,-4.738005254633755,-4.775186755205282,-4.768832451901467,-4.77545771849533,-4.776682749438955,-4.775450289626253
2012-10-04,-5.104611125755177,-4.745573500240355,-4.825562150192863,-4.740857486380081,-4.77827724347415,-4.750654506425733,-4.876461664231391,-4.742039902178126,-4.745490812941819,-4.729792370630515,-4.765373422207881,-4.757537171168099,-4.7654174268981695,-4.767026209277872,-4.765647424340452
2012-10-05,-5.107474427404974,-4.793217889175941,-4.846258953632554,-4.793691759679233,-4.842237329142895,-4.804440761435733,-4.892591826173192,-4.796507171898988,-4.803387014950446,-4.758873819868594,-4.807430436735696,-4.799827589259151,-4.807312115284493,-4.809359271910745,-4.807774129742555
2012-10-08,-4.990426292154481,-5.142022853117934,-5.126737690490684,-5.13038656227165,-5.1777770256987425,-5.148738946130426,-5.134778832625418,-5.1361496149904955,-5.152408691170102,-5.118004614494014,-5.139953964074917,-5.1402825527577765,-5.140458633087901,-5.1415168346859765,-5.140187468009973
2012-10-09,-5.131220583882931,-4.866143082670491,-4.948036550137811,-4.860396364486178,-4.924494905438491,-4.874657948134164,-4.974729585878208,-4.861053470564558,-4.876534281915927,-4.837070716898387,-4.884707498658693,-4.878067048753384,-4.885007283451286,-4.8870385387553945,-4.885064302961192
2012-10-10,-5.292722180331313,-4.851499156429752,-4.902067111971218,-4.842837839038075,-4.897392152483808,-4.854015460917418,-4.915710220122423,-4.845403763069357,-4.861243505248616,-4.833598500733842,-4.862083901388995,-4.857959502859213,-4.86253729179655,-4.864555279560425,-4.862300657571129
2012-10-11,-5.199870831880859,-5.039953276552283,-5.006950872819415,-5.025024602729927,-5.0869521671041475,-5.043521547347406,-5.008390521968962,-5.030274408920098,-5.045127487904739,-5.021079580262479,-5.035204234118759,-5.0390111888237765,-5.035849962721649,-5.03744615231658,-5.035382066110258
2012-10-12,-5.114082061397108,-4.934580384349172,-4.955285308084343,-4.926636548771048,-4.968942962070624,-4.938825110878494,-4.97515184628478,-4.929682545261298,-4.946548526656489,-4.917475694568905,-4.939160651062644,-4.9370528959008855,-4.939263326030756,-4.941532630329077,-4.939503461305014
2012-10-15,-4.982536023139493,-4.889269395452686,-4.93694887841645,-4.885680231744867,-4.918517876189754,-4.894064817004617,-4.949583537737262,-4.883440466532049,-4.90118515263293,-4.861525762248445,-4.89926631614669,-4.898206056455782,-4.899696056024071,-4.90245626512399,-4.89966084947025
2012-10-16,-4.834760787056319,-5.20850807726175,-5.132904104735756,-5.206693377818675,-5.241884575297355,-5.211858616466714,-5.147825045454945,-5.209633125182832,-5.21445912248734,-5.198538046906165,-5.197080405874039,-5.202235407810104,-5.197123023917738,-5.198943480939952,-5.197168141642949
2012-10-17,-4.760314042905134,-5.2536426832015035,-5.119067477298977,-5.249224494644318,-5.289745683229947,-5.260481841201586,-5.089012659540087,-5.251369024271392,-5.258270481302912,-5.2205822808305165,-5.230390469834243,-5.243437000906116,-5.23095034314223,-5.23094542801514,-5.230434893952718
2012-10-18,-4.696217083619776,-4.950343227496868,-4.943459529035575,-4.946240742814431,-5.00753268929323,-4.953690153047483,-4.961467812054183,-4.948618201357325,-4.958709033796333,-4.9323618763906545,-4.953466704490858,-4.954063057593924,-4.953640929411201,-4.9535193561660975,-4.953726844435936
2012-10-19,-4.596065993739818,-4.83554977712118,-4.844346301576946,-4.830905885099222,-4.892568864724979,-4.836890874974699,-4.870236914369266,-4.832241553246219,-4.842356424096297,-4.819074687109522,-4.839054620661331,-4.839382276714787,-4.839355755579912,-4.839592178091382,-4.839319869678561
2012-10-22,-4.6685379955212145,-4.712167833667962,-4.787749162308365,-4.705447313120525,-4.7689512230000854,-4.713611231389993,-4.826458356198712,-4.70838321984941,-4.718642867502277,-4.701445998878667,-4.7286405755928325,-4.7249855219415595,-4.728792581144736,-4.729626580147282,-4.7289171191359465
2012-10-23,-4.724287112965561,-4.728551481720083,-4.732742747925667,-4.7230974502909016,-4.776733929013138,-4.730215906545947,-4.735487495257691,-4.724849111326435,-4.737312394842979,-4.703099739450793,-4.730530197529421,-4.729886238148862,-4.730694563411314,-4.7308951978689535,-4.73076947988769
2012-10-24,-4.677124679989871,-4.794686849905786,-4.747615416321046,-4.785757739180417,-4.8532434520768915,-4.794939723283058,-4.746483164626801,-4.790805251871281,-4.803262112337621,-4.784464403949224,-4.785683748536214,-4.793351575201971,-4.786251928575615,-4.787012741584211,-4.785885728149413
2012-10-25,-4.790810013676778,-4.612238213958658,-4.575514267662007,-4.606670125007985,-4.662011714745705,-4.612728206443744,-4.587174364355602,-4.6061226127358825,-4.615640841751025,-4.597734288985857,-4.607514042507323,-4.612530677123519,-4.607905456014352,-4.608326530440797,-4.607539179387794
2012-10-26,-4.9653436064586005,-4.458391554904439,-4.50244870670618,-4.451427955474857,-4.5057485986061545,-4.459016745351366,-4.501744136925872,-4.454718578866919,-4.463330446317355,-4.4356029676106035,-4.467098156607886,-4.465540269009933,-4.467743185729217,-4.468319971604485,-4.467136097894882
2012-10-31,-4.72021357843446,-4.69782769149417,-4.6088622275537485,-4.688164794968788,-4.741403597792606,-4.697667402977956,-4.573003280217188,-4.693460206874306,-4.703181405741604,-4.6850283840417415,-4.679843283449719,-4.689851693633749,-4.680157415652637,-4.681488809656023,-4.679771499565248
2012-11-01,-4.516136353959406,-4.796354517328446,-4.687989066314242,-4.7888727618062115,-4.859235354039985,-4.7963630437624465,-4.672979794918665,-4.79507953449781,-4.800483254863129,-4.788158653258121,-4.775981960680942,-4.785741862913358,-4.7770069337974554,-4.778121069274176,-4.775825371908199
2012-11-02,-4.351323256863583,-4.662333309291436,-4.6707613790148255,-4.660359328917782,-4.71092450685871,-4.66224902095096,-4.674679796410726,-4.662403800462421,-4.667565735897395,-4.631257445769036,-4.665104814446052,-4.664049187851202,-4.665586715345335,-4.666187464441792,-4.665150695437312
2012-11-05,-4.357882279903724,-4.887716959726332,-4.873908200370989,-4.8847417435450815,-4.923873158410317,-4.887263050007076,-4.8589581423034875,-4.88770338812468,-4.889990219709267,-4.861786793647845,-4.8855239221161915,-4.887660643903888,-4.885646682005979,-4.885713044210372,-4.885489230109087
2012-11-06,-4.263967244715651,-4.838351409206181,-4.847763775202923,-4.8335571395048005,-4.8937251144030425,-4.838352365804346,-4.853476341549907,-4.8388116563322505,-4.845680132935802,-4.825197051826574,-4.84081394037739,-4.839777309876622,-4.841419687019325,-4.8401789309851795,-4.841084661621945
2012-11-07,-4.31707506245609,-4.4382765970516616,-4.417151788812374,-4.435376872099972,-4.476461640973205,-4.43901954951817,-4.435545462705236,-4.439334417824481,-4.439104623197462,-4.454391290298181,-4.436832731300195,-4.439230520217238,-4.436823642340853,-4.435482327814312,-4.436795169459321
2012-11-08,-4.270103421394737,-4.369440566957996,-4.452885755726026,-4.368200609434238,-4.3859439598346475,-4.3690665965352755,-4.477641355721615,-4.370337585786627,-4.370468243469287,-4.345384213467617,-4.385804786876457,-4.382162546954669,-4.385969758937531,-4.384813913232907,-4.385947968781933
2012-11-09,-4.205195520635258,-4.247638351517662,-4.279610533920677,-4.247010765863867,-4.265689738686603,-4.246314402203917,-4.304529085179199,-4.248696094668411,-4.247329091425459,-4.215224842667635,-4.256545079737539,-4.252573315995123,-4.256555479834438,-4.25584353594742,-4.256632459477335
2012-11-12,-4.186233901279281,-4.716541701008391,-4.7829213270309525,-4.714384873118969,-4.745412943045853,-4.715149579188632,-4.796486632643276,-4.7177876597599075,-4.7173656235737615,-4.660188982265045,-4.730893465307255,-4.727425458972649,-4.731008537714012,-4.729928523356993,-4.730957975713477
2012-11-13,-4.234201160816309,-4.311736993662117,-4.394425163469065,-4.309722636772962,-4.329586216513812,-4.310602753946769,-4.40258562019756,-4.312312216532351,-4.310901007136827,-4.266361271963332,-4.327627862200778,-4.324370311996163,-4.32827863776661,-4.325609604515106,-4.327594770579507
2012-11-14,-4.3858108007374055,-4.324906024004882,-4.382614187369539,-4.322871997334944,-4.347326422774467,-4.324213387323547,-4.408733474247165,-4.324954274137029,-4.325132253126222,-4.295076612275068,-4.338151970997562,-4.332695551309803,-4.338022469495831,-4.336634218975391,-4.338226479266449
2012-11-15,-4.6354214950906565,-4.173926562267224,-4.23327103914553,-4.172555263989635,-4.190457176367112,-4.172579874840249,-4.238536000447965,-4.174911970471709,-4.174744249736669,-4.122888837705819,-4.185780113887853,-4.183346681606454,-4.185926366996463,-4.185107293825274,-4.185909937732506
2012-11-16,-5.118697158426816,-4.077899058315665,-4.184233896436903,-4.076863892952381,-4.102578175063649,-4.077071809132901,-4.216107980143562,-4.079579047119557,-4.079081462695654,-4.056845736279091,-4.099162076973706,-4.094702744223961,-4.099183649992448,-4.099465183066095,-4.099291394827605
2012-11-19,-4.976132669383256,-4.520392854828829,-4.55813534290728,-4.520348782961979,-4.540063397973754,-4.520182070518057,-4.543670534661945,-4.52278304153404,-4.5223009885752194,-4.487719246357657,-4.525626145547397,-4.5234033545056045,-4.526042523123048,-4.526357990891084,-4.525676511802652
2012-11-20,-4.801037091954681,-4.370328577980466,-4.449059324661163,-4.3710338221253835,-4.39351285560534,-4.369606722711684,-4.478798011968213,-4.372031423504281,-4.370351422944885,-4.327949365499758,-4.38778744139702,-4.383879597842032,-4.388052192635402,-4.389102560679415,-4.38784087407501
2012-11-21,-4.649835344252934,-4.80360797924987,-4.844764315806625,-4.805493675314156,-4.822585261900337,-4.803240681053608,-4.853624786044889,-4.80640309828095,-4.802888438172392,-4.760655929034101,-4.812267447753127,-4.8089683554470914,-4.812201069012842,-4.813855763286619,-4.812379542838014
2012-11-23,-4.60973202523526,-4.728137668335347,-4.7029283662379,-4.730474448781727,-4.757082507701315,-4.729085362149277,-4.692702859477966,-4.732188031556718,-4.730327706119812,-4.740088402345494,-4.7218656031319215,-4.728354301998455,-4.7221021315221465,-4.722752171529022,-4.721809154184722
2012-11-26,-4.536359104348592,-4.999599949525134,-4.982466182229734,-5.000994796530059,-5.006851218747137,-4.999202628742068,-4.960324973177279,-5.001125785760276,-4.99898458483448,-4.957296091024406,-4.995266740868445,-4.999164117623925,-4.995352447813694,-4.996318648596141,-4.995213830823562
2012-11-27,-4.546399771421625,-4.643703705520949,-4.733726465543313,-4.644302874683106,-4.659274280068098,-4.643278616173476,-4.755453259035928,-4.64403362094184,-4.642726397357055,-4.619108458037177,-4.66115738385597,-4.65690386983346,-4.661043431147183,-4.661481313186428,-4.661140851953065
2012-11-28,-4.598091314164491,-4.418735044459268,-4.52368447922481,-4.419281382469672,-4.4455431251898965,-4.4170734078125795,-4.553382620610255,-4.419406470616942,-4.42004804275557,-4.386643075917625,-4.43940826801038,-4.434572433659245,-4.439525824434617,-4.440039995233866,-4.439537528283269
2012-11-29,-4.656587605992081,-4.530423722000943,-4.601415328983899,-4.53089501600349,-4.5573096230809895,-4.529933762338428,-4.631416474662945,-4.531322935121927,-4.5312837038459755,-4.511359670020518,-4.545039928511384,-4.540204322382494,-4.545208157740303,-4.5459503541593245,-4.54506828773675
2012-11-30,-4.705848057226041,-4.615583255618814,-4.768330349630281,-4.616020610131233,-4.6209256495032776,-4.615541873520078,-4.796906146164483,-4.616195950958506,-4.61345686202659,-4.59813706460254,-4.643491847265973,-4.63516189340309,-4.643888842525067,-4.64480326314472,-4.6435605223658065
2012-12-03,-4.825372511276818,-4.557532424857116,-4.648121708200519,-4.557559859337735,-4.581323492678135,-4.558312153748574,-4.6866125894094255,-4.557773009901223,-4.555289146962782,-4.598578725552137,-4.574969766042939,-4.570522441798541,-4.575088171258688,-4.57605692758913,-4.5750277930891485
2012-12-04,-4.993103760210191,-4.486531303806172,-4.5985329491421885,-4.486421311595948,-4.523249280901357,-4.4847014196228425,-4.6351784804314144,-4.486538329522116,-4.4882786217640405,-4.478066921031175,-4.508452541373233,-4.50234818106548,-4.508565796265223,-4.510163847847101,-4.508648767766301
2012-12-05,-5.280145153385881,-4.396957424398115,-4.549602540928233,-4.39710539019187,-4.416133073866326,-4.396450577004801,-4.579041268293545,-4.396146212019727,-4.395485574791118,-4.382780099318212,-4.425549256543177,-4.421592793121828,-4.425888642999794,-4.428119801808686,-4.425710769334084
2012-12-06,-5.212407368254419,-4.642236597729505,-4.776329123976506,-4.644517799354939,-4.6457170311165665,-4.640535258069291,-4.812746137333113,-4.643465892049988,-4.63611054213096,-4.609557868936794,-4.668540022900095,-4.662811974006058,-4.6689467870578625,-4.671970647672823,-4.6687119207944106
2012-12-07,-5.226419098058112,-4.767507477703356,-4.87254399376226,-4.771891929936844,-4.791651327837939,-4.767573885003923,-4.89717859279634,-4.769607397778436,-4.771174712077246,-4.746748396294766,-4.78782271925416,-4.77837445157758,-4.787998683697317,-4.791753651737536,-4.788062870751503
2012-12-10,-5.17197477090501,-5.000957213688629,-5.040454851251008,-5.007412351407729,-5.01198317522655,-4.999788541243679,-5.0365551256425105,-5.00394304736456,-5.000860754388274,-4.945234027732131,-5.008584918563554,-5.005902204956404,-5.0089766068633725,-5.011876882638511,-5.008834237225118
2012-12-11,-5.0895995108191645,-5.000042196960649,-5.052189115951288,-5.006012720057385,-4.998974868047976,-4.999302411378959,-5.065536898485804,-5.001371091379975,-4.998141647610003,-4.945056905412573,-5.0109356542134815,-5.005105630768112,-5.010821186462341,-5.014095261119276,-5.010999441957906
2012-12-12,-5.0974657612445995,-5.021057918311612,-5.034196750143997,-5.027717824551946,-5.011436475238174,-5.020575611403505,-5.046144590770253,-5.022913562522916,-5.019933157549281,-4.967339019124955,-5.025584431805078,-5.024451328316018,-5.026081874489458,-5.027858469671623,-5.025594630124909
2012-12-13,-5.1660855727673365,-4.822280799757551,-4.9247490066844914,-4.829857596216796,-4.838058837154546,-4.822286947065421,-4.936947289728799,-4.825106574452705,-4.82272657379637,-4.805651808480626,-4.841172485007652,-4.834878708880275,-4.841167754410103,-4.844280655882033,-4.841357408891702
2012-12-14,-4.982763320833942,-5.040539720591068,-5.086777980315308,-5.049448041421956,-5.072610879972978,-5.040398766064748,-5.075394502623406,-5.043928603152611,-5.04296234938028,-5.001928454551587,-5.047294920231644,-5.044185495559989,-5.047493946577191,-5.049598294780862,-5.047564913943846
2012-12-17,-5.050239782643214,-5.044636309645413,-5.0544120721533075,-5.050840051159493,-5.056093283501599,-5.044067768914775,-5.058750127130524,-5.045629694519663,-5.044849404720647,-4.990973356048418,-5.04628744351836,-5.047375537032084,-5.046548718703164,-5.048403696831032,-5.046306641941338
2012-12-18,-5.041128165862201,-4.913681393814328,-4.963384359965947,-4.920926440725482,-4.932475924179796,-4.9134682611317055,-4.9982076561541104,-4.916356988848363,-4.915191860183692,-4.897819666196448,-4.924546468703261,-4.916813579588375,-4.924469776267999,-4.926881632767115,-4.924840551213123
2012-12-19,-4.718244433182602,-5.004231667005903,-5.014594210892771,-5.012564226924206,-5.036578553293831,-5.0038019986876385,-5.028353356112231,-5.006529021471344,-5.0065497455307435,-4.958298088358268,-5.006925294434227,-5.005141531492163,-5.006676324061583,-5.009972225504189,-5.0071719172551905
2012-12-20,-4.584681046844916,-4.933764419103881,-4.986279168886026,-4.93956797913834,-4.924797526287795,-4.933585601135927,-5.003575102450369,-4.934038826056843,-4.932915798283303,-4.87578420618548,-4.9455459453304815,-4.9413395433238545,-4.945493715377979,-4.947551284372065,-4.9455859480694855
2012-12-21,-4.319729002343564,-4.712712520126582,-4.7922313673694115,-4.717224226384973,-4.7371859597396115,-4.71275130099097,-4.826057247050542,-4.7125324017538786,-4.716642248683965,-4.67945454619763,-4.729118264873018,-4.724362027881904,-4.729139580814294,-4.730023775999328,-4.729327200591029
2012-12-24,-4.244264317381125,-5.239780131924849,-5.297701115610652,-5.243853836354651,-5.238519229423437,-5.2402326515388715,-5.303729711903955,-5.240136205100099,-5.240319747327759,-5.209059511340918,-5.250328564027646,-5.246144693184181,-5.25161091970645,-5.2508316681817355,-5.250480872081372
2012-12-26,-4.2640286130167535,-4.889711282683757,-5.018744914143388,-4.892969776524444,-4.888280312836124,-4.889721644920098,-5.0643614738546745,-4.890084767893521,-4.887582968162627,-4.856580901278128,-4.915718860603088,-4.904634717269097,-4.915539757233819,-4.914812015936025,-4.9158857923994015
2012-12-27,-4.4883340181398115,-4.423215125007161,-4.562775601248173,-4.424735208874935,-4.442443490327499,-4.423142076173497,-4.611868503016138,-4.423569696698093,-4.426152264684027,-4.405423865101327,-4.45125710445064,-4.441680958217919,-4.451125767045321,-4.449459015867991,-4.451441399146498
2012-12-28,-4.695663674488611,-4.458018561609715,-4.688761435027689,-4.460273589191666,-4.4568996989125145,-4.457884820669983,-4.740818759687096,-4.45829654597406,-4.4621684161609805,-4.4287365563319385,-4.5017656368630865,-4.49429015030605,-4.5016449154517755,-4.499993950834245,-4.50201655735186
2012-12-31,-5.348021664272346,-4.11546635225095,-4.289410967582449,-4.1186149866246025,-4.14458219728767,-4.115523663098866,-4.344102433071618,-4.116226696986164,-4.119898426781219,-4.093774198512894,-4.150186575537545,-4.14302361792365,-4.150035374346552,-4.149018974066341,-4.150428198832452
2013-01-02,-5.56403611297197,-4.498239136076632,-4.544619261183984,-4.506407196049617,-4.522949276532503,-4.498663451983056,-4.571908299873881,-4.501182069009154,-4.500541183613064,-4.488143832342971,-4.507038540804956,-4.50332451451947,-4.507016214414302,-4.507381476161537,-4.507207015515434
2013-01-03,-5.565316232581862,-4.630245150005822,-4.663026034580716,-4.639668680029662,-4.646886996465606,-4.630427468278367,-4.669957351195603,-4.63407246449696,-4.633837901528774,-4.599644455952661,-4.63668108392955,-4.633557250249352,-4.63705131632815,-4.637433414266154,-4.6368517245949645
2013-01-04,-5.600451389775158,-4.875932696207666,-4.887427079023345,-4.886984325816894,-4.901951182833915,-4.874765700441697,-4.889839614269285,-4.880677180542003,-4.875867761913511,-4.815554184511981,-4.8795165955358115,-4.876774633042054,-4.879664797365609,-4.880187876723807,-4.879627228545598
2013-01-07,-5.576552410072362,-5.037221198269361,-5.0358676274915535,-5.051197412970097,-5.043589238825363,-5.036501803619557,-5.016742781926125,-5.043860313843821,-5.037219758125921,-4.973237698696736,-5.037164132126474,-5.03762377905771,-5.037335896461051,-5.038186516998171,-5.03727260977747
2013-01-08,-5.655758732389949,-5.181362535444335,-5.1856765211027955,-5.201446026894244,-5.1954590308801665,-5.180246914942742,-5.190504660001027,-5.188328115332888,-5.181517743915724,-5.128743431873638,-5.183418569772777,-5.182125421653115,-5.183559380024749,-5.184823069354077,-5.183590655450216
2013-01-09,-5.748387388476298,-5.3899404078188615,-5.348398429949193,-5.408079816279068,-5.416081793446576,-5.3883330794924,-5.357430574405881,-5.396443902369463,-5.3901728254125985,-5.338255938888656,-5.385469657381362,-5.388848134142563,-5.385587833371185,-5.386638362569667,-5.38569524261514
2013-01-10,-5.982309187205295,-5.205274344450166,-5.255007227656696,-5.22231819470847,-5.1933928679888455,-5.2034122500636775,-5.272462062890006,-5.2109983331931415,-5.205434895746541,-5.149914192476367,-5.217518684215801,-5.210631656815099,-5.217383928013878,-5.218931341775676,-5.217624517631873
2013-01-11,-5.996791208355145,-5.437021039454201,-5.41249987631227,-5.451935819016687,-5.428890462772667,-5.43599341324237,-5.403808433313153,-5.4394178764368,-5.436877435910711,-5.386060223048084,-5.433681047630765,-5.434449123262155,-5.433729284746998,-5.434522164240449,-5.433761594825504
2013-01-14,-6.006296706495039,-5.375289447154231,-5.375219115387516,-5.39974394066575,-5.382921322138518,-5.374791007043048,-5.378769558278168,-5.384340107681662,-5.375269782984653,-5.343541449126334,-5.376501369956147,-5.376325158554818,-5.376400742124478,-5.377901461048936,-5.376656194173251
2013-01-15,-6.116104677235702,-5.461731896266757,-5.422655879911896,-5.481345187999557,-5.4644609234612735,-5.4617830722561145,-5.418030491917957,-5.46858127460325,-5.461652499549287,-5.407202619322136,-5.456175466589411,-5.459780060748573,-5.456317077848176,-5.457739884391474,-5.45631699025602
2013-01-16,-5.87719408927967,-5.724055158223965,-5.599799079559768,-5.747101938180819,-5.718189693248438,-5.7245818038936225,-5.5815935408658,-5.731565066772663,-5.724034432081622,-5.681200500107357,-5.701751516138851,-5.71126118450187,-5.702154605734583,-5.70293346648848,-5.70184907764726
2013-01-17,-5.719036351366364,-5.726010903212713,-5.60791424695191,-5.741008711031745,-5.720268957765389,-5.726239883161619,-5.585773540986847,-5.729803538245668,-5.725944286685102,-5.706750276830506,-5.70418004021594,-5.712778775036856,-5.704673712813485,-5.704846325144559,-5.704141323747744
2013-01-18,-5.7094417164531555,-5.6430797524951695,-5.563668406846854,-5.6540324703011295,-5.640429008157905,-5.643461863525825,-5.555854736297924,-5.648155555408757,-5.64294671095022,-5.621985814848492,-5.627245514602909,-5.633949248057244,-5.627477450689922,-5.627481941320995,-5.627270423024115
2013-01-22,-5.698675372694742,-5.584626047052917,-5.517769249720334,-5.6100314911124975,-5.596905965723453,-5.584970581231449,-5.533028926454189,-5.591662889895228,-5.58179211639529,-5.562700397264543,-5.574680255394874,-5.579055246259422,-5.5748002722870496,-5.5759752134875775,-5.574846589146534
2013-01-23,-5.5856845473342185,-5.868873565226753,-5.666144221185465,-5.905920254811506,-5.8918518209494435,-5.8690252507098,-5.636140492608092,-5.884354647621794,-5.8668853339166995,-5.855412345238874,-5.830749266639793,-5.844828081300981,-5.831603329790389,-5.8321417313308315,-5.830820827108637
2013-01-24,-5.509650155718981,-5.424720121784929,-5.307033043572738,-5.461722478394024,-5.440023595478552,-5.424802723531701,-5.296246010955628,-5.439867527958359,-5.427241760658548,-5.397595717260715,-5.40275776627926,-5.411996066590643,-5.403013361933458,-5.403634554266691,-5.402762994896581
2013-01-25,-5.567648676562324,-5.375398497764574,-5.339992619839285,-5.405157838358877,-5.382141027845246,-5.375534816626466,-5.3347698085338235,-5.388917469083977,-5.375814860475655,-5.362021495323966,-5.369063737642469,-5.3752975667938525,-5.369606964347448,-5.370286343182823,-5.369105484568848
2013-01-28,-5.507444462411677,-5.5269594261189905,-5.44226093656474,-5.553946854313808,-5.539307870555391,-5.527253582549218,-5.4127993571677075,-5.542122423574245,-5.521023615660598,-5.502829594400905,-5.50976728597738,-5.517666947806246,-5.509903652073153,-5.511225958811692,-5.509897129662359
2013-01-29,-5.516298686324654,-5.463441955896909,-5.4330432722646655,-5.498866950497341,-5.469119013221396,-5.46397115081784,-5.420857356159666,-5.477823927060185,-5.4639456089761875,-5.448654719281686,-5.457580619483707,-5.462786755746773,-5.457817924369437,-5.4591142732742854,-5.457607760994657
2013-01-30,-5.505206390943559,-5.417602171314119,-5.356835832409215,-5.451659246848374,-5.434378212192105,-5.418168923714531,-5.338997020153501,-5.435353216760352,-5.411494829726168,-5.380371974855129,-5.4060852699144215,-5.41496019713375,-5.406510600485557,-5.407565754324223,-5.406300636117221
2013-01-31,-5.4049368136394955,-5.226390480950746,-5.17477393923995,-5.246661807350631,-5.240389170949777,-5.2267831119674515,-5.165396727809649,-5.239871201459957,-5.225779787853839,-5.2114527467029506,-5.216675766269593,-5.224241372037024,-5.217303718014414,-5.217523931736611,-5.216823590218972
2013-02-01,-5.408800379078766,-5.49549605637719,-5.359545199080513,-5.516548658598152,-5.493748858017071,-5.49571999128615,-5.320039498377376,-5.50706355745831,-5.497042367265135,-5.479359388780704,-5.469735381836345,-5.480364478607922,-5.470581912922781,-5.470199822129543,-5.469681992209766
2013-02-04,-5.519592539827398,-5.414361417510626,-5.3175926339498405,-5.436984787692211,-5.419287074787522,-5.414775021769768,-5.286106401652913,-5.424824668549822,-5.4158000149168455,-5.387587719306321,-5.396623225916354,-5.404880899015614,-5.3970347514275,-5.397670108777758,-5.396564531149687
2013-02-05,-5.583609425380586,-5.496656519339982,-5.389445009775207,-5.51652541996266,-5.516845759631571,-5.496857548224077,-5.375292652121113,-5.505654895188075,-5.496968482266332,-5.484551910112417,-5.4780961784163935,-5.486963642576361,-5.479180780917685,-5.479146424054631,-5.478057258708684
2013-02-06,-5.557007625430589,-5.432202674168403,-5.353786338913245,-5.448369242420621,-5.438434267834091,-5.432802787631961,-5.320134058825691,-5.440000554040719,-5.4305991003519045,-5.404966550068959,-5.4163394562037634,-5.425750608427856,-5.417029229390924,-5.417674160733489,-5.416369951223807
2013-02-07,-5.942736933134392,-5.123009512555418,-5.082053749031253,-5.148970723412972,-5.110426206011168,-5.123019560508698,-5.079418986793774,-5.13558807667078,-5.133278385655987,-5.092820606663193,-5.116702265862167,-5.121799146877828,-5.117758004116302,-5.118402706015273,-5.1165652479286186
2013-02-08,-5.944268999522993,-5.445947415800595,-5.413825572901676,-5.469532273698099,-5.445691742234509,-5.445844410182873,-5.397812205558504,-5.4565061028348865,-5.456902020207158,-5.427527487740732,-5.439731316406651,-5.446020586549361,-5.440290513643437,-5.44220693218,-5.439570863671557
2013-02-11,-5.829487014707951,-5.725790142375495,-5.6210030021261295,-5.7350257755507545,-5.722903592630466,-5.726293167933166,-5.600093786860178,-5.729892899457059,-5.739217545342466,-5.704603194017195,-5.708362441260217,-5.7166431369925945,-5.708931289079057,-5.710515611423465,-5.7082792471899575
2013-02-12,-5.597979267202325,-5.69840220855646,-5.6209688866707905,-5.715148336402096,-5.702856115822524,-5.699005709301851,-5.600848898593873,-5.703665069987055,-5.704086698762322,-5.687045004369739,-5.68543055579551,-5.690551749236066,-5.685912579527689,-5.686882250942326,-5.685376787159487
2013-02-13,-5.497937208293579,-5.41520201148885,-5.431091284625713,-5.433551146736045,-5.408823476082414,-5.415488945887317,-5.455387355287848,-5.418091570112468,-5.423292826984689,-5.3934525110232,-5.422332081013266,-5.418349114569087,-5.422036075011335,-5.424262966260103,-5.422321789831607
2013-02-14,-5.4112545682762985,-5.845719321013265,-5.693772047977613,-5.877775132462662,-5.843462969685272,-5.845746237817615,-5.659940343526899,-5.860566154382567,-5.84279577792066,-5.836702625688266,-5.816887014101437,-5.8291716494862715,-5.817314233436427,-5.817844662278456,-5.817013327150165
2013-02-15,-4.900078260430182,-5.678073068776302,-5.57326089101571,-5.707893192271511,-5.643250609769128,-5.678074819304975,-5.54923278271622,-5.689875798868522,-5.677859861723741,-5.657527559677595,-5.65865809683056,-5.667923982773871,-5.6593165402248715,-5.658953373512593,-5.658683877216792
2013-02-19,-4.702828799440129,-5.620275675685636,-5.535965546548474,-5.6419236198681615,-5.615731928768663,-5.6202744269554215,-5.527977861522681,-5.625226386514996,-5.622687942594786,-5.595817521117302,-5.607654673119967,-5.615454656720966,-5.607774406808326,-5.6080035329027815,-5.607646813318747
2013-02-20,-4.68262697280215,-5.316716538708347,-5.267212075411537,-5.331731337621993,-5.326280238901449,-5.3167184975040405,-5.26342960991738,-5.3252125487947035,-5.316850848865263,-5.295106545526387,-5.308982446078039,-5.314436675004336,-5.309430049167613,-5.308414119565924,-5.309070994897927
2013-02-21,-4.6561762876700055,-5.238532731793554,-5.114220053627632,-5.256064166018694,-5.249415186724195,-5.238298585319754,-5.083781591874212,-5.2489131265928615,-5.233916356097762,-5.219558402627155,-5.21571792956693,-5.225057744567826,-5.2160056858641655,-5.214661980728702,-5.215768067837862
2013-02-22,-4.482396967536931,-5.371724072004207,-5.304020449433189,-5.394886777552827,-5.373817862663061,-5.371444113995819,-5.271380508424274,-5.379142358994323,-5.3675850761418715,-5.351228005088512,-5.357170180834833,-5.367187772251327,-5.357382097616018,-5.356249345056666,-5.357234988437185
2013-02-25,-4.748053577457157,-4.598370572500385,-4.688548952925142,-4.612195051741113,-4.610663063761977,-4.598346478718666,-4.718454540427488,-4.604237089127922,-4.598193228067829,-4.589024655393409,-4.616446173980384,-4.610409233448577,-4.616579170817037,-4.6157595692839,-4.616574859801564
2013-02-26,-4.929561614019621,-4.668099383102995,-4.620856241712734,-4.685619120871119,-4.707370270854583,-4.667203671787515,-4.6201447629806145,-4.676953585184466,-4.659224649889059,-4.646568919725452,-4.660467233230116,-4.665230755176813,-4.660916406794176,-4.6594786974317355,-4.660728524734667
2013-02-27,-5.019918302037928,-4.836790161119714,-4.823974030617007,-4.84880567546266,-4.83976443545468,-4.835879326834344,-4.842592636128837,-4.838457611446663,-4.8392564718442355,-4.802835893208376,-4.836193958531951,-4.836709397955149,-4.836656715421519,-4.836004866440657,-4.836121272918435
2013-02-28,-5.180658654084351,-4.781258202192647,-4.845534908391532,-4.790618788529571,-4.796511779146764,-4.7802497326971976,-4.889030575797628,-4.781838914567093,-4.783145778752598,-4.762079899974833,-4.797116393918006,-4.79182832294682,-4.797288581357533,-4.796928788535164,-4.797147672197526
2013-03-01,-5.617297036670871,-4.516396945129012,-4.568742662642761,-4.52322995305194,-4.5486696721204645,-4.515241026567667,-4.608588705117667,-4.517889684324258,-4.514575572790182,-4.50351893834433,-4.529300709899459,-4.524185581692091,-4.529283529246075,-4.529469956661432,-4.529360487977293
2013-03-04,-5.799087795708245,-4.954200573127332,-4.94220525414752,-4.968864695298335,-4.955350086235403,-4.95416232722879,-4.926531433989094,-4.961937548555092,-4.957128454208893,-4.927591378806755,-4.951565657227926,-4.953282031890848,-4.95197062753186,-4.951819069889309,-4.951684561167075
2013-03-05,-5.805973084088421,-5.088294373404094,-5.044866937668986,-5.107641231025191,-5.098321265448651,-5.088965155599864,-5.048918022514746,-5.09778354732546,-5.092194580652322,-5.065510856107635,-5.081687787739114,-5.08383959835237,-5.081627965403423,-5.082228692143135,-5.081757541162367
2013-03-06,-5.830646741082568,-5.175222623016487,-5.1350550032260225,-5.192108851818978,-5.185429314756219,-5.176213195988364,-5.142140602873707,-5.184100326296385,-5.178587629051663,-5.157492804798618,-5.1687552152576846,-5.170445937827022,-5.168896712201133,-5.169223560247488,-5.168838533490506
2013-03-07,-5.919451816726438,-5.352320456589741,-5.297287928520766,-5.373908535501901,-5.343046184688229,-5.353149857775273,-5.29241593084812,-5.3638443854407996,-5.352378383746375,-5.343320221682183,-5.342647542025821,-5.348549316158485,-5.342987601441129,-5.343276850607647,-5.342789402758525
2013-03-08,-5.927608495335803,-5.491691292839268,-5.391117969982123,-5.50295874806046,-5.4958311929571835,-5.49365130388611,-5.372323140323256,-5.4961637725902275,-5.496605270232392,-5.470942655477552,-5.474002712697944,-5.480076087444109,-5.474288219064,-5.474142616740957,-5.473966970732361
2013-03-11,-5.695733357160549,-5.714601670511915,-5.619215872546415,-5.734874667899049,-5.735344493428003,-5.716683012613271,-5.600638925185477,-5.733142304328735,-5.704040373501884,-5.693644307925547,-5.696196788379558,-5.704999096125231,-5.696634114802766,-5.697280194746126,-5.696407169332598
2013-03-12,-5.203861863602509,-5.456676982591865,-5.471607448617013,-5.480459448037878,-5.466742516537515,-5.458092654981186,-5.4690246175941475,-5.472150744568954,-5.4441291989907326,-5.436547903084513,-5.458969153566609,-5.45678607095715,-5.458966094297536,-5.459962376589789,-5.4591995668082465
2013-03-13,-5.145712053003976,-5.543184556583619,-5.537543059254159,-5.570052101318336,-5.563055503788142,-5.544747754389596,-5.542667359686251,-5.5518783259795805,-5.507659962446344,-5.516975980801722,-5.54410933053891,-5.543229856197556,-5.5442774913514725,-5.545215228583606,-5.544411757534852
2013-03-14,-4.979637764700063,-5.873856318506285,-5.735306807016539,-5.896772835500409,-5.882090640867901,-5.874736994008392,-5.69651913285836,-5.884203061067727,-5.849386727339233,-5.854904090103456,-5.846541686372762,-5.855770787495808,-5.846791484431543,-5.846856723900191,-5.846668281726636
2013-03-15,-4.948160059257429,-5.627327626580495,-5.536877023583187,-5.646585547067319,-5.637780580200046,-5.628185806800138,-5.523113823237847,-5.633351899405604,-5.603956269270387,-5.611169866097322,-5.610437099172418,-5.617946222177187,-5.610440035346928,-5.610267488109495,-5.610562657261954
2013-03-18,-4.7822652517843505,-5.306854598834911,-5.310151767988963,-5.322300034507515,-5.328118439159537,-5.307237213832846,-5.304937652338949,-5.309546829447284,-5.263199468843407,-5.293547786622318,-5.307968802536217,-5.307637073150168,-5.308143818470728,-5.307916771150145,-5.308109292579152
2013-03-19,-5.070499490035098,-4.747019285690768,-4.80565116529431,-4.76446408010244,-4.759598932660078,-4.746940789810421,-4.827337975751041,-4.75641493778538,-4.733155993050121,-4.746063455032032,-4.758620798750569,-4.755786203539403,-4.758573763319976,-4.758563063423777,-4.75888981607165
2013-03-20,-5.073865761607742,-5.1080427461849895,-5.116808294003279,-5.135038719624787,-5.12084962809647,-5.108135902951139,-5.128997619278745,-5.11967005953423,-5.097750426705833,-5.105274340633609,-5.110186981418582,-5.108806805186566,-5.110261294585747,-5.110178940966414,-5.110349894081966
2013-03-21,-5.207053386198431,-4.93306211970101,-4.9945873944831645,-4.962363285303644,-4.945087431799581,-4.93166213909097,-5.024167593254191,-4.942596370404067,-4.914621051312306,-4.916800109022391,-4.945846570037328,-4.941343291831391,-4.945967630501141,-4.945803538243627,-4.946072451068931
2013-03-22,-5.169236972084696,-5.109609346740416,-5.160804303826462,-5.133595989266863,-5.1155589830659025,-5.109108188889885,-5.19061910111668,-5.117954437750604,-5.107226875079637,-5.097429095979277,-5.120388500642988,-5.115444490566556,-5.120583346248312,-5.120721317145156,-5.120530084199332
2013-03-25,-5.47828198952456,-4.6544741682244455,-4.785410586406015,-4.676414319025695,-4.675733625868592,-4.653635240404783,-4.83487029230401,-4.659798225178065,-4.647283249265604,-4.63160779391361,-4.6833696811179255,-4.6739454522171116,-4.683401683731495,-4.683897009930655,-4.683533470158601
2013-03-26,-5.322695871102443,-5.116895017259865,-5.21886899598489,-5.133981782231914,-5.125867543564848,-5.113150761086323,-5.266935638112793,-5.121708568866581,-5.121576981102709,-5.097725446674552,-5.1397976826011,-5.1322413439172205,-5.139732143328491,-5.140860763194037,-5.139928461350042
2013-03-27,-5.241033952531048,-5.097247307995675,-5.205426077565586,-5.114500167705002,-5.115932902251605,-5.097484483304009,-5.224538569232989,-5.104501033882416,-5.09466365518271,-5.090784718620708,-5.1184271490987285,-5.112190550623994,-5.118440098488507,-5.1193244026965585,-5.118641191205245
2013-03-28,-5.130404245640273,-5.353390017147022,-5.340735027314892,-5.375421420031665,-5.362552486728594,-5.354485517642892,-5.353976066811732,-5.3605132682934,-5.347640582979572,-5.342768941275872,-5.350974067977184,-5.3514840768386,-5.351095436580556,-5.351629201694187,-5.351071258798721
2013-04-01,-5.176748090828356,-5.140326130051487,-5.15475132305277,-5.159831541666963,-5.174504534104569,-5.1368495441513735,-5.154947889130075,-5.147844021739653,-5.128898501323857,-5.134241141936425,-5.142707821555871,-5.141441567356592,-5.14320661654437,-5.143032775587759,-5.142895442546925
2013-04-02,-5.158753784317752,-5.320930636608701,-5.286290738040178,-5.3403421604518355,-5.337036649990138,-5.323489218204959,-5.266731406475437,-5.326916684410557,-5.312947945423769,-5.310664865158353,-5.314170375322445,-5.3187114218355696,-5.314297190111484,-5.314573837018303,-5.314297360908676
2013-04-03,-5.3050544572464355,-5.059961076154853,-4.973352875758284,-5.077446696734965,-5.088119797882373,-5.052585593962046,-4.94960602232748,-5.064417032314003,-5.043254589296207,-5.045159206329884,-5.0437240516255555,-5.0493107498171526,-5.044074931097343,-5.043755690561562,-5.0438162959216095
2013-04-04,-5.38388648749047,-5.067691869257371,-5.01417835083204,-5.085537787279439,-5.099584138970018,-5.065482972468473,-4.996180701589918,-5.075368161682721,-5.053306143973209,-5.065376327858978,-5.05718247673654,-5.060930959590338,-5.057293740226477,-5.057327376914507,-5.057348172977525
2013-04-05,-5.428397525102345,-5.077696032241672,-4.998186645418626,-5.097618641344958,-5.116902474107412,-5.065349645555381,-4.9683327401894335,-5.085441640801585,-5.053635843134704,-5.072075411237329,-5.060262726416059,-5.070646834333454,-5.0604928748840505,-5.06068100454223,-5.060490690774363
2013-04-08,-4.8325664592081266,-5.2614814021656455,-5.18161462864036,-5.287716587739737,-5.30126617733183,-5.253992585068231,-5.181064913990959,-5.267649789535334,-5.245148987229744,-5.252196459801795,-5.2467580051809595,-5.251533969871293,-5.247301777674765,-5.2474890412776505,-5.246811816559124
2013-04-09,-4.772473413029227,-5.15732485729583,-5.112491428137389,-5.182563588272327,-5.164533956361509,-5.1551629586588765,-5.077494772619299,-5.16357560853219,-5.144691280741675,-5.154721995710744,-5.145873911699004,-5.151218123573006,-5.145938413432924,-5.146180466780414,-5.145989136331017
2013-04-10,-4.53015097015175,-5.280196996652087,-5.21761528106483,-5.303325390538279,-5.3048432146676765,-5.274020216681559,-5.190110755258185,-5.285943766296643,-5.258978508075475,-5.270610749960524,-5.267173922915873,-5.272588941576182,-5.2673910855270965,-5.267329180173944,-5.267289566228198
2013-04-11,-4.36556723699725,-5.217057314547269,-5.196296641048796,-5.231805230530446,-5.232164959170466,-5.202444765042118,-5.160394931452701,-5.219661247830918,-5.18590048198445,-5.208831823760801,-5.210600956164371,-5.2167004326961015,-5.210902570368011,-5.210145488663085,-5.21071651284331
2013-04-12,-4.3059279678976115,-5.240646274228681,-5.1643743797776205,-5.2644075930360446,-5.251324151055639,-5.2266403542520985,-5.102269659417655,-5.246194209004988,-5.208323334522921,-5.234922427792236,-5.221960262449398,-5.230539214783109,-5.222176518476094,-5.220895410344506,-5.222157659910326
2013-04-15,-4.520930469513286,-4.476915273228424,-4.506552993417085,-4.493897665004006,-4.5024260105892715,-4.479459280800232,-4.504711216134596,-4.478519958825203,-4.451382552388209,-4.472397864259456,-4.481961058483659,-4.479287300917425,-4.482083992306074,-4.481007672446787,-4.482039756205646
2013-04-16,-4.340856378683979,-4.817159801026106,-4.819366592602982,-4.832347289602832,-4.843706655179756,-4.810309380822107,-4.8136319660322835,-4.818454672642089,-4.798672029715803,-4.810008108098437,-4.817163615871331,-4.8187574241394096,-4.81720612211391,-4.8162955579814035,-4.817351862502532
2013-04-17,-4.543793673413303,-4.448084805619689,-4.4640119650071535,-4.467337849010726,-4.452646532464539,-4.469440722026693,-4.452716250447672,-4.449804734505588,-4.443682698823756,-4.452443194048742,-4.448562972381414,-4.4485023125007785,-4.448857892412666,-4.447547712884806,-4.448720327108383
2013-04-18,-4.776068550766285,-4.393545535490887,-4.373779696177469,-4.411284975012471,-4.411173178975434,-4.388075714776945,-4.322708002996386,-4.395740289819942,-4.370033949131083,-4.402525218526704,-4.384522070039917,-4.39237127617457,-4.384770642893207,-4.383245171631826,-4.384865154929411
2013-04-19,-4.855319629837164,-4.5541027204163385,-4.560438225073659,-4.572351256844877,-4.575834318338634,-4.5678680048850095,-4.536365652600935,-4.556376878916279,-4.530200822335791,-4.5604851430415625,-4.55138929293288,-4.555084986398211,-4.552041953331821,-4.551197653131618,-4.551658213458293
2013-04-22,-4.989344403204829,-4.6437442051871765,-4.668448152018371,-4.663429701968258,-4.680650880856631,-4.63666114121289,-4.64643816319605,-4.646851099674054,-4.6303608385155925,-4.642826594782386,-4.645568713638571,-4.647508338342707,-4.645603494663686,-4.645545322531205,-4.6458025931310125
2013-04-23,-5.458429851457565,-4.307551949990567,-4.179392184500911,-4.327969223056359,-4.314914637927553,-4.337133697921728,-4.178126961379526,-4.310577383158826,-4.323469259120067,-4.302473527727427,-4.2830229810712295,-4.290653965722488,-4.283174088926436,-4.282804131955802,-4.282955956077747
2013-04-24,-5.317187289632818,-4.939628595604424,-4.87263022651974,-4.975937803097233,-4.983041939895987,-4.9639528000901665,-4.83803616637789,-4.949289772930685,-4.930385518981152,-4.934543448337289,-4.925125319911051,-4.937483474110976,-4.925690405929374,-4.92571420748767,-4.925340334595103
2013-04-25,-5.344024612405066,-5.028043313585299,-4.894203235827626,-5.062929967715941,-5.02173804544268,-5.058188582498047,-4.824808976379355,-5.040230773866945,-5.010058547181644,-5.027128593003587,-4.997667520087252,-5.013797612985115,-4.997989826301716,-4.998819687882136,-4.997911930316119
2013-04-26,-5.482252305205568,-4.910898483547105,-4.924630503924912,-4.9338972783107495,-4.921101590408548,-4.904162977656747,-4.894559705398195,-4.9193597162039415,-4.91010519178297,-4.910707865591351,-4.911231447869244,-4.912585008696896,-4.911784615280101,-4.9121514332146266,-4.911375528747637
2013-04-29,-5.579766418386163,-5.11475299784775,-5.125558107272001,-5.143715226449772,-5.126435267870496,-5.124788724857261,-5.097704136024102,-5.126889010716974,-5.1022850998752505,-5.112894630902491,-5.114543396389521,-5.114864006658525,-5.114741008342086,-5.115989645841177,-5.11481311225798
2013-04-30,-5.723800055168302,-5.156188396371251,-5.117601291077253,-5.1922567898612915,-5.167045977806788,-5.1517626087278785,-5.080959314666604,-5.172618741063903,-5.151351996161807,-5.153277612456466,-5.146256972939038,-5.153876225667522,-5.146731314119619,-5.1481421392804485,-5.146501069336104
2013-05-01,-6.048519986306574,-5.013721752351146,-4.9648439215802505,-5.039959710511863,-5.0053431012960266,-5.010455008018999,-4.930708337665705,-5.028593134356997,-5.009857555668764,-5.012327570366225,-5.001870744529975,-5.008702374083752,-5.002074886315419,-5.003477693690324,-5.002032594273586
2013-05-02,-5.750645505726085,-5.30891915113551,-5.165211483610303,-5.335423853831774,-5.304624962392599,-5.31918125644101,-5.10689920216762,-5.3270208947028435,-5.303488756871049,-5.309090926607676,-5.278298777027818,-5.294525383547373,-5.278722396799215,-5.279987660916066,-5.278534043877075
2013-05-03,-5.51302911507642,-5.432553864837471,-5.276797632948361,-5.461466071133487,-5.454132879718344,-5.4503202185178194,-5.2436002490719575,-5.448962118400938,-5.427744483523022,-5.432888892882021,-5.402181172263252,-5.4120629696336815,-5.402534010688009,-5.404335731336927,-5.402377482081868
2013-05-06,-5.390978665844028,-5.619401325481143,-5.457897763880412,-5.653258762101257,-5.611588723401995,-5.594489721725569,-5.410876726886322,-5.637637256282628,-5.632669003111082,-5.6211201767837045,-5.5865331065277655,-5.596437808067953,-5.586828245266638,-5.588827183026314,-5.5867902315712135
2013-05-07,-5.336648949779918,-5.5070934889551095,-5.406877764322878,-5.545523990701914,-5.50941200811242,-5.492040026234531,-5.364321226249988,-5.529105151406137,-5.504403262460231,-5.5068177344257645,-5.485446242705087,-5.496114096439511,-5.485517501887216,-5.487568407579869,-5.48592929942698
2013-05-08,-5.174006369288695,-5.692702360587281,-5.5706657905592865,-5.719504360923472,-5.6826642575397965,-5.6629099397587455,-5.511940718779904,-5.708245478376933,-5.69695475917182,-5.6945199779526385,-5.666604995418357,-5.678802050883727,-5.667035844506516,-5.668371403075705,-5.666866987796094
2013-05-09,-5.209023814777623,-5.177241551025805,-5.218912557402641,-5.204131911211567,-5.165945633818077,-5.184692477564693,-5.226120818992337,-5.188971431442987,-5.168829305508352,-5.178920081570044,-5.184390938209247,-5.183230748541992,-5.184551263773117,-5.185338264672786,-5.18471940892716
2013-05-10,-5.331728982543099,-5.101818306687098,-5.160269830943522,-5.124575690502028,-5.090147097355146,-5.103128739507208,-5.1759639097991,-5.11241831978525,-5.101145870468834,-5.1058267204760215,-5.113267395353328,-5.108701939002087,-5.1135023880983725,-5.114140628732588,-5.113580462777088
2013-05-13,-5.304356773732275,-5.21551999504614,-5.248466898508914,-5.240813200832576,-5.220162734614812,-5.210824262666336,-5.24244335940098,-5.228123384127524,-5.204104060189988,-5.218636580817437,-5.219706144397616,-5.217681852522713,-5.22019042785512,-5.221161995155005,-5.220083388845347
2013-05-14,-5.215658050668718,-5.223284582439722,-5.264125579391893,-5.2521642585190325,-5.221145013533951,-5.182851791818796,-5.266150441835449,-5.235288914289901,-5.22221706678053,-5.230840731232555,-5.229340986734639,-5.228355845072436,-5.229385284663311,-5.230754329359366,-5.229694571966925
2013-05-15,-4.727226160981092,-5.014094113180518,-5.059941406131348,-5.034931196734217,-5.014836167204188,-4.976352881046636,-5.067094602507007,-5.024547005432491,-5.02224360808567,-5.019880738023933,-5.022524202222929,-5.021040163066694,-5.022616353838908,-5.023712111742951,-5.022823364982696
2013-05-16,-4.530445653692602,-5.048386829165181,-5.041064342796194,-5.076715892673377,-5.056204660652864,-5.0010772655044695,-5.046666616342426,-5.058361664168826,-5.040545760954791,-5.058576788475984,-5.0482989356912515,-5.049289634387346,-5.048399700808447,-5.049314063162381,-5.048583684328828
2013-05-17,-4.46291530565929,-5.295091081817533,-5.271777835345698,-5.326927190404205,-5.286127748916057,-5.295978330716283,-5.257075229262769,-5.306038301481136,-5.273615378152912,-5.297197832879222,-5.289858382823466,-5.295227411870543,-5.28988074548854,-5.290440403894744,-5.2900895204703735
2013-05-20,-4.409675597094478,-5.190846093911296,-5.191653617570959,-5.210973671605296,-5.195003620997184,-5.1607208151077115,-5.167707273315985,-5.199813121971084,-5.169216563488389,-5.19467829536397,-5.19032305685434,-5.192344726350609,-5.190429696950942,-5.189788038084685,-5.190658808303102
2013-05-21,-4.305116540918042,-5.080184983006829,-5.110740940006546,-5.101224377995345,-5.076381573734225,-5.030597913978385,-5.073727059140366,-5.088159252778205,-5.049144822467495,-5.084270065429323,-5.082812437971947,-5.082441660569719,-5.083426376462197,-5.081354804714172,-5.083103997166893
2013-05-22,-4.575995990670856,-4.417326298066376,-4.424687671264829,-4.430654965179607,-4.415469093402719,-4.4072498384955034,-4.415359424224028,-4.422242171669395,-4.404496738417575,-4.420089453687517,-4.4175645687801,-4.418548841286672,-4.417540228458506,-4.4161935523739535,-4.417711439713264
2013-05-23,-4.594424656771463,-4.486785156126591,-4.527328551347492,-4.496877140578143,-4.4848481730067755,-4.482912790310156,-4.544076013646524,-4.489228920996476,-4.472648591002414,-4.494286615466536,-4.496099687289414,-4.495753728242847,-4.496263238651743,-4.495097885375678,-4.496155618474276
2013-05-24,-4.349753912084612,-4.715158834906284,-4.780546440342886,-4.729108716941499,-4.7125579661300145,-4.736187015454765,-4.812590704309359,-4.7183131826296,-4.713298231004877,-4.722909494941708,-4.729651891579218,-4.722201207826583,-4.729678641155335,-4.728855417360185,-4.7296808121292875
2013-05-28,-4.2540981439289975,-4.654162556499585,-4.709058781712309,-4.668996343961168,-4.649426515798243,-4.640398051867779,-4.747835981529078,-4.6587077675711255,-4.68531452171644,-4.6680109641644965,-4.666062295389634,-4.659326976299056,-4.665943820401515,-4.664768048894617,-4.66608962968377
2013-05-29,-4.215834268812398,-4.441261656945368,-4.4964730519308,-4.445075074468147,-4.4359078260371705,-4.442143991391729,-4.531426840759319,-4.440615268186553,-4.474459095183575,-4.449009979437411,-4.453908266510871,-4.450886268854635,-4.4540640128433004,-4.452546819327964,-4.453707253657099
2013-05-30,-4.084393844320015,-4.7200334013974246,-4.791098077760552,-4.7219123588343805,-4.717613193438515,-4.692713605006389,-4.804138668704995,-4.719210818523342,-4.71950681275626,-4.725744633019208,-4.733630314192209,-4.72880711704768,-4.733672227482706,-4.7322293493158565,-4.733561421758118
2013-05-31,-4.140646110550831,-4.484201861020812,-4.5870119321883145,-4.496421297932,-4.4790458216959,-4.491326340109322,-4.6334821777995066,-4.487571831999921,-4.517479301062206,-4.492319351866423,-4.504869062584221,-4.496251661094826,-4.504780509976802,-4.5022061450021225,-4.504754842146865
2013-06-03,-4.333490768205455,-4.247748168764055,-4.29718908139195,-4.251731362921231,-4.244131759692499,-4.261919799509517,-4.323504795070534,-4.2486997424421915,-4.276815717809088,-4.258225019670444,-4.259307560194616,-4.258153864944003,-4.258960562119537,-4.255962354663129,-4.259085548091529
2013-06-04,-4.367889117260622,-4.32935221516558,-4.372555191881697,-4.337884335112295,-4.329267662457303,-4.34414946222368,-4.407144203366667,-4.332506203650165,-4.347083576971492,-4.338625636392881,-4.3402295940105535,-4.334237533490866,-4.33999498908403,-4.338480184077797,-4.340209512984253
2013-06-05,-4.407697768246032,-4.275337071233783,-4.3451144089332,-4.285941999158392,-4.275330597392366,-4.28463524473359,-4.374519095054016,-4.280465583102157,-4.290529620700602,-4.289475827788286,-4.290573462462738,-4.283129038172793,-4.29039523239529,-4.288776904093563,-4.290588278605326
2013-06-06,-4.5385339381580065,-4.165769631642281,-4.257577726627036,-4.17480395898311,-4.165810466326045,-4.196243320155512,-4.289330457763022,-4.168791445473114,-4.157207022641937,-4.169968176417069,-4.184724455951534,-4.176141994490627,-4.184544437290165,-4.183357765356488,-4.184814007202973
2013-06-07,-4.479001150060595,-4.373143814964877,-4.468672074510408,-4.386092250962734,-4.373761075426479,-4.364307294532442,-4.495027653539079,-4.375786451250015,-4.3667593436601395,-4.386621757362151,-4.391974390395232,-4.383595794941382,-4.39191736283913,-4.390928863666321,-4.391943242490044
2013-06-10,-4.428621608250664,-4.5503468453329345,-4.6752329500041006,-4.562582584500041,-4.550946319957849,-4.525817865050707,-4.698430325402488,-4.554431021598034,-4.5398470025179,-4.5693381037569045,-4.574692959936727,-4.567585224296874,-4.574558543671563,-4.573694238028282,-4.574838422347011
2013-06-11,-4.571274306333744,-4.385022326645125,-4.521473840713485,-4.400620400759585,-4.386265050052052,-4.385597359574904,-4.570088745607623,-4.390987419187668,-4.411036443005835,-4.408396714532237,-4.413146336188966,-4.406360186256471,-4.412984267042483,-4.411876586756426,-4.413219824175047
2013-06-12,-4.388387744036273,-4.370594959805448,-4.490189445205603,-4.389666005536423,-4.372837463229131,-4.371596824932662,-4.533984839427168,-4.375543911810275,-4.395799743832382,-4.384213054972547,-4.394686467960264,-4.38782778718134,-4.3945111054539625,-4.394095963357951,-4.394703658662625
2013-06-13,-4.249299984051633,-4.4948317418300725,-4.609890893324694,-4.508272516812703,-4.496541780672717,-4.498850896451891,-4.653315770576969,-4.500447013877842,-4.518035421479457,-4.508859122869437,-4.518870169078195,-4.511172090155252,-4.518727760289576,-4.518284370604324,-4.518964429822728
2013-06-14,-4.130410942526999,-4.378474615508156,-4.510300532866271,-4.391072030028728,-4.3805379253933205,-4.391317836589963,-4.558099882723397,-4.381458349741303,-4.391258380085106,-4.392574386009627,-4.40470126814719,-4.397696792091352,-4.404506589216808,-4.403672281555623,-4.404738486294417
2013-06-17,-3.900246204131643,-4.445700029154536,-4.600398262542733,-4.459895985326109,-4.4469506571143205,-4.412488321798356,-4.641004885956519,-4.450283493025579,-4.474479226554763,-4.466143970392137,-4.4753496433105076,-4.468281322349398,-4.475303376833921,-4.4736443049075865,-4.475414661386855
2013-06-18,-3.805961170294127,-4.789670313299578,-4.889660808290476,-4.804975334506317,-4.790530984959763,-4.775757735954132,-4.93296828487341,-4.794623091707446,-4.801698339248834,-4.813010713468509,-4.810395394147175,-4.802886803079259,-4.810218028470304,-4.807909053216846,-4.8104811855082374
2013-06-19,-3.958061230536623,-4.136577743126514,-4.237054694131615,-4.145730128904706,-4.138412852882755,-4.1171961117648825,-4.272740494137464,-4.1399273772753045,-4.166412809046081,-4.1461897372712775,-4.155393192067952,-4.150513425848182,-4.155329461026782,-4.152911192696746,-4.155314437592184
2013-06-20,-4.092406985460872,-4.13336266771481,-4.195365084536857,-4.146589976097921,-4.133752199501709,-4.118743063443927,-4.217645603178005,-4.135497500595237,-4.120416675153622,-4.145939054175644,-4.146042638397472,-4.145659305471672,-4.145976143024631,-4.143147898065738,-4.145955364884261
2013-06-21,-4.236536377513014,-4.0330831689486955,-4.063457560099734,-4.047844228958177,-4.033066221666835,-4.008284953505097,-4.0816911744050905,-4.036301885447765,-4.018842416381105,-4.043128282526754,-4.040042301505101,-4.0377993586941,-4.040082816051931,-4.037749750823154,-4.0400168517764605
2013-06-24,-4.644137192288909,-3.8313871142828395,-3.9130701273299415,-3.847528607619017,-3.8311738292159037,-3.815828408251874,-3.936085332983789,-3.8356234200708106,-3.8270197498556735,-3.8415342256476035,-3.8477451970668537,-3.843460132435069,-3.847750812447225,-3.845774577900019,-3.847770100902188
2013-06-25,-4.723008154211544,-4.056453518066425,-4.194657085124149,-4.073601426682425,-4.056750958512905,-3.986409837075306,-4.254681807052767,-4.0612958309238065,-4.086464666088645,-4.0821863988783536,-4.085309066197222,-4.079747853451399,-4.085251160656556,-4.084851233441065,-4.085367358685774
2013-06-26,-4.706867893688612,-4.316300311240638,-4.429217688175929,-4.33464467856804,-4.3170045799466745,-4.230004599876143,-4.457289532612345,-4.321063249615975,-4.302761120907847,-4.344056829384585,-4.338955515135941,-4.33051696234447,-4.338955632806596,-4.339687622005932,-4.33906670260784
2013-06-27,-4.626941795006569,-4.378172425612835,-4.48934339466984,-4.4027689901982425,-4.377753864499458,-4.276240930290759,-4.543902492229747,-4.386339296435822,-4.40490010472294,-4.415527101238188,-4.4011370069776765,-4.393960875386073,-4.401165198727769,-4.402510866147236,-4.401223895714267
2013-06-28,-4.759788658325328,-4.305978085082904,-4.406719387980651,-4.331045033900447,-4.30474378576711,-4.234787152250968,-4.4541822476798,-4.312789953124028,-4.335772258893896,-4.339225641611343,-4.325721715247525,-4.319593833173396,-4.325674269890783,-4.327266231414511,-4.32577158050491
2013-07-01,-4.840096303483808,-4.622979234842418,-4.657477271586033,-4.653500713263819,-4.622769014669089,-4.535380035729452,-4.678979141817677,-4.632194605516837,-4.643946000357689,-4.6582153954486,-4.629245935306631,-4.627634038863293,-4.629146895650035,-4.6313668511675905,-4.629327815035525
2013-07-02,-4.904028150107053,-4.507424664085808,-4.619824342851644,-4.529477185219177,-4.507202168333459,-4.453117010150801,-4.651649224619581,-4.514058897083445,-4.521168362499149,-4.53532120536936,-4.528815264899634,-4.523100418805615,-4.528508768124913,-4.530755786582607,-4.528956056805697
2013-07-03,-5.052080964827008,-4.584867637372257,-4.698415585229796,-4.60731452883187,-4.58407402730291,-4.537047971446809,-4.744902653972433,-4.590166190939323,-4.607431791466238,-4.624111792168336,-4.607453470158466,-4.598698254132673,-4.607409982335391,-4.6100059079403195,-4.6074922278849195
2013-07-05,-5.359858714325971,-4.463289694039306,-4.575447035196983,-4.487299068321694,-4.46264034394839,-4.421475193393324,-4.624621013575555,-4.470006652408337,-4.489033911752222,-4.511362326823959,-4.485700749035466,-4.477574615187002,-4.48567502629878,-4.489193250930144,-4.485752709814825
2013-07-08,-5.541070042092206,-4.789662898888513,-4.856203891491273,-4.813739263026015,-4.789544708891398,-4.754512886747398,-4.880222759887008,-4.798944728515974,-4.811124458600037,-4.833585674890166,-4.802464985342009,-4.798310230535972,-4.802203670760719,-4.805541006789012,-4.802633561227292
2013-07-09,-5.55809750681917,-4.951356154217095,-4.9842446713683755,-4.980532507472358,-4.951349522146721,-4.927322048161778,-5.005734579836452,-4.9604960997272,-4.9503646324196975,-4.99702007858903,-4.959088043103878,-4.955388520423174,-4.958818172294174,-4.96197314999906,-4.959269900282021
2013-07-10,-5.815424497733647,-4.6985247283024325,-4.755738841799481,-4.7249429320019125,-4.698192010143113,-4.670859643783268,-4.777753203669796,-4.709168583570641,-4.717578705308128,-4.755518846944701,-4.709765779759404,-4.706124134564418,-4.70986485975561,-4.713403445572147,-4.709912373912368
2013-07-11,-5.846039951673163,-5.04568566635411,-5.0314628791356215,-5.064979149894942,-5.045671595928487,-5.0306819817431645,-5.054275386486003,-5.0536913860112715,-5.066512473915186,-5.1091686496747775,-5.043969919444254,-5.045012869493572,-5.043729892304641,-5.046433076680421,-5.044088991477179
2013-07-12,-5.825468607151547,-5.229005335566765,-5.195995555631391,-5.261706434104155,-5.227669197939557,-5.220101781439156,-5.202195205892629,-5.248242963483771,-5.273867549004649,-5.297367068984562,-5.222619134567016,-5.227106447035707,-5.222572672018196,-5.225341068780504,-5.22280711275159
2013-07-15,-5.763849062033165,-5.602095702354278,-5.4872970733611055,-5.633581907568935,-5.601270202584889,-5.595508150935373,-5.497687309782339,-5.617963829113721,-5.636602734629971,-5.678118349389869,-5.58197558187441,-5.587598080004453,-5.582116289284466,-5.584539452294153,-5.58210158882234
2013-07-16,-5.845486323513643,-5.290691934132517,-5.26569101829899,-5.319017206831529,-5.290609272810717,-5.285062440692735,-5.2763241749175664,-5.300463640430695,-5.259117318449513,-5.352688230338063,-5.288894453687448,-5.290323835685587,-5.289077615878416,-5.291708422710904,-5.289149479655261
2013-07-17,-5.755459071771109,-5.338634222307738,-5.316513989146404,-5.361390486672009,-5.338545371702017,-5.33712435945637,-5.347240783087117,-5.349391493866674,-5.340982388386145,-5.396050599442863,-5.3371139529266625,-5.339494588275769,-5.337204010536979,-5.339900110398617,-5.337348880732876
2013-07-18,-5.663384143432799,-5.4436003575673055,-5.375087028238847,-5.475698458697505,-5.443586609139937,-5.444265003566561,-5.360305052736385,-5.455225681785872,-5.44142583632649,-5.491440830182131,-5.430095359670811,-5.438425649313759,-5.430917890707115,-5.432070636382581,-5.430285868423264
2013-07-19,-5.550976710690971,-5.419367356005159,-5.373130375180512,-5.4509203432548885,-5.419446973017031,-5.4205463637239255,-5.388661975254983,-5.436683658995543,-5.445742364716269,-5.477136854383075,-5.4119376023669625,-5.417441425841064,-5.41170629693801,-5.414208793190377,-5.41211069123132
2013-07-22,-5.485173721377077,-5.554103314464095,-5.462095280294271,-5.594825007801821,-5.554561582906554,-5.556208987010251,-5.4390356535315485,-5.581008831406924,-5.575412413500058,-5.597917120494163,-5.535351741651038,-5.5438561970769875,-5.535587888045197,-5.537313624645049,-5.535655726389977
2013-07-23,-5.39783275362238,-5.627926258448236,-5.514661552523504,-5.664216100474565,-5.628251640045844,-5.62995487058609,-5.481250324021888,-5.645033307467831,-5.623121702834879,-5.680370160990557,-5.605017727261259,-5.613858492879983,-5.605211180424382,-5.606909682440739,-5.6052709620295476
2013-07-24,-5.267220478632697,-5.292270514709721,-5.259575333625773,-5.3206847048887775,-5.292463813778647,-5.294255552824721,-5.270378640542388,-5.305351328473459,-5.298328570633972,-5.353656812664934,-5.285282585415421,-5.289598664064803,-5.2853938849190385,-5.287530106634397,-5.285528445446269
2013-07-25,-5.345776391885549,-5.339479041953011,-5.218150090197345,-5.368741136111763,-5.339472579288176,-5.341177295020291,-5.197060381341278,-5.359556956504916,-5.322564830765919,-5.394089418254906,-5.316012736995236,-5.325904319111044,-5.3160369254392315,-5.317808077747222,-5.316411770072713
2013-07-26,-5.494037879753917,-5.260257378831432,-5.255458443723946,-5.290021728375948,-5.2599714900990815,-5.262106564987994,-5.272093016152647,-5.276986768675184,-5.265203398521038,-5.329634225704649,-5.259553444845014,-5.259643511093794,-5.259566641406369,-5.262373905584148,-5.259788897313511
2013-07-29,-5.584002148478729,-5.383798693421881,-5.359241471959029,-5.404627030291151,-5.383705480285511,-5.385944265064175,-5.389475531963665,-5.3907868556323075,-5.380886445396517,-5.449200966093397,-5.381758832007391,-5.384665566458505,-5.382172238393983,-5.384509589867078,-5.381874833558753
2013-07-30,-5.599759281453419,-5.318243090119485,-5.2818462114082365,-5.342735637416948,-5.318221244990816,-5.321468387759982,-5.28160092789511,-5.325165162494877,-5.333956893578659,-5.378810163354025,-5.310827011276595,-5.31796067812857,-5.311137824244201,-5.313267142056505,-5.310784939695156
2013-07-31,-5.864408470305319,-5.015991910344415,-4.9822913793037165,-5.0204575225478445,-5.015898388351942,-5.022128589031473,-5.026680120209197,-5.015223103081413,-5.057263362250832,-5.078961149441991,-5.013434178111992,-5.016024159166134,-5.0133515778129185,-5.016443881006481,-5.0134088220892705
2013-08-01,-5.77537401029163,-5.44527592100104,-5.250811358282917,-5.473149059016136,-5.448134514962269,-5.456879503139114,-5.257752680972805,-5.4525243850118255,-5.435730728082758,-5.538640355870044,-5.411600323563888,-5.427672085606764,-5.411587165573067,-5.415064991156965,-5.4115218992867895
2013-08-02,-5.5659837334793885,-5.60820786145171,-5.466976706549944,-5.634494274347181,-5.611697675942879,-5.620256553582021,-5.453746342303684,-5.616450880366595,-5.593938506568874,-5.67382861637612,-5.582796077895758,-5.592928599544159,-5.583085182921514,-5.586595759759281,-5.582865007172169
2013-08-05,-5.480545848569755,-5.7123933933525555,-5.607267373748207,-5.732401497582958,-5.71411597411836,-5.722893528420212,-5.613797260485717,-5.718420600457124,-5.708799267940134,-5.788836813766263,-5.695040510918775,-5.701579191446879,-5.695436680164171,-5.698476170997961,-5.695242553624582
2013-08-06,-5.390505322160684,-5.48769454055737,-5.382946094667108,-5.511103090161465,-5.490676224297004,-5.500032658639231,-5.380635446810094,-5.503879118389001,-5.475853352475301,-5.546143840065057,-5.470281419483601,-5.47911893051753,-5.470683592411149,-5.473003741295296,-5.47059342204856
2013-08-07,-5.338220809887327,-5.549032227709167,-5.4645611696037095,-5.572142930515817,-5.551269415908884,-5.56035347124928,-5.458136130014177,-5.559713210908034,-5.547864932284785,-5.627289344586005,-5.53499725069744,-5.542634927378456,-5.535390535228883,-5.537903104435865,-5.53529824745541
2013-08-08,-5.150595331937018,-5.526607471893073,-5.461734382978346,-5.5371317474492745,-5.527528748510355,-5.538452556408736,-5.462067162744289,-5.53050112807256,-5.519202818495838,-5.592825740174172,-5.516145997604432,-5.522621869604741,-5.516164433178787,-5.518192608715088,-5.5163321147267075
2013-08-09,-5.095770047932563,-5.332699536696268,-5.326031635350825,-5.355898845936958,-5.33541194397415,-5.339492531022441,-5.358476836634171,-5.340354706412414,-5.336398681743176,-5.393438876413598,-5.33380520013326,-5.333358099593573,-5.333799274424021,-5.335134490224965,-5.33399453819389
2013-08-12,-5.053156606277008,-5.466658806060902,-5.420514544819792,-5.482768633400548,-5.467281571050702,-5.471460622724159,-5.413487955550729,-5.474959530458743,-5.447067470592464,-5.503810315527707,-5.457943471657728,-5.464785312529657,-5.458456684132086,-5.4591520617415075,-5.458245294730078
2013-08-13,-5.115528807466263,-5.260562947880915,-5.284047547257763,-5.272835016870484,-5.262815378251295,-5.267127292371436,-5.287801539586853,-5.262234151802311,-5.240366728155213,-5.332842090980139,-5.264738036319684,-5.264680181667204,-5.265148954918281,-5.266132905118822,-5.264987271213034
2013-08-14,-4.874574277287937,-5.245200546925821,-5.3003344291113645,-5.263520207530529,-5.246408702941794,-5.249853323605221,-5.341096410082286,-5.245554644952349,-5.203536495800194,-5.322953499510135,-5.257456409465349,-5.2506787683025875,-5.25742074936478,-5.258114877732715,-5.257734406203379
2013-08-15,-5.036614019648041,-4.98699203795655,-5.032779553068227,-5.006851151987478,-4.988107806598333,-4.990556820060503,-5.061961746253645,-4.992590582720907,-4.950024433250965,-5.076859470623074,-4.9977058708747,-4.993181227469464,-4.997826226964738,-4.997362702350742,-4.998061210037135
2013-08-16,-5.125944392367099,-5.027084366808748,-5.065908040745947,-5.036900468413679,-5.028255819460498,-5.031590952662296,-5.1225149976375475,-5.026886837187919,-5.0109530003090645,-5.111189497478868,-5.0382444270168545,-5.032276570205314,-5.037878393602275,-5.038248008686651,-5.038259315868802
2013-08-19,-5.0964921036349615,-5.150175427008556,-5.199197366038164,-5.165042851804322,-5.152241816181151,-5.1556136890200195,-5.235723390402227,-5.153542251523681,-5.117452637967407,-5.2243628989861355,-5.162140389590489,-5.1575216966625295,-5.162080814114152,-5.163200522120511,-5.162527369876573
2013-08-20,-4.889281995545574,-5.262082123672261,-5.227005612007597,-5.278778076160339,-5.2628019533454165,-5.268015663534893,-5.224108653755953,-5.270158517378929,-5.2299163723208535,-5.294565766688508,-5.2567706929848965,-5.261421762632962,-5.257427334619028,-5.257833776621544,-5.257058804981529
2013-08-21,-5.094038308238016,-4.705980842020938,-4.7743037902841365,-4.717877063527658,-4.70739634426707,-4.70928046376942,-4.834240554286726,-4.708602826401164,-4.683364841240431,-4.805365617720366,-4.723076669810654,-4.717227987335097,-4.72283411062779,-4.722917056167461,-4.7232984768695205
2013-08-22,-5.016674662349034,-5.250795691572589,-5.1299308344518,-5.270304162914477,-5.25203712305499,-5.254924531539033,-5.141560725992841,-5.2592865214150155,-5.235728383047982,-5.32437083366842,-5.230870141906805,-5.236923414826963,-5.230817915949103,-5.231830681678957,-5.230991716404807
2013-08-23,-4.850122870073124,-5.171658997970269,-5.207194560930069,-5.187297978575457,-5.1738167133448485,-5.174793323711648,-5.248436328920936,-5.175810726828103,-5.15701220816102,-5.24115024742811,-5.180655404430141,-5.177799486159467,-5.180823450039921,-5.181494364409381,-5.180860367648664
2013-08-26,-4.780402180971292,-5.0814517635830425,-5.179169126259003,-5.096929717413998,-5.082367369566765,-5.083558797816223,-5.234969436567848,-5.084194900221471,-5.06113385956167,-5.148558173084262,-5.102561889225914,-5.095375309687819,-5.102122863043668,-5.102563232417274,-5.10289670866391
2013-08-27,-4.941841169279529,-4.777461661312709,-4.895196133014865,-4.79257303660203,-4.778373596729379,-4.779133841444084,-4.943630073368447,-4.779712660129772,-4.7605239511063075,-4.849158896574292,-4.802211851233795,-4.7962932902962585,-4.801947997637376,-4.8019430698293215,-4.802501597825953
2013-08-28,-5.034300871767227,-5.01581020249096,-5.092577187629284,-5.027396604912876,-5.0165525090307215,-5.017425236636262,-5.130206391239733,-5.019442120330228,-5.0061240457217275,-5.053573962983327,-5.030508112219131,-5.027410131749294,-5.030499269632739,-5.030587395425023,-5.030797373712373
2013-08-29,-4.710688040092763,-5.031569687984693,-5.073164616508593,-5.044771022313971,-5.032631993346389,-5.033282249182343,-5.105158942556735,-5.0354034284986895,-5.018556631369056,-5.086447222868627,-5.041954692648958,-5.036784053348114,-5.041932265102282,-5.042080954762341,-5.042256893332603
2013-08-30,-4.895681772521867,-4.7568955360883205,-4.855720785333805,-4.768553558127567,-4.758155292679955,-4.75804956907849,-4.930487830675495,-4.759178692594711,-4.750639249310165,-4.842668845708365,-4.7789151040601885,-4.768800749428536,-4.778440323268334,-4.778190263153143,-4.779142379754532
2013-09-03,-5.075066450818554,-4.793037267931104,-4.78815655873573,-4.809534274493545,-4.795638205187772,-4.794615974175734,-4.839893063327757,-4.796226353030407,-4.7891095269383515,-4.862106236985535,-4.796537966961182,-4.794825434841979,-4.796565167379697,-4.796482662387807,-4.7967074363787425
2013-09-04,-5.12990169776371,-5.068922704615898,-5.06259251352582,-5.081972107496726,-5.071234981391678,-5.071456655861606,-5.101654677518478,-5.072281481781211,-5.0746616360897105,-5.138439066081573,-5.069627533256135,-5.067970805941781,-5.069591851934629,-5.070531752053827,-5.0696768942974275
2013-09-05,-5.133470622053282,-5.191787776183206,-5.211984371808952,-5.213787058074377,-5.195589959143966,-5.194844343189705,-5.251198943912187,-5.200962516490352,-5.206369142757932,-5.263204640773371,-5.197785987029632,-5.193925061466306,-5.197600779697765,-5.199312920110282,-5.198184213053291
2013-09-06,-5.924406922019955,-4.4897765008315185,-4.586425490020131,-4.5035980259164585,-4.492248541855712,-4.492280196956912,-4.667255090327767,-4.493093081793757,-4.517483917796731,-4.542216038411366,-4.512108062793441,-4.499525660550043,-4.511899290152678,-4.513381191158788,-4.512327319455222
2013-09-09,-5.894962836686702,-5.168309659945094,-5.16913404376045,-5.181744520308773,-5.172350890297314,-5.173305084656815,-5.197185494295039,-5.175044506574231,-5.1797909347839095,-5.229622674459237,-5.170548333651899,-5.168935850503881,-5.17049040329637,-5.171551083615126,-5.170784034382231
2013-09-10,-5.993599206566383,-5.314088878383667,-5.226795756673351,-5.342742532525749,-5.319193785516741,-5.318496035164835,-5.235989141476653,-5.326089648494334,-5.32431954124097,-5.381866030512597,-5.299713057573347,-5.304619760332672,-5.299924474877318,-5.300713900100825,-5.30000329383121
2013-09-11,-4.970229782034903,-5.284845167566636,-5.235322918429899,-5.312527648634911,-5.294640219957795,-5.290257973420567,-5.249158406418114,-5.296189537758197,-5.278667147471464,-5.336113428830163,-5.276738023202246,-5.280278526065328,-5.277040986265477,-5.2780426850264295,-5.277145050892935
2013-09-12,-4.954212232970514,-5.2297226024690575,-5.23868077683584,-5.2460858388201,-5.236051443962404,-5.235144965682777,-5.272336867253358,-5.238270922394514,-5.229668711419067,-5.288928550034757,-5.233648253768715,-5.230046632901654,-5.233486512668671,-5.234827751131641,-5.23398619512561
2013-09-13,-4.899682182362322,-5.697462012945448,-5.6239643705950755,-5.725298059597085,-5.70231668513242,-5.704632454508307,-5.632394291275833,-5.709105939603453,-5.711678013572598,-5.7412769695172905,-5.685158826291609,-5.6864627372721035,-5.685434181815841,-5.686155303042736,-5.685590013384815
2013-09-16,-4.873792163218745,-5.519608538352316,-5.476926168413424,-5.5423391136389295,-5.522090670593778,-5.527306955747626,-5.502312737365632,-5.530510035686418,-5.569383682179727,-5.518058651520699,-5.513765926046663,-5.517350593601628,-5.5137189858075635,-5.513991381341407,-5.514080835686986
2013-09-17,-4.79163787674455,-5.933922000005951,-5.751420335157148,-5.962314901992789,-5.9339919162186385,-5.939615835193016,-5.716531083819916,-5.9491632118996565,-5.9778335272262995,-5.9321421431279795,-5.898457122230666,-5.909631482031603,-5.898436728051642,-5.8978767555823675,-5.8986196496631536
2013-09-18,-5.304917582979244,-4.514980623625953,-4.680795403462411,-4.520024796662696,-4.509114602919503,-4.527412281238292,-4.779570660949747,-4.516301291505678,-4.586971305799012,-4.517210937738033,-4.5525902590512075,-4.54265386489319,-4.552553740349564,-4.552418190181345,-4.552849250237401
2013-09-19,-5.223217678212567,-5.099929159834896,-5.059679213304724,-5.108642291611681,-5.101807444180914,-5.115915388755299,-5.075829832412475,-5.098657777516584,-5.144433484544927,-5.06087691615309,-5.095374238808086,-5.096372877834545,-5.095726678828552,-5.095639782570551,-5.095507512071581
2013-09-20,-5.2447884201103365,-5.07043893064144,-5.061252200129362,-5.084222486883947,-5.073310395712705,-5.07889390963741,-5.087609274736114,-5.074094878511155,-5.118261059086503,-5.061362660300334,-5.0710989777498705,-5.0707037996895545,-5.071109533953478,-5.071257976162761,-5.071282060411411
2013-09-23,-5.118951248707727,-5.0537300286075055,-5.043129801382565,-5.0708578666806625,-5.056717842876175,-5.062151196300253,-5.077384530204378,-5.057574474364352,-5.096738581423329,-5.044198179805026,-5.055535175828735,-5.052691551249033,-5.055416920138058,-5.056205672385151,-5.055827565172118
2013-09-24,-5.080754274985221,-5.018330566495299,-5.021565127628869,-5.025626623070613,-5.019974108228973,-5.025213197424468,-5.04830302732968,-5.019809717669844,-5.047674504269468,-5.015086890246737,-5.0220605318173215,-5.020123230103323,-5.02219689426555,-5.022769161834741,-5.022219322033338
2013-09-25,-5.16779254818504,-4.99393797256239,-5.025858229569176,-5.003515710464697,-4.996991733475076,-5.0021340263594585,-5.04708064652629,-4.997438855829961,-5.039725881745705,-5.001651082060064,-5.00179376724633,-4.9984713772625335,-5.0019227449494315,-5.003080569258613,-5.002013390648617
2013-09-26,-4.9460952392686846,-5.069357379367821,-5.153263426980785,-5.076845454596008,-5.073124641508012,-5.077754620631025,-5.219205947956619,-5.07003186843151,-5.112271248659272,-5.086173506614757,-5.089189111439641,-5.082971822665842,-5.089184500745912,-5.09062096392478,-5.089487322895969
2013-09-27,-4.906750171203412,-5.267146025657218,-5.257116932220227,-5.278052218067633,-5.2726824800211,-5.273417727788013,-5.275856819617446,-5.2706015151755325,-5.303529263388994,-5.286198604046255,-5.266769535259853,-5.268090190902802,-5.267020204929207,-5.267276919102311,-5.266903625023499
2013-09-30,-4.955886927249312,-4.95538861663891,-5.016323325188816,-4.970253519813891,-4.9598143609252565,-4.963254065120179,-5.051032362555661,-4.958876156408794,-4.993100710456494,-4.94643971915967,-4.970262477558605,-4.966696326686614,-4.970123779656599,-4.970779466715549,-4.970674284537346
2013-10-01,-4.738957887512143,-5.054040076624852,-5.047736480446422,-5.066057895888156,-5.059744143390599,-5.057690169187187,-5.082061748094618,-5.058784745370647,-5.090012877257866,-5.094787953567782,-5.056142536691565,-5.054141120262876,-5.056128672408432,-5.056709963224141,-5.056303928073994
2013-10-02,-4.624264241774762,-5.077642474940833,-5.126524799288697,-5.098192856552828,-5.083398026127934,-5.082093056603905,-5.155357036909754,-5.089006744818637,-5.112142775167186,-5.117774524322342,-5.088532208106237,-5.084376266124944,-5.088732526446597,-5.088422250208267,-5.088943828548025
2013-10-03,-4.766136840728272,-4.729085067774324,-4.746707441745455,-4.747077989737557,-4.732068096561479,-4.731386055348183,-4.775121541518141,-4.735019514696583,-4.766778146789885,-4.762703035603314,-4.734440319773245,-4.730137275121173,-4.734784198970719,-4.733887026684808,-4.73460473828878
2013-10-04,-4.743085910609379,-5.032345374467775,-5.105515756726589,-5.044900723599087,-5.036931020731638,-5.039129181324967,-5.144645540973314,-5.039283963060327,-5.0624570504732365,-5.061839452798811,-5.048376799041176,-5.0457367363234304,-5.0483530248092725,-5.048221786961748,-5.048679851596562
2013-10-07,-4.739286452968139,-4.971761554647322,-5.050503116978966,-4.991180258545526,-4.974473166141981,-4.975727766891034,-5.090021411206469,-4.984492519829275,-5.002587956966349,-5.000287428880415,-4.987760975813153,-4.980867785707833,-4.98756029247068,-4.986883200883373,-4.988078123697496
2013-10-08,-4.778632525421462,-4.633214241120878,-4.732546070896482,-4.655409251752885,-4.633771410565998,-4.63604694792821,-4.7725304187797715,-4.643199783971415,-4.665013770574297,-4.633868768126423,-4.653909336132643,-4.64665283507509,-4.653993904033256,-4.652899455579651,-4.654366780503637
2013-10-09,-4.8486225945175105,-4.657267712582311,-4.674936463768413,-4.696977248332718,-4.6597437407289695,-4.663585890663468,-4.698824943050376,-4.6742181633323385,-4.68802033083328,-4.657654120938801,-4.663401324177924,-4.661062970560845,-4.6636746591076585,-4.663003161838143,-4.6637610647218875
2013-10-10,-4.9323737333402615,-4.865344388045836,-4.907944941996036,-4.8975901875517565,-4.869541888387138,-4.869409663311599,-4.964649321741213,-4.888356571787126,-4.8919797589694145,-4.90448371130897,-4.876691245536159,-4.872140741394245,-4.877031770088538,-4.876522666396437,-4.877120827152429
2013-10-11,-5.005365073967981,-4.889115608269746,-4.971389648447655,-4.90775964118002,-4.89103740338185,-4.893808439359326,-5.01564728885977,-4.911087718914949,-4.889960634366673,-4.926811921292572,-4.905743581905298,-4.900939253658278,-4.905898389816721,-4.9057795366294705,-4.9062630570320875
2013-10-14,-5.133839807266719,-4.8626839093545415,-4.9163396707638265,-4.885742079462994,-4.868445455509531,-4.869212720574777,-4.974733225721325,-4.8747576438457845,-4.844792358264422,-4.932802057040651,-4.876148771718589,-4.8724465073058845,-4.8761754800671095,-4.876371051934054,-4.876443640212516
2013-10-15,-5.357881974179371,-4.64834102142815,-4.7790465001759355,-4.676158067784908,-4.653683366975563,-4.65379987636473,-4.84148652117181,-4.666935274011024,-4.667928097150136,-4.680378233379766,-4.67448952061877,-4.6675795649485,-4.674701432214634,-4.6756064749974495,-4.675007125942609
2013-10-16,-5.418235457872079,-4.789860456773538,-4.858057428345478,-4.805844121075759,-4.801052029415613,-4.801054391081653,-4.930865670779348,-4.803435056943805,-4.780836801777273,-4.895426837173908,-4.805627053265067,-4.802787263029154,-4.805747847290959,-4.807716157521731,-4.806047006625445
2013-10-17,-5.426292485422894,-5.089826137825564,-5.082389761422567,-5.115789021579917,-5.101625861525112,-5.0976515778962925,-5.130601634159914,-5.107131531239902,-5.094965125402661,-5.152274685406407,-5.0925563347265825,-5.091815026471137,-5.092851647168,-5.094656053910361,-5.09294249114668
2013-10-18,-5.421242088606823,-5.1616921910803715,-5.12794537701239,-5.184872330949997,-5.168368225244282,-5.164412305543927,-5.162189790398926,-5.181925907456359,-5.15924337039796,-5.225866505473599,-5.158774292519043,-5.161562126465794,-5.159060016246431,-5.160206580777182,-5.158939253411202
2013-10-21,-5.406245075264924,-5.336762961968407,-5.292291282151919,-5.374043196500919,-5.3475614398783256,-5.343446737132075,-5.295981412674753,-5.365882763209977,-5.350310945698814,-5.360690433671697,-5.329761939888818,-5.333204643064832,-5.329749026516227,-5.331243887317074,-5.330000823244225
2013-10-22,-5.5826844548405505,-5.066938379016086,-5.079424497661728,-5.114580119244654,-5.080220346227597,-5.073329534618988,-5.097210782125572,-5.095168234980444,-5.089001335713873,-5.066695193863953,-5.071274497788087,-5.070403756287831,-5.071514986766738,-5.073588043971987,-5.071833435308504
2013-10-23,-5.551341782370927,-5.060712371820068,-5.03323874728265,-5.110728945984379,-5.072493668823701,-5.059205820148193,-5.043276471685217,-5.098914745668695,-5.0591966112851265,-5.099968927694152,-5.055606264376229,-5.059037526587208,-5.055899879957757,-5.05685377772731,-5.055936431465912
2013-10-24,-5.397551977635867,-5.3021986017195015,-5.2142962237734105,-5.349634824055041,-5.3097608602995185,-5.300642458813921,-5.212336995168762,-5.339740313804894,-5.3146445620626315,-5.340185535207223,-5.286691500658687,-5.301008952957489,-5.287090564466628,-5.287670991687181,-5.286762703863022
2013-10-25,-5.290297457806966,-5.2920298649662065,-5.285443592867227,-5.344785421667273,-5.309718295465725,-5.291389567086912,-5.312681320769947,-5.326768114948756,-5.284791447831112,-5.353823076851668,-5.293010032827219,-5.292845720456047,-5.293185715535677,-5.295316946307449,-5.293494786522289
2013-10-28,-5.309292658237343,-5.387812855104697,-5.322211231998781,-5.434638161997161,-5.412129180368591,-5.387846435152278,-5.329241468490241,-5.423060382053968,-5.377289238848367,-5.466437204458948,-5.377893291352247,-5.381894288991919,-5.37788367635198,-5.379839474391994,-5.378117665996012
2013-10-29,-5.315167011556601,-5.412776783944693,-5.362389762798322,-5.472485577928959,-5.431673446729651,-5.4130976674100575,-5.362142297527866,-5.4528104188649635,-5.399992776673923,-5.5000745856571776,-5.405076774257211,-5.412011452586652,-5.405480247835746,-5.406493023584605,-5.405436837139283
2013-10-30,-5.4738328521593695,-5.091335700011665,-5.082965090592148,-5.151457282878748,-5.1158937542016245,-5.088603167293392,-5.116025480063973,-5.1231890071834725,-5.0886677014200234,-5.150052075059849,-5.092109128828507,-5.091530372551708,-5.092394803395454,-5.093747418114827,-5.092516378242937
2013-10-31,-5.263168496915091,-5.087421645403554,-5.048184848565789,-5.140740291043911,-5.1079913494815115,-5.085435840132547,-5.0786143193793905,-5.122806775355394,-5.084347622071609,-5.169861711038093,-5.083525815883558,-5.087409341841296,-5.08377860021992,-5.0855752554763605,-5.083805546486773
2013-11-01,-5.227936587519548,-5.0793024066355015,-5.0459630948387035,-5.129277522027659,-5.100569434394714,-5.078423023831793,-5.066921608200306,-5.103437741266262,-5.105045829535852,-5.113955341889188,-5.075806096430018,-5.076639812585272,-5.075901462378454,-5.078088638229476,-5.0760069323981885
2013-11-04,-5.234170587580959,-5.444994913227663,-5.4052039543752,-5.48887926609077,-5.461992456105358,-5.444320736298607,-5.398992069852194,-5.4781174638232635,-5.4784705452011755,-5.482996634371527,-5.437904786170549,-5.4408619230971595,-5.438304186620789,-5.440410990866273,-5.438262308360092
2013-11-05,-5.108547202328569,-5.369916146327966,-5.279278833949675,-5.42078670481745,-5.386227099586259,-5.368820576398474,-5.260926761806078,-5.400363415443434,-5.385229133906709,-5.384538274229573,-5.3535541917542835,-5.363535227915447,-5.353837363301799,-5.354974945534823,-5.353809224071762
2013-11-06,-5.089637685114137,-5.30755995095958,-5.2583866517108095,-5.352761382106889,-5.319566087999072,-5.305871566092742,-5.255097332880158,-5.3319570934561025,-5.3191967424383,-5.326608111177055,-5.299312225344645,-5.303583276582621,-5.299688540543958,-5.300293996329026,-5.299436397516596
2013-11-07,-5.394173733686814,-4.9025096173256095,-4.923671436194455,-4.948193172116904,-4.912209394880332,-4.900992105909731,-4.921914826013108,-4.930800896791712,-4.904339891664575,-4.903207696136681,-4.906147571062637,-4.9058087782263975,-4.906309675169795,-4.907072068298921,-4.906501175274002
2013-11-08,-5.662499097713255,-5.058296479560733,-5.01988796581768,-5.076561099838196,-5.075004391394173,-5.0599791031341566,-5.040750883476403,-5.067675460013054,-5.078287905965556,-5.0925433363590535,-5.054563805347284,-5.0569191797919295,-5.055167219606416,-5.056181169571229,-5.0546215352326405
2013-11-11,-5.4771980604966855,-5.475444565991133,-5.394241882412299,-5.5020314754502815,-5.492469459460346,-5.475993481593024,-5.395306593115576,-5.486239622457155,-5.4940716321427185,-5.505102530847625,-5.463358173260224,-5.467600546809299,-5.463595696969075,-5.465259023408071,-5.463362569228457
2013-11-12,-5.44058962981739,-5.058551673583303,-5.123778579718566,-5.088815766813193,-5.077480522636073,-5.058922249805328,-5.161103072141353,-5.07604038919806,-5.081914116929041,-5.082725171536888,-5.072603160575631,-5.067032556491988,-5.072434118237395,-5.0753836827876135,-5.073065573746546
2013-11-13,-5.2387452215019294,-5.158489197704247,-5.188868092086924,-5.188130104941473,-5.1775219576276275,-5.158412104321747,-5.241714803658276,-5.175854887961152,-5.18491227782724,-5.21457086565066,-5.167725179103601,-5.163950242989463,-5.167669227020847,-5.1704517507692715,-5.168170656256706
2013-11-14,-5.257432345853161,-5.373081260932867,-5.298705752615294,-5.4158852176764904,-5.39355898432132,-5.373233306994542,-5.321114442818826,-5.3980402151535865,-5.406643567243024,-5.414770480636246,-5.362671871179666,-5.3669041854773925,-5.362721804383045,-5.365095812576133,-5.362866797589358
2013-11-15,-5.2557011762638535,-5.712130813610874,-5.5887954147723455,-5.76656681036929,-5.7423190031468785,-5.711576883498952,-5.589755476806732,-5.742150155733763,-5.738754300884368,-5.76586093401093,-5.693152844461259,-5.6985455076232405,-5.69357022276238,-5.694718744980503,-5.693149635062715
2013-11-18,-5.415061710699033,-5.256134704968857,-5.322755993024604,-5.283290976657201,-5.277701431065173,-5.256298253557286,-5.352213115482386,-5.26795422030225,-5.283887386798934,-5.275804640472463,-5.270081038993972,-5.265099405588556,-5.270099144610453,-5.271876235988488,-5.270518268356807
2013-11-19,-5.632093114211712,-5.15650518749984,-5.195302803949177,-5.179482219374889,-5.171661932106987,-5.156509108315431,-5.226211252924055,-5.17199031266539,-5.1700172771761155,-5.174941492962487,-5.16534106112586,-5.161352016276112,-5.165408997230907,-5.1672591863275175,-5.165671707527601
2013-11-20,-6.1584539835301655,-4.984556093295149,-5.055872132222465,-5.010583079429178,-5.018443546429446,-4.984562875057779,-5.119453326030104,-4.9907204961701455,-5.01415893692972,-5.030122827840283,-5.001963168048662,-4.993809620305829,-5.001801517202662,-5.004854234239638,-5.0024334703670155
2013-11-21,-6.0708860475597755,-5.36114192272739,-5.336728146178839,-5.391535538373625,-5.393559269512811,-5.360897577871403,-5.352741283493238,-5.37367265827826,-5.381164825782324,-5.403279999355414,-5.3584680384939345,-5.360645439370337,-5.358950457070095,-5.359905644207416,-5.3585144250965895
2013-11-22,-5.886469059487846,-5.54446403600791,-5.473880137565095,-5.588822160577138,-5.575639666406727,-5.545444975129546,-5.479282397098465,-5.572915003074293,-5.554085371901933,-5.634713709972333,-5.532939594747887,-5.5396452716291265,-5.5335890841568265,-5.533939075976045,-5.532883813905875
2013-11-25,-5.658528237510487,-5.609667950999995,-5.503685320522597,-5.648369823862964,-5.635893098818304,-5.609990659120368,-5.499135260498336,-5.635329242146075,-5.617930586084263,-5.637050595665227,-5.592525813470287,-5.6009585620268405,-5.592457830462518,-5.593341962833017,-5.592357219828639
2013-11-26,-5.258396656831617,-5.528948295393429,-5.52620122517184,-5.5626103159827895,-5.569708018262953,-5.529424132739104,-5.548320069667083,-5.539021520494267,-5.5560521734972195,-5.560963152893993,-5.531224461767832,-5.529941528073442,-5.531350257896202,-5.533094224991389,-5.531442540134161
2013-11-27,-5.147583058015224,-5.8039630416996495,-5.782528571363755,-5.843556686620121,-5.839036838930458,-5.804700657485379,-5.77757330265355,-5.827443029175275,-5.8185601260654085,-5.829857250093669,-5.800175442343129,-5.803211216008444,-5.801147381171571,-5.800934522811299,-5.800159323370106
2013-11-29,-5.1352105654692055,-5.570601140300457,-5.6307124432071145,-5.601879527188158,-5.620777319728515,-5.5707948013454605,-5.6639349593394455,-5.592475898879832,-5.604290812694065,-5.631044893584485,-5.582216971791483,-5.58014889548566,-5.582559449893537,-5.583239775264523,-5.5825678089012065
2013-12-02,-5.194100369118746,-5.500979160317021,-5.459169128721925,-5.549256404761072,-5.538774065827729,-5.500893277637292,-5.488501491458831,-5.522447313301328,-5.544568267651435,-5.518230164729163,-5.49712872892028,-5.499872083680124,-5.497277302848772,-5.498006608694699,-5.497471513960798
2013-12-03,-5.261007215813233,-5.3414551748040235,-5.33283894821649,-5.359934857503916,-5.369906766769312,-5.341138409378408,-5.336628265936776,-5.3535875892865095,-5.371443778180043,-5.348781492911548,-5.340765214330395,-5.342026225324458,-5.340745943009387,-5.341070446301668,-5.340944189078472
2013-12-04,-5.450837909250755,-4.94974758733261,-4.9733238891588565,-4.976224331723628,-4.980797891871838,-4.9490392982741325,-4.993936179842589,-4.956156496248628,-4.993708822054019,-4.9610880151322965,-4.9557829976279715,-4.952340968669789,-4.955842616644671,-4.9565550613142815,-4.956090191336968
2013-12-05,-5.411195553924963,-5.156502186787784,-5.138247358897396,-5.2036910177259355,-5.194586871411957,-5.156376883740157,-5.161817544267528,-5.172413931580372,-5.205816214102778,-5.150052755281994,-5.156236720373491,-5.156477429563667,-5.15627145453421,-5.157455788954939,-5.156502616458145
2013-12-06,-5.3792569870036315,-5.208308764766577,-5.20412964881503,-5.257243471976717,-5.25480456848554,-5.207452230248286,-5.24537807408913,-5.220235738324857,-5.265436738054804,-5.211801079618308,-5.213016098708885,-5.2081438469987,-5.212969361100302,-5.214584340422331,-5.213496658784061
2013-12-09,-5.350176353327631,-5.420092324243052,-5.363323987164579,-5.478542502543834,-5.458219476948939,-5.421052269913068,-5.3760298785908285,-5.453563263353921,-5.471745266469098,-5.449812865082789,-5.4118900769929565,-5.414534533792468,-5.412786527547618,-5.413315422245981,-5.412255703675917
2013-12-10,-5.289644110395318,-5.341394689649313,-5.263047228870755,-5.374046910087886,-5.381227534127044,-5.341109338465168,-5.265843973616943,-5.350721430340643,-5.392787445550911,-5.343042401131596,-5.331159323980096,-5.335864262884699,-5.331529314917141,-5.332524168563546,-5.331254517232913
2013-12-11,-4.220875657675686,-5.1881896538566865,-5.193493208507497,-5.233270541556827,-5.217661272967265,-5.188704940698069,-5.2305672051649275,-5.206966583049034,-5.236095798526652,-5.203823369721,-5.1930610749130155,-5.190554638800961,-5.1929763420059345,-5.194942295515571,-5.193521577625826
2013-12-12,-4.248022163366099,-5.205131535399072,-5.186794544027677,-5.225189978099151,-5.234947827921439,-5.206405345071742,-5.1983999286364115,-5.218940415507694,-5.227609430101063,-5.234632863554528,-5.203447331039496,-5.205186413516502,-5.2035976315469314,-5.203607876475394,-5.203530640961145
2013-12-13,-4.2772688689599425,-5.254431063089837,-5.268766914091743,-5.267232521613543,-5.282613150050342,-5.255441521136626,-5.289946152697065,-5.25818694432393,-5.296767487263527,-5.300491992437101,-5.258645795509054,-5.256175190327921,-5.258805155450433,-5.2581492740329585,-5.258754012348064
2013-12-16,-4.297621591634015,-5.403761726456892,-5.363991048887367,-5.4373194965571,-5.429025311120698,-5.4040861923250185,-5.361979462949608,-5.415258354748245,-5.432153912421085,-5.413338619408748,-5.398554765427065,-5.40201953405193,-5.399283749240679,-5.39760156029389,-5.398674696614918
2013-12-17,-4.359717695395519,-5.223468394344481,-5.256062422989623,-5.236364329280137,-5.2468313369375466,-5.223458566827278,-5.288814079829053,-5.218860821189902,-5.257146123688356,-5.228447564357703,-5.232936568611479,-5.227382478243862,-5.23273614114539,-5.231671237057464,-5.233245134217152
2013-12-18,-6.238205455872363,-4.006959891827182,-4.228582617815994,-4.0230164229425105,-4.036810568316815,-4.007069309331089,-4.329445644225741,-4.0066844164000335,-4.048378343928197,-4.030370966175939,-4.050575680431007,-4.04140124264215,-4.050301627883642,-4.048655450281011,-4.051487057800366
2013-12-19,-6.534995478735282,-4.834661199581934,-4.843092970166445,-4.8706651026821755,-4.867502715389273,-4.835594868481339,-4.86973021247165,-4.8433222742365345,-4.858601576824871,-4.848980443865681,-4.840156673295481,-4.837022317200742,-4.8404432971360425,-4.840352992096913,-4.840408452302948
2013-12-20,-6.85003628386362,-4.972303965831957,-4.973120686793249,-5.008846161067849,-5.007457498530085,-4.9738344712122515,-4.992762283989483,-4.9774560079409325,-5.005751746417467,-4.9642788175717945,-4.975830121754615,-4.974463341740083,-4.976565144447801,-4.9761691804522625,-4.9760838409750345
2013-12-23,-6.77492323766257,-5.209829905209159,-5.160525551236759,-5.253068576932533,-5.253929800740428,-5.210570360158607,-5.208207984696237,-5.210159765143712,-5.2589907678877745,-5.216830863131097,-5.207031924635465,-5.206927456162264,-5.206966085576261,-5.207584337632591,-5.207398109881772
2013-12-24,-6.105344619263447,-5.514393959430573,-5.366992165269827,-5.571362295454513,-5.560070837963295,-5.515837135546791,-5.373488512345045,-5.520620964880748,-5.563868268546188,-5.534780980822408,-5.490918946007967,-5.4990960740283485,-5.4920124046242105,-5.491173217708788,-5.490817327375471
2013-12-26,-5.947997806305624,-6.011092923816363,-5.881519292423783,-6.075281268907924,-6.044616318675667,-6.011261413774548,-5.871058439097883,-6.0258346932748275,-6.051822383197793,-6.026785868586451,-5.989118052248946,-5.996090653268747,-5.989447926371313,-5.9894005242679045,-5.989152945162045
2013-12-27,-5.620485198292564,-5.908689612184248,-5.84888698045638,-5.94025297714706,-5.951853611070022,-5.90900813384023,-5.869306719185856,-5.910056267888491,-5.960693060353167,-5.917522400736848,-5.901528183126224,-5.9055640096681,-5.901705516990314,-5.902244477782533,-5.901736087564967
2013-12-30,-5.54618935940538,-6.164530118041784,-6.032626954441945,-6.22137978029238,-6.199874663315109,-6.166731834090626,-5.995044455966777,-6.176303128688453,-6.198870471948019,-6.190346386469177,-6.140409120790027,-6.149113095273008,-6.140917478365247,-6.140477437460785,-6.140327905388881
2013-12-31,-5.3069410030743684,-5.85749043859033,-5.8811956466340405,-5.887459778074153,-5.8979793549686566,-5.8581774538735685,-5.898594368510999,-5.860129281846599,-5.909842091474942,-5.877749847400823,-5.863392701505409,-5.861118377532767,-5.863579836927729,-5.863983134596861,-5.863768751592006
2014-01-02,-5.338838246014741,-5.284947516945559,-5.293030924698979,-5.318667392741864,-5.318337286397481,-5.285768198295397,-5.309266330813365,-5.288912190432678,-5.330646516412546,-5.299663969203548,-5.287620709633608,-5.286355629950848,-5.287801966978725,-5.287848219622351,-5.2879398999813905
2014-01-03,-5.239059958109065,-5.519699186160136,-5.467813082258552,-5.5539575714247125,-5.555627129913381,-5.52080068217279,-5.457448411758688,-5.525766596613177,-5.553726340173581,-5.513833006587744,-5.511398790075807,-5.517655334777832,-5.511662232760028,-5.511551169957628,-5.511576063566255
2014-01-06,-5.286027590359563,-5.142144830616947,-5.204940512320225,-5.172329130327595,-5.182836072708875,-5.142396872784487,-5.262130657430661,-5.138839610487594,-5.198434049567166,-5.158891270648637,-5.157905086777208,-5.150474282536913,-5.157562713652235,-5.1585451731805945,-5.1584993042746445
2014-01-07,-5.1944980456236,-5.496170346290051,-5.407887407884069,-5.546739416247753,-5.526996279897535,-5.497070077765926,-5.417504524261378,-5.5007496419791995,-5.544334593545932,-5.516085187793533,-5.483686220779992,-5.487014831286416,-5.4842091433463915,-5.483861147015695,-5.483783955926392
2014-01-08,-5.346524972097687,-5.038307622145147,-5.067619975285443,-5.079732855463328,-5.068929581106879,-5.039395173282289,-5.103484105849552,-5.039206699199268,-5.08355931677279,-5.046956858166707,-5.046181873844067,-5.042314037730284,-5.046121482911878,-5.046565742495133,-5.046650691818216
2014-01-09,-5.464407107681363,-5.141534433916454,-5.1913208585328015,-5.178986503615804,-5.168569216823216,-5.142630924336298,-5.226444635991631,-5.139816949490057,-5.1786904770666755,-5.152716180682947,-5.154296828628012,-5.148218455854911,-5.15433575683019,-5.154786121763589,-5.154658403991465
2014-01-10,-5.525596462637745,-5.117835705788294,-5.162667945869296,-5.151756438633109,-5.150746289983609,-5.117834472107571,-5.20195351877746,-5.1179365127809335,-5.15862524260872,-5.114163804433038,-5.129809465545341,-5.126648885231914,-5.1297826659218435,-5.130450297755493,-5.13022767770272
2014-01-13,-5.437210385495385,-5.126065677113135,-5.144270382820853,-5.180639401450452,-5.159403476864324,-5.1283470652862615,-5.176690803757512,-5.130308654624053,-5.177512008639096,-5.150311241454791,-5.131978020349281,-5.1281535994059615,-5.132263835647873,-5.132859195076912,-5.132449504962399
2014-01-14,-5.535618946781734,-5.144835043780921,-5.162050895941367,-5.192737968602371,-5.173549830266378,-5.146530087310575,-5.213091029691824,-5.147158314717911,-5.188766312813671,-5.164102257912499,-5.151377880723598,-5.146704698854972,-5.151219799848277,-5.152252757685599,-5.151776264951538
2014-01-15,-5.434322400963499,-5.3046553732266855,-5.290260236640538,-5.352013890945318,-5.323946105541084,-5.305893095004542,-5.322794138744887,-5.313521762079612,-5.339207762575431,-5.32193484435623,-5.303688115211718,-5.302740374664417,-5.303833844880241,-5.3043781526058895,-5.3039728864164895
2014-01-16,-5.123975398645237,-5.403016110170792,-5.3590685350051075,-5.455174218376966,-5.430814545709304,-5.401518905586233,-5.37686155829016,-5.410505348191395,-5.446699352683863,-5.393032963231955,-5.397708897014605,-5.399233486351784,-5.39815971235577,-5.398294909804898,-5.397983856851091
2014-01-17,-4.774775588300668,-5.293197013437255,-5.316194993640621,-5.328959519479525,-5.320505106335715,-5.292097965674485,-5.337977919171588,-5.298514029712461,-5.330036344639208,-5.27885743257873,-5.299274289445127,-5.295241341176592,-5.299448103909434,-5.299831326149405,-5.2996455961105635
2014-01-21,-4.807689112281892,-5.074939350495664,-5.134048008590224,-5.0953818716428865,-5.098010653104922,-5.075255547923752,-5.152474712292319,-5.075122995096943,-5.098474270601229,-5.088160207243276,-5.086052938500499,-5.0818992094577595,-5.086059248977426,-5.086406727169685,-5.086329850400626
2014-01-22,-4.5294801744887145,-5.568652537983118,-5.48222816352093,-5.600469719231762,-5.593395104978505,-5.5692959176025045,-5.480344268173436,-5.5703073414286255,-5.605526534384654,-5.58858939883371,-5.553976464330487,-5.563043677046688,-5.5544152235855275,-5.5540021813143685,-5.553909995283217
2014-01-23,-4.5216862661464985,-5.298652575748494,-5.23383381811229,-5.340844141962943,-5.319629160527091,-5.298677903837124,-5.249633802957437,-5.299142980500929,-5.334018919144179,-5.300262927167992,-5.290559027584997,-5.29617469525525,-5.290760516473064,-5.290118084667441,-5.290697005625192
2014-01-24,-4.47226137993551,-4.966573270599951,-4.889831145021772,-5.022307096489351,-4.992005064574804,-4.96607392093268,-4.895113989132723,-4.975498099899876,-5.014016167799622,-4.9752851581978135,-4.953852661885774,-4.964238023993504,-4.954396755164184,-4.953347501552643,-4.954103803860277
2014-01-27,-4.41935375357204,-4.6871929654030025,-4.710879372897779,-4.7130473344258235,-4.701890960611933,-4.687870528707526,-4.745165352120389,-4.685013091047925,-4.723755072433345,-4.6844614907563615,-4.69347319809869,-4.689271712855263,-4.693644080013636,-4.693022439862466,-4.693795146486265
2014-01-28,-4.287192488591732,-5.022701808938202,-5.008652709021895,-5.059251762242667,-5.03706554970071,-5.0228649644508945,-5.009354728563998,-5.026965480850353,-5.059877017213638,-5.024972974390292,-5.020887990260261,-5.0219389756878705,-5.021066019510436,-5.020121190908009,-5.021075448476345
2014-01-29,-4.279637676014672,-4.580751927895131,-4.602237216648942,-4.625953106120133,-4.602933687957038,-4.580303026073706,-4.617149412164007,-4.590675997259043,-4.616703875771577,-4.59346386423594,-4.584908985136435,-4.584910773410272,-4.585260941245063,-4.583918877212731,-4.585205760220024
2014-01-30,-4.312493234672459,-4.888598503277659,-4.858200477226127,-4.95287672360685,-4.90874594398468,-4.887790548294946,-4.899650144972287,-4.898454844869607,-4.920062526218262,-4.907010734442849,-4.887120464847315,-4.8890516463099845,-4.88725531623316,-4.886446146127657,-4.887401848945155
2014-01-31,-4.406665323389031,-4.576722967981058,-4.6444121219018255,-4.624882547369106,-4.595745481159427,-4.57706736385547,-4.704939323265362,-4.580225741838312,-4.610569732838457,-4.573379571126661,-4.591494407024844,-4.585930341318642,-4.591589277978317,-4.590079964250709,-4.592015499477844
2014-02-03,-4.73338627582658,-4.407940775062408,-4.394442067040484,-4.469323310824703,-4.424161981026603,-4.40745676267606,-4.432498096343958,-4.419168589971025,-4.444637211631738,-4.410150058075707,-4.409513466004119,-4.406939411827924,-4.409786936626481,-4.40797074606501,-4.409890947297047
2014-02-04,-4.9773672467696715,-4.461293718895806,-4.520999531987395,-4.48302568362368,-4.478668019007863,-4.461223982670692,-4.556529952794315,-4.4642397236999285,-4.501944121744169,-4.459740098662492,-4.472725585591365,-4.469192578206238,-4.472743759558113,-4.471781336626852,-4.4731596558279625
2014-02-05,-5.372277335114963,-4.396349805342422,-4.423253457989312,-4.457759502140754,-4.406615977959462,-4.395511564223273,-4.477110822217652,-4.407302363360874,-4.432497722689229,-4.398844211952323,-4.403822035833669,-4.400217080486581,-4.40418089069825,-4.403571667524448,-4.404326275455885
2014-02-06,-5.346968394265148,-4.89771299458178,-4.849467405216319,-4.964871143851069,-4.9150498775478875,-4.8977072831665955,-4.839185737569974,-4.915626104227485,-4.950918160710196,-4.897303649520211,-4.889487715363023,-4.896751740353901,-4.889801860803865,-4.890032382132079,-4.889871785315982
2014-02-07,-5.575351102936395,-4.6841796122363615,-4.7388169759106455,-4.728276277523476,-4.69737078333641,-4.684340096023053,-4.799262994401746,-4.685700237424596,-4.72852130849595,-4.686551825653971,-4.69745887001728,-4.69245642416597,-4.697707404619703,-4.698549403259754,-4.697915909531415
2014-02-10,-5.500451060760089,-5.130452961361051,-5.093010792621046,-5.189107227701184,-5.147624045737953,-5.131312472834722,-5.140356335002636,-5.1370437045780974,-5.169463099368513,-5.131985696763905,-5.129177695850932,-5.12849664079905,-5.129063425435952,-5.130151609078692,-5.129460339656083
2014-02-11,-5.314508488924333,-4.995492125657561,-5.025281194026638,-5.031532836749683,-5.017434490077389,-4.993657679598742,-5.0724267057802175,-4.997700192997191,-5.0348810863746705,-5.007826004913909,-5.004098463901237,-4.999959031444384,-5.004249264459784,-5.005144043519225,-5.004474100890165
2014-02-12,-5.229595321595912,-5.081161008642745,-5.113201095900872,-5.117577999537748,-5.101234139233614,-5.0815869206349875,-5.159098539572294,-5.082190485442262,-5.1273058443274255,-5.090251357586838,-5.090225222548209,-5.085058810051767,-5.090140525474215,-5.0913706172430935,-5.090611131767047
2014-02-13,-5.260343121001368,-5.1341270616712995,-5.167671318855735,-5.172368324481463,-5.150766344931478,-5.132397244664834,-5.193164467773329,-5.1383341000731235,-5.174243692430347,-5.144150963877178,-5.1413726310855585,-5.139435452960937,-5.141715203195041,-5.142209992992063,-5.141665795023515
2014-02-14,-5.156579017416684,-5.360909872929105,-5.315912949195529,-5.421759470129414,-5.3772917301696666,-5.358654850869095,-5.332364518846264,-5.372617220365603,-5.398899756993007,-5.366918315530783,-5.354523761259366,-5.356688889755661,-5.354715784406725,-5.355426560590917,-5.354688425584718
2014-02-18,-5.031987115240545,-5.191860373176314,-5.19462919274444,-5.255656980106445,-5.206622125105873,-5.1909965357463825,-5.217094435254328,-5.199871118976766,-5.22942251993116,-5.178417578124373,-5.193865516494883,-5.1924323634137926,-5.194055772019722,-5.194722092475856,-5.1942239755546336
2014-02-19,-5.095672998280081,-4.872181443744614,-4.953129320834655,-4.905320815033305,-4.893460704782413,-4.871621235456253,-5.01310595761599,-4.872566485852005,-4.913533733353297,-4.870162036279323,-4.887999954760755,-4.880055937783638,-4.887874218251177,-4.889254441984679,-4.888516986284738
2014-02-20,-5.144370105643978,-4.914486003877328,-4.974014980592958,-4.961680919253458,-4.940593463487669,-4.9127361344637395,-5.030736395696462,-4.914491937984391,-4.969865496296151,-4.9145328984081935,-4.927843333860404,-4.919537696931275,-4.927862786382819,-4.9292318018150825,-4.928315567673725
2014-02-21,-4.93157434870695,-5.173206856990537,-5.180359232358115,-5.240980829647887,-5.2009479015645335,-5.169092327065469,-5.234913190197191,-5.176891366219824,-5.226051321573499,-5.17317985679462,-5.178713058105954,-5.1747794840105374,-5.178802770316776,-5.179976505663215,-5.179061943691374
2014-02-24,-4.766043889174329,-4.989266771178849,-5.090966894394311,-5.035356287251734,-5.010733900262631,-4.983239470599825,-5.132866621114394,-4.996304661712605,-5.024432317254773,-4.997321462245955,-5.008249300436772,-5.001885905003152,-5.008245783294622,-5.0094359878145385,-5.008702757946448
2014-02-25,-4.862558554705147,-4.83125798637281,-4.907206742180889,-4.8746888035000095,-4.854197671956335,-4.8285130381143295,-4.954143291122059,-4.835459678174957,-4.872226525466189,-4.82767232228358,-4.845933693289381,-4.839125194663106,-4.846148685586739,-4.846696544785367,-4.846380237325606
2014-02-26,-4.951362620915031,-4.895826610417105,-4.934727942685974,-4.942402640813356,-4.90691364319475,-4.900770772450341,-4.972755405388926,-4.903008609457095,-4.939945749988357,-4.895587467783438,-4.9047711159050476,-4.9003485883144755,-4.905182384717637,-4.9054270529755195,-4.905186159862954
2014-02-27,-5.04706293788351,-4.984017082639403,-5.003594726649164,-5.040127772994566,-5.003573184124157,-4.980684881450746,-5.029404439519875,-4.994342860490671,-5.018015754798476,-4.9836533770291815,-4.9899539120229806,-4.986356989231059,-4.990180556558554,-4.990721099933812,-4.990282970110507
2014-02-28,-5.086469314556656,-4.730942731219319,-4.852904544216031,-4.767198206314506,-4.753871082256926,-4.726976438106268,-4.9101064408301065,-4.735994532566915,-4.779350857462516,-4.737771109838539,-4.753210051988889,-4.743965276746339,-4.753104605830058,-4.754366159620611,-4.753801203962449
2014-03-03,-5.329133894580873,-4.647414031629833,-4.745957774627509,-4.703917548067809,-4.662243377336859,-4.636466948946735,-4.786368404762792,-4.656277287329974,-4.67085533524715,-4.649365072003521,-4.664665492637535,-4.6552152754604315,-4.664709188809744,-4.665988879155515,-4.665120544708678
2014-03-04,-5.187364081377674,-5.0339472467656545,-5.10022422728812,-5.069668723793588,-5.054906643992959,-5.025731199422568,-5.148667077150992,-5.038000543850279,-5.073697618556622,-5.044811513285103,-5.0469033787796835,-5.040628484221077,-5.046800189861445,-5.048337873161305,-5.04724967204208
2014-03-05,-5.0767444901184575,-5.10171176884014,-5.147959657065309,-5.137535639281139,-5.118227599315337,-5.09396166135218,-5.180985734716414,-5.107107325142708,-5.127418302350951,-5.106695323038715,-5.110759777440782,-5.105312415333199,-5.11075356295916,-5.1120889094756325,-5.111045896844865
2014-03-06,-4.848754311429671,-5.272998926140867,-5.281099264134475,-5.312026425041149,-5.290645332345272,-5.270233106444095,-5.311019805467605,-5.276092840018934,-5.305474642840724,-5.275425327890235,-5.276565748386196,-5.274352694696703,-5.276527145406682,-5.277758722952542,-5.276767081396646
2014-03-07,-4.825796936204395,-4.880378963349135,-4.999171146129599,-4.908061438141901,-4.904633359580776,-4.8819230556254825,-5.095767961669991,-4.877409573230294,-4.92959815014093,-4.884837845294832,-4.9047020215275685,-4.896120307333582,-4.904604802176153,-4.906092835417931,-4.905254485560605
2014-03-10,-4.795552028469019,-5.141600466980763,-5.235315234755316,-5.169626811790098,-5.154651749253805,-5.144481811961639,-5.300357219635272,-5.144810393014716,-5.170378158641358,-5.142202762323094,-5.160011453345489,-5.1496299771034355,-5.159721436923603,-5.161106320375563,-5.160465218605117
2014-03-11,-4.87417921972429,-4.97596405090671,-5.099468576109598,-5.006344882947544,-4.990281796329275,-4.968498883225897,-5.149083251631783,-4.979681928695104,-4.99722448059122,-4.976759984623647,-4.997476600103732,-4.990240821347847,-4.997474210886185,-4.997993556642051,-4.997933401938078
2014-03-12,-4.733488697409425,-4.9811981592380485,-5.096732106157076,-5.013476774800591,-4.988773697660245,-4.973289128946111,-5.134945675725921,-4.988794723954494,-4.99379338587274,-4.983154714292556,-4.999783095181716,-4.9912886781487735,-4.999615453405408,-5.000093637797282,-5.000203087113028
2014-03-13,-4.81709669180991,-4.769040588225866,-4.847691268838563,-4.797395749682737,-4.7783714901959415,-4.761738585263296,-4.8775539750295165,-4.772597407072551,-4.7811100455778375,-4.7708569302997,-4.782484158258421,-4.777558741924663,-4.782461302669022,-4.7824998106093055,-4.782785993214845
2014-03-14,-4.834952554589221,-4.769207102817718,-4.850776082543382,-4.808084892037847,-4.787631920284066,-4.767003256887986,-4.921287390505978,-4.769775337043097,-4.821261607992894,-4.769959532102842,-4.786499817803355,-4.775866726576947,-4.786342704149579,-4.786714943723247,-4.786985214953511
2014-03-17,-4.714869426182363,-4.897023137932056,-5.011710599745122,-4.9184092666939,-4.901853979870431,-4.891249158556304,-5.100241274061547,-4.895840465623922,-4.91799298869869,-4.899717618331722,-4.918616646725996,-4.909043652898804,-4.918645443225053,-4.9191140659793655,-4.9191167345438735
2014-03-18,-4.619901200118912,-5.033662781513308,-5.1431095034743715,-5.063077601632393,-5.046182895414492,-5.0262804237651935,-5.228063844834749,-5.036739657673279,-5.0649456890464135,-5.036235141585067,-5.054672272164823,-5.046169895476432,-5.05462877196854,-5.05456019808201,-5.055161611915802
2014-03-19,-4.701726800663791,-4.646584638842065,-4.764491537807521,-4.659252378999491,-4.675101781056024,-4.6451650428297695,-4.862375852187543,-4.6427975556186905,-4.6921361718247105,-4.648283407670899,-4.6705740268668885,-4.659593358373828,-4.6702991949181705,-4.669515842815171,-4.671053556636995
2014-03-20,-4.624634902219339,-4.8528932182171385,-4.923972348667399,-4.876651939078839,-4.875462302733632,-4.853453961053418,-5.007811234284336,-4.8530766042920135,-4.898300532251823,-4.853299607526162,-4.869794157605941,-4.860023788168077,-4.869597018818472,-4.8693751261784515,-4.870201426821045
2014-03-21,-4.687621505119308,-4.766017254969177,-4.856605659305141,-4.8040439952382075,-4.789761832443157,-4.759154983571353,-4.936632479974131,-4.769218602968532,-4.7931940484766296,-4.7656393758897515,-4.784809744197085,-4.776620061625501,-4.784627588757129,-4.783788352397744,-4.785185934732079
2014-03-24,-4.880396978304793,-4.656921483695934,-4.753037061959124,-4.7015701723757015,-4.67456608042474,-4.6554007235992,-4.82041005331845,-4.6600788282346,-4.708286021052842,-4.656287818805573,-4.675786025499829,-4.666062903992689,-4.675759937897123,-4.674682717532038,-4.676277028994698
2014-03-25,-5.037903286221716,-4.704491721241057,-4.84667840767561,-4.751137402633131,-4.714765757678203,-4.689741444285124,-4.909525609504068,-4.712752830272946,-4.728740678530824,-4.704199918557955,-4.728505238380553,-4.718721205605526,-4.728502690974206,-4.728242620493512,-4.729020898721827
2014-03-26,-5.243595649260977,-4.727558396145078,-4.822472057338205,-4.764411464384886,-4.7395741569695655,-4.711162828834806,-4.890503362375488,-4.727623449276687,-4.760218226404067,-4.726503872732514,-4.746276978587678,-4.736884733532024,-4.7462486999650055,-4.747069869064674,-4.746721814171066
2014-03-27,-5.5543153702489265,-4.642730349453563,-4.666117113048674,-4.704205069584444,-4.654431477943757,-4.629536209546823,-4.720152551115983,-4.648835383242727,-4.692152651325184,-4.64302087377263,-4.6509289833102585,-4.648104568193781,-4.651098602517933,-4.653058066734888,-4.651341681511544
2014-03-28,-5.307453277509263,-4.8292864344375,-4.880071736926017,-4.878896085156043,-4.8409435915568775,-4.8194262700176775,-4.947321319637309,-4.830925484376956,-4.875265043631436,-4.830176651855416,-4.841260934143348,-4.832861263691771,-4.840909607216013,-4.843420559300288,-4.841683090845175
2014-03-31,-4.965233651138453,-5.072817679288987,-5.0941649235177024,-5.1240802684927,-5.089161083563508,-5.056881953180421,-5.137795311091225,-5.0765761493749215,-5.119411889794653,-5.074500427798598,-5.079625463278708,-5.074062673324997,-5.079588703235413,-5.0814239225129905,-5.079949871995842
2014-04-01,-4.833637355692655,-5.128913076591033,-5.17704184739517,-5.181042506450175,-5.150504498693377,-5.11421485572132,-5.223078536694144,-5.132850643655262,-5.169603469570321,-5.129889970754938,-5.140315762867641,-5.133305868021234,-5.14019289755174,-5.1420795243729644,-5.140666655734446
2014-04-02,-4.770305339479622,-5.268153593599526,-5.2799318710626,-5.3345455062593,-5.280783691154085,-5.255158369040279,-5.321986764561737,-5.271253167947294,-5.319268287827769,-5.268465152633307,-5.273221523584429,-5.269364587126654,-5.273290236179225,-5.27434879239297,-5.273498087052604
2014-04-03,-4.520439377947505,-5.263887401111788,-5.270146829850749,-5.315211865733701,-5.279145392621529,-5.243277305688172,-5.278664743406139,-5.272602514952803,-5.281660784106796,-5.2648208534126555,-5.266571479867518,-5.265128557228024,-5.267920438741372,-5.266730265785614,-5.2666385979354065
2014-04-04,-4.4498095020125,-4.80695683708962,-4.829650340378341,-4.87521335354035,-4.814936451569726,-4.7838239816896175,-4.858771967325277,-4.818108406731335,-4.8347674016193025,-4.8066468571554495,-4.812933318794724,-4.8084300841549314,-4.812872464121042,-4.81318928593189,-4.813257157612179
2014-04-07,-4.514588139714394,-4.652264161705999,-4.687497730814721,-4.713198073958008,-4.656188559777304,-4.626554423910005,-4.720363140725084,-4.660419446149218,-4.688495207858628,-4.652105722643056,-4.65979955323198,-4.653814654982127,-4.659625995583907,-4.659761173509743,-4.660163986905807
2014-04-08,-4.22953759462262,-4.775557317736159,-4.744687401351176,-4.82858474636861,-4.782722927894484,-4.776703966315113,-4.7700384558464775,-4.7815226169212774,-4.81114683899403,-4.775565316934391,-4.773772969604569,-4.773858713642094,-4.7737634725368325,-4.773552945591024,-4.7739911783165425
2014-04-09,-4.196415690930033,-4.900786871377859,-4.907984405689638,-4.960770410773377,-4.921929690158475,-4.890292881737723,-4.937763825516067,-4.911011373568678,-4.952401932173251,-4.900726481021204,-4.905107994897495,-4.901784545750652,-4.905116448978866,-4.90455695598057,-4.905392527072412
2014-04-10,-4.340319711851576,-4.482115390733038,-4.544886087512233,-4.533576773074293,-4.493590280049518,-4.467955341214102,-4.57455927033699,-4.495039367798133,-4.5087201745712955,-4.481632005594687,-4.493048431681217,-4.486504724416271,-4.492862381587176,-4.49207630557863,-4.493412238199072
2014-04-11,-4.563832750742352,-4.449242518649193,-4.484240064668526,-4.501244957325898,-4.456304794077023,-4.4353578799574755,-4.515921963916494,-4.454867953403334,-4.488426485492788,-4.448833494123652,-4.456766282823,-4.451146234566318,-4.456778991716672,-4.455534448567718,-4.457116909940436
2014-04-14,-4.7213104129630175,-4.612608200780218,-4.6950657528496,-4.647664720877464,-4.620126988877211,-4.6015777044260116,-4.754962879294053,-4.617563035631868,-4.637574438125981,-4.612495541143941,-4.628036945460051,-4.619575261193647,-4.627866070045651,-4.627340459630167,-4.628424379149001
2014-04-15,-5.465262716034973,-4.205790330118916,-4.3231928206851835,-4.2511774777622096,-4.209358071629436,-4.201919239002952,-4.3818230278428105,-4.216355431958838,-4.215800635570937,-4.205847898475928,-4.226530175346166,-4.216603501715255,-4.226357502089281,-4.226078293772818,-4.226945387431182
2014-04-16,-5.492315242119322,-4.5848540615831626,-4.654302836613907,-4.628058222069851,-4.592308848020771,-4.5647181593234425,-4.693387748297316,-4.59130563163347,-4.610337825660428,-4.586377578471415,-4.596844736331606,-4.590446082319164,-4.59685420403581,-4.5976061096977485,-4.597194508784507
2014-04-17,-5.383366030772121,-4.732575459883331,-4.747186244816964,-4.7902202089722,-4.740317940308317,-4.7109758037557015,-4.761098114859729,-4.743442701440719,-4.748830440112485,-4.736641604263159,-4.735635699182082,-4.734388854326575,-4.735520649131556,-4.736899288910759,-4.73586078083184
2014-04-21,-4.909255597845444,-5.041771336323339,-5.034921175082392,-5.1046674399405925,-5.0506297246148115,-5.0225856697278495,-5.058516907823518,-5.058060021169138,-5.052786945114106,-5.047370683021296,-5.042641687697591,-5.041336858131977,-5.042520389630226,-5.04348608846032,-5.042868916501441
2014-04-22,-4.861056867241454,-5.1254751129566865,-5.098922437688503,-5.190918249182157,-5.138292213368671,-5.1237305529803026,-5.140027785360854,-5.135772171343563,-5.167273729055436,-5.126429510126657,-5.125473987030257,-5.125794237476633,-5.125613423753893,-5.12595922935483,-5.125758223469704
2014-04-23,-4.822773268305135,-5.237415133125408,-5.153267032465932,-5.326129609192389,-5.242373720685475,-5.236264773916683,-5.187003396040305,-5.256850693258724,-5.269430111367609,-5.237504844602895,-5.228668401014548,-5.234573853575959,-5.228667535474252,-5.22900211370374,-5.228843698394095
2014-04-24,-4.894162250423563,-4.973044870397735,-4.9272202983654765,-5.042444876035742,-4.975449868686059,-4.944810925299393,-4.942382585394658,-4.986289426979283,-4.9840711025445055,-4.971840294630851,-4.9683622350390815,-4.973097743218667,-4.968628889683266,-4.9684638930760405,-4.96849941096997
2014-04-25,-4.8912428648118516,-4.919527325606786,-4.939547178198428,-4.989077840804879,-4.923670630790972,-4.904760246499479,-4.979270577919675,-4.934488277357632,-4.954382796569443,-4.918363173265007,-4.925359147809807,-4.921684571234755,-4.92567880196621,-4.92600366903942,-4.925685742520869
2014-04-28,-5.2568447848830075,-4.553907127456445,-4.572721236677562,-4.619076325975811,-4.555701213052942,-4.544724611650491,-4.622780653650082,-4.566997242125606,-4.595214302094685,-4.5533327717599095,-4.560672882842797,-4.5550363402389795,-4.560433971612706,-4.561445807099164,-4.561076140728833
2014-04-29,-5.1992838536246655,-4.9882091337756735,-5.039117306666694,-5.066242472729517,-4.99146207111976,-4.964020375354366,-5.055629364321233,-5.013495154351815,-5.021184252204988,-4.988221197664523,-4.995901525845122,-4.991588246119168,-4.99607221418556,-4.996806896791813,-4.996251629527356
2014-04-30,-4.822656641573319,-4.953486757954259,-4.91125234008386,-5.01412665473999,-4.963043014500296,-4.937571828375539,-4.914833784940993,-4.962573623287582,-4.984024839485355,-4.953916932832881,-4.949059951643449,-4.953584943471332,-4.949449465628222,-4.949708907431425,-4.9491535427342646
2014-05-01,-4.725344415844831,-4.975415282801017,-4.9289343281389835,-5.047239785245445,-4.987401338669752,-4.967907591184472,-4.943958999514349,-4.986134564532112,-5.038117553177507,-4.975595653859924,-4.973063544932866,-4.975584980176272,-4.97327042674772,-4.973801494227074,-4.973275984907643
2014-05-02,-4.714816818005608,-4.7840221915218955,-4.840145613244604,-4.828691572600118,-4.796141599202058,-4.773212380278695,-4.894623509765717,-4.7863287400878125,-4.825820147596544,-4.783740349778115,-4.796637448266253,-4.789608982925943,-4.7970631740413525,-4.797375552578551,-4.796943634832009
2014-05-05,-4.7979588389950045,-5.01785989830862,-5.05973508038204,-5.064533537438675,-5.026583859969384,-5.012052378172943,-5.092033712768871,-5.028932195825982,-5.068583909781131,-5.017620791019179,-5.025796315283501,-5.019275262894649,-5.026114275702107,-5.026160585839786,-5.02615824429844
2014-05-06,-4.87395149899522,-4.962218574918345,-5.059947869421674,-5.003540498184248,-4.967176839335428,-4.951839242383374,-5.113740312538291,-4.969376503258846,-5.0038362316327785,-4.960582796277617,-4.978988873283119,-4.968924393844075,-4.9790772609945435,-4.979140389830925,-4.979429219679121
2014-05-07,-5.313267607081654,-4.512903695006164,-4.582214616931117,-4.554316589400912,-4.5163334574600675,-4.50051305982197,-4.626920780735021,-4.527534391362592,-4.544912561231482,-4.511188741165855,-4.525000755090557,-4.5165656921889905,-4.525097160436362,-4.52545056640477,-4.525405961715004
2014-05-08,-5.188777634246141,-4.71365343011951,-4.792151568237339,-4.75514985772133,-4.71657326454739,-4.697685787928786,-4.841278921089791,-4.723119104191572,-4.730957797069768,-4.71329814992885,-4.72737626638886,-4.719511353301829,-4.72735604682637,-4.7288007289515255,-4.72776910866832
2014-05-09,-5.291391123101178,-4.715218135979756,-4.809824530459901,-4.777328712482866,-4.715478656726491,-4.685844841571506,-4.880322317033776,-4.728690231430616,-4.731129846792476,-4.715590705920429,-4.7320639818574985,-4.720467932497813,-4.731855882071936,-4.733956662788263,-4.732499177841272
2014-05-12,-5.245120007331133,-5.288116047252919,-5.2418604278534175,-5.342782385931588,-5.295629884002763,-5.278337496374096,-5.26577348936557,-5.30565607353608,-5.332891164119417,-5.290136532171007,-5.284485864650745,-5.28643794505036,-5.284565786080412,-5.285463911352376,-5.284603221484646
2014-05-13,-5.13340702248799,-5.1399839235349685,-5.226586368444253,-5.182218765023933,-5.14276096487526,-5.120130824765641,-5.277014221001824,-5.150943511937668,-5.1547474256942,-5.140535406443351,-5.155099228423832,-5.147086923565041,-5.155216858325512,-5.156949097702701,-5.15546089570092
2014-05-14,-5.1348504050637445,-5.181680540529083,-5.257363980643182,-5.217516134276672,-5.186326321424786,-5.164038433345891,-5.314663818923504,-5.1878087331513,-5.202957008434103,-5.182269355957406,-5.19484233346721,-5.186982704226695,-5.194734367898139,-5.196489097487601,-5.195234082564076
2014-05-15,-5.50296903671775,-4.774144197128725,-4.85443934181438,-4.818076261108533,-4.775500916063496,-4.759289848403383,-4.892493920389438,-4.790643015230393,-4.782202120750482,-4.775668958221784,-4.786219783524868,-4.779142043070722,-4.786269319338849,-4.78752057666672,-4.786521120896708
2014-05-16,-5.777372837591991,-5.062897879925628,-5.1475303927080125,-5.109645199854517,-5.069234697314943,-5.042841303553757,-5.2025006693436024,-5.072821997133878,-5.0849135346763585,-5.065920821720642,-5.076740230863961,-5.069873193916289,-5.076929523671883,-5.078264338299667,-5.077080310399375
2014-05-19,-5.853563220412281,-5.298704483221523,-5.3272694184661304,-5.346380890014983,-5.308118695333668,-5.291907113051829,-5.378116549454556,-5.307237461422216,-5.332029581192099,-5.302104075476386,-5.305982423243894,-5.30136891684891,-5.305882976136711,-5.307280766653675,-5.306259258085262
2014-05-20,-6.157865808357989,-5.030290557262416,-5.1045688084781915,-5.070008056942067,-5.036109760484741,-5.016920840506219,-5.169718916050994,-5.038317294575708,-5.070963126678438,-5.0327501814811155,-5.043824255544915,-5.034562465611976,-5.043612785670651,-5.045839824344416,-5.044283167878032
2014-05-21,-6.307495678449596,-5.183821092289476,-5.266568942695996,-5.215831436890254,-5.187665494831331,-5.175345163442814,-5.332902097670125,-5.1943580204173045,-5.217710317769671,-5.188607760832293,-5.197810562051689,-5.190312778102424,-5.197967419223972,-5.199703519844128,-5.198249281305574
2014-05-22,-6.388055476062572,-5.356021195883597,-5.434407985352861,-5.42579698330444,-5.361794058764405,-5.343505725354537,-5.508861846236012,-5.375436032875928,-5.38839969595473,-5.3625129070783455,-5.3721521790994125,-5.3634637035310835,-5.371924267124066,-5.373555492367659,-5.372508337132627
2014-05-23,-6.106058802862664,-5.806446802728717,-5.710283342684592,-5.872798492246352,-5.8108595645350745,-5.797759120120383,-5.718028441904663,-5.8295124742836215,-5.818685180332498,-5.811796696569985,-5.797627199765178,-5.8024398223997835,-5.798116910367659,-5.797758294199606,-5.797480488400957
2014-05-27,-6.019181446015255,-5.652484865846844,-5.647752129016447,-5.700989318921196,-5.661329848576583,-5.65101628139309,-5.69972357666463,-5.662252242977452,-5.680275416377591,-5.654264102471884,-5.6571212433303995,-5.653346898349136,-5.65685783431506,-5.658038844053111,-5.657313560202218
2014-05-28,-6.048986739995953,-5.656764230048195,-5.651422230955397,-5.707489929375429,-5.660171294450654,-5.6400719396656624,-5.692925535450311,-5.678005128810733,-5.677021221780565,-5.662367076479925,-5.658619449515684,-5.657404201996681,-5.6586601446302005,-5.659634762011603,-5.658818383479417
2014-05-29,-5.90508752416602,-5.725157631832411,-5.75860692560362,-5.766333585013946,-5.732517432493423,-5.713985193013212,-5.7993963371515,-5.743057839609776,-5.735569803460453,-5.729366002501241,-5.732653327237255,-5.7288206165058835,-5.73285631953097,-5.733678728392358,-5.732853676068496
2014-05-30,-5.968788395308738,-5.751786664291216,-5.794163251209992,-5.800012998045479,-5.762043829561264,-5.744629921090175,-5.863338195081231,-5.760913046302845,-5.80194427241811,-5.757740691996736,-5.762613251125937,-5.756684705877751,-5.762372989426327,-5.764035736305122,-5.762941154424198
2014-06-02,-6.106030342427182,-5.50678032475465,-5.558120740205558,-5.544885605650525,-5.514619239830626,-5.4960400684333734,-5.614604920755997,-5.515549323964113,-5.5334717942957115,-5.515446634017161,-5.517124411095188,-5.510060084616753,-5.516903788178855,-5.518212176425335,-5.517389427965894
2014-06-03,-6.200355020349782,-5.600170485925816,-5.670749776780328,-5.606913864688175,-5.607302302864426,-5.587047195355333,-5.738678141813766,-5.595388405327236,-5.6212732460078625,-5.604697239210913,-5.612951367566533,-5.606650434085454,-5.613060182922944,-5.614563128672157,-5.613324090000818
2014-06-04,-6.137666525700782,-5.758928987062681,-5.787598761610742,-5.781867139845958,-5.766773747357285,-5.754632104145312,-5.837335433576406,-5.752839068668028,-5.773689476410229,-5.758891642274724,-5.766327740373302,-5.760880269645591,-5.766256440558976,-5.767291570529701,-5.766549408724892
2014-06-05,-6.127666237773403,-5.458624475541733,-5.535997454811453,-5.470265989249476,-5.464931965374709,-5.4520346477258395,-5.566325224010759,-5.457715403109085,-5.467478133988369,-5.44488838744231,-5.469721243050807,-5.462084710796875,-5.469676046772587,-5.471187833881564,-5.4700440503166705
2014-06-06,-5.854441834968291,-5.854562087883794,-5.812059113135868,-5.8719045375068,-5.861948574908005,-5.844522251438271,-5.840361570955407,-5.853516055669551,-5.882493110689445,-5.857372018044164,-5.850952538578142,-5.853688615607391,-5.85115349710271,-5.851694369082303,-5.8509776674494915
2014-06-09,-5.729377332679807,-5.788510012523318,-5.791578956700725,-5.8010511809749925,-5.799879285970763,-5.7804308546139405,-5.801917028624175,-5.79414214180303,-5.834023799527535,-5.787201016227652,-5.78963278201287,-5.788899981521741,-5.790316109609318,-5.790591945483887,-5.789836849520861
2014-06-10,-5.614303986496359,-5.912516903842379,-5.888254869210162,-5.936054989564719,-5.9248412099621,-5.902541641540356,-5.890553403894837,-5.920231693048228,-5.95805947585851,-5.904662004005722,-5.909753666349258,-5.91199050549213,-5.909928253181255,-5.910611230759962,-5.909905589696837
2014-06-11,-5.518033343573709,-5.7871406216613455,-5.84043023494102,-5.786081976198277,-5.7990784056315485,-5.769454547008091,-5.839821638522948,-5.786707304672383,-5.815684739412493,-5.797096322865305,-5.7935365031064725,-5.790462503811168,-5.794266775114857,-5.794440307098813,-5.7937443184620685
2014-06-12,-5.607816482762465,-5.6037490242170325,-5.637138337461896,-5.634247945405317,-5.616109660425352,-5.598073631263202,-5.6738312758871166,-5.6171131765977975,-5.620826228978676,-5.607173085223412,-5.610883869399286,-5.605930694949201,-5.610908580767805,-5.611366385679879,-5.6110934663423135
2014-06-13,-5.836025000718406,-5.474869726621297,-5.564756143376481,-5.471101818572186,-5.486585667512324,-5.455675308981786,-5.601369135622793,-5.4689172447926895,-5.49479080711074,-5.488630952662059,-5.488011761333009,-5.482310334655008,-5.488189233088739,-5.4888884587059215,-5.488293611427839
2014-06-16,-6.017725517645228,-5.499560741872434,-5.555401370760499,-5.511693782881277,-5.517337736528269,-5.47540428559595,-5.623398474827293,-5.473406657958437,-5.533138686149299,-5.509867995455986,-5.512551181747341,-5.505224497037441,-5.513004349939379,-5.5136262577864015,-5.512841861269787
2014-06-17,-5.998336069080511,-5.530596971475936,-5.529854331237519,-5.515726294902618,-5.539380784433537,-5.528189930615774,-5.581564278984594,-5.5099830980334685,-5.562399274835165,-5.537036680028656,-5.534488049326254,-5.531811445886013,-5.534314901407921,-5.535854860970661,-5.534682783564567
2014-06-18,-6.083470658912828,-5.459933165965301,-5.49611855435284,-5.459474592042863,-5.482184058298129,-5.449223594330645,-5.568794349752784,-5.44711885117115,-5.503794054571694,-5.475820044820171,-5.470323435182064,-5.465843343184348,-5.470305268265612,-5.471671530371726,-5.4706087320590475
2014-06-19,-5.775618786737985,-5.6788593862236745,-5.679337431661789,-5.688114064722472,-5.696087050034525,-5.670403653512202,-5.728677903089528,-5.66805403819552,-5.701030962977704,-5.680752444275323,-5.683701994152468,-5.680585087681081,-5.683679056390275,-5.684697074054456,-5.6838521693977135
2014-06-20,-5.701861270787846,-6.053822111380654,-5.956785654646029,-6.077630921694199,-6.069955255974055,-6.041856834679114,-5.972813215029824,-6.057480280192086,-6.069844172982022,-6.062396043277683,-6.044566075302529,-6.05047174407656,-6.044721239327076,-6.044603027176696,-6.044423597455477
2014-06-23,-5.6971933166393205,-5.964128842156805,-5.917725575927029,-5.976536348626395,-5.976244359802518,-5.954609442100759,-5.9477489064157885,-5.970568602492589,-6.00061967566253,-5.9722591012514314,-5.959726899068088,-5.961752642248969,-5.959893646573381,-5.960404655851601,-5.959800180736015
2014-06-24,-5.796951159635565,-5.651131753572484,-5.688210218913157,-5.6517851222040605,-5.648174585124944,-5.633705862413113,-5.701926536699764,-5.658967023115682,-5.619919295673982,-5.669022633353782,-5.655590034603954,-5.652481050545768,-5.655636750479798,-5.6561069243030415,-5.655655560292651
2014-06-25,-5.916072556876018,-5.718873382299763,-5.641396067172959,-5.739440769784917,-5.72451561839106,-5.70755959868053,-5.629509343803296,-5.742716922819767,-5.708990013684241,-5.7464214363364015,-5.709281479601784,-5.717493478436993,-5.709961273596771,-5.708934493253503,-5.7090760022618925
2014-06-26,-6.32463143510126,-5.395848009657,-5.530465489924582,-5.389125659601099,-5.397038164594136,-5.394407057768413,-5.577619133164008,-5.403094818322034,-5.3799276508552465,-5.413596373962508,-5.41326530024387,-5.406463359344377,-5.413287115569255,-5.414850603725191,-5.413640460369131
2014-06-27,-6.376512597118601,-5.724665805419336,-5.7147878903088865,-5.729809917412343,-5.7338644424498835,-5.712235736193842,-5.731968523286611,-5.725589074672909,-5.736022187183696,-5.740695970991367,-5.7248536120054885,-5.725140939406088,-5.724772436448273,-5.725549096594297,-5.724870860213942
2014-06-30,-6.049772736144842,-5.83065563534238,-5.767520840711745,-5.8531343604569,-5.846484161477072,-5.829030580089046,-5.79861904692468,-5.837788057268564,-5.878511628180778,-5.849886657025965,-5.826510437791637,-5.8298630980009305,-5.826583249650426,-5.827054727763143,-5.826516177416606
2014-07-01,-5.9715953438648475,-5.746254007245939,-5.7064506843984,-5.773192432381371,-5.758964839649567,-5.7373956792571645,-5.744206615988103,-5.754709455605132,-5.8003883630392385,-5.754698614741354,-5.744898280956289,-5.745705766842798,-5.744986352329966,-5.746048321666883,-5.74511575885988
2014-07-02,-5.800638494088183,-5.914831620332148,-5.8230724336093065,-5.923839995515535,-5.930542630418732,-5.90394414643814,-5.852789512542153,-5.91269789963788,-5.961311739451298,-5.935941633106458,-5.906616504720902,-5.910820745211046,-5.906632965683397,-5.907049038195554,-5.9065363375845195
2014-07-03,-5.7663086737115075,-5.950382339775131,-5.914253907782044,-5.969465522186737,-5.970439694688925,-5.939632325011065,-5.937785706873777,-5.962254514924915,-5.974506582213289,-5.948980610556216,-5.947314545232801,-5.950677074568323,-5.947587717472486,-5.948133808034467,-5.947410507761077
2014-07-07,-5.807821631801854,-6.002731659096177,-5.971674199042728,-6.027170602566683,-6.013425514879416,-5.98982220711631,-5.989250963162364,-6.013146700001051,-6.031312380523482,-6.006491385006382,-6.000344056235704,-6.002814431368457,-6.000420304357032,-6.001033267139961,-6.000439215387702
2014-07-08,-5.579339396906395,-5.574167449600582,-5.589048978237524,-5.578208738767246,-5.579371811774847,-5.5618088782915445,-5.599026480016727,-5.579202549211521,-5.589003813997763,-5.580270120739555,-5.576508430171474,-5.574838973398998,-5.576532872640414,-5.577016205024129,-5.576626671192976
2014-07-09,-5.652505532044761,-5.677568334969211,-5.6931436246979175,-5.694102402225118,-5.6915351075171285,-5.6626965642354365,-5.729594653014447,-5.675909441496533,-5.712764752019633,-5.685814760991189,-5.682620653988842,-5.679930847579971,-5.6826566761393265,-5.683702645808119,-5.6828547606168485
2014-07-10,-5.343130820321409,-5.5598995257690325,-5.53775500126181,-5.568874522276136,-5.563781227227969,-5.541796256101474,-5.5335443520031005,-5.5656459624010175,-5.565533961571813,-5.577918960938652,-5.55614589689398,-5.558308890276557,-5.556197222682992,-5.556313505362817,-5.55608813077748
2014-07-11,-5.319950151200824,-5.692879885029467,-5.719592380227094,-5.682093732432646,-5.696657964100895,-5.686486149185003,-5.752544169564374,-5.694215795995731,-5.703705243606955,-5.7026806722715655,-5.696262842541639,-5.694789209282861,-5.696247183955207,-5.697051315583985,-5.696432069306227
2014-07-14,-5.264147195901934,-5.980205112567743,-5.911363123917904,-5.997423785190108,-5.992019447308131,-5.960279808934423,-5.915603893382502,-5.993138808992037,-6.010397388986324,-6.002799019044876,-5.973210658441867,-5.977643116454295,-5.9735245346436425,-5.973381585289507,-5.973176133460302
2014-07-15,-5.553943823060968,-5.228401685277191,-5.406836089864439,-5.246191724407643,-5.2321093241140115,-5.201382194299951,-5.467586281626286,-5.235750821491735,-5.221317508483777,-5.24530186731106,-5.252111438522007,-5.24195952063973,-5.25201334101199,-5.252659330482094,-5.252615297385212
2014-07-16,-5.553664917373138,-5.7448328626801555,-5.648624050606085,-5.769628797960935,-5.74984490283366,-5.73849887020137,-5.651709356013673,-5.749461559757512,-5.7605877426563685,-5.7574739004889315,-5.735465098164508,-5.741832158386695,-5.73566456688827,-5.7353675361884715,-5.735310069052886
2014-07-17,-6.116956148679054,-5.102134325401213,-5.255732766769532,-5.115248492772186,-5.108256975596696,-5.0808569174150415,-5.316298959606022,-5.101185502766691,-5.106087521612706,-5.120478029783054,-5.122906022625895,-5.115002275375845,-5.1230646973965115,-5.123556602417274,-5.123334297823979
2014-07-18,-6.080123193691978,-5.479266804647166,-5.5358652900930165,-5.484292006963216,-5.486896126417992,-5.4555101052649855,-5.562750443894293,-5.469544139569863,-5.475188898249689,-5.503722285685774,-5.487096585965499,-5.482147749290666,-5.4871924701942065,-5.487919625501523,-5.487188979406358
2014-07-21,-5.8988536039230715,-5.535088635653399,-5.621580044360437,-5.557480310448039,-5.540570325631767,-5.517600864124488,-5.655312912450075,-5.539938260034207,-5.537892160368179,-5.560984823362425,-5.5472530110210245,-5.541429749872629,-5.5473944272979505,-5.548254989162415,-5.547458970301277
2014-07-22,-5.587620517234842,-5.652221792390211,-5.691700558322553,-5.678387375306828,-5.6552634337764855,-5.634007318852434,-5.703436447715432,-5.667149156382145,-5.656080451776198,-5.668374956352103,-5.656452124157299,-5.655464692894542,-5.656426033859739,-5.657459477071659,-5.656681887422819
2014-07-23,-5.230307982487252,-5.702261933160424,-5.707021233871574,-5.737582154985415,-5.7032630474664066,-5.681960056453039,-5.708092683200785,-5.719534360043677,-5.71717997652307,-5.729117450566517,-5.700919272494942,-5.704237524349936,-5.701557945437842,-5.701475223597955,-5.701043662084127
2014-07-24,-4.9344779321919905,-5.846376506742356,-5.744967432855899,-5.891938027557172,-5.850047404409427,-5.817085296742597,-5.72070305216117,-5.856877508320525,-5.875414356880981,-5.864526227097191,-5.83369378450606,-5.844027298303878,-5.834599622993771,-5.832764449311464,-5.833506013787737
2014-07-25,-4.655142251267938,-5.652220681362948,-5.74244188940231,-5.676368360031056,-5.6595283301929,-5.6355457194072685,-5.752656132056122,-5.655059265929835,-5.680855646514955,-5.664812754937537,-5.661931749615107,-5.659565921361521,-5.662059100333129,-5.661590495019649,-5.662161478775623
2014-07-28,-4.65242723889961,-5.492183855650866,-5.590087520640864,-5.512569764461883,-5.498695116711978,-5.470881887289166,-5.602942707650907,-5.495121981698971,-5.493413862005274,-5.493203255678075,-5.503879285266543,-5.49809903658409,-5.503785113962682,-5.503426458092713,-5.50405583779337
2014-07-29,-4.524732071939127,-5.271773198415494,-5.438237587009581,-5.261376567526802,-5.281707677599741,-5.24656077526213,-5.436983948251763,-5.239432161910404,-5.285427995764682,-5.2756091693321485,-5.290420551858485,-5.288166332593082,-5.290602495482474,-5.2899254058022525,-5.290609187473697
2014-07-30,-4.5487732427851535,-5.0471373461125735,-5.154468089100967,-5.059925956914278,-5.060192756590004,-5.036560480692261,-5.157724599419671,-5.0612582122291165,-5.065862806724509,-5.0527993753532,-5.059544083302768,-5.057324590074035,-5.059793544982213,-5.0592593158276165,-5.059750591705984
2014-07-31,-4.558433740160609,-4.899625689788727,-4.953954416590926,-4.945756986009476,-4.904366456714827,-4.883780502020188,-4.95988658235251,-4.935606403274319,-4.895802122414992,-4.9077939511031925,-4.906406484003644,-4.905194084346581,-4.906783092019166,-4.9063562803979615,-4.906496917641906
2014-08-01,-4.716085256857697,-4.695139857805825,-4.7680598695591625,-4.723907842937531,-4.700363837017059,-4.680996877814012,-4.771723491261209,-4.737901984698408,-4.710492607019777,-4.705789758886082,-4.702833751603187,-4.6995691203128365,-4.7033959195807835,-4.702527501893325,-4.703053254952172
2014-08-04,-4.75556651392065,-5.035615707846944,-5.105342127485107,-5.0740195878019225,-5.043158198337723,-5.0279678366890295,-5.161462972332138,-5.063682746526163,-5.036677277908896,-5.042616481660172,-5.048342939585177,-5.043188715202129,-5.048382167651209,-5.048341511153927,-5.048574127791447
2014-08-05,-4.914526747743662,-4.6514778088602045,-4.743174555161266,-4.686662375522842,-4.653716568044247,-4.63774057079746,-4.785014636204006,-4.678780494635143,-4.64248784645371,-4.653488462299506,-4.663351078473646,-4.656941164065879,-4.663343938571236,-4.663128248107346,-4.663666955659861
2014-08-06,-5.097988572547277,-4.78782299510826,-4.913208353430807,-4.84188462970367,-4.792196547595881,-4.76510326796324,-4.968331321531436,-4.827997967206719,-4.777682361664016,-4.790472297126462,-4.805151921359654,-4.797507955699542,-4.805284086404866,-4.805288879394717,-4.805548073169848
2014-08-07,-5.452071886421243,-4.7153105335351455,-4.912632152410059,-4.74140354623184,-4.718552428389464,-4.705364245713592,-4.977782939297514,-4.730496242736171,-4.702776666450488,-4.7171934699853395,-4.740514313633608,-4.731019233319131,-4.740448676897315,-4.7408845570757165,-4.740954191396778
2014-08-08,-5.007090012597773,-4.864131629931404,-5.144124054883232,-4.892954592724081,-4.867825214333697,-4.854737460961359,-5.243766065842533,-4.882259718579066,-4.873632492265398,-4.86829124527156,-4.900599887755844,-4.88755361557647,-4.900392268285058,-4.901645318124498,-4.901293241820147
2014-08-11,-5.059196458125676,-5.142907079800544,-5.349003433472881,-5.171547318309481,-5.14560726892917,-5.124742455015117,-5.412097423671086,-5.167681808882825,-5.151955616953568,-5.145960313225126,-5.168837572727713,-5.159877043786098,-5.168962370184564,-5.169755716634263,-5.169307056101942
2014-08-12,-5.283784836722262,-4.908911792497686,-5.222807693076849,-4.929026844794485,-4.910605909640006,-4.887231790470618,-5.318183637984426,-4.932253859067781,-4.908303074622308,-4.915590212466604,-4.946952265403694,-4.936401037516773,-4.946691461912227,-4.947947627987436,-4.947644381052127
2014-08-13,-5.277008714545822,-5.299975814734739,-5.492869823804983,-5.335273079942446,-5.301849267993764,-5.283090406398566,-5.554976894861411,-5.328540431998489,-5.304717074109025,-5.303381556913407,-5.324552942222346,-5.31448654312501,-5.324366807458984,-5.325697024180351,-5.325034079505539
2014-08-14,-5.276929765130204,-5.567382541614913,-5.68905427297611,-5.612766449776489,-5.568797483336031,-5.538262057333833,-5.72604793150007,-5.592323494554405,-5.5581796764929345,-5.575534153582142,-5.583324853797689,-5.576449917848209,-5.5832580049597516,-5.584420403773608,-5.58357521839219
2014-08-15,-6.180086258370263,-4.615873037829223,-4.927543719591316,-4.64210612269945,-4.6183080167627235,-4.592396814969953,-5.051940329980985,-4.624135044172343,-4.626808628055313,-4.625046401559175,-4.6569785392091365,-4.6485628629438,-4.6567280624941025,-4.6578921923268615,-4.657671345049351
2014-08-18,-6.181660601821632,-5.450606158333281,-5.5821101337801045,-5.47733407224197,-5.451598344252416,-5.439972849204713,-5.611958234741355,-5.473035078283567,-5.440228096485738,-5.461305431110343,-5.466690946889212,-5.460908516653358,-5.466955031079163,-5.467412034233522,-5.466875474860946
2014-08-19,-6.153679921447675,-5.640558878634426,-5.711102367914132,-5.685977899967532,-5.642083111745235,-5.626964933108934,-5.747144942592932,-5.664382683537425,-5.643544129341202,-5.64633976933036,-5.651460302514764,-5.646310676917411,-5.651497800694122,-5.652287584180035,-5.651644451399594
2014-08-20,-6.286230516361847,-5.329696335304202,-5.566020050617568,-5.386492073659373,-5.331676313363911,-5.321734820419349,-5.649855071432943,-5.358171709186212,-5.339023450265346,-5.334763734520399,-5.361681135166754,-5.350420067211009,-5.3616497514573105,-5.363276500714422,-5.362223686602638
2014-08-21,-6.244224187684289,-5.514278144371959,-5.592574549459493,-5.5545529405807,-5.515855795794675,-5.509315573917966,-5.663810314997267,-5.534941592169455,-5.522671696056033,-5.518524265661793,-5.528017958042931,-5.52021199209546,-5.528020060574241,-5.529202949846568,-5.528312854179717
2014-08-22,-6.520080827243089,-5.421631512461799,-5.62913216202756,-5.453016213793906,-5.424907197740666,-5.413617784634583,-5.71862978743546,-5.4452713134743025,-5.433088810042312,-5.424844116714036,-5.450791414422128,-5.439570361554857,-5.450684371044264,-5.452817622137241,-5.451380306843957
2014-08-25,-6.327539586504874,-5.779279523701035,-5.90233954875964,-5.812494708650182,-5.78180044589935,-5.772163191944934,-5.976409503184399,-5.8001681611063445,-5.793074416142179,-5.784152211631394,-5.798499210440042,-5.790773710471827,-5.798233371901672,-5.799937786612425,-5.798910390065738
2014-08-26,-6.22096787514822,-5.81114480776132,-5.929468384383787,-5.859219521745897,-5.814422502125408,-5.801677556050832,-5.971155404587319,-5.846480107820906,-5.80984100539819,-5.81747341478852,-5.8288800315131795,-5.8231473309926045,-5.828908285103253,-5.830095375881311,-5.829180064232534
2014-08-27,-5.974851782783777,-5.851476423778822,-5.977794785128421,-5.905344910622787,-5.8548867546144585,-5.829180975805796,-6.006265534346754,-5.898283834727407,-5.852225555913416,-5.8681218426100035,-5.86772684701394,-5.860391050669156,-5.868161522465346,-5.8690260451432,-5.868047992334288
2014-08-28,-5.7935580019501085,-5.729339645783047,-5.885169682071275,-5.775403454319027,-5.732901414426947,-5.716307423366003,-5.973987034006704,-5.753668470462977,-5.743557768960657,-5.730927815872507,-5.753505441600909,-5.743965352107461,-5.7532752752693135,-5.755343707897575,-5.754040560374191
2014-08-29,-5.698439549972902,-5.830427931029487,-6.0391597409318045,-5.8747048471468375,-5.833225881808952,-5.808096211964128,-6.090337582466407,-5.869540850197145,-5.832063347646293,-5.837110457068465,-5.856659321880651,-5.848059362330842,-5.856659215477886,-5.8584592071974235,-5.8571767090479545
2014-09-02,-5.56447370373123,-5.640656411686759,-5.701796918149122,-5.699698527784696,-5.645790658807885,-5.628924371062266,-5.756946851031607,-5.679823215802025,-5.650424185572697,-5.646372873861544,-5.651766838783449,-5.647338425955692,-5.652198029321388,-5.652870269170296,-5.652048558501989
2014-09-03,-5.368709889953886,-5.725295086913649,-5.858571125240529,-5.749166755732722,-5.728085998040981,-5.715863951006173,-5.8932419688441815,-5.742031805382285,-5.725923752059382,-5.7336392855239415,-5.742073126744264,-5.735400374555155,-5.7421508321212,-5.743073825118201,-5.742364450016113
2014-09-04,-5.380062201632005,-5.473717368151063,-5.642594691853582,-5.501294483569604,-5.474985809935189,-5.448871105113823,-5.671165023405724,-5.496385628724466,-5.462674130710541,-5.484683296634264,-5.4945965177791365,-5.486109616148579,-5.494541457888085,-5.49578146558111,-5.494923740758499
2014-09-05,-5.323167098448776,-5.4228951668656205,-5.567652743677536,-5.435273271323393,-5.425362675140726,-5.405031156582984,-5.599390917444577,-5.433930284339783,-5.426375658807747,-5.423610580475022,-5.440776937494643,-5.432920573749537,-5.440667735986012,-5.441559809634534,-5.4411191785685284
2014-09-08,-5.306818675374848,-5.498615390038044,-5.621992664440433,-5.533143780924658,-5.501827237219564,-5.48374494781793,-5.675345542556623,-5.518100679167537,-5.504681102639161,-5.5075078379282765,-5.516462912291145,-5.509162490694571,-5.516567723779627,-5.51726065292854,-5.516785751206412
2014-09-09,-5.335338277417941,-5.328696925031715,-5.512298212646793,-5.3398277265130805,-5.330915097243482,-5.323055978966866,-5.577959541424248,-5.337114414235565,-5.333663606750818,-5.333966928096861,-5.353403437896913,-5.343855292359393,-5.353193977452782,-5.354414944650674,-5.353870665449865
2014-09-10,-5.248495883112012,-5.2218358516747285,-5.398177947958455,-5.217040219045574,-5.223538533053846,-5.215310309276298,-5.415660025422816,-5.22814438978367,-5.217393399585698,-5.226118057478333,-5.241884212545983,-5.235938857836043,-5.241777666190867,-5.242650312407877,-5.242226620527417
2014-09-11,-5.303289006298918,-5.388427249669255,-5.557676403964143,-5.382369565610311,-5.3902343080766055,-5.377358961061695,-5.570859517926777,-5.388468930540167,-5.376739495111724,-5.394514215062328,-5.408707173673832,-5.401330982805442,-5.408636381796148,-5.409457497913362,-5.408961777399013
2014-09-12,-5.40170711764157,-5.246582355077384,-5.404467743473439,-5.241500268231059,-5.249669424726864,-5.247362779811774,-5.454685967758735,-5.246903235695406,-5.273411017293459,-5.261234794843756,-5.267976830409477,-5.261677816944076,-5.268014080749295,-5.268694932445136,-5.268384559547904
2014-09-15,-5.388730291694224,-5.373242597095314,-5.503939459740686,-5.38035365456662,-5.375215950112365,-5.359354641759114,-5.485697783208088,-5.370521089616599,-5.369285467002054,-5.392491288613517,-5.387288651419045,-5.383591220513011,-5.38751925268679,-5.387883278861349,-5.3873831089637845
2014-09-16,-5.38575384169277,-5.302176067885539,-5.437045102984157,-5.301443934986443,-5.304584111328103,-5.2885687417448,-5.436650300645142,-5.2930956306671355,-5.310194724073105,-5.314907407659125,-5.317922544654181,-5.3140063358156375,-5.317884680008686,-5.3185145649117,-5.318072550405071
2014-09-17,-5.569804759277508,-5.121362955285429,-5.14812960974082,-5.123629067689428,-5.123570377466842,-5.123929253149306,-5.162932490813697,-5.1057155478619585,-5.12687587739371,-5.126445973384317,-5.126267361944431,-5.123434705829443,-5.126034112632324,-5.12667963239389,-5.126283441493776
2014-09-18,-5.301386900870652,-5.538050967078115,-5.595030157987363,-5.522534345134483,-5.540442993712186,-5.548337290050108,-5.584563581183337,-5.503842950442233,-5.526463950829762,-5.53302749980988,-5.545612064107497,-5.543371988864166,-5.545563626349694,-5.54681206754861,-5.545647826062602
2014-09-19,-5.151645141345926,-5.442733254137201,-5.49907555186605,-5.444945476236801,-5.443564591520516,-5.430279660357481,-5.495070249856439,-5.444907488761156,-5.429909530548441,-5.445967366509304,-5.448455182981139,-5.446638162714533,-5.448864412207517,-5.449102834228294,-5.448587767414781
2014-09-22,-5.028392937499401,-5.380404704030657,-5.506314619994849,-5.394924390534448,-5.380510662598491,-5.366965494470036,-5.505602501583808,-5.4003181460447935,-5.37597805072441,-5.392731989223479,-5.394833622881674,-5.389227125424862,-5.3949413827714165,-5.395312660370231,-5.395058540751317
2014-09-23,-4.886668779334566,-5.318883728592247,-5.460390542076156,-5.327451582037566,-5.319700023786434,-5.299612650312067,-5.467746082209115,-5.337617804511336,-5.319665214837879,-5.323509567329088,-5.334422202582843,-5.3307032296660415,-5.334642536169282,-5.334652525783863,-5.334729372681181
2014-09-24,-4.6730815368342755,-5.365858759030693,-5.4998643919374715,-5.367827092541401,-5.366210263075351,-5.357795685273989,-5.478424392838221,-5.370892009479673,-5.354659784048153,-5.386676446793424,-5.379566414571121,-5.37585211282485,-5.3798300486278965,-5.379376293678396,-5.379676264897921
2014-09-25,-4.575114037862023,-5.095631881830345,-5.243835153470029,-5.09849558250207,-5.096112367098743,-5.080089240606003,-5.27128465589208,-5.1047735019620495,-5.0955661844889715,-5.11104543995213,-5.112138830689467,-5.106043991573475,-5.112071265758473,-5.111435305273948,-5.11239942816829
2014-09-26,-4.574598725784741,-5.068824545807553,-5.264850823335116,-5.101721441372983,-5.070058773842811,-5.05925936818258,-5.314024433084064,-5.094487281621316,-5.0709404667748545,-5.084266290834106,-5.093471259962536,-5.085633412969512,-5.093308766462089,-5.092256619635788,-5.093874641599636
2014-09-29,-4.555890105320188,-5.000712281282427,-5.184586485727153,-5.029721056119189,-5.000771200894039,-4.978999756708087,-5.222114390125366,-5.012542834137076,-4.996880028809035,-5.017734976075972,-5.02270625622177,-5.017833432300073,-5.022543205173848,-5.021099788148538,-5.0230296686732006
2014-09-30,-4.494918257724956,-4.874923734625383,-5.064675604073763,-4.8968493324930895,-4.874651364541777,-4.853152053789198,-5.119253491786848,-4.871125969014684,-4.866758924303159,-4.88820204500127,-4.899233694278805,-4.890932094972187,-4.899040751384824,-4.897222364374452,-4.899528214324606
2014-10-01,-4.353777179544704,-4.681103662077603,-4.840417149201214,-4.708632308212475,-4.680931429160087,-4.648394000016906,-4.878159820844454,-4.67326996915213,-4.670230900975798,-4.685524722194716,-4.701416481104572,-4.693298736547387,-4.701383390879599,-4.699551579795022,-4.701668091369304
2014-10-02,-4.180404773191534,-4.649181521767919,-4.7535205397312135,-4.683369375117908,-4.649110623252068,-4.611552240012232,-4.755710579561139,-4.656011406955323,-4.621624414057647,-4.651627904549327,-4.6607696119326185,-4.656409339442687,-4.660651269754015,-4.658800675773058,-4.660897887050482
2014-10-03,-3.953355424689701,-4.814407751687495,-4.902293198563077,-4.824744887144806,-4.814235075367169,-4.780248475856225,-4.868124570283968,-4.806631731543439,-4.784158966142363,-4.818533890243784,-4.821268801641372,-4.820275653699215,-4.821523696487,-4.819340209307187,-4.821183495734605
2014-10-06,-3.7428978847816,-4.746128286470642,-4.928998165266701,-4.784209648425136,-4.745883194095291,-4.708334708381863,-4.946973903564652,-4.766047346919028,-4.727057992053941,-4.7416975707398095,-4.766342641366314,-4.760655669180366,-4.7663786080267085,-4.764039621489433,-4.766566979437881
2014-10-07,-3.584581020598513,-4.589109323331377,-4.789683963457147,-4.625936151306818,-4.5881246566329414,-4.543914745719605,-4.810284201545112,-4.622385987440819,-4.566686786647844,-4.579990713923247,-4.6119905088988595,-4.605391733366568,-4.61186434958373,-4.609286160830188,-4.61224971261748
2014-10-08,-3.2658033930253887,-4.349764948704475,-4.482418348077816,-4.391106406912573,-4.349366040526384,-4.326694395950203,-4.460697261831024,-4.365173330756458,-4.316571215263213,-4.33882542000933,-4.363345380737598,-4.359897158326922,-4.363016683260859,-4.360952634487055,-4.36341590982602
2014-10-09,-3.147624702645415,-4.228573227554165,-4.300048877678502,-4.281073346381045,-4.226018203789907,-4.199927352630292,-4.284981676300406,-4.260208449605716,-4.205918810397313,-4.218182816476383,-4.2351432081912845,-4.232440604936876,-4.235110886033791,-4.233421041616228,-4.235167304051863
2014-10-10,-3.2013022248965965,-4.1137144390342915,-4.108914926720476,-4.161437756427652,-4.1167649904042865,-4.049270546564979,-3.9784541571515484,-4.107247624516069,-4.051604337397315,-4.101722229897398,-4.106475197611687,-4.114709897156509,-4.106698775252429,-4.104676730376556,-4.106128639930218
2014-10-13,-3.3000655802866268,-3.9725821488080437,-3.981868507557067,-4.042867018544458,-3.9749930588120725,-3.8995382214130383,-3.8619466218685483,-4.000994086331601,-3.9046000706256017,-3.9635482320353597,-3.968121083837573,-3.9731077950168965,-3.9680315819194862,-3.9656265856720894,-3.9678758057824175
2014-10-14,-3.462821179188286,-3.8782998181849107,-3.9031646021683235,-3.964956089140614,-3.8768755556451557,-3.8026451357307196,-3.7652936700899198,-3.907437257687329,-3.7959669204823343,-3.858965302898646,-3.8755862801198306,-3.8796460708869467,-3.8758467120762745,-3.8721624254610036,-3.8752768235453976
2014-10-15,-3.989620384136732,-3.473154881478459,-3.3435524631960933,-3.5720768265018767,-3.4698996474782935,-3.435579825223876,-3.247146950007091,-3.5560441298978196,-3.4262490375009245,-3.4632029360283445,-3.4566205089744493,-3.4689388399994843,-3.4569091314035405,-3.454603688395515,-3.4563742298614875
2014-10-16,-4.524261391469517,-3.546284915064411,-3.512399834858021,-3.657226081594543,-3.541987541774525,-3.5091129291898073,-3.4737290006714576,-3.6355848273716185,-3.479283270711207,-3.5306694567256,-3.5442897623804988,-3.547285404396923,-3.5444392559610867,-3.5423711952838586,-3.5441882452776174
2014-10-17,-4.645732885242328,-3.9265458397109594,-3.94192771719027,-4.016477721288431,-3.9231322666283117,-3.8978965648786175,-3.9136959558937927,-4.004687475197789,-3.8846899819674547,-3.9115406940736253,-3.9288170650864926,-3.9301381953996923,-3.928861094087127,-3.92799473835968,-3.928791415039086
2014-10-20,-4.69826497885249,-4.03659075104136,-4.1247447679978135,-4.097881819879077,-4.037954001363692,-3.955360149526187,-4.084653403604958,-4.0957797436833765,-3.9490177188117013,-4.025434242179025,-4.044585691300571,-4.04227590228235,-4.044692059609942,-4.0438033000001266,-4.044508598676302
2014-10-21,-4.71777770148712,-4.333875210432395,-4.4149703628311805,-4.409975352817173,-4.331240534733042,-4.2812182301387205,-4.376404881899685,-4.387403959208033,-4.287091071407565,-4.324771778171117,-4.340462865611799,-4.339082631762931,-4.340513254280248,-4.340322224826192,-4.3404292288598345
2014-10-22,-4.628308879363521,-4.293418294953905,-4.324866356698821,-4.388591886460183,-4.293195203327172,-4.198337509422853,-4.2474752947052545,-4.391568897334508,-4.227733396154928,-4.2860816765141845,-4.293305208317911,-4.2965300472612,-4.293652955313086,-4.293499670035684,-4.293253235998112
2014-10-23,-4.631374148490806,-4.4197067028657875,-4.462697578858301,-4.514164119995125,-4.4202237887365285,-4.324911280511896,-4.409349220339625,-4.512179564418354,-4.361112152523612,-4.4143088192057744,-4.421027000085229,-4.422838228523728,-4.421260856880593,-4.42141177604781,-4.420954744391486
2014-10-24,-4.73921868228388,-4.495560602501768,-4.639506067096671,-4.5750952946201755,-4.494508791722346,-4.4173821541304505,-4.6073515326450005,-4.564452330191196,-4.437430315181721,-4.491740661935591,-4.509845867787784,-4.5038115357091595,-4.5105987350484416,-4.510394798071578,-4.509911310499703
2014-10-27,-4.881736415512308,-4.506200667187405,-4.667695811704262,-4.584140617297455,-4.505993830609031,-4.412329111838478,-4.66326057047881,-4.580730998895007,-4.450181544662281,-4.503879410435632,-4.523679692654923,-4.514701790073415,-4.523739167021504,-4.524058043592156,-4.5238308180849645
2014-10-28,-4.81019328712263,-4.744251972712332,-4.8088811587587985,-4.836680771034449,-4.7441811563457525,-4.654406741936408,-4.767925365953675,-4.849691934387274,-4.683315681567565,-4.741474991575929,-4.7498954088194925,-4.750009133315396,-4.750191388211371,-4.750579333693266,-4.749938856219521
2014-10-29,-5.075042576524263,-4.362103734517076,-4.447918725331744,-4.459399965788098,-4.361376892999174,-4.3000617089114135,-4.450947815255527,-4.467095046521268,-4.308282116862246,-4.358230154278618,-4.3735052102372665,-4.368645516362287,-4.373581185396669,-4.374006022672199,-4.373608348988196
2014-10-30,-5.293296600650929,-4.456950980647789,-4.555423968624876,-4.557630771381278,-4.456683826529078,-4.352054906775634,-4.5542398764648455,-4.541546764099896,-4.405807344597788,-4.45268649799341,-4.468761598706427,-4.463603906230444,-4.468861286369564,-4.469713408161878,-4.468864276881171
2014-10-31,-5.341681866371513,-4.767717823334229,-4.828041442807074,-4.8747668353738,-4.7677088916487005,-4.64504416876452,-4.777269699726996,-4.87613269840643,-4.720615830148773,-4.7608514256536765,-4.771542673669755,-4.773353064080627,-4.772125510886143,-4.7729456246231114,-4.771546158965198
2014-11-03,-5.4248831757791685,-4.868152670913753,-4.885148985283226,-4.973325944654792,-4.868034934496325,-4.705869974619222,-4.798801147470419,-4.969602849516741,-4.77260521800545,-4.848983886256235,-4.866368688010058,-4.872032040544573,-4.866547772382575,-4.868713687138781,-4.8662462793203165
2014-11-04,-5.73816302642866,-4.6348324741060045,-4.739493646534826,-4.7251722290506555,-4.635180000842528,-4.5269524053535966,-4.7426953930931495,-4.754266406449989,-4.596597162358598,-4.620061056985231,-4.647260721975033,-4.642498237477312,-4.647281203131429,-4.64912428044055,-4.647447067356116
2014-11-05,-5.880366623178455,-4.864101499079745,-4.892431885859469,-4.987638778757082,-4.865177135618477,-4.699826109852031,-4.859461027472821,-5.0005826304704994,-4.806970048309485,-4.845077332473629,-4.868927255485818,-4.870158749709157,-4.8690578489154905,-4.871399604727787,-4.868978400822471
2014-11-06,-5.699212272785549,-4.955234990959756,-5.003891167033343,-5.061278616266533,-4.95724981393702,-4.822268025016932,-5.008078761193368,-5.107688915989887,-4.931129193257251,-4.940531503721279,-4.964573369147284,-4.961717653228368,-4.96469119137357,-4.96676258225251,-4.964745419026138
2014-11-07,-5.703669374296207,-5.085592506966793,-5.095528647453155,-5.212217972369895,-5.086164258553535,-4.939555904293054,-5.056698548380218,-5.215104723418946,-5.036455466865612,-5.06911011343955,-5.088008063429755,-5.088949805986152,-5.088272487960129,-5.090860989769164,-5.088062045400505
2014-11-10,-5.544388272017345,-5.303392638200001,-5.297071886440944,-5.419086445266646,-5.303586272571857,-5.142963442638679,-5.261173118064334,-5.452480717247035,-5.2604472713123345,-5.287343416956377,-5.302914474070721,-5.305966565360269,-5.3040000110677825,-5.305863423206131,-5.303001521090132
2014-11-11,-5.542190037491609,-5.47755481703487,-5.464917632871315,-5.598094111923142,-5.477531945982206,-5.338671817175494,-5.449552208219764,-5.655180244773616,-5.443845499498407,-5.455515590700778,-5.475916382280452,-5.477926134518169,-5.475886087262413,-5.479267097546128,-5.476003646133438
2014-11-12,-5.463431773483409,-5.3793793530678204,-5.390092912301924,-5.515386824739474,-5.379148104828408,-5.253097590927015,-5.390584748501323,-5.54253155808489,-5.347599947406952,-5.3596081364748045,-5.384082869908327,-5.382444013199887,-5.384468392834137,-5.386929992461672,-5.384196395297706
2014-11-13,-5.754974292445795,-5.014150827401076,-5.114737354416678,-5.123331921621969,-5.0137135578510446,-4.815893208806054,-5.121104936997711,-5.153204673741031,-4.958576536489283,-4.973374838039482,-5.0265871686926396,-5.0255907207540504,-5.027615480825917,-5.030834092992452,-5.0267423381062715
2014-11-14,-5.740675598126315,-5.33899975546727,-5.3970688140611855,-5.459734553325503,-5.338575254972817,-5.189591751124607,-5.408303411784311,-5.483358816082708,-5.3036258063527155,-5.308801006148642,-5.347753019288632,-5.347040060400931,-5.347967456002486,-5.351503819985037,-5.34792668246629
2014-11-17,-5.989601437864472,-5.21302339962629,-5.366644414874419,-5.29650982800002,-5.212461113483942,-5.085368339571445,-5.395688033605371,-5.32124374904126,-5.1884717750671285,-5.18305884269537,-5.231137469102068,-5.221377412065134,-5.2313028390999206,-5.234505021329669,-5.231439962740487
2014-11-18,-5.919688231150501,-5.5750189261052485,-5.534984240928368,-5.715795158040101,-5.573463012647255,-5.458915308065685,-5.548706917109496,-5.75834536815503,-5.562842925439745,-5.550295743378439,-5.575651004669718,-5.575378002953758,-5.575723327186476,-5.578434194567812,-5.575788991043602
2014-11-19,-6.21582509714429,-5.258195708314562,-5.302605220095901,-5.357969660687148,-5.256362565595501,-5.16916262517771,-5.343342505843571,-5.387268461890459,-5.249110850021946,-5.22999345600705,-5.267141430479578,-5.263902162263436,-5.267299663121379,-5.270211458500575,-5.267384556637267
2014-11-20,-6.187938684330997,-5.606168034219978,-5.550295307748112,-5.685263905237656,-5.6048827921686,-5.550568936874225,-5.557389882879278,-5.74402007163604,-5.603505772539726,-5.588154327441972,-5.602155545223309,-5.605144152085071,-5.602329283061763,-5.60421070007665,-5.602253079742105
2014-11-21,-5.844350315094536,-5.427694027318867,-5.481302300481906,-5.521219939012887,-5.426913634283773,-5.328185089233691,-5.523056026592876,-5.56371416750065,-5.411240637632814,-5.397872234916841,-5.435674517645538,-5.429920985548933,-5.436094727331467,-5.438776791715498,-5.435914582180684
2014-11-24,-5.730360280996972,-5.847891905632524,-5.77265280682426,-5.961282744373961,-5.8465917077619425,-5.761701104736267,-5.786248510339693,-6.005543623333562,-5.842314613838964,-5.820418927138198,-5.841979936437244,-5.848051264489538,-5.842264546614975,-5.844576154651045,-5.842039272815907
2014-11-25,-5.76456785411769,-5.612611977357488,-5.640592455747974,-5.6824457045974235,-5.613384808900294,-5.518427699042805,-5.677229582936253,-5.703323859429881,-5.589929807789839,-5.5815409283793604,-5.61721250106444,-5.615611794690416,-5.617209547785886,-5.620144932586402,-5.617363681877055
2014-11-26,-5.5635608149614,-6.098529199517289,-5.948001141285677,-6.206356633753476,-6.096511633273043,-5.998558745733336,-5.904754039024194,-6.254905190682173,-6.084881252683588,-6.058078877665198,-6.081368747161138,-6.0921863626877695,-6.082408018827028,-6.08399748678096,-6.081207422296653
2014-11-28,-5.5343356155613845,-5.760795940433732,-5.430351168576694,-5.933833048686958,-5.7605875185072835,-5.58186400379708,-5.3156307298039955,-6.01560667664628,-5.699821857903472,-5.718259591809509,-5.722000894790709,-5.753951777355651,-5.723563151744739,-5.724650407711397,-5.721594069328451
2014-12-01,-5.639840434508057,-5.268784173452798,-5.215327020764007,-5.3426687503698576,-5.266639206587068,-5.142216639597386,-5.17645713947963,-5.419580494598912,-5.236594104256318,-5.2206827757089895,-5.261393439829708,-5.2691669543290764,-5.261719689062806,-5.263903168013739,-5.261414383094204
2014-12-02,-5.3228951603007895,-5.550911414977873,-5.435736470208985,-5.640728436244414,-5.550761441944225,-5.420589068728149,-5.404387435954306,-5.704027287787325,-5.5161789558435235,-5.503269117986584,-5.53898864175082,-5.5509267819860995,-5.539502945937672,-5.541698125675274,-5.538905636370135
2014-12-03,-4.920058857446479,-5.698018505322938,-5.482699045420245,-5.804310100369181,-5.69798182578036,-5.576602028517098,-5.405928617234905,-5.876156644503405,-5.656452973267544,-5.655069630126059,-5.672351132291996,-5.691741056595671,-5.672850375338561,-5.674370410801389,-5.672156232705051
2014-12-04,-4.71111958944447,-5.387565398677456,-5.388343968954542,-5.457253193873666,-5.386528789922101,-5.271048817086356,-5.371683742413204,-5.500811644961337,-5.341847720747515,-5.350981283934498,-5.386206269864534,-5.3889724840008135,-5.386252831854233,-5.387273219414133,-5.386275249396464
2014-12-05,-4.445535606775809,-5.523695004528821,-5.456825485435535,-5.578089476293064,-5.520939966144365,-5.407425363271241,-5.418246974677721,-5.641655755209049,-5.483000238415803,-5.483893646007944,-5.5149298116719425,-5.523058438947199,-5.515261907399646,-5.515314143457243,-5.514956902609402
2014-12-08,-4.092362227650647,-5.326267074031641,-5.288423934893994,-5.370702837052446,-5.32305207340101,-5.217764879760953,-5.252409867292468,-5.421532873359299,-5.284736258546131,-5.291028694422909,-5.320200557011567,-5.32622772901,-5.320277421998936,-5.31974381640487,-5.320200683148196
2014-12-09,-3.86324975167194,-5.039201267701471,-4.987588821134511,-5.1137987277343395,-5.035779714441153,-4.906667137127984,-4.951119648840819,-5.14374449390721,-4.95769302303526,-5.003672308449578,-5.033603783388827,-5.039650225521686,-5.03395312568096,-5.032943370821163,-5.033565704715845
2014-12-10,-3.6707718865098853,-4.759183402702674,-4.786366786052928,-4.8301743445224945,-4.753721436452168,-4.640342103908156,-4.7883688212053075,-4.843545297906791,-4.709371621484907,-4.731874954120011,-4.762895759759633,-4.761720568582557,-4.763104217956635,-4.761696475002992,-4.7629875457443624
2014-12-11,-3.687982356770447,-4.698151605789858,-4.772070255468167,-4.769265791153911,-4.693064268749835,-4.561088197449208,-4.7680827806569175,-4.768458531334552,-4.661049316300027,-4.669734380448318,-4.704797451628659,-4.7005945125861475,-4.704849424987454,-4.703399909185753,-4.704933307059969
2014-12-12,-3.767873216668833,-4.500077106355788,-4.497000250494125,-4.598966187899137,-4.493224159541811,-4.372846740549318,-4.487551305208358,-4.5630091931257795,-4.474453961588226,-4.479179008376648,-4.500821554781975,-4.5025426062993255,-4.501124424902084,-4.499107628032581,-4.5008914162001075
2014-12-15,-4.039457797219075,-4.143373231459209,-4.203816577132104,-4.24209242570132,-4.130481652953384,-4.078724109018797,-4.236554936107214,-4.177083846043286,-4.182087390000884,-4.13016133763721,-4.153656074711563,-4.148715705995762,-4.153661866451983,-4.15240562509523,-4.153840465407177
2014-12-16,-4.432868338778596,-4.03625676837215,-4.052519067785281,-4.162576211214656,-4.024347278492916,-3.899224877882138,-4.033493734148473,-4.091911542691814,-4.019115008501375,-4.020496244788591,-4.039805752774445,-4.0393400109273365,-4.04023839878469,-4.03786143660962,-4.039873226799376
2014-12-17,-5.32472439349293,-3.8954076834528766,-3.9028218080843473,-4.019978416955372,-3.8800019793643217,-3.7503892438965876,-3.900519634306261,-3.9677615233686647,-3.871341316328108,-3.8679354253068765,-3.898277805142166,-3.897146425239374,-3.898392748762396,-3.8965478619159724,-3.898364111424788
2014-12-18,-5.840881832624692,-4.304174853065383,-4.398733433781895,-4.4097195988405105,-4.295874342853465,-4.1087464058042515,-4.389706056033803,-4.4095395124809915,-4.183629288141519,-4.271084347213018,-4.314787871160935,-4.3116240154930185,-4.314959429978567,-4.3144579826648135,-4.314956905370655
2014-12-19,-6.336238732128934,-4.477270765032716,-4.533433948830349,-4.625531642896027,-4.4600350564781515,-4.358518465549766,-4.608292974675378,-4.599294258239637,-4.452421096307725,-4.436410938515183,-4.490377383406677,-4.483466274361032,-4.490384094756989,-4.4909330487625585,-4.490658028654815
2014-12-22,-6.48535205370168,-4.844207562907202,-4.949346999348895,-4.985409681961556,-4.828612129810769,-4.696806055190805,-4.989328908577021,-4.991961434157202,-4.796712756882987,-4.771216650352929,-4.859717306429313,-4.853235890892194,-4.859786489990968,-4.860884248314197,-4.859997245067339
2014-12-23,-6.054432065532725,-5.046067831690388,-5.108461399843795,-5.21950444432594,-5.026755648367356,-4.943438119569184,-5.189370394702644,-5.224739990466988,-5.039781386354019,-4.973795944931398,-5.0600951210554115,-5.054963984979214,-5.060045445852535,-5.061568853463753,-5.0604960383278925
2014-12-24,-5.341136122987663,-5.520733290775963,-5.3173041875807465,-5.733618672880058,-5.485253822506929,-5.400105385473974,-5.3232670458881035,-5.720812898872726,-5.509039443497937,-5.437824491995,-5.50513150463628,-5.519149505612891,-5.505927443089469,-5.506507413519368,-5.505210009181882
2014-12-26,-4.8531637776942445,-5.848382556626326,-5.777294967583543,-6.033190463944766,-5.82281274141318,-5.745070510043453,-5.829938317205538,-6.038852376333541,-5.8420395326066075,-5.770341784315085,-5.8481196548931385,-5.849016889668791,-5.848222554516736,-5.849517699284483,-5.848296677960479
2014-12-29,-4.405622911341324,-5.82527408457381,-5.695883532595014,-5.96362721145404,-5.799118150261202,-5.7585146098649185,-5.726687464898782,-5.9634539077198205,-5.831836930934517,-5.7822198892570995,-5.8157507846174665,-5.822094350611561,-5.815660158672844,-5.816254665391249,-5.815798769246953
2014-12-30,-4.233981705689071,-5.697284681450749,-5.658997432628842,-5.843127142396864,-5.663960020986311,-5.6078471324607735,-5.715378878173919,-5.815286735074252,-5.696357373151227,-5.635901323416791,-5.699276762991601,-5.698628947959396,-5.699488721411796,-5.699640657487563,-5.699455022874501
2014-12-31,-4.247393689361927,-5.129703989189978,-5.266305346634167,-5.249978376088,-5.080881496679635,-5.044020942582855,-5.322708463927402,-5.225316012479578,-5.139624777900725,-5.069547600508496,-5.148144012861654,-5.141016714567771,-5.148086864227448,-5.148206781068896,-5.148523623364261
2015-01-02,-4.206447203509978,-4.689916000639337,-4.717883559316237,-4.80200005570478,-4.667519502320353,-4.657498090226596,-4.785277490289692,-4.75701642830886,-4.7150325354051486,-4.670066564690731,-4.69807002829755,-4.694085518222634,-4.698113744737538,-4.697912561330602,-4.698350961849029
2015-01-05,-4.209802712148199,-4.499361592373562,-4.566658845929112,-4.594797224672229,-4.485755256267648,-4.451789712930455,-4.6349671562154935,-4.560695134912569,-4.507315941406835,-4.477448537512919,-4.511496091985935,-4.506277588383966,-4.511436433917183,-4.511351855415979,-4.5117468853142935
2015-01-06,-4.198415460416156,-4.236743863593522,-4.2383912991298045,-4.34909081056001,-4.22926557970952,-4.216205200317533,-4.311066471295069,-4.303384330731334,-4.256826067654524,-4.236142219439717,-4.242103268969802,-4.236830519780664,-4.241738044885366,-4.241885460593397,-4.242337820596632
2015-01-07,-4.033919814687371,-4.379354536008965,-4.431114905872152,-4.481384645371691,-4.3759308724953065,-4.323695261025497,-4.512294863350743,-4.459964366479595,-4.388502700948668,-4.349901368708474,-4.390234796258975,-4.383685784605422,-4.389906793672083,-4.389929339727891,-4.390524925036761
2015-01-08,-3.8514988084386004,-4.675306403253795,-4.759473135614664,-4.787270184279535,-4.65464177554641,-4.609734775229257,-4.814416716605058,-4.7515574555126605,-4.682970688062062,-4.638999948389743,-4.687601709909246,-4.681743172724239,-4.68728738594098,-4.687199897832072,-4.687877290633388
2015-01-09,-3.8687961427678,-4.284706415779089,-4.48995720027163,-4.365083316583585,-4.2667931059116535,-4.240499028095097,-4.5853389063910415,-4.328007497076775,-4.291315195606696,-4.263338915493424,-4.3117257808650535,-4.300999723543421,-4.311603460595142,-4.311258737658811,-4.312067931934449
2015-01-12,-3.8381475051171097,-4.300336840300741,-4.460107671798684,-4.380784830735984,-4.3004674137866115,-4.217086070229268,-4.5474658559877525,-4.364131695956947,-4.273097470300841,-4.285418274157597,-4.321443346823852,-4.308653646937088,-4.321084707048468,-4.320770309214231,-4.321734330776567
2015-01-13,-3.800046349356879,-4.140048584488757,-4.15576165330594,-4.230923829820323,-4.137302037015229,-4.114849769713301,-4.204904077182381,-4.186427607212182,-4.152550219518397,-4.13782818129259,-4.146093012838945,-4.142315666656864,-4.145923584408685,-4.145417461423844,-4.146235327763923
2015-01-14,-3.916380367645413,-4.051834269370074,-4.152508367198856,-4.147074044324606,-4.043056955524738,-3.9702376219757665,-4.210810478239871,-4.11945232706577,-4.025639073302522,-4.039439205147686,-4.065824198769426,-4.058816922845189,-4.0656946850157665,-4.064794232776308,-4.066056239733639
2015-01-15,-4.092056255853096,-4.046968517753815,-4.112288371532423,-4.129245307270234,-4.06955933600822,-3.9761036810644566,-4.179419077459116,-4.108798089173885,-4.016389600296157,-4.0533629788628085,-4.05852482326089,-4.051001429819658,-4.058341229940889,-4.057442494747929,-4.058704801495831
2015-01-16,-4.212416608605358,-4.222914411644568,-4.308319093823239,-4.291511574815104,-4.221094778935903,-4.161349792851637,-4.368480543961952,-4.27351017399816,-4.216434868561562,-4.212944244158319,-4.234121430391971,-4.224972363419736,-4.2340713939273,-4.2333092824117085,-4.234290920442212
2015-01-20,-4.258536645820571,-4.140936252906953,-4.248828140293513,-4.221992034423605,-4.142891028618463,-4.08136457818105,-4.332363773394759,-4.188894968506173,-4.1319744269314524,-4.1359187001607935,-4.156724688968355,-4.146940677128303,-4.156568439330147,-4.155834006549523,-4.156918228078552
2015-01-21,-4.357951473496531,-4.000220264072648,-4.1786060039986825,-4.060463855019963,-3.9878212217253544,-3.9580207626693396,-4.285529428110439,-4.033167591214901,-4.007532795852242,-3.9871540818071245,-4.024321612651724,-4.012749138051628,-4.02416443991991,-4.02359571696457,-4.024586362027972
2015-01-22,-4.2264468535870545,-4.25967437531608,-4.347244936759587,-4.328070626730323,-4.247416809379787,-4.195130609184438,-4.395889478280288,-4.303715385267346,-4.237914933572665,-4.251765662358362,-4.270776765972436,-4.2641643506385645,-4.270810392290583,-4.2702939432204285,-4.270870833580243
2015-01-23,-3.9928679150006405,-4.536256091312087,-4.645084356714099,-4.601320395796225,-4.531291916696513,-4.4559178148568215,-4.70636946961102,-4.586014938045809,-4.5133857380125875,-4.528054617871319,-4.5491495604433245,-4.5422055728929855,-4.54914690302929,-4.548627667314426,-4.5492587862855896
2015-01-26,-3.745336165984041,-4.676034410542593,-4.702540149144691,-4.750958336059087,-4.679655617840942,-4.603997086232892,-4.74203344283279,-4.720287083634243,-4.660748878755201,-4.6693608960500805,-4.6814186758542435,-4.6792757086052,-4.681775018577619,-4.680519218213333,-4.681484643493116
2015-01-27,-3.7945507424679255,-4.308044797208213,-4.439579968166454,-4.375459145310304,-4.305661413123685,-4.248273712672928,-4.506744549343131,-4.341017799080039,-4.294290331801592,-4.303118310037642,-4.324272179563013,-4.314835396167192,-4.32404698580248,-4.32314926885651,-4.32436538386159
2015-01-28,-3.855866239727906,-4.20593240781321,-4.255213495947991,-4.297741294199466,-4.202509402732774,-4.1741770075872555,-4.30916525068021,-4.236205879415953,-4.256716989388175,-4.203012779034328,-4.215553142589493,-4.210320085383967,-4.215656883984247,-4.214478600996163,-4.215653549123181
2015-01-29,-4.050041846302222,-4.128652781736759,-4.156779857830569,-4.214703726848866,-4.120592611369128,-4.049822158118523,-4.171288673098387,-4.158887474200436,-4.119455462274342,-4.127652246652603,-4.1340351282282075,-4.133241273265066,-4.134085361658757,-4.132734122809278,-4.134090498414837
2015-01-30,-4.202204014597861,-4.012474016561873,-4.062589182235562,-4.113512425249356,-3.9921786887600796,-3.9209850394652372,-4.063861110384064,-4.051171152138356,-4.016141242018866,-4.003855860474126,-4.019753137949421,-4.016144234159914,-4.019925467880015,-4.0183267499527275,-4.01984773764649
2015-02-02,-4.569355813562367,-3.879855562106781,-3.9087375818747407,-3.9851259615622423,-3.861727747568901,-3.8303550572059755,-3.891120898986102,-3.9189670333155853,-3.9078588076660017,-3.8780178170756527,-3.885022446400863,-3.884186587798432,-3.8851392602229313,-3.8842033958513777,-3.8851268905617626
2015-02-03,-4.649741231231463,-4.280613645724906,-4.285648564620422,-4.369475064948336,-4.265678949109406,-4.180079976136542,-4.284910567192717,-4.341852771556785,-4.264594681685154,-4.272480167322756,-4.282187588341658,-4.283711919061305,-4.282423296320676,-4.281588841468566,-4.282232693038153
2015-02-04,-4.788165824857691,-4.157250870750699,-4.231908045843808,-4.265003300594632,-4.13226256962572,-4.072245622901821,-4.2546752441942965,-4.230680238260606,-4.15882163039793,-4.145880005528131,-4.167790012713958,-4.163796471528665,-4.16813430719634,-4.16770032553992,-4.16793685176613
2015-02-05,-4.831559795321472,-4.59976519649583,-4.626388692261371,-4.70100427324609,-4.580010657860268,-4.515961563423491,-4.637702597100382,-4.678007610610825,-4.590803825689465,-4.589308005572554,-4.6024908606589525,-4.600832286509153,-4.602574052164624,-4.603008608717566,-4.602605268471304
2015-02-06,-5.174927862899234,-4.270331514339722,-4.397488830714598,-4.356687656639051,-4.237151047476558,-4.2253144015982,-4.459872260989086,-4.334604229386934,-4.277064551804326,-4.260641552620995,-4.286803091602733,-4.2804472145466494,-4.287041578863459,-4.287593924526604,-4.286976213581764
2015-02-09,-5.3792171170326935,-4.550418458852864,-4.664888686156448,-4.633174088441985,-4.5332315331973225,-4.495696767190346,-4.733532733134961,-4.622459800361533,-4.528970978456567,-4.546131914468081,-4.5665611294349535,-4.5582636348771475,-4.56660373135446,-4.567612328434423,-4.566685500667425
2015-02-10,-5.493696952032822,-4.684882103824204,-4.749598919978463,-4.786490243390964,-4.6631802800285485,-4.626003428409071,-4.803943673590015,-4.778280871070444,-4.677466263030694,-4.674238776323955,-4.695853475053562,-4.691969380727148,-4.6957441425839,-4.6973655018534215,-4.695995259190523
2015-02-11,-5.865256759850061,-4.588211952625415,-4.715944652571034,-4.6940605890982035,-4.550847056632509,-4.518728567291148,-4.775117828243108,-4.6887220297239764,-4.543540152651919,-4.582005438261835,-4.607059230874704,-4.599206936747694,-4.60728678953403,-4.609018189346976,-4.607232380159785
2015-02-12,-5.523684739438488,-4.974040345319153,-4.927853038634183,-5.103556046027316,-4.9356393690876414,-4.905638995403615,-4.95996396795174,-5.110748541067811,-4.923010946807843,-4.960588250806861,-4.976134963858709,-4.977236967139726,-4.976297225601842,-4.978174387031377,-4.976257021692916
2015-02-13,-5.568757362655121,-5.11407770581954,-5.080053033146426,-5.232060852201482,-5.077698686103619,-5.080776221014243,-5.118957974690348,-5.235992443349,-5.119159045177431,-5.098752950169548,-5.117998542254668,-5.115092088095416,-5.11810048918749,-5.119661876996777,-5.118102236733933
2015-02-17,-5.512284137966448,-5.148540000691603,-5.143953134724165,-5.268570786974618,-5.099880959469323,-5.108930858687929,-5.182598542044547,-5.290192491129941,-5.1325560822577705,-5.127732339412032,-5.156484367682143,-5.1536105296932675,-5.156672353551101,-5.158530671606546,-5.156618575105558
2015-02-18,-5.555217017326491,-5.1495250816125715,-5.118194985490584,-5.278881606132759,-5.1088170232896175,-5.126444795106389,-5.167473411210952,-5.313278147212042,-5.176715811094841,-5.123464507057383,-5.153644580020567,-5.151699136990162,-5.153441103335979,-5.155802441147257,-5.153802876922383
2015-02-19,-5.475044833882789,-5.378998766622046,-5.313634835564613,-5.496163961381948,-5.320895370542139,-5.317804556753546,-5.3446806504095745,-5.53705254635593,-5.337720026210027,-5.346347290130778,-5.376874722858708,-5.380540650549811,-5.3770000176032875,-5.379528869556779,-5.37703025768327
2015-02-20,-5.70955462385913,-4.846531919050515,-5.006210026940275,-4.941442854429035,-4.784951903837357,-4.821787543856258,-5.100146698641102,-4.963736633991532,-4.855357113988466,-4.814301465657177,-4.869901200122214,-4.86308563012016,-4.869809646827329,-4.872184957185748,-4.870162993542323
2015-02-23,-5.701522945866417,-5.432556785691685,-5.364412921908615,-5.547055755348916,-5.385455363587264,-5.3857581755387915,-5.360380699186015,-5.575551926414039,-5.399336999584672,-5.402866313035718,-5.429943709045327,-5.4331370647011425,-5.4301312484870525,-5.432093667599517,-5.430073851471333
2015-02-24,-5.601567604556427,-5.148508127979172,-5.185792120424693,-5.249661792779271,-5.108315913695678,-5.124034666193939,-5.233424668485754,-5.282242828668507,-5.1352355218531205,-5.122620950953507,-5.159407993657881,-5.155333718319634,-5.159405483350643,-5.161839790507403,-5.159641011928752
2015-02-25,-5.498999392802957,-5.3321112962215995,-5.3228464759854734,-5.442653589745242,-5.297460737180581,-5.299717595853834,-5.362596840595826,-5.472935379545179,-5.316274514129646,-5.312708643912663,-5.335867291976943,-5.3337214733312965,-5.335972680413676,-5.338083900049627,-5.336065826972548
2015-02-26,-5.50608921186574,-5.157516854362664,-5.2021237489804095,-5.267060293741443,-5.120355900377111,-5.1324685011344915,-5.264682515105453,-5.308443611317349,-5.144474418355606,-5.1333741463496,-5.16875807986161,-5.162593396876589,-5.168657662721162,-5.171414839271298,-5.169000910867326
2015-02-27,-5.255771193040968,-5.190364767306778,-5.286661128038958,-5.277606078732405,-5.167086962579047,-5.179175389388492,-5.376496557992598,-5.301441795725817,-5.204814547192079,-5.16751106758861,-5.2061513440714124,-5.197187787578729,-5.206252444918419,-5.208621173207288,-5.206434567629278
2015-03-02,-5.159187879135363,-5.495198077955221,-5.386238321861359,-5.608105062061927,-5.460888332253535,-5.473424665423076,-5.397349357685132,-5.643253501638314,-5.499885675855333,-5.467831217078796,-5.487462822371757,-5.492412516525547,-5.487486723766109,-5.489582737529059,-5.487566011468102
2015-03-03,-5.043284474934911,-5.108283308900972,-5.175776928380146,-5.201417450560146,-5.060277891519345,-5.104839931882281,-5.238413155608914,-5.226453418448122,-5.121015420084758,-5.078887472859497,-5.120349609663507,-5.1125252149381515,-5.120344228126888,-5.122076209471532,-5.120565390520813
2015-03-04,-4.983720534932185,-5.20171410398369,-5.200666467912091,-5.282976140076181,-5.175865810109939,-5.18469989058753,-5.2302610087594426,-5.297725478408267,-5.201164867031264,-5.1760000083180415,-5.20424367153662,-5.202315922823688,-5.204289847837727,-5.205204006148577,-5.204364757516938
2015-03-05,-4.969511516409909,-5.3073882140400785,-5.38670576568559,-5.37431682077992,-5.2558289359191335,-5.30753196992668,-5.434038442948396,-5.373501408771381,-5.324297060098907,-5.276908844976796,-5.318449526267559,-5.312226427149105,-5.318451313440048,-5.31974134298641,-5.318624829349214
2015-03-06,-4.871258776142821,-4.906889082823446,-4.960186070713198,-4.963407887325325,-4.862339715125981,-4.926963127539124,-5.036542429422147,-4.977131098900694,-4.955207395616718,-4.887315304291835,-4.918636170949938,-4.912608022316258,-4.918616811335545,-4.919344621438309,-4.918801058552529
2015-03-09,-4.885280248362955,-5.176824216565304,-5.2898529467569935,-5.257603242632318,-5.111567394547676,-5.144398925582873,-5.3506126950178565,-5.263860037582575,-5.139554144886997,-5.115609359059841,-5.191272250777066,-5.183337103675334,-5.191209368234673,-5.192883767403413,-5.191513984256348
2015-03-10,-5.008195640687613,-4.894375318553044,-5.030545990534444,-4.963029809326969,-4.844901921764753,-4.888586766549655,-5.118102635850214,-4.97049265207498,-4.898063423530204,-4.840732417035139,-4.912734817290533,-4.9048058830656185,-4.912619475783774,-4.913455811283648,-4.912948878277852
2015-03-11,-4.571245548234691,-5.020821292024305,-5.030570543805092,-5.098920026723411,-4.979035925600079,-5.005333539538328,-5.087282558275591,-5.110332887857933,-5.007586768426657,-4.985833770898456,-5.0265057940079405,-5.022745189609038,-5.026411644704557,-5.027180613156731,-5.026614989201226
2015-03-12,-4.520052268381539,-5.166042334436773,-5.222722397952262,-5.224641840050443,-5.125840276143519,-5.16650334692108,-5.289261204736031,-5.227889974545513,-5.171833025053082,-5.153582486794873,-5.177128631196918,-5.171402111900434,-5.177253168746926,-5.177251219728475,-5.177264441916683
2015-03-13,-4.723137704456486,-4.725940004895938,-4.8384598758472395,-4.806160987209761,-4.6592064794009955,-4.727223711795836,-4.945998695586847,-4.819003726201624,-4.744908868431918,-4.689454589778336,-4.743536146411884,-4.735145152123636,-4.743443368858738,-4.743407894029361,-4.743766438030278
2015-03-16,-4.724664347410833,-5.157336067653757,-5.1854055640202645,-5.250838977840336,-5.09787238975677,-5.15356375321786,-5.246669568836525,-5.276613091035144,-5.1657005950497075,-5.111189112680465,-5.1662636556947215,-5.160494335471206,-5.166184971945524,-5.166333418730009,-5.166461643115288
2015-03-17,-4.727978372837963,-5.111126663372583,-5.199298907220746,-5.188669410000464,-5.048553645082293,-5.094719641504,-5.271274279417265,-5.199965188615039,-5.081484138435967,-5.081551819787598,-5.123952172638746,-5.117030300638401,-5.123874576010853,-5.123742727817349,-5.124160668174255
2015-03-18,-5.151337014770215,-4.413920320062741,-4.453144931655867,-4.52583978774169,-4.338279135571199,-4.420989520692064,-4.516982183806697,-4.5371214716217905,-4.412339702751459,-4.390489111057746,-4.425343435104787,-4.41966648467875,-4.425289724732676,-4.424740285219287,-4.425583665342287
2015-03-19,-4.880611418214896,-4.824288617968127,-4.9486494951022655,-4.902995074731034,-4.744951908559655,-4.825451584735031,-5.040148121833907,-4.920953562519701,-4.84332216527371,-4.779329146251715,-4.844294841684213,-4.835125598966458,-4.8441335625236865,-4.844292224910497,-4.844540121004534
2015-03-20,-4.764521952525793,-5.084833426433585,-5.117535459613784,-5.183060600318255,-5.019763706417361,-5.0819754045318914,-5.188769337474689,-5.205198088626253,-5.076137845714196,-5.060351548219036,-5.093370393381443,-5.087531983082545,-5.093318131034588,-5.093630647949162,-5.09358828318292
2015-03-23,-4.785754403998311,-5.06338853015177,-5.141675220266591,-5.133764863997722,-4.977557407291352,-5.057640869711327,-5.1970752882834885,-5.15938970846702,-5.052200466445019,-5.026670786523756,-5.072559235696377,-5.06748804532641,-5.072612960108028,-5.072426630347339,-5.072785358660934
2015-03-24,-4.730239736237118,-5.003831214252844,-5.094696037917768,-5.089357146316251,-4.944497537827504,-5.001862850230801,-5.181022140100973,-5.114690189413384,-5.011290121754935,-4.971083865669,-5.018927810462929,-5.012836878100186,-5.018737745223354,-5.018412873056649,-5.019153957261803
2015-03-25,-4.644486782277941,-4.8685592801608575,-4.928533889775308,-4.980056872485817,-4.829062263062487,-4.8693110399713095,-4.985957005997662,-4.993329443984024,-4.8489578607109065,-4.8468287408950514,-4.881048503259853,-4.873507246570681,-4.880924241314988,-4.880386516043744,-4.8812712921335715
2015-03-26,-4.848184996336405,-4.60703585542916,-4.7278369844588255,-4.717016795608409,-4.542530762743212,-4.608713110883958,-4.795566475345492,-4.731695437186554,-4.582627458447711,-4.588868740279142,-4.625748178321837,-4.6143759582834445,-4.62511578417623,-4.624352270293331,-4.6259883999407885
2015-03-27,-4.938064578478306,-4.784808193029262,-4.853516100257318,-4.876485837450366,-4.7246912480507515,-4.787670575319427,-4.893989024545238,-4.884676428719977,-4.76607550799334,-4.765300878448914,-4.796463009373054,-4.791993763238505,-4.797043876894197,-4.796060880837446,-4.7966192164598525
2015-03-30,-4.926271041165824,-5.131468055557175,-5.176594995390577,-5.226417834024749,-5.0422369299065215,-5.120105222213891,-5.209839597437476,-5.251622078215562,-5.078388727661154,-5.1021826742290255,-5.137948828940907,-5.134689091747813,-5.1385210342038015,-5.1379123455751134,-5.1381247854542105
2015-03-31,-4.765390748443097,-4.825245079213741,-4.937877606834266,-4.905124795521217,-4.782937041725184,-4.827540841018372,-5.006332071182597,-4.908419530132248,-4.831620765897766,-4.808595910399736,-4.841809165611128,-4.8331325584567395,-4.84158850050061,-4.840982544055707,-4.841993642267023
2015-04-01,-4.95705572856143,-4.577635488063468,-4.655885634483378,-4.676464986461281,-4.539362194209568,-4.58473255544336,-4.709839781738587,-4.676547652784764,-4.584787065565628,-4.565757413064923,-4.592202154040876,-4.582925533808448,-4.592124885730628,-4.59154247753169,-4.592388649388854
2015-04-02,-5.114784346592881,-4.840477066241092,-4.93290010438287,-4.932863125806802,-4.771484070079493,-4.831689016156028,-5.0076786099795365,-4.937615469576285,-4.790774164983289,-4.818470596416035,-4.855629859227943,-4.846485093087859,-4.855540642916498,-4.855377465431898,-4.855853047859597
2015-04-06,-5.193682373209441,-4.978230868835458,-5.088824550076084,-5.054341250559455,-4.903796827213303,-4.975087358294798,-5.161124353689341,-5.062505920952287,-4.9451890012699105,-4.947642018640604,-4.992762044023872,-4.982605265625544,-4.992485202772467,-4.993152954242287,-4.99300279552801
2015-04-07,-5.083562871085634,-5.0999880513920735,-5.201773711653532,-5.177289612235055,-5.018877632358359,-5.093289929556051,-5.264854994302367,-5.2027644198270595,-5.069503474720931,-5.0441944574526625,-5.112264995493925,-5.104728772758274,-5.112194194390678,-5.112986873994219,-5.1124672386153796
2015-04-08,-5.4784387442650955,-4.60012680751222,-4.771229401013939,-4.69380859026622,-4.563924692693171,-4.60297926018041,-4.8836726960565695,-4.701254430511711,-4.586526333345292,-4.5819460949050725,-4.625027972360239,-4.613519384699222,-4.62548216512611,-4.6257936193470774,-4.625340791599915
2015-04-09,-5.602568328005141,-4.917947704487557,-4.983286004746751,-5.001744933536875,-4.845449881427432,-4.9195090916540005,-5.037237853596204,-5.019223042088593,-4.900710828956261,-4.880382288922709,-4.9285767975376,-4.92182707873479,-4.928572088278415,-4.930014182374457,-4.928808795577433
2015-04-10,-5.231862487581179,-5.33759716208145,-5.3982411645631485,-5.408240086954847,-5.286430107279985,-5.337574016381141,-5.449969655373633,-5.4302859753969575,-5.3361791146837945,-5.311239690902265,-5.34659641049453,-5.3413277155939305,-5.347019588317529,-5.348234517538534,-5.346780888387487
2015-04-13,-5.225036161405217,-5.253018158780639,-5.360838181278944,-5.335320763767169,-5.202903820664637,-5.251152308886195,-5.445249806912264,-5.359901597506883,-5.237978738936054,-5.19606767306325,-5.267169123677245,-5.2558697235743335,-5.267390279186542,-5.268799049520439,-5.267378725507157
2015-04-14,-5.26877635996137,-4.925908872264664,-5.076176337778809,-4.97992868972161,-4.89695148010101,-4.925610283141962,-5.176809678702513,-4.990045459575185,-4.907869182641814,-4.8938547030012325,-4.94343779705514,-4.933561432290057,-4.943535697555252,-4.945003352532238,-4.9436440310462055
2015-04-15,-5.169131921296058,-5.267770405970603,-5.328413360751959,-5.3523288525751225,-5.170261568876441,-5.264807396642979,-5.36533626625366,-5.395425617206156,-5.227584167863705,-5.20439573082131,-5.275814473604699,-5.272351148501804,-5.275868917137971,-5.2778336561426205,-5.276031253825525
2015-04-16,-5.068022416569471,-5.283422866315627,-5.3192159285960345,-5.367472428737318,-5.228487391263723,-5.283160150814556,-5.37522670180518,-5.3945599714252905,-5.277310099983708,-5.242197836637353,-5.293136650303175,-5.289546105977806,-5.293271738464871,-5.29451630245772,-5.293360239968231
2015-04-17,-5.338764832594612,-4.831040147785575,-4.9287463669757585,-4.910732353359907,-4.772036534781462,-4.831904842151311,-5.01614800327913,-4.9361698224111965,-4.822059722684791,-4.791348968565804,-4.846233407706358,-4.837124760785204,-4.846255456262256,-4.847561926977739,-4.846493820971145
2015-04-20,-5.2868241597040155,-5.280097506162631,-5.295555397163378,-5.349242131874336,-5.192558261686595,-5.279099615840891,-5.315661674482887,-5.374365455348822,-5.230266377302636,-5.247310475641815,-5.284659775067045,-5.282604887269581,-5.284841589767484,-5.285912764396663,-5.284783697185533
2015-04-21,-5.210585629140299,-5.08164699140882,-5.131435524503688,-5.157277114023271,-4.986596745383772,-5.081214391310989,-5.169593744987778,-5.189835054844909,-5.051814066702146,-5.036709056821849,-5.088377529845408,-5.086336000801559,-5.088607653956441,-5.089855959363962,-5.0885358971917345
2015-04-22,-5.078367391721923,-5.020618479455988,-5.050916360727181,-5.096108065349015,-4.948674469731748,-5.020645324774648,-5.070563901272282,-5.1214800996906975,-5.0051255186042045,-5.004632109987361,-5.026436506705934,-5.024035026367903,-5.027027722007423,-5.027680878724896,-5.02654520821894
2015-04-23,-4.9008248134751895,-4.964204088264758,-5.035746522422211,-5.0205008095474355,-4.926322916726288,-4.964227662020892,-5.09851469635476,-5.041778543372955,-4.941640621665852,-4.9607377436215705,-4.973300084898765,-4.96900386165629,-4.973574697460523,-4.974938553638864,-4.973434388695317
2015-04-24,-4.835369353901328,-5.324968778391854,-5.305894753869111,-5.406316115189012,-5.280256995165674,-5.324800891786032,-5.308016746958773,-5.4205837965238075,-5.290714239860583,-5.328551864656316,-5.324312548677508,-5.326828482707399,-5.3250067994651635,-5.3253066866561705,-5.324358954535052
2015-04-27,-4.888536723912679,-5.182134987135664,-5.20112516880075,-5.241201731456292,-5.152471831326356,-5.182432166546367,-5.231467165191333,-5.248281783469943,-5.1727978634881815,-5.184076847629046,-5.1865566879211,-5.184225067510411,-5.186762777725351,-5.186521958242671,-5.186654433972259
2015-04-28,-4.86752297111249,-4.982427342901191,-4.939530102840728,-5.05926421872847,-4.978859167372336,-4.983059196761637,-4.943301070921035,-5.0756549893192675,-5.0066324382917955,-4.981406313113586,-4.981390186131697,-4.982774270194904,-4.981511107541395,-4.981370284567215,-4.981393554841175
2015-04-29,-4.7046902719022405,-4.854512622630844,-4.85092671472384,-4.914046530467918,-4.783948849478058,-4.854921297139759,-4.8397304941489,-4.93383878892174,-4.84281133364849,-4.8428051830815155,-4.854522578562617,-4.855863481262721,-4.854695663680514,-4.854652423024124,-4.854558147989868
2015-04-30,-4.786242195136695,-4.713533434682237,-4.717772821466994,-4.796051960630113,-4.6750902838653685,-4.714381798662572,-4.7780580549377545,-4.8094554106984315,-4.724853735968038,-4.703150763980788,-4.718757147989836,-4.717786721106295,-4.719107695339349,-4.718554233177941,-4.718894826850869
2015-05-01,-4.860532311374924,-4.991201820612151,-4.953345723553318,-5.071800656943693,-4.956418446276974,-4.99046267214798,-4.951558785829129,-5.072482334826244,-4.985678286196847,-4.993399016554474,-4.991666805309771,-4.992213179378533,-4.9919822006825525,-4.99166203733566,-4.991729691070872
2015-05-04,-4.801814940697929,-5.335808556016518,-5.300477514127019,-5.423969165699287,-5.279708833576051,-5.332239448349835,-5.296047962140671,-5.446855702922872,-5.2812297176646865,-5.334560226492918,-5.335884934095052,-5.336244753361907,-5.336139141351458,-5.335623460324748,-5.335946101138347
2015-05-05,-4.721909790134753,-4.872620819007261,-4.921824668596662,-4.946785997703439,-4.804452220522879,-4.870671927778147,-4.951838243024501,-4.977902782482915,-4.847006701347989,-4.83330453759346,-4.881912945439301,-4.876871360087552,-4.882090568893437,-4.881104636941134,-4.881992151469564
2015-05-06,-4.990406087100072,-4.58046629596266,-4.618177547382833,-4.642004725616349,-4.555684509839335,-4.576558526977076,-4.660815047385597,-4.662852346909613,-4.577858461018922,-4.549548398462856,-4.5871765544821255,-4.5833228893943705,-4.587256800260417,-4.5864083830777576,-4.587219789780167
2015-05-07,-5.21196127291976,-4.801842690564802,-4.902702319180214,-4.866573429888293,-4.723410725050315,-4.799682379085922,-4.974034346763328,-4.895156390656163,-4.819494048540029,-4.742244565104003,-4.815254463078737,-4.80780077640377,-4.815085618743641,-4.814864693053597,-4.815345812358926
2015-05-08,-5.207198833876791,-5.295461871258088,-5.26743132795933,-5.362244345915938,-5.226817584276668,-5.293033739964716,-5.277901367366409,-5.4026264297212885,-5.3080766080070845,-5.21325073609467,-5.294898141189715,-5.295519086500327,-5.295091819756477,-5.294758336856883,-5.294900872819362
2015-05-11,-5.324316168273343,-5.067380609071214,-5.174173830123055,-5.125580382721839,-5.023376744965288,-5.067821888801809,-5.2513115706985385,-5.188952064981527,-5.0836714471430495,-5.018826055355862,-5.084375716569536,-5.077117221195406,-5.084102449943846,-5.084308046663233,-5.084461954799388
2015-05-12,-5.814088792741429,-4.707930224924256,-4.821040357462446,-4.759728390763294,-4.691822295183314,-4.717071970835896,-4.882851404217982,-4.821932117667513,-4.732081088317306,-4.699707659474185,-4.724447341650146,-4.715946862946028,-4.7243771430564925,-4.7246912284510705,-4.724524902422192
2015-05-13,-5.918442152083573,-4.973822158424191,-5.070643791490274,-5.022870775200903,-4.937646246220623,-4.9795131142997695,-5.136770318658361,-5.055547313851986,-4.990214682930282,-4.951727170491893,-4.988768858010468,-4.981730817940219,-4.988759781786104,-4.989238206459858,-4.988838926147112
2015-05-14,-5.961901003319418,-5.358516551742735,-5.374422098824395,-5.425521767100374,-5.3119866836136165,-5.352925439972339,-5.391787031305989,-5.485405529536913,-5.36935376800538,-5.30511506067896,-5.36388906098764,-5.360670737609569,-5.364139252161727,-5.364374499899902,-5.3639044762195
2015-05-15,-6.003635130733289,-5.3474113759756765,-5.368019024606292,-5.391368942115232,-5.294104469091534,-5.338784738967799,-5.402688078839379,-5.427125712668658,-5.351961068977867,-5.286681554374809,-5.352349631432506,-5.350662058995321,-5.3526166318695285,-5.352975079391293,-5.352376313155293
2015-05-18,-5.798718206190944,-5.552170807839321,-5.567344482901906,-5.6119132667877505,-5.515475891479021,-5.548322871509096,-5.584747231726581,-5.626342912347087,-5.5443176054159915,-5.505624205782696,-5.557322320922575,-5.553760847036402,-5.557158983721992,-5.557719392395204,-5.5573449425167505
2015-05-19,-5.687579187515876,-5.523189860593449,-5.513198170098216,-5.569254320905703,-5.496794213274747,-5.520629775654212,-5.516305538666345,-5.601880421050366,-5.516249972742817,-5.491540075510469,-5.524184762655378,-5.523881131587434,-5.524304083004148,-5.524573205838372,-5.524212889714383
2015-05-20,-5.659150753493686,-5.302097790098218,-5.377101915596351,-5.374566252420927,-5.263317642430616,-5.301701898544271,-5.426246973978037,-5.437450706752875,-5.2993232039887275,-5.254799468843372,-5.31514193585492,-5.30963607068782,-5.315498133242931,-5.316101732888671,-5.315227665603803
2015-05-21,-5.380001596916948,-5.6529439462284685,-5.620004540281068,-5.705798949446244,-5.625510146104907,-5.64968010858685,-5.626876430411263,-5.762610977192405,-5.643591767348498,-5.636143943146615,-5.653745651893306,-5.654116460751366,-5.653873019320114,-5.6543234368857185,-5.653760304003313
2015-05-22,-5.150336741636407,-5.6429099132701745,-5.663383470287836,-5.697292202181553,-5.605569090141027,-5.64174560388749,-5.691352411147311,-5.728142092532547,-5.6457455639706895,-5.60079955443859,-5.647703983980811,-5.644362471403754,-5.6476492044134625,-5.648266620479232,-5.647750911465293
2015-05-26,-5.0702398674655385,-5.332684977588689,-5.38864712150739,-5.378886167487144,-5.300247400606291,-5.332598071745275,-5.430741588755554,-5.420352436924721,-5.334620825448039,-5.297909140481708,-5.342378150481081,-5.337090605277936,-5.342302679935876,-5.342819598235745,-5.342457729839972
2015-05-27,-5.080235409052487,-5.316994536853277,-5.3945272221490255,-5.36767440989816,-5.2593639408988135,-5.308332633456989,-5.4231274514199,-5.391268827444007,-5.306859060238109,-5.238957238220916,-5.326437037393477,-5.321247166238555,-5.326421919188699,-5.32670408049939,-5.326494393569392
2015-05-28,-4.893487462730228,-5.223676010266058,-5.334646901570292,-5.267342967551833,-5.183673664077921,-5.224997259086102,-5.368576569199339,-5.301714087446171,-5.227419547928144,-5.185745747946637,-5.237300567732566,-5.230644928621546,-5.237202343193118,-5.23750256627302,-5.2373816387360765
2015-05-29,-4.894109075601762,-5.047446321033607,-5.144630484494522,-5.10216949018742,-5.027681826778819,-5.0542084730724035,-5.174270361180039,-5.14312646064169,-5.051024801447874,-5.033932271113571,-5.060233480697631,-5.0555277811612225,-5.060477798442597,-5.060185078833862,-5.060294274174108
2015-06-01,-5.014410154457241,-4.9778471287005175,-5.04378987346923,-5.020992907003108,-4.97228307650967,-4.985616981697799,-5.076321342028259,-5.046295611946062,-4.994569932253891,-4.9649063589481575,-4.986136925791409,-4.981732792738875,-4.9862866904206955,-4.986068141955132,-4.986188546179247
2015-06-02,-5.021079677309286,-5.025813893915998,-5.13206246687772,-5.080724742940015,-4.9933686954846905,-5.029735450115411,-5.189705188406031,-5.131560054632766,-5.035083801628092,-4.993163301422132,-5.041344867810053,-5.033570546116163,-5.041208660089737,-5.041426785546242,-5.041452770655417
2015-06-03,-5.002799944311536,-5.2209909298799575,-5.295505463973077,-5.261388215152679,-5.182993348933191,-5.222585167702807,-5.33717656939799,-5.312038481049897,-5.234571090629437,-5.202549874826084,-5.231082338507909,-5.224764966253831,-5.230948825769146,-5.231108682626893,-5.231161263001628
2015-06-04,-5.291195957331643,-4.783447034443177,-4.950977608752175,-4.82626065763877,-4.758298256638835,-4.7913840582837635,-5.030989385167869,-4.872370360362152,-4.797874382008517,-4.769787320555898,-4.805953613704271,-4.799686112660298,-4.80596515782895,-4.805862466526663,-4.806098213482482
2015-06-05,-5.366558068232691,-4.939739043131235,-5.040722462443933,-5.00087518916774,-4.885546219748035,-4.942427416039968,-5.114669471836964,-5.046002174636971,-4.9511184972814615,-4.902131875801407,-4.9562138349718365,-4.9482907555337095,-4.95607220586903,-4.956438589481972,-4.956331019861112
2015-06-08,-5.160772079129801,-5.2308995288197995,-5.356773025316233,-5.276417612665103,-5.186229443258317,-5.232687034101636,-5.430654464355946,-5.313926502722513,-5.249289192145285,-5.1760253245288865,-5.246922368592434,-5.238975630968708,-5.246547410664714,-5.24737643473462,-5.2470661008036465
2015-06-09,-5.242687468631924,-5.044453612506295,-5.214107202210098,-5.077403558195597,-5.00172267276554,-5.04181336206034,-5.2845964595171715,-5.068262037996901,-5.049624319671599,-4.970189873829346,-5.063045749784244,-5.056581831868456,-5.063418682026064,-5.063419973758255,-5.0631587618352984
2015-06-10,-5.05496424397366,-5.164040638444494,-5.2772277377015815,-5.194812426184502,-5.141633809525472,-5.170819554984943,-5.330827867373432,-5.218713833681632,-5.185084548710687,-5.138646079776793,-5.177671263122599,-5.1713129570639085,-5.177561423060315,-5.178102697321415,-5.177793006573562
2015-06-11,-5.028135433895472,-5.334996162533989,-5.452160416603747,-5.370986342050007,-5.2967812445499005,-5.334900224451076,-5.503192533032414,-5.395360656314969,-5.340815373950801,-5.299250953269371,-5.349303961558169,-5.341314476530294,-5.349453096002381,-5.349637883236128,-5.349401826003989
2015-06-12,-5.128415630912037,-5.1888682783622535,-5.3580874151456515,-5.2094585929115995,-5.172317718373285,-5.192486287008453,-5.4345966032452795,-5.206895904521666,-5.198375040526502,-5.16717154981995,-5.207923071085139,-5.201365202514664,-5.2078535561335455,-5.208006169228825,-5.208037904467814
2015-06-15,-5.372068988795492,-4.974684560051443,-5.139271279816351,-4.998688292678596,-4.942948470468973,-4.9778737300862606,-5.202720577278676,-4.998420693803912,-4.991741374034454,-4.952230738051717,-4.994097331819098,-4.989640866012168,-4.994807734296111,-4.994080256490748,-4.994202013567925
2015-06-16,-5.457556204351421,-5.24194502319409,-5.310358255062192,-5.280740900222414,-5.236780502574686,-5.249147029375453,-5.372979602003722,-5.295461047540248,-5.248680187372834,-5.2235769112244546,-5.251720082993655,-5.245901888963085,-5.251672903749136,-5.25207092579244,-5.251796587182445
2015-06-17,-5.79555781791102,-4.90026680184488,-5.007252292423273,-4.956704762724345,-4.877285970347772,-4.908213101206981,-5.0836153157227875,-5.014281559652776,-4.925145974681232,-4.891492142500799,-4.917603836780591,-4.908455831557756,-4.917478399151796,-4.91806830330098,-4.9177432173539595
2015-06-18,-5.784667458372213,-5.179388025270703,-5.216832292459452,-5.228558026100294,-5.13870542137221,-5.184648441494906,-5.261100283867172,-5.257726386951516,-5.170281159371644,-5.186315200234764,-5.187571192074466,-5.181853258936073,-5.187872377028256,-5.188094536255067,-5.18766902742118
2015-06-19,-5.526522923244346,-5.380608400412837,-5.424474267506874,-5.433922140629299,-5.3397275275004175,-5.383475200729465,-5.469300252645686,-5.449327719456218,-5.383634086383969,-5.342691238916285,-5.388291170529636,-5.383963759095016,-5.388445755465204,-5.388615071279746,-5.388329131335201
2015-06-22,-5.260918081912087,-5.423060612719834,-5.541362085003289,-5.470741680361396,-5.383456029258163,-5.426438771590333,-5.612143464001419,-5.487447476198357,-5.43658384042483,-5.379851946445437,-5.439696282204218,-5.432134216813775,-5.439731211111013,-5.440365991903562,-5.439780848166875
2015-06-23,-4.974924350942639,-5.474539788553838,-5.563716170988666,-5.522747158915386,-5.432898675359769,-5.4794269358353604,-5.617784148494789,-5.5473253419786746,-5.493507698891287,-5.435258616836327,-5.488795905963287,-5.48025682190166,-5.488804921215106,-5.489452724126029,-5.488886694593749
2015-06-24,-4.9048587022287435,-5.389135067225273,-5.492641712830464,-5.429166082054191,-5.3587656903023415,-5.393852137766534,-5.5447256862054815,-5.457252841350232,-5.410768888347362,-5.351593577682045,-5.403495709151202,-5.3991813906706385,-5.403727268236137,-5.403685090906028,-5.40359530389135
2015-06-25,-4.93668520111457,-5.341732786779922,-5.425143453922628,-5.379256917041073,-5.316270128189677,-5.351438499445227,-5.449064068461746,-5.404641836467508,-5.3831296112124765,-5.310717594631328,-5.352554963443693,-5.350433007409091,-5.352988595335698,-5.352435464516894,-5.352607409169424
2015-06-26,-4.909953068519206,-5.115319320514924,-5.2496359037796685,-5.162958729343512,-5.095482502906968,-5.120083659902315,-5.311914788857589,-5.184336292641544,-5.127699244404254,-5.081981866389954,-5.1323154355430765,-5.1237440730287505,-5.132322057179541,-5.132089065261964,-5.132429523805595
2015-06-29,-4.658879247605643,-4.974925740069845,-5.070992633089237,-5.010043165091694,-4.953877547477726,-4.98110888765818,-5.111624564716492,-5.0289353930499034,-4.985282427075048,-4.942540578260026,-4.987378363438117,-4.981340112838054,-4.987451112265222,-4.987049935255052,-4.9874402936504065
2015-06-30,-4.521948896308148,-4.822180554160537,-4.899740805780902,-4.8609924091363625,-4.828874443159348,-4.829729535497176,-4.973255423529737,-4.8950198370942095,-4.841754744294104,-4.81638318612032,-4.835524032491562,-4.829188352041756,-4.835410545024702,-4.835162829552978,-4.83564097679014
2015-07-01,-4.471271771645941,-4.992130265435066,-5.061777470818058,-5.031138192569169,-4.9645410330476825,-4.994062565006948,-5.105258129773568,-5.023725945682371,-4.98569223165591,-4.951850354602891,-5.001517058818801,-4.997316248040128,-5.002037797676307,-5.001214713421834,-5.0015438639996495
2015-07-02,-4.4364176345976665,-5.235200014953235,-5.276946388851863,-5.278706686877881,-5.208725682159089,-5.242039906865785,-5.318191254633625,-5.31850282047621,-5.256278796015035,-5.2164429092442965,-5.244679819388885,-5.238649816827317,-5.244813940955694,-5.244148054872088,-5.244752632032834
2015-07-06,-4.528351589984521,-4.913137561255859,-5.0278332858172,-4.954226955339246,-4.871393286421894,-4.913600082877448,-5.0862891893811835,-4.945440288233914,-4.9086664847603405,-4.869349858060254,-4.927026512260464,-4.924450350995438,-4.927303945399626,-4.926448923594408,-4.927079899217986
2015-07-07,-4.928995792307115,-4.548251711655116,-4.5585339361131965,-4.599509900898923,-4.4999166543084375,-4.544152339552952,-4.573140197433939,-4.619940283291676,-4.520492423858477,-4.491175574410854,-4.550786953496209,-4.549365559042941,-4.55091660199392,-4.550311154820821,-4.550815506409588
2015-07-08,-5.430373473913398,-4.521947275594953,-4.612637106986014,-4.568722447748124,-4.47437440520394,-4.517254037036176,-4.660683214589628,-4.584981411341096,-4.5004101717198655,-4.4794067215831435,-4.533846153253181,-4.52992759335698,-4.533802549201043,-4.533412299847096,-4.533923778899309
2015-07-09,-5.838438491043603,-4.724664014513115,-4.839951704252113,-4.767944754479812,-4.689077410606124,-4.7242703045618235,-4.892091022240863,-4.793254115357404,-4.719601952712774,-4.6781983771567495,-4.739842209366853,-4.734714595833409,-4.739939687202395,-4.739787277921205,-4.739929473864708
2015-07-10,-6.136433075141753,-4.90602987413629,-5.040376309380951,-4.962124522644136,-4.836023905464846,-4.90634902650783,-5.104735622166706,-5.011570263858805,-4.900681357363037,-4.845076942783758,-4.9257374378040995,-4.918695508442923,-4.925712896753602,-4.92595856798117,-4.925864657684096
2015-07-13,-6.169525233467658,-5.145900446997814,-5.227375397452832,-5.189429937753644,-5.074135246794216,-5.143748409622414,-5.268657854045686,-5.200691098107487,-5.147741962171508,-5.063306845325822,-5.155675657710887,-5.152492504841102,-5.155670932555695,-5.156028859659442,-5.155742540562886
2015-07-14,-6.021439280563751,-5.490282010508342,-5.490258382510757,-5.556172551993156,-5.430561768531321,-5.486428243426154,-5.508413023768529,-5.598004608247932,-5.486820057111204,-5.396486517622767,-5.493698740564885,-5.491291109874992,-5.493910392152176,-5.494098667767008,-5.49373657351896
2015-07-15,-6.04745908039337,-5.269227931920154,-5.333335175369976,-5.320751391073687,-5.20807771512801,-5.263561808904685,-5.3953018729700934,-5.33408349902146,-5.267261717175851,-5.166001429065107,-5.279348004652004,-5.276198823606474,-5.279307233422024,-5.279981611669067,-5.279437523911982
2015-07-16,-5.818209352556289,-5.618304608961646,-5.585985649831632,-5.672713149559283,-5.569534350359347,-5.613856551227142,-5.5938662267516115,-5.698037205927586,-5.622716219702279,-5.503086700019916,-5.618958811041766,-5.621040775335497,-5.619284735221912,-5.619379945833256,-5.618939387641386
2015-07-17,-5.5845180612671275,-5.764484807837294,-5.691789499294044,-5.827000137608821,-5.717192024183554,-5.757943439369083,-5.718600914381834,-5.853977375696842,-5.759064584097768,-5.687209293570126,-5.7629692484829675,-5.764959904396523,-5.763124310691083,-5.763434193888389,-5.762966613364822
2015-07-20,-5.302541917562305,-5.610037733902459,-5.599995768682023,-5.676496977628335,-5.563823809405078,-5.606156861284729,-5.638990700430603,-5.697199760015968,-5.603844733958411,-5.542691468682966,-5.614105316368258,-5.612401728272174,-5.6143133686309605,-5.614612122118005,-5.614137565319205
2015-07-21,-5.184032052995904,-5.500163415224422,-5.45291235317894,-5.556938739506819,-5.4570880706623175,-5.495731121465266,-5.464555537369361,-5.571360504304532,-5.498559115484084,-5.441971368813827,-5.496969713887255,-5.5009237994621625,-5.497173461938026,-5.497151234173164,-5.496943846521585
2015-07-22,-5.066338824204408,-5.469538887735941,-5.41205604626722,-5.52849585145167,-5.419546426026856,-5.466478016027794,-5.399478537347389,-5.536339248670615,-5.48387820180129,-5.399407651971876,-5.465527005144599,-5.470388571690476,-5.466431469069221,-5.465691945991374,-5.465499192860451
2015-07-23,-4.996669570169219,-5.286659446043207,-5.228357886717875,-5.345988726051299,-5.236048509623016,-5.283650496596917,-5.245321639599413,-5.365452922430094,-5.279186892982473,-5.1762371888306244,-5.282924091871772,-5.286742289623374,-5.283055420352944,-5.283062377101104,-5.2829367401205145
2015-07-24,-5.044241903665155,-5.193545846375046,-5.132580092139682,-5.252695069675564,-5.1639608966372705,-5.192011869650002,-5.136917640771656,-5.28356284191997,-5.1839459528317,-5.134169737838802,-5.187164939097777,-5.193653790461556,-5.187960419511845,-5.187127034963242,-5.187143773435253
2015-07-27,-5.106587518987271,-4.965048625929693,-4.983778333932414,-5.027265312870219,-4.928102666846059,-4.962246393167,-5.026852485265111,-5.041865021345216,-4.955835181823826,-4.905665771854037,-4.971043967070348,-4.9673307659675,-4.971286541917873,-4.971092936775487,-4.97109672503363
2015-07-28,-5.093641871732777,-5.046745119736594,-5.016669204532761,-5.106370523790755,-4.981539081939342,-5.041299529562064,-5.040250915389135,-5.100982235778707,-5.016547237284494,-4.966224431118643,-5.044594251572146,-5.046800115496624,-5.0445959011187345,-5.044540766955577,-5.0445831965914145
2015-07-29,-5.185967382118964,-4.985589696815112,-4.9250865813250995,-5.052537735128259,-4.923458867039454,-4.9838967247556445,-4.929086065735509,-5.064032598421665,-4.988450789152482,-4.909940186241516,-4.9814592000858555,-4.986887662026852,-4.981740778177929,-4.981419763574911,-4.9814415295915415
2015-07-30,-5.187333624643358,-4.960037061419576,-4.967445850481275,-5.0448438942264735,-4.9165961916906795,-4.95806611191138,-5.004679060860265,-5.083895900306141,-4.965498869774052,-4.8831551175458285,-4.9671478367716615,-4.963587267218955,-4.967249984680895,-4.967322182521825,-4.967174186995139
2015-07-31,-5.095470146811947,-5.1983352406674115,-5.172861690315238,-5.268540516841547,-5.145532980961278,-5.196776290007687,-5.179391128049421,-5.290327786383883,-5.1980950700181445,-5.098095329157445,-5.198214752219218,-5.199648385768372,-5.198380605710466,-5.198420286250294,-5.198192566078482
2015-08-03,-5.249473329639556,-5.023390736683719,-4.983326334478479,-5.090476112266075,-4.9698160644713,-5.021217509793372,-5.020093023314264,-5.090682408796727,-5.004242405944619,-4.934563287761839,-5.021643767814215,-5.023614544571117,-5.021688171551901,-5.021773322065137,-5.021630048352064
2015-08-04,-5.222025604343902,-5.015726122502962,-4.945834724222712,-5.077712542941829,-4.96866076490602,-5.014797797492466,-4.959653370911942,-5.0695743679435665,-5.00291790698944,-4.941072835282451,-5.010879618590786,-5.01562892425058,-5.011893373740141,-5.010931918384021,-5.010824122909336
2015-08-05,-4.913893563342717,-5.200761600397539,-5.095990038116995,-5.277283172124209,-5.141004722986714,-5.200510683207268,-5.111051518965056,-5.260620270451153,-5.1799532768831105,-5.111252550862816,-5.1930300569840515,-5.1989450406510915,-5.193336061871145,-5.193194974170368,-5.192991840876048
2015-08-06,-4.843774196443013,-5.041810161493655,-4.980485312277034,-5.128042190031881,-4.96289406044437,-5.0414841026650405,-4.992269244162983,-5.104858830494309,-5.0181393799277005,-4.950595326320851,-5.038344208148262,-5.041689133778426,-5.03891528964461,-5.038319798953585,-5.038324032953101
2015-08-07,-4.9152817738166386,-5.0769239380426265,-5.021713006891711,-5.160464254275814,-5.016715885015225,-5.076816418617507,-5.057817086611251,-5.165398929934224,-5.059558401118439,-5.005908140017401,-5.076475728506648,-5.077174968872147,-5.0767305301025285,-5.076268912163848,-5.076484453784863
2015-08-10,-4.862564456408835,-5.496233432601851,-5.378571155477054,-5.58723360431364,-5.429484401014263,-5.49586714051252,-5.368178905143395,-5.602279586726937,-5.443087544476649,-5.436979896926043,-5.487264730863421,-5.492592948153801,-5.487326798544315,-5.486942954133535,-5.487202641395305
2015-08-11,-4.939422874121609,-5.075134406176609,-5.052370991069265,-5.153811531130705,-5.000227646381727,-5.074405467950142,-5.0841542822549055,-5.187741060889767,-4.998357954723436,-5.050528165156453,-5.078710797782861,-5.07787854067036,-5.078834349389708,-5.078052666230534,-5.078727069602181
2015-08-12,-4.926516312348412,-4.7619672241943976,-4.6654835093140825,-4.823406965388453,-4.700059152199457,-4.760829602069367,-4.6722126409322815,-4.842264782868045,-4.670679217900237,-4.753096231825723,-4.753911629331554,-4.760314682109751,-4.7541868727062475,-4.753286486387926,-4.753901839789134
2015-08-13,-4.667587137704183,-4.849410308412603,-4.860250252233937,-4.909821128100969,-4.789250395813522,-4.849240306253282,-4.9164892765230555,-4.926542765691127,-4.776649279373461,-4.830786703863049,-4.854129259863643,-4.849949193271674,-4.854220742098107,-4.853842162246634,-4.85419717151053
2015-08-14,-4.093074472581143,-5.189758300792269,-5.189931597435495,-5.259491425721802,-5.134327902791684,-5.1897422292568205,-5.2157564839783594,-5.26956520787008,-5.135753916872265,-5.166073063648132,-5.191437825777813,-5.190436542938249,-5.1917644115352495,-5.190927958674847,-5.191442259451554
2015-08-17,-2.681316534193619,-5.133285916755586,-5.139960746479281,-5.179899425691465,-5.084944739072638,-5.133119851679078,-5.169757226699637,-5.194182985071071,-5.062353599671304,-5.123459424535439,-5.1342961366118205,-5.13340410662127,-5.134258054952079,-5.13363087348036,-5.134316324915283
2015-08-18,-2.431651803947793,-5.1210129950181615,-5.234135303978261,-5.159172218912371,-5.071786635268133,-5.119939140579762,-5.270811689445035,-5.147817084344739,-5.015668736967865,-5.119914690032127,-5.1333848745771515,-5.127998084244594,-5.133362824308676,-5.132931179823792,-5.133451933851279
2015-08-19,-2.276359524426723,-4.701156784217604,-4.72874273550796,-4.743828561592467,-4.657086018027643,-4.699681137018897,-4.746012268163276,-4.76225507299006,-4.5831431626377865,-4.699120075164141,-4.703869302185404,-4.7019528437851985,-4.704272217463374,-4.703444970256852,-4.7038748424465355
2015-08-20,-2.218255281475697,-4.486506197119763,-4.572117077885536,-4.519577444486569,-4.434148360168755,-4.482719314842163,-4.591321955625963,-4.564721663087386,-4.357724038426397,-4.486527361318105,-4.496504465571016,-4.493416401173946,-4.496561684742351,-4.495985210326862,-4.496546335589051
2015-08-21,-2.2473151501230464,-4.066694684450846,-4.067514446643857,-4.090606850959378,-4.074508717593749,-4.0609708030137694,-4.068360586069528,-4.100130286474929,-4.0012803403680275,-4.064663712390499,-4.06606412145388,-4.0660697527773415,-4.066355187616521,-4.065720800530179,-4.066061736363242
2015-08-24,-2.8640066234640593,-2.891500378616897,-2.4187549078604005,-2.937813137072838,-3.003660817211936,-2.8961030740119282,-2.183224707866209,-3.0180212700499807,-2.973522387653658,-2.8866418596137273,-2.8416223574165174,-2.849275742680056,-2.843772389119199,-2.8417669503919294,-2.8414463290993615
2015-08-25,-3.0981020271893662,-3.1240991052036393,-3.153574876488554,-3.1607510532782532,-3.178357299581347,-3.1289332244451478,-3.162981672547472,-3.2446889294304913,-3.1534975989406697,-3.124024259442691,-3.1318170694328957,-3.127645195874879,-3.1317818764828114,-3.13142408795017,-3.13183656879326
2015-08-26,-3.406800366369533,-3.109243534010151,-3.0547700006423812,-3.1436607661822413,-3.1522207076964093,-3.1078817679415827,-3.0123306245492114,-3.213490791632963,-3.1180069877608383,-3.109168845362401,-3.105398741902843,-3.1077823125052664,-3.1055767486679695,-3.1050803358825667,-3.105381994693834
2015-08-27,-3.6048240308803283,-3.2748314225073663,-3.3265295903157437,-3.312390343546499,-3.2730001995360247,-3.2685874453185564,-3.332019888489456,-3.3788565281979546,-3.196360355408872,-3.2741650496803274,-3.2826929196874897,-3.2792953884633063,-3.2827839926405695,-3.2822910066378324,-3.282714733055973
2015-08-28,-3.6413524140000537,-3.535179193214046,-3.7122856917453593,-3.5779898681906586,-3.4386753832014554,-3.518679520740546,-3.738249740582092,-3.6494849524861674,-3.3307618753439656,-3.5338797735703285,-3.5553810903732876,-3.5513687134373924,-3.5555223313602378,-3.5548807218946568,-3.5554336480136812
2015-08-31,-3.714792830743833,-3.7468637053414353,-3.846538597134782,-3.792676597101894,-3.676301897078294,-3.7336906970929515,-3.8545036188555772,-3.868144789810609,-3.5850422608335473,-3.7469168040434884,-3.759443698409919,-3.7565545282232033,-3.7596095433463743,-3.7590165111085176,-3.7594848294337084
2015-09-01,-3.8822515463139187,-3.527202058562249,-3.6385693085736026,-3.5690802591693105,-3.4898670820718705,-3.5198493079289044,-3.6594599365547786,-3.6484366225124045,-3.407502123467245,-3.529800210377306,-3.5420993053693146,-3.5372682278846383,-3.5422094884412716,-3.541725240263392,-3.5421444361605894
2015-09-02,-3.906876745153816,-3.7308360174563133,-3.832599089106253,-3.7755871321089955,-3.6732856172665214,-3.721186923944177,-3.841367429208075,-3.8576406880651075,-3.606112159636435,-3.733686599097683,-3.744699153003094,-3.7414700034285158,-3.7448812384869123,-3.74442960248643,-3.744742611901875
2015-09-03,-3.996056787329089,-3.867155580863088,-4.029587246463431,-3.9049773892587885,-3.835845066234952,-3.861327705481925,-4.08182470192283,-3.9594217135453382,-3.754706470922473,-3.8676191527158066,-3.88766108264924,-3.879278791377967,-3.8878144559939343,-3.8874265491447746,-3.887728868957719
2015-09-04,-4.112824024161371,-3.8978470539638144,-4.080437124712248,-3.9338666070041493,-3.90322231314849,-3.8984909280532456,-4.161651526252701,-3.9906712327891096,-3.854884342957062,-3.898558287948121,-3.922175484170541,-3.9158297929234323,-3.9220123602021615,-3.92200703451723,-3.922267775120826
2015-09-08,-4.14947073111727,-4.13044832120834,-4.317130816746878,-4.172581361984862,-4.102173533728182,-4.127399548343589,-4.37812019431298,-4.234608906201652,-4.02761240127968,-4.130532015472531,-4.153658210209324,-4.147224827550634,-4.153696528514264,-4.153485031385315,-4.153740799561405
2015-09-09,-4.365448274894757,-3.8905856430940067,-4.073511393264752,-3.930101287655646,-3.8678039067082945,-3.8833947935786917,-4.143226526873751,-3.9918783940739755,-3.7896108013751646,-3.889622303857093,-3.914204649354874,-3.9070568308241205,-3.9142299051680034,-3.9140750859823417,-3.9142867930022844
2015-09-10,-4.157206586674023,-3.8557963097161627,-4.0653593109869055,-3.899894455245073,-3.8208758990115714,-3.8495064600308817,-4.149404375336603,-3.9414034911125393,-3.6952580630991028,-3.8573881340623264,-3.8815561162614785,-3.8744025867596292,-3.881509772734229,-3.881518856889287,-3.8816329662313462
2015-09-11,-4.019075323187317,-4.117685945670641,-4.312286147217712,-4.160162082118516,-4.080247019110336,-4.1131186778629045,-4.385316358386767,-4.206142929967484,-3.996466172030742,-4.116493317421359,-4.1409798935051105,-4.133630811152226,-4.1410283099270355,-4.141095139508688,-4.141065333412994
2015-09-14,-3.932425699461827,-4.242739046717497,-4.483296866534054,-4.2836629770508985,-4.221520861172363,-4.239510701081815,-4.591285397578725,-4.337054186171919,-4.151152248603,-4.240908681580047,-4.274093211884214,-4.2647243503458165,-4.273953411276312,-4.274227103004906,-4.274217281026369
2015-09-15,-3.856900143993603,-4.328164625358951,-4.478529164245973,-4.371311125282683,-4.2894935085138295,-4.324384067042223,-4.5423109142627975,-4.42317413721767,-4.214514675946951,-4.325610212097875,-4.347404344869773,-4.34098740128551,-4.347373716241877,-4.347416822927608,-4.347479834445177
2015-09-16,-3.7881373531676346,-4.36254701823139,-4.497810286661594,-4.406952540192879,-4.3279945203587795,-4.3599222791225385,-4.565363748816011,-4.447699428412279,-4.233957325555944,-4.360078874922684,-4.38005105524834,-4.372904125686464,-4.379964044606959,-4.379935661929372,-4.3801144414105515
2015-09-17,-3.955539032512571,-3.7365358876602235,-3.7773863690115586,-3.7711050050838,-3.7475712431221218,-3.738472848363662,-3.8362650468024135,-3.8528158806030204,-3.7059177095336,-3.7337234083210706,-3.7469553444459036,-3.741046175123107,-3.7470072603987394,-3.7467446697179,-3.7470474512538696
2015-09-18,-4.021279795992235,-3.8767582457478675,-4.014178954648471,-3.9156906883606415,-3.9017124594954655,-3.8787733898670083,-4.092394980243824,-4.003921512423395,-3.861306958775569,-3.876752393196705,-3.899518967748622,-3.894253526390803,-3.899366710606839,-3.8993633262788574,-3.899631762414024
2015-09-21,-3.9602429042455825,-3.9667870245039114,-4.106482529926846,-3.9973081063161855,-3.959849594450326,-3.964640701137461,-4.174012925360212,-4.036157400235235,-3.864538110499262,-3.9636390433572926,-3.9849964444377,-3.9792827964068893,-3.985222540181769,-3.984860900707466,-3.9850749406071544
2015-09-22,-3.756094456038167,-4.001515846448018,-4.116483877636684,-4.0396506701175285,-3.992101691345264,-3.9988304493652356,-4.179307032443586,-4.0916854573590316,-3.9119477589775573,-4.001239260706487,-4.019400176183932,-4.012989012250156,-4.019373975352547,-4.0192992730968795,-4.019468469068124
2015-09-23,-3.7100273041277783,-3.9904600560785406,-4.158579946959589,-4.022878182321864,-3.969113771834924,-3.9871459888908407,-4.2382640598840675,-4.06988746694811,-3.9068499847594484,-3.988109007470843,-4.013492072485716,-4.006654244614348,-4.013436241943246,-4.013319393917246,-4.013591166014848
2015-09-24,-3.6578426243528326,-3.9621874641183883,-4.046494121338639,-3.993964560661089,-3.928084202715102,-3.956864999272139,-4.088551115560738,-4.027447760981543,-3.82924228838112,-3.9612780687670672,-3.974149844209715,-3.9690445838554993,-3.974329530779815,-3.973880582769759,-3.9741843986013197
2015-09-25,-3.58795285594828,-4.086108720712649,-4.1981407040070176,-4.119523293434214,-4.099210124194923,-4.086372626323802,-4.232868912067965,-4.173683440532433,-4.03182417001626,-4.087184198939249,-4.102416127106779,-4.096209782458791,-4.102354609091165,-4.102005570370252,-4.102468648411434
2015-09-28,-3.716101316432238,-4.015313312887488,-4.117744017155116,-4.045037904824534,-4.049869801143381,-4.012749781640903,-4.169637819928317,-4.067635639599243,-3.968307206071453,-4.007019605771576,-4.029998643807279,-4.02250020582374,-4.029804276593998,-4.029457952116736,-4.030054872113752
2015-09-29,-3.9187083962607803,-3.8184000993337524,-3.8851049253586534,-3.8454232510296675,-3.8325896562485204,-3.812968232180687,-3.9203457674494397,-3.861276346298184,-3.74258143777964,-3.8119326720541338,-3.8277202369759444,-3.8229233326102845,-3.8277896719036852,-3.827039378964677,-3.8277626187241935
2015-09-30,-3.9610075518297987,-4.006735159294092,-4.057248420133239,-4.032969262270598,-3.9848242409147874,-3.9984154967545518,-4.060876701430347,-4.0500571126225315,-3.8877997223215117,-3.9955348557175774,-4.011492021225647,-4.009628589890682,-4.012340748080833,-4.010996130518827,-4.011508172524763
2015-10-01,-4.159296340950882,-3.8716091498213454,-3.8953762154642266,-3.8983705312267434,-3.8563704743126723,-3.8635530585712217,-3.894012793652073,-3.9399303701929376,-3.7706823212477505,-3.863803797327054,-3.875795399079889,-3.8749759085404314,-3.8759520151899305,-3.8753828370773,-3.8758270999499005
2015-10-02,-4.425493696912994,-3.8865640332970437,-3.9308766468930236,-3.912768139173746,-3.8487750240397895,-3.8795808082850303,-3.9658817982365164,-3.956194950583896,-3.7534586334474858,-3.8791301950331842,-3.892744153472044,-3.890570970210609,-3.8927432605907013,-3.8923845729996986,-3.892794676930022
2015-10-05,-4.472312797387466,-4.411958168993356,-4.386600310932764,-4.446731330203254,-4.336657849373687,-4.403032161514488,-4.348244050653872,-4.49741153538546,-4.2133740572918965,-4.406529603295781,-4.4076446424143345,-4.412610806653488,-4.407970557738474,-4.407841630045092,-4.407626055997243
2015-10-06,-4.624186692499988,-4.195482913722811,-4.269743986781186,-4.233719274429298,-4.106447048697632,-4.185736697560411,-4.263824482173643,-4.270884201688624,-3.949464966899214,-4.191624918166557,-4.203613948891759,-4.202278477606182,-4.2038539111788324,-4.203950936718112,-4.2036385251159105
2015-10-07,-4.6860852424064205,-4.159107466891292,-4.099034341076293,-4.202464683626051,-4.063725909151293,-4.150671996525173,-4.071462649611555,-4.226320907545905,-3.927620268707892,-4.154538012642424,-4.150389754317398,-4.156638192954578,-4.150709646265748,-4.151257710361399,-4.15037541436939
2015-10-08,-4.756833442778003,-4.3088049478740515,-4.358055786114271,-4.34706115187295,-4.253162790021312,-4.304280270829381,-4.354364232979993,-4.391083154208501,-4.165888280419701,-4.308618844010347,-4.315767609075008,-4.313661578032621,-4.315839708101126,-4.3165644067722475,-4.315800267202928
2015-10-09,-4.880475907976098,-4.47353699220334,-4.529651248384177,-4.509109269944795,-4.410886976535705,-4.469388526133727,-4.53354750859817,-4.541667393374585,-4.299872142946324,-4.474563198072941,-4.479377450252165,-4.477274016744033,-4.479511702763011,-4.480363063806284,-4.479396778749431
2015-10-12,-4.81341480943729,-4.788949564368096,-4.820602872881989,-4.830073837422436,-4.742590375280144,-4.785664423815113,-4.830972539840575,-4.880800724043128,-4.666957025727097,-4.787076983726147,-4.794605002721026,-4.793295556731401,-4.794727583651078,-4.795831652337784,-4.794652940240081
2015-10-13,-4.824412217045858,-4.657714657255631,-4.71358974225848,-4.695388348996672,-4.580415310744542,-4.6531097415093345,-4.735573279888424,-4.725285933534538,-4.473473636045344,-4.654336066577338,-4.664844964704657,-4.662692982522135,-4.664964860115341,-4.666178904878744,-4.664888877728982
2015-10-14,-4.830489155677723,-4.413032164337512,-4.448209819039168,-4.441207969661542,-4.396489731020955,-4.409562819454986,-4.432581354166016,-4.467687459621463,-4.2499986345950695,-4.409255698527363,-4.414883868401778,-4.415994247609351,-4.416386895664493,-4.41584002300296,-4.41487687310414
2015-10-15,-4.8278742094571845,-4.569506925410891,-4.584894559234535,-4.595786618093878,-4.53362099098954,-4.566672699890474,-4.590455434808448,-4.623846569592546,-4.461902322379146,-4.567012961239967,-4.572198032758231,-4.573022328336041,-4.572377367781214,-4.573461501292771,-4.572239427005265
2015-10-16,-4.748890188444222,-4.859325204791787,-4.778147220290148,-4.894640796511816,-4.770953340985927,-4.855179395616709,-4.764960469744697,-4.909529961698963,-4.682143062220035,-4.854553453905644,-4.849488359823681,-4.856557912452488,-4.849778620037564,-4.850950554589669,-4.849485255433861
2015-10-19,-4.823049804793532,-4.719363411010842,-4.756194782663597,-4.752139466817427,-4.665666408705919,-4.716419795699624,-4.764104577006965,-4.788924201173564,-4.607702576824665,-4.710373969964051,-4.725422846370644,-4.724155202166287,-4.725708421099015,-4.7267847017542985,-4.725471532632564
2015-10-20,-4.8238484337674565,-4.762204661554219,-4.770628549729485,-4.787306398837007,-4.7195375927338254,-4.75665187158592,-4.760985606364483,-4.823647670886541,-4.647276206363773,-4.7381979022612555,-4.763462074851315,-4.765564527023502,-4.763773622691214,-4.764787219429671,-4.7634757827551555
2015-10-21,-4.723803808479722,-4.492416633273869,-4.501912539559579,-4.524347586430135,-4.491859541873858,-4.4898497524291,-4.471631350066991,-4.548409851275739,-4.410495104661416,-4.460451696930218,-4.4943172613656435,-4.497843109340314,-4.494621880992405,-4.495527470322088,-4.49430178387252
2015-10-22,-4.803000589828517,-4.625321316630818,-4.509506711800577,-4.660211011597765,-4.645770381223912,-4.621772488346087,-4.460939253431528,-4.687261572167164,-4.552298397856609,-4.5861347269067725,-4.6120544854872625,-4.622516898310569,-4.612379533580224,-4.61351427980761,-4.612000867132787
2015-10-23,-4.804419752164025,-4.68052989654187,-4.581625329812469,-4.718046981930181,-4.663732143403636,-4.67752095393248,-4.573601015869258,-4.743402865098508,-4.580491698428921,-4.670012658079896,-4.669868088386269,-4.676341568843618,-4.670256676600803,-4.671503101944597,-4.669860180485304
2015-10-26,-4.7762179925366866,-4.976011245256315,-4.9090380438062935,-5.013188536279871,-4.952461407706601,-4.973511348594048,-4.876904741992838,-5.063625692243175,-4.881938851390898,-4.971929628976762,-4.970371027677659,-4.9741100016425825,-4.9706035050330515,-4.972451233602855,-4.970367407837619
2015-10-27,-4.819644882771972,-4.798910351596677,-4.677944924792323,-4.8248805065629075,-4.762992136404958,-4.795080977797035,-4.609719765497882,-4.809931593288265,-4.731338133435499,-4.788492904067859,-4.782475546668972,-4.796313161140292,-4.783178185136456,-4.78334603803739,-4.782484579719956
2015-10-28,-5.025455924233598,-4.410415782012283,-4.265386601504944,-4.450224650605744,-4.382510957277753,-4.40963831359183,-4.208386498812474,-4.525609615038848,-4.340455529764898,-4.415480513805209,-4.395793006568301,-4.403774289115708,-4.396028759103151,-4.397219390567685,-4.395754787242008
2015-10-29,-4.962389768976328,-4.830765375783364,-4.691222086510204,-4.870464394586129,-4.79056881606695,-4.830600945072998,-4.645999140660243,-4.94635297847647,-4.769027579433413,-4.834661958271785,-4.81822502966561,-4.826933776293318,-4.818262048293139,-4.820271231453793,-4.818237270151004
2015-10-30,-4.8690758684244315,-4.7595869224413025,-4.71226130114605,-4.793266692118114,-4.741308941263761,-4.759443144780702,-4.72738205659705,-4.833442713269574,-4.72083536228794,-4.7588918802967415,-4.757267425552474,-4.759363554978844,-4.757178726040649,-4.758690035412939,-4.757307957557878
2015-11-02,-4.769858396673754,-4.939388941364629,-4.8921609912276605,-4.980240908198662,-4.923263151788343,-4.937783022364691,-4.863233618063092,-5.030772303443437,-4.893184240251761,-4.941788661678674,-4.935381454168328,-4.940836077117388,-4.935346054472423,-4.937143066023656,-4.93539709708402
2015-11-03,-4.689832641880444,-5.006801937910181,-4.902859048492567,-5.046001485820354,-4.956016421538301,-5.004158259822291,-4.892498587890113,-5.109147019239917,-4.924324758850131,-5.0126072971200015,-4.997536427628295,-5.003874609731344,-4.997456004672473,-4.9992559478462955,-4.997553929142154
2015-11-04,-4.8103699797811075,-4.751335547088106,-4.745103944628577,-4.788747555050528,-4.677601563055031,-4.7476913993428465,-4.776951586904695,-4.839576976093413,-4.628642093796622,-4.755772647177424,-4.751855674704065,-4.752202591135942,-4.7520042200839,-4.752756877091082,-4.751901185223995
2015-11-05,-4.792849460754417,-4.826628138722044,-4.794821661457095,-4.8645855837632705,-4.748600634732665,-4.821452602447747,-4.827097284864687,-4.894623632952605,-4.661251028659395,-4.829807396272353,-4.824616819120699,-4.826970990952903,-4.824822152500758,-4.825683710087364,-4.824646131040988
2015-11-06,-4.802596846854134,-4.704028048779396,-4.688145241704452,-4.74542341085306,-4.7147745920881885,-4.705693151957806,-4.718447957167821,-4.8634459513006245,-4.679437521753205,-4.711544089410805,-4.711518225320171,-4.706874121519451,-4.711457387371945,-4.712451869023344,-4.711580446308216
2015-11-09,-4.722285877139983,-4.765883387615706,-4.709509080705519,-4.80132934725476,-4.7438708106008125,-4.765642438514041,-4.717591741221356,-4.879934272268967,-4.704711349684506,-4.7743355344363625,-4.762509126455136,-4.7668739200754064,-4.763271286352181,-4.763318220875674,-4.76253849100843
2015-11-10,-4.587882561032635,-4.786741002804781,-4.772825174706109,-4.815502160371678,-4.722386078445698,-4.784283659637499,-4.771599604326986,-4.863369935330983,-4.661060244030942,-4.79764879264787,-4.785971541532964,-4.787390504382344,-4.7863304631905255,-4.786728718608663,-4.785989804147242
2015-11-11,-4.48752381108013,-4.9620901832018065,-4.945164676010511,-4.993290859408639,-4.888582924724996,-4.95887354157146,-4.920335017948156,-5.058183197293729,-4.8443530546221565,-4.972304625405448,-4.960885868171675,-4.963165867579378,-4.960913254859248,-4.961363496744496,-4.960914039288955
2015-11-12,-4.535248153660816,-4.765657443111147,-4.691312261869688,-4.796718128013585,-4.694762716256848,-4.762162761626725,-4.657101506682991,-4.847799377704834,-4.629865400354008,-4.777147794577456,-4.757269044274057,-4.764586959163556,-4.7573007731217265,-4.756539108463633,-4.757259756403248
2015-11-13,-4.672664055427234,-4.707411067742069,-4.640647812582323,-4.739656910633689,-4.6723976339053745,-4.701125057693013,-4.600987441131807,-4.787727675963579,-4.582802207587517,-4.707419833162027,-4.69926594920024,-4.706356395968191,-4.699505884036071,-4.698007783713505,-4.699249987019882
2015-11-16,-4.870804711111014,-4.6385697958698335,-4.607938781798519,-4.668467178644314,-4.568690409793301,-4.633193720883695,-4.590568369884707,-4.713301155610299,-4.496516249573159,-4.657572154690739,-4.635619346257343,-4.639034470898055,-4.635792086732368,-4.634406990064623,-4.63563097454231
2015-11-17,-5.034604674865403,-4.541777570524065,-4.46787755534456,-4.573344167409301,-4.484145450602265,-4.537852156903544,-4.425055478988052,-4.637569345443749,-4.431293475727722,-4.561052608763779,-4.534000367421408,-4.541052387271202,-4.534395186174037,-4.5338522014207925,-4.533990109815524
2015-11-18,-5.315310829256139,-4.620601788358242,-4.60047698499568,-4.6594141218903715,-4.571399610382456,-4.620730374856935,-4.590051947285763,-4.758225461692191,-4.545796153574674,-4.641314415146406,-4.621731623179437,-4.622627179529708,-4.621707853047223,-4.622639516025118,-4.621756244100881
2015-11-19,-5.447429372463643,-4.813102528378815,-4.802310825445263,-4.847652489057756,-4.7606333349423755,-4.811809753576485,-4.780633192666548,-4.927749203118731,-4.708881318544148,-4.822117078835791,-4.813379901084064,-4.814265515817608,-4.8132827893876575,-4.814782842337176,-4.813393770314572
2015-11-20,-5.387146128174817,-5.0317432077883675,-4.983697492889618,-5.071958720154095,-4.966513541245794,-5.03029921697174,-4.977680728105614,-5.141296820791109,-4.905908486039309,-5.037732623007325,-5.027333007694435,-5.032206298425889,-5.027425111759924,-5.0295073744004,-5.027351406694675
2015-11-23,-5.274887136639184,-5.082713314271179,-5.030332875518309,-5.1236732544988985,-5.01057122262706,-5.081586199731032,-5.021256490505916,-5.174107188095915,-4.919237693452943,-5.084745237832147,-5.077466302913214,-5.081504034565079,-5.077361595260905,-5.079450562118925,-5.077450213180667
2015-11-24,-5.36966047124353,-4.839568203452994,-4.812425691113553,-4.8739768048733625,-4.764416896981233,-4.837158466182155,-4.817776734513667,-4.925004495901972,-4.695396623627913,-4.840839707138186,-4.83760394101693,-4.840194620774605,-4.838276695065661,-4.839540762082997,-4.837607357285482
2015-11-25,-4.879126591159227,-5.327816853708214,-5.297762386311961,-5.366849229890077,-5.266377620523491,-5.327113600326813,-5.297075143849765,-5.414726478080085,-5.188760028907259,-5.326754040913733,-5.324498311608323,-5.327415377175171,-5.324521022818921,-5.326672556890806,-5.324503927647776
2015-11-27,-4.631589706985326,-5.28086704352177,-5.228039456154171,-5.310282958668567,-5.268029951996061,-5.280488213757195,-5.238358302186505,-5.346286251986061,-5.193391898777398,-5.2817073019350405,-5.27589392732298,-5.280237335073567,-5.276178809815777,-5.276549453184785,-5.275884804701705
2015-11-30,-4.495022974478906,-5.117591813172292,-5.081865821616903,-5.158310988296073,-5.091466028538897,-5.116680223832178,-5.066764611878213,-5.23854248584606,-5.023306262220492,-5.122385428642203,-5.1158579381304365,-5.118074159380116,-5.115867218746313,-5.1167902664515355,-5.115864329943402
2015-12-01,-4.27676352620544,-5.005962114770452,-4.9908302499296395,-5.033450397129113,-4.992267111561519,-5.005156397665195,-4.9966400507271445,-5.086997955857805,-4.923414419194382,-5.012342482630094,-5.005417446468452,-5.005892997033385,-5.005437179851606,-5.005368731528518,-5.005394021774852
2015-12-02,-4.02664594899654,-5.04745117733573,-5.035498268976708,-5.081612036416327,-4.987568033691892,-5.045880253967443,-5.046587247405192,-5.139800197826568,-4.919048327655453,-5.057922525714883,-5.0472570574142335,-5.047712538494242,-5.047125900430061,-5.046948957041306,-5.04726504919778
2015-12-03,-4.017568529086763,-4.557498560213736,-4.501304655863756,-4.582841542120819,-4.534978107922395,-4.5553909833367,-4.486217050710925,-4.6444695160468825,-4.463714328574821,-4.570527906690169,-4.552125126967892,-4.556479105786472,-4.552060328278903,-4.551541288911252,-4.552108955500634
2015-12-04,-3.9773595638541765,-4.566298288744071,-4.508472984956911,-4.594779524910526,-4.487312674284834,-4.565783947720126,-4.4946417113609956,-4.6558343426289115,-4.418386974240484,-4.585884671134609,-4.559844924356666,-4.563885544349673,-4.559817467072225,-4.559033125400872,-4.559830573816888
2015-12-07,-3.813391598024839,-4.5766928530760875,-4.5701348902038275,-4.601099848541993,-4.53485488998344,-4.574796434952673,-4.563008493240456,-4.665446522970429,-4.483512664303942,-4.58867201387462,-4.576787418430778,-4.578280771056411,-4.57750148525723,-4.575839844096595,-4.576795569908866
2015-12-08,-3.914286676388039,-4.337910408830228,-4.3398063004102765,-4.360426394238284,-4.2906814440683245,-4.336620421972946,-4.3168459981662535,-4.425686437106601,-4.24199003348725,-4.344557314967582,-4.338316369942769,-4.339929208327328,-4.33838861300414,-4.337087215886211,-4.33830310147292
2015-12-09,-3.787677655602451,-4.176652882604524,-4.176056350058451,-4.195803633168917,-4.118139406236445,-4.17568682013253,-4.171720571672604,-4.248376429114829,-4.054089255669147,-4.194949801887866,-4.176490722857874,-4.177513316280555,-4.1764773941826965,-4.175196453980661,-4.1764810095777785
2015-12-10,-3.7335450336026623,-4.290351836021357,-4.353533741977631,-4.308743010816824,-4.222057257024403,-4.289571670531882,-4.37258611403501,-4.357743796084434,-4.155866907439535,-4.30358948025842,-4.297378640163574,-4.296059786484886,-4.29732292536057,-4.296076291854741,-4.297397278586986
2015-12-11,-3.7297183578703996,-4.281256053466393,-4.3028595883614,-4.299750290995999,-4.279962641271155,-4.281350132935428,-4.300953266555974,-4.376216084606077,-4.2411346617663925,-4.293675676048038,-4.286512590684623,-4.2840378822115905,-4.286229712331307,-4.285251647606532,-4.28651129638576
2015-12-14,-3.8745050901206723,-4.045168295278865,-3.992545334824234,-4.059930892972558,-4.018449809449607,-4.045487289975925,-3.97687733407567,-4.100065232225487,-3.934040944817566,-4.0532220906105465,-4.038454173126934,-4.042187075508889,-4.038477271097274,-4.037025610263921,-4.03842842830366
2015-12-15,-3.880802954685022,-4.460382094306542,-4.44301703402264,-4.476764329823273,-4.394958424696621,-4.460837469684788,-4.426172860782617,-4.531392636084639,-4.3265051505065495,-4.465197698543522,-4.457543943657464,-4.4608235266857275,-4.45769384131348,-4.456119650925493,-4.457528302776887
2015-12-16,-4.295829655430046,-3.9059944961094595,-4.00742053224078,-3.9175757223200782,-3.8522422075981777,-3.9060602000586004,-4.060568895033547,-3.9712665296978273,-3.807462479146828,-3.924040846013983,-3.920252623003598,-3.9142883270561204,-3.9202427232232484,-3.9187049243037153,-3.920319864287985
2015-12-17,-4.651518791983932,-4.055016593098014,-4.0953085572914905,-4.069829156124908,-4.024561736086819,-4.0567332314314015,-4.1242250037103725,-4.111643566107433,-3.9485999888454444,-4.062922227453531,-4.0602067983845025,-4.057634432697222,-4.060136755415882,-4.059182749354144,-4.06023711757229
2015-12-18,-4.954176633511454,-4.160259872666669,-4.171886954830176,-4.177883429229897,-4.125780783211123,-4.162910701524606,-4.192029747684862,-4.232640769061328,-4.068853588290742,-4.160021263268346,-4.162754109819988,-4.161916161184035,-4.162750140086785,-4.162041861447238,-4.162789001486141
2015-12-21,-5.262871652625856,-4.315562575557505,-4.357710498276478,-4.339420768862202,-4.239534817314005,-4.324178207141274,-4.385252748737281,-4.399556582883316,-4.183720366663309,-4.330685703573848,-4.322770959566777,-4.320656851486829,-4.32302951384107,-4.3224169185435,-4.322845593722813
2015-12-22,-5.420474806211709,-4.444600521139689,-4.48306610489765,-4.470382865540708,-4.4140546205322515,-4.44781055219161,-4.501546719580805,-4.5296087516439565,-4.369532715434304,-4.45831953820746,-4.451379221483282,-4.448124552294919,-4.451405358181812,-4.451576997375097,-4.451441841390806
2015-12-23,-5.250256675318774,-4.792285231323496,-4.824009892243816,-4.82418613203175,-4.700022539898951,-4.812102468365496,-4.852870597737298,-4.864927615000399,-4.6382660820137795,-4.816968649213991,-4.797568169105484,-4.795430902109805,-4.797577055786917,-4.798138088428819,-4.797649550510721
2015-12-24,-4.728768446927371,-4.891441021502369,-5.053199319342683,-4.920880152437516,-4.777230135956869,-4.907905577418291,-5.128599365688556,-4.936639591618105,-4.720346569221413,-4.927703373609998,-4.91083034003283,-4.90343820611583,-4.910723860633127,-4.911754208680789,-4.910968146374594
2015-12-28,-4.534724229790622,-4.838569897473824,-4.880210364566497,-4.866167988615835,-4.768611637996499,-4.865188834748637,-4.919347172587475,-4.890671909582876,-4.716983923392586,-4.86846660711827,-4.8448957436712385,-4.842029962452823,-4.844804417558787,-4.845447721954279,-4.844966117203571
2015-12-29,-4.331605301854585,-5.0733552785314595,-5.111723957058709,-5.102728262470659,-4.986199354937744,-5.092438836725488,-5.152404120226028,-5.116657827837444,-4.921423586010657,-5.10958257664162,-5.077818012639641,-5.075735543366927,-5.077614473553447,-5.07831092485448,-5.077896789350533
2015-12-30,-3.9747612133450296,-4.954878970023518,-5.065165585195078,-4.984651402842756,-4.8834667194708645,-4.973817529160866,-5.122339050265501,-5.010056715440006,-4.829030119419994,-4.985618132993517,-4.97007240644059,-4.965005609122456,-4.970024832007161,-4.970194877092901,-4.970191000477279
2015-12-31,-3.7962946068641696,-4.738008317332019,-4.790302857381337,-4.766692343647156,-4.7083428383794885,-4.73984224793688,-4.814641176411268,-4.8333898072044015,-4.698789608637979,-4.758539496015792,-4.747744096377048,-4.743525860557715,-4.747708407404266,-4.747456312341631,-4.747818504804309
2016-01-04,-3.7289434762716427,-4.283748667924364,-4.250602304516365,-4.3149195088472005,-4.249881311648485,-4.306005730616928,-4.25088860649666,-4.372317448890881,-4.186218449119916,-4.309258072920909,-4.2819016685058315,-4.284252423840831,-4.281878456674654,-4.28142241022679,-4.281936050308166
2016-01-05,-3.5725038732265233,-4.371013107567022,-4.371178718804816,-4.396928965949824,-4.349557030305217,-4.389201574335057,-4.374350549871051,-4.452744865489445,-4.296427411116512,-4.392093562062595,-4.373927201895069,-4.372499310600531,-4.373854598618191,-4.373333016948643,-4.373961509778115
2016-01-06,-3.4294000588554314,-4.320814423621011,-4.330399807527082,-4.344547164442582,-4.28663752153988,-4.33954228010453,-4.341230175394046,-4.38652299733346,-4.206383645822899,-4.332952137746429,-4.323078416730813,-4.3221915223374925,-4.323044576955077,-4.322359320928334,-4.323114715107964
2016-01-07,-3.3018695956460364,-3.9652266687753572,-3.903529699835586,-3.983938223542658,-3.9277229121275097,-3.9936098840299006,-3.8895699550022855,-4.0231064885061345,-3.8098685169870565,-3.9774501997647294,-3.9573842529668206,-3.9624001974064615,-3.9573830804306516,-3.9564646860285544,-3.9574031976085844
2016-01-08,-3.2140518231055126,-3.9950936144062026,-3.9715080836558587,-4.010385449611592,-3.976266861878327,-4.016088489304946,-3.9626894415924654,-4.055178296631361,-3.8922593405054733,-4.012399617158504,-3.9921974344903965,-3.994202778910777,-3.992416391478043,-3.991179016073685,-3.9922060346831794
2016-01-11,-3.1163435934705404,-3.935632009964258,-3.9138549619260306,-3.952091024808269,-3.929006145228843,-3.952612394325817,-3.898354064980305,-3.9975136585188475,-3.8241856281603472,-3.9482619840661513,-3.933064129151503,-3.9352202470678987,-3.933199567945553,-3.9320045847085203,-3.933085589004442
2016-01-12,-2.9409443077721686,-3.8352525980543275,-3.8299518664499193,-3.8511691761659765,-3.7783749245779004,-3.8520965659022655,-3.8112127569987866,-3.929093595590536,-3.6958212822008387,-3.8485018374340316,-3.836422168212423,-3.8370641706180204,-3.8365680799300015,-3.8348676875709855,-3.8364754531002148
2016-01-13,-2.8263851818512182,-3.7743834557470017,-3.6871936359005297,-3.7866121649474778,-3.7093802779217375,-3.7919234506112467,-3.6449133008107832,-3.84225934009266,-3.5930737385007845,-3.778220383420628,-3.763887564910878,-3.772124309410742,-3.7642630464844182,-3.7620855488150013,-3.7638886204204987
2016-01-14,-2.960094871723908,-3.5801033583421953,-3.5203090947932743,-3.590740137909154,-3.5183917639016045,-3.5917750939727693,-3.4501841124623995,-3.6685255877290253,-3.515662110702153,-3.5886473980387033,-3.575365720984838,-3.578861457202342,-3.575388347307925,-3.5734380734548523,-3.5753754274820304
2016-01-15,-3.0787957871895464,-3.6360058523225565,-3.5524242012284226,-3.643968497934256,-3.628997922803926,-3.650997653588797,-3.4879081809382506,-3.691166485781887,-3.5617776539180017,-3.639555897062308,-3.6267951347259615,-3.6334858591409067,-3.627508556751361,-3.6250536550014014,-3.626750525988268
2016-01-19,-3.230622847736481,-3.541787378818856,-3.4927171664170893,-3.548522447509515,-3.5012452332770274,-3.5549288566946196,-3.453607098972082,-3.5914438779840037,-3.404865355722902,-3.544594655593668,-3.536126623207364,-3.541144361625147,-3.5363142448707334,-3.534261359193498,-3.5361103350245116
2016-01-20,-3.3562517555150277,-3.3306923143450216,-3.184516744341355,-3.337368620212551,-3.3044918942875863,-3.3427645364088425,-3.1003137854774714,-3.3928189342127326,-3.2390920456222596,-3.332197895512868,-3.313838037149809,-3.322997973092882,-3.314530444027663,-3.3114815141401883,-3.3137978654714093
2016-01-21,-3.5307440876657163,-3.331162173969978,-3.1816142767639852,-3.33792370815326,-3.285088045074849,-3.3437311551925997,-3.0732143729535664,-3.396979665704514,-3.206668476569827,-3.333163217701393,-3.313746351184958,-3.3218258746177587,-3.3141149600774527,-3.311433762257643,-3.313690200304621
2016-01-22,-3.5766961978319283,-3.8373877685776123,-3.7857804112982434,-3.8443096239559367,-3.7008276038381256,-3.8478750933281374,-3.733684881968075,-3.908912464868807,-3.60823630591276,-3.837817025572163,-3.8311247193343863,-3.8379740737205643,-3.831613198349779,-3.828860380029783,-3.8311606866532335
2016-01-25,-3.5617206615682444,-3.9372350044597884,-3.8582822595968116,-3.941153872202237,-3.8770003600509386,-3.9438895132154244,-3.8132750408962064,-3.987561273699059,-3.8089302003141925,-3.9370338061792,-3.928175619409276,-3.935839363047638,-3.9283273567889063,-3.9265604067594695,-3.928183201326733
2016-01-26,-3.57577514585349,-3.889000126295286,-3.7977767679736423,-3.891916242411404,-3.8370532744611605,-3.8971511681353186,-3.7527722137672774,-3.935490529940095,-3.7412336271687407,-3.8886185425783335,-3.877866834948907,-3.8859900788561497,-3.87800066937804,-3.8761220609090663,-3.8778697327328246
2016-01-27,-3.443674844523926,-3.4993795513676518,-3.4422034546839604,-3.5007687730685206,-3.439633768124728,-3.5065066756833034,-3.4030437410162038,-3.541059397484645,-3.347267572809834,-3.4989134084530384,-3.4915266068255923,-3.497216099705814,-3.492098337266188,-3.4896510108162606,-3.491515081298362
2016-01-28,-3.442647661190956,-3.6209474458649473,-3.478488046567821,-3.621342409746736,-3.62806211679136,-3.62572282133006,-3.40463490863464,-3.6621329721927456,-3.5634457482267066,-3.62175709278777,-3.605524481844783,-3.6144450112184794,-3.605720474865116,-3.6038164228896212,-3.605506105874364
2016-01-29,-3.317708211935864,-4.077524740880179,-3.9302412970847564,-4.077752230723943,-4.071970507912871,-4.0834002315023765,-3.85082224455665,-4.1216042090950955,-3.985343600653672,-4.0780539523055,-4.060163773994698,-4.069244971985066,-4.060365095224393,-4.0583782345335955,-4.0601224167823515
2016-02-01,-3.2256603699866226,-3.9374539547834475,-3.821842852130566,-3.935348883492351,-3.9385899991212976,-3.9394309712808573,-3.7358842018103102,-3.9710179327507005,-3.8773912859852198,-3.936860396496843,-3.923453346740443,-3.930419651826676,-3.923565839037103,-3.921498346650138,-3.923411168866479
2016-02-02,-3.0979019795791625,-3.9502402116163964,-3.889419478572387,-3.9462487630305114,-3.9301441907900427,-3.9481073307164274,-3.8284793494743217,-3.9772030212878327,-3.8529850680697115,-3.947350657962123,-3.9407757773145793,-3.948414720333533,-3.941508803172004,-3.9384703791988604,-3.94073350965052
2016-02-03,-3.284376153921851,-3.353314842807314,-3.2468525000713977,-3.3477085302899865,-3.3360289400204515,-3.350065103021678,-3.1709949969710522,-3.3841474917762957,-3.3353318270213186,-3.349050786843099,-3.3411870741478977,-3.3482356200579533,-3.3410243187871456,-3.3386862891916484,-3.3411808632299693
2016-02-04,-3.227017468358672,-3.5541909722136675,-3.4065803968634265,-3.548438424167165,-3.520765266410452,-3.5504740307543314,-3.3132628329042877,-3.587312145395946,-3.4990389389985608,-3.5497541622789015,-3.5352775332989372,-3.5474851008037067,-3.535394617903534,-3.532578771054353,-3.5352684546591826
2016-02-05,-3.3104324876562203,-3.6015381357942498,-3.525806125281131,-3.5953016609145134,-3.576509960851353,-3.5970083796945556,-3.477272094962087,-3.6318917481153767,-3.529301839096753,-3.5944372467332775,-3.593988768718226,-3.5991297389610617,-3.5939510030137045,-3.591409227873201,-3.5940072045439977
2016-02-08,-3.421970918925347,-3.561886264902564,-3.4208987800095643,-3.555655841226522,-3.571503034920356,-3.5569528425739225,-3.343446975318248,-3.5871876331023866,-3.512954084940453,-3.553378247107685,-3.5455873939947313,-3.553491728641275,-3.5461643072549194,-3.542943379238629,-3.545549281432003
2016-02-09,-3.6516793782280104,-3.4498251565625533,-3.2543132069061897,-3.4449284199632655,-3.468969185387106,-3.444349916340627,-3.1632433359443284,-3.4683731761821837,-3.4242922563004736,-3.4445833438495237,-3.4266978870204943,-3.4366890411595774,-3.427033631981509,-3.424401489993464,-3.4266161736673704
2016-02-10,-3.878549283546506,-3.552532361334494,-3.429559451030159,-3.54740098172948,-3.511008752277935,-3.545935373387729,-3.350257054706344,-3.5778297957722502,-3.4174059866017057,-3.5460180345191907,-3.5372620697510153,-3.546636605802811,-3.53746946944974,-3.5349764381656574,-3.5372069790981486
2016-02-11,-4.34164155501363,-3.4006570033733476,-3.2788027600351373,-3.395595404032867,-3.395413019331921,-3.3972743523569955,-3.2265822192541376,-3.429849447613093,-3.3315066217833365,-3.396679938612744,-3.3871103575693646,-3.394255425945924,-3.387331233270477,-3.3858204103006817,-3.3870611164378377
2016-02-12,-4.563856770457573,-3.824988427587762,-3.6986728083499703,-3.822499474842727,-3.792264096113162,-3.8233563937129413,-3.635789817396665,-3.855834867195558,-3.7318354836148795,-3.8246914964132332,-3.8117627895937076,-3.819301099764532,-3.8119912346355678,-3.8117831894528558,-3.8117313518746996
2016-02-16,-4.660036559338022,-3.9057387378578343,-3.8314333580985087,-3.9049778987555213,-3.8813978703787884,-3.9071624864852894,-3.792872982627618,-3.9386271937228603,-3.8249084828600375,-3.9072860319777583,-3.8987397442360763,-3.902945863943806,-3.898888963817006,-3.899242606081755,-3.8987342400020824
2016-02-17,-4.446415421513681,-4.1317452236466305,-3.9992282760309603,-4.1336279866741155,-4.075091224597404,-4.136268859215823,-3.9331646340439645,-4.183940466527085,-4.001572758367256,-4.134915845723019,-4.118247115037259,-4.128873604365161,-4.118710671813557,-4.119259955579823,-4.118233042036886
2016-02-18,-4.368521587379443,-4.193070539880734,-4.066932880191748,-4.196602324698793,-4.163762572918872,-4.200330220889728,-4.005920457160752,-4.252429063923597,-4.116584234916896,-4.202173718901418,-4.181350901507358,-4.1890785813340585,-4.181517727704129,-4.182580264261755,-4.181333859993622
2016-02-19,-4.3998169612752465,-4.1600293406053135,-4.066336602067514,-4.163149647008622,-4.12411776242217,-4.167183049144902,-4.015008834121853,-4.210509809102177,-4.064645758667741,-4.170266385927258,-4.1505367492916125,-4.15674756530656,-4.150677358355685,-4.151756522204216,-4.150542023859858
2016-02-22,-4.24750433151011,-4.676888916235579,-4.516679858310141,-4.6802901573453335,-4.664463150334533,-4.682310576430077,-4.433768127677384,-4.726292514606906,-4.59790705877165,-4.680953656562222,-4.657902334503418,-4.6643594248673415,-4.658231615751458,-4.659229978750877,-4.6578788760977705
2016-02-23,-4.230071288227967,-4.3903408411359575,-4.303796399228083,-4.391396333882295,-4.324606452023909,-4.394867349267864,-4.237144957830517,-4.434102606796692,-4.274229475709,-4.400566626452189,-4.379027425003268,-4.386847274470791,-4.379787720040537,-4.380101781312577,-4.379024608246856
2016-02-24,-4.34646904801661,-4.087826471901026,-4.00540577299504,-4.087813279053212,-4.0515378378356015,-4.089394691111072,-3.9460906686127863,-4.128907435119141,-3.9698530592140067,-4.09020107726657,-4.076589609121824,-4.085096907459873,-4.07706173589368,-4.077395694264375,-4.07655181760526
2016-02-25,-4.446307271786898,-4.21062952939146,-4.172669017233241,-4.210348399981204,-4.1353912319892965,-4.211177246225155,-4.137504489508873,-4.264029928981296,-4.059635179735141,-4.209215515170899,-4.206005779484161,-4.2100264767042885,-4.206142286849496,-4.207124715609542,-4.206020152501771
2016-02-26,-4.4796194434277075,-4.278682722599721,-4.211409202364225,-4.278735627554838,-4.228249258209259,-4.279469165359719,-4.1623990488909275,-4.338914709721809,-4.211733562183791,-4.278914431092883,-4.27339939257689,-4.277899748631062,-4.273457194719862,-4.2747402478048855,-4.273413009802025
2016-02-29,-4.542663589258509,-4.207814340979837,-4.225554776136274,-4.208391927547925,-4.146280454970022,-4.209035829015789,-4.220134753178104,-4.256527591476038,-4.091949670201919,-4.209356554076552,-4.209629276827037,-4.209319903786545,-4.209614003475801,-4.210762044862902,-4.209667100932764
2016-03-01,-4.511724136289745,-4.296317063109963,-4.251343559992444,-4.2981408702967965,-4.250529350870414,-4.298385079353176,-4.243628874088883,-4.350327920714961,-4.226417315740886,-4.300009671278789,-4.29393804074625,-4.2961933424821375,-4.294094775508941,-4.295475641614138,-4.293976553473455
2016-03-02,-4.553706344659789,-4.279192299426407,-4.2651768730897945,-4.281177462580125,-4.203162720220104,-4.281007039651425,-4.2578930758861055,-4.34657289698342,-4.173159931952434,-4.28140944255446,-4.279988825829784,-4.28076968452794,-4.279926079224366,-4.282080559613906,-4.280046755628904
2016-03-03,-4.257429900200663,-4.470569329112282,-4.413842674375759,-4.473018562980179,-4.3927152649537256,-4.472459735029203,-4.366073100588481,-4.545579896427092,-4.338633578665248,-4.475642260188494,-4.4648649755553285,-4.470521188616095,-4.465121652704617,-4.467468500171933,-4.464912294269809
2016-03-04,-4.353788790867679,-4.395850849010929,-4.276366473336644,-4.397514732615607,-4.2599845156835965,-4.397819925733993,-4.204803815679599,-4.469439885660467,-4.207514926312812,-4.399944069765232,-4.381903052291605,-4.3924218523995515,-4.3822356912227765,-4.38451658601685,-4.381934313090684
2016-03-07,-4.450362239757079,-4.422465313883409,-4.36736158406765,-4.423596089282228,-4.3235409031644645,-4.424821959444356,-4.31487166819809,-4.491929715130215,-4.261979179328326,-4.4276336286024,-4.417285153207594,-4.422221528080109,-4.417526538874159,-4.419737338681429,-4.417322643237493
2016-03-08,-4.58387082928161,-4.360127880473976,-4.277593064666825,-4.359971781741582,-4.249303727187395,-4.361399056752043,-4.23069528164573,-4.417908427274224,-4.165484143280505,-4.364379317071156,-4.349862303294031,-4.358267536550088,-4.349956645666396,-4.3524215703433615,-4.34989108470202
2016-03-09,-4.512314703841749,-4.4604802713445615,-4.395497434812593,-4.460477585560732,-4.35680767889524,-4.461551838948182,-4.34955076526206,-4.526731526392079,-4.28304657875945,-4.463031909421785,-4.453566302851575,-4.459808225154843,-4.4537361117882295,-4.456391414555584,-4.4535966965575975
2016-03-10,-4.974321808640978,-4.0762782851668815,-4.045783279890651,-4.076115837167814,-4.031357500691951,-4.077409352341545,-4.028207857907086,-4.121726993601222,-3.981234352466763,-4.079243773212513,-4.073484339717672,-4.076069704443727,-4.073509276018055,-4.075537157583393,-4.07350651934468
2016-03-11,-4.952800204759179,-4.830272285161346,-4.750166460907158,-4.831216976671049,-4.773267220238887,-4.8311923643355055,-4.728491743431633,-4.88247357954448,-4.706245504988368,-4.834158189458435,-4.821624196545951,-4.828015556753719,-4.821683460060772,-4.8236486854134215,-4.8216384973767665
2016-03-14,-4.949527221310816,-4.778333928978513,-4.706801414829563,-4.778360083166476,-4.685894513430733,-4.778655231336881,-4.681611648875385,-4.818915105267967,-4.609171601299945,-4.780472677355081,-4.770007290368912,-4.776331285404907,-4.770049971699241,-4.772176628899446,-4.770045890820472
2016-03-15,-4.995957085845841,-4.7786113365661835,-4.737926471399897,-4.778301750255489,-4.717461808124033,-4.778238627037138,-4.702362814759319,-4.832485428588863,-4.646182650568063,-4.780129498225088,-4.773563246093073,-4.778338993343782,-4.773734827737062,-4.7759478007014655,-4.7736024094197385
2016-03-16,-5.326449317962744,-4.442479014222914,-4.325629953524752,-4.442235502657662,-4.416618206034668,-4.442076244055645,-4.28228790736858,-4.509137157439649,-4.418081846767558,-4.44485962071119,-4.432880475314125,-4.436927566363905,-4.432843629776382,-4.435311306416557,-4.432907029965564
2016-03-17,-5.436016344076318,-4.862305046931844,-4.7481610825485205,-4.863587606829912,-4.800367613807049,-4.859801862957439,-4.722988231778259,-4.9005549185352955,-4.701551454720075,-4.865214311918795,-4.848344548461597,-4.855741347235087,-4.848349584943412,-4.850498271173187,-4.848348564625874
2016-03-18,-5.436062392896749,-4.96726847812041,-4.79021310204578,-4.9698648003219885,-4.914129095493595,-4.965677607856217,-4.737016191285025,-5.024410624011626,-4.846019695728203,-4.968758710440396,-4.947535139368161,-4.954848305621663,-4.94768858439948,-4.9500521540013445,-4.947530086921851
2016-03-21,-5.356454735902495,-4.935534722510416,-4.847251427590264,-4.940041776899625,-4.868564688989488,-4.935698136826548,-4.826191975891933,-5.013955082180472,-4.836627636733715,-4.9414303859931,-4.9290661897237165,-4.933821972367177,-4.929328076979172,-4.931828408894248,-4.929123002966557
2016-03-22,-5.325831821420688,-5.013855677143405,-4.942644180931116,-5.018652291320139,-4.965961442812442,-5.015495898718936,-4.931015427890657,-5.0541543462783896,-4.895697057301433,-5.022341997739665,-5.006173543981969,-5.011321561811062,-5.00611632963202,-5.00822768463624,-5.006191854151449
2016-03-23,-5.357624757103874,-5.031490602364028,-4.936576155248583,-5.039755525316129,-4.983383698344901,-5.034951325522825,-4.927259666484112,-5.107356105551653,-4.930152830292879,-5.0495934290741475,-5.023534150071152,-5.027973748342863,-5.023507636201057,-5.0262252219895185,-5.023586142590171
2016-03-24,-5.24001936601205,-5.187021907792763,-5.063149179625242,-5.196172312775529,-5.132102453872167,-5.1922829010306355,-5.055037298058391,-5.241589459210784,-5.045156483332927,-5.204692640131394,-5.174536398660068,-5.179867224896963,-5.174660116475254,-5.177352544841507,-5.174573170252153
2016-03-28,-5.262044237673982,-5.111538797381336,-5.032644197324437,-5.12386638673677,-5.04183530235407,-5.117266292802023,-5.042578385477181,-5.183847182306128,-4.962539549641084,-5.128675358933639,-5.105275625877572,-5.110466907003138,-5.105381360023292,-5.108125472927795,-5.105348533515071
2016-03-29,-5.20155766419054,-4.954542726978203,-4.8784102269392795,-4.965009055941805,-4.90752432644458,-4.961777061497988,-4.880748813941439,-5.006652232946303,-4.840918738093327,-4.975235012812572,-4.947203065088216,-4.9502953736500634,-4.9472584009815295,-4.9494835262705585,-4.947241710558405
2016-03-30,-5.073026576104536,-5.066863803922092,-4.962333520867202,-5.077681428389946,-4.991258435727752,-5.074495777923514,-4.97248124333184,-5.1024410248373435,-4.92252049267609,-5.079872894840903,-5.056905467393696,-5.061536139728583,-5.056955190442832,-5.059397537326174,-5.056949625028441
2016-03-31,-4.893334001170482,-5.152967361366653,-5.085843415800947,-5.165532394137796,-5.103367945748796,-5.158392436655291,-5.102001454757326,-5.206358824666465,-5.031613154060739,-5.169240796777356,-5.14694854049904,-5.150149465024817,-5.146996238346027,-5.149323606772909,-5.147004700428034
2016-04-01,-4.83273059878889,-4.975608790969611,-4.847978547317516,-4.990857478886203,-4.892933139115067,-4.977958306588806,-4.833523559747622,-5.0379963574050945,-4.834112746701228,-5.00203194797865,-4.962920451253414,-4.971722075079278,-4.963082103083839,-4.965424699544901,-4.96295904512119
2016-04-04,-4.707449750989435,-5.167963418495816,-5.046013253168553,-5.181316243138447,-5.097324254690776,-5.173530294818746,-5.041564548051636,-5.228804587530623,-5.047993558288408,-5.202966967528107,-5.155925736177236,-5.162334238850983,-5.15583219727599,-5.158228986141125,-5.155961795316152
2016-04-05,-4.717672802642454,-4.8812875375660445,-4.846400039792818,-4.892699780760592,-4.84087017211108,-4.881702505229176,-4.8516273767718845,-4.956716398683391,-4.804046810449444,-4.914362261938619,-4.879376036322883,-4.881135973441941,-4.879459845066216,-4.880622952424873,-4.879431401032651
2016-04-06,-4.809335802650791,-4.841614786874619,-4.796150247099851,-4.852213118058372,-4.758683319208141,-4.847798045160286,-4.796915529945411,-4.892774717546018,-4.687614353994277,-4.8849765220881975,-4.836208967207911,-4.840873026608161,-4.836081414654552,-4.837351892284725,-4.836254306428756
2016-04-07,-5.0163459225716895,-4.747044486777228,-4.68105048367604,-4.757662840845625,-4.70096780648843,-4.758187128358489,-4.675739396760868,-4.787642171307518,-4.630872117443759,-4.772946500424272,-4.739626497291775,-4.744401280816645,-4.739862283018823,-4.740609962249512,-4.73965956762935
2016-04-08,-5.264255153670701,-4.798627102696974,-4.797255469681498,-4.808593744584415,-4.7469697631714824,-4.810790390550237,-4.804430426755345,-4.841430001924544,-4.664012121180879,-4.83075318086372,-4.798677248499788,-4.7987911057508885,-4.798769261418464,-4.799721678401686,-4.7987166996261506
2016-04-11,-5.478556564556151,-4.755405904381458,-4.75434331617316,-4.7632609428213195,-4.696958066630666,-4.770494492847121,-4.7750372706593325,-4.782577119765842,-4.626152834611295,-4.7915761952483855,-4.754873015124294,-4.755296502213979,-4.754977450728724,-4.756107395640608,-4.75490134747597
2016-04-12,-5.642457738195233,-4.840973015902613,-4.777179149626738,-4.8525787860013665,-4.770452207703524,-4.856104268528236,-4.79481948080485,-4.882022173576136,-4.682309079046848,-4.867818843206801,-4.834454506128995,-4.838831378534644,-4.834453644419806,-4.83601079194465,-4.834498739384237
2016-04-13,-5.712603809803778,-5.0364826156403835,-4.959549879978845,-5.049120896055314,-4.9641925230258455,-5.047340665225715,-4.970737384022393,-5.073238441297243,-4.905058209631431,-5.088512134587068,-5.028624675538456,-5.033284199144793,-5.028542016343023,-5.030032626867545,-5.02865824301048
2016-04-14,-5.537181119357014,-5.299884193404541,-5.155344391999073,-5.308704877069572,-5.225960738390059,-5.3014729596984616,-5.1266123130590175,-5.3182033720348585,-5.200634024412703,-5.348023972656971,-5.28185475186759,-5.288844184233289,-5.281922956528566,-5.283108853786799,-5.2818370986685546
2016-04-15,-5.302632154118642,-5.577362073956091,-5.436629178480584,-5.590447429518063,-5.513064429777062,-5.580443012589492,-5.404362879467945,-5.605221803141604,-5.464434653158603,-5.599138670814097,-5.5605158353767425,-5.5678778108077385,-5.5607075652017,-5.561874512119938,-5.56051043926572
2016-04-18,-5.2817136155019035,-5.256716258848963,-5.193722566333739,-5.270922144497393,-5.182414842760895,-5.261102804569182,-5.222634791541546,-5.290960371143089,-5.12824213715221,-5.277919773454579,-5.250907298250333,-5.253478779719792,-5.25091753386145,-5.252280304811656,-5.250975055018492
2016-04-19,-5.301309341328125,-5.25045514770039,-5.143294419108329,-5.263837735760249,-5.189960471999132,-5.260755816787237,-5.121150404848908,-5.294901338308894,-5.148472776251072,-5.277643546279202,-5.238688382737863,-5.2445102738015485,-5.23919752029929,-5.240019184955171,-5.2387196576452215
2016-04-20,-5.123254640333771,-5.364895948480258,-5.2135621963089855,-5.378449015812264,-5.319692969000598,-5.371767836439111,-5.161899940853945,-5.4302340482831575,-5.294029095853607,-5.3950663259247875,-5.348454364527975,-5.355697223784321,-5.34885234545164,-5.349872648783624,-5.348467255173595
2016-04-21,-5.036023486046929,-5.156386847477699,-5.007711462456493,-5.1744527750156895,-5.142682104190782,-5.153616424393283,-4.943635963244275,-5.279819195068128,-5.139650327729725,-5.181288284060149,-5.143485668496027,-5.151264802250983,-5.143823649515709,-5.1446071911781015,-5.14352000651944
2016-04-22,-4.869317304569767,-5.052372173243102,-4.977129121427488,-5.0690938033824,-5.011567255894793,-5.058142651311302,-4.990632129294572,-5.112232223478086,-4.9628199330058935,-5.044195705560593,-5.045473968524111,-5.05094680359611,-5.04565151042969,-5.046294415409664,-5.045508687669978
2016-04-25,-4.81274860309924,-5.168249041978633,-5.092796361808662,-5.184899910679908,-5.103220524805402,-5.1752852568554735,-5.084157000680077,-5.2163876730801,-5.041086705862044,-5.18766633363591,-5.159262842865746,-5.163681883753492,-5.1593413905988825,-5.160097097052044,-5.1592854593250905
2016-04-26,-4.729871671583081,-5.207784463522192,-5.080417308794732,-5.223024177655128,-5.156750781717284,-5.229333107947769,-5.056763968746455,-5.258503325141241,-5.101428148599159,-5.234061818642013,-5.1936256711530735,-5.201625837070816,-5.193820681887388,-5.193994945531793,-5.193638402481537
2016-04-27,-4.751486816572139,-4.9180318292152725,-4.797822815508376,-4.932400183922067,-4.908774792610471,-4.915452218313122,-4.729910381606352,-5.004713554852735,-4.910182839260823,-4.92163904342048,-4.906171542261807,-4.912804626573866,-4.906396448623999,-4.905856617572213,-4.906182411813823
2016-04-28,-4.759282945036724,-4.893707644566643,-4.7853136420627855,-4.909624768537151,-4.892616293404514,-4.894376326775718,-4.749714457217482,-4.977780603074849,-4.882114759884369,-4.898465252278688,-4.884262654450047,-4.889109591046493,-4.884572469813858,-4.8839705038639165,-4.884321507399044
2016-04-29,-4.87240152271651,-4.707745812750746,-4.5813523466507435,-4.721970289659192,-4.666573018308496,-4.713426460446942,-4.503067432941162,-4.771719737304259,-4.636865192728012,-4.730973646217205,-4.693442996323754,-4.703665078232149,-4.693743012991612,-4.6930109879640325,-4.693453768859861
2016-05-02,-4.892113360059844,-4.8988862697338345,-4.819854371938394,-4.913800453729113,-4.854446990107624,-4.902109871900784,-4.795399387483594,-4.968853041619106,-4.8350165687661635,-4.932379689474227,-4.89234982440432,-4.896878413308747,-4.892450081229854,-4.892334279435567,-4.892424145117321
2016-05-03,-5.041465756024535,-4.840686205048178,-4.760339056221388,-4.854170135397969,-4.791740612719985,-4.850965271079665,-4.7588563883822665,-4.8962894060803475,-4.722004727196102,-4.883236103251426,-4.832853340237002,-4.838506847769883,-4.832859445760507,-4.833125915775485,-4.83292704050404
2016-05-04,-5.132462131389452,-4.851913305018601,-4.7699635217348355,-4.864158784412293,-4.784582075538064,-4.856000698591912,-4.763638864915585,-4.919236895149824,-4.754342857627914,-4.898868597859457,-4.845005411991893,-4.851002875549405,-4.844980423342726,-4.8454659307746715,-4.845080311690319
2016-05-05,-5.092077947619805,-4.824885309269945,-4.73088449689877,-4.839608316278352,-4.7827526480510905,-4.8290194125835715,-4.693536515680216,-4.921444263597978,-4.759987237227277,-4.861794430801556,-4.8174708582879875,-4.823029286985301,-4.8172821541937125,-4.81808064003982,-4.817544332958821
2016-05-06,-5.019193798764281,-4.8614041406727635,-4.767321177306072,-4.874026932700407,-4.807765063548562,-4.865572533005832,-4.750942517747131,-4.935372933427593,-4.78306740002802,-4.888696361187929,-4.854081483846474,-4.857855422880622,-4.854046334522501,-4.854979681468818,-4.854133972875941
2016-05-09,-5.1027280818700165,-4.9595825797464785,-4.889079520891291,-4.9746048653423065,-4.8875486810104265,-4.966317663796739,-4.895349289422148,-5.029661703837364,-4.834668409143307,-4.998352337692963,-4.95413923937212,-4.957485783057944,-4.954065627645627,-4.955315125378119,-4.954205843481379
2016-05-10,-4.912865062760325,-5.317423048748678,-5.198912680056613,-5.328412063365972,-5.270881532502327,-5.3244704382721,-5.158567191093214,-5.37323360805756,-5.21570942777378,-5.349761721811475,-5.305239180527154,-5.310014745256624,-5.305172079797787,-5.306364334575269,-5.305256825241888
2016-05-11,-4.5632189884108865,-5.128350939900013,-5.049919766099642,-5.141694901606948,-5.0469320515532266,-5.134883598053583,-5.035504543672058,-5.174106716226368,-4.98530885919876,-5.1814381430785685,-5.119247218165816,-5.1247583225137365,-5.119408701980021,-5.119928532947729,-5.119310729132373
2016-05-12,-4.478155528313166,-4.872400518057234,-4.797023070110957,-4.883131371139834,-4.818821608298047,-4.8807378863759725,-4.776329866850647,-4.938065953379994,-4.765438511851325,-4.917743516708868,-4.865546591150264,-4.870305280865453,-4.865626826551621,-4.865252781314406,-4.865599642053526
2016-05-13,-4.589712600109813,-4.814162881700478,-4.761886786675774,-4.823678480426602,-4.755699191654834,-4.82259529055635,-4.74233724988508,-4.8682629436578395,-4.6791185939974005,-4.862536907821455,-4.8094617870247856,-4.813786692859924,-4.809651354191759,-4.808634153978645,-4.80950988136452
2016-05-16,-4.582018605537363,-5.206604869344668,-5.110471708571194,-5.215512228674349,-5.142394113546837,-5.213000000936711,-5.081263076783776,-5.253364735857129,-5.075720773546398,-5.233890745326671,-5.195111490400391,-5.20078698208345,-5.195239766685759,-5.194159013415749,-5.195145169069495
2016-05-17,-4.7105667959042155,-4.827305277149672,-4.7483244618211105,-4.833139027644263,-4.777883468497054,-4.832453095594393,-4.699057161701971,-4.868955214906563,-4.714007633754607,-4.871472948573991,-4.816822269133226,-4.822984256460824,-4.816968579497997,-4.815382779505689,-4.816837844629312
2016-05-18,-5.176808356071957,-4.439598541970573,-4.359850733018024,-4.446175126620238,-4.432450143240346,-4.44004153259691,-4.319653439558254,-4.5221996169213945,-4.420369606475923,-4.470327305120731,-4.432783927631742,-4.436333431964565,-4.432929694608425,-4.431547174131812,-4.432797272363564
2016-05-19,-5.709031751263162,-4.5374783711936235,-4.4594324387753135,-4.544737973418849,-4.482804822264501,-4.539920725724999,-4.434745589237427,-4.590202493677412,-4.428176530540887,-4.588486649449758,-4.529006869494313,-4.534756908252934,-4.529216221420368,-4.528523453082231,-4.529025711976275
2016-05-20,-5.85502041612103,-4.980269748592125,-4.942505350121328,-4.988762114726469,-4.952239815909509,-4.983101169402259,-4.933072379738148,-5.044166515301554,-4.925978985594493,-4.996306485196816,-4.978395135910942,-4.980179075892957,-4.978487955411672,-4.978635512830729,-4.978445314994579
2016-05-23,-5.860597647197701,-5.011560618842542,-4.996439634646039,-5.0206453887159235,-4.936079865492014,-5.013791958736745,-5.008708460006347,-5.037700083771198,-4.8772477012793525,-5.054666624338873,-5.009800015802116,-5.010965718451685,-5.00983178568797,-5.010253962150874,-5.009836228321098
2016-05-24,-5.759195569839858,-5.1784061894826205,-5.12806345136826,-5.189662712107775,-5.139805946662738,-5.181547546262908,-5.132291856613775,-5.217066800151912,-5.100984692005082,-5.193218998771995,-5.1732878638851645,-5.176402769848602,-5.17332924020388,-5.1737766701439,-5.17332448893832
2016-05-25,-5.7084770183913065,-5.210364899088054,-5.150779584668957,-5.222273139892912,-5.1804143550556425,-5.2119216246486495,-5.144769382426983,-5.269384442946101,-5.157261261812899,-5.231787901739798,-5.20568138696598,-5.209374526079738,-5.205776837898964,-5.2062382841985855,-5.205717472567124
2016-05-26,-5.470543338344792,-5.445340016051756,-5.363259604280147,-5.461813837241706,-5.375039960193685,-5.4503477457744935,-5.350308818379584,-5.500021467698085,-5.341828843381258,-5.461200147968614,-5.437221219686254,-5.441699311760447,-5.437369068523447,-5.4379567371647655,-5.437267935133441
2016-05-27,-5.371236494377465,-5.541414175643075,-5.475674418749518,-5.555003924845645,-5.503245316491805,-5.542763163890253,-5.475281788463239,-5.617110541289704,-5.4896445905097435,-5.5881703707825,-5.537716266408969,-5.5391480024470034,-5.53784913953472,-5.538523833065141,-5.5377840940846665
2016-05-31,-5.472758521099292,-5.315135699553396,-5.2715496098609815,-5.33119284243182,-5.2892495771515815,-5.315135579282648,-5.278115010586482,-5.409194850976225,-5.248717346484836,-5.352347326732979,-5.313866251664229,-5.314238758678749,-5.313811310312091,-5.314694006670467,-5.313947509671607
2016-06-01,-5.558335922906364,-5.2746868278642784,-5.242828048248072,-5.289617639381146,-5.218115527997013,-5.277059369959571,-5.289091683347999,-5.292749506782682,-5.1354289492397855,-5.302681529505211,-5.27275081007813,-5.2737158413779515,-5.272680568760611,-5.273374320641064,-5.272819121204441
2016-06-02,-5.587707474184703,-5.280439025531872,-5.287849421489836,-5.294343240404088,-5.242359265295953,-5.284553175371735,-5.303764706878836,-5.325164131889324,-5.188596571522976,-5.2836475869104405,-5.2823069885129135,-5.280586187383476,-5.28226814945013,-5.283011911297547,-5.282366361823402
2016-06-03,-5.718510915689007,-5.054117725272262,-5.040013251490979,-5.062514786303443,-5.008008782871813,-5.054846352948095,-5.0791887211147495,-5.053028353867779,-4.964391060686724,-5.083425336298381,-5.052496863240868,-5.05320201519413,-5.052633764160666,-5.053015295876037,-5.052511363605516
2016-06-06,-5.54284276606189,-5.21227704318242,-5.213256153614821,-5.2262982721135245,-5.176522814004205,-5.211061037819271,-5.261259588019473,-5.263289422568043,-5.13541687883785,-5.240952923338905,-5.215115489076878,-5.212362275466445,-5.214991028897297,-5.216001855391531,-5.215159069769545
2016-06-07,-5.182310460314892,-5.586520443659529,-5.543474427996197,-5.600298246464699,-5.533262232809004,-5.587773798255551,-5.569711893795903,-5.61401116700656,-5.467130829536956,-5.598833246135719,-5.5825460271860345,-5.583434866604366,-5.582472701428585,-5.583580557277695,-5.582604737291602
2016-06-08,-5.0442187836677315,-5.4555800687300575,-5.4665798143069875,-5.467237360965597,-5.3829761995775804,-5.456136867717886,-5.520532806478459,-5.432362930574735,-5.297054806512145,-5.4692061301729575,-5.454861235593704,-5.4558347545122325,-5.45488411754078,-5.455466840816313,-5.454920300893938
2016-06-09,-4.848559991923744,-5.343068474434683,-5.365938339173103,-5.354893849937943,-5.285418302209112,-5.347715156670627,-5.417829955658322,-5.362159149332175,-5.221166473845551,-5.3626823407941755,-5.346493714307346,-5.344416375104137,-5.34627871023731,-5.346938784079534,-5.346540111980627
2016-06-10,-4.791138686133962,-5.2821181086392155,-5.276046516128847,-5.292263035629563,-5.255491525498462,-5.286705710162729,-5.291321365834539,-5.314245925909184,-5.195843804025557,-5.33757920489544,-5.282745985349665,-5.28283372679029,-5.283163326570793,-5.282899954756644,-5.2827732471101285
2016-06-13,-4.847286484737233,-5.064840572594299,-5.0500317412156805,-5.074405871848262,-5.004200169550818,-5.06827451508589,-5.07384652641287,-5.093652269436397,-4.955976039915487,-5.104504701413868,-5.064709587180495,-5.064934117198755,-5.0646862683473834,-5.06473523303156,-5.064751663850641
2016-06-14,-5.001131189542519,-4.874394860646349,-4.877799235305199,-4.8822738376802635,-4.824236311612974,-4.87780176648684,-4.924117042982096,-4.87942309536126,-4.751955162118691,-4.909484832904321,-4.87601288887723,-4.874407237630175,-4.87584328161482,-4.875777355692651,-4.876049689109584
2016-06-15,-5.00627492905889,-5.0015473544402775,-4.991900363669246,-5.01098298075776,-4.936436823691435,-5.0037750846323,-5.019694233485158,-5.044159042085175,-4.8827389442022815,-5.054271072724143,-5.002376991417302,-5.001923602846177,-5.0024029016458735,-5.002311671194862,-5.002436223491188
2016-06-16,-5.199815378515882,-4.785913406540895,-4.769034111086568,-4.794924094671209,-4.7318533863502745,-4.788315342464435,-4.788095011868716,-4.82334116160223,-4.662098649788567,-4.816587796067461,-4.784396558568612,-4.785165794495933,-4.784404962019022,-4.784271032422899,-4.784446402471447
2016-06-17,-4.50029914222916,-4.9335205633336905,-4.915974946276389,-4.941465313377215,-4.896565962723665,-4.936772884883608,-4.912588951318782,-4.976862429644429,-4.84911324286702,-4.962027481925633,-4.933021682890361,-4.933828855212276,-4.932986733910184,-4.933143793748275,-4.933048218273218
2016-06-20,-4.232644037444845,-5.07860629891723,-5.076772363844803,-5.085874743455566,-5.026090343531703,-5.080207933079296,-5.094889532232941,-5.127219469733368,-4.9905435096527455,-5.136975972413084,-5.081063763385573,-5.079409394714103,-5.081064369321553,-5.080976633971255,-5.081121994230186
2016-06-21,-4.151091905383617,-5.1718787681512435,-5.1311424233031495,-5.1774305248546675,-5.1063771303862495,-5.177420108873136,-5.136081342597752,-5.221621744545343,-5.059741650788633,-5.217641802840965,-5.169525486868821,-5.170995987930835,-5.169469672480209,-5.168988202653868,-5.169563691388525
2016-06-22,-4.191193214067804,-5.036618000257089,-5.076947918395204,-5.042507484753125,-4.991067016326774,-5.042618939012081,-5.119662702261744,-5.071411393742428,-4.893797530952337,-5.060328080115071,-5.043172138974538,-5.040261280982461,-5.043016982253727,-5.0423767095020615,-5.043225811598705
2016-06-23,-4.13490420543582,-5.194955299610366,-5.252564879014413,-5.197060607022304,-5.139492883470334,-5.19643957089259,-5.275326254675032,-5.217863969045446,-5.0627733494688405,-5.215521261140786,-5.20147913208,-5.199359944054387,-5.202128657128266,-5.2005683231953865,-5.201522777040667
2016-06-24,-4.603531385614054,-4.267251356921513,-4.210008243596166,-4.26774361909158,-4.278316368247534,-4.2676365476886335,-4.171384410861733,-4.3231019070589864,-4.275358268347043,-4.2986885295398425,-4.2618063286337415,-4.265056708027241,-4.2617952092666425,-4.261353668942229,-4.2618130907187455
2016-06-27,-4.9999547876605,-4.345226348142162,-4.310115222932618,-4.345536354186925,-4.308888669761197,-4.346751850552534,-4.301173119403668,-4.36206729655729,-4.262828670637343,-4.353164850053608,-4.341216157971846,-4.342880086978999,-4.3412106396372465,-4.340761864565323,-4.341228373305785
2016-06-28,-4.977303101202675,-4.577037162528296,-4.5483742962679266,-4.5781026952012205,-4.554687409207848,-4.579508209851062,-4.523978414681303,-4.61155820528486,-4.531318430377254,-4.602754220781883,-4.575415200572071,-4.576776110676478,-4.575754710176039,-4.57502667367233,-4.575413373965951
2016-06-29,-4.891881790641775,-4.9927160405421755,-4.867411636237524,-4.994481676408853,-4.934272092901624,-4.995854934015137,-4.823033458528711,-5.010287339087226,-4.879773311310655,-5.006858485618233,-4.977026522424767,-4.984609045891817,-4.977196073401647,-4.976786592013755,-4.977022911486387
2016-06-30,-5.058855728116807,-4.624488602158465,-4.6222941526565995,-4.626530972183173,-4.592599799114799,-4.627496509683013,-4.639085885801717,-4.66540881869146,-4.555696439238575,-4.648903464160882,-4.6264329609197805,-4.625136514697353,-4.626731876253659,-4.626084030192014,-4.6264637329697935
2016-07-01,-5.1258511078707,-4.944397791952533,-4.939523153048775,-4.946915966863803,-4.921995272557852,-4.949915581146597,-4.935320297240706,-4.991157032177429,-4.918018690553785,-4.984634737953054,-4.947134850228416,-4.9453340016365726,-4.947176329768389,-4.9469375679624275,-4.9471751145348914
2016-07-05,-5.2597721182802175,-4.961634482826455,-4.921162446399108,-4.964691260492664,-4.910096941021121,-4.969063613870395,-4.924135422874691,-4.999733033940731,-4.864769411637096,-4.9949310291719335,-4.959176745603958,-4.9614233275655595,-4.959149875516334,-4.9589945177882795,-4.959212943493468
2016-07-06,-5.631533210668473,-4.703965928477576,-4.681108639636193,-4.707376461401947,-4.666924480689875,-4.717356934008444,-4.68122451789328,-4.759364638651295,-4.641842602413048,-4.74330029711917,-4.704546910651936,-4.703961126582309,-4.704699618498475,-4.704505701145611,-4.704578637906091
2016-07-07,-5.85317080982948,-4.887341625721828,-4.857039307447641,-4.8940226557318915,-4.831899815897832,-4.892515114869897,-4.848329780180562,-4.955342085951962,-4.800400951026383,-4.922417209716355,-4.887541303994705,-4.887430651845326,-4.887583624425788,-4.887793478944462,-4.8876159014361455
2016-07-08,-5.925224484205633,-5.166769391916082,-5.136454325861677,-5.173601798601557,-5.124288967126801,-5.170429163755121,-5.126232117482331,-5.236326877212579,-5.115690582328435,-5.194577823829078,-5.167140552022275,-5.166815177953662,-5.167074832430152,-5.167638515541735,-5.167188946576112
2016-07-11,-6.016890890347694,-5.238322696873756,-5.2379893559347765,-5.245280991009071,-5.201096196266002,-5.247106229034445,-5.260832795249988,-5.283247352982962,-5.167874950422147,-5.275202973250093,-5.2413462019449675,-5.238649601837136,-5.241159823434348,-5.241847085957068,-5.241417333432684
2016-07-12,-6.011744816724293,-5.386557450143824,-5.352325081297151,-5.39412445497592,-5.3558782612414,-5.393843807669466,-5.351012755425005,-5.452860639073537,-5.346802399219894,-5.422340360394534,-5.3868284005635365,-5.386867403407019,-5.387064918421289,-5.387324932356482,-5.3868899731482935
2016-07-13,-6.167269752986925,-5.279707694195829,-5.2421297368654285,-5.288277206213328,-5.221216014160734,-5.289712517020684,-5.2669134324339835,-5.288263422250647,-5.160934957322181,-5.3187864093150266,-5.2781616056500305,-5.279635469882198,-5.278386797847636,-5.278890074560806,-5.278248613772884
2016-07-14,-6.1951140509651035,-5.389050461579132,-5.350467457189018,-5.395605129045193,-5.355233282260742,-5.404292162436795,-5.371003843666205,-5.407386285504505,-5.329528186331173,-5.4288396170297775,-5.387196111731209,-5.388653217544163,-5.387285128543181,-5.387858015592641,-5.387255219042701
2016-07-15,-6.239313857227036,-5.513069705942608,-5.492006782805932,-5.518375940323615,-5.487816803109561,-5.531928934984389,-5.513368007819371,-5.511333823538088,-5.470858018987733,-5.5663884690452985,-5.512774608279159,-5.512992746525079,-5.5127788723093145,-5.513349573202314,-5.512797500161476
2016-07-18,-6.144300995019565,-5.665688123205079,-5.658380249656814,-5.671172316072332,-5.6274202370339905,-5.679242284121907,-5.692253045460405,-5.641287244086428,-5.576722571057526,-5.687757674535682,-5.665142889216445,-5.665412672035188,-5.665112220310104,-5.6656138072558395,-5.665182372383759
2016-07-19,-5.900469093541206,-5.5838100022385255,-5.573993070903631,-5.589411646201294,-5.562026279099628,-5.60535596014678,-5.622109559289817,-5.574842652728023,-5.505159848058304,-5.599445820455842,-5.583917299085423,-5.5842667233434815,-5.5840873102707995,-5.584522662108485,-5.583968211623018
2016-07-20,-5.706636523207836,-5.7166115131150255,-5.689094285857325,-5.725300847094733,-5.68181641287102,-5.730301227588992,-5.736423960464398,-5.700408342992037,-5.61642660993421,-5.7081748315401,-5.715715240141097,-5.71690752106055,-5.716011162740775,-5.716430638951979,-5.715771909038934
2016-07-21,-5.5566021435847945,-5.551876652338995,-5.517841170978565,-5.5610579917924206,-5.5112736182074515,-5.55835043063391,-5.526705406287417,-5.549514471366531,-5.472327681319007,-5.53966786027674,-5.549605516818353,-5.552548568777793,-5.550008805663619,-5.550288384609916,-5.549631794149205
2016-07-22,-5.452023025254082,-5.702317321209291,-5.654560385811521,-5.712341171196737,-5.654197869243988,-5.691984122796016,-5.654607077238885,-5.702590174494106,-5.60617059142806,-5.662087617812781,-5.6967085122873895,-5.701512732792781,-5.696892385063035,-5.697341666737711,-5.696731485304643
2016-07-25,-5.3248991935006,-5.558132314298643,-5.559115258158474,-5.568034314347499,-5.521818462938709,-5.577001300713562,-5.584189014480474,-5.5520568437917435,-5.431319876117967,-5.556768109939653,-5.557369296383207,-5.558496517360394,-5.558035290563,-5.5579864997082735,-5.557413954671067
2016-07-26,-5.249204502265978,-5.259223044282089,-5.237932326813834,-5.269573672209189,-5.229622273793936,-5.24798688102605,-5.2297465349085925,-5.258020631300017,-5.147830382693985,-5.211776696439129,-5.254774300994364,-5.258750185138775,-5.255272758568158,-5.255096434508316,-5.254784517035677
2016-07-27,-5.308937041197669,-5.3083396933312565,-5.18838154263451,-5.319706959072941,-5.29608803414772,-5.314850185961353,-5.13182735464817,-5.423490571629119,-5.269965855315458,-5.341352718749898,-5.29936314647781,-5.304677036735625,-5.2995626469596555,-5.300122551313571,-5.2994371530975
2016-07-28,-5.42396939775014,-5.256196734183972,-5.180363089580232,-5.265693622321613,-5.231438982305242,-5.261129787613859,-5.173171331247919,-5.2654022390741595,-5.183829445490374,-5.247930845828325,-5.249180404761513,-5.254970785499756,-5.2495852761223984,-5.249699727656914,-5.2492608031396335
2016-07-29,-5.554761402240315,-5.3606065614911165,-5.297177989912452,-5.366596714795178,-5.325357303806671,-5.371824535437464,-5.296056285288647,-5.368782413635808,-5.285321037892046,-5.38763479641178,-5.35301886111545,-5.358321699359311,-5.353447178983803,-5.3535132456507615,-5.353077160813953
2016-08-01,-5.817321055354545,-5.208917457894317,-5.179347409991762,-5.215574760700831,-5.16128756992238,-5.233389274838064,-5.2096641949548035,-5.211290667953104,-5.089767674556313,-5.263331751524335,-5.206631912505801,-5.208096235457349,-5.206651095297272,-5.207333514083648,-5.206688511039629
2016-08-02,-6.300253139615239,-5.113682362769612,-5.081222687144019,-5.122006597482087,-5.075582913025769,-5.134703030730888,-5.091386450659528,-5.161887693531112,-5.001864222613634,-5.1509521341176745,-5.111309454410848,-5.113257691902065,-5.111421854071045,-5.112233647645641,-5.111392207983145
2016-08-03,-6.340389735958905,-5.4326338827260665,-5.3640397041999215,-5.442031030555121,-5.389244073087349,-5.452938703861898,-5.370399607190491,-5.46787216035549,-5.287960777411904,-5.4746674097989345,-5.426110421148821,-5.431681231364878,-5.426188132322844,-5.4271627834488925,-5.426197054201589
2016-08-04,-6.440847060455933,-5.517954426181242,-5.450998398366947,-5.5260175744045945,-5.482972395928709,-5.54652880832744,-5.445382779502555,-5.542623760009999,-5.41305597201538,-5.61172608543599,-5.514836465239554,-5.517281266490517,-5.514803632515138,-5.51580586221598,-5.514941633049877
2016-08-05,-6.410792760701066,-5.8487688637172175,-5.741560757040259,-5.855087359769502,-5.825907429347583,-5.882505379056218,-5.72929941778532,-5.891106307190707,-5.796035875808039,-5.936410138930467,-5.840642981962667,-5.843827777238442,-5.8409609259999735,-5.841470446540258,-5.840707866464487
2016-08-08,-6.4696624915831045,-5.990482428759905,-5.908097048331475,-5.996757849726574,-5.961352513199378,-6.021507879900724,-5.915016092403914,-6.006273080812368,-5.901678377970158,-6.03960340823896,-5.984158653983335,-5.9875877393050105,-5.984185451028494,-5.984862409353141,-5.984206764699695
2016-08-09,-6.409498676788323,-6.0160225039092055,-5.952457779543384,-6.023621578355936,-5.9910200613218505,-6.050941269943484,-5.953932714961791,-6.051213696733379,-5.932240955811421,-6.079290205706757,-6.01146956365617,-6.015090598203777,-6.0118202929646305,-6.012159989131358,-6.0114983272591065
2016-08-10,-6.191651303565517,-5.7627853170523755,-5.734393666528194,-5.770478403082726,-5.721720292344873,-5.77550962255741,-5.760679573627821,-5.723789622328353,-5.637556527588249,-5.765045175862502,-5.759427415165808,-5.7622705814819675,-5.759711755190583,-5.759837087368034,-5.759462345151102
2016-08-11,-6.215631224947319,-5.919147985302184,-5.876568047079028,-5.9252231964569315,-5.8847336829343435,-5.971578125825965,-5.912579217863786,-5.87334559398394,-5.818587275752035,-6.014954151432522,-5.915272649965037,-5.918135810795119,-5.915412324664158,-5.915812713554959,-5.915292294406268
2016-08-12,-6.16724195744802,-5.988036686522103,-5.950970893572177,-5.995511303935566,-5.950225843348132,-6.021129524049944,-5.963780893379981,-5.9723753586303,-5.892674705198944,-6.073237101196277,-5.985133953434265,-5.9878454940834525,-5.985362229241084,-5.9856681738139415,-5.985153307494754
2016-08-15,-5.793604763846262,-6.3528374593216625,-6.278162399510797,-6.359456953898123,-6.333384917586532,-6.390828274436547,-6.261341691035616,-6.367248156703387,-6.329933343967897,-6.428466519516505,-6.345554624402601,-6.35040971219142,-6.345813722884423,-6.345861535740812,-6.345546987718515
2016-08-16,-5.835012580074693,-5.945097183388896,-5.8958398256392135,-5.952397838589978,-5.921570196946917,-5.980247747903364,-5.882250032083275,-5.989420624650985,-5.900629599829577,-6.041031965748912,-5.940893771291478,-5.944662387336123,-5.941261669971206,-5.941267988971568,-5.940920335661819
2016-08-17,-5.974846470600614,-5.5535408418235575,-5.537450215202871,-5.562541457619881,-5.541222748774636,-5.575015649689423,-5.510391798587597,-5.685518072215743,-5.546662206752434,-5.637016031073531,-5.557659945122207,-5.553781906783151,-5.557648954165984,-5.558265246101696,-5.557726424791778
2016-08-18,-5.880571866439989,-5.9333694128542,-5.886110529783585,-5.9399420638044935,-5.912992902031942,-5.981727284834185,-5.872847227876322,-5.9719954170143685,-5.892809956353069,-6.021905351245699,-5.929964420248166,-5.933078445186382,-5.930283365640756,-5.930390815623301,-5.929986058788351
2016-08-19,-5.308537733300896,-5.8389266883015,-5.820322839063596,-5.845895654383137,-5.820305696171426,-5.880938036013437,-5.830844943377825,-5.8524271793982825,-5.74972401921184,-5.872936788771164,-5.838257725859138,-5.838856408571758,-5.838270926683566,-5.838671582094156,-5.838277000320562
2016-08-22,-5.468375130114215,-5.412633214463742,-5.4474260619674855,-5.418038616789875,-5.381193183597483,-5.450054793584273,-5.482142671102919,-5.401020815289778,-5.281679654642886,-5.437282696811143,-5.416567252899085,-5.414406755671049,-5.416700862242484,-5.416944150262504,-5.416597979416056
2016-08-23,-5.3986070499053405,-5.9524319617212385,-5.937503392096471,-5.9569104257874,-5.9257565891884445,-5.9728073821385586,-5.957271860682787,-5.938539498925649,-5.889039726195832,-6.0020636943339,-5.952958345076505,-5.953764065349878,-5.953050353636991,-5.9532948014865505,-5.952993513094112
2016-08-24,-5.378213774064993,-5.669567220018007,-5.6863048946865336,-5.6736207083553865,-5.651239509176791,-5.713341305063697,-5.714384637902893,-5.669352181757381,-5.590865223920372,-5.739881075512251,-5.673392150784421,-5.670460221260928,-5.673412453061742,-5.673567989906531,-5.673426805147848
2016-08-25,-5.2058099340993875,-5.652413796741663,-5.635973856322799,-5.656703406258147,-5.635696285092989,-5.695187318482624,-5.671332476561592,-5.627418332721641,-5.53686948896594,-5.6887418309795015,-5.651254262422247,-5.652702696403745,-5.651416666369094,-5.651278332335963,-5.651304463105967
2016-08-26,-5.6642040485947485,-4.992342106281023,-5.011504385002823,-4.99451653416951,-4.978252656312148,-5.0620881103980455,-5.029418910706953,-5.051637839503784,-4.960420679295411,-5.072859910922735,-4.99996028881784,-4.995503068191996,-4.999995001883575,-4.999934363662932,-5.000016197067191
2016-08-29,-5.613827315799774,-5.733610708444836,-5.727941467686448,-5.736748450529577,-5.717896980782154,-5.7799344366155685,-5.740244081339694,-5.773796084214147,-5.695754424823504,-5.810704343932604,-5.73575474946401,-5.734186362356149,-5.735764482591406,-5.735803492675727,-5.73581842816904
2016-08-30,-5.644156531833512,-5.561261297279595,-5.566084693957463,-5.5641848105761875,-5.546343576149924,-5.598287642072365,-5.5586827477224965,-5.646937704067405,-5.547753360652729,-5.642593889058338,-5.566877878335862,-5.562887740834634,-5.566844654230142,-5.567052378465368,-5.566948864431994
2016-08-31,-5.648999424813613,-5.499918948237218,-5.502365987722061,-5.503070101402864,-5.460352714309051,-5.5668006747636385,-5.519964371565467,-5.51296162327969,-5.428561193771677,-5.626558609712242,-5.503037637360659,-5.500718061237164,-5.503556300687042,-5.503167524811785,-5.503090778232824
2016-09-01,-5.546724672858265,-5.1943574769990954,-5.203454669551051,-5.197138881758581,-5.160123916149256,-5.240799863081154,-5.234859792881192,-5.208527931979176,-5.123126452310881,-5.274829821191009,-5.198817996947009,-5.195018754632285,-5.198751648192621,-5.198999786974732,-5.198890983886261
2016-09-02,-5.088803780662403,-5.623531275312893,-5.60006605010919,-5.626725112934899,-5.608885298048824,-5.692561903063009,-5.595448025959314,-5.678888329527397,-5.605283690041558,-5.711177310051521,-5.625396427373201,-5.624141478809163,-5.625421950698577,-5.625633108539656,-5.625459224790044
2016-09-06,-4.535974598976154,-5.629650466001154,-5.609353371538115,-5.632043741422152,-5.605953019529095,-5.683903124041247,-5.619001697816728,-5.662391712471623,-5.5954381895918495,-5.725156171215832,-5.631368330883757,-5.6298066521501,-5.631411797747323,-5.631333656193276,-5.631422279432084
2016-09-07,-4.392674091989485,-5.692069685008011,-5.671648050292924,-5.693682405548315,-5.652752887474774,-5.717204628828986,-5.680377910780059,-5.688153560417057,-5.588993419398677,-5.722415214953579,-5.689940337827815,-5.691058070229337,-5.690094499863842,-5.689762424758688,-5.689978185057457
2016-09-08,-4.30936772122704,-5.543458125205196,-5.554969883051124,-5.542652974268842,-5.515743080273698,-5.559976310318028,-5.556876689806674,-5.588610446256617,-5.4343402856744705,-5.562643565822594,-5.545631599978153,-5.544665631841445,-5.54576550507722,-5.545240098521896,-5.545682887242564
2016-09-09,-4.368909363593787,-5.136729878572721,-5.119285068123094,-5.13344670789649,-5.116873878982881,-5.1830433062455965,-5.098649625810876,-5.196948063207775,-5.110332443460223,-5.171425573999738,-5.138161424130231,-5.1375016211107045,-5.1381301305350355,-5.137770740727954,-5.138209653798266
2016-09-12,-4.514910942445093,-4.854849832056901,-4.825999386998596,-4.849272240038095,-4.829099260385035,-4.900119244320734,-4.814248548987989,-4.8924057569257275,-4.792456170776719,-4.884734198257522,-4.852826346295056,-4.854759167797004,-4.853041721002448,-4.852352600808698,-4.8528696761229995
2016-09-13,-5.011046096381057,-4.483738636185789,-4.495809974731341,-4.476688613143215,-4.466169193508861,-4.52486393833002,-4.475177115466794,-4.53119947273245,-4.4555983703972215,-4.533935256891898,-4.486968669578596,-4.485867245333678,-4.487494467441611,-4.486459786407578,-4.487022770748169
2016-09-14,-5.0703845770428435,-4.742421388752715,-4.739508943338127,-4.734852591319348,-4.698499896548511,-4.760057105506341,-4.729661530382118,-4.786654530556183,-4.631513622573467,-4.775080133099977,-4.742909310170341,-4.742861384872126,-4.742880204327255,-4.742397979016144,-4.74296836566017
2016-09-15,-5.230768615639078,-4.77823479264417,-4.796774977594782,-4.772653142846005,-4.759878215128246,-4.817300924747721,-4.796934876319728,-4.806548595640301,-4.710958871287511,-4.81916337256292,-4.780315146747131,-4.779163209596971,-4.7805143971040565,-4.780040422438708,-4.780355290923689
2016-09-16,-5.3249270142305685,-4.956112299141143,-4.972859561364184,-4.951546690428968,-4.9493224876591295,-5.009654214411357,-4.9753676808955865,-5.0024698444999975,-4.946941424163464,-5.0042614330198,-4.960450716354828,-4.958256033721244,-4.9604554708179665,-4.960278631356726,-4.960486165086887
2016-09-19,-5.402218073800029,-4.971711136784649,-5.00967571477999,-4.966957557987728,-4.9414355076168075,-4.998309110206402,-5.030833520934262,-4.986208095162109,-4.889037449042688,-5.000199941731333,-4.9758164706708685,-4.974407738474053,-4.975747171176069,-4.9756496981753955,-4.975854569799098
2016-09-20,-5.344252654420272,-5.180331041212146,-5.203130953025683,-5.1758648882532015,-5.151870515156963,-5.233002362701903,-5.2195408337735705,-5.199314549005007,-5.117253526402908,-5.249381943263415,-5.184373065912426,-5.182645736561415,-5.184273807815751,-5.18429943840591,-5.184428892342264
2016-09-21,-5.472494517856242,-4.916656441395324,-4.9395107025671905,-4.91075350966333,-4.911425249060139,-4.970146375563788,-4.935362292435039,-4.966822485325813,-4.927557759751228,-4.986161075811128,-4.922822849578319,-4.920121099493754,-4.922848253594604,-4.922753624947738,-4.922890953983538
2016-09-22,-5.0913438846960934,-5.217708109566916,-5.239006451847701,-5.211500964125616,-5.203371689688803,-5.269013835780966,-5.242160722209526,-5.254379085812056,-5.198582461431887,-5.31648681559316,-5.222905973885362,-5.221292691427243,-5.222988693152437,-5.222966194020761,-5.222985945165812
2016-09-23,-5.036044842026261,-5.348598086901855,-5.335390391589577,-5.338579599451457,-5.319781285203096,-5.3940720758588885,-5.321511109547073,-5.382616388461806,-5.2806422918996585,-5.409870944814285,-5.347859719234837,-5.348945064791087,-5.347948131395966,-5.347862991768916,-5.347929902393168
2016-09-26,-5.013923888181306,-5.27291276456717,-5.274646149805143,-5.2649603010847805,-5.248497244842186,-5.32537981083184,-5.274975695674805,-5.291995964989904,-5.217859406031875,-5.324565863778806,-5.274246970978504,-5.273618536633192,-5.274361192091668,-5.274210355275585,-5.2743090601390445
2016-09-27,-4.894374430877935,-5.129111415703914,-5.156180840172065,-5.1192674194893355,-5.116465420378496,-5.1847815827158925,-5.1462775039784425,-5.161153449712394,-5.131902787577925,-5.196610145256742,-5.134110592934506,-5.131148783253252,-5.134089872589908,-5.134037913568468,-5.1341594700733015
2016-09-28,-4.981176421391642,-5.144117723303907,-5.148343356008512,-5.128002909057929,-5.105840757611342,-5.124531522953326,-5.122020006336809,-5.20402595341296,-5.031253361257539,-5.238600484388118,-5.144717278883645,-5.14553409486774,-5.145036838276136,-5.14436745397997,-5.144822253890064
2016-09-29,-5.318515131183915,-4.748735176698369,-4.743846745897332,-4.735280886082907,-4.722931123388815,-4.757598164163838,-4.7346608669188806,-4.782650302813447,-4.6827501953744495,-4.813266411233211,-4.7490502100594245,-4.74894143107787,-4.7492925702812805,-4.74878290933555,-4.749126292057638
2016-09-30,-5.193276142533919,-5.108592672439713,-5.092395741555804,-5.0994450287009405,-5.1029482707553715,-5.186501638706928,-5.0911069408593015,-5.134923470802815,-5.122536209450485,-5.190798632305599,-5.110211135067495,-5.108556600238606,-5.110191119885702,-5.110243843348333,-5.1102685768513485
2016-10-03,-5.312237415429498,-5.118213981487764,-5.120932385931705,-5.106725216400807,-5.115793119574849,-5.198708390378147,-5.105038513064082,-5.156546599640935,-5.172040819459635,-5.208474073267588,-5.123268256815881,-5.11958416373365,-5.123153230724803,-5.123299985428195,-5.123330762781774
2016-10-04,-5.416258149851515,-4.828905122679122,-4.834441510825035,-4.819070048879813,-4.826373484128294,-4.906022714587671,-4.828006465310918,-4.859477911692636,-4.879282920605666,-4.939365141828505,-4.833397928490296,-4.829943996955721,-4.833401475580808,-4.833505862723635,-4.833455424049472
2016-10-05,-5.3253504783837,-5.296993619359007,-5.276351598740244,-5.285538961067929,-5.292998971702349,-5.428712654319629,-5.240235412517876,-5.342088493408898,-5.4095189489940365,-5.446032733912465,-5.3017367801719315,-5.298225812853509,-5.301495264595735,-5.302096516299538,-5.301808752044424
2016-10-06,-5.134697956402565,-5.215565703421503,-5.210216527825411,-5.20290441002898,-5.2139289734370635,-5.306997359096088,-5.179647889398359,-5.255400744748736,-5.2738410770053825,-5.2635712887833535,-5.218362896535232,-5.21664670973702,-5.218302216385869,-5.218731467463198,-5.2184139950324555
2016-10-07,-5.156364485580517,-4.944292822620809,-4.958596148876377,-4.934041476533859,-4.9379861692282825,-5.033984349495828,-4.9557284254289975,-4.970496918982152,-4.937816394721175,-5.011297907188725,-4.948621789772834,-4.946654070477652,-4.948636703334917,-4.948857399305682,-4.948672834802751
2016-10-10,-5.033997567346232,-5.59347867422871,-5.583875639113149,-5.582493628499114,-5.602624160266554,-5.65391725680417,-5.570970228479353,-5.619435532967574,-5.616130635098896,-5.638870496204326,-5.594451353286638,-5.594146995774453,-5.59455407181967,-5.594775548067145,-5.594511739822815
2016-10-11,-5.198509124135437,-5.027727914337378,-5.035628232709442,-5.0187240356613785,-5.028285596233392,-5.104219571906944,-5.0135506944612676,-5.049367745998862,-5.056827033182173,-5.070373122442067,-5.0305453365211275,-5.028502496832402,-5.030570546660705,-5.030665412673952,-5.030576129035419
2016-10-12,-5.2988332158682425,-5.164929257837584,-5.193620907947734,-5.155814633125967,-5.1575601086081075,-5.202664852093818,-5.187150069648434,-5.19615917477601,-5.160473567779892,-5.211637339724768,-5.170154153315795,-5.167667299439124,-5.170116387389183,-5.170354452681369,-5.170225865088018
2016-10-13,-5.313328273507768,-4.932349549484974,-4.927351927814798,-4.920356743953052,-4.911903139028522,-4.97663455417376,-4.911858803487673,-4.9635152678341825,-4.888450619874931,-4.9567976354043966,-4.932337482532757,-4.932827442578516,-4.932504599133021,-4.9325836793547415,-4.932441579909724
2016-10-14,-5.511448919028227,-5.014383396172219,-5.03936772062537,-5.006748835710631,-4.990812744481394,-5.07627892146013,-5.033984168619783,-5.0437143842195935,-4.994505984568313,-5.0322095812365,-5.019071288413436,-5.0167028041712864,-5.019088647577461,-5.019399695423455,-5.019143353577771
2016-10-17,-5.694850433155342,-5.117536925274773,-5.162502415924716,-5.107757927282164,-5.091113912078076,-5.171714010247993,-5.183708659276808,-5.12727305154512,-5.012218388355183,-5.179951677302552,-5.121779230802036,-5.120034681630717,-5.121830273825044,-5.122118587905728,-5.121833765108043
2016-10-18,-5.689015152504916,-5.441265387445026,-5.423034948330076,-5.432824049648696,-5.4322268143830925,-5.500720082146316,-5.398175303027711,-5.479381592730393,-5.507295876002267,-5.564033112106419,-5.443466375351997,-5.441835509742379,-5.443315618421438,-5.443889680726691,-5.443559567135786
2016-10-19,-5.515118666164332,-5.491032373493123,-5.440900926822795,-5.482112900056233,-5.46662819052492,-5.533785658270431,-5.423628606326951,-5.506965765214734,-5.427273701058396,-5.558549857257119,-5.485719398948688,-5.489295732747378,-5.48600854915501,-5.48620127993688,-5.485796778950978
2016-10-20,-5.712564993953104,-4.9953997119955735,-5.0002453258317345,-4.987491231821404,-4.991507600809282,-4.999940480975592,-4.996650761106922,-5.004344337290306,-4.958767296737715,-4.99602968073357,-4.994542369621918,-4.995609906078714,-4.9947032429304805,-4.994901566123539,-4.994574319581733
2016-10-21,-5.128771534568439,-5.421948045173617,-5.390336776253175,-5.412959757513703,-5.417092363466918,-5.463664470052372,-5.386710428053623,-5.434226250340508,-5.391192485279612,-5.473467456662355,-5.419582844722098,-5.421627983511025,-5.420020798801972,-5.420082798682465,-5.4196150313720475
2016-10-24,-5.075550595342906,-5.644151539366764,-5.5996003284461,-5.630418565507226,-5.6352455712167355,-5.694969448192511,-5.569812160600116,-5.665443547745505,-5.641305830047247,-5.742050915650947,-5.641281270250751,-5.643639370257577,-5.6415659031146275,-5.641723767656882,-5.641362385181321
2016-10-25,-4.8507868922490225,-5.533758989821552,-5.466039796709379,-5.521133483931609,-5.515808371699419,-5.572362623466448,-5.436159001459163,-5.5504477109276005,-5.4723976574916255,-5.559823358867834,-5.526102326405418,-5.532661526470296,-5.526369768894013,-5.526048199326185,-5.526152453174283
2016-10-26,-4.7255628158650405,-5.2134515246857145,-5.14290474518632,-5.196484988259918,-5.199510666312198,-5.206902958977591,-5.09697638124633,-5.228974680442646,-5.172776595344659,-5.294362679015655,-5.207615386198043,-5.212632950799269,-5.207721662354272,-5.207215832949838,-5.207721071714454
2016-10-27,-4.737343452431371,-5.2656687030089895,-5.1639770014964785,-5.253634861648629,-5.274872087493982,-5.328723564854126,-5.131563026892177,-5.269158057974461,-5.287766521680457,-5.337064061614855,-5.2566386513473375,-5.262901850372151,-5.25665253802454,-5.256031976125479,-5.2566781243604925
2016-10-28,-5.032716789799792,-4.749864421301369,-4.696441257540973,-4.738031998604358,-4.759366962181409,-4.809161457078688,-4.679399801613456,-4.751598849109715,-4.759611236598925,-4.772057322386783,-4.744064162274229,-4.7491215615060565,-4.744168355031768,-4.74353184441111,-4.744091733544759
2016-10-31,-5.0254255652600275,-5.28116654726185,-5.229465497106102,-5.261831394445972,-5.274130135120673,-5.342966724038042,-5.199110214246289,-5.283784718259071,-5.291314998551029,-5.373730590618213,-5.2765699532688775,-5.280128763857506,-5.276666759843673,-5.276041173927825,-5.276626439567347
2016-11-01,-5.111427892950569,-4.8508691689036665,-4.809419832840136,-4.829790315978566,-4.837749699631496,-4.906951349185914,-4.762920312139617,-4.851788599968419,-4.877035711057325,-4.968008303722877,-4.848752943341133,-4.850381661851145,-4.848949577904814,-4.848099648458351,-4.848807234919803
2016-11-02,-4.583494438010086,-4.805943478163026,-4.764818244854716,-4.781760149834356,-4.8012656991824025,-4.864570421085544,-4.722362971258424,-4.803531603496077,-4.826416060346895,-4.906258207678254,-4.803689199630493,-4.805949329745758,-4.803714485277841,-4.803302854890961,-4.803726790620148
2016-11-03,-4.237290359087559,-5.093276465099488,-5.034113508848496,-5.062689570612739,-5.084330590035712,-5.1635882633526045,-4.996121492818316,-5.085312603789511,-5.097134885768637,-5.274934503294157,-5.089990860218401,-5.0929888390378455,-5.089890786829959,-5.089434186482661,-5.0900297454873815
2016-11-04,-4.169649820218036,-5.133416228104707,-5.0620780359394715,-5.1039282888762,-5.123449166445959,-5.171122907536057,-5.011165565637693,-5.123766391972142,-5.125507764769063,-5.1872547581718065,-5.1266597961769325,-5.131707058787251,-5.12663751898067,-5.125803118460762,-5.126647363733998
2016-11-07,-4.111718391996621,-5.2282997045554325,-5.191268676594212,-5.202717946893719,-5.231935063338781,-5.295370377177293,-5.155865975120272,-5.219710443484423,-5.271634596532631,-5.365926776527484,-5.225300523088874,-5.22761799859913,-5.225827520431627,-5.224500122304285,-5.225274541350688
2016-11-08,-4.166733549663717,-4.997678997735408,-4.976401702113757,-4.967838531040955,-5.001936026037593,-5.0782747257544445,-4.943125280981319,-4.9828140865440576,-5.065806623396532,-5.109589208060546,-4.9977680399698965,-4.997769477328399,-4.997790481877203,-4.9970311820442,-4.997722146800107
2016-11-09,-4.6303704394273595,-4.380103842778983,-4.220081936437923,-4.3622270460932855,-4.3972690118053315,-4.457708568714161,-4.162888007483298,-4.382761400639021,-4.4036821222432545,-4.462826058256245,-4.364167364094074,-4.371220629316724,-4.3644740826717365,-4.3632122953954315,-4.364043325116339
2016-11-10,-5.304707891458781,-4.356748966046681,-4.219803568782779,-4.341654457893275,-4.367437440411295,-4.493764571226804,-4.173589397346849,-4.357391040635512,-4.43244964229987,-4.405879297858894,-4.3464179040262785,-4.349844539051322,-4.346314450308098,-4.345641235924883,-4.346317786273015
2016-11-11,-5.690428404259366,-4.654397236593334,-4.601196137790363,-4.626155610143534,-4.658014539319271,-4.762746948939241,-4.565260937227449,-4.6411328801609395,-4.728489630830106,-4.7641670064828965,-4.651512488986438,-4.654255226069083,-4.6514398255194,-4.651218349956591,-4.651455979828804
2016-11-14,-6.204950182331678,-4.706966341017535,-4.637923522866809,-4.692184304115966,-4.703261045047829,-4.856935277524534,-4.6215968394927875,-4.702222619275327,-4.79810473362051,-4.922135655753196,-4.705945305239014,-4.706222769975564,-4.70572835359954,-4.70596124086805,-4.705928279792746
2016-11-15,-6.354760613615468,-5.052284831032523,-4.951806070575383,-5.030806320331231,-5.056085229840427,-5.18050749300212,-4.9148880779563715,-5.04369475343397,-5.14852349996201,-5.202570401101552,-5.04610426896243,-5.048875753658654,-5.046033139429407,-5.046325434693411,-5.046021992128937
2016-11-16,-6.419684052165125,-5.2032321322125705,-5.137548202128604,-5.184301698582673,-5.203865232250108,-5.284092484321259,-5.10329478371023,-5.189151948504434,-5.290357930966868,-5.299623144305546,-5.200589272073176,-5.202856007955438,-5.200436759185102,-5.201014392682756,-5.200514941003871
2016-11-17,-6.543402969259607,-5.482643595584271,-5.394540547915103,-5.466825947939747,-5.482721891393758,-5.60753816866594,-5.365841795025622,-5.477723602125684,-5.5123549903153455,-5.513178092096399,-5.4766851826155705,-5.481604254670318,-5.476529366314297,-5.477144896424151,-5.476620578941207
2016-11-18,-6.4603061602735625,-5.537988577050135,-5.475755120866106,-5.514742004080253,-5.53890421059272,-5.670036037303719,-5.455335734420905,-5.530420663821864,-5.597844392127877,-5.647970207864009,-5.534627783530408,-5.53702822239614,-5.5345809692626355,-5.535110237058917,-5.5345699370885155
2016-11-21,-6.354950024168626,-5.753222856107611,-5.678652182639037,-5.733807146274418,-5.755335569359564,-5.913664393034039,-5.664546030920126,-5.7463528534243125,-5.8332009186152565,-5.926402070808379,-5.75075129063931,-5.750101571832767,-5.750282221148861,-5.75138303544051,-5.750713909437966
2016-11-22,-6.08027109926996,-5.707477844942781,-5.636025373626552,-5.681377260312714,-5.716838596258436,-5.837843863539179,-5.6174908365676615,-5.6922332966098095,-5.786988911753678,-5.785242230960283,-5.704778080751142,-5.706402933631042,-5.704747039394692,-5.705507541494438,-5.704694632604411
2016-11-23,-5.737227929394362,-5.6323812674547495,-5.582687996037987,-5.612010136918332,-5.6471591571989395,-5.826167044365741,-5.577024312535977,-5.626052439157866,-5.708962343151248,-5.773753989321493,-5.632798902435374,-5.63284763411599,-5.632690127689446,-5.6333101538376535,-5.632759794824292
2016-11-25,-5.591227294507116,-6.024164165218525,-5.9534234309084475,-6.008166005447559,-6.034953516739587,-6.158393537021579,-5.946330004175758,-6.022869907087405,-6.064206468302647,-6.12659586545175,-6.019637987270344,-6.023250627178733,-6.019668718003193,-6.020257873996876,-6.0195549256688485
2016-11-28,-5.603968423520726,-5.590037602385633,-5.540761521693212,-5.565844988218544,-5.582354958671709,-5.741347112518766,-5.536432923199513,-5.577386652869944,-5.601614815672491,-5.816503310004184,-5.589219889722551,-5.589951110742417,-5.588958645220456,-5.589584012703396,-5.589175376126944
2016-11-29,-5.638928885743449,-5.610579864735526,-5.553061771778022,-5.581983992444488,-5.608686091102423,-5.7068719949232785,-5.524410076174447,-5.587551969820908,-5.688510719721371,-5.752779188845363,-5.60769561625435,-5.610372245082563,-5.607915934909623,-5.608315016275664,-5.6075854928972655
2016-11-30,-5.645142290174224,-5.331649698913718,-5.269180353010462,-5.298633636045002,-5.321895288841614,-5.3780094475114675,-5.239606805197575,-5.305435628559663,-5.377054785194492,-5.516839051149599,-5.328316726761511,-5.33084521680656,-5.328108424444737,-5.328958287168559,-5.328199238698531
2016-12-01,-5.819488970978031,-5.116977056335032,-5.056238643223762,-5.0944265405821705,-5.111118637428665,-5.1592002308840605,-5.0430747317801865,-5.107214061153344,-5.147478312472684,-5.225242375846348,-5.113060278864031,-5.116155276506312,-5.112773221786555,-5.113577740336058,-5.112992560954544
2016-12-02,-5.8874788020552105,-5.347061408467718,-5.295897566750897,-5.329644265153186,-5.348978557208356,-5.426747715038266,-5.29191256755841,-5.340694574269008,-5.398915404003528,-5.465009278249128,-5.345406429872031,-5.346112742156821,-5.344909893540893,-5.345960217106594,-5.345341778355369
2016-12-05,-5.831264772490745,-5.502958718290997,-5.45709742512675,-5.483999945813758,-5.499027258872495,-5.636190829764637,-5.462671727691582,-5.49781268779619,-5.562594370078668,-5.71423015664366,-5.504118157557416,-5.503150606865455,-5.50376894179384,-5.504663830510682,-5.504085207243725
2016-12-06,-5.6849451546784175,-5.635154668636411,-5.57264195557114,-5.617131672585475,-5.626433682264481,-5.762497812812116,-5.575832912699285,-5.628291860201842,-5.638437717114195,-5.780087739999367,-5.634058427783291,-5.63480891406334,-5.633754824675308,-5.6347468756147325,-5.6340001972681915
2016-12-07,-5.178547163756086,-5.283569823122872,-5.235625787643401,-5.264297598595807,-5.2924981232370705,-5.400765674552909,-5.232448088282716,-5.275148883126467,-5.315675886795968,-5.37203512838513,-5.279670104545082,-5.2822562777127935,-5.27951726008815,-5.2802494734236465,-5.279617915868569
2016-12-08,-5.054480670557742,-5.34212432718967,-5.291247728998,-5.324845211141316,-5.339164456216138,-5.523032897130846,-5.282833001155719,-5.334886903429873,-5.428024968714081,-5.515288261380824,-5.341991668514378,-5.341885654346406,-5.342023062824842,-5.342613120104384,-5.341975571496648
2016-12-09,-4.990566468113072,-5.544413943431773,-5.485890889141255,-5.5261458516267785,-5.547857210418152,-5.676730527787485,-5.472800863939381,-5.530746385844779,-5.6052733263351335,-5.626469194460502,-5.542995651198223,-5.543678287947935,-5.542671582329268,-5.543599294714174,-5.542922630911912
2016-12-12,-4.990145638589012,-5.484704036286278,-5.410480480152605,-5.455117456385301,-5.473218721476482,-5.578810733454384,-5.389990883270188,-5.457244758145068,-5.452913204753638,-5.617987393783555,-5.47964404464453,-5.483440804457166,-5.479519331531125,-5.480147879955568,-5.4795381041873705
2016-12-13,-5.045708789807592,-5.407500940655746,-5.34839045069296,-5.380141804890798,-5.401178402917324,-5.538627552781325,-5.3271652368064695,-5.376958066291638,-5.443106424132769,-5.5848926567178925,-5.404496389021653,-5.406394113512453,-5.404311656196347,-5.404769958812155,-5.404439022776783
2016-12-14,-5.64397088725019,-4.828583941100938,-4.762078991897097,-4.8038723527966045,-4.823340678345774,-5.037685590910494,-4.723863499646283,-4.806048004755604,-4.948585516841643,-5.146166051667381,-4.831035220448754,-4.827969253214778,-4.830949182443613,-4.831205656902695,-4.830989753014146
2016-12-15,-6.068755268649834,-5.046833887008999,-5.0099123434248005,-5.018774278388981,-5.039417674825253,-5.211545062630449,-4.998932011196652,-5.019571126722332,-5.076719440218656,-5.285882242734751,-5.047006756963314,-5.047463694300499,-5.046748239755811,-5.047329606446937,-5.046984362753964
2016-12-16,-6.469519923700652,-5.22205103269071,-5.180525861545578,-5.197707958028064,-5.221599077300303,-5.3846252481630605,-5.166397220118305,-5.202753103817997,-5.253974184667229,-5.390407623092793,-5.221114663337416,-5.221579165736079,-5.220972323118061,-5.221474279018545,-5.221059638546642
2016-12-19,-6.785545948257707,-5.360079034920627,-5.328197068890555,-5.342321762462933,-5.356165300612011,-5.540637382764524,-5.324925759533416,-5.347116281618343,-5.410525811544511,-5.565677745897132,-5.362597218713418,-5.360880698792414,-5.362278495342825,-5.362943676103081,-5.3625645104748365
2016-12-20,-6.524511516751566,-5.515198850681845,-5.497556222304753,-5.490490341038396,-5.513968176468031,-5.686326128247727,-5.501970663634382,-5.499931390888171,-5.550436840949427,-5.721364883106972,-5.517307711409181,-5.515374701437521,-5.516916775593253,-5.517585323563305,-5.5172725819745905
2016-12-21,-6.409159563107228,-5.889947846744468,-5.847987796004846,-5.869652555364918,-5.888728602870108,-6.017318803745639,-5.84729570065035,-5.876613255378113,-5.917980734646281,-6.0578483032979875,-5.888792730315583,-5.889865584426853,-5.888436693309667,-5.889224170943233,-5.888697621572787
2016-12-22,-6.055195516526827,-5.795432056826643,-5.761490728407829,-5.775451215566847,-5.794339925946324,-5.966573230443492,-5.766876941403432,-5.79166782833038,-5.843648132332532,-6.048897563177855,-5.79653427730795,-5.7954248664112225,-5.79617350519177,-5.796854418903437,-5.796471751745168
