date,actual,HAR,VF1,VF2,VF3,VF4,sVF1,sVF2,sVF3,sVF4,MC,MDC,TMC,DMSPE_0.9,DMSPE_1
2010-02-04,-4.133862060585183,-3.901154642741845,-3.9121965067571707,-3.716797379896011,-3.9706339761232377,-3.926773779276024,-3.88815610595934,-3.7095994206809406,-3.9688563560932684,-3.897656747182394,-3.891729101236382,-3.8980947064574347,-3.8917847470963256,-3.882219996416099,-3.890395875504865
2010-02-05,-4.2801581645037565,-3.645558728106245,-3.6238936694463884,-3.5491597740468372,-3.7226632463340086,-3.6961979603056507,-3.6300015005786013,-3.551638850827604,-3.7526936134455524,-3.6789374284850367,-3.640479447965849,-3.6439998405903076,-3.640370377416812,-3.637056920797816,-3.6398070235667754
2010-02-08,-4.334835333610261,-3.799192956010185,-3.8796288340204064,-3.592476538726575,-3.8698171546681603,-3.8293768605547216,-3.8811674823482187,-3.5569549581955635,-3.8982267938916166,-3.8201353747633298,-3.79479068031008,-3.7988034944019464,-3.794891824483823,-3.7897654730632686,-3.793930447813279
2010-02-09,-4.481761089247526,-3.5627576224758215,-3.7066088030392565,-3.397768713627317,-3.6430870855678994,-3.606177523672717,-3.735164870653382,-3.3689230432951507,-3.640936124471285,-3.583396546328656,-3.5648049643929034,-3.5623423967813466,-3.564491186462723,-3.5645603003652306,-3.5648150478411935
2010-02-10,-4.562716631393885,-3.6207470655718725,-3.856080470096651,-3.388676291956263,-3.688390066912963,-3.673001861125382,-3.8618974055775794,-3.3615682470246377,-3.7284894040633536,-3.6462756603899713,-3.6260894072678806,-3.6226418432904386,-3.6260901318228904,-3.6263415340359257,-3.6262170169678014
2010-02-11,-4.645542531345938,-3.6155231937954193,-3.898087671720757,-3.4530516588686924,-3.6882228344062002,-3.658748386293384,-3.9511294968700175,-3.4554919269501116,-3.7038585776476847,-3.6101278143515314,-3.6319001339902584,-3.6220805804206186,-3.631558033405274,-3.634101844483049,-3.633070931658397
2010-02-12,-4.736769761379819,-3.6785155265638316,-3.935845569537173,-3.5325578276554297,-3.741422240835248,-3.7225868776777875,-3.9974947745628597,-3.4994459959483666,-3.7638893833116303,-3.687150541899664,-3.694983695888976,-3.683324432281449,-3.694760248111641,-3.697721988954077,-3.6962267540143627
2010-02-16,-4.754955420606957,-3.924496962280179,-4.092522771244938,-3.7425924931222836,-3.962857049213972,-3.9412235412886014,-4.107646764854186,-3.6732085688886094,-4.007314494359214,-3.9335707530782464,-3.9273067899297116,-3.924423791760517,-3.927259396940019,-3.9281722229622704,-3.927046133696672
2010-02-17,-4.772536780016358,-3.943606197557315,-4.1812344162172925,-3.8013432214384464,-3.974217696808419,-3.980758543607322,-4.238745211815089,-3.742588081316787,-4.004123490377484,-3.955749012146962,-3.9566167062777824,-3.945141673300755,-3.9564160815071565,-3.9590465257625134,-3.9572876610195746
2010-02-18,-4.780791799123079,-4.091851970716857,-4.288049180664866,-3.9356966406399976,-4.1411788217766095,-4.114817280593298,-4.311498046371779,-3.892193480981933,-4.176098272934406,-4.093555150851853,-4.099806863756081,-4.093447298945678,-4.099677917150185,-4.102274726366249,-4.099953123597003
2010-02-19,-4.801106549815967,-4.117949981274887,-4.3362384780024605,-3.9733332246007516,-4.126343438048637,-4.148541242647171,-4.381233092892124,-3.903901931698399,-4.154751707768783,-4.139075020081972,-4.126784107758686,-4.11843141065605,-4.126577598155362,-4.129242415530038,-4.127377565391712
2010-02-22,-4.784904773551729,-4.2823603218912,-4.406424442332622,-4.158486323031291,-4.366912103873887,-4.313025428955216,-4.414944792298366,-4.174343315411283,-4.4310528840054575,-4.27078840358748,-4.289339503099232,-4.282806568010066,-4.289482327092772,-4.292215757148423,-4.289153243687004
2010-02-23,-4.815969632268908,-4.091128330993467,-4.241842638784317,-3.9307496059101346,-4.140789854319755,-4.112016719354875,-4.265258217235141,-3.8874313511513026,-4.16296966927192,-4.099675805459856,-4.096443425131906,-4.092061720322757,-4.096611419108173,-4.099317469732568,-4.09668055653674
2010-02-24,-4.834811132343176,-4.125019261931681,-4.288571472671427,-3.995923920955512,-4.159725900163589,-4.157379493760481,-4.3160880631200405,-3.9670126467244087,-4.166048007838459,-4.132224117184575,-4.133446136258716,-4.125970039389232,-4.133456625177936,-4.136756125521875,-4.1339513401365
2010-02-25,-4.904404367984204,-4.0688695419390974,-4.278877983055629,-3.9649918958171226,-4.139121610642123,-4.098808259745913,-4.340101603534364,-3.9425859832493715,-4.142787221562754,-4.080953748488771,-4.084924184039537,-4.07242279851776,-4.084819894572577,-4.088742901268002,-4.085946412222496
2010-02-26,-4.94454401791565,-4.076198422722627,-4.345683201528364,-3.9332544281758337,-4.158080011841166,-4.11819388849334,-4.411470213938321,-3.910817020216658,-4.18435664043151,-4.101638529339049,-4.095693631955462,-4.079516330058771,-4.095587929880101,-4.100895486776799,-4.096812314607023
2010-03-01,-4.92140781239195,-4.287835611020512,-4.3162643992505165,-4.1458505632608675,-4.392514407342196,-4.288872362929962,-4.256998330674225,-4.172273506619702,-4.475660601136349,-4.291877816628433,-4.288646631640906,-4.287827377854965,-4.288993505571181,-4.292560507852454,-4.287796047137713
2010-03-02,-4.921280511169905,-4.319634488433752,-4.430760656450223,-4.156965431975376,-4.384038316729483,-4.330006120407185,-4.4136333435122035,-4.146110678377312,-4.42029568081073,-4.315043747143246,-4.321696202187144,-4.319564414682448,-4.321579641796974,-4.326180051971591,-4.321449202541092
2010-03-03,-4.94184526316438,-4.383840925880542,-4.551113861422297,-4.218839758308783,-4.437648855782374,-4.3912677408077085,-4.538693387208736,-4.2075662706809,-4.474955021216676,-4.387408964413131,-4.391090904795789,-4.384462674050008,-4.390817228280359,-4.396234185979718,-4.390940099324466
2010-03-04,-4.958961658767029,-4.5062136662190815,-4.527851160730592,-4.378404987490079,-4.6076489895706745,-4.516662160472788,-4.511956323173076,-4.39103259869745,-4.624718265355857,-4.4994374432004225,-4.505006593492603,-4.506344562537081,-4.505304522617881,-4.508887650828294,-4.504337813725737
2010-03-05,-4.936476195378729,-4.580111037339736,-4.702455514620433,-4.40616856169342,-4.657290458048868,-4.569501047318151,-4.652672442766863,-4.4199871525965015,-4.684627831977483,-4.541795135494956,-4.58165957011444,-4.580174884507713,-4.582067651268718,-4.586340668638975,-4.581407693085382
2010-03-08,-4.932731798440976,-4.680262172969155,-4.7378801064664495,-4.49644087076176,-4.746113321895601,-4.692645655471597,-4.667734902888645,-4.48882881203161,-4.767003654996006,-4.661959658300174,-4.674161094218994,-4.6793202505723475,-4.6743008324899975,-4.679060959227056,-4.673401290319302
2010-03-09,-4.93245873939101,-4.636228443852807,-4.691030663362252,-4.414282674570834,-4.700747357069536,-4.628297316280157,-4.580201652284887,-4.3971155488254645,-4.735949222983501,-4.6126251325049505,-4.62665460223857,-4.63559564284868,-4.62730248452616,-4.632577641649496,-4.625347154023738
2010-03-10,-4.970397198971122,-4.550761808358814,-4.590257488275764,-4.314043837072822,-4.611553592582155,-4.565478349680119,-4.517918300634742,-4.272807679679579,-4.658077073443319,-4.556718617778705,-4.542362903633848,-4.5509647586333255,-4.542840945373484,-4.549794891142519,-4.541417484578052
2010-03-11,-4.972080045768562,-4.6705884740869275,-4.675895577542308,-4.446278103792428,-4.756598909655007,-4.667358636179897,-4.570486591299559,-4.437749145815824,-4.789436251048176,-4.653599854582352,-4.659942577289587,-4.670237869165437,-4.660723079625361,-4.667866119679697,-4.658709358152351
2010-03-12,-4.9896515797841445,-4.684330752441675,-4.735471923875559,-4.449212614618505,-4.747361391992786,-4.6823599846139246,-4.623897987479701,-4.414541039865358,-4.7921693661141935,-4.682715082046942,-4.67423947505618,-4.683381184329988,-4.675547780696888,-4.682028728764576,-4.67309187166635
2010-03-15,-5.016770565997716,-4.6433465997367,-4.715425690572387,-4.389120162981401,-4.700123864727524,-4.641497657431719,-4.601437681076822,-4.371467634331282,-4.763474345048582,-4.6449300260390585,-4.632942164619152,-4.642391454707065,-4.6334806410420475,-4.641388773161791,-4.631723477913927
2010-03-16,-4.857128031045279,-4.63888447383789,-4.772535485099702,-4.400195817841484,-4.709885520538345,-4.645088494902508,-4.709031583884039,-4.371726917908816,-4.7635667125003724,-4.650518099842137,-4.635086331212797,-4.6386692368793945,-4.635201099358272,-4.6435725803804155,-4.6345078021509725
2010-03-17,-4.820598014141471,-4.731422550742863,-4.7779253836854085,-4.468155232923672,-4.8075902091765865,-4.736633777081351,-4.652183044362666,-4.48917234347219,-4.905021021363994,-4.716752363072464,-4.7193123347824875,-4.729072701112178,-4.719651745905089,-4.728977741200281,-4.717882762873429
2010-03-18,-4.817261360020646,-4.831324367678852,-4.790622161584288,-4.604741795886539,-4.872337331063023,-4.854706533745637,-4.675953178552345,-4.576363623636868,-4.893781157075763,-4.842251486297704,-4.8146755228815366,-4.828699521387898,-4.815255708848531,-4.8233327203584295,-4.813237849707213
2010-03-19,-4.810687752195095,-4.698774573872835,-4.694407663017614,-4.504882656444512,-4.815919251974272,-4.728968715141771,-4.6433603843872655,-4.486268691593148,-4.85285940924281,-4.712719445745165,-4.691007312368295,-4.696627852306886,-4.691011316730069,-4.699923798780132,-4.689821911231938
2010-03-22,-4.7857342755636285,-4.773393031376704,-4.6610682164001735,-4.5795800090145455,-4.868678124842908,-4.784065330601253,-4.56071917561416,-4.5800237727785165,-4.902824098859593,-4.782537738085473,-4.756343887239061,-4.7704035243590175,-4.756705076632531,-4.76467375460845,-4.754753381316131
2010-03-23,-4.7610587612644615,-4.803830154663452,-4.817718087588387,-4.602876814106931,-4.901630751766828,-4.817564998627583,-4.737240235033192,-4.62533246186311,-4.920604890083598,-4.784744504347341,-4.797413591456923,-4.803993443268385,-4.7975713925245,-4.805836552767065,-4.796400613853126
2010-03-24,-4.772441291609185,-4.666931889502418,-4.779095811518828,-4.419275526236631,-4.715241997879614,-4.6767209209219684,-4.672445114634935,-4.41261471952141,-4.782781186318408,-4.649236973840085,-4.661579647501552,-4.667462873493681,-4.662150842963119,-4.671335605871997,-4.660895030446131
2010-03-25,-4.633296291478292,-4.615836630531437,-4.628087531837772,-4.410075778190692,-4.6498108226201,-4.616192600713174,-4.514611002408029,-4.397400340136931,-4.706563617800113,-4.601064929825698,-4.604594710441752,-4.613877330445394,-4.605078518977964,-4.613177036198011,-4.603406954180824
2010-03-26,-4.565074096466005,-4.604486355159315,-4.643411078046693,-4.372532432426344,-4.671906544423897,-4.611372056509471,-4.512656410344769,-4.362564707451296,-4.7248168313609655,-4.5896974815931175,-4.59600373917005,-4.604470327502999,-4.596371967377044,-4.60587167740054,-4.594712175173613
2010-03-29,-4.5469771103172665,-4.852824357188138,-4.838562908537141,-4.6026353535668445,-4.875200737299255,-4.853351111644599,-4.70312262917739,-4.584283283112028,-4.947835241354919,-4.841215876066797,-4.835819051451335,-4.851672936961485,-4.836525679824486,-4.8464166919953415,-4.833929766416271
2010-03-30,-4.480221146398536,-4.723139721325589,-4.807339754735961,-4.503501190095877,-4.797279887715317,-4.7355787344350375,-4.76261770325837,-4.470620231228852,-4.846075963624823,-4.729471465364757,-4.720305021982388,-4.72401818450526,-4.720452496167119,-4.727822420386801,-4.7196597909747835
2010-03-31,-4.4748156329259645,-4.693431426174014,-4.754356036902783,-4.447418881127474,-4.743397149847016,-4.699009197379722,-4.648577705663099,-4.4145499972776365,-4.795855033937163,-4.688695504376914,-4.685343773199824,-4.692352454700261,-4.685928495669841,-4.691452578797781,-4.684506089987966
2010-04-01,-4.374119418437663,-4.782596242074994,-4.884008755766969,-4.565430105685799,-4.855393674185459,-4.785445009788658,-4.81760958534276,-4.518708961724193,-4.852532670884777,-4.784929317661242,-4.779332444760818,-4.7833568586465125,-4.779716590208958,-4.783946516821672,-4.778762124487166
2010-04-05,-4.286134732027992,-4.982568606935993,-4.9105897566331596,-4.785385937826924,-5.027886235396803,-4.978762746491663,-4.7672457824098275,-4.782620646508528,-5.090940251478783,-4.966587748182223,-4.963578127594988,-4.98030064629943,-4.963872853953954,-4.96748076253803,-4.961886439419726
2010-04-06,-2.8896141498664156,-5.029810991885827,-4.917913865053872,-4.7725699538577375,-5.083345786621934,-5.02753848096287,-4.721074533539341,-4.733945213949574,-5.133171508470785,-5.022168374949883,-5.0003194789369525,-5.026430051088448,-5.000703465665225,-5.001133704365822,-4.997740240778671
2010-04-07,-2.77027982966619,-4.780527178966959,-4.837119738936334,-4.500031049671479,-4.798756590359115,-4.781153246074313,-4.6773395982401915,-4.47371037849535,-4.829884669443602,-4.7731859121610505,-4.76432001120048,-4.778419847518791,-4.764783946019495,-4.75942071286194,-4.7627982612956306
2010-04-08,-2.733560410068727,-4.962366167676424,-4.82449310732575,-4.740151739329547,-4.980540578115113,-4.955685272170685,-4.6564387692045806,-4.709712617625733,-5.0275341806936344,-4.946431803293491,-4.935688224446356,-4.957365320673924,-4.936253776387822,-4.9297630696110595,-4.933419156296223
2010-04-09,-2.7147050904567402,-4.920273707061572,-4.924548003030226,-4.656328532330844,-4.943333445724971,-4.931190095278551,-4.7747796652190555,-4.610857123876564,-4.993420655257282,-4.912446799145012,-4.900558066464865,-4.915190021652157,-4.901162089462376,-4.894662287188378,-4.89874697744019
2010-04-12,-2.704308058303369,-4.9958948374922345,-5.0090141519935765,-4.734144401209818,-5.052102817782903,-4.995722219693661,-4.82903710366412,-4.714402554316698,-5.091908743124748,-4.978465631681622,-4.979717333921955,-4.994119355048523,-4.980348970718492,-4.973959603009654,-4.977928538658827
2010-04-13,-2.695118489684669,-4.901834139629042,-4.8954887650707715,-4.621814578419549,-4.9203902922385385,-4.907578539775343,-4.754736181413675,-4.530784723039795,-4.950925778758871,-4.891328787190989,-4.880289092321176,-4.89660621770004,-4.881177636531673,-4.873801197343892,-4.8784592459709755
2010-04-14,-2.6679300005523983,-5.0296666328745205,-4.903570796284624,-4.770392221558204,-5.055759755765656,-5.031253384347562,-4.704745322763802,-4.712896014463054,-5.077966878315876,-5.011843246207614,-4.996742962770435,-5.02312134452108,-4.997375210525224,-4.9899653982374295,-4.993816773873058
2010-04-15,-2.6371054032068626,-5.053661240080334,-4.912936190435811,-4.761620623006505,-5.083997091581373,-5.060706275011918,-4.688888854925647,-4.706589775204107,-5.131876057738607,-5.039868132052069,-5.017140826076964,-5.044590485678597,-5.018026674320042,-5.0094011124644595,-5.013976390733944
2010-04-16,-2.623680621135527,-4.339059825086705,-4.293573743012371,-3.9512071518332337,-4.3311507759483865,-4.3425814455847656,-4.013828539706992,-3.90161943580062,-4.3549786048423185,-4.308104906159165,-4.296093841253515,-4.329532043881176,-4.297890571777539,-4.287549190819942,-4.292495180091626
2010-04-19,-2.591762917503892,-4.441468433787711,-4.468957795592228,-4.070576577742289,-4.456379101556924,-4.433322380968009,-4.212741337501298,-4.082280211497583,-4.531126810857647,-4.390177494814503,-4.411795782099697,-4.431742689795738,-4.412476680663529,-4.403832758919928,-4.409008661677244
2010-04-20,-2.5379345983432016,-4.624498854800002,-4.571877786372391,-4.265489016290549,-4.672234376770326,-4.623956656172443,-4.339386872989539,-4.183415362324013,-4.664588710286527,-4.616059870270191,-4.58773757299262,-4.613395690221179,-4.5885238468238905,-4.578959009662457,-4.584432025300945
2010-04-21,-2.4846774408505548,-4.464365179106018,-4.438608772130951,-4.089516537956313,-4.503209425975771,-4.462786862351111,-4.186142851542366,-4.049189230330403,-4.547950878349492,-4.4304022849269735,-4.43068756121906,-4.4580690309351585,-4.432125088923086,-4.4203438998077225,-4.4269437905719515
2010-04-22,-2.471962497326049,-4.3966922542504046,-4.297503286392654,-4.127657342094871,-4.445653770929405,-4.38795919815146,-4.098784677372017,-4.092317033529117,-4.453841554180649,-4.3703002868632534,-4.366958537269697,-4.389742041630122,-4.367672021787022,-4.358918726714157,-4.363847817337815
2010-04-23,-2.440355522476532,-4.518010629686813,-4.429708493165325,-4.246744182181112,-4.583746292961999,-4.519227768549388,-4.293700812091706,-4.1914942536148825,-4.5487596526431435,-4.522937019799706,-4.488814296785406,-4.511150058954424,-4.489195125880077,-4.482444776005254,-4.486514168741332
2010-04-26,-2.417698295522473,-4.607722776381789,-4.578438478909437,-4.292771732441657,-4.684822520233173,-4.605947541306857,-4.418826786217367,-4.247885945114868,-4.682000590016032,-4.591996245155124,-4.5781349886895075,-4.6014372651412785,-4.578795392509199,-4.570626730388332,-4.57527578554943
2010-04-27,-2.4251759070340806,-4.077692050450608,-4.164359963543495,-3.7739367685489835,-4.1306183691259095,-4.081933172488149,-4.0738506905055845,-3.7242918124019,-4.130397366872496,-4.072037352645462,-4.058411989266696,-4.071749902783179,-4.058541697354056,-4.053933388682219,-4.057213249626854
2010-04-28,-2.4171354276049315,-4.059056092312984,-4.111409790942526,-3.783789554328701,-4.1369260206148235,-4.062827500388831,-4.052337353846484,-3.755536998081872,-4.142447934919679,-4.059690193253806,-4.040731445840533,-4.052485761824175,-4.040860433595873,-4.0369331426935355,-4.039359872294176
2010-04-29,-2.397733789178876,-4.292092624472927,-4.157085152889627,-4.092964823351468,-4.368625456856362,-4.296550893334245,-4.036894610028255,-4.120633278723991,-4.343244726840987,-4.254991772665413,-4.266903936267415,-4.281636762200351,-4.267301435261213,-4.262290998794326,-4.264867052249004
2010-04-30,-2.3987747211521815,-4.010463956989883,-4.030030721862617,-3.779560452352348,-4.064116946810128,-4.009848899301001,-3.9814605393263434,-3.7621087245196247,-4.090268947977249,-3.982279502274333,-3.9898338356154217,-4.00313192949287,-3.990014729508044,-3.986784446781898,-3.9884402242047208
2010-05-03,-2.3924241547436416,-4.1573646907904465,-4.178759856722486,-3.9225089232335875,-4.205870099285928,-4.154218753753231,-4.119421462565691,-3.910444285314764,-4.204259366328674,-4.13551306024421,-4.137045782038983,-4.1495738576956676,-4.136930719234423,-4.134154018858775,-4.136019196196825
2010-05-04,-2.3915651495951993,-3.921110963496187,-4.004052288932446,-3.724574807090703,-3.9665523214472254,-3.916699102104699,-3.986459675504299,-3.667471020589855,-3.953835278068804,-3.942894326564582,-3.9100118871269074,-3.916941223352765,-3.9097397053450074,-3.907765172987511,-3.9094050166129932
2010-05-05,-2.388832716439553,-3.9057129023353068,-3.684521231932735,-3.665093561539121,-3.994617528072006,-3.9035338708770624,-3.5578558593156258,-3.642433302156809,-3.9653054554189624,-3.8819535678524035,-3.8686387414505146,-3.89530980756052,-3.869490352692529,-3.8627260583632776,-3.8651272668405716
2010-05-06,-2.9414551444787724,-1.980719613349623,-2.108578921445079,-2.1607387976151613,-2.158927430502884,-1.9779956108494465,-2.2134383562895046,-2.279614194821591,-2.127079455778435,-2.0009504529585986,-2.022038025020476,-1.9883406837952506,-2.020723581534336,-2.026169641062488,-2.0252672527676836
2010-05-07,-3.0555452939643892,-2.2381243320232302,-2.333080913934463,-2.2926143048570653,-2.339743338395527,-2.2381890714503743,-2.4041041079556926,-2.3225028121424285,-2.3095347822605743,-2.269475594140716,-2.257635430340728,-2.2403235555945438,-2.257082515853681,-2.259790321507515,-2.259224506402768
2010-05-10,-3.0854283703578296,-2.422876355987016,-2.907758365650122,-2.345160692182998,-2.5055576725843873,-2.42005923310607,-3.0096175422050178,-2.324626230851981,-2.4824794039048377,-2.4331090143352947,-2.4578034464628367,-2.426489050822373,-2.4570867132944967,-2.461016007231003,-2.4612306087570803
2010-05-11,-3.091594716058586,-2.528940838822786,-3.11730767284432,-2.3777629872531643,-2.6023753013852278,-2.5308175546593996,-3.1977361249335083,-2.3408714998725197,-2.5960024576979657,-2.525148881519645,-2.5646158761206257,-2.535260743528358,-2.5635710589431793,-2.5672114579339493,-2.5681338502549984
2010-05-12,-3.090696875735121,-2.6477058326345517,-3.2318141747679063,-2.4897212518216976,-2.716708431556305,-2.6434773683059967,-3.342344778929891,-2.4347672474334137,-2.6884920404912442,-2.6525569890318836,-2.681200292650077,-2.6533956746903984,-2.680052019507044,-2.6842846182291953,-2.6847909327398702
2010-05-13,-3.0978758024324273,-3.1626125295846452,-3.5914377178759938,-3.114226191712136,-3.2109660004541487,-3.1603362273962348,-3.6849137864170185,-3.082585917869642,-3.164763709037711,-3.1579317943200285,-3.196623351060547,-3.1666004876215803,-3.19659930883976,-3.1996535163836675,-3.2000825115146507
2010-05-14,-3.129850298166638,-3.1715987180637235,-3.4966954669306816,-3.1915757461991996,-3.2388638876140847,-3.1670653453912045,-3.6252948125815623,-3.1631546915484914,-3.226856784267279,-3.1915361864185616,-3.204638731363294,-3.175449531863505,-3.203727991626239,-3.2070705837192266,-3.207215378553411
2010-05-17,-3.162865078086255,-3.143464283740877,-3.356834852767518,-3.1503889202348736,-3.20203795820653,-3.144046693938759,-3.4299597854665143,-3.1681774859428895,-3.1932922589279036,-3.1474141619638303,-3.165218812428765,-3.1465700651912947,-3.164541150172991,-3.1666477491988823,-3.166894990736228
2010-05-18,-3.2154833629375146,-3.0845272946481894,-3.3890857794603857,-3.069093838669547,-3.12776026604874,-3.0825780178982285,-3.4682478143844935,-3.0825030736382595,-3.123726952404139,-3.0794910457414484,-3.110793175014385,-3.0882888860446043,-3.110121702738687,-3.1125574926019537,-3.1129237259052376
2010-05-19,-3.272151381804383,-2.9641293120531422,-3.1187060375143325,-3.0006213811261304,-3.037296983152061,-2.960979007043708,-3.1928546193724023,-3.014720126881051,-3.010993486036389,-2.968966197361555,-2.983160275372149,-2.968018799173585,-2.982556542484462,-2.9842910305497505,-2.9845636982488073
2010-05-20,-3.363102303351884,-2.768714253236953,-2.9662635140867444,-2.821079395565726,-2.839903153873222,-2.7642941919412385,-3.055957848408021,-2.829911311308411,-2.8185453153499562,-2.762923389859085,-2.7943783900957695,-2.772619205806542,-2.793705018750572,-2.7960405429874626,-2.796318998326433
2010-05-21,-3.4637623236983965,-2.676121918239204,-2.877928079388094,-2.694918574251907,-2.747061974506762,-2.675898057872497,-2.9420208479634686,-2.7155477284712286,-2.7145690517615555,-2.6827513988713085,-2.6968815579662344,-2.6791620619663403,-2.6960663902396558,-2.6984471002808696,-2.698484290327522
2010-05-24,-3.4668500851858743,-2.909539911949739,-3.316847899872686,-2.86945922804332,-2.9821136150227,-2.9071860481735614,-3.4357459045980434,-2.8334859847418787,-2.9518126288736317,-2.917735610388844,-2.9425435648117557,-2.915891131240506,-2.9418273528793586,-2.9446956003636835,-2.945302924999684
2010-05-25,-3.5219075769970796,-2.745724618133178,-3.0331026829851235,-2.7772508660392687,-2.8127509414543286,-2.7426280842765727,-3.140682967981057,-2.7871033158253224,-2.7950442747449156,-2.7105069437682534,-2.778485814835792,-2.7492006170099232,-2.777932595921041,-2.780503853879341,-2.781016507532115
2010-05-26,-3.577299636061485,-2.812292519339289,-3.216806479891067,-2.8046626651353024,-2.878664698204726,-2.8111896607396814,-3.330165241882413,-2.8206815345252267,-2.85084758212341,-2.799738383261302,-2.846519871667268,-2.816559529460239,-2.8458613643006063,-2.8495652916663365,-2.849205338650962
2010-05-27,-3.5297372429506813,-3.050073544042111,-3.473205795797233,-3.006146667082368,-3.0873518210230295,-3.045400785781569,-3.6095396989065645,-2.9385523637567297,-3.0695578254919305,-3.0385310228362266,-3.08203452977513,-3.0533997150211993,-3.081460806367552,-3.084517463582203,-3.0845460471193067
2010-05-28,-3.543126403939611,-3.0326565166212456,-3.3065217385318477,-3.0855366673477698,-3.098686626052076,-3.029035295716359,-3.4325522685316416,-3.0765979330810347,-3.077537325216761,-3.035667172821333,-3.0645328142898496,-3.0389735090473784,-3.0638064346374483,-3.0676288171640946,-3.066913096471102
2010-06-01,-3.523497323200022,-2.9878548919198016,-3.390101489657898,-3.0080831291328174,-3.059332289614752,-2.9848472210568726,-3.5388841481086333,-3.0118556883230845,-3.0369851420639895,-2.985548593504093,-3.0272600537902865,-2.9911257133859577,-3.026594142279373,-3.0313837238267114,-3.0304215498038842
2010-06-02,-3.5040502963781264,-3.2256573141606344,-3.614568899283993,-3.2310450748621338,-3.293070857744038,-3.22230056726566,-3.7475588494483283,-3.2123304273020303,-3.2818581886888607,-3.216815259906772,-3.261034621531711,-3.230162053993685,-3.260396566898049,-3.264911464200278,-3.2636957063874696
2010-06-03,-3.474230882324955,-3.273426003772875,-3.5536518364859355,-3.28820448356855,-3.352344371479801,-3.2685149799928315,-3.683339320480407,-3.256201479604013,-3.321599940589952,-3.268658246496465,-3.303218219674846,-3.277529110310547,-3.3026306863389077,-3.306192478830965,-3.305311701884596
2010-06-04,-3.491519842154208,-3.165820858676753,-3.5010678350650153,-3.240135748242245,-3.246576141910409,-3.159963037412038,-3.683973690360909,-3.1838532280862513,-3.217247121927582,-3.1935455042150735,-3.203849741076315,-3.169515209889002,-3.2033574652388572,-3.2082353294305803,-3.206487617685553
2010-06-07,-3.51235410629429,-3.183719464659525,-3.4386811389794305,-3.175790801690591,-3.2836062888743314,-3.1818715607159347,-3.5352810333191336,-3.2086268028943876,-3.2644672435682485,-3.183250978788183,-3.2102195324594476,-3.1867375759629977,-3.2096698020182584,-3.213064150195073,-3.2121994062465777
2010-06-08,-3.599425396669664,-3.1662828455336114,-3.344621785811244,-3.1401656551257546,-3.252924981517491,-3.1637592298481954,-3.4270368990331144,-3.1333802178706534,-3.216408419085272,-3.1831122378573316,-3.1828138097215852,-3.1670918317578347,-3.1821608578089244,-3.1850384899156805,-3.1841319544109123
2010-06-09,-3.6352786973503215,-3.267252120140635,-3.5311428560281626,-3.169698768044961,-3.3646009151199205,-3.2645886847446883,-3.578146955141238,-3.1560594262920896,-3.3402392926265048,-3.273280398597671,-3.2842541006053603,-3.2698230643249504,-3.28320470796454,-3.286407949733097,-3.2856393624621005
2010-06-10,-3.655510750568242,-3.353563013326413,-3.5987084431808847,-3.298936628311287,-3.426907355425623,-3.3523388843665107,-3.6558717550577065,-3.274958653426205,-3.3982853012158594,-3.358543753701673,-3.372136266830072,-3.3570381933272238,-3.3718030933790306,-3.374197112518231,-3.37347512072681
2010-06-11,-3.672884002637986,-3.360490851491596,-3.7071204615113986,-3.271045860830025,-3.423969526304376,-3.3594563432639455,-3.7909893900580656,-3.246744829724325,-3.403872378033424,-3.366456901713423,-3.3851663379963055,-3.363736725887157,-3.38449448702706,-3.3880436767730027,-3.3871186078280515
2010-06-14,-3.6626615612833793,-3.444800238088549,-3.722488526809836,-3.315552415610349,-3.492189039607577,-3.442315292771725,-3.7638270102484777,-3.2634391112833376,-3.470698240452959,-3.445426338590238,-3.4578344505306453,-3.446325350917909,-3.45758767483966,-3.45922433292623,-3.4588656883488342
2010-06-15,-3.6330170792984755,-3.679628596174898,-3.9819089852336607,-3.5611567315779546,-3.7353691965107982,-3.6801390472997326,-4.020302757314132,-3.5251608702830834,-3.7252346989904415,-3.670381656210478,-3.6990578923619837,-3.6838092112305914,-3.698542613799838,-3.7005875698578423,-3.700267766067332
2010-06-16,-3.6181151841304136,-3.745107130325585,-3.933567756931188,-3.6417319291026367,-3.7920224983838327,-3.74202273550817,-3.952135350215359,-3.6025793640531028,-3.770560122491688,-3.753236112287083,-3.7508987063977215,-3.745591078761157,-3.750850742540621,-3.7516397687130287,-3.7515293044812563
2010-06-17,-3.6072058833897644,-3.6966008419537393,-4.036840911975911,-3.591729208060675,-3.732115389345433,-3.6949997069827734,-4.117339293757935,-3.552951029918062,-3.716800779178002,-3.7002696353313977,-3.7170854531327704,-3.699181054821133,-3.716729977967962,-3.7188560835758766,-3.7187915296356704
2010-06-18,-3.559409559830338,-3.999525986296048,-4.16618702062596,-3.90380038908177,-4.039647495839569,-3.998983623061708,-4.180817113078852,-3.8643904279726162,-4.027324657206989,-3.9910943881119403,-4.009393881764061,-3.99994222816167,-4.008749911340731,-4.008736100119099,-4.009911449845733
2010-06-21,-3.553047470471422,-3.8727738438796675,-4.111920289220228,-3.8123541609617604,-3.930973192388076,-3.8716390667836613,-4.175325758219717,-3.78959276829559,-3.918486503356439,-3.8704005343523056,-3.891902040407788,-3.8737620140828026,-3.891561845666655,-3.8917872822774466,-3.893221992700219
2010-06-22,-3.5410287244454555,-3.7706280106395713,-3.9590291935025674,-3.713183687522609,-3.8206811073988347,-3.767766487930762,-4.028394953625952,-3.6841380392179213,-3.8082430379039325,-3.7760404963485965,-3.7843502249043897,-3.770693680222264,-3.783884511606187,-3.7831345539739183,-3.7855139050936732
2010-06-23,-3.5726891757755332,-3.66958283813194,-3.799879983700486,-3.5843404016629736,-3.727047385411192,-3.6682780328630717,-3.81510381623386,-3.589700687691769,-3.7109168981615297,-3.6797758696796063,-3.676308449788806,-3.6695564295961187,-3.675697032216957,-3.67452908232493,-3.6769390396664403
2010-06-24,-3.60118311689352,-3.6281970793452074,-3.7493774518573453,-3.5391439662875577,-3.686722129601693,-3.626511604190776,-3.7792903871181176,-3.519160751391769,-3.677075916127399,-3.6419835960163267,-3.63394822984043,-3.6279112125616213,-3.6339700039235443,-3.6317941018664897,-3.634347870013283
2010-06-25,-3.631477621699484,-3.5586423312653546,-3.728164874646402,-3.4800602141869166,-3.6169200852115684,-3.5553214136215514,-3.7544094046796213,-3.454349223167334,-3.5861545549174245,-3.5746645025067822,-3.568248284064225,-3.559521534886989,-3.5680492740296987,-3.5662447769619576,-3.568967196746589
2010-06-28,-3.611028242463918,-3.703186553356344,-3.9023234617270712,-3.589025574093452,-3.7637584873481216,-3.703898605389907,-3.9200371314270295,-3.5735083649206145,-3.7391560831868373,-3.7105969295899217,-3.7123613407185228,-3.703981280261932,-3.7120394801760397,-3.7099490924348055,-3.7130197356791625
2010-06-29,-3.6551015217916345,-3.3969698002529256,-3.6292181483405694,-3.3133360544063954,-3.4655706322279207,-3.3968053669467255,-3.7030884732661487,-3.292583114277991,-3.4681810608659784,-3.407615784715918,-3.414041917571032,-3.397727182269017,-3.41346547439378,-3.4104395299089685,-3.4150593704298444
2010-06-30,-3.6960821125059766,-3.4937578708808017,-3.741418973117367,-3.371141312756131,-3.553464662593427,-3.4882972335827374,-3.79944281111761,-3.3373083111723263,-3.5296139505096784,-3.510640028212866,-3.5079306362782514,-3.4949757588101447,-3.5069720595313454,-3.504092950165916,-3.5089963090450946
2010-07-01,-3.787978045062489,-3.3240244126841203,-3.3385818549734756,-3.2087388590285495,-3.3979827733941357,-3.3241393124665573,-3.3190261560670495,-3.221720481275149,-3.386750043278703,-3.3259299839065863,-3.3192169520717525,-3.321922968291811,-3.319041728207372,-3.316565819827334,-3.3189350948080754
2010-07-02,-3.8334031544015934,-3.4238441209509074,-3.593330226843219,-3.2819345248131637,-3.496996771127928,-3.424746462049361,-3.5826865999400423,-3.2766238602660054,-3.4955461401434413,-3.4247798798337676,-3.4293172616873995,-3.4245199877466126,-3.4289110163248253,-3.426793663143881,-3.4295404002836563
2010-07-06,-3.9106414618998153,-3.3278493515429814,-3.5608634007852857,-3.193353453741297,-3.372108672542768,-3.3240785422670402,-3.582360599809626,-3.2042366577701795,-3.39024254583978,-3.331204721833984,-3.3393482755833497,-3.329081001529217,-3.338871875956045,-3.336927047575966,-3.340066295411191
2010-07-07,-3.9190071942811837,-3.5048114512000565,-3.6653232739172186,-3.3508189955806467,-3.5516693953644927,-3.508003494079354,-3.651404418282529,-3.375536014557161,-3.573831280204572,-3.4940976678131936,-3.5081394102327117,-3.5045088737641543,-3.507786351560067,-3.507564448256349,-3.5083450048250384
2010-07-08,-3.9536298590126804,-3.55777329858905,-3.708929231056605,-3.4220733373794494,-3.566715232610391,-3.5644041099793684,-3.686611230695192,-3.4291252213972236,-3.5721484566074757,-3.552855741356582,-3.561912492509653,-3.557457302892624,-3.561837861047732,-3.5618635887927783,-3.562267598042993
2010-07-09,-3.919377150450738,-3.799654254658831,-4.0151392728232915,-3.5989810703158005,-3.8444832029085267,-3.7963558656476555,-3.9783127489443877,-3.5624828398323296,-3.8304971718650838,-3.8075164658797096,-3.8011508184200444,-3.799179649661532,-3.8010539484036325,-3.801455236736789,-3.8013891095178187
2010-07-12,-3.932420005751423,-3.7744020274775703,-3.9882540007193987,-3.595856253284259,-3.798592498851891,-3.771999125852368,-3.982354166060373,-3.5771859947165026,-3.7839672756400513,-3.777772399781013,-3.7759795817193096,-3.774259620350416,-3.7758214563776837,-3.7762060847050045,-3.7762713701181276
2010-07-13,-3.92999180847026,-3.9307705439683613,-4.08475312929324,-3.815595101355925,-3.9904991071481595,-3.930043391719773,-4.092908429819165,-3.7879073583325282,-3.9816090658540277,-3.933581356175708,-3.937792800940253,-3.930291230613525,-3.9375984153651835,-3.937864414245328,-3.93809103316818
2010-07-14,-3.944176315249751,-3.9213941817428934,-4.135432206518672,-3.7535009018788417,-4.010861923400838,-3.921369492081119,-4.114236942877686,-3.741457505096231,-4.004513707371966,-3.923104279930996,-3.9270643947105013,-3.921410146007089,-3.9267960150463552,-3.926614959094347,-3.9273622245305404
2010-07-15,-3.976797576370239,-3.8157403528822957,-3.9627552786781637,-3.6285807488141595,-3.8612984832320727,-3.804424487435902,-3.9233937146340248,-3.6147013510898853,-3.8186848879249107,-3.812721086154596,-3.811317609417537,-3.8136515923229144,-3.811366352008502,-3.811443417076332,-3.811200596684399
2010-07-16,-4.026068517202084,-3.722166576133324,-3.981508673058795,-3.564607642775326,-3.7708303615272123,-3.714455584500243,-3.9982190700640765,-3.5465666416705486,-3.7899874593997724,-3.7186586345210437,-3.7333618636172536,-3.723514578775588,-3.733210934065336,-3.732624845745696,-3.7338307882841963
2010-07-19,-4.0494158018433835,-3.753149389633192,-3.995836387100261,-3.537368165519889,-3.793418611950373,-3.757431885003405,-3.966012895961593,-3.5200795738776334,-3.7814996935471767,-3.749159273272142,-3.7547829983191874,-3.7544562943005557,-3.754513782935729,-3.754690932545349,-3.7549844160746892
2010-07-20,-4.044265406374716,-3.675646206858956,-3.8120386569204805,-3.524578294873404,-3.7309607734613666,-3.6804687305978074,-3.7896129192303167,-3.5126775666212504,-3.713991081910108,-3.6753509700300167,-3.6764974759680675,-3.675059705919678,-3.6768182350587413,-3.676993669863238,-3.6765487057529036
2010-07-21,-4.105021314077857,-3.5518637181010146,-3.742083339921501,-3.3815285272079714,-3.6303219688700916,-3.560624237718896,-3.7189456277377206,-3.382727417515992,-3.6083290604597935,-3.555368934207133,-3.5584782076076524,-3.5518947991304,-3.558343258926611,-3.559984630576557,-3.558571681890666
2010-07-22,-4.117452234063734,-3.6771172692689396,-3.8146540324818834,-3.5651841501159964,-3.7265071964495466,-3.6907603140783865,-3.8141134427808527,-3.5502471785630747,-3.7207864732171143,-3.670660886263485,-3.68478145954649,-3.678248199236208,-3.685257503060878,-3.6872752680382033,-3.6848896344645423
2010-07-23,-4.126150128643486,-3.584823718254134,-3.8140782922363914,-3.455018105588614,-3.647640033891592,-3.583670708291938,-3.8391342992751367,-3.4418589254061023,-3.6284149296633954,-3.5814770064875443,-3.5958143192637673,-3.5855897121628084,-3.595517776822882,-3.5986223677976215,-3.596462851974995
2010-07-26,-4.0858772938383625,-3.8089026158916592,-4.006336866392768,-3.632979371860539,-3.8650311416413548,-3.8181732655687126,-3.9953831558524087,-3.6340210432583797,-3.87555213889301,-3.798993407180104,-3.815129384604998,-3.8093720121854373,-3.814897935195371,-3.820104975584043,-3.8152859493310065
2010-07-27,-4.060405161835445,-3.8113011380522672,-3.8805530120085616,-3.6750662813207247,-3.8827099333024275,-3.795443854799966,-3.8653761897035914,-3.6362997709839924,-3.842742388312466,-3.8127840513701345,-3.8066491020328956,-3.810554920323236,-3.806924252882719,-3.810100662385087,-3.806398458700521
2010-07-28,-3.990260655071498,-3.8783120188470126,-4.057506235104813,-3.7324015151373335,-3.995040179744364,-3.8581824834816145,-4.0759689975299,-3.7227602312953363,-3.967668850873715,-3.874101649116846,-3.8846926631890346,-3.878752459325608,-3.884649175681626,-3.889990939413693,-3.885002142195976
2010-07-29,-4.033251059107895,-3.720669321195177,-3.893235985568001,-3.6307929480487506,-3.8455010951365325,-3.713308851640302,-3.935288843528283,-3.650323950423723,-3.795587613810457,-3.7244052872662072,-3.7345848317399977,-3.7229505911239036,-3.73428177087688,-3.7382344989193883,-3.7351252262005636
2010-07-30,-4.016651707087028,-3.7502862308554783,-3.959143044045815,-3.6776396535795803,-3.842393008241511,-3.7551808990342708,-4.016967222779859,-3.6991744645960885,-3.8184101239151054,-3.753395112325028,-3.7683195937075005,-3.7536180038607814,-3.7676639582154374,-3.7725660940032064,-3.769015088406066
2010-08-02,-3.9871379882688136,-3.967096318354138,-4.1085516807927664,-3.890289300122901,-4.0448774461228,-3.972935276743285,-4.150194950568708,-3.909674333024868,-4.03284451017546,-3.9631884908944746,-3.9802297500463437,-3.968544385670832,-3.979747645721001,-3.984461536252252,-3.980579829956915
2010-08-03,-3.9901062920439805,-3.992520414600292,-4.124363206138618,-3.8613103711042425,-4.0378776212894785,-3.9722269288505365,-4.134177118112663,-3.8387435282332083,-4.003853139792807,-3.9910786914612615,-3.997475650981819,-3.9928827701967484,-3.9975758725871655,-3.9997527599609297,-3.9977139612311374
2010-08-04,-3.9915035687540334,-4.0019358995788155,-4.1961489812009125,-3.8956651711763155,-4.064273319722244,-3.9930084073258585,-4.251822979383699,-3.8606584355940257,-4.03365614585715,-4.000234886873657,-4.015613431983926,-4.003408579235922,-4.0153540928353575,-4.016741403920225,-4.016102445365167
2010-08-05,-3.9760094846539733,-4.210346590399781,-4.286902774494301,-4.0971186257293075,-4.2875731980700715,-4.216675431863646,-4.247334984217865,-4.173632886645337,-4.26853173132359,-4.198218705683563,-4.212069035623434,-4.211315896260791,-4.213327528590973,-4.211947436509595,-4.2119341353964135
2010-08-06,-3.9998056745151658,-4.076905955632458,-4.254927168496938,-3.97501354096856,-4.164595139085701,-4.079668350405177,-4.2723957559641415,-4.01035500692465,-4.16903691166181,-4.073327724547341,-4.091349361255119,-4.078440386144948,-4.090987403820843,-4.089257333361381,-4.091732086550923
2010-08-09,-3.9862881152050273,-4.346332039983574,-4.527789822401421,-4.159128696140248,-4.42596475311365,-4.355222069413863,-4.4888983048253115,-4.13794932856514,-4.451356082846946,-4.34005301190376,-4.351649932528409,-4.348414343315159,-4.351506204616777,-4.350280343842556,-4.35139950602767
2010-08-10,-4.037373368821923,-3.9558405666425247,-4.279625070916779,-3.8058060109025225,-4.054259028275182,-3.945833803286888,-4.317675541677701,-3.773612283309511,-4.066740231677565,-3.9537899716311613,-3.9775402378170877,-3.9604407853459094,-3.9769118260913343,-3.972756662520259,-3.978342783874263
2010-08-11,-4.049630515563017,-4.106035389179271,-4.263479151542519,-3.950471343619504,-4.177887061927786,-4.104574911940418,-4.252774172765875,-3.929857490263463,-4.182576509442753,-4.1040510837384385,-4.109519905049507,-4.105917372239379,-4.1097575341383585,-4.106672229942187,-4.109509937550997
2010-08-12,-4.064791532843721,-4.03276710044557,-4.127642102860464,-3.9502001881752915,-4.114945972062836,-4.040058368662433,-4.117436325283797,-3.9699278734897407,-4.120616748857439,-4.02665751870182,-4.0403999393210235,-4.034562038969074,-4.040167827872792,-4.036706757809635,-4.040361927481384
2010-08-13,-4.070316675837369,-4.13601615843724,-4.31691811616639,-3.963912552321857,-4.190732410299034,-4.1338237945329235,-4.295695195983094,-3.9445385324802085,-4.179185707578081,-4.1347084586151786,-4.141553063921651,-4.136205906871565,-4.141386003872284,-4.137020988897583,-4.141572848392107
2010-08-16,-4.074763185584119,-4.0947457364256845,-4.312628484769567,-3.9436245034795436,-4.133340933435708,-4.098784071338379,-4.321190763869526,-3.9311934033703433,-4.115746464454565,-4.095052069512926,-4.105556920511609,-4.097086420246654,-4.105126296421832,-4.100749099920626,-4.105988353933988
2010-08-17,-4.077269785442611,-4.2543792925045345,-4.370782474518406,-4.11594964854005,-4.287839199750193,-4.27484132959068,-4.335824315753875,-4.1217633292734135,-4.305638998409923,-4.252250098627169,-4.257920118420432,-4.2544765489809855,-4.257884949492909,-4.25420009991769,-4.257902577645416
2010-08-18,-4.094032883739895,-4.180020122944414,-4.338985714362501,-4.022385707980957,-4.239216308624648,-4.16548438202758,-4.320004408005023,-4.023805228451581,-4.27358731702292,-4.177319160372865,-4.184153639029563,-4.179884803466952,-4.184111547625892,-4.178155437554005,-4.184186044592896
2010-08-19,-4.132392358871251,-3.957274753893367,-4.087213369670265,-3.8740028126784662,-4.039767884211377,-3.9414733971956255,-4.129108119762891,-3.8815690415024453,-4.0712049248018,-3.957801388278673,-3.9679336539023504,-3.958396767036777,-3.9674823251410696,-3.9614628819473623,-3.9680730443069625
2010-08-20,-4.1280392254710065,-4.106756519501745,-4.300079407582588,-3.9396186594254563,-4.150818088171852,-4.1045895524905065,-4.254114001423859,-3.9516846528832583,-4.18250163789535,-4.105468384727827,-4.114301965719703,-4.107405170162232,-4.114033956135428,-4.108860503064999,-4.1142404594664255
2010-08-23,-4.13990089892392,-4.063533704279437,-4.316164748170232,-3.9028888667886448,-4.141934027048623,-4.073648400259317,-4.315155759306733,-3.9096818720418347,-4.184528436568842,-4.062283093801827,-4.081340748078407,-4.066379367652099,-4.080517575353967,-4.072263096517003,-4.081679696369771
2010-08-24,-4.1906742999102375,-3.8804288991295337,-4.1309446007779425,-3.710806022147747,-3.951238549476038,-3.890182766122689,-4.157966740040252,-3.7014156475919915,-3.9651466576194974,-3.879997901166093,-3.8951268645189616,-3.882898627743532,-3.894358241574264,-3.88699861394322,-3.8955442645960154
2010-08-25,-4.245684247999692,-3.8370004850727226,-4.114397524711301,-3.660504977531424,-3.9163708334214618,-3.8310891808580005,-4.140527397857674,-3.64831225677987,-3.9225641090820877,-3.8372534388349133,-3.8509132594482263,-3.8392366846324677,-3.8504403029486736,-3.8449654184115705,-3.851312969457007
2010-08-26,-4.261298250658442,-3.8612950997890376,-4.069461418156036,-3.696162585318927,-3.956067125817957,-3.845629210999218,-4.092797271709313,-3.674524427522769,-3.9539124597088984,-3.861910755679738,-3.8720996975130775,-3.8626126202204163,-3.8716112957059576,-3.870120920837176,-3.8723160284232128
2010-08-27,-4.355978475990897,-3.6461294788794927,-3.9335477072145326,-3.515686476055082,-3.7524735027075002,-3.6728972668393,-3.993235517348552,-3.5126354691308768,-3.735038737670147,-3.6465565473522488,-3.6682436723078755,-3.6505774890733047,-3.6677229316556357,-3.6679898006828657,-3.6689259589533236
2010-08-30,-4.303695106171496,-3.9121905565373605,-4.1411359533083605,-3.7342735461773797,-3.9842303494605944,-3.9177986893432823,-4.141835029562098,-3.7332712935254886,-4.003448603500281,-3.912246205827919,-3.923138872901716,-3.9124030974352326,-3.92274184838137,-3.9273701627838453,-3.9234183265992946
2010-08-31,-4.362613248706763,-3.6906791709465363,-3.8350608489470623,-3.531477187941275,-3.749639396439949,-3.6834637090430107,-3.820098488938449,-3.517168734243164,-3.7204987113442267,-3.6906740043896527,-3.6930054886189194,-3.6897609582049613,-3.6929659356054687,-3.6973638849966615,-3.693137391405236
2010-09-01,-4.388110728523444,-3.7814777931822623,-3.9833681075130762,-3.6675043389415314,-3.841075607686881,-3.7840147797906356,-4.012906326773568,-3.665601600571714,-3.8781213391378544,-3.7814786644970786,-3.795426712876184,-3.7837500562896698,-3.795024140575502,-3.8016896855680353,-3.7957249173682137
2010-09-02,-4.395670054260792,-3.9770368967069105,-4.219927798799158,-3.8018031122654685,-4.041216306730079,-3.9901304776522553,-4.211837467475703,-3.7898874906125575,-4.015915417925983,-3.976601082684065,-3.9901998013537447,-3.9796545443809697,-3.990246763592121,-3.9988713002868215,-3.990884648256848
2010-09-03,-4.406444402444139,-4.0542340591379995,-4.2696000422405636,-3.8712432140499904,-4.09535531460211,-4.065753581090531,-4.254871155294071,-3.8502006559027686,-4.104777606148018,-4.054197582875037,-4.061013753069432,-4.05526600242808,-4.060874303753938,-4.0697282307524985,-4.061263639143728
2010-09-07,-4.408904698508295,-4.005963169058785,-4.272592745023913,-3.836495235032326,-4.096967823148766,-4.020889233137814,-4.277962024993529,-3.845265596259651,-4.0695679109386615,-4.006492182167512,-4.021945415706696,-4.011526217062436,-4.0220515670464705,-4.0339498267929965,-4.022513349421734
2010-09-08,-4.4137351732015375,-4.1876390592201655,-4.332747217075807,-3.997156610710171,-4.227578326492016,-4.193162151729019,-4.255954315497097,-3.9866002913130933,-4.219648697551739,-4.187657787365751,-4.186419639095132,-4.187344310961809,-4.186701865418684,-4.194345689198079,-4.186323945020361
2010-09-09,-4.436552690301121,-4.217168608452721,-4.3812730911617175,-4.024833909815191,-4.235616033156428,-4.231430584324606,-4.330777642692982,-4.012984481057619,-4.1775982247915655,-4.2174680215639215,-4.216807108518939,-4.216043153047326,-4.216286223147886,-4.225148880933664,-4.216925016072704
2010-09-10,-4.41081807928148,-4.370449869525574,-4.56106583668218,-4.227644302772415,-4.468733672545579,-4.37167189565208,-4.554830215157386,-4.209039030915544,-4.425619303699487,-4.369694471910833,-4.378988389284384,-4.37251156730873,-4.378880731173019,-4.391912990833067,-4.379440439201305
2010-09-13,-4.4126875729807855,-4.359300702711851,-4.480322645251226,-4.200680293384391,-4.418133402331059,-4.366997688197017,-4.405557643603743,-4.205872219726429,-4.43340629182151,-4.360633828555691,-4.3576867670459025,-4.359083261757956,-4.357945545971796,-4.365312555706237,-4.3577811158131485
2010-09-14,-4.406854073262463,-4.361545794831072,-4.40860863034496,-4.1923847639462695,-4.42049799262606,-4.381856014974048,-4.301125335577939,-4.1974938115649145,-4.453979242841389,-4.366278425568754,-4.355294247608277,-4.3600947247672455,-4.356225776893195,-4.362191173394961,-4.355146905814051
2010-09-15,-4.373523899564597,-4.37558933423378,-4.476425920496925,-4.215222979863217,-4.4321902130163195,-4.389788886975944,-4.401535558165268,-4.2217083553260935,-4.45796037757579,-4.380747109848964,-4.375469109671876,-4.375551132322486,-4.3755225206776505,-4.383158693427303,-4.375605758799493
2010-09-16,-4.387588340459366,-4.351659188521785,-4.632624933378657,-4.190934392901154,-4.448773838394851,-4.361531350863472,-4.634128337532008,-4.191222785332676,-4.459469438632006,-4.356699896170466,-4.369592897681393,-4.355684807839578,-4.369074438709598,-4.38120345876827,-4.370443932854948
2010-09-17,-4.3319953212546345,-4.383729025719948,-4.4603496825517315,-4.226169254949356,-4.457569370865992,-4.390493496118534,-4.389873147996196,-4.248425517766535,-4.501160972892604,-4.389513085213182,-4.38085014224178,-4.383401690143202,-4.380839825513699,-4.387693990333064,-4.380867324301624
2010-09-20,-4.297761476484636,-4.415905681668552,-4.512615468273122,-4.2318847395888435,-4.492306197237457,-4.4372675337767555,-4.4224314933048205,-4.235543914950899,-4.487966236750641,-4.418965389982129,-4.411549452606675,-4.415643601037711,-4.411435293530419,-4.4185550294499185,-4.411711196122698
2010-09-21,-4.280722310001561,-4.243428390140374,-4.397290179796908,-4.0807802171380745,-4.262065613866707,-4.239752402032099,-4.353128678908458,-4.059983681263572,-4.245079640157169,-4.243933915523483,-4.244739929904311,-4.243654666927292,-4.244942884387201,-4.249870833682888,-4.2450766175754495
2010-09-22,-4.305565878607651,-4.200862211534327,-4.347117855920921,-4.028675177855386,-4.246799759128876,-4.220865557469725,-4.2889139275419,-4.026494671657181,-4.254255617818406,-4.2022791682585385,-4.201681107525279,-4.20152084715105,-4.201568306037883,-4.207138264415467,-4.201969859519455
2010-09-23,-4.312836668268529,-4.2467207578966075,-4.33739875296266,-4.089403586257832,-4.300230304045774,-4.2719874965682605,-4.2811625136241584,-4.081005853827427,-4.320808624024466,-4.25091839061846,-4.246173337816183,-4.246504002407278,-4.246100969525295,-4.251872802122419,-4.24642049105009
2010-09-24,-4.317368310090166,-4.260901582889917,-4.531509861668806,-4.053847751503412,-4.2773928719464545,-4.262988146399213,-4.477374558232821,-4.035375757024728,-4.293031187892246,-4.262598683696252,-4.267535763934654,-4.261186064454968,-4.267449008005955,-4.273774386741685,-4.267844205001319
2010-09-27,-4.311437450426364,-4.309913992871059,-4.52204348329497,-4.122325230981662,-4.351070415962728,-4.328424026065008,-4.442183319804572,-4.119191204793888,-4.353851126676348,-4.314156819238221,-4.31514598603723,-4.311382962527796,-4.315077567107174,-4.321562363228285,-4.315513189466152
2010-09-28,-4.331464726735304,-4.136980187785873,-4.346582723463881,-3.9890747800521313,-4.164033958095729,-4.145944319029993,-4.3315191992640605,-3.9913136051856912,-4.1772564901683555,-4.139747034765602,-4.144459687905024,-4.1377979032189,-4.144257979213258,-4.150728155552493,-4.144998711522507
2010-09-29,-4.36067551710984,-4.211160450437449,-4.39728478712876,-4.032475159008722,-4.2660637956203225,-4.217303879741647,-4.314647879783766,-4.0382262720320545,-4.2646871860654,-4.21538089938419,-4.215475269415952,-4.212318212344158,-4.215623766604674,-4.222802215039181,-4.215896595414589
2010-09-30,-4.405274921736649,-4.012731315260995,-4.215350370653572,-3.8418267258211487,-4.052970415117856,-4.025670698139568,-4.169534576454539,-3.8379016735773064,-4.059133181564496,-4.017303633823079,-4.020494119229155,-4.014471670625445,-4.020242999572003,-4.029452657058687,-4.020978066204628
2010-10-01,-4.461151849122086,-4.08388566836694,-4.326247074648663,-3.901425993594796,-4.10213966522156,-4.086105517843113,-4.301520273807089,-3.880059147689681,-4.100660378153176,-4.0936805920364,-4.094897966298176,-4.086726407612263,-4.094364947521516,-4.10571169917369,-4.095414417645953
2010-10-04,-4.398617385657451,-4.1011500834207055,-4.379363828980957,-3.923418308043158,-4.126502757120582,-4.117323510235282,-4.360520377208788,-3.9238701180618945,-4.16135693630203,-4.1085137019676585,-4.116858400864719,-4.105405072765565,-4.116997204942755,-4.12938703417464,-4.117435463712949
2010-10-05,-4.404526321659881,-4.276036906903717,-4.393446407782769,-4.069195529777712,-4.269913877550301,-4.280325385715263,-4.258916703699304,-4.088870026771592,-4.294013465183353,-4.281065278700508,-4.26674408467958,-4.272679535695863,-4.267383739560695,-4.273640794276804,-4.266620660508835
2010-10-06,-4.405561645199518,-4.289274504753869,-4.514731605908783,-4.126480109320375,-4.288212202192124,-4.335483012211981,-4.463530703204176,-4.09151094556138,-4.262386372839809,-4.293645998540667,-4.295981018695692,-4.291230121697719,-4.2959749501433535,-4.309040229612787,-4.2965133031642555
2010-10-07,-4.432235518631491,-4.276641381161166,-4.4962916782194595,-4.1221623401221,-4.277443312327277,-4.313992729107696,-4.466619306090158,-4.110201752333922,-4.266554161474756,-4.287695739701356,-4.2878470654913645,-4.278573851211425,-4.287870964426676,-4.301024166943872,-4.288536609997317
2010-10-08,-4.419309736428463,-4.416346533510758,-4.49515565755632,-4.2771934700223895,-4.42263526439919,-4.465063846017047,-4.448288252138961,-4.278482795078149,-4.411232054806473,-4.417320122661347,-4.415552153443941,-4.4164405965044455,-4.41574947272121,-4.4257746191147485,-4.416012897484544
2010-10-11,-4.3939336983341395,-4.583948552178582,-4.724050848481202,-4.386628332998015,-4.5718885311911475,-4.637918995278357,-4.618806520264734,-4.3556694938310185,-4.509970820888466,-4.586988908264999,-4.580179709817018,-4.5829274254252415,-4.580267899624689,-4.593559931970006,-4.580227005798328
2010-10-12,-4.402890098550051,-4.366881383753115,-4.526416780964874,-4.226467544113375,-4.428440630848911,-4.3943040931120425,-4.498162252384769,-4.242193636715412,-4.389944510082518,-4.376231695188133,-4.3727878430038665,-4.367307712397416,-4.3727195684153495,-4.380621320667495,-4.373246449114497
2010-10-13,-4.365289190990273,-4.492140296196011,-4.53077345119962,-4.305697452214571,-4.4571839709958905,-4.519856381655913,-4.402144611072844,-4.307658542735604,-4.464722932107117,-4.501398647673179,-4.479034764848308,-4.48998082540295,-4.479205685214948,-4.485124723971366,-4.4785787448922525
2010-10-14,-4.370293869237343,-4.42997004168491,-4.459746679219155,-4.192875388779759,-4.3582196630281596,-4.445178815663896,-4.264259987999667,-4.157944732970603,-4.334247664447145,-4.438733131996091,-4.408646193245311,-4.427802773576194,-4.409321570909526,-4.414473762980398,-4.407810953704134
2010-10-15,-4.368584997063646,-4.25593151658624,-4.417868953389964,-4.020639305174793,-4.239604340800107,-4.272012630318851,-4.30486561118119,-3.9797329015294824,-4.197621875585929,-4.276015442595054,-4.25301742706932,-4.255154933729279,-4.253460312183722,-4.261436895333973,-4.25274567062052
2010-10-18,-4.355579316341852,-4.441833349396362,-4.5757124757666325,-4.204100081223122,-4.391700112947248,-4.452590155525476,-4.439448262222819,-4.162450055035204,-4.375788987930636,-4.459833815031901,-4.432656668208809,-4.441726555681947,-4.432903100168151,-4.443471062049835,-4.43231545521966
2010-10-19,-4.421244314631518,-4.120760649575921,-4.196738201655353,-3.9575396061638797,-4.076490800272755,-4.137546646911013,-4.066978168216238,-3.9494509894653866,-4.074195774527485,-4.146122589191668,-4.114781190622676,-4.119962945446688,-4.115502976697858,-4.121948917374768,-4.114064517415689
2010-10-20,-4.463949330411024,-4.123434847026944,-4.259872539703508,-3.931375045835867,-4.13011362528504,-4.141439396847868,-4.150682062386739,-3.902178615673235,-4.115947951605814,-4.144299722930046,-4.12322360387216,-4.125374231584978,-4.123720915182481,-4.133242732841726,-4.123221632529287
2010-10-21,-4.4953993250443745,-4.048732407572827,-4.148977782176492,-3.8930847844730043,-4.082609311892522,-4.0767749914662845,-4.081727967959909,-3.893861814596283,-4.0816294457034505,-4.073001881705328,-4.0468638798360175,-4.046859749708139,-4.046962053484015,-4.053532936333257,-4.04710768488965
2010-10-22,-4.479378389158896,-4.283466036173505,-4.50830566960412,-4.096008843287796,-4.296942017009984,-4.307896715675251,-4.458499127378199,-4.064579035479756,-4.323574379909598,-4.2954854574316546,-4.290052653603168,-4.2832684179699445,-4.290292466296612,-4.300216941423423,-4.2904579374623015
2010-10-25,-4.495043845508564,-4.231497305933203,-4.486333009291058,-4.022946066065015,-4.237747655295935,-4.2484913913346904,-4.450430311619983,-3.9693268344166697,-4.215045668303608,-4.24638289577197,-4.241055641539836,-4.233965451920037,-4.240584206602511,-4.2537555656841795,-4.241688526829958
2010-10-26,-4.506952970244477,-4.303065522911771,-4.394505991054673,-4.163175778899201,-4.337831480327753,-4.3327334964816995,-4.364283026831291,-4.154864812752514,-4.337218759523993,-4.315778750043312,-4.303782439471509,-4.3027286417041655,-4.304264465814205,-4.314331667112135,-4.304517766816947
2010-10-27,-4.470478325971232,-4.321477813861603,-4.421320975406273,-4.181819927974485,-4.373994376908344,-4.316452588746403,-4.41733467802615,-4.155504351971116,-4.330045870108327,-4.318534726573949,-4.32165756902447,-4.319932971659444,-4.321716362093155,-4.331228229765211,-4.3222541377385415
2010-10-28,-4.464674896995956,-4.3189888635726925,-4.435282549373753,-4.192006432946767,-4.44353029093038,-4.322625300130224,-4.442836201286464,-4.171593400411045,-4.340016285142433,-4.322696327722101,-4.323954285254455,-4.320219609095144,-4.323629013409376,-4.333390914517776,-4.324637994664782
2010-10-29,-4.461588516017408,-4.460973834362281,-4.5305883152915865,-4.330284503988756,-4.554220076041642,-4.4555299321506725,-4.486741633952631,-4.347653262019427,-4.535665889797714,-4.468944961219263,-4.459633278649151,-4.460521612161192,-4.459547730879424,-4.468382471610577,-4.460391133885
2010-11-01,-4.49624312294166,-4.29249158537992,-4.501945922059118,-4.1296974773884845,-4.320877321605621,-4.26873678108307,-4.46037911386691,-4.128611145639674,-4.347934948740409,-4.297809901134232,-4.301125349285096,-4.2950476095310055,-4.301074724716873,-4.310117932711902,-4.301841408954567
2010-11-02,-4.483940897742772,-4.64155958731623,-4.553010132852739,-4.507624321998245,-4.697299811128523,-4.669751440792766,-4.415013992958742,-4.552448275805844,-4.686441929092199,-4.6773410787565375,-4.6249710146055785,-4.639126210244584,-4.625319077214912,-4.6326384591835605,-4.625061531288321
2010-11-03,-4.601375291547582,-4.068533632630781,-4.369362628969708,-3.9066425502008313,-4.132366125640271,-4.058580582614297,-4.401992651835484,-3.9041352883680855,-4.115126507885934,-4.082041467354212,-4.088033569044247,-4.07318818791669,-4.087827384796616,-4.096488551104554,-4.089452149217936
2010-11-04,-4.57811354723588,-4.418724560808566,-4.384275879457429,-4.263888030686868,-4.370632059897707,-4.443415396481135,-4.230476789579184,-4.25336003823101,-4.389170484348848,-4.4577661590875515,-4.400088122178887,-4.416168514703273,-4.400617164324693,-4.4079369019892685,-4.399794865954813
2010-11-05,-4.578991279641883,-4.355221980304905,-4.34110969832511,-4.105671249122147,-4.281646181967136,-4.347564183636351,-4.053548448717713,-4.115390053470046,-4.301805807973336,-4.385466760850223,-4.327208624340493,-4.350869279555456,-4.328142474292351,-4.33648603907073,-4.326634542930969
2010-11-08,-4.579718258390501,-4.469990309994405,-4.546829356336188,-4.283113906843021,-4.439630135640827,-4.480713959440387,-4.417355913999641,-4.27434004356209,-4.411935242656184,-4.480138139528797,-4.461093491759289,-4.468150730559955,-4.4614166708746446,-4.47131302207915,-4.461234581564339
2010-11-09,-4.6175510907254775,-4.289011263679666,-4.400636324514535,-4.118631240477122,-4.3063184360179685,-4.27874906608051,-4.273170918267112,-4.134309002355824,-4.290020052243717,-4.2857122975919495,-4.283955635056686,-4.289416908678385,-4.283963125251491,-4.2914453321078785,-4.284320270830853
2010-11-10,-4.654454430074955,-4.405117049207013,-4.453549107158456,-4.216959602770245,-4.404158415626146,-4.392143700610198,-4.299693496996037,-4.208171123969414,-4.361086972278207,-4.416878080327844,-4.3938387527690335,-4.4041309313610695,-4.394376110132653,-4.404371829552786,-4.393949737087082
2010-11-11,-4.681337155215192,-4.400833191206628,-4.44501434725433,-4.238250704437019,-4.464621758520093,-4.423566421572415,-4.374130254116248,-4.223597840834752,-4.446314782559555,-4.397028636636289,-4.394917360203805,-4.399654694093317,-4.394976764380402,-4.405476733896122,-4.395856226307047
2010-11-12,-4.732425256224518,-4.234718713463942,-4.42774345098006,-4.087599833050216,-4.277386759191758,-4.248811702867821,-4.4074645353544515,-4.074844049890898,-4.277876284414712,-4.240097608179374,-4.244984791780739,-4.236687968400544,-4.24509901345054,-4.254541208938025,-4.245805274925458
2010-11-15,-4.743230300543586,-4.334122326339618,-4.459522597685718,-4.172220013648206,-4.346706230843555,-4.352229484264614,-4.384909821026797,-4.175936201838799,-4.29503451678531,-4.336417562402872,-4.3348856915155345,-4.333777358174288,-4.334933895705768,-4.342585102223208,-4.335192030693479
2010-11-16,-4.832783490623852,-4.170639297079212,-4.25439335474826,-4.0590885645225345,-4.127115929957327,-4.171389999483687,-4.208365939624892,-4.050372251237882,-4.084958350100535,-4.144635466248042,-4.170609490961732,-4.170515472739025,-4.17042501723359,-4.176859560408109,-4.170804391781595
2010-11-17,-4.8726034891695775,-4.286440575000383,-4.428566638395958,-4.146221442060845,-4.290991666076019,-4.2962647508614165,-4.3844945154455015,-4.107017868839865,-4.257384112085059,-4.311096809205265,-4.291973207628348,-4.288594956478125,-4.2920771586102,-4.300617549201101,-4.292530627760418
2010-11-18,-4.901170709969803,-4.4348266015500535,-4.512781588774459,-4.275443767943208,-4.418606050399397,-4.457086985491079,-4.401782935176127,-4.272030727652175,-4.392493608226964,-4.44825852684339,-4.432561154078333,-4.434739335213942,-4.43347959721899,-4.441023269688516,-4.432906565154514
2010-11-19,-4.932308026939981,-4.507819851648264,-4.580235925232113,-4.384759620793025,-4.512217308314952,-4.50115798373739,-4.5217693709551945,-4.366649244940577,-4.49981060665316,-4.521635707320758,-4.507103321059718,-4.50743645236849,-4.5074024582121295,-4.51460109784898,-4.50762429639329
2010-11-22,-5.003841906809907,-4.368725412153348,-4.494417507728089,-4.263763130049464,-4.417607649749487,-4.384833681173921,-4.478582157545692,-4.275497803354,-4.412932048258043,-4.389152864282543,-4.376765839156423,-4.370573121011123,-4.376839154618241,-4.382614095396458,-4.3775069236004835
2010-11-23,-5.078713319041998,-4.423216336229771,-4.52249950497101,-4.299793153920324,-4.457761882008761,-4.427406580020468,-4.485458318824539,-4.288607492441572,-4.460364230859919,-4.452932722816475,-4.427954648780899,-4.424689106520164,-4.428346863426232,-4.435895410602292,-4.428726276553132
2010-11-24,-5.1126377269187975,-4.598525726204234,-4.702509027486073,-4.428846614764766,-4.588944546984082,-4.61369209811852,-4.565287869895091,-4.427951820933625,-4.602922675578061,-4.623829256012448,-4.596085197038799,-4.598771652385751,-4.596569535792304,-4.6034929457606255,-4.596317323826109
2010-11-26,-5.158264935191069,-4.5686362117374015,-4.700382613793922,-4.4505194866494735,-4.56141360719698,-4.539135385008798,-4.648857228343542,-4.451622363143218,-4.551496302762996,-4.587950775266122,-4.572890599011118,-4.570424445511794,-4.573464188235161,-4.58087130998625,-4.573635393937595
2010-11-29,-5.308185628418247,-4.260479093486857,-4.4136990681286505,-4.137754645758523,-4.274703561997951,-4.258787220774986,-4.37254227152108,-4.137641381437741,-4.25204008926081,-4.2871347833482005,-4.2684941779798615,-4.263801279664412,-4.268614981552516,-4.274423423821932,-4.269114602202552
2010-11-30,-5.4284069599262565,-4.292154139087854,-4.45171357921071,-4.191607998630089,-4.34348871913796,-4.298325779615981,-4.4668721664068,-4.193973296551874,-4.34552250413954,-4.3228586602375945,-4.305057089061171,-4.295390292801624,-4.3052268723948535,-4.31023881904209,-4.305905689079801
2010-12-01,-5.4778390254899,-4.440704581251098,-4.537100918768683,-4.31661086118416,-4.420234998721226,-4.439047468898791,-4.473009922056505,-4.326941629001341,-4.441153394601015,-4.478896613510793,-4.443012748210206,-4.442578594700821,-4.443203312341213,-4.447367638920628,-4.443535299403624
2010-12-02,-5.497826985036525,-4.485878259188746,-4.49745385895884,-4.324747372920662,-4.4207654009949096,-4.486346013078155,-4.3485663253458435,-4.327228532105327,-4.453210323921102,-4.524834656781058,-4.475169829343715,-4.487077671642982,-4.475972621239565,-4.480514551628228,-4.475536598248852
2010-12-03,-5.52873904510514,-4.488111088689588,-4.581982646860695,-4.312781390651093,-4.450484801261928,-4.483161102937468,-4.450676276028737,-4.321582911523106,-4.4792138462161475,-4.524261782939024,-4.4829636616677835,-4.488287917098363,-4.483099281942113,-4.488534116411263,-4.483758076161003
2010-12-06,-5.502933999383073,-4.7290162789980315,-4.787382544578091,-4.564205931022265,-4.713940175293751,-4.730377448531327,-4.653972105549301,-4.557337791714468,-4.726717928386302,-4.749730091683433,-4.7208258263313105,-4.729023819710282,-4.72115006996445,-4.726123768031867,-4.721465211091647
2010-12-07,-5.518016043055937,-4.55314309102889,-4.658629715242832,-4.401806788871925,-4.533171922509499,-4.551030288245162,-4.5576554401087455,-4.384774436027236,-4.520228808663511,-4.595661433950334,-4.551685407963312,-4.55510699254954,-4.551925722339436,-4.557199540400263,-4.552418427540611
2010-12-08,-5.534385559745562,-4.616351546510357,-4.7120426777874655,-4.439542274945094,-4.57912186748106,-4.615144001522198,-4.558151117910518,-4.444793627817721,-4.568489786717779,-4.620927015733765,-4.612360838188331,-4.618268769761412,-4.612874788745792,-4.618159127198802,-4.613256951267415
2010-12-09,-5.554529745119529,-4.676625115564615,-4.730673070117456,-4.5270294319043005,-4.614538622761193,-4.649609545727122,-4.605217704790189,-4.526773242686651,-4.615432569087077,-4.695555675624063,-4.668167112975968,-4.677293803954412,-4.668929744950549,-4.673563643006417,-4.668786358290454
2010-12-10,-5.56391883965609,-4.811288641493038,-4.834502461765486,-4.656371739138071,-4.805716297669006,-4.807106745738012,-4.7064066384063725,-4.676374712720918,-4.817167743380714,-4.849848932196238,-4.802338963833525,-4.811946060598919,-4.8028260569258805,-4.808441300096528,-4.803345355412066
2010-12-13,-5.566594790102412,-4.788889494062992,-4.740864055988183,-4.63938820159072,-4.792668085227008,-4.786680525833105,-4.591004332488258,-4.6328121826455435,-4.836503916121089,-4.861520398932473,-4.774127559610644,-4.788417121774142,-4.774784548686461,-4.780840531618817,-4.774976914550299
2010-12-14,-5.565677705600799,-4.839441439176035,-4.87556450721179,-4.681626710182363,-4.818730867043316,-4.8174285814555,-4.71443295421979,-4.6905540339658724,-4.843335906139878,-4.795934526850229,-4.829502300788298,-4.8409396863299365,-4.829888148319802,-4.835355676355703,-4.830407397422178
2010-12-15,-5.612778366772995,-4.792375533507839,-4.814479510057277,-4.646424038438288,-4.7889911133763725,-4.794527770803535,-4.694784128553413,-4.65615342849662,-4.75162082158728,-4.766028359937585,-4.7828821843794,-4.792934460159202,-4.783174165316337,-4.7884135960625445,-4.783581924585518
2010-12-16,-5.625405749480787,-4.779977902020684,-4.7606473806145635,-4.639125029045508,-4.76490128383807,-4.774505841568808,-4.655696083914487,-4.642464477256285,-4.741581721401027,-4.803006528347764,-4.770667064551531,-4.780716979978935,-4.771109705975784,-4.777615190904108,-4.7715387131277955
2010-12-17,-5.52776856203845,-5.058176096037284,-4.804743271264629,-4.9434108697850805,-5.0265793991151835,-5.061206644907897,-4.612311612243087,-4.96944435405894,-5.0383527160846855,-5.105982791745607,-5.02436599085506,-5.053607646964192,-5.024626011212365,-5.031616825776909,-5.024677042596312
2010-12-20,-5.484640480135004,-4.988713109973181,-4.941364302703534,-4.850346426598123,-4.998359067600764,-4.9860339175860044,-4.802161931237484,-4.848956758867359,-4.996608148162398,-5.000731544317504,-4.974598753097773,-4.988411013655805,-4.975282159634815,-4.98062416208853,-4.975076659017433
2010-12-21,-5.4479443841843525,-5.256012697001552,-4.9635586706291965,-5.149078061706366,-5.263290009728256,-5.238082211276168,-4.767023275912544,-5.170517442721948,-5.278925212922546,-5.283958936621634,-5.2184892480316005,-5.250470013536736,-5.219424579854024,-5.224866618347666,-5.218433373790286
2010-12-22,-5.336338960341456,-5.371589708437132,-5.060657248118382,-5.2214920420799285,-5.290037968281049,-5.361936607939701,-4.786315670600016,-5.237281224953936,-5.319113013170554,-5.381554350347093,-5.325337474842189,-5.3675690848465045,-5.326488302943173,-5.335069103286285,-5.325400389657394
2010-12-23,-5.279705572124257,-5.528923423434761,-5.3153928038697416,-5.37683656943447,-5.461241162245896,-5.520886154000268,-5.078688793327125,-5.377601436587148,-5.428856525555227,-5.555737909834335,-5.494402278378421,-5.525982101953863,-5.495479794450965,-5.502148336440383,-5.4945253337916995
2010-12-27,-5.247106665839504,-5.650322481416472,-5.304896147182204,-5.499182378987148,-5.569820305742358,-5.631704942838698,-5.011192126585398,-5.513088943718988,-5.593061067620153,-5.666510983536792,-5.5991382514946855,-5.64403571553348,-5.600020135232805,-5.609156758419302,-5.5993142972442405
2010-12-28,-5.1280730586955965,-5.747056236232391,-5.502394869045329,-5.619171785020532,-5.740756226584987,-5.720706524056279,-5.276540743667257,-5.6410408328638875,-5.732537137897611,-5.7433538773798265,-5.711444896239201,-5.742191946685094,-5.712282004092081,-5.717953579819713,-5.7116785775843715
2010-12-29,-5.0861867756467625,-5.859072987940252,-5.573209446488,-5.721908604498225,-5.779348886461403,-5.839647526205099,-5.282966686698853,-5.734830188838825,-5.780181616793787,-5.864394137712703,-5.813677416379328,-5.852006877971948,-5.814884641602179,-5.818773801185831,-5.813651952878857
2010-12-30,-5.068365891631856,-5.689179730665913,-5.58812720252659,-5.511400549497766,-5.645132554880277,-5.674234553345897,-5.379777849411276,-5.520490011084219,-5.548778620703568,-5.762551962936192,-5.666046458146042,-5.688569278054676,-5.667174870704984,-5.670552111723988,-5.666836815951254
2010-12-31,-5.05466326408407,-5.586956985114659,-5.578700530007743,-5.4175466556815275,-5.558120318394031,-5.577110030465893,-5.4108193554306965,-5.419752332180926,-5.520425290223369,-5.604494850931093,-5.574841829398495,-5.586906083688087,-5.57586113345186,-5.577137409715983,-5.575598323359641
2011-01-03,-5.016335575329192,-5.501999762693381,-5.216615324379783,-5.357537957273388,-5.466681393703514,-5.512536715193182,-4.977270563562095,-5.372350394627415,-5.4252244991094845,-5.552566194092578,-5.461475698790774,-5.4980485911782875,-5.462297206703134,-5.462397888237502,-5.461369952954504
2011-01-04,-4.9985836554384075,-5.336629265416637,-5.003947244379272,-5.200857548131661,-5.345935991438861,-5.327100013780669,-4.789183425957503,-5.203939227391999,-5.316444606502054,-5.313832793624859,-5.291651310487606,-5.327235907110172,-5.2925432476189584,-5.290682309683461,-5.29156442628476
2011-01-05,-5.000423203625423,-5.330596053804223,-5.016992021508642,-5.173687576258611,-5.311430154942127,-5.3532467348046575,-4.795319009064858,-5.184016517637842,-5.311815164667503,-5.381006849036408,-5.286381398939567,-5.322981188775657,-5.287042855977993,-5.285409592140984,-5.286663329304165
2011-01-06,-5.0170734240151225,-5.131807635509073,-4.94436460996647,-4.95876844019816,-5.113027673173884,-5.145144445021584,-4.739263073180323,-4.969825610012021,-5.059381156040282,-5.145856942628169,-5.098456898838131,-5.12703675553581,-5.098791603931183,-5.0971766498776265,-5.098755104213111
2011-01-07,-5.048868684279257,-4.9366398964824745,-4.768007308235913,-4.730808750321545,-4.941268437757762,-4.962310954965912,-4.522604250843703,-4.74981649551118,-4.919139512570843,-4.959634667414594,-4.902929327999174,-4.933982666602137,-4.9040283689783974,-4.901384192026635,-4.903271526615841
2011-01-10,-5.0199811930735585,-4.98104692362699,-4.845057107730524,-4.763004354075501,-4.954319444962697,-4.991648213044396,-4.572590519135967,-4.799684592064049,-4.929053731479687,-4.987709692637894,-4.947000213912198,-4.977638449791505,-4.947374441389114,-4.946260855521754,-4.947093373863418
2011-01-11,-5.008375380278268,-5.0759659107269846,-4.913610200158846,-4.855622552110551,-5.011842804818435,-5.104366322742587,-4.624218354376061,-4.843817103854842,-4.955402372416892,-5.110832273065865,-5.04138490669021,-5.074339384353287,-5.042964420550204,-5.041485240461103,-5.041630125778141
2011-01-12,-5.011755667009599,-5.167427793203334,-5.053838842748627,-4.961851319618245,-5.182972810991871,-5.167076598784234,-4.818264740441991,-4.970549673045181,-5.171027887644618,-5.19719338087471,-5.1403164006010655,-5.165346369255861,-5.141266955482366,-5.14138315810116,-5.141056011886258
2011-01-13,-5.001891278087513,-5.122263290728964,-5.016181701553976,-4.917088688497055,-5.114899760378537,-5.1153375912061945,-4.7478811731925,-4.921387620613955,-5.123359770742099,-5.133840705303358,-5.090870251255194,-5.118181845018428,-5.091322386574896,-5.091610805756349,-5.091251448449975
2011-01-14,-4.99016531220604,-5.139936586876489,-5.12041886077962,-4.925014853534204,-5.157200120341784,-5.131952561853954,-4.8963714385232615,-4.929348506485505,-5.1803088793305125,-5.170334156933415,-5.118254091961369,-5.136012520966961,-5.1190186278390515,-5.119586570974314,-5.119054964518705
2011-01-18,-4.994329402316416,-5.280265646053571,-5.102116213396181,-5.106723524901523,-5.2424956185610645,-5.298554516301019,-4.8538216253384725,-5.087779012618182,-5.239208830240705,-5.310140430225936,-5.247895111280594,-5.27857511086566,-5.248745662103671,-5.248306564401166,-5.248221174607931
2011-01-19,-5.0153167144627915,-5.129731606480929,-4.977108627727055,-4.934940970015698,-5.147114930645651,-5.149669916010243,-4.725740874790833,-4.923814206607055,-5.114434066528368,-5.210373699175162,-5.100126654319587,-5.127144947720297,-5.101231931549089,-5.09959940096782,-5.1006239445724955
2011-01-20,-4.97734868055592,-4.904456245386877,-4.688139746818601,-4.717865119550255,-4.910017213530914,-4.945992117083073,-4.450292276206868,-4.735798313745101,-4.9047653659990225,-4.9802935928612415,-4.869385678105441,-4.901910702500639,-4.870173827628805,-4.868467375753945,-4.869769815966784
2011-01-21,-4.88618179144702,-4.921691992077528,-4.899255301005569,-4.733340968033035,-4.98727435329412,-4.948258164511727,-4.747936335660649,-4.730063641099859,-5.006557491292832,-4.986608027624017,-4.90827305353172,-4.92216263801705,-4.908575278924671,-4.909905690144098,-4.909454571519468
2011-01-24,-4.786489046060626,-5.008448121325698,-4.94594971523177,-4.8205912639137924,-5.047547493721033,-5.0361029014001435,-4.75157048865703,-4.815334789546747,-5.022682937355811,-5.080923959615553,-4.988960127523202,-5.006785085849833,-4.989262404950469,-4.990519365746304,-4.989833199344756
2011-01-25,-4.823965197410497,-4.692722168598025,-4.732779012204093,-4.52064231842213,-4.719505438866257,-4.714615082535605,-4.549143418894221,-4.5287732637297,-4.690647968438532,-4.75267425664333,-4.683932731694996,-4.6933255896577055,-4.6842233198413465,-4.684888742566654,-4.684711716992494
2011-01-26,-4.840743486311567,-4.7631365808640656,-4.659841548462847,-4.635068051410317,-4.817228861180972,-4.795796945890456,-4.528791930273874,-4.632345715539614,-4.779854199790792,-4.801371943911869,-4.745234812162451,-4.761020778035192,-4.745567057372255,-4.746836326213031,-4.745745086334845
2011-01-27,-4.774711132508828,-4.895351284291025,-4.677329469571159,-4.782343951347466,-4.969297930958228,-4.930633599365686,-4.523860471066307,-4.784450291816131,-4.917873222503447,-4.94672931076248,-4.866020491374483,-4.891580291692357,-4.8668039862635615,-4.8676693449942645,-4.866296766628014
2011-01-28,-4.784347538908436,-4.551363446626612,-4.552437144236865,-4.425290437967323,-4.587391453468491,-4.590199729876026,-4.43441126110599,-4.426472974339868,-4.61038180658605,-4.58358468123591,-4.5425356494336135,-4.551233280243282,-4.542733083298594,-4.543542753841788,-4.543211397609178
2011-01-31,-4.79476369355882,-4.709143498466597,-4.636365736335309,-4.58785488928919,-4.761434163149488,-4.748715218263201,-4.509752505098814,-4.604082162295402,-4.749069349674682,-4.753343479361689,-4.693307118824289,-4.706597907248208,-4.693646670193614,-4.695728691387072,-4.693754916465237
2011-02-01,-4.737300617648795,-4.842609403320442,-4.650300217072742,-4.7343118402595366,-4.864629917510983,-4.864984365157735,-4.499504319513864,-4.728937798733592,-4.823419513052608,-4.907849833975849,-4.81838328462289,-4.839695129355654,-4.819228197774524,-4.822045935063073,-4.818781139054465
2011-02-02,-4.679099613175777,-4.850265987810512,-4.678155808034648,-4.728418713862671,-4.909448052678645,-4.882424729428594,-4.538826603133575,-4.747106719156826,-4.838329958054174,-4.928938286778923,-4.82428724136576,-4.845420880676752,-4.824674234897329,-4.827436889642765,-4.824843841083929
2011-02-03,-4.671592690634404,-4.685501002084728,-4.62703523221153,-4.567920433662007,-4.7421274356299925,-4.693995157849314,-4.522516867157715,-4.587369032588061,-4.711860674623753,-4.721230648292905,-4.6722802599168745,-4.684430664692146,-4.672877669796579,-4.674188038869753,-4.672963350157484
2011-02-04,-4.638376093009917,-4.802055540490621,-4.731628486087233,-4.699056553069619,-4.829355579872988,-4.810196754511947,-4.622267679104728,-4.712818883770309,-4.831710860288959,-4.808216515075978,-4.788111886902877,-4.800908790387001,-4.78875363183592,-4.789900420622995,-4.788583938535151
2011-02-07,-4.5598157542087865,-4.992486423892708,-4.8316022113101225,-4.852675355730666,-5.034643382556417,-5.021960325889205,-4.683929359689904,-4.853910009122378,-5.024810963154519,-5.041575143085781,-4.968467804937375,-4.988636622714465,-4.968865938935685,-4.971160881130472,-4.969028199773548
2011-02-08,-4.5081156176497545,-4.976790043521446,-4.91366830247996,-4.822159524648539,-4.987926226301382,-5.013042847452188,-4.7303703830892205,-4.8259107565835935,-4.952435304407538,-5.054357572252257,-4.958709534645192,-4.975022591450042,-4.959103453466014,-4.958125502935703,-4.959335261568993
2011-02-09,-4.470672249615187,-4.902123765772648,-4.8108063396364695,-4.78261772204985,-4.922566820364672,-4.932652064080427,-4.68156281707727,-4.796632721271597,-4.899070132665534,-5.009155375939868,-4.886597199211663,-4.899816587188033,-4.886565488352004,-4.883309219486958,-4.8870690613565095
2011-02-10,-4.394123345323571,-4.732516725926382,-4.780044186780411,-4.622106400923173,-4.753357661172266,-4.735162470672889,-4.679014810191384,-4.635659932938614,-4.753894079181656,-4.748842955404214,-4.730535483942932,-4.73336533974824,-4.730794069720178,-4.727606418474706,-4.731244749992612
2011-02-11,-4.211615240345588,-4.858077863221284,-4.8507322910970645,-4.706455046080803,-4.859180539053373,-4.854854385900053,-4.660771324686272,-4.699395737084282,-4.799720655591515,-4.926804211174459,-4.845219912474062,-4.857935718911163,-4.845715318603208,-4.838405755166451,-4.845766774974849
2011-02-14,-4.16140681205639,-5.053246066915888,-4.835167099365772,-4.93931050263086,-5.108066764390524,-5.048295358918946,-4.680381071993147,-4.945671161399191,-5.095812289315823,-5.114710395471052,-5.021730540910784,-5.049604964060329,-5.022170287590235,-5.011498720744552,-5.021984324489174
2011-02-15,-4.137799982399996,-4.861785673159973,-4.865571287909903,-4.737377177013782,-4.8626046065680235,-4.889605696931671,-4.728374823736405,-4.742599992304714,-4.847883627282896,-4.898365666829185,-4.852376942535465,-4.861095377737469,-4.852443826760096,-4.844041916305688,-4.852719912013094
2011-02-16,-4.143059229616996,-4.799031872354652,-4.777229377047331,-4.700144885788366,-4.780854673007747,-4.816055796400729,-4.713270290134076,-4.68920279862516,-4.787127809847044,-4.851979012714787,-4.790405678909784,-4.797612508384382,-4.7907818402917135,-4.782115494746012,-4.791130507247432
2011-02-17,-4.135772814534725,-5.071259720559815,-4.879555780227353,-4.990455101746728,-5.121703208236283,-5.079101891944626,-4.790023391324031,-4.975844527701266,-5.121969864361979,-5.178527888558144,-5.048439455235091,-5.06560274098265,-5.0484004680849,-5.038003213004222,-5.049155238746143
2011-02-18,-4.115810174687959,-5.092853290428155,-4.96289466052405,-5.009346629636186,-5.126302535827212,-5.1113731406074,-4.876565133642428,-4.999084331766963,-5.121069909012418,-5.174934396423946,-5.079680117563527,-5.09165149440091,-5.080081212495441,-5.06841312310522,-5.080211708562539
2011-02-22,-4.139041418064946,-4.598498648140315,-4.575784356167219,-4.499558521613496,-4.6414261471574,-4.6226414563144935,-4.490611423448916,-4.4996813840283245,-4.6214119461003325,-4.651220073642758,-4.5926653052023685,-4.597429205306614,-4.592797355888631,-4.584078299404037,-4.593179322103316
2011-02-23,-4.188740082456953,-4.375558636967954,-4.27287511857044,-4.269386058943773,-4.400226746758255,-4.413013240996068,-4.163746660638619,-4.275888539475447,-4.407329544282173,-4.432890445221417,-4.358298822321431,-4.372480730127163,-4.358606877368996,-4.348568105945208,-4.358796284765248
2011-02-24,-4.24391498479789,-4.255080335623241,-4.218795106302454,-4.167274451613511,-4.287872171331447,-4.30488857816865,-4.147366139636786,-4.177786358209502,-4.29919322697374,-4.323627200432529,-4.249608209313677,-4.253035118226821,-4.249740452681335,-4.243068627299142,-4.250038503477724
2011-02-25,-4.246168530315598,-4.5168651850292525,-4.430388193842418,-4.374327573317922,-4.534255270257622,-4.551113437670376,-4.28755451343844,-4.392624924484808,-4.563288382093484,-4.5746984623764595,-4.500739917517477,-4.514713027926312,-4.50088606376936,-4.489655552592889,-4.5012897551144455
2011-02-28,-4.247518087939649,-4.550386570964977,-4.485760867742106,-4.448335299028719,-4.609254161020058,-4.564864945366477,-4.364869369929914,-4.458039811067724,-4.6050469000671415,-4.595216947214641,-4.538184934344678,-4.550347879718066,-4.538408821095755,-4.529522714366049,-4.538550670970091
2011-03-01,-4.2888097177180144,-4.280617065838802,-4.328016820641345,-4.168393825995938,-4.285344698392844,-4.284661147343457,-4.238630611010783,-4.173095982528608,-4.32195265452859,-4.3000589193598415,-4.279766850419758,-4.2809571169839264,-4.28000122577436,-4.272872077779922,-4.280282956300032
2011-03-02,-4.319278327097163,-4.3571970215535405,-4.422371915134618,-4.248369999074689,-4.3927789910841115,-4.38132542819469,-4.355666040670675,-4.237790409836926,-4.373430725089264,-4.399795345214989,-4.360659065670621,-4.358613463909984,-4.361025719567079,-4.354021095858161,-4.3615051485957705
2011-03-03,-4.322840990864142,-4.698308571352857,-4.605731592597303,-4.5972236301105225,-4.732006356932198,-4.718988377666085,-4.505185291244952,-4.5909408385499795,-4.767801563662611,-4.795694942780833,-4.684944163240516,-4.696861085656957,-4.684945987714403,-4.674845676769149,-4.685435328052443
2011-03-04,-4.358193465347224,-4.377155221135317,-4.5670922124717,-4.262275383760991,-4.411200449337735,-4.380263229611642,-4.535035429114855,-4.257669408371314,-4.418232840444277,-4.412551851314638,-4.391455913470076,-4.381054979174417,-4.391178936097548,-4.386541309328376,-4.392508220780893
2011-03-07,-4.400839184385412,-4.280163818597125,-4.386402206542397,-4.185240226956352,-4.296702913556216,-4.304471383201298,-4.3129817295250135,-4.183759572089771,-4.257377391029934,-4.322831187443926,-4.285872185198374,-4.281986095430716,-4.286374074013749,-4.281080023059937,-4.286314420371831
2011-03-08,-4.372569806265275,-4.406345566806509,-4.469640363548566,-4.2989182364383325,-4.409986194525684,-4.449150154741741,-4.383092681371991,-4.310152994891396,-4.397290443712801,-4.428934560470673,-4.405784189135963,-4.406297363784033,-4.405477454734364,-4.401734129453025,-4.406187106389263
2011-03-09,-4.392598898878346,-4.3327370940415575,-4.45482393710507,-4.2599932202972886,-4.373648604571447,-4.363439134486826,-4.424172905036372,-4.266617714561777,-4.348844769771957,-4.352699438976959,-4.341030791865371,-4.335625782623086,-4.340997236669801,-4.339443423186179,-4.341400408678722
2011-03-10,-4.440296933808731,-4.153036984005228,-4.268016504780631,-4.07900703615227,-4.236021862580632,-4.16926547145664,-4.254609655612354,-4.082988905552672,-4.204184121192401,-4.194046062395151,-4.162092128689937,-4.155477643934189,-4.161312172783828,-4.1594888694559335,-4.162833178588352
2011-03-11,-4.462907222596368,-4.185789408707447,-4.353333308336972,-4.109144939013193,-4.30052615636321,-4.214892108521807,-4.368949087520038,-4.100852550322289,-4.2744559161721725,-4.233775506499853,-4.201188122276227,-4.187608801801877,-4.20112402119278,-4.199506938033158,-4.202347313035236
2011-03-14,-4.484276820360538,-4.1988298897646565,-4.30379927133207,-4.122532758724584,-4.330575145953289,-4.222107534777953,-4.30776543343424,-4.11622901469031,-4.321583914635893,-4.238021947585879,-4.208939369772919,-4.200765097944062,-4.208666157194592,-4.208515883150476,-4.21002403217675
2011-03-15,-4.575135011527896,-3.948755604042384,-4.035794954666623,-3.889504316086067,-4.0588554046920615,-3.9598423160755023,-4.047643751032147,-3.894457834606837,-4.045231311376786,-3.9816242927087857,-3.9542423295814717,-3.9492530641905903,-3.9544219811643093,-3.954544075636073,-3.954970621825063
2011-03-16,-4.842229811863858,-3.631856660646922,-3.922201160718018,-3.577465066683347,-3.7686713675306,-3.6330398007040725,-3.997819776511854,-3.5801202989359333,-3.734029841099454,-3.6562169860996305,-3.661872579323017,-3.6428775160653553,-3.661532629857497,-3.665772971469752,-3.6632609102578
2011-03-17,-4.882067710835332,-3.846870440769433,-4.08360438946832,-3.78136175533375,-3.9502825018768455,-3.827563128347977,-4.123254840084641,-3.7818202864384918,-3.9206152083383463,-3.854994044821903,-3.869207672551665,-3.854663606157054,-3.868989866134938,-3.8727040534450543,-3.870195967948777
2011-03-18,-4.943053878809372,-3.9127003105170712,-4.12292371873097,-3.805450133117517,-3.899431260451342,-3.9080598352241425,-4.061665216775056,-3.7841781998813118,-3.918661025669164,-3.9701830924644446,-3.9291607738734395,-3.9215885180791394,-3.9295964076182552,-3.9307325641751514,-3.9299477486846204
2011-03-21,-4.953202715796296,-4.136291757038768,-4.269523328236867,-4.05231642846978,-4.122428946297811,-4.163048835311061,-4.228706718895189,-4.030896044603755,-4.137184526856854,-4.221802596957836,-4.148760668864143,-4.141820039768811,-4.148910725361031,-4.151387446932281,-4.14954992303588
2011-03-22,-4.9684741287227325,-4.201324116768739,-4.3742397146682,-4.126189500482616,-4.214566234429044,-4.233631996556583,-4.372336108278878,-4.118261389840766,-4.182334162352815,-4.271801458246535,-4.217960041026233,-4.207201901060891,-4.217542376482803,-4.221056134559196,-4.219011669322844
2011-03-23,-5.017223047600689,-4.288687440886114,-4.535485336935342,-4.223762501158898,-4.31594219590973,-4.303842484461045,-4.560114588997788,-4.217968089460798,-4.332647272646156,-4.326516219936872,-4.316176788733198,-4.299349285820845,-4.3155530154032204,-4.319959274222287,-4.31750829703713
2011-03-24,-5.045334041202621,-4.434594618933873,-4.610932060432395,-4.359788753115758,-4.453953523741544,-4.462319719230752,-4.593906053199927,-4.35182403121921,-4.464463287179491,-4.504717829945647,-4.454198026334767,-4.441423960796717,-4.453899570092614,-4.45797112559334,-4.455179334386536
2011-03-25,-5.036200456368654,-4.620342925021216,-4.76613457953905,-4.562193330756788,-4.694483782014718,-4.653337520667648,-4.772591755174111,-4.558424793729438,-4.6662202814286315,-4.669717239212396,-4.636302138140915,-4.627590882062636,-4.636290291021249,-4.639697119120255,-4.6372799531941915
2011-03-28,-5.0364674798336155,-4.678226128014992,-4.826494921656564,-4.598179439747549,-4.7303656433751575,-4.733801459888125,-4.801021529411027,-4.587202054708869,-4.700965584805554,-4.758164088556244,-4.69355082675227,-4.682871465005452,-4.694371876414165,-4.6975171742242505,-4.69460576960041
2011-03-29,-5.059744971764132,-4.6458871084833335,-4.776158559873047,-4.594987029337833,-4.693700943339526,-4.651417936790116,-4.792417205809845,-4.595055603162939,-4.666282993013599,-4.66844822485354,-4.659321113910372,-4.650528697215835,-4.659360707538982,-4.662271465642123,-4.6599835812737425
2011-03-30,-5.052645014479765,-4.747716549755069,-4.769176707698335,-4.699740932903002,-4.773010748758724,-4.761527717319803,-4.7279194227256935,-4.696446132006591,-4.770974297675896,-4.787195910942618,-4.748988245801039,-4.748072672338422,-4.748746337995587,-4.7508682278039425,-4.749149818449177
2011-03-31,-5.0136003950970345,-4.830867630086237,-4.869790581016622,-4.774911384761461,-4.836602480806982,-4.838404274235553,-4.815951926026012,-4.780881863764474,-4.830733309136756,-4.85544803995862,-4.829747232035465,-4.831579331585081,-4.83027647572302,-4.831685457201386,-4.829864769961319
2011-04-01,-4.942431552994891,-4.790933387881056,-4.846759440031446,-4.740927044061281,-4.854143654966689,-4.8198830675113795,-4.84443933348829,-4.7476436486029625,-4.838036548000232,-4.840796899082798,-4.797861151521029,-4.792655028598365,-4.797685614341978,-4.800513860130967,-4.79832555018543
2011-04-04,-4.828284201899006,-4.880316855132569,-4.877681478608138,-4.821507660565771,-4.902200424814912,-4.918783136546964,-4.84740739594469,-4.815288211416818,-4.902166227699655,-4.97199478191273,-4.880164040391987,-4.880313353455444,-4.8801656014329495,-4.8830946076073936,-4.880545157661734
2011-04-05,-4.773580044793123,-4.812090894011946,-4.897574435877341,-4.759736127366599,-4.820279306900151,-4.869072812926523,-4.893374701978943,-4.756949729135789,-4.821385631655994,-4.894321552989543,-4.822316824241526,-4.814905244773415,-4.822184485023288,-4.825883969241161,-4.823084377467231
2011-04-06,-4.7571999471218245,-4.841059870775596,-4.85586819590738,-4.811575892147323,-4.887189805484217,-4.904632006003923,-4.876967667613229,-4.796463795025501,-4.865127564354593,-4.94156058722996,-4.845834017090886,-4.842505526642207,-4.84540235633295,-4.849147288995626,-4.846512434401484
2011-04-07,-4.834918201803171,-4.390100664749456,-4.626008056413907,-4.312319388232939,-4.41150185628273,-4.421584130979014,-4.643923456280217,-4.316633277116846,-4.4402637040623105,-4.397495923388474,-4.4139738762455645,-4.400014664697789,-4.413872122189819,-4.417619537307854,-4.4150265426989295
2011-04-08,-4.8178130911476,-4.513471974907027,-4.802104954234067,-4.4359150757162205,-4.533811314368571,-4.556875022414416,-4.827638272663919,-4.440445442332346,-4.533460447599058,-4.536469451198539,-4.541687961107937,-4.52636799514409,-4.541516566646852,-4.546486069971658,-4.543112054930966
2011-04-11,-4.784901776044573,-4.505427295495474,-4.7432844191252,-4.449379345017674,-4.6487300546549095,-4.532430547084999,-4.812348667378607,-4.462671777679388,-4.625546462509012,-4.59484150155764,-4.532521918042514,-4.514470411719499,-4.532375423129627,-4.538018606955068,-4.533997376253288
2011-04-12,-4.766793062287989,-4.426527908694423,-4.585397196893301,-4.379029553960347,-4.472215865585275,-4.459777101393676,-4.622033303840749,-4.374717794691858,-4.463649845042688,-4.527311703489959,-4.44479608532422,-4.431511732597082,-4.444320201858345,-4.4502639935443735,-4.44592863469391
2011-04-13,-4.759822831299475,-4.4181237652778,-4.5618191563955754,-4.331757287377897,-4.449441322361008,-4.459579353595631,-4.530268296090221,-4.345251829079453,-4.437914388365129,-4.542192225374036,-4.430531581248338,-4.421181538607056,-4.430193465435497,-4.435406476773803,-4.431007112608482
2011-04-14,-4.735298793592067,-4.504321669767332,-4.680563974420412,-4.419034884945552,-4.583908555844198,-4.510019641037248,-4.672131150357737,-4.4190116384054265,-4.5692797353573535,-4.557696395870669,-4.52053716196717,-4.509787248633813,-4.520957680775339,-4.527437280304813,-4.521657277194064
2011-04-15,-4.737545439515144,-4.639031133085315,-4.761234549773892,-4.531265374274867,-4.687579852855713,-4.633423424417949,-4.720704067899899,-4.512618047590671,-4.615844647143981,-4.7079368093760765,-4.650726260594568,-4.64305918115333,-4.651176262018772,-4.657087510709437,-4.651541301113439
2011-04-18,-4.739884730317296,-4.5117343317043,-4.6331875438839,-4.397360248420534,-4.541387449747097,-4.513713191246523,-4.561895533932897,-4.4027328216265165,-4.478490984850041,-4.595977667693042,-4.519059011382992,-4.514558385845634,-4.518979817068132,-4.525545663297296,-4.519615828481711
2011-04-19,-4.711913582486983,-4.810728130873047,-4.7475990516611635,-4.676461355625799,-4.810502305867895,-4.844342126313977,-4.5850424748721,-4.681957473624601,-4.766317134186073,-4.932104845136033,-4.7941374021391585,-4.810173803396839,-4.7946895150832045,-4.798531977547589,-4.793621753277527
2011-04-20,-4.680347828436401,-4.886032082914117,-4.747907428567974,-4.759416622461038,-4.902294614160551,-4.901524672345671,-4.588941190310522,-4.760876695605646,-4.869162519464915,-4.97270181772643,-4.865944844326196,-4.885413151179859,-4.866792403614462,-4.869549730783298,-4.865361356903214
2011-04-21,-4.656796633726923,-4.976909836114763,-4.8440933414772,-4.841595884387209,-4.99028673118887,-5.036315213786355,-4.686503603390022,-4.822698587211546,-4.9423514414260215,-5.09720003714761,-4.954799674594207,-4.976297465247893,-4.955738970621901,-4.958261760320861,-4.95435718676496
2011-04-25,-4.631810792575076,-5.040203534191438,-5.022407057109331,-4.907952713226553,-5.105533538327263,-5.060550165550477,-4.895823208319033,-4.928946864372945,-5.090202343468392,-5.142831513131556,-5.030740245373345,-5.040265420110933,-5.0311323290666055,-5.032364428385335,-5.030700443626513
2011-04-26,-4.604427787918541,-5.1514266891488685,-4.99992673487298,-5.063218436195327,-5.186992710337788,-5.17299090774522,-4.875624465524033,-5.075828006909483,-5.193956817029052,-5.203119809084777,-5.126475922273137,-5.147793201540791,-5.127163970820469,-5.125942160444106,-5.1260581916842
2011-04-27,-4.609724163366582,-5.002244201775936,-4.8993440121114835,-4.918688954701368,-5.1174706864299155,-5.0183043261353655,-4.832140355088144,-4.923182624734157,-5.027076618189839,-5.07672531654821,-4.986710060497783,-5.000815099419697,-4.987757532878733,-4.985934690099496,-4.986633025536524
2011-04-28,-4.6019035070086804,-5.070684971873452,-4.886162415050409,-4.989267861039854,-5.2157249158787335,-5.092713622918261,-4.790189222947594,-4.994586731627983,-5.158376654534073,-5.1442941461492335,-5.048586952836516,-5.068747167145164,-5.049369417400889,-5.04499579961269,-5.048002442250287
2011-04-29,-4.547755940980352,-5.26950341298009,-4.886515380431826,-5.213546547512355,-5.3668805662838714,-5.276949288207701,-4.742673331905068,-5.24630075487804,-5.376734835476318,-5.257644129152432,-5.221861959723139,-5.258803261607966,-5.222055541543213,-5.215127246691608,-5.2201055824643365
2011-05-02,-4.508199966584106,-5.007867832302228,-4.928745655541632,-4.935058129188171,-5.113219113185813,-5.022104219166181,-4.868251472726958,-4.9477788003208225,-5.105296413429034,-5.054751190389178,-4.996174633973493,-5.007377836051754,-4.996554239193324,-4.991553681567712,-4.996023916798851
2011-05-03,-4.499391802111196,-4.795582418649915,-4.828189134949373,-4.70761962894589,-4.907796775469243,-4.7783603900562905,-4.755815555919076,-4.7155698639849595,-4.88921072888588,-4.8082403022924405,-4.793871421696049,-4.795330162245638,-4.793990586870504,-4.788917557365113,-4.793919133238716
2011-05-04,-4.523455547821688,-4.570954055281718,-4.593438671442741,-4.520263482759999,-4.687910747399557,-4.574736409727086,-4.5990637267485655,-4.520019987242619,-4.660682911562281,-4.637985693603135,-4.571434213361739,-4.570470542435576,-4.571463137061673,-4.569347572517742,-4.5721684181410405
2011-05-05,-4.5889507471042625,-4.32990905434002,-4.43642304395825,-4.2757073473067,-4.492927102838149,-4.334831711418914,-4.490923309790107,-4.273328552263279,-4.443282719327798,-4.39338502801543,-4.341729622810655,-4.331004820407828,-4.341178704357477,-4.341332349036905,-4.343033115727831
2011-05-06,-4.592925046779779,-4.323121393165652,-4.457769514593009,-4.255734376574114,-4.4470644727135165,-4.3306093185021926,-4.487310528507871,-4.256925382990813,-4.414183994904076,-4.380480679514791,-4.337670827004755,-4.326413597303382,-4.337250006633433,-4.337356636744587,-4.338861594277707
2011-05-09,-4.59871249471924,-4.4416828007277065,-4.674769092489733,-4.339100821180241,-4.51842210473001,-4.461191351758835,-4.640577686978714,-4.343892414065454,-4.495668962124375,-4.513643793753881,-4.464166198596492,-4.4519582643326014,-4.463788180397522,-4.463988210647304,-4.465400036081635
2011-05-10,-4.546837302643561,-4.631916636775331,-4.727362195655659,-4.536506331817187,-4.729272483234751,-4.63424373324058,-4.672055116216592,-4.543144595531407,-4.73511990812545,-4.6985734097530365,-4.6399015688358185,-4.635044248951106,-4.640089506003055,-4.638513675927725,-4.640437912555875
2011-05-11,-4.541514099378015,-4.424805740757892,-4.652403595094121,-4.32704443995041,-4.500500283899867,-4.45715425670241,-4.6346168346227286,-4.321037381162418,-4.499601123792005,-4.529283750590033,-4.4476116706646565,-4.433513194096558,-4.447153780137797,-4.448480781605146,-4.449025596483191
2011-05-12,-4.578747056868831,-4.430612983053673,-4.5974157243965506,-4.353400510764818,-4.5279277533185365,-4.4569774339584445,-4.58411893282261,-4.344985973622069,-4.431847945616557,-4.492939901729297,-4.447066290569983,-4.439329355119035,-4.447064460553048,-4.448512321248896,-4.448003234422231
2011-05-13,-4.543164402647937,-4.440472306258012,-4.71931833786402,-4.3761451933296955,-4.544504925336093,-4.440179275873935,-4.751297513160773,-4.383342506486819,-4.496809446234348,-4.488825961673063,-4.469296939631394,-4.452682139903988,-4.468939139207186,-4.472488364163427,-4.470668283659535
2011-05-16,-4.474564502348744,-4.46550167725439,-4.648978144369902,-4.367744425503631,-4.524408372597999,-4.472770446472996,-4.617369833654899,-4.370387660754002,-4.517702383404897,-4.517657893768491,-4.48006332259736,-4.471614860916059,-4.480088426789005,-4.481115020601619,-4.4809387234508185
2011-05-17,-4.464718238387507,-4.344684755446697,-4.482473315899851,-4.275283781419969,-4.440924351241021,-4.355131118407074,-4.479125295535684,-4.278490835646681,-4.4062156780846005,-4.412827827897659,-4.3567023457209535,-4.347400075338042,-4.3563632013639495,-4.357479402669339,-4.3574757615058495
2011-05-18,-4.447406759674416,-4.5142092380375605,-4.663969725238254,-4.4349509721170035,-4.608610502518626,-4.520176142268362,-4.64938210848594,-4.430358746598283,-4.593719354362707,-4.5701568115231535,-4.52728819180756,-4.519619893841795,-4.527328611474402,-4.5286921390605555,-4.528174360332586
2011-05-19,-4.4760699854341075,-4.414991316240426,-4.778005285752702,-4.336139112335122,-4.517373321318888,-4.425619845859396,-4.833139792220198,-4.328170060609298,-4.483807576335335,-4.44792186469728,-4.455839931482529,-4.436822287580774,-4.455303803385145,-4.459945839393712,-4.457730863095842
2011-05-20,-4.478920382023105,-4.482509123611137,-4.7119708002717235,-4.411216460945083,-4.5412345796297044,-4.481122040971378,-4.729385651388651,-4.411656502603252,-4.554517954415986,-4.506037057067337,-4.506761308827027,-4.495100953618078,-4.506655127342781,-4.508696256938648,-4.507774911023559
2011-05-23,-4.35710890144434,-4.46866780718561,-4.757899072081692,-4.380460482706559,-4.521154710707022,-4.4859093214227626,-4.773828866401338,-4.371483531040336,-4.4745550510947325,-4.528798475864689,-4.499508305426534,-4.482297935793866,-4.499103618486293,-4.502520813817984,-4.5009263731193245
2011-05-24,-4.3263101270584,-4.54536861426303,-4.739502782506167,-4.45438073049349,-4.584324030008737,-4.558101261914591,-4.714907870698532,-4.455905800690022,-4.560983010681457,-4.5989156311977,-4.564032762231971,-4.551299041413824,-4.563980046985984,-4.564419741763558,-4.564935434348618
2011-05-25,-4.315957573261975,-4.51631711746906,-4.728291202694203,-4.407320726902789,-4.51436123267501,-4.492573942686199,-4.6675173749551115,-4.414150912610115,-4.489845447565866,-4.537265051423652,-4.531891054291183,-4.523160788674506,-4.531949714504514,-4.531117500912356,-4.532441948829604
2011-05-26,-4.328340947869623,-4.497200005006004,-4.766407789066161,-4.407888649439975,-4.540665190596671,-4.4951832909066525,-4.756476842006868,-4.403430156564953,-4.551486296338036,-4.5299733464953045,-4.523511753154329,-4.513056078281249,-4.523153272253397,-4.522094557902037,-4.524790387633464
2011-05-27,-4.320877523795713,-4.660823811437033,-4.874576339625561,-4.565010986354371,-4.67320721291203,-4.652137674514072,-4.828642375882648,-4.5713534506178055,-4.659962089481123,-4.687209525521895,-4.675986761257202,-4.669222289591223,-4.675903457011264,-4.673375166304673,-4.676590632051067
2011-05-31,-4.305261109502275,-4.662302973847616,-4.869917348341608,-4.572889931834546,-4.701040682579567,-4.675547188660188,-4.818149379809218,-4.579538503726275,-4.672367021846945,-4.707300274077882,-4.680913384421637,-4.672211503126913,-4.6810518304657815,-4.677523828470361,-4.681757154550645
2011-06-01,-4.328407032740964,-4.423043400020617,-4.667625015495175,-4.325523377141366,-4.422476985612323,-4.420961132798803,-4.626311872804961,-4.330021481806661,-4.414499896612463,-4.4228001998737,-4.442451916608068,-4.436585099200703,-4.442323142323054,-4.437848799114441,-4.443083616328241
2011-06-02,-4.350827988669934,-4.355318757035884,-4.471502217222373,-4.26229014830751,-4.317652566243699,-4.36866566679751,-4.389011457861675,-4.285528201351922,-4.3218042125156435,-4.388294669561536,-4.3587028282045965,-4.357442444210484,-4.359036472706486,-4.355276764932688,-4.358655619380482
2011-06-03,-4.3642932149197,-4.383512932973829,-4.569063432234814,-4.284094145580288,-4.392081622683865,-4.376516818413825,-4.5117995370578345,-4.287707733563191,-4.399713712922955,-4.389318225894517,-4.39708872950801,-4.392157129878005,-4.397358260736397,-4.392597085602371,-4.397573646856309
2011-06-06,-4.391819315177764,-4.3908171612384015,-4.566803758975588,-4.269619765931128,-4.408076856515333,-4.418743380901473,-4.495363705102811,-4.281061558223486,-4.4093387645887185,-4.4287810861062455,-4.402557513302409,-4.397662934559575,-4.4027957380247695,-4.397792818934394,-4.402907307386045
2011-06-07,-4.387627513863752,-4.463419524387782,-4.5862681984042455,-4.360758774463061,-4.435600886812731,-4.475024218155604,-4.498666876444846,-4.368381078090852,-4.458359656026907,-4.523423573971178,-4.471722867932867,-4.467999581997032,-4.471949301484255,-4.467905203591399,-4.471830803246062
2011-06-08,-4.395228176779109,-4.333848344941833,-4.5396301906357275,-4.213513792173171,-4.373519809588187,-4.342338325322567,-4.464061515799763,-4.2238890610103805,-4.36028273870215,-4.362771194929803,-4.3488608570588285,-4.341855481854619,-4.349229450204152,-4.345126766587208,-4.3494405305778105
2011-06-09,-4.356286351438778,-4.545128534501579,-4.667624722475509,-4.417240953610166,-4.499804169670998,-4.549476918922715,-4.537296849066693,-4.434552875762998,-4.5276726653949435,-4.528794101913395,-4.549371533503283,-4.549983017427672,-4.550070019694426,-4.5480203999475375,-4.549263286782219
2011-06-10,-4.373458446295777,-4.326794346244065,-4.488192187862164,-4.189044224874956,-4.292226904325171,-4.338110802349368,-4.3682972797581625,-4.225752775370387,-4.328709305564848,-4.302758241623117,-4.332929906616702,-4.332583085671361,-4.333153068454989,-4.330043549056228,-4.332786871579949
2011-06-13,-4.339096248206823,-4.344720708313866,-4.59616640276945,-4.220695231656416,-4.3681842069240036,-4.355028390166088,-4.5146074749268745,-4.237277333959726,-4.3560048611841635,-4.318776678642985,-4.362941268216374,-4.357186743286935,-4.363135872364301,-4.3602768743730005,-4.363452682851553
2011-06-14,-4.302304460882983,-4.538808331413334,-4.671824080924523,-4.3874707511511,-4.4726185832022205,-4.5559232719532625,-4.52786734603857,-4.413572854237947,-4.489435434522437,-4.594337651675741,-4.539961555660153,-4.543540875699534,-4.54017820946137,-4.536833912530302,-4.539741215395883
2011-06-15,-4.338677324935095,-4.207793508140775,-4.502097217151897,-4.095174935920991,-4.234540254978036,-4.205879211382351,-4.4780870505875,-4.1095178719195555,-4.237403431461353,-4.222930174998789,-4.234406790774339,-4.224225243088557,-4.234105064875319,-4.229112155272027,-4.235405497550646
2011-06-16,-4.4078894751474325,-4.045761422166605,-4.371972582423125,-3.937729098542367,-4.062326333129246,-4.018057311672542,-4.366130705974492,-3.9517808497456035,-4.073889537487819,-4.032359655148764,-4.0753615311087135,-4.064838624132242,-4.074831599816305,-4.07214595079638,-4.0765664367800225
2011-06-17,-4.448237458676863,-4.139566650686928,-4.375135569549616,-4.0522639171048676,-4.18855140452282,-4.166142083584268,-4.367212368213118,-4.058645348386942,-4.160014094548909,-4.164198347841485,-4.163114144854925,-4.15333506405944,-4.163103585355617,-4.164370214000693,-4.164218760325169
2011-06-20,-4.437407110819317,-4.215772673928954,-4.532852949600206,-4.092873463188966,-4.201076254045535,-4.243782431620979,-4.501433212983159,-4.104687769843779,-4.201673362462726,-4.2481829356074075,-4.243931745068201,-4.234837375121512,-4.243793110723176,-4.246807176062059,-4.245049268676892
2011-06-21,-4.433806909793436,-4.400515747938603,-4.512380893057978,-4.327879734465344,-4.449601539130821,-4.432954193395516,-4.497562013078294,-4.334730116124086,-4.454373641710413,-4.424668836495508,-4.4106763135662055,-4.405016378440814,-4.4101532787431665,-4.413768579765111,-4.4111945177430805
2011-06-22,-4.435121773424359,-4.340123742179841,-4.584568346788206,-4.23856671582777,-4.351468314929041,-4.356559108517154,-4.5657231072692595,-4.250316320958935,-4.321345692627919,-4.375630193110484,-4.363448624528527,-4.351553595082979,-4.363246574052533,-4.367252811296374,-4.364318028239696
2011-06-23,-4.579011267987611,-3.926237631586932,-4.050396303603915,-3.894116398715425,-3.9927877792900164,-3.937565245735588,-4.108569025223578,-3.8946743357562696,-3.9882018725990824,-3.949573055684899,-3.944029107861945,-3.9317924817770127,-3.943522106731345,-3.9468570805172516,-3.9449470985341897
2011-06-24,-4.55975537580909,-4.099257128293851,-4.419324235895932,-4.020964615444826,-4.175669234079652,-4.100364176953464,-4.464276267837225,-4.024441932896582,-4.184089677381361,-4.1183085736268685,-4.135759876768384,-4.118461364218961,-4.135754903771962,-4.142092364048111,-4.137361914416485
2011-06-27,-4.56255464033525,-4.171328548770035,-4.42767775618263,-4.078535094936919,-4.207505627708738,-4.2205659400507365,-4.447151485954796,-4.087763672729147,-4.191394441111941,-4.220205111728147,-4.2005245990145745,-4.184823509929318,-4.200087668087448,-4.2065334566805745,-4.2017429511196625
2011-06-28,-4.467130945837207,-4.29469935602905,-4.548962715961624,-4.210532030631093,-4.302439617227866,-4.307685733996305,-4.521699051965678,-4.21467563343094,-4.289077723203149,-4.3413038184931025,-4.322117543164994,-4.311410828921206,-4.322037990476028,-4.328328742733938,-4.3230526464462775
2011-06-29,-4.3577433772656295,-4.263732038424871,-4.424697824405151,-4.182687194973881,-4.182007510433543,-4.317464388079039,-4.345249214482503,-4.18827109866886,-4.152491352427156,-4.339357223750174,-4.2770997393442745,-4.271230064240292,-4.2769085602663575,-4.280578370015201,-4.27729463041027
2011-06-30,-4.313789839000342,-4.3443137649458645,-4.6474033571047375,-4.2689684084971375,-4.38347862362581,-4.349154459397922,-4.6768977612241995,-4.283148115006282,-4.330171729342779,-4.385407052195286,-4.375400056173564,-4.3642388493203175,-4.37488540133179,-4.381734588142956,-4.376691381114769
2011-07-01,-4.18838161929847,-4.490185658998372,-4.598523738372782,-4.428687453694951,-4.568872404102031,-4.5090682736062915,-4.616316449439963,-4.436452954380694,-4.521963746689802,-4.513975925417892,-4.499977909851299,-4.494042797448976,-4.49982782407851,-4.503390572918664,-4.500570067480996
2011-07-05,-4.014644532143667,-4.4947027294353274,-4.712488806946348,-4.420297844284702,-4.529101262020714,-4.475813650810026,-4.718537736722917,-4.430102016830069,-4.5335759448973745,-4.528070767604989,-4.515332144984068,-4.506000311769945,-4.514972683860849,-4.518861267256723,-4.51625820733222
2011-07-06,-3.561934896543654,-4.491426653965669,-4.732310869739309,-4.403066740926644,-4.479846236586509,-4.486632314736626,-4.694256480880518,-4.401914741336482,-4.478649195714126,-4.515947431705456,-4.514333426797485,-4.506233419740776,-4.514451460679755,-4.515257028395918,-4.515067173663392
2011-07-07,-3.227532062418227,-4.7739586600097175,-4.733073748776801,-4.710576067320176,-4.732996201191641,-4.776513642315547,-4.662452348784347,-4.7002863209668915,-4.7105110358600815,-4.822126705465562,-4.7661067155684025,-4.772932135378529,-4.766551308505471,-4.765089454338259,-4.765891692553577
2011-07-08,-2.9469682615441664,-4.542590548751666,-4.715266479447246,-4.487199906152934,-4.574987227415342,-4.551141317246812,-4.729939849191935,-4.490271317035633,-4.554237515299908,-4.574876032478745,-4.561424665319561,-4.550064413069642,-4.561075694259214,-4.560478149714245,-4.562330784124564
2011-07-11,-2.8123559930218573,-4.4304534316888144,-4.6526966540248385,-4.359816308553367,-4.480637744184995,-4.43488550505035,-4.6421876882956115,-4.36613379406873,-4.451810764049581,-4.465290330026988,-4.45188622764435,-4.443935871058775,-4.45216931803692,-4.450521261718759,-4.452770250981462
2011-07-12,-2.738389622836171,-4.27970143832542,-4.381337100619186,-4.229113914498636,-4.307175071319479,-4.278761108195476,-4.348636871729048,-4.2223302154732885,-4.2899400171410305,-4.295202779801204,-4.288170043901005,-4.285268601005873,-4.2883322984918975,-4.287141645248481,-4.288386209659601
2011-07-13,-2.698357156895426,-4.35522132947694,-4.53827050815257,-4.271513099426075,-4.359086721390301,-4.3537047512526845,-4.487615803974289,-4.276263042836848,-4.357126113582551,-4.361147269430583,-4.369822819465001,-4.365774539789328,-4.369728665360271,-4.368601151180566,-4.370010102727183
2011-07-14,-2.7017381967839675,-4.088895545445294,-4.290479403336497,-4.025258161592925,-4.121484893046015,-4.1206567394440725,-4.289127661385911,-4.008323097144281,-4.010067584110815,-4.124140161854414,-4.1109946114178415,-4.100253365800721,-4.11174401461984,-4.109397739178382,-4.111716072883535
2011-07-15,-2.682872440019749,-4.110982054328538,-4.379288069761134,-4.044596195971104,-4.131984855672077,-4.116129961185194,-4.399354785567506,-4.054344850826111,-4.1240391183941405,-4.123392872431127,-4.1392622374856165,-4.124712898489893,-4.139000897106206,-4.137783980301808,-4.140297759433957
2011-07-18,-2.671703012822643,-4.20005790920493,-4.3572233012194515,-4.101899291529909,-4.240842916645981,-4.198599548474718,-4.287355282059678,-4.118204545951368,-4.19727404431496,-4.212733975108027,-4.2106075961538485,-4.206316661630412,-4.211220917880652,-4.209086099541594,-4.2109155794242765
2011-07-19,-2.6218763037149917,-4.32091120139915,-4.415207599559525,-4.205044208420929,-4.314905356725374,-4.30948490163123,-4.279707187437568,-4.227759154983855,-4.301145882597067,-4.335571450196649,-4.3192972780657986,-4.323626038605297,-4.320369748613863,-4.318512452655035,-4.318763998177071
2011-07-20,-2.5789523352840926,-4.417474501340592,-4.486640621046716,-4.32836075927666,-4.412409459401679,-4.423653152615659,-4.373018814416346,-4.328043689272139,-4.397951560640816,-4.435287781335903,-4.416036346067442,-4.41903756542969,-4.4162455777903835,-4.4148083598568295,-4.415627227520251
2011-07-21,-2.5551986941346807,-4.285811986667667,-4.368607313467824,-4.207332055056974,-4.2824641431664485,-4.305770998592763,-4.30790476924131,-4.207716800748917,-4.3168865005963095,-4.324140433700751,-4.28820143973995,-4.288101420143119,-4.288369726568685,-4.286727902627728,-4.28813534131594
2011-07-22,-2.5258456166567784,-4.533056982957203,-4.660314708736154,-4.440707339272168,-4.558225409015224,-4.578275665728875,-4.5995598039791314,-4.4217919925601175,-4.494832615729051,-4.585744833189432,-4.5426634768301275,-4.5372714120345705,-4.54292992523876,-4.540488037574925,-4.542859493352228
2011-07-25,-2.5074965117300936,-4.4759365098757184,-4.724325575081719,-4.358522328127367,-4.527803862388655,-4.477419000993218,-4.6807669518392725,-4.3565132432015545,-4.475852797577153,-4.500894597640832,-4.494942509744521,-4.4852997290903796,-4.494817608328542,-4.492961167899986,-4.495635127387646
2011-07-26,-2.473680565132274,-4.549439637092621,-4.648123117381106,-4.456219888683359,-4.581709451104063,-4.567335972782485,-4.577443751472871,-4.447442593973624,-4.561602697487657,-4.57134574845779,-4.551952747356209,-4.552018350642395,-4.552048445114588,-4.550394622797323,-4.552154826318333
2011-07-27,-2.4399348916705286,-4.22876268129618,-4.360513024909062,-4.164084665278839,-4.313554382863404,-4.249295150883717,-4.325941604696277,-4.161368752349109,-4.293501610612486,-4.236810024848603,-4.237989943532018,-4.23254522870006,-4.238591505134421,-4.2366449957171985,-4.238382542951805
2011-07-28,-2.439273847299305,-4.37935984602078,-4.380428269837844,-4.30704996997439,-4.512594690658692,-4.3853244519429335,-4.352843446301278,-4.332667638073533,-4.503794999052442,-4.379371567031885,-4.375241814078822,-4.380511053442308,-4.3759325831577485,-4.374613685663653,-4.37519335916437
2011-07-29,-2.43285230039182,-4.0349619494699445,-4.100528257112,-3.966900888938112,-4.126325723446142,-4.048143214652838,-4.0836842355115355,-3.9806195440579475,-4.124289416736849,-4.038293686507908,-4.039050061927742,-4.035309954717811,-4.039252547092317,-4.038017514505723,-4.039256229811901
2011-08-01,-2.4340230408191075,-3.853324397485711,-3.8748850372067727,-3.803219708977461,-3.9518707553387538,-3.8602681021158913,-3.86940062184876,-3.8192932974677505,-3.943982327455611,-3.857047799089686,-3.854410309665959,-3.853007097299511,-3.8542795334696773,-3.8534509370727386,-3.8545455204973633
2011-08-02,-2.4170103096490743,-3.885436760421474,-4.0156445634095,-3.815589721710875,-3.9704537774811532,-3.8854631236956063,-4.028729014965069,-3.8094723507658395,-3.9900313825887714,-3.886346990251588,-3.89807173853651,-3.8881415074765258,-3.8978383472238174,-3.8968118192669428,-3.898569749912866
2011-08-03,-2.4273053538357594,-3.6405771287305546,-3.61802283390071,-3.6110649881878403,-3.720601484012231,-3.648800734793524,-3.6142273021387172,-3.6083244629779636,-3.7503767408558026,-3.6409178098935793,-3.638019353584079,-3.6392502220506984,-3.637862394520063,-3.637119761340122,-3.6381746427441155
2011-08-04,-2.447863774300689,-3.386036107333938,-3.4816373181670652,-3.3621136903273885,-3.503914772840339,-3.3827520627463974,-3.534483501515199,-3.360191776301546,-3.474186257800305,-3.3844214171153957,-3.3993983853323746,-3.3874885899993807,-3.39912303851161,-3.39827601146548,-3.400049518477289
2011-08-05,-2.5703297044948368,-2.7825208019853602,-2.7539247347012523,-2.82406266882305,-2.9597244183650595,-2.8142816218909164,-2.829248532973794,-2.8384363521066582,-2.9181006375888545,-2.777733565806565,-2.7888251128000485,-2.7825369912812383,-2.7885503210545872,-2.78836752076638,-2.789350235518751
2011-08-08,-2.7013237588895542,-2.5414821208576712,-2.6073206999488288,-2.547651174544626,-2.632086216812562,-2.5582173400069284,-2.6718229631106514,-2.5468136975912845,-2.5797819544851346,-2.5369633313347486,-2.5549766953129707,-2.543782793160528,-2.5549857538107044,-2.5541367848481378,-2.555517170721768
2011-08-09,-2.867390154632693,-2.3198104796580217,-2.2342363385647928,-2.4117330123982437,-2.4067061737445683,-2.3149825200135314,-2.3331758352442655,-2.4207853967441784,-2.3864116580708674,-2.315078470992138,-2.3231445228649776,-2.319674225230561,-2.3229000728188196,-2.3232310016352247,-2.323483294115836
2011-08-10,-2.964494939796975,-2.346992599527705,-2.3884702518116883,-2.4027484594460438,-2.4412636942066097,-2.3404290450595084,-2.4945853691629196,-2.3960170558170457,-2.390057083020733,-2.34276586607953,-2.3622928038553694,-2.3497050807126767,-2.36191098921042,-2.362051072894432,-2.3629611225449914
2011-08-11,-3.01816339312044,-2.403537825357581,-2.5687509310296814,-2.4284546303353713,-2.4987569230653857,-2.405002044366877,-2.680889681315647,-2.432002537969814,-2.4734834963100796,-2.396787634720517,-2.4287719288879956,-2.4117683381665738,-2.4282161412866294,-2.428204378361357,-2.429814902991047
2011-08-12,-3.0374514847815104,-2.5665183246884844,-2.7880125604489447,-2.5568593134381326,-2.6182707409197477,-2.572666475271018,-2.892466122257037,-2.5433543821438036,-2.6193005537714087,-2.557993304702511,-2.5963376448693096,-2.5756583781719735,-2.595841026633333,-2.595567100410024,-2.597433412875099
2011-08-15,-3.0273287548039454,-2.956530422828664,-3.230231691048331,-2.9464709355408227,-2.976043848399988,-2.9701688702708373,-3.3247357186966404,-2.9303274622168374,-2.9821285566887266,-2.9462294938718734,-2.9918303754672504,-2.9711897727745327,-2.9913069344345073,-2.991242548347624,-2.9930272174110826
2011-08-16,-3.046829087797586,-2.8961179923407774,-3.1753559418771093,-2.9230261436730607,-2.956295972963596,-2.9079129010037614,-3.3326337413819394,-2.910553714188201,-2.931619946907585,-2.889205279697824,-2.936805158737919,-2.9095853683761685,-2.9362950137067974,-2.9365999072303386,-2.93826275815787
2011-08-17,-3.041868572066984,-3.1266592737084484,-3.4524463947400386,-3.135369027335411,-3.1612583948294963,-3.147373430540383,-3.6154819596951455,-3.1095129391855916,-3.162484479915529,-3.1164863852109055,-3.1716497198193743,-3.1442142836671896,-3.1711110115281356,-3.1712083563247897,-3.173290657910482
2011-08-18,-3.094506677277128,-2.911392970288264,-3.0224379176017595,-3.003935456695758,-2.9744150916266032,-2.9125675116187373,-3.1849023882247547,-2.9846602689190864,-2.9688021041485007,-2.9028863129437124,-2.938297061680387,-2.9165687004468004,-2.9376216069381615,-2.938346698213282,-2.939504145786644
2011-08-19,-3.0941480146648552,-2.917502089272777,-3.0204989767600936,-2.9766175925863165,-3.002141670847299,-2.9366079531086817,-3.139223114304654,-2.9813884899648926,-2.9744830179995567,-2.9098160437300407,-2.938294609595471,-2.9216131680215964,-2.9376666407476817,-2.9384268709763943,-2.9392880590279185
2011-08-22,-3.062751951144043,-2.941554185782829,-3.1782229601098706,-2.9715201597580077,-3.001466858723891,-2.9675569250898475,-3.30346010033939,-2.9631317275855946,-2.9538561594016493,-2.9329371664830126,-2.9766755515051275,-2.9534161065683353,-2.975892951267485,-2.9767337525956523,-2.9779966023167286
2011-08-23,-3.0521544366494666,-2.9118368699511175,-3.0868675000512,-2.92329145072351,-2.9402394395067164,-2.911686566347737,-3.174199789793595,-2.926284918932038,-2.9015894017411137,-2.905408443927088,-2.9371881305731344,-2.9209895199394644,-2.9369621107273236,-2.937270032213011,-2.938048373471893
2011-08-24,-3.040139891771765,-2.9635813038165937,-3.109047101569011,-2.9705348630247568,-3.0287564380856575,-3.0020016599544275,-3.1715190507105833,-2.9783272075951577,-2.959175701600267,-2.953282828691734,-2.9850148805334946,-2.968932269018632,-2.9847807508417366,-2.9850944988424097,-2.985749751107392
2011-08-25,-3.066602092586717,-2.860270266773882,-3.053669511276175,-2.852869128966182,-2.8740144255300755,-2.863079768076486,-3.0902391844834973,-2.843527152895381,-2.7966729597217075,-2.8539427080723843,-2.886021116357272,-2.8714285543676255,-2.8857849275099885,-2.886175651949397,-2.886721347987351
2011-08-26,-3.0964870922202237,-2.7978073522182174,-2.9615257972358284,-2.8523687480585465,-2.8740233701657742,-2.802644714303843,-3.0999311028259253,-2.848505112707167,-2.8379670034487283,-2.788607591899056,-2.828036094245121,-2.8054625705832557,-2.82751288163512,-2.8286376827554904,-2.8292245946993853
2011-08-29,-3.0350512997449295,-3.2627188328192545,-3.561518240960877,-3.2443188890699144,-3.2797877856970037,-3.275315317353321,-3.643261875717622,-3.2245581851982017,-3.2633585968500918,-3.25286585046613,-3.300715609855307,-3.27573129954693,-3.3003859116712517,-3.3012682184459123,-3.301947698458054
2011-08-30,-3.0064130601445407,-3.015221368114858,-3.2144743290328375,-3.0173284086398136,-3.106737079454323,-3.0521449314378764,-3.3062024332056827,-3.020025802706473,-3.050585235823341,-3.0056227558738873,-3.0455785532816733,-3.02556381683756,-3.045210993984945,-3.045805274035946,-3.0466776747134805
2011-08-31,-2.949659217281673,-3.06532414734332,-3.3106749758419216,-3.083746300774092,-3.164471994682571,-3.102560090973362,-3.4523695566002197,-3.0801874918894123,-3.1093091396614363,-3.057858258992203,-3.1029098444853087,-3.0764079696634306,-3.102350324238634,-3.103383000549248,-3.1043640662275584
2011-09-01,-2.8667555085042182,-2.9711830506480403,-3.2050314116537866,-3.0096428072115726,-3.0908003944073124,-2.9705590069127785,-3.363021136740063,-3.001206484430834,-3.04351437144954,-2.962976990425043,-3.0085539206231497,-2.98194135024346,-3.007862123171253,-3.0088960462201144,-3.010014333845164
2011-09-02,-2.8430529956119432,-3.2277664982101064,-3.4840573144327354,-3.241715760663373,-3.3066576054036374,-3.2485025138122388,-3.606588066554018,-3.217667462181358,-3.2199759185241725,-3.2191122772942933,-3.2652406239169456,-3.241126211610455,-3.2644299010363187,-3.2650045918773825,-3.266570801034612
2011-09-06,-2.8313319016558562,-3.156299284342678,-3.3052411871868417,-3.192442565984554,-3.2268138620655074,-3.176072323569364,-3.427600409249771,-3.185331827709347,-3.1642505071365976,-3.149118121329435,-3.183310318427195,-3.162408494451308,-3.1829724913884925,-3.1825978150973344,-3.184395059169307
2011-09-07,-2.804876445930871,-3.383088313586351,-3.5989478142899047,-3.3477832461266464,-3.4307449126944407,-3.402925270899744,-3.6466709559749377,-3.3489028109569308,-3.37545353718493,-3.378498875880092,-3.408657120773854,-3.396332593475602,-3.4083726693079646,-3.4073644783528514,-3.4094059088947035
2011-09-08,-2.8213038140224715,-3.184464883635842,-3.355869009716885,-3.172688131517717,-3.276843644386356,-3.1847482102521862,-3.426996597220293,-3.182685185501921,-3.2262367352221726,-3.181616055005634,-3.2065734606833027,-3.1942278038247442,-3.2061985962882407,-3.2052242479760165,-3.2073392950107404
2011-09-09,-2.849406356081918,-3.1288252530743157,-3.2469840475217784,-3.123977405417418,-3.210248409096939,-3.151543204008167,-3.2969943621286486,-3.136322396674422,-3.1468969249380803,-3.1227233328592776,-3.146150971963616,-3.135622746503749,-3.1459694440279304,-3.1447586122392255,-3.1467601659796567
2011-09-12,-2.880946131567349,-3.106257854053545,-3.2503175449595485,-3.0952265529952254,-3.1893643029537246,-3.1311448453172606,-3.329116063186779,-3.0994083186165025,-3.1573176637138194,-3.098924886053239,-3.1280902821206142,-3.1128607022479384,-3.1275811750632108,-3.1259088690803534,-3.1289011744565953
2011-09-13,-2.9048801087412106,-3.096106920042801,-3.3542272636506634,-3.0485016568482375,-3.1621285345599315,-3.1151944208031312,-3.4270789910447244,-3.05781864341547,-3.124679180177528,-3.091226663147525,-3.1251585133006894,-3.1091315345441846,-3.1247472323336005,-3.122069051618915,-3.1261287913130977
2011-09-14,-2.931086136570942,-3.1060527312907547,-3.24871670854058,-3.0924423078385455,-3.230089335747032,-3.1145153606659575,-3.3327040894300657,-3.0919819875003873,-3.1781402635339684,-3.0983683338394155,-3.1278437886446415,-3.110760251640077,-3.1275066018156616,-3.1249353591608324,-3.1286734756043852
2011-09-15,-2.9366133654443956,-3.235180843904388,-3.4667125348063204,-3.2062736493190718,-3.3143131284915106,-3.260745785512847,-3.567291227893915,-3.2005378023484368,-3.2765986121150457,-3.2259824269457646,-3.2654067095099397,-3.248277810583554,-3.2652073511205324,-3.2613388654650652,-3.266460327627759
2011-09-16,-2.9088917720870295,-3.331552467470198,-3.5204072209966157,-3.284236130978113,-3.3700162205766437,-3.330006983174082,-3.566677765399832,-3.2772226230301085,-3.323110086949821,-3.328583973433008,-3.351560462334312,-3.3397249473504234,-3.3515580689573805,-3.3483083299310965,-3.3521591592887092
2011-09-19,-2.9091634560516337,-3.3025851166701634,-3.533165450455603,-3.279821442334053,-3.3921915766159545,-3.3394053035147997,-3.6333878637806634,-3.2836298597547824,-3.376258080086665,-3.2958434893640747,-3.3324819960254737,-3.311824625141149,-3.3318511405021347,-3.3270685003401548,-3.333617463614467
2011-09-20,-2.8962821119297204,-3.3731332152048883,-3.5742574961538067,-3.3602212135303597,-3.439310784963342,-3.397296876261873,-3.678250881882625,-3.3467327845479757,-3.410977312429114,-3.3654616077529678,-3.4008000139909442,-3.3803596883606457,-3.400520688734021,-3.3949177620739075,-3.401876753856831
2011-09-21,-2.943604248277886,-3.137573022956654,-3.2867422660869425,-3.1333485683436226,-3.189396068858796,-3.1462372179780784,-3.352636990828915,-3.1330923436079248,-3.1605531792529393,-3.1326607811933997,-3.157730230535728,-3.1437324180184367,-3.157398936272366,-3.153668502000946,-3.1584355528025454
2011-09-22,-3.008371872917113,-3.020576992400711,-2.929066940849072,-3.0890947875682064,-3.1241127574099155,-3.0404694687305525,-3.0067345068333298,-3.1040574411463715,-3.086785466312671,-3.015380685549895,-3.0206053515011897,-3.0204714322775885,-3.020602992307167,-3.0198858859014206,-3.0208339699968905
2011-09-23,-3.0413450771911523,-3.018330724746957,-3.088559608482518,-3.038974433856316,-3.138703588603599,-3.040596669465045,-3.1808827316497594,-3.0495404797762746,-3.0630090030954475,-3.012200157856922,-3.0322496938984997,-3.021145555627173,-3.031901694480117,-3.028525643986848,-3.03293902225824
2011-09-26,-3.0518433544821892,-3.0436721887199667,-3.0735561458975726,-3.0647645525235285,-3.1638746576258647,-3.087460576540659,-3.1390519355375717,-3.0622318779058673,-3.086998083747182,-3.036891073216152,-3.0538797188003306,-3.0453529853612014,-3.0535580178392334,-3.050424107279305,-3.054382434859327
2011-09-27,-3.067010818319539,-3.096069108015316,-3.2358392522851465,-3.0991779014256644,-3.169959852190967,-3.1311016923717934,-3.313864852311311,-3.1002930273211766,-3.0936291061697725,-3.0920019484136407,-3.116205707905451,-3.1026045758453815,-3.1160467628471133,-3.1120330070311377,-3.1168779004280953
2011-09-28,-3.1056338748236407,-3.0673525924421026,-3.1693563868727597,-3.0679426895774746,-3.1840042831014066,-3.0972634332306037,-3.2431217408756066,-3.0715247853594376,-3.13008097975857,-3.0654275616645417,-3.084096291736036,-3.0706907291476133,-3.0837003885358985,-3.0799096751248527,-3.08476244972965
2011-09-29,-3.16336994029021,-2.994707444576784,-3.0487555673940365,-3.016615656909989,-3.1019946232708198,-3.0397060121058734,-3.1246913064809694,-3.023000126091724,-3.0435784237221566,-2.99325771778343,-3.0087550662150404,-2.9980709419484857,-3.0084656158677943,-3.005636362265745,-3.0093079681745745
2011-09-30,-3.143152651881747,-2.9905420794481286,-3.1240179162412733,-3.049886830745219,-3.103699168915862,-3.0064185204131944,-3.3006417470133256,-3.0499489432801066,-3.038834613682848,-2.9909221831323722,-3.0189817791586604,-2.9952138049460544,-3.018406011404765,-3.0137634559782502,-3.0202395052994184
2011-10-03,-3.2078339012531307,-2.8667261716654444,-2.8811746971907084,-2.8985502445984173,-2.9526925794143652,-2.894005348093173,-2.949625342568202,-2.9201125301550386,-2.91315207727024,-2.8682340782008513,-2.8770011186920956,-2.868453235281942,-2.876827384955768,-2.875384085124923,-2.877524747656386
2011-10-04,-3.354586762555156,-2.653860720918131,-2.627054380825093,-2.700889522351644,-2.761169023631914,-2.681546949158288,-2.6845047823185193,-2.7119888872349254,-2.733125965602374,-2.6559174123470903,-2.6597174239483543,-2.6544518022948305,-2.659567415780582,-2.6594812086026303,-2.660046310963151
2011-10-05,-3.402296915286304,-2.862783146065273,-2.8334819200543535,-2.895500642891356,-2.937095720197398,-2.8905867779655687,-2.865088227207296,-2.893024709102507,-2.8724431789918006,-2.86653830648957,-2.865968740164409,-2.8639326646083765,-2.86584821550124,-2.8665153488829973,-2.866109983426516
2011-10-06,-3.4350220032654786,-2.918687345651326,-3.007084496063174,-2.872898726782221,-2.986941990632951,-2.961469085179259,-3.0068547235964265,-2.8784948437367572,-2.9242854381075896,-2.923301059955168,-2.9296708053017593,-2.9231482843730405,-2.929687099719042,-2.930081919374745,-2.929878689046317
2011-10-07,-3.4677036664914525,-2.9134949130076833,-2.975372949298964,-2.894613708120665,-3.0161364084312337,-2.9433732811534963,-3.0104655696391713,-2.912660831546032,-2.939397254112448,-2.9178400483652247,-2.9230385026323966,-2.9143600829507275,-2.9228310235585266,-2.9240096401360747,-2.9234172085209624
2011-10-10,-3.44492696986883,-3.161230681135733,-3.3570122310482615,-3.1251626893505864,-3.21145043284076,-3.1846146970381866,-3.4181682884286797,-3.1213357910496593,-3.1689291368864954,-3.1654197032032605,-3.1840310385208066,-3.168660543481817,-3.183510304649021,-3.185737613616502,-3.184845892504633
2011-10-11,-3.4365211862644327,-3.262411732766688,-3.4062950162966183,-3.2141589050050965,-3.3070409582266738,-3.2872119745208104,-3.428481328239956,-3.2201789808264167,-3.2444090520954267,-3.2670234481089215,-3.278187214478013,-3.2675230629816396,-3.278094721456911,-3.2801435287722254,-3.278582518038206
2011-10-12,-3.4521730361363714,-3.373110004855524,-3.403742135531578,-3.355277497284279,-3.401631698929295,-3.3890183469279536,-3.395216533142218,-3.3637195392165355,-3.3712388776728615,-3.3756470732660024,-3.376799975375316,-3.3750719217184217,-3.376713407179037,-3.377918570757666,-3.3767687716682704
2011-10-13,-3.4672175618443486,-3.3567430202958075,-3.408159455165192,-3.324990040070876,-3.4266262180792317,-3.3791659538211483,-3.4101800864334786,-3.336316540444678,-3.365086048058855,-3.363851710024368,-3.361525001863749,-3.358954258890191,-3.3618254284320357,-3.3632231981732486,-3.3617287807205996
2011-10-14,-3.4485023963901513,-3.56063402579958,-3.6157964300415713,-3.505594843796277,-3.59469697423942,-3.5867146642756293,-3.573145657004802,-3.510591296261973,-3.5290871441608282,-3.5656617852161507,-3.561810121864359,-3.5609761624138008,-3.5620582296221777,-3.5630843270000523,-3.5616913504765835
2011-10-17,-3.4395229158448073,-3.511220057747087,-3.5703367338745693,-3.492372846200724,-3.576344071971073,-3.5256552703542665,-3.584791859360262,-3.51650138866156,-3.536384181253141,-3.514837852061728,-3.5187642414866,-3.513189077287543,-3.5186736987076928,-3.5202271486829084,-3.5190017427345213
2011-10-18,-3.4504025908489777,-3.2355720017925482,-3.2673856077196226,-3.2214549114344355,-3.33723834251027,-3.265421725182525,-3.2976287686219186,-3.223220064815553,-3.2321683172997844,-3.2451661390850126,-3.240944775185316,-3.237482917189384,-3.2408301887387374,-3.2427780744427857,-3.2411653655275234
2011-10-19,-3.4604339130317854,-3.3327906233998106,-3.38542689486614,-3.2781191726908463,-3.3921241377890423,-3.3582046024741197,-3.352371297051857,-3.277707852693924,-3.300820772243613,-3.343356808660319,-3.3353327764568954,-3.335552671658781,-3.3358036775272892,-3.3371185172313953,-3.3352109994494477
2011-10-20,-3.490347319684573,-3.218424923820055,-3.2900371094396563,-3.2056700224239068,-3.3119594958527614,-3.259391092556677,-3.3190003498664247,-3.207472471075472,-3.226094501518168,-3.2300510461680925,-3.228493528453364,-3.221305303142335,-3.2283539696390453,-3.231004004938735,-3.2288364195049764
2011-10-21,-3.480611990909516,-3.408369828471059,-3.530025976033054,-3.3639621460310645,-3.4945069441537684,-3.441635476964078,-3.5607314425463055,-3.359967127383106,-3.418497412515205,-3.4150640167396373,-3.424175684831626,-3.413734567897574,-3.4240389817409613,-3.427067346064084,-3.424544013119551
2011-10-24,-3.455150903963223,-3.530961604816057,-3.5773403911915813,-3.4750075509833587,-3.5488585782676174,-3.568150292010969,-3.531034206362108,-3.457323919882035,-3.497998898837643,-3.5373475800271525,-3.5356145411651054,-3.5317528247264693,-3.5359347764242783,-3.537755427460853,-3.535542068533544
2011-10-25,-3.462366128691934,-3.399028845983991,-3.5130893394482805,-3.4042541604349257,-3.517337911164879,-3.41804247143852,-3.5956114722347694,-3.391909369884329,-3.420162040199978,-3.409811634015595,-3.416039920314985,-3.4024472321116765,-3.4160241477268154,-3.419761577847398,-3.416784052737145
2011-10-26,-3.4953122415121145,-3.323236036445772,-3.360227021822844,-3.337604811603246,-3.444988079675475,-3.3533582643912725,-3.4076916144731215,-3.3570790514598916,-3.376559990379078,-3.3308362103559435,-3.3321223700228932,-3.324543182626365,-3.332327798524566,-3.3345453522364026,-3.3325452494188523
2011-10-27,-3.494029778365513,-3.482479369818023,-3.4194453660909705,-3.4931322834416143,-3.569355898991638,-3.489292017797486,-3.384440395972191,-3.521505802236874,-3.508978983049,-3.4897862617282907,-3.4798360931989336,-3.4824919238142455,-3.4797312984299658,-3.4808302437417398,-3.4795496652486784
2011-10-28,-3.4972417484592233,-3.607195480894022,-3.5810362095828063,-3.5827229843445596,-3.68206885140241,-3.6362822622987263,-3.541429911274716,-3.616530586040759,-3.636427873556381,-3.6124712483243497,-3.6048042614361635,-3.607209822729778,-3.60516477109215,-3.6068826364077364,-3.604630086104345
2011-10-31,-3.5040239813083374,-3.558973706439611,-3.6053384072691235,-3.5536437985099005,-3.6265910601146207,-3.5754010585260736,-3.615228583398759,-3.546080975129025,-3.5077596682153507,-3.5617269464797268,-3.567924589514593,-3.562094953798156,-3.5681749572814803,-3.570031383007124,-3.568139457269622
2011-11-01,-3.617293618805531,-3.112150043183875,-3.1810404972491866,-3.1016549355518883,-3.2107274510615524,-3.128141387437878,-3.2406986682747423,-3.0983182782357446,-3.1181322373438167,-3.1116581581887006,-3.1243829015768587,-3.1155462504731837,-3.124329904515057,-3.12704294754197,-3.1247795342369935
2011-11-02,-3.6521964952137522,-3.322503119203307,-3.467250910570411,-3.287121163398992,-3.386710256437222,-3.3280983707384983,-3.5189959428545703,-3.2793665118370185,-3.35061211979172,-3.322677139407494,-3.3410807471686756,-3.329680120322804,-3.3414436591137444,-3.3446175154120774,-3.341602959754739
2011-11-03,-3.6878462965172143,-3.370418637013995,-3.3730308938498834,-3.327003486286921,-3.457316263179999,-3.393510227842661,-3.3672075124386454,-3.3500630536090994,-3.4028100301348636,-3.3707605475073166,-3.369769720839674,-3.3707265796527754,-3.36996486486796,-3.3721924743737746,-3.369664236270252
2011-11-04,-3.689026408992888,-3.481254758388688,-3.624099062902207,-3.4464207303436263,-3.5992470227905167,-3.5124740671070382,-3.6826455999162357,-3.4458624169529335,-3.533320312034756,-3.481900983257785,-3.50170294044405,-3.4892260029497777,-3.5014682355301794,-3.5064584762815265,-3.5023220506609065
2011-11-07,-3.657754670590901,-3.4570941262717785,-3.6179794068587965,-3.4052918247021906,-3.5727266429586417,-3.4796788487162833,-3.65260551568422,-3.3833402322769186,-3.466608246216569,-3.4578575069932262,-3.4786363252114127,-3.46428014304574,-3.4785408889262115,-3.484739497981176,-3.479191376444691
2011-11-08,-3.67566372049378,-3.5462388641723472,-3.691033305566232,-3.5054441425755685,-3.627266107799602,-3.567133846163411,-3.7289220896417996,-3.504134842039409,-3.582454381468482,-3.546651917271807,-3.568030208234018,-3.5556289535869903,-3.567642090042913,-3.5735261805953558,-3.5685085702762813
2011-11-09,-3.7176497884454136,-3.477270786779537,-3.641966525848752,-3.463058445840227,-3.568051281058603,-3.491452136025418,-3.6965750399089004,-3.4612653107645697,-3.537786443392235,-3.478122901795039,-3.5006819775706566,-3.484357335026591,-3.500439338319512,-3.5073021555107977,-3.5014058014551503
2011-11-10,-3.729463653601775,-3.4925729906659546,-3.5680196059960303,-3.467476146840564,-3.5604543765289467,-3.534514762672003,-3.589552294639164,-3.4606039089242704,-3.4969261423246674,-3.493113448746983,-3.5029133669518093,-3.4946828989386036,-3.5029273684565947,-3.508086114915679,-3.503120968579146
2011-11-11,-3.690333400889488,-3.7350402287010587,-3.9752835808567095,-3.6721891442331347,-3.7728352156694847,-3.7787497741403464,-4.007047807924585,-3.658264845705042,-3.7709220253860596,-3.734851287971057,-3.7653513779152954,-3.7535289051806835,-3.765349464410795,-3.77409297767354,-3.7659828690697745
2011-11-14,-3.6939993810320817,-3.6475470938332353,-3.909124643239221,-3.5995870394000504,-3.7033039968468304,-3.6650960286440704,-3.9651252245779416,-3.597338297087536,-3.6761206272718527,-3.6464160030563106,-3.6792253342722665,-3.662759108637389,-3.678860728925069,-3.6873324122805506,-3.6800737752640247
2011-11-15,-3.7235098935117876,-3.5474973959391694,-3.790663703290169,-3.493225112139837,-3.6099295423533726,-3.590902459288322,-3.838062898897843,-3.48014081396471,-3.5527059737453537,-3.5450448297803097,-3.576574353608342,-3.564364648861752,-3.576417386861914,-3.5848293302315324,-3.5772110808389885
2011-11-16,-3.7473536691351157,-3.5826367264779275,-3.7848695100939245,-3.5737154267735476,-3.7152116342193215,-3.626573197286287,-3.8594818509366253,-3.5794652117275287,-3.6990234752106153,-3.578925007080951,-3.6139016458224607,-3.5937325989590194,-3.6147335540942733,-3.6233353211134576,-3.614755767271421
2011-11-17,-3.8241684525076094,-3.4367180350001285,-3.59061875923162,-3.4332260808392916,-3.5519712275416313,-3.46902664598532,-3.665709006945477,-3.436279905724687,-3.5133696981697162,-3.431339091136121,-3.46050944585922,-3.4447118220985544,-3.4603417104847694,-3.4687024070394123,-3.4612414239719214
2011-11-18,-3.8482266937500196,-3.5427773994858343,-3.782084737691485,-3.509547240110535,-3.664318602012665,-3.579813799232922,-3.871318978400599,-3.5129047056626703,-3.5970335951115042,-3.538086627820189,-3.576828877381666,-3.5586918082813046,-3.576390508652248,-3.588483534099433,-3.577712331447542
2011-11-21,-3.889590800746913,-3.5267163501433565,-3.6917568527727935,-3.5012721667995907,-3.6247931870601886,-3.5563533311416893,-3.7375749839555423,-3.498186089348547,-3.5574142370592754,-3.5225981860998505,-3.54879773612468,-3.5360076811568115,-3.548313700216392,-3.559835162805215,-3.549392920110987
2011-11-22,-3.9417756142348304,-3.533807215310681,-3.6666398203790185,-3.5176652629683365,-3.648034197025054,-3.5545588107983734,-3.7213001915298642,-3.5018202784884056,-3.590378333170967,-3.5297551631874784,-3.5546128411220645,-3.539198670207332,-3.5544787063033296,-3.566568668736427,-3.555186426679351
2011-11-23,-4.0054907499797885,-3.492614107821863,-3.6815000505164153,-3.4698946933522414,-3.569037100022853,-3.5116419676106623,-3.7412547409431,-3.4510598314499816,-3.488044079863429,-3.490481553698329,-3.5178359857072374,-3.5056812612752086,-3.5174783667591396,-3.529560728027008,-3.518457403539162
2011-11-25,-4.054838904277334,-3.5654843171928703,-3.6261295643382776,-3.561401294308418,-3.6291816725144885,-3.61223570071019,-3.664847625019088,-3.5364118090986385,-3.5649701196715906,-3.564537455020559,-3.576476791540872,-3.570464711516504,-3.577221538807723,-3.58233887330099,-3.576658751351911
2011-11-28,-4.093911803080406,-3.651735467046068,-3.835383197139074,-3.601774122035282,-3.711246133660981,-3.6598271060209266,-3.862712140676688,-3.5991210597053653,-3.697431766506758,-3.651965156448223,-3.674191450031511,-3.66295915278364,-3.6740531277598523,-3.682037571954152,-3.674647134830964
2011-11-29,-4.160149693441814,-3.5949264690497493,-3.8477936098699463,-3.5379510960754548,-3.6467860600799757,-3.646061123213167,-3.898970963011819,-3.5227931687779215,-3.610232578603892,-3.5959962317578515,-3.6284004606532236,-3.6105689383531967,-3.6280661090947914,-3.6409625541844015,-3.629127908644345
2011-11-30,-4.1783024111455305,-3.766695420646322,-3.830975444562315,-3.7269205160408276,-3.8234106441482294,-3.8032418641414347,-3.8188732511142094,-3.6989821655087005,-3.7422154501572877,-3.7701916879906956,-3.7776880482694106,-3.770455490165147,-3.7777044878362074,-3.785217035533438,-3.777663893762519
2011-12-01,-4.202748817237883,-3.789514491956581,-3.9048738753447556,-3.734541681764896,-3.8260225339231586,-3.8298943769868856,-3.9054917615108424,-3.719802017837892,-3.753787752533224,-3.792866321956487,-3.8045403360703176,-3.7947980389378246,-3.8045328205999245,-3.81332507350346,-3.804670044705006
2011-12-02,-4.225381852583002,-3.7837385046334178,-3.912170174432487,-3.7096658963451103,-3.823588550991483,-3.798782215297081,-3.896129958947297,-3.7047933145154675,-3.7286741366630034,-3.7870079230306475,-3.799352694547283,-3.7925349387472926,-3.799608289455175,-3.8065248948975077,-3.799398587779358
2011-12-05,-4.258395860200673,-3.8257150134478723,-3.9995107445388247,-3.757711188852489,-3.875100348639864,-3.8475671704343926,-4.004846275266774,-3.7592315786114594,-3.813846804508639,-3.8309080345455975,-3.8465429440361,-3.838252364739451,-3.846578994179776,-3.856585063023102,-3.846776692663485
2011-12-06,-4.291334613580943,-3.926013886794266,-4.094066813177617,-3.851723273809568,-4.002754382476041,-3.9598613264191065,-4.096702182252996,-3.8533011601516156,-3.9552719483299907,-3.933099140256326,-3.9469414129702995,-3.936738096646489,-3.9469535917537453,-3.9571362457352404,-3.9472284606895527
2011-12-07,-4.341536190250047,-3.8333114159363197,-4.0234032582474875,-3.7591181706400594,-3.8899551887579555,-3.867961138538209,-4.024992557397439,-3.768214853124036,-3.8429364959255605,-3.8390381321379174,-3.8554701191316703,-3.846497961915283,-3.8554119808447083,-3.865558699373472,-3.8557055403803613
2011-12-08,-4.475245942455173,-3.5952378616997844,-3.8148601807578344,-3.5397673948447776,-3.6835759688815064,-3.6354726871908567,-3.8777205964057595,-3.532836296269309,-3.609166998701306,-3.6053224663490213,-3.625769288883093,-3.6097583453008015,-3.6253416466155364,-3.639221565806506,-3.6263394984053843
2011-12-09,-4.512457029757005,-3.7813460797817617,-3.985020868949884,-3.727844543584348,-3.884412570280968,-3.806662808407448,-4.055274928103512,-3.7277578109387735,-3.8418055652381367,-3.787088048560992,-3.8101277400073617,-3.7945859101504076,-3.809687038361616,-3.8193555510415926,-3.8107116638850265
2011-12-12,-4.536802143096012,-3.8400067663078743,-4.012566934710165,-3.7809903046965525,-3.906797110603298,-3.86133528084591,-4.022599554051925,-3.776673821831155,-3.8552339552147488,-3.850238002151454,-3.8615233641027493,-3.8507265046564516,-3.862943923534171,-3.8694501695870533,-3.8618167124738103
2011-12-13,-4.6302087021036815,-3.6702329296768377,-3.7411236492675948,-3.61168080075682,-3.743146799899113,-3.6948331425412397,-3.739912141518041,-3.6013157984720086,-3.6575013357117436,-3.677935208573526,-3.679455541818811,-3.674245199906564,-3.6798268386246806,-3.6846809289787914,-3.679310122665826
2011-12-14,-4.764914608078834,-3.595977503804618,-3.805733012417273,-3.5574859588810104,-3.7212188700452242,-3.6318924334715503,-3.9013917258486126,-3.5440953306490015,-3.636659042591414,-3.6112865600434367,-3.6279376741514446,-3.6101869479791526,-3.6274911802821657,-3.6352804683825384,-3.6286593766942308
2011-12-15,-4.83493456046881,-3.788158647325844,-3.9869512969932073,-3.736160114511902,-3.882633865632374,-3.8024681110452736,-4.035496070819897,-3.7420162215194757,-3.824494471360471,-3.7999840199025385,-3.816472570618522,-3.802056025737958,-3.816311042263651,-3.821464447658822,-3.8170271094816806
2011-12-16,-4.9027170054115174,-3.8515790617183074,-3.930944616675522,-3.832883866983237,-3.990952333992243,-3.8768016214881906,-3.9937427579555456,-3.8235546531498876,-3.8812938073977437,-3.872013444499469,-3.868890144247093,-3.8570449174091173,-3.8687037091785244,-3.8730346922528587,-3.869338804337144
2011-12-19,-4.9581348877803535,-3.837196464362883,-3.913215646474691,-3.7893174990387175,-3.927361537998492,-3.852517945832037,-3.9403806322112116,-3.7941773770250067,-3.8792200759601445,-3.8531022466638443,-3.847977767047072,-3.840711927130859,-3.8478155477013045,-3.8512962531492776,-3.8481341835437943
2011-12-20,-4.990344186627726,-3.9977363073296153,-4.068806004245467,-3.9474596409865894,-4.065768243947856,-4.01661484117963,-4.122268205165192,-3.9464430427602903,-3.982772516706465,-4.007869520799839,-4.009430626124436,-4.003873784499226,-4.009451858262456,-4.012583352072187,-4.009610231517937
2011-12-21,-5.019638998647204,-4.009048355261832,-4.071423008318686,-3.9944869418412243,-4.114974655289224,-4.06314923688065,-4.142054078675363,-3.9836122939026475,-4.037557142592718,-4.036243225652909,-4.0251105498178354,-4.013762663902637,-4.025190858894388,-4.028319710800942,-4.025528625358542
2011-12-22,-5.008234229982825,-4.1858461763424835,-4.270843778410289,-4.1269683280667335,-4.229156096728278,-4.2210158041553365,-4.27565513296732,-4.120868931707205,-4.187536412403608,-4.197030432115036,-4.200803080044725,-4.192210851939766,-4.2015078148762965,-4.2035121485690325,-4.200734627457097
2011-12-23,-4.983067415278769,-4.412154085451976,-4.544092110750503,-4.335011001545264,-4.445044402994197,-4.436183083394906,-4.512595633022173,-4.337354425427598,-4.431306303566256,-4.441921679724816,-4.42638271705894,-4.417689225180662,-4.426068198520429,-4.4302392210860155,-4.426431436209202
2011-12-27,-4.96258555044582,-4.477885747324823,-4.574580753406885,-4.418653716618176,-4.5098920012297325,-4.518144004010064,-4.575460747240596,-4.420697786009163,-4.494094239414382,-4.488817407118555,-4.49002545278644,-4.483092046915264,-4.490109651809737,-4.492641275686661,-4.489961827717303
2011-12-28,-4.937488881960936,-4.387982293179605,-4.509086606054326,-4.314331009340741,-4.487710822587591,-4.433448269233112,-4.525750032629374,-4.306989618961643,-4.412698085144233,-4.413438939063497,-4.40620658262202,-4.395935149570082,-4.406162995936814,-4.410061383621891,-4.406279405661403
2011-12-29,-4.937884041564149,-4.561332014010625,-4.689791652671292,-4.475136738670268,-4.588064506283843,-4.605090607753674,-4.67337154942075,-4.480920899473978,-4.536057646017555,-4.600642640582593,-4.57785141490517,-4.568875633842268,-4.577818323316142,-4.5821156349022445,-4.577808726061011
2011-12-30,-4.927684442795009,-4.761874853056837,-4.848974638256238,-4.683103156899982,-4.801051018488329,-4.781444599442442,-4.815099166081441,-4.688682708230189,-4.76375712723737,-4.7894828575179815,-4.771783354986271,-4.76703286894576,-4.771618134560897,-4.7752704481571495,-4.7716848887582195
2012-01-03,-4.95519153120917,-4.5341644947940525,-4.3841467106310015,-4.506876140325938,-4.562578447442928,-4.5255963350807,-4.298694732172463,-4.498767326002086,-4.507573408531901,-4.54266865471818,-4.513106286241664,-4.5282435231781175,-4.51377172146398,-4.51256633345838,-4.512417487751849
2012-01-04,-4.981579502051883,-4.524919490181115,-4.49471488499377,-4.462335517766209,-4.568083250758028,-4.556502223088394,-4.4418085029404315,-4.46024527478466,-4.544459670598521,-4.553407907396619,-4.5207836778314965,-4.5258310586771575,-4.520944838590937,-4.523051715688929,-4.52034819515745
2012-01-05,-5.035481328017055,-4.35839043827924,-4.360736517009935,-4.277559587895712,-4.354126907704371,-4.402495908482646,-4.299934646590655,-4.281481057678033,-4.343179717131183,-4.386387508483171,-4.3569418006113105,-4.359853200370524,-4.3571883652292085,-4.360183268065581,-4.356520903968058
2012-01-06,-5.052830456760938,-4.465795257395002,-4.47979129694451,-4.3984635280259825,-4.476614277140977,-4.492244200212531,-4.419254403305669,-4.406002125697941,-4.476971938549346,-4.494088939740135,-4.466279018342755,-4.469475411123871,-4.466912384757483,-4.469373761874429,-4.465937628413381
2012-01-09,-5.024689978828921,-4.585620256141092,-4.534388135313507,-4.52526877053774,-4.60808254826323,-4.6431316826692015,-4.4827782861651455,-4.528802664715141,-4.586381822812967,-4.622625920809987,-4.58028156785234,-4.585886057788769,-4.5805649361463345,-4.5834696351363995,-4.579898122964919
2012-01-10,-5.02267536732634,-4.570865030751223,-4.540124057264322,-4.513010572868302,-4.607942445682291,-4.611765027773039,-4.51411451937839,-4.5049597569249,-4.5518696312789455,-4.615928415832013,-4.5684058097504305,-4.572178288427991,-4.568543641954654,-4.572257178431881,-4.568147849240904
2012-01-11,-5.035850228406527,-4.624069340224687,-4.563443187606728,-4.547876427063945,-4.687502356808773,-4.676266300790066,-4.5177590048031915,-4.553331327559421,-4.602569820918833,-4.674422106502066,-4.616978065107052,-4.624988077370537,-4.617294907269084,-4.621176637349243,-4.6165746356986705
2012-01-12,-5.0378234092452425,-4.566436440969633,-4.568790929169317,-4.488417599090793,-4.627790946032739,-4.629751810442959,-4.503463344286841,-4.495367745824273,-4.575127704190402,-4.612413808421951,-4.567015306254386,-4.570107628918735,-4.567335952591095,-4.571083761711311,-4.566648657144153
2012-01-13,-5.0188867915591935,-4.548843791941038,-4.541244532201189,-4.461265989143564,-4.573442142334616,-4.579824175058788,-4.490552471764367,-4.464142752735567,-4.544333240974261,-4.5933487524499235,-4.54505815000944,-4.551141021027399,-4.545475294080557,-4.550240009822897,-4.544621892204658
2012-01-17,-5.01907740983684,-4.587421945737268,-4.555948638788785,-4.493688063437201,-4.594056402066531,-4.597338273704636,-4.457438858927011,-4.510420027490828,-4.571108448513915,-4.609134756505334,-4.577008783729503,-4.588181549888599,-4.577396541195376,-4.581388867999133,-4.576487328188209
2012-01-18,-5.043827365765849,-4.652186282047244,-4.477459268613272,-4.578735384414948,-4.6959491145753685,-4.70146466498396,-4.383507349228917,-4.586326943473582,-4.638975845575771,-4.704393507776156,-4.627353885473488,-4.647795215847952,-4.628390906309226,-4.633051189377159,-4.626594417052166
2012-01-19,-5.031003083251556,-4.718565727628551,-4.531440148907275,-4.637657959271713,-4.727447467935817,-4.796181384779926,-4.437174210004534,-4.640291872488625,-4.687300374123583,-4.780603231772563,-4.693561855283426,-4.715705247199391,-4.694081683517339,-4.69998451573933,-4.692800827361696
2012-01-20,-5.016306054818376,-4.917009808057406,-4.61067213736464,-4.8495672453412135,-4.947716317427006,-4.962973964544242,-4.47822845318955,-4.850639203728243,-4.9023084476185765,-4.947072689161859,-4.876095680113132,-4.901572479096891,-4.876947375274947,-4.880737464568811,-4.874935707103294
2012-01-23,-5.030628115885488,-4.765586274972449,-4.62542444713877,-4.6792892594614015,-4.830074919592594,-4.793657002037723,-4.536976693612608,-4.692985059310385,-4.802773837290287,-4.80193616585989,-4.744451724537576,-4.760815120011647,-4.744787638716564,-4.749744971955868,-4.743848690444447
2012-01-24,-5.050478284910756,-4.837728143502285,-4.7481973991060205,-4.75957016464157,-4.92524876757778,-4.888755387824217,-4.676568489533988,-4.770751416001905,-4.873073324044777,-4.893134543520998,-4.827338338412641,-4.838136289105307,-4.828012333271736,-4.833119336223268,-4.826939830014561
2012-01-25,-5.077954570237763,-4.672519383536007,-4.545687808924043,-4.615639500389441,-4.784171850300338,-4.662221881894978,-4.490454714531152,-4.630290272695271,-4.709880938011664,-4.692090901227798,-4.653431644068928,-4.669420987006073,-4.654118641827032,-4.6582002939591485,-4.653033465433103
2012-01-26,-5.098529982360846,-4.630071327597943,-4.439036877086889,-4.542624048356102,-4.763006928956306,-4.6650470133403585,-4.366253527913976,-4.565582106705475,-4.66172329912938,-4.653547405824067,-4.601911605476368,-4.625024989130868,-4.603099879395153,-4.608890831429333,-4.601217325051094
2012-01-27,-5.073812076039919,-4.634698566623323,-4.579660511385588,-4.544843184647275,-4.693559356118065,-4.665153312397405,-4.53863615283129,-4.555930095709536,-4.627748426336109,-4.680693997215946,-4.626423547030769,-4.634838906781821,-4.627401247262134,-4.633885996662389,-4.626091407273499
2012-01-30,-5.065608328183444,-4.626041237238488,-4.604077192676549,-4.546548935834498,-4.68562207415446,-4.633564679629979,-4.5751111393131385,-4.566329251047903,-4.65300386507982,-4.652101692033411,-4.621241572823859,-4.6257158171035915,-4.621644898897083,-4.626670985271568,-4.62111347105972
2012-01-31,-5.115120838374512,-4.477104335321151,-4.47910756658849,-4.411432226326023,-4.589344589257683,-4.523681872073874,-4.486504763206831,-4.420218426471833,-4.520473350654446,-4.544523362216996,-4.478864514878531,-4.479371416988339,-4.479011760844439,-4.4845956600364625,-4.478903482298527
2012-02-01,-5.107303652128246,-4.679389360511862,-4.5340330589292295,-4.600454140249026,-4.7558473851183525,-4.688640533820468,-4.44884152034883,-4.625050514827439,-4.684670763820449,-4.724442351391129,-4.656350537240056,-4.675769992407595,-4.656566677533409,-4.662485423694746,-4.655767207629173
2012-02-02,-5.096519969832603,-4.7502828713304925,-4.615467399834593,-4.678643801641608,-4.830322774918724,-4.772614617540536,-4.536124329090747,-4.703145267251134,-4.811330113375317,-4.802746638118644,-4.727969504242443,-4.748594922116448,-4.72864759485981,-4.7339804452635725,-4.727509161539148
2012-02-03,-5.075098411328276,-4.88130510789975,-4.672326231644715,-4.798276219840097,-4.9015434657637895,-4.908696998872553,-4.557600252343945,-4.823917561802082,-4.86378137079378,-4.932824573444412,-4.854019931105517,-4.873208263519233,-4.85428308850206,-4.861659183124896,-4.85326469169567
2012-02-06,-5.070202072036805,-4.9419883575301355,-4.806223181030428,-4.86036956321664,-4.997770125514936,-4.967277123015836,-4.714349522021412,-4.882804791948334,-4.936416702435918,-4.972811567741945,-4.922739285471358,-4.940012220811837,-4.923104962233946,-4.929852263977815,-4.922152041752501
2012-02-07,-5.079435459150739,-4.94497180865967,-4.851229076980928,-4.888720751244579,-5.039013644910869,-4.988108372347074,-4.798542920629035,-4.913565676330788,-4.952127111317611,-5.007631252987422,-4.932515536791661,-4.943198304924575,-4.932964017473553,-4.937696848885628,-4.9322292120620785
2012-02-08,-5.083255145055963,-4.950454049902195,-4.819970421380558,-4.87361032360046,-4.985978330970253,-4.9879128909457116,-4.734565597399995,-4.879188917147777,-4.9440143151946385,-4.9774003029953064,-4.9337001779181175,-4.947861160939045,-4.9345480875573235,-4.939664848809894,-4.933153423166491
2012-02-09,-5.078805625679134,-4.786437848044515,-4.768463879706774,-4.691099444378376,-4.806126397308508,-4.81835763530116,-4.704193735717963,-4.704875380223556,-4.770559529839381,-4.82158152535025,-4.782793047717984,-4.788937473659834,-4.783812512469227,-4.791318431161509,-4.78230993686717
2012-02-10,-5.082289265182838,-4.838796624969049,-4.831173886472922,-4.758353516644877,-4.915728905768563,-4.837314385400473,-4.771167727608521,-4.783992707506552,-4.8617657669300405,-4.851675744638077,-4.835731281526342,-4.840680586986352,-4.83605805464423,-4.8422250334013315,-4.835445245597927
2012-02-13,-5.066211275932017,-4.9471474760095004,-4.862506782308986,-4.879808825339026,-5.018395360373438,-4.9590412310062755,-4.825112043713742,-4.887698613435055,-4.982000332943676,-4.964206069838081,-4.936404965913744,-4.946560648575179,-4.936696399439636,-4.943434266523938,-4.936059096191818
2012-02-14,-5.10752250376563,-4.711679153602466,-4.7491469963783555,-4.621303725751266,-4.742449345066342,-4.712237855085533,-4.677001680174284,-4.645225169566146,-4.757616702545684,-4.735523763499061,-4.71162522551757,-4.716505049615043,-4.712009841064473,-4.7187963330810705,-4.711462817196289
2012-02-15,-5.166022009095879,-4.5702452362988994,-4.591995026148992,-4.506347232057146,-4.653842842185289,-4.578378907768246,-4.586228150011968,-4.522443354153288,-4.6274452769572845,-4.586316421421668,-4.574430583437761,-4.572311279960777,-4.574630020714866,-4.580370052310204,-4.5743475164821215
2012-02-16,-5.182601156766818,-4.678895325796915,-4.677489084260235,-4.600351370597539,-4.710523247162498,-4.67273136836081,-4.640157641139434,-4.613325834446612,-4.6799509883221235,-4.6823179603128855,-4.678070917775402,-4.679961344629524,-4.678308740692369,-4.685724268892031,-4.677825595046917
2012-02-17,-5.160320867801168,-4.931441274144776,-4.7984940977965795,-4.877269312626854,-4.994704136947385,-4.9280474428219945,-4.733811936751959,-4.888386766808316,-4.962392702223451,-4.959076736224733,-4.9128032838896205,-4.928167915796423,-4.913501468255047,-4.91972142483298,-4.912469378640469
2012-02-21,-5.162702033511851,-4.693802610367924,-4.686069344486876,-4.625402688996099,-4.745731717717172,-4.731529526800744,-4.667639675255398,-4.63503916784014,-4.676480746185917,-4.707709677064668,-4.696196224895113,-4.695715188283655,-4.6963196993860405,-4.702548909858835,-4.696080703193871
2012-02-22,-5.162853339399397,-4.792652229383504,-4.700124427389459,-4.741536123095735,-4.822395013531549,-4.826513698941124,-4.646707656982867,-4.752563796981886,-4.790791430714589,-4.8256952807524085,-4.782167594610771,-4.792954327581903,-4.782561841630064,-4.787411260684232,-4.781971854800134
2012-02-23,-5.184310116849961,-4.88001117821183,-4.73921309308987,-4.827216348489619,-4.898899281349282,-4.8923365702051145,-4.636403322026252,-4.843659833244413,-4.890140362417784,-4.901860517053747,-4.858782578975783,-4.875290382547522,-4.859615734407917,-4.864909253023779,-4.858396717619985
2012-02-24,-5.183043813996371,-5.061706620815309,-4.8736873614587655,-5.00360829501371,-5.126253591130656,-5.082001425580698,-4.768248700233424,-5.018576729136891,-5.10768297903734,-5.090278813168556,-5.036449377174756,-5.05317655680048,-5.037084521399862,-5.042782099230306,-5.035982967010521
2012-02-27,-5.161272260403585,-4.841784720161892,-4.773785377864738,-4.785144147356815,-4.912332570656115,-4.832001264686926,-4.751913799572331,-4.798049110748062,-4.865260965359385,-4.84612221122852,-4.833876496875829,-4.841286012488517,-4.833939107881675,-4.8407838586326,-4.833720272013647
2012-02-28,-5.152482993655066,-4.823366449303723,-4.819528533363377,-4.752505944150978,-4.8330779356255285,-4.8475686058403795,-4.791692477686628,-4.7636171109235805,-4.785675763884737,-4.849862730568633,-4.823293741777438,-4.82409276197734,-4.823475884703753,-4.832097664448804,-4.823136663302593
2012-02-29,-5.201880319361627,-4.65266560266098,-4.64783724885386,-4.5786500070258,-4.71135840177248,-4.677627806046352,-4.6308338942935166,-4.594570800444885,-4.64228821179659,-4.690811037414315,-4.654438920143756,-4.6559336607049895,-4.654522041923656,-4.663300740542507,-4.654453756812714
2012-03-01,-5.230988049044975,-4.663192703556978,-4.655994487410419,-4.607940594021268,-4.720184981513616,-4.6758436700636095,-4.6512884647170765,-4.610806061354108,-4.637504916870869,-4.7024676947361,-4.665132007011351,-4.665755514103399,-4.6654550261600525,-4.672657733996063,-4.665135704627999
2012-03-02,-5.197422213295884,-4.765025040482401,-4.682263997256315,-4.691627461646571,-4.845441335358671,-4.7950960427377645,-4.620167221634342,-4.6955956036167485,-4.811440298819585,-4.812361067258275,-4.755252680143839,-4.765079621055521,-4.755840381579141,-4.762957679613484,-4.754981813401359
2012-03-05,-5.199887332149198,-4.715807508453475,-4.71383326318938,-4.644027838790825,-4.785715938112999,-4.768382450718793,-4.7048052985524835,-4.647422628046595,-4.731993711366758,-4.772933314271941,-4.718631436902082,-4.718199781356288,-4.7185986462659,-4.726130050864806,-4.718682056771406
2012-03-06,-5.2068603695658675,-4.73204654900793,-4.720252321664526,-4.667043053868291,-4.809916236537878,-4.785100981320959,-4.700220696765611,-4.670620923975679,-4.745986847883794,-4.799215217490038,-4.7334219047531425,-4.734882784244573,-4.733476352108122,-4.740767187667997,-4.733405883137997
2012-03-07,-5.221069432180099,-4.773542899585836,-4.844352375269825,-4.725991080044707,-4.844771708155096,-4.805404107184749,-4.851590935558002,-4.734471589901048,-4.815388339649081,-4.816284026358088,-4.785219819306706,-4.7823542680911455,-4.785515616872186,-4.7902692211131175,-4.78530079670103
2012-03-08,-5.125202433752517,-4.928021133324006,-4.852478493163796,-4.867177381401823,-4.980475843650388,-4.961795973060621,-4.808051011860996,-4.877104062969035,-4.953157758464833,-4.969266677726701,-4.919568216836314,-4.926058083873558,-4.919604513526287,-4.925903815205744,-4.919316871016885
2012-03-09,-5.116831697540069,-4.951753113906017,-4.850200416297114,-4.874901025302636,-5.026808083296694,-4.9966624898096,-4.829501026497695,-4.880017152164908,-4.968239483841877,-5.003424630695681,-4.940772532815494,-4.951603818491449,-4.940564468865251,-4.950582707798308,-4.940468031382853
2012-03-12,-5.118316469544015,-4.933046573510072,-4.914245993493544,-4.861605979041278,-5.026406579672918,-4.966708895537911,-4.908286759273482,-4.874751535409617,-4.968072080558375,-4.980459843152156,-4.932820996889664,-4.935393872715901,-4.932890212833484,-4.941125191395465,-4.932760268762699
2012-03-13,-5.119633913575083,-4.7533668694784454,-4.848406646578808,-4.674867724918099,-4.755070412924185,-4.767327056221808,-4.8398903364299946,-4.679577202521456,-4.716408776708914,-4.776063736662588,-4.768137985760735,-4.767330630646594,-4.768607854669003,-4.777116104607723,-4.768066042992362
2012-03-14,-5.066576059102253,-4.883460104817132,-4.795010472975787,-4.786961027527296,-4.841688311633716,-4.906127268196501,-4.680682593225272,-4.792137143675915,-4.860757847877951,-4.901574374399088,-4.8682376300609125,-4.8846692935138005,-4.868719198376596,-4.87974958163194,-4.867673406250274
2012-03-15,-5.08050926363939,-4.839721986925801,-4.742536047794445,-4.771769763155937,-4.858870555875106,-4.876728994257043,-4.66138489511545,-4.774276020867019,-4.829604309684992,-4.879336166955137,-4.825409304604216,-4.839658562430407,-4.825623468746337,-4.8359228563054,-4.825111729792323
2012-03-16,-5.056010770161323,-5.004079972624907,-4.834850179579601,-4.940744024234572,-4.9838161250095405,-5.025013558507809,-4.7435183002649985,-4.953974709753295,-4.974614545140057,-5.038845937118573,-4.979439498814365,-4.99936815169547,-4.97999235271149,-4.989490031270175,-4.979033571032481
2012-03-19,-4.957435998933471,-4.935235546666214,-4.791440050087898,-4.860070842862247,-4.901605372147724,-4.985744615218256,-4.708671517393275,-4.884366783061419,-4.895584545399656,-4.976969391590484,-4.914074211884212,-4.930645770907633,-4.914356285435326,-4.926126025317126,-4.913751955333552
2012-03-20,-4.950883044248712,-4.939521397395704,-4.9083100477418204,-4.847947295790086,-4.908974457664128,-4.981469160728094,-4.83075838258924,-4.856737519450053,-4.900875515059102,-4.993132693059234,-4.932026785033121,-4.94266604894099,-4.932476658609797,-4.944335594582919,-4.931716681901372
2012-03-21,-4.941482204353335,-4.925968314682813,-4.909311281227334,-4.847229171761155,-4.957751290887839,-4.96244959778498,-4.864673100732865,-4.856192443693945,-4.919913282865862,-4.971192231391525,-4.924469783708147,-4.929518805890956,-4.924724494059571,-4.934916750655623,-4.924230008545671
2012-03-22,-4.9301492861684695,-4.873964868472651,-4.92182272954011,-4.802046223882295,-4.899715715388884,-4.898203031986479,-4.92756980585371,-4.803927700892348,-4.899106563893525,-4.897409908298956,-4.88297416016596,-4.880959395405276,-4.883068637738808,-4.891534314877376,-4.882894512643116
2012-03-23,-4.920060546165996,-4.908107274038722,-4.930019089692267,-4.826365319258144,-4.882795750622391,-4.977847453138688,-4.929529373055936,-4.826761026759722,-4.887441987799298,-4.948961904306781,-4.9156313576795325,-4.915116671789281,-4.915470517086231,-4.926128295556202,-4.915472851881072
2012-03-26,-4.906878638673394,-5.120715448069805,-4.952488434488062,-5.061512049652509,-5.11572355635439,-5.141274528016802,-4.854131526107611,-5.074334932192924,-5.105284980296265,-5.160111803674324,-5.095919602748311,-5.114451107257152,-5.096216168013231,-5.105544628888209,-5.095574680632449
2012-03-27,-4.899203651676118,-5.082338724696207,-5.0408445115349325,-5.01283585598459,-5.087279741983997,-5.105811656336129,-4.987213893648747,-5.017886976688646,-5.062517180943639,-5.134222031550831,-5.078063360404435,-5.082649430507398,-5.077987076291369,-5.08540474594759,-5.077914633535464
2012-03-28,-4.929792817922078,-4.787718740098676,-4.824981745760697,-4.719142256024444,-4.855683215013151,-4.838376393569614,-4.830769190169719,-4.721501612309603,-4.761295876200134,-4.854840168087189,-4.796031783759949,-4.792481530767526,-4.796208248731507,-4.800241091085445,-4.79604854192938
2012-03-29,-4.929992602587138,-4.7890222222276195,-4.7800901081516285,-4.738079662763517,-4.881974938394514,-4.80833290411926,-4.779244376121608,-4.746741109327371,-4.8196023802266765,-4.837061982520921,-4.789870370695981,-4.790928536366965,-4.789923199718467,-4.793536228998096,-4.789873632521868
2012-03-30,-4.9194493587470705,-4.910738529637293,-4.893000688610578,-4.846942003722598,-4.934049638970549,-4.934004517379987,-4.854657526286871,-4.854455756374846,-4.939419081847115,-4.950142933933245,-4.908071090000436,-4.910687261058374,-4.90799541951771,-4.913942334166378,-4.907938155716067
2012-04-02,-4.9003479238636025,-4.8674535927468465,-4.86272985910746,-4.814031728451988,-4.925608337256892,-4.907512571188873,-4.852031112320379,-4.817217134665515,-4.851153176081379,-4.926443173786334,-4.868806396062956,-4.868372089011383,-4.868773127777546,-4.873152555779643,-4.86879248647336
2012-04-03,-4.905274881758412,-4.677887927581057,-4.710426938815402,-4.6130135589069035,-4.707677896311638,-4.678068205154641,-4.705306128671276,-4.613674467562799,-4.6848837949756215,-4.718275059926917,-4.6818966139779725,-4.680604521983799,-4.681976509154428,-4.6872966021835705,-4.6818675130691805
2012-04-04,-4.883804672580603,-4.7909078290217275,-4.807250265669013,-4.723971745309916,-4.761089071947783,-4.837263680493807,-4.772586046353239,-4.723723506833677,-4.752373723848418,-4.86136446669635,-4.792041530750058,-4.796109501630569,-4.792248128048765,-4.79945349363934,-4.792002385132477
2012-04-05,-4.826888200735528,-4.853854738409126,-4.903578892583831,-4.78103675800104,-4.832029769067049,-4.896588566662141,-4.894017629212711,-4.786071958997369,-4.861437852907619,-4.903294856221483,-4.862817114705501,-4.859954139244136,-4.862888041105624,-4.869246847003812,-4.862852102535099
2012-04-09,-4.73858160789889,-4.901182519443227,-4.949147351492852,-4.8373856018176475,-4.933050069889773,-4.961738838389399,-4.965600092783511,-4.839180418487484,-4.894789065485837,-4.969465383805904,-4.910709868844335,-4.9054475155030755,-4.910896820527179,-4.91762511042658,-4.910969990113277
2012-04-10,-4.758470584062729,-4.509211795066197,-4.612988205593241,-4.449702095741489,-4.570163115709041,-4.590878410611357,-4.672630782554341,-4.448401510435729,-4.517871634153284,-4.580701041034527,-4.53002620436446,-4.520936743683246,-4.530263233597475,-4.533162804424233,-4.530492486672125
2012-04-11,-4.741923776461855,-4.795795984879131,-4.749578717603467,-4.7443650735254765,-4.847299117566663,-4.884489035212775,-4.759440533441755,-4.740539115934556,-4.789800897884683,-4.864480884674075,-4.795166365292143,-4.796789211101233,-4.7954037367089315,-4.801052640387008,-4.7953345922234405
2012-04-12,-4.708989274819427,-4.833096572025199,-4.769836539348284,-4.7718230243828925,-4.950142086396178,-4.903124300330324,-4.744898221528604,-4.764579270363581,-4.8527058321387955,-4.9210586647090375,-4.827767994018569,-4.830952928084018,-4.82809445078585,-4.834712773238774,-4.827919709741233
2012-04-13,-4.691866307218889,-4.654696089407445,-4.736941105108456,-4.574053519393929,-4.6528680873608455,-4.722690388344181,-4.725867325738179,-4.577228410810715,-4.587274936114833,-4.721590967052369,-4.6661370712090156,-4.660875635891458,-4.666084940320556,-4.671837518977474,-4.666588244878759
2012-04-16,-4.649257134435313,-4.5065767275945285,-4.559703480167916,-4.427933047460612,-4.53417874125791,-4.600686021922947,-4.55801822279277,-4.434689582910504,-4.495604843662121,-4.582114446507306,-4.516999583332947,-4.513865408044174,-4.517200761469939,-4.52342337190652,-4.517528584041641
2012-04-17,-4.563026717204936,-4.866246285034365,-4.803494676624285,-4.8039599939688635,-4.929754744785266,-4.903839776193599,-4.748928926657528,-4.809286301529677,-4.881991813658045,-4.93741509843726,-4.857040924029062,-4.8668240309017925,-4.857813926157047,-4.865909069159875,-4.857438582289301
2012-04-18,-4.510353663803015,-4.734302087430788,-4.780677282279472,-4.671430465052235,-4.788039786537274,-4.795057961058637,-4.771612122036189,-4.672301071879277,-4.7199975450114335,-4.799660943070868,-4.741210695231355,-4.7418156519791195,-4.741405092087921,-4.745300071815956,-4.741825446747009
2012-04-19,-4.544272686031352,-4.362972243530619,-4.397572365271938,-4.316619674549592,-4.421494639316881,-4.459268116814538,-4.424035916949824,-4.318514024679756,-4.332807159000313,-4.4376519129131164,-4.373305118948582,-4.368388121621495,-4.373112688109961,-4.374370041436785,-4.373943402371051
2012-04-20,-4.49200679170432,-4.6073806729855455,-4.682080435599003,-4.556104579222222,-4.633248705013497,-4.672751816845359,-4.6792161699777735,-4.55011776320798,-4.626155939061561,-4.668383818062504,-4.618127570110376,-4.615536202941716,-4.61866322146673,-4.621685990354452,-4.618746613440142
2012-04-23,-4.430000287850825,-4.626963688514334,-4.683115343179273,-4.563771336673286,-4.647147641397063,-4.719924363086717,-4.666950422045144,-4.567801359945181,-4.588770630150773,-4.710371185820789,-4.636548660725339,-4.631174310629019,-4.636701418147026,-4.640758362094278,-4.637347839380754
2012-04-24,-4.383775388661209,-4.549692799306655,-4.6235505057117905,-4.503274965483118,-4.600740036839189,-4.630293812549601,-4.648804569545335,-4.500685312733882,-4.577190302943529,-4.611842526899622,-4.565781188960583,-4.560346297759901,-4.565885580140227,-4.566869202192483,-4.566593312834515
2012-04-25,-4.37596234417292,-4.596964580893041,-4.608046543932306,-4.540191113800857,-4.724226134097802,-4.661758096704753,-4.629877556744907,-4.5397682926098035,-4.660730780846402,-4.673087430738328,-4.601595670108881,-4.601040663888613,-4.601635049562539,-4.602082781339328,-4.602408529798156
2012-04-26,-4.349916486717334,-4.806942973107751,-4.654335572765284,-4.769709203322141,-4.914695484314867,-4.884138968964619,-4.649174498242599,-4.770347720264329,-4.847712668994706,-4.87354560753766,-4.79224275215506,-4.804414120054389,-4.792263904170994,-4.793308728173997,-4.792618047290258
2012-04-27,-4.329495239745909,-4.829149042521255,-4.740831332141276,-4.777920468178098,-4.914308783350872,-4.893051595101024,-4.715240670524446,-4.785913258244445,-4.824285842159524,-4.872588820267946,-4.819572980276597,-4.828431332988232,-4.820052105943787,-4.8190503600381875,-4.819918810926782
2012-04-30,-4.268399861574269,-4.870646619497741,-4.852827426363746,-4.811609141040887,-4.969484480945585,-4.922210305636251,-4.846786452098113,-4.822460389864008,-4.892586230768465,-4.930881114223609,-4.871913408254641,-4.873261738610842,-4.872124995789843,-4.86898710233672,-4.8725186514958345
2012-05-01,-4.2478925590833745,-4.730859877534783,-4.661684912606287,-4.692109472535174,-4.792581253797471,-4.770407972748496,-4.676154801457066,-4.684600331327505,-4.761006365311639,-4.7838972706274125,-4.726528168190809,-4.7313521187075445,-4.726977995321991,-4.722425930856872,-4.727052623958931
2012-05-02,-4.200986972627742,-4.771424287214484,-4.750173265342861,-4.721964313707654,-4.795856957417056,-4.816197274885007,-4.722857512874367,-4.727178504112101,-4.779385940020477,-4.818500237274175,-4.769269796645257,-4.7724936912519045,-4.76950531701659,-4.7643089970932815,-4.769803030081208
2012-05-03,-4.189952011204923,-4.669654241078207,-4.627778176802022,-4.62295820723359,-4.78551740590448,-4.708555171886376,-4.6476546043529465,-4.62986710662783,-4.740600802771816,-4.7389633019040724,-4.668342069065879,-4.670674411200166,-4.668362233054492,-4.661587818316688,-4.669180626653542
2012-05-04,-4.189112359094529,-4.62777308553969,-4.628492244396559,-4.592352851965947,-4.729684957973642,-4.677616671245349,-4.650304797907078,-4.587044326775914,-4.693154284484009,-4.682436101907105,-4.632584702619038,-4.630323937977415,-4.63275997363496,-4.626505169191216,-4.6333849467246715
2012-05-07,-4.172755322838447,-4.543881608414391,-4.599899126646453,-4.485627841442442,-4.611380543170085,-4.611085126884268,-4.634868868100075,-4.479581212361129,-4.555870929958144,-4.605218391939682,-4.557085042679322,-4.549957081885004,-4.556933592532917,-4.549614191270778,-4.558372290650357
2012-05-08,-4.189378920082702,-4.38489414129273,-4.390652992045563,-4.347927649793645,-4.4666355787741,-4.477278391311869,-4.432424394672075,-4.33821088859541,-4.420037503955458,-4.458259916182804,-4.393692248950272,-4.387375600114829,-4.393561565859993,-4.386246947576303,-4.394618829717958
2012-05-09,-4.204057688624755,-4.209236995415329,-4.250707559400396,-4.173342161050657,-4.325808284899144,-4.257430762489549,-4.288246355290278,-4.171456673800289,-4.273994492405973,-4.265599934317948,-4.219130104971078,-4.2123489311634215,-4.21899968385164,-4.212582031210846,-4.220056637155544
2012-05-10,-4.18886877843252,-4.315422119746017,-4.445862879251395,-4.269269589391249,-4.412620773024206,-4.374144724244934,-4.506366794972863,-4.262942318055657,-4.34310213856856,-4.370939844450721,-4.338635260786002,-4.328087646097364,-4.338318457448458,-4.332820538962418,-4.339750908148635
2012-05-11,-4.1630410465341035,-4.4024456215206085,-4.408011614821498,-4.336784242705391,-4.4322745831768575,-4.473981134187829,-4.379486116495186,-4.336001129418444,-4.363400247018396,-4.460510192307949,-4.401786596157073,-4.403360874430561,-4.401996458052768,-4.394906788278778,-4.402774002587359
2012-05-14,-4.132496749840019,-4.322057513746268,-4.477409037759796,-4.271719648201115,-4.381553746512297,-4.355507051118692,-4.529096471033516,-4.278542048147552,-4.367510690683326,-4.357968254773041,-4.343990061937491,-4.335261616137254,-4.343939251102071,-4.338488182048258,-4.344980253629642
2012-05-15,-4.152060751854013,-4.306828724248222,-4.362181308188354,-4.261762862908922,-4.394593730325075,-4.352336980706618,-4.383166635700894,-4.25640337883378,-4.35738637148066,-4.354163380754888,-4.318410407485009,-4.3127673610237185,-4.3185190085378125,-4.311244966563312,-4.319240078763375
2012-05-16,-4.175772673128935,-4.175703059827126,-4.3745290410852125,-4.109834375322642,-4.279329561878704,-4.2302317693268074,-4.4260043966073574,-4.097980608397677,-4.246583094534724,-4.229681346743008,-4.206516392837467,-4.196696015816834,-4.20638885419032,-4.196818495078615,-4.2078256795314
2012-05-17,-4.225348836050113,-4.088758219945035,-4.183199884128608,-4.02052297941144,-4.175858758361511,-4.147961180394649,-4.2022134646753795,-4.019482126418938,-4.12973799512114,-4.134193853760521,-4.105719030376996,-4.095609772281083,-4.105639702813156,-4.0982164725370405,-4.106780375209334
2012-05-18,-4.219089343796279,-4.074125293370624,-4.11638684397688,-4.041805983627897,-4.154089837838516,-4.122970142182057,-4.1329039872010735,-4.035801852882963,-4.152741054095409,-4.111934678036828,-4.085046630113556,-4.078537742953856,-4.084906735538957,-4.082400914888427,-4.085656759603107
2012-05-21,-4.20461247035391,-4.202462699160011,-4.187919903780668,-4.146101272088251,-4.282076220585199,-4.264350740097374,-4.190929269769343,-4.141699234159886,-4.212159413803614,-4.245750795564443,-4.205649000939904,-4.203974397587351,-4.205950503600887,-4.202412468934756,-4.206612293529774
2012-05-22,-4.239955324060128,-4.042462108450495,-4.151672681984089,-3.9896148228841852,-4.139254911120293,-4.113635028526865,-4.17872412254852,-3.9820305938386267,-4.086294244720132,-4.105745216193877,-4.062115079890923,-4.053777126643066,-4.062089403469686,-4.0589319641150485,-4.063232166018515
2012-05-23,-4.2823406094686955,-3.9825700986203785,-4.117532005584381,-3.940204985377353,-4.121583623476475,-4.033353347842181,-4.185178720166303,-3.9323882484933717,-4.04162022734005,-4.0297404439304625,-4.00773145034461,-3.993812406183368,-4.007611671348497,-4.006110371476162,-4.008648768138804
2012-05-24,-4.297331883449322,-3.9979310312045406,-4.134939502463657,-3.954267106778707,-4.173793526297009,-4.033416021177669,-4.223261772374047,-3.949026542817698,-4.09052019193846,-4.031149579492917,-4.023606124385554,-4.010995155385688,-4.0233707298405434,-4.023771153011467,-4.024538137637481
2012-05-25,-4.300308189422685,-4.221893307973244,-4.428421324426443,-4.172231603295485,-4.300824426860036,-4.245671913394499,-4.500906196340607,-4.17424327763736,-4.28261336299947,-4.251420552293828,-4.2535254647589245,-4.241068577655373,-4.253339775633728,-4.255875373962753,-4.254524773679425
2012-05-29,-4.284700296890168,-4.150540102248448,-4.379645401380044,-4.110700375346276,-4.267440655836428,-4.197007133383923,-4.470285444546926,-4.104945218148489,-4.259037360928694,-4.195687977543863,-4.18753722279595,-4.169999542853375,-4.187617776071987,-4.191464639949417,-4.188494141089159
2012-05-30,-4.298995224958941,-4.213184620844226,-4.322577254232736,-4.175236538322015,-4.338887261202533,-4.26242791559267,-4.379492639200616,-4.174754094035277,-4.295537186592334,-4.262688436445006,-4.235441062083939,-4.22501220089706,-4.235616861683474,-4.238162891202989,-4.236232803117653
2012-05-31,-4.339129603750191,-4.025865474018615,-4.170799623600551,-3.985981906543303,-4.157278745079473,-4.057460185098793,-4.236317983533521,-3.988199986703376,-4.118666128114544,-4.0632466331279895,-4.050247709052691,-4.038377989820713,-4.0499785125763,-4.054108280227418,-4.051012726130338
2012-06-01,-4.369550849781597,-4.1448919259017405,-4.2021439656887125,-4.106158335214015,-4.20352946917057,-4.165484379882205,-4.2049553415966505,-4.115153150261648,-4.21422525484767,-4.171467502935773,-4.152856887506715,-4.149137763351693,-4.152811466427971,-4.155728972573303,-4.153391395580776
2012-06-04,-4.429173682472789,-3.9883686936411356,-4.220140752960937,-3.9342065675561972,-4.074474168869222,-4.0398456265043405,-4.293292183797777,-3.9357030772449915,-4.072000488054819,-4.030900163479606,-4.025503557447445,-4.008832155736766,-4.025355175820265,-4.033764743764504,-4.026597615964026
2012-06-05,-4.445340225510388,-4.112451886306743,-4.200808327610028,-4.074977248469058,-4.226292045418724,-4.166700594861405,-4.242021659632098,-4.071989074384541,-4.161967148914732,-4.15531242827182,-4.130127930642319,-4.121099382187729,-4.129807807564923,-4.137614097126153,-4.130993194216049
2012-06-06,-4.4532022968561025,-4.188391770678714,-4.321839975974004,-4.142121406212656,-4.305166872073776,-4.234924363963117,-4.3664619708339805,-4.135411299120493,-4.227207139603194,-4.241512063268589,-4.210320488173789,-4.199886386830348,-4.210638992859837,-4.219208320805111,-4.211526471677904
2012-06-07,-4.459272021644636,-4.094256843516355,-4.203547635842032,-4.023167375394119,-4.205948063716539,-4.153658307193171,-4.230129252993088,-4.029116799989211,-4.107064685765959,-4.143332664086864,-4.1133673282628465,-4.10276111689996,-4.113352493427469,-4.122604142961855,-4.114605171840515
2012-06-08,-4.448482703961578,-4.225338337365897,-4.4065699940097165,-4.166351364600503,-4.345406882420951,-4.273785687018722,-4.4732803554605765,-4.164447650055142,-4.2982419867317985,-4.273407348903015,-4.254964481118761,-4.242598203401629,-4.255102034792666,-4.2671495658940355,-4.256096025514012
2012-06-11,-4.463747320725969,-4.146464500327039,-4.269763624507707,-4.096457363849781,-4.222275502740831,-4.192640146169525,-4.308795259153553,-4.0948740189867685,-4.216388225272777,-4.195038685875158,-4.166245881621662,-4.1586596414596695,-4.166140147230563,-4.1756347413499535,-4.167345067936702
2012-06-12,-4.497438201713228,-4.101726944550388,-4.204596318816367,-4.057454466876989,-4.185106848304762,-4.153281798726231,-4.2616826739281874,-4.062318413369492,-4.130956591702949,-4.1379474400507315,-4.120151916286395,-4.110434098755078,-4.120156309345303,-4.129809832770519,-4.121058557508399
2012-06-13,-4.539931251279081,-4.0615733913185155,-4.2423153092535335,-4.020072173465926,-4.181437048578205,-4.107451265494952,-4.341790103172755,-4.018253636571601,-4.135498383115445,-4.106377748922962,-4.093974271746921,-4.083527524510126,-4.093772495091529,-4.107844304983296,-4.095116341815319
2012-06-14,-4.566666433491249,-3.972644072536493,-4.153517354663368,-3.9428788087399504,-4.099159117231481,-4.013367465412498,-4.246617194383206,-3.9411761811340633,-4.072881640533641,-4.013229795419419,-4.003320547527755,-3.9884601416234386,-4.003038060123475,-4.015958617743951,-4.004194089899666
2012-06-15,-4.564294940319621,-4.297775293512819,-4.385927403142492,-4.248219378254926,-4.351074269600431,-4.331082345007178,-4.426080839745392,-4.243446892706078,-4.34802020108757,-4.3358987662549655,-4.313230286959677,-4.306664348834223,-4.313115115627424,-4.32103085594981,-4.314262259278952
2012-06-18,-4.589558275167806,-4.12208745745785,-4.331953958700313,-4.093709498227239,-4.194741752643025,-4.167837263107521,-4.426654939358833,-4.087893168286126,-4.143659222677138,-4.159771754679595,-4.157737080338607,-4.1417180548581065,-4.157551413551306,-4.16906411905188,-4.15871787248393
2012-06-19,-4.583426668353139,-4.343905818604007,-4.426144079476153,-4.3043916120217345,-4.44236938573387,-4.38644121717968,-4.466986321824903,-4.318153467153859,-4.425384047480358,-4.404046008965389,-4.358514898656566,-4.3532335692408495,-4.358557744561108,-4.367650212969599,-4.359510431174022
2012-06-20,-4.631893109547019,-4.063169641188191,-4.258229709865127,-4.027104381083209,-4.191822537490521,-4.093100798409504,-4.3647517288463,-4.027888537584279,-4.131567160860665,-4.112201019436789,-4.095743020834843,-4.08245157152089,-4.095719829584794,-4.108052702243155,-4.09684221397056
2012-06-21,-4.6082768928298385,-4.154696216032085,-4.27189624809301,-4.126914511445366,-4.282310894211624,-4.1922736892293715,-4.374858151649283,-4.119679725696371,-4.221966689699049,-4.2027997912337165,-4.178647994936004,-4.166384769031174,-4.178765376201204,-4.188964550600668,-4.179639104467134
2012-06-22,-4.598251659121437,-4.3076013452819275,-4.403936178917219,-4.277761316216022,-4.458936430653407,-4.345900754134736,-4.490835352263668,-4.276955901761435,-4.378140627490635,-4.358501051266233,-4.327529312814302,-4.317360837758257,-4.3272951603118175,-4.337679104556588,-4.328538716579079
2012-06-25,-4.5898516555881095,-4.285398389797466,-4.431004265945987,-4.257560731803016,-4.406356422493708,-4.336427168289247,-4.545367205067301,-4.25268245008318,-4.34656551501597,-4.353227377981992,-4.312903485284026,-4.297479175607368,-4.31292957879667,-4.325595737519683,-4.314192601216998
2012-06-26,-4.6183538764878795,-4.121901515823795,-4.362877504313873,-4.0938947023621015,-4.26424206534961,-4.171918272420675,-4.516685329343538,-4.082331028016093,-4.191938648300338,-4.180145592392505,-4.167387597362174,-4.146079151176815,-4.166630462077452,-4.185183006350335,-4.169008750742323
2012-06-27,-4.619055351900083,-4.3499152654057776,-4.4695499075337075,-4.322346287953258,-4.473906675024546,-4.411073282271093,-4.587057003150627,-4.317913635933069,-4.385209799781651,-4.420835398136435,-4.3775451243769385,-4.3643459422417035,-4.3773128161952535,-4.391455668588147,-4.378731278359415
2012-06-28,-4.659454673313068,-4.183178123526532,-4.222467453355083,-4.162664022104706,-4.434242272022502,-4.227370818600341,-4.347473727838807,-4.15739491148525,-4.306219204466316,-4.2590234140076,-4.200143645106384,-4.189761103776991,-4.200516512723992,-4.214097543575209,-4.201158164551286
2012-06-29,-4.620188945753739,-4.420463995973488,-4.466682894151342,-4.392751472435386,-4.574763806374859,-4.470813963921892,-4.54308943977164,-4.3963014242955945,-4.487253438909429,-4.50370191412829,-4.433265683388728,-4.42768019135136,-4.433118946522639,-4.443587185959429,-4.434248366338509
2012-07-02,-4.588078574206838,-4.290980438670503,-4.3426459934973245,-4.275925089961269,-4.44586021328895,-4.3084177865503825,-4.4116864912417615,-4.274297261211357,-4.375621880463598,-4.3289526853080105,-4.304712698686829,-4.297339297975298,-4.30452233634384,-4.311496141103501,-4.305362252371598
2012-07-03,-4.59452931955936,-4.493378848658412,-4.358301131329073,-4.467166041089171,-4.7271811126743914,-4.509154621979966,-4.39842164443261,-4.48922745675068,-4.624473266616153,-4.569327214711505,-4.4777493269579125,-4.489905115075858,-4.47821235868612,-4.482576779867094,-4.478273900564773
2012-07-05,-4.6025800837021364,-4.537749284889491,-4.616215066225173,-4.505893545986271,-4.633420267319175,-4.578047938050575,-4.686925266849691,-4.502774952404427,-4.559584570333022,-4.596523741300249,-4.55325116691853,-4.545501835076776,-4.552972131510226,-4.563891735962185,-4.554431320129263
2012-07-06,-4.626742986568627,-4.53941484211119,-4.65255960661458,-4.511314294731128,-4.68480200213838,-4.575852921213232,-4.7395528412204895,-4.509942484270797,-4.579634267426947,-4.593907958677473,-4.561574647995393,-4.549209900632416,-4.561340892454149,-4.571865559826486,-4.562780373493959
2012-07-09,-4.637580057283963,-4.567351892071842,-4.655522463307461,-4.551201253318504,-4.745973019352781,-4.612452265803648,-4.773922563822529,-4.547178377603352,-4.590279092141916,-4.638198227775766,-4.588821803224085,-4.576164829893672,-4.588454655799473,-4.6009296031552305,-4.5898210176179175
2012-07-10,-4.683586986540815,-4.386715336418432,-4.5304452909655994,-4.356367335831633,-4.578592594182149,-4.431058016294653,-4.621409522618349,-4.345805916454699,-4.387130881144366,-4.471577582004274,-4.413822654265374,-4.402382890478614,-4.414539043310086,-4.427526390894811,-4.414926631641175
2012-07-11,-4.724504514724466,-4.359492502659648,-4.448717439334109,-4.335203084593038,-4.485809082729135,-4.401507248833275,-4.522806809917006,-4.330744614043424,-4.370664816697795,-4.440207098979484,-4.378455054092795,-4.366256143731869,-4.378399684970168,-4.389662632962506,-4.37940274606815
2012-07-12,-4.765533330095077,-4.325170759084705,-4.398367248178645,-4.312445071340927,-4.50771911180855,-4.38225165441324,-4.477989127114852,-4.295505741982114,-4.3188794467600395,-4.440921413427754,-4.343405493203761,-4.3335165165886025,-4.343846894000604,-4.358619746058238,-4.344393144488562
2012-07-13,-4.781459167887242,-4.399438946020677,-4.5549762665764,-4.367226873632248,-4.50650800357042,-4.435718588926002,-4.647622864376266,-4.36720633099425,-4.429366364580737,-4.47040030281632,-4.427350781928334,-4.415940920138625,-4.427606487643528,-4.4400754745823665,-4.42865564118909
2012-07-16,-4.803465474349601,-4.470868308227162,-4.542265342535799,-4.426601283360859,-4.6020265609914475,-4.512870611141894,-4.586989585640996,-4.417120870498498,-4.392905779478391,-4.559992733664987,-4.486943656925928,-4.4781859546419165,-4.4875655478389405,-4.499812724771521,-4.488151834728608
2012-07-17,-4.871820102868449,-4.2831759082877685,-4.341252701443952,-4.26512837067778,-4.458695725988635,-4.316870483516482,-4.415054865621629,-4.258355329853543,-4.312948607702707,-4.363874244550649,-4.297286237967515,-4.28997614542652,-4.297373863873977,-4.308358427022696,-4.298175277727773
2012-07-18,-4.896405206631045,-4.5311631107498815,-4.4230231125948665,-4.5078099889254535,-4.752976694146058,-4.578900563671401,-4.4678660562211245,-4.496602145099101,-4.531942562629263,-4.6396369492847915,-4.524970024509643,-4.529701902281323,-4.524994124560299,-4.534599060197361,-4.525939468778743
2012-07-19,-4.92284774782127,-4.525131288061708,-4.415661055747885,-4.495654703255009,-4.656932070147602,-4.564603560249463,-4.430128706927521,-4.493064622993754,-4.580118632539677,-4.593247140970432,-4.515237740298618,-4.524741360573552,-4.516372513622259,-4.5200849836310555,-4.515610694506965
2012-07-20,-4.939081391280171,-4.51953325946853,-4.507981341694401,-4.488666034384723,-4.666924419781107,-4.5432573706192425,-4.537205135928066,-4.494038986406872,-4.578920659876678,-4.572324245009888,-4.522061910643447,-4.523512137880649,-4.522232985345724,-4.527607528630865,-4.522577773481052
2012-07-23,-4.950080291028634,-4.4455058554492615,-4.428798483357932,-4.416658936605327,-4.608390162071403,-4.484283724630662,-4.5020040246175395,-4.418505577657108,-4.4602733543663176,-4.537504467545507,-4.449154992750306,-4.4488995687097255,-4.450273024597438,-4.459215591211494,-4.4499708036299275
2012-07-24,-5.033679032024639,-4.246516385541302,-4.272488964393182,-4.229691583188516,-4.422860623129269,-4.272102873386302,-4.357735797674245,-4.2312626879876305,-4.314636404509502,-4.312492011132115,-4.256471107769697,-4.251181791844614,-4.256490863284334,-4.263669430582689,-4.257223829107245
2012-07-25,-5.0590870758489865,-4.3829126452779645,-4.270699063825388,-4.374434737105627,-4.680878247552701,-4.416739360388284,-4.3425173293984285,-4.373326897048033,-4.514837368633589,-4.4735014560529605,-4.376557906681355,-4.380028407330576,-4.376764702511547,-4.381231042800037,-4.377048014622622
2012-07-26,-5.118014902674729,-4.322154861970672,-4.2911746008167135,-4.316515558561819,-4.612055144153928,-4.359481427997534,-4.3748702875060514,-4.323379025598478,-4.3512811887817815,-4.422582599144322,-4.329653109961865,-4.328184495991968,-4.329998617643203,-4.3338199276207465,-4.329964966727627
2012-07-27,-5.1449549620928705,-4.345414811079095,-4.275769466568582,-4.333026574424018,-4.543757814289171,-4.384967829480376,-4.327668336558356,-4.342848485405625,-4.368151454758232,-4.447441370944699,-4.342210041747442,-4.344330070403032,-4.34263534582884,-4.347432054200833,-4.342766961862394
2012-07-30,-5.182639820557169,-4.415850437400934,-4.417265771709782,-4.395865326541031,-4.607136476359172,-4.454077405449837,-4.498704568849887,-4.393104572762625,-4.438996935638234,-4.51271754079547,-4.425442744487998,-4.41958901572805,-4.425363204958977,-4.430957681349978,-4.426326250827771
2012-07-31,-5.21359011133486,-4.50938802777335,-4.442368807668713,-4.501366400941063,-4.733814982529665,-4.552734937451741,-4.536671641433527,-4.494729727381394,-4.534580476356179,-4.6195053846646,-4.5101454596325325,-4.50893459510349,-4.510136071584862,-4.515616489801902,-4.510866256574061
2012-08-01,-5.199289301649657,-4.337621062357489,-4.225221122364712,-4.332189770593299,-4.5118988565259786,-4.339427065851155,-4.235398589863766,-4.334681039232442,-4.4486470998257825,-4.380302984068851,-4.325569604229212,-4.334221591685203,-4.326084443079795,-4.3276788102081385,-4.325659065327508
2012-08-02,-5.2836727185628085,-4.24203547003052,-4.16100105333723,-4.233052064774558,-4.459312916903482,-4.2573174433995025,-4.211221097544893,-4.2427194473590335,-4.324479235544696,-4.347148452920581,-4.237385615944093,-4.239706695444061,-4.23788099790621,-4.242686604651991,-4.238013109857979
2012-08-03,-5.2680141190731264,-4.572169422934213,-4.35619927732145,-4.547391393303201,-4.807285527603809,-4.595669570213904,-4.366388938763303,-4.555748700325445,-4.657859077085105,-4.659295509480705,-4.550530894533906,-4.561170396956324,-4.55095166000873,-4.554436145801293,-4.5510317584215745
2012-08-06,-5.25789703693244,-4.638191111693994,-4.606525867550322,-4.612183028661071,-4.829126417642276,-4.672110785089261,-4.668749626287656,-4.613894674202111,-4.698899423193556,-4.705118119599648,-4.645669617254549,-4.643498267592156,-4.6459653884189525,-4.6505414587089176,-4.646491933611565
2012-08-07,-5.254807426552785,-4.772823586695814,-4.5724596653183704,-4.759235631728694,-4.971724859793817,-4.808740326594704,-4.570403453980292,-4.767603187633702,-4.825476256731378,-4.851352451882462,-4.749787776591261,-4.762977419881937,-4.750824674153855,-4.753381132439124,-4.750189985510093
2012-08-08,-5.269164449089784,-4.745578552809832,-4.674008173541146,-4.725962673399003,-4.906432487838932,-4.786121067433709,-4.72140876045372,-4.718168393087539,-4.73622880637674,-4.823055823835295,-4.745029856663308,-4.745636619774347,-4.745699424515435,-4.749784059143509,-4.7457495712082425
2012-08-09,-5.2755561832920685,-4.949036951767102,-4.8732976728942,-4.923577761075925,-5.0314779466200115,-4.9873610602934075,-4.869481550735087,-4.911565407678033,-4.893660074623789,-5.027171835318716,-4.9440467460774595,-4.948572659018502,-4.944597545708219,-4.94765269608072,-4.944850897504775
2012-08-10,-5.273458689537421,-4.966887299759442,-4.916725806248861,-4.944482864229547,-5.169903539360207,-5.003966461779048,-4.978618778153484,-4.939833303369257,-5.00563981130961,-5.039446101048992,-4.969519801212105,-4.968328181016041,-4.969947853088012,-4.973388890200943,-4.970453553212372
2012-08-13,-5.17961088438062,-4.97134405272563,-5.012014934591028,-4.946338357037407,-5.131826370916531,-5.006171703747013,-5.079387931852361,-4.939853289431762,-4.952206523274118,-5.073015906359747,-4.986552761907564,-4.979651807049638,-4.9865164267139654,-4.991349098390314,-4.987746944337993
2012-08-14,-5.165309056751169,-4.853901286796723,-4.9556972058808215,-4.832741499550921,-4.961777326616023,-4.891111627703981,-5.0407071369820615,-4.828452886435457,-4.848592795998142,-4.944022898086961,-4.878564482543645,-4.867645046624075,-4.878414364979809,-4.8830082959397,-4.879888883490809
2012-08-15,-5.159597812703286,-5.0660914912851815,-5.031260916222112,-5.0521214887540165,-5.186390886045771,-5.110387324476549,-5.082903797226919,-5.044301274268452,-5.0930651988265385,-5.172216682966737,-5.069394758431269,-5.067440558911741,-5.069286280725019,-5.074148331405498,-5.070380519633028
2012-08-16,-5.16381564835753,-5.033198223413605,-4.973392227958692,-5.019510435347022,-5.108118606990724,-5.0640473640107,-5.003347381468233,-5.011935109867907,-5.029993762298064,-5.100211621374466,-5.0331332331326,-5.035415549459328,-5.033019909554113,-5.037143155694783,-5.033879798832191
2012-08-17,-5.146959113602031,-5.213356843590578,-5.03878314179966,-5.203950437010246,-5.344451673713041,-5.24657542578699,-5.0618661886751894,-5.199523424346625,-5.2214048909137905,-5.28602915790754,-5.1972051870980485,-5.204504415298251,-5.197138296439416,-5.200418281372698,-5.197590602791633
2012-08-20,-5.123900939964843,-5.128529025368111,-5.065427050403227,-5.114892828917434,-5.22085740446694,-5.1656547097977406,-5.090712288447011,-5.1108352538527875,-5.133189732681535,-5.201464533897444,-5.126905439991344,-5.128477622324198,-5.12706345708533,-5.13029375244618,-5.127694666772689
2012-08-21,-5.146691307419041,-5.02776813971286,-4.991477467322432,-5.018037080127578,-5.121686040023022,-5.060606856225815,-5.0415508315973785,-5.016644715918808,-5.000648997948164,-5.094483042865589,-5.032852696633458,-5.028720150741764,-5.032965244890036,-5.037609896734112,-5.0338233547475255
2012-08-22,-5.179335200149168,-4.817125120629363,-4.8887022714642905,-4.801014350043379,-4.907872227251956,-4.85787785663095,-4.973141759174906,-4.79327812973875,-4.7803470101804155,-4.900257918034639,-4.8384199520833,-4.828486655286627,-4.8384372701895835,-4.842904999431133,-4.839768201609733
2012-08-23,-5.1764266901996825,-4.774182314556177,-4.885480457324877,-4.761085441547907,-4.954987357854624,-4.806383634810041,-5.005660862574632,-4.755558637416407,-4.790512587848384,-4.847315950562575,-4.803805598099382,-4.789371543544123,-4.804029455838296,-4.809552012980437,-4.805161526270033
2012-08-24,-5.169368573060264,-4.787642982777453,-4.913001125260019,-4.774098228604506,-4.9633871598745944,-4.818161551642979,-5.035045506601968,-4.768788288795552,-4.7947246208191086,-4.8680450503516,-4.820148379588522,-4.804799682392482,-4.820506652033744,-4.826499986932323,-4.821600240404745
2012-08-27,-5.151097121085799,-4.922676256857994,-4.977779897263346,-4.906577826932418,-5.080937450124637,-4.958961417690507,-5.084816931626846,-4.899372987765826,-4.912999144265959,-5.000920818825853,-4.944798868430098,-4.9372977180861355,-4.944729061033865,-4.950955852654,-4.946196623937713
2012-08-28,-5.131965977920571,-4.777996998205513,-4.9052945492224165,-4.762006582553775,-4.870380074918948,-4.801744962841894,-5.00446636797029,-4.749962453118623,-4.771493275381132,-4.832693525414085,-4.807722881344984,-4.7958123035745865,-4.807617391748921,-4.814675327815815,-4.809142930090714
2012-08-29,-5.073623343713486,-5.0185391722092065,-5.112045719058444,-5.0049853605785435,-5.185207449187565,-5.043236748232771,-5.2306121172311455,-4.996077522974363,-5.0468557730491845,-5.084622128648127,-5.044794739775349,-5.032571516150252,-5.045044357229611,-5.05248442183279,-5.04611967741931
2012-08-30,-5.022609419352441,-5.01994338107385,-5.153872233638489,-5.00906486077623,-5.068689043349071,-5.052503519203192,-5.230899863994889,-5.002447933864602,-4.965827709141726,-5.0790216542788915,-5.047889397041075,-5.035438479233656,-5.047924608177817,-5.056140089129309,-5.049142288774402
2012-08-31,-5.082569034219475,-4.596439742399315,-4.715052567699137,-4.590664730228036,-4.801068974923859,-4.614803308990434,-4.848995131067479,-4.587341030793793,-4.6160573946506345,-4.647992018188732,-4.626272524708349,-4.612656541909272,-4.625905812257289,-4.6331586956098505,-4.627356431902513
2012-09-04,-5.086482374217773,-4.722877466877766,-4.795008244020343,-4.711606388740693,-4.9449959013665215,-4.755637467572689,-4.9230019304103445,-4.70559480606802,-4.7532249503957,-4.803236894776611,-4.747557222157192,-4.736203170489743,-4.747561074577661,-4.75492084676508,-4.748866777059902
2012-09-05,-5.082408190738086,-4.7721943590251925,-4.891640457005697,-4.763476199582504,-4.916036141132027,-4.794623487181534,-4.97189406354255,-4.754835606616067,-4.743348978122123,-4.833993534252511,-4.7997977657654,-4.784973800710693,-4.799955174664649,-4.807401274186743,-4.800718252029352
2012-09-06,-5.095891615267771,-4.801777244448368,-4.7887197754904856,-4.788423647720883,-5.006817680417715,-4.8330535436631274,-4.893246591456447,-4.77777404176188,-4.810221745206185,-4.892127706922527,-4.813331062244307,-4.80905850741193,-4.813179756180281,-4.82099672517719,-4.814798034574375
2012-09-07,-5.060770531433763,-4.924778553525073,-4.884243278576274,-4.909534638968563,-5.076151421426423,-4.960977565465341,-4.9522637097567745,-4.9021484856227815,-4.924808713921559,-5.021455615808076,-4.929925387895042,-4.929068453195614,-4.929834111550409,-4.938233756503675,-4.9313856080088305
2012-09-10,-5.0247201921178775,-5.084941221321832,-5.042443122678811,-5.073045584903424,-5.177468390260155,-5.111668132382349,-5.076933895022921,-5.069125349082671,-5.0785498103344215,-5.14252923897619,-5.085275077694549,-5.086146539940542,-5.08524476486645,-5.091546328450174,-5.086240767368849
2012-09-11,-5.014038925280287,-5.106894369573787,-5.1005570791343615,-5.091650289086036,-5.167251110751386,-5.1384468974834006,-5.144528569530825,-5.082876132376786,-5.059553797639835,-5.183119970842465,-5.113314033058624,-5.108382499775168,-5.113387951151158,-5.120604647805247,-5.114446255174683
2012-09-12,-4.997852082240036,-5.086169863350716,-5.053256075356236,-5.074164312966471,-5.240306066397317,-5.114704301784503,-5.105788613785801,-5.070172220901156,-5.078493597011548,-5.1721203685657375,-5.091064234483882,-5.0886943935549045,-5.091407327232048,-5.099062650147269,-5.092321916896447
2012-09-13,-5.055482361610501,-4.645831131229401,-4.6891767786312695,-4.632920937689239,-4.777121216437175,-4.666380831707881,-4.788511892206913,-4.621961840066173,-4.676108006689844,-4.722778817935953,-4.66244959920511,-4.652213494791923,-4.662549921954676,-4.670631872119594,-4.663926648142073
2012-09-14,-5.085774657455544,-4.746792659025952,-4.633051583837793,-4.736749468120616,-4.898211239537534,-4.759873688595396,-4.69640198243227,-4.729865191448912,-4.75000211407185,-4.793045352623178,-4.738056369988446,-4.740034344956255,-4.738157574646558,-4.743052556421097,-4.73892449039551
2012-09-17,-5.084258786583384,-4.917719176434325,-4.837921513931406,-4.90879163676741,-5.095232677869844,-4.938787688232125,-4.911145554003452,-4.90527251848147,-4.9670407817423055,-4.998860000459534,-4.914538499219084,-4.916527811868666,-4.914890029430637,-4.921516106453957,-4.915550115687025
2012-09-18,-5.051090738950645,-4.956234862221944,-4.834721373844865,-4.945744013337203,-5.132406280695802,-4.972231551404244,-4.893742781243293,-4.940016136609605,-5.006257549713717,-5.043391664478344,-4.947318115403816,-4.952191663944934,-4.947698797919545,-4.954773344740716,-4.948339196613782
2012-09-19,-5.01450454177818,-4.882486740837349,-4.765022444153123,-4.873153322105861,-5.079381678652946,-4.90609173141222,-4.863243934153393,-4.863969776242688,-4.8762967058626705,-4.974717940515974,-4.876383437998263,-4.877399032884834,-4.876587988440248,-4.88349281733175,-4.877449875545296
2012-09-20,-4.980098514158681,-4.897689122444633,-4.894046845947138,-4.889179096791486,-5.064084666466453,-4.914495186424574,-4.99329306166709,-4.879161648850769,-4.949280906937464,-4.978990587679192,-4.908099483790675,-4.903320040756308,-4.908221747719729,-4.915592894091779,-4.909287332450904
2012-09-21,-4.937709857578381,-5.206581082813062,-4.966249744116801,-5.199254589282378,-5.358894334029191,-5.223290327240836,-4.992746687047032,-5.189872035029289,-5.207721696802812,-5.266266082866929,-5.177817254298162,-5.190331316492996,-5.179009850002088,-5.1835515418780025,-5.178261330121336
2012-09-24,-4.923347595782792,-5.051563154766301,-5.027708012391044,-5.043274095254977,-5.167209384250117,-5.064879250416169,-5.096380791978214,-5.031708316305687,-5.043152876837425,-5.100106883116763,-5.057269915554031,-5.053585695070909,-5.057536684041654,-5.063221354302185,-5.058303864920058
2012-09-25,-4.912452997878461,-4.814660285946231,-4.8875320526543335,-4.80653646736978,-4.915057160743087,-4.83108797264185,-4.979815709826068,-4.794051552008409,-4.811604921002171,-4.8780360111339,-4.835601708863188,-4.827578956270964,-4.83571211974907,-4.842920640294669,-4.837117537061329
2012-09-26,-4.870218812985009,-4.81289384336574,-4.7074453012063175,-4.806102255431454,-4.9892118399791086,-4.833834854151913,-4.7825299643865495,-4.797937942377454,-4.804724007035265,-4.884356337701029,-4.809314831102359,-4.812556065406178,-4.809433669957311,-4.815634267093824,-4.81035388430051
2012-09-27,-4.859265776765531,-4.854578763585775,-4.9047085096995815,-4.849069783946895,-4.947305167203085,-4.864995957012999,-4.978811997990514,-4.836681605124797,-4.870313817170618,-4.895180793494888,-4.870939367500821,-4.864610164760436,-4.871028898675331,-4.877448293672726,-4.872079249264397
2012-09-28,-4.8755762440697845,-4.679727282718695,-4.8008760471258345,-4.676977269996559,-4.821707622185923,-4.685645389497816,-4.898066841414771,-4.67220974503672,-4.718281810043271,-4.709877631361849,-4.70799864863254,-4.697210612801752,-4.707680095331928,-4.714431047177595,-4.7090360148381345
2012-10-01,-4.888051143359231,-4.567698706151843,-4.555718321194313,-4.565668129691564,-4.767206161046466,-4.578805346686465,-4.639635495114312,-4.559397525135379,-4.6054663171880295,-4.629408105247938,-4.576063764039038,-4.5719714861253316,-4.576013977205932,-4.583405056478227,-4.576940778554886
2012-10-02,-4.924313148444963,-4.526917587699847,-4.777322140268,-4.524852362120182,-4.621484825942744,-4.5349505749673495,-4.894943809359294,-4.5165777922562915,-4.539077828344815,-4.559795423079675,-4.575066766790862,-4.564067159301095,-4.574926809041177,-4.585038919963307,-4.576450935915101
2012-10-03,-4.924821729229437,-4.62353155875509,-4.745458513879459,-4.622025755692361,-4.773446243713642,-4.635651355942069,-4.847824885341905,-4.613698007451762,-4.640787472672093,-4.666785287678175,-4.654521528726961,-4.645282192934345,-4.654804475093828,-4.662604765131133,-4.655680743319691
2012-10-04,-4.864831673474456,-4.612683298945182,-4.741339859667895,-4.611456431664214,-4.69124096070937,-4.6236162193924475,-4.837179398153263,-4.600631969041383,-4.569135717042187,-4.64567221369526,-4.644484395135494,-4.632218511023385,-4.644851661353458,-4.652334443161837,-4.645824909875667
2012-10-05,-4.8106421649654445,-4.645163574168419,-4.731614750115231,-4.644400144375839,-4.780453224517859,-4.661024580077314,-4.837770386271854,-4.631744559461156,-4.616880122899629,-4.729820450620279,-4.670756621943511,-4.662273111852536,-4.6708074700977225,-4.681256762915036,-4.672576054875912
2012-10-08,-4.7285804618641265,-4.878862992149093,-4.870321812128766,-4.878782802731173,-4.962136583727127,-4.893121045712825,-4.914182500786069,-4.870598612811293,-4.84321692901341,-4.956480422047918,-4.883697997580727,-4.881035791521079,-4.884386435966602,-4.892513614113363,-4.884843655526546
2012-10-09,-4.7437016582753975,-4.710606685415896,-4.84353562721548,-4.710883861727885,-4.885746190915832,-4.7255331190676255,-4.93387927793583,-4.702665700632002,-4.681487430845247,-4.796766204349393,-4.742967094843944,-4.72916489841997,-4.743420028863844,-4.754092628296732,-4.744680256186735
2012-10-10,-4.713831691215545,-4.694147547753477,-4.782111235948921,-4.6944377863965725,-4.812930284179344,-4.700831151494053,-4.820769932323116,-4.693206725758093,-4.69665378303186,-4.746536971246575,-4.713189267714547,-4.704205156050708,-4.713459670713348,-4.721940267634236,-4.714134123373392
2012-10-11,-4.670729844356976,-4.815650998632742,-4.775197645169648,-4.815935856413143,-4.951804015242327,-4.826731097940712,-4.826254684769365,-4.814078885243337,-4.78512909447563,-4.87730393298853,-4.816419975543078,-4.816312877593746,-4.816982660650825,-4.824261449994323,-4.8173039723613575
2012-10-12,-4.6107183091146,-4.746790944075988,-4.786849973457404,-4.747522088239785,-4.835308469228247,-4.75524463547302,-4.845447160195852,-4.741561999475018,-4.737960108009269,-4.801749408201616,-4.759036708606319,-4.753631164952941,-4.758987215777592,-4.766580855143287,-4.760317824438903
2012-10-15,-4.5390686816853725,-4.715617408892161,-4.797541864044684,-4.716620052414661,-4.793907974185232,-4.722348805842065,-4.855848880861225,-4.711962989540067,-4.691298155596512,-4.792022731730676,-4.735133952453785,-4.731017130882476,-4.735603131077808,-4.742803123019958,-4.73663106751411
2012-10-16,-4.526483593182744,-4.929353436228945,-4.820372838391685,-4.9302861337666855,-5.010054735940742,-4.933259528651926,-4.855868785502658,-4.922495284976406,-4.961238008391277,-4.957147752611082,-4.918129544950373,-4.926007555875607,-4.918634478134042,-4.92184187215854,-4.9188941580174905
2012-10-17,-4.498911404365859,-4.97124353276416,-4.760854155613774,-4.971950300550109,-5.083601686196512,-4.9802105579466245,-4.765238948761718,-4.96188409583604,-4.941101731313763,-5.057155221222198,-4.945925651329765,-4.962944605163472,-4.946597955103816,-4.946552219173438,-4.9466857108132976
2012-10-18,-4.51517555774051,-4.768716040115146,-4.76013418771003,-4.769262069501371,-4.954111194547746,-4.773560540430255,-4.8286845699164544,-4.75729112250802,-4.785874890877374,-4.8359600541758,-4.7795146187298085,-4.774707822648292,-4.779813363996562,-4.778546026533666,-4.78068872684886
2012-10-19,-4.52974479583497,-4.683558735978667,-4.699809384163748,-4.684217107547348,-4.858731849733883,-4.685812926252557,-4.779250302924172,-4.6781055677535655,-4.6892197246153255,-4.734700165811036,-4.694545085742454,-4.688670914020998,-4.69516298789658,-4.695217968966908,-4.695541768170197
2012-10-22,-4.5578115954201674,-4.590496580313655,-4.715511810856213,-4.591170931665013,-4.767828313193774,-4.59205201597007,-4.814521651298415,-4.585331863121469,-4.613033034257,-4.646384464581976,-4.618674641762842,-4.610875534092866,-4.619171748873842,-4.619803836609047,-4.62007821097816
2012-10-23,-4.548743071541102,-4.58278336659258,-4.5921981082527115,-4.583665242988679,-4.743961401374285,-4.58269087668838,-4.647034998965422,-4.577727813869134,-4.579409383858606,-4.672864729236309,-4.591453851186197,-4.58822575567614,-4.591297239429032,-4.5914541866185585,-4.5927091830715945
2012-10-24,-4.505919012249359,-4.616146666519983,-4.548054448365229,-4.616525523417286,-4.815763055258501,-4.615025895179522,-4.562086548239907,-4.617615560977611,-4.647988560905688,-4.668959457400906,-4.610066511205675,-4.6174354526015495,-4.611180399618449,-4.612575068804864,-4.610236156728842
2012-10-25,-4.506213000028698,-4.495146871499689,-4.438626690973908,-4.49636482025311,-4.669109690872737,-4.493206768884352,-4.487858734382247,-4.494976542166579,-4.501919060474334,-4.546538926131592,-4.493934711415757,-4.498096588413316,-4.494405662223654,-4.496336722875706,-4.4943682246535355
2012-10-26,-4.532635810359646,-4.383698008855371,-4.459253425836497,-4.384751963470815,-4.552138310060519,-4.381120453097976,-4.515118591120911,-4.382296166071425,-4.383975740329757,-4.439012778111534,-4.403851546227451,-4.398559806491338,-4.4048587727431325,-4.4058474884196475,-4.404704164696078
2012-10-31,-4.529466987100993,-4.536473217715108,-4.399437975889172,-4.53605402607404,-4.699311615029687,-4.533635734077142,-4.403142562697028,-4.542997566671337,-4.529178088473075,-4.56095634224566,-4.51904748901357,-4.529753286923876,-4.519199628155903,-4.52135789663568,-4.518651336437823
2012-11-01,-4.512291573259335,-4.602637361359167,-4.432954121165559,-4.602271348563926,-4.817821244300454,-4.599763605239813,-4.469341826158668,-4.60563969151292,-4.65741295826498,-4.638960618103711,-4.581471207226955,-4.5965615198645455,-4.582031615944518,-4.585454705420651,-4.581448918932627
2012-11-02,-4.490291811062957,-4.516784325798487,-4.534391912171163,-4.519161123358458,-4.674683785153928,-4.513973188908446,-4.5961940940614046,-4.511828171355256,-4.5525194910440385,-4.542972466225213,-4.527991227907238,-4.523680898234716,-4.5284528935366986,-4.5319354398087395,-4.528815922822254
2012-11-05,-4.481948806558799,-4.670976080544464,-4.656358616925647,-4.672733814318806,-4.799520976675825,-4.666420190598578,-4.6898553654790005,-4.6679245765467,-4.674370948709639,-4.69723221901071,-4.676915281712347,-4.673642741953759,-4.676964679364416,-4.67935932116263,-4.677286213846369
2012-11-06,-4.489879163345536,-4.655753474506281,-4.680134292868766,-4.655689302422209,-4.867054290034714,-4.651779184896516,-4.746190245608082,-4.65921757513964,-4.702512206075452,-4.701205232487856,-4.668677318075616,-4.664492558192055,-4.668966133097264,-4.671332861828771,-4.669308497284891
2012-11-07,-4.548391351959331,-4.376699989366918,-4.341783202350926,-4.37711130203949,-4.522619534002979,-4.375371430702744,-4.41608454714163,-4.377399031545735,-4.439410427263409,-4.387305373014294,-4.379884791579719,-4.37870949304066,-4.380293451926375,-4.378694835225178,-4.380167807802193
2012-11-08,-4.602087378453475,-4.308396665426336,-4.447819608091566,-4.311194977628656,-4.378073882639535,-4.302750493888909,-4.511787285854343,-4.304373310566717,-4.294005796947811,-4.336886855360555,-4.3361769496942415,-4.325295715488278,-4.3359250700671055,-4.339163048660285,-4.3373562468299545
2012-11-09,-4.662260761165403,-4.20751494726497,-4.257333302465991,-4.2114232633263375,-4.287761774038302,-4.199253117196829,-4.323987988400113,-4.2020639151625865,-4.1771822346632455,-4.233403441489433,-4.22437535504773,-4.215623436821982,-4.2245328963532565,-4.230295189783998,-4.225578168805506
2012-11-12,-4.64190501380921,-4.500044585741094,-4.621219331259884,-4.502298775444213,-4.640641888899971,-4.488313133651404,-4.703319328073465,-4.498454516080344,-4.490812963383422,-4.560101101407763,-4.52930264259838,-4.518144826884339,-4.529259627156998,-4.53893131751205,-4.530696637779564
2012-11-13,-4.6835460079512705,-4.238899912701616,-4.379492759241406,-4.242188706519104,-4.332118443974911,-4.228983346824685,-4.449667484996776,-4.231791969642709,-4.177052986540371,-4.267995516589287,-4.2699880350574615,-4.260057442512192,-4.27050603259234,-4.279860208936022,-4.271053792703239
2012-11-14,-4.728235319341522,-4.247205389889467,-4.346098359091035,-4.25027645132405,-4.353713336908236,-4.239745673387196,-4.420796449507239,-4.24200800701844,-4.208399397597479,-4.269880253827903,-4.2726372235133745,-4.259793247163828,-4.2724864651129595,-4.281507524122365,-4.273530099932414
2012-11-15,-4.797101343354367,-4.142277006402676,-4.242921735537504,-4.144709318587233,-4.230035181514876,-4.1345567069113685,-4.316754121081873,-4.140728718966063,-4.110283010814534,-4.163951444553213,-4.166515290641052,-4.153692757539856,-4.166574671254676,-4.174465894559331,-4.167599472353052
2012-11-16,-4.900373732636491,-4.0683186620483465,-4.250251177143614,-4.069804367034943,-4.197276320863978,-4.062044010733641,-4.335080163604061,-4.068853242479453,-4.09178981108376,-4.093960966550365,-4.105724815186798,-4.094310972088277,-4.105641511525479,-4.114053234911976,-4.106804194647614
2012-11-19,-4.895388057419843,-4.336959712685695,-4.411483961593363,-4.337054387534217,-4.44977641309287,-4.331056391412106,-4.420671661064932,-4.337816769397895,-4.381367569453768,-4.363674707845493,-4.352683089959004,-4.347061223514858,-4.3533930040792645,-4.358256792251629,-4.353067478163083
2012-11-20,-4.891433448600967,-4.245522747970033,-4.3846048064872365,-4.247439040286824,-4.359086434595593,-4.239062257677803,-4.46695382944028,-4.243959120194515,-4.252855554492926,-4.266729823225647,-4.278486018806325,-4.268212196454405,-4.278371988486065,-4.285921826329371,-4.279507771213358
2012-11-21,-4.897101378469313,-4.529733487671398,-4.611968350399799,-4.530665093156751,-4.628872873235017,-4.522560792676852,-4.664564280311825,-4.528464220081211,-4.501657739675536,-4.532274949076805,-4.551382024603848,-4.5433691027656185,-4.551385727367321,-4.557898777022366,-4.552165240449155
2012-11-23,-4.890417819017316,-4.508529249693769,-4.476370802212338,-4.504115421195203,-4.663349950608569,-4.50533991145578,-4.469918021246448,-4.5126942558079985,-4.589651356708444,-4.538075194270515,-4.504697979482044,-4.5120075484309865,-4.505375735046963,-4.509002085428765,-4.504721000080121
2012-11-26,-4.814216073177652,-4.723658002364178,-4.7036962700537766,-4.722126832034705,-4.79313206518401,-4.7174826399805925,-4.711762909188533,-4.724329151052184,-4.7194461063034865,-4.714488310413996,-4.724833727664844,-4.726255325506756,-4.724727477101103,-4.7298639970013125,-4.7248647523731675
2012-11-27,-4.799672965348943,-4.4883117404434865,-4.644214159694301,-4.489942560399962,-4.564865907472503,-4.484210107089532,-4.699896694111156,-4.4866065574799805,-4.485341547484986,-4.484403056945414,-4.519459107304427,-4.5087652402034335,-4.519376762491761,-4.525284539511924,-4.520035884322537
2012-11-28,-4.748381374320974,-4.327917870728538,-4.505135289843098,-4.331729388914613,-4.46524723256028,-4.317893713601048,-4.592322187494289,-4.324929276025285,-4.334164168001525,-4.360070529983989,-4.3652298068135735,-4.352446415739444,-4.365095028929913,-4.372648540450134,-4.3665320527213
2012-11-29,-4.76120791253938,-4.385221253222407,-4.510233714417483,-4.38538890417814,-4.54394464090075,-4.375797969589244,-4.581446438468355,-4.385424851097944,-4.4030739811566,-4.40128184150175,-4.412532137244842,-4.402759125417475,-4.412613156252944,-4.41950029651054,-4.413264982737388
2012-11-30,-4.773280320610586,-4.438027357491872,-4.708103131585566,-4.437941374884162,-4.5126385827865505,-4.4314868332259305,-4.775908176753731,-4.439155962733662,-4.4346975658094,-4.449105070933798,-4.48655613634151,-4.47309022008738,-4.486735946218478,-4.4977423616058205,-4.487711824586382
2012-12-03,-4.799561559798867,-4.395021382841302,-4.558553400867976,-4.39232762235962,-4.516668899746592,-4.39270431626528,-4.629564855286276,-4.39700928447845,-4.42117106151726,-4.3800686247659355,-4.426489097904012,-4.420239769100322,-4.426639534312599,-4.435830787614627,-4.42716462218445
2012-12-04,-4.841116460414148,-4.3488304722638285,-4.545174543413775,-4.350135351942074,-4.5558395420374165,-4.336551896756947,-4.654183644693382,-4.348961730426504,-4.353850715922319,-4.3859968833805665,-4.391499754710948,-4.377284538231306,-4.39138188549555,-4.401662073800264,-4.392766372258996
2012-12-05,-4.898454600294475,-4.29286891763553,-4.557532760908179,-4.292363770540838,-4.438172891631072,-4.282725486812946,-4.647808504753745,-4.294745031768519,-4.312141625599498,-4.321921626229245,-4.343967078366556,-4.332372355124895,-4.344028558739479,-4.356813179456205,-4.345061102735522
2012-12-06,-4.924323007350519,-4.452042885327255,-4.686130474411996,-4.451905768350443,-4.569106638087452,-4.435137430487088,-4.773432673878767,-4.453038468147348,-4.388615548247539,-4.49715806843927,-4.499306571332812,-4.490165698160633,-4.499469799791844,-4.512419146616635,-4.500663848464764
2012-12-07,-4.924324177726947,-4.5356328188264845,-4.722808673251545,-4.5329342681435625,-4.724705940748502,-4.525920822099107,-4.808625348919057,-4.536631493541097,-4.5667967532288305,-4.5734058427858235,-4.574830826554061,-4.558288941769042,-4.5749098089236835,-4.590938752473536,-4.576072561996042
2012-12-10,-4.926772704492407,-4.698563646872732,-4.775104116349291,-4.698808411403208,-4.851265366550984,-4.6805952034565035,-4.818112468089253,-4.699011720798305,-4.672926361466086,-4.751772726942558,-4.719187829166918,-4.709579224508527,-4.719398993021769,-4.729692911119901,-4.720379428823948
2012-12-11,-4.931365152646469,-4.716515198436839,-4.8139528155857185,-4.716536431402325,-4.792845667703528,-4.70364413863472,-4.866211858991826,-4.716600591431576,-4.679060137612896,-4.74638289889101,-4.739673172744082,-4.726596998382911,-4.739559440724032,-4.751349350875577,-4.740730407066596
2012-12-12,-4.948260338243613,-4.759551801596601,-4.7878154412786955,-4.75918177978301,-4.8043254658586845,-4.74670771879972,-4.821258147280768,-4.7595275509860135,-4.720524378686703,-4.773161365752667,-4.770068035530829,-4.766580116263437,-4.77070795887909,-4.77706551266577,-4.770653311050335
2012-12-13,-4.997640102592846,-4.626221422805617,-4.803717244834971,-4.627949116067894,-4.772206706968116,-4.618269677264691,-4.855901408414907,-4.62618963334642,-4.672659762053344,-4.649867963569751,-4.661755817097508,-4.647404334281106,-4.661487948380133,-4.67655814684441,-4.662919242163404
2012-12-14,-5.0176646164186005,-4.769368043802639,-4.855262582603865,-4.770279397296093,-4.975845756878517,-4.761805771597016,-4.886972849431744,-4.769422231197524,-4.861479933478036,-4.812836577011072,-4.788090472442959,-4.779062181161785,-4.788021458894365,-4.799202096567675,-4.789075050230247
2012-12-17,-5.0320181321839526,-4.772575061271272,-4.79530549131658,-4.774757509724351,-4.874077077257077,-4.761384178295806,-4.80419615553492,-4.772482179874105,-4.80008013667283,-4.804241290568773,-4.779956243265095,-4.777344587587999,-4.780024878615091,-4.787756184736428,-4.780405459502624
2012-12-18,-5.05515932240647,-4.6917432920713,-4.781641912044056,-4.694260786375186,-4.8346424039145,-4.683135978376162,-4.856096041243976,-4.691808180701965,-4.734224193145268,-4.712012526525342,-4.71318360591726,-4.69810341177484,-4.713138258956535,-4.725890203197109,-4.714396335182632
2012-12-19,-5.081884056726824,-4.761410908611075,-4.782969483449521,-4.766655914006887,-4.972737396871576,-4.74682947202054,-4.860905471279876,-4.761387599882378,-4.807717311144877,-4.8070439419230455,-4.773588735285727,-4.762842442343471,-4.773121230521606,-4.7909897175411755,-4.774993502642258
2012-12-20,-5.100480913300652,-4.723008043869503,-4.819347166885855,-4.723581149990197,-4.785498086539355,-4.710676074682708,-4.877419146135485,-4.723008261985623,-4.7386795927090315,-4.739715052914142,-4.745320067158983,-4.7379220327486005,-4.745251824803768,-4.759910372806841,-4.746219788223978
2012-12-21,-5.14850169553731,-4.569807007615295,-4.7124139694889315,-4.571305860108065,-4.693651591019816,-4.5652198885441475,-4.7811382983075745,-4.569807841916908,-4.609015806466614,-4.575820374100353,-4.598782301430371,-4.586000774243308,-4.598748669669735,-4.612958826709429,-4.600098221809374
2012-12-24,-5.146006526017719,-4.907250455503272,-5.020037128821922,-4.908436451834563,-4.975162181028698,-4.902169642909251,-5.100067913066349,-4.907166048221806,-4.917653199694297,-4.901732344046917,-4.934348548469572,-4.918010634266135,-4.935528130816647,-4.947789054846543,-4.935166485012914
2012-12-26,-5.1728910883825625,-4.687870696166617,-4.924595393797332,-4.6839623605157295,-4.761608104959584,-4.68139380559617,-5.021128110425073,-4.687813933709023,-4.718263429966154,-4.677822336731525,-4.73617033809992,-4.713574137930797,-4.7358324868047195,-4.7529541173544,-4.737454714447652
2012-12-27,-5.292135439296838,-4.35746911517607,-4.609123348304102,-4.358858785220011,-4.451538681081479,-4.355581879522303,-4.712834882839472,-4.357489296126016,-4.393626154469005,-4.3555461475129285,-4.407548151884275,-4.388799180525494,-4.4072408942356045,-4.424064332156121,-4.4091230098975185
2012-12-28,-5.361484441901578,-4.369478109266077,-4.792128328207674,-4.366695533160666,-4.426511934802789,-4.367583510341235,-4.894694156489305,-4.369341832210098,-4.403550656695663,-4.363463891714834,-4.446258492342722,-4.4246934809396095,-4.4458512983870175,-4.463031061552836,-4.4482734662584065
2012-12-31,-5.612305792102051,-4.127889522169047,-4.44514377620874,-4.126193579754728,-4.250651897340276,-4.129771025940303,-4.556828222256476,-4.127790519973888,-4.192256687456262,-4.122605861470558,-4.188619193123716,-4.171952374837897,-4.1880271694117885,-4.2042584487001955,-4.190431174202806
2013-01-02,-5.659570044053285,-4.365778583743883,-4.456569990473162,-4.359225467828626,-4.547296989821571,-4.360592960326811,-4.527358385691545,-4.3657755620162515,-4.417391051370729,-4.36825003064455,-4.387206285362089,-4.376890886050912,-4.38731785534749,-4.392486321071636,-4.388175910536972
2013-01-03,-5.688329280134391,-4.454644364099198,-4.520645888205308,-4.45324676914904,-4.6104474884673055,-4.4468297935713785,-4.6017166561525755,-4.4547195348886115,-4.489522868879127,-4.4653617417020826,-4.474744117388739,-4.462415791858772,-4.474484557472577,-4.481467940933761,-4.476135834153658
2013-01-04,-5.683804711054036,-4.63358441618689,-4.6591789783002815,-4.639630951051226,-4.827352454136065,-4.6187437970646,-4.721491739172383,-4.633335300728949,-4.617333925248019,-4.665067271145995,-4.648330228740726,-4.638792050786657,-4.648429836260175,-4.653711668906496,-4.649735589655977
2013-01-07,-5.615968855324799,-4.759065094152717,-4.7632877454278075,-4.763483007902093,-4.91788908336915,-4.744638663776196,-4.821842519088442,-4.759110790488571,-4.7600031512141925,-4.787881167695058,-4.770511331055907,-4.762184854769604,-4.770524326980555,-4.776074067370478,-4.771970211667689
2013-01-08,-5.629915950966967,-4.895086696384828,-4.907135671475017,-4.895982300094263,-5.100371146772921,-4.880444302488277,-4.973890636229691,-4.895079834008396,-4.935217174125579,-4.912416416498711,-4.907322311459721,-4.8989291235793715,-4.907569116300807,-4.913871827924696,-4.908905160824046
2013-01-09,-5.648270091292364,-5.047240318129587,-4.9748052801803615,-5.054754368396012,-5.2727418763117475,-5.033188053968615,-5.0704275575275535,-5.047675028341258,-5.135566836342493,-5.056686470156973,-5.0500883282628966,-5.048748876130928,-5.050095041203335,-5.055006287841886,-5.05156470583475
2013-01-10,-5.692999185981466,-4.924831136208957,-5.018043130412474,-4.930056909608363,-5.026929248336052,-4.905909434412957,-5.071665680892914,-4.925712698751087,-4.915432675096448,-4.930983203261162,-4.950807645870324,-4.93416828462343,-4.950978402432253,-4.9576265886277655,-4.952418104268436
2013-01-11,-5.672896047019293,-5.081647959084755,-5.042106752236152,-5.088249901361473,-5.176844196055556,-5.065800160428043,-5.088732190610322,-5.08306998475619,-5.125541445279367,-5.0795389313203065,-5.084314872410254,-5.081425838596311,-5.08459279568313,-5.08843492481396,-5.085221084483042
2013-01-14,-5.691219721065136,-5.039616623755051,-5.045305374229396,-5.040361389863238,-5.236418989231257,-5.02525068704219,-5.120695891303268,-5.0397520547934,-5.153232989098663,-5.029173688913239,-5.052401168314066,-5.045286193344776,-5.052211383689374,-5.058520655450154,-5.053714260397525
2013-01-15,-5.687022068904522,-5.103266748140732,-5.035981771640611,-5.11053886950361,-5.256269858003879,-5.089111865681517,-5.093212537318132,-5.104577373246675,-5.167044667630489,-5.078390261862668,-5.102738079891292,-5.10190636418991,-5.1028933895242,-5.108131782801077,-5.104123655665901
2013-01-16,-5.66441723936781,-5.286383202680087,-5.066107089269957,-5.28937435366983,-5.417874402929305,-5.271462955384572,-5.088976722934334,-5.287847079553776,-5.387172607798279,-5.262233662119182,-5.2576355364136065,-5.272643469888607,-5.258543600796888,-5.260618306690223,-5.2581465225949815
2013-01-17,-5.616269503147603,-5.306731042778944,-5.0920040855315065,-5.317669290308357,-5.3987628932703755,-5.294874249837914,-5.11663731420483,-5.3100470463360425,-5.408942067416353,-5.282050638242779,-5.277463108654222,-5.290946841926118,-5.2778305222462345,-5.281961672979083,-5.27781477770794
2013-01-18,-5.571843889449482,-5.2570545842912155,-5.112132599246481,-5.269034094128441,-5.3317853011004654,-5.246431702660474,-5.135710209209491,-5.261672374841675,-5.3610107710163595,-5.23700823772667,-5.236974484149103,-5.2500763330768585,-5.2374654450044895,-5.239622312023515,-5.237293598283372
2013-01-22,-5.564717032033521,-5.222424902429469,-5.098814227406192,-5.228058851629591,-5.400253444762818,-5.213297839897277,-5.175248231980129,-5.224902897002089,-5.321700841198954,-5.202314637488322,-5.213219261694583,-5.218681439736013,-5.213404182661491,-5.219712978606829,-5.2143028912598375
2013-01-23,-5.3859807832467155,-5.42137895630774,-5.041529710605902,-5.4171295792458105,-5.667549989737158,-5.413975910396489,-5.049037592828654,-5.417336825384493,-5.552809608387253,-5.413364810082236,-5.364657081679275,-5.388747869204051,-5.365833094117034,-5.368317533431501,-5.364447319951659
2013-01-24,-5.3202616416902195,-5.113008167036289,-4.895097786580876,-5.105185404666746,-5.337089193872937,-5.104939543072406,-4.895352378488428,-5.106512346988385,-5.200273061275912,-5.084913810005819,-5.080852231456301,-5.096163787590346,-5.081325319799447,-5.08365850857977,-5.08069933823195
2013-01-25,-5.299234843211907,-5.073487141790897,-5.011332898196446,-5.066756570958091,-5.237215688108806,-5.0667786133029695,-5.018911591442917,-5.068723440181061,-5.144622487309315,-5.059911717216895,-5.0677208256448925,-5.074926536541874,-5.068947663170794,-5.073567657170799,-5.06807286210756
2013-01-28,-5.257200123493556,-5.171569132932642,-5.0140403369309094,-5.173456612098228,-5.353887694553155,-5.162744657913675,-5.007205398608068,-5.168784965678527,-5.292809432653363,-5.154652265052828,-5.149645859215341,-5.161671507966984,-5.149826583102719,-5.154103670593135,-5.150027906437791
2013-01-29,-5.178080679345221,-5.131607900607841,-5.0752037795933935,-5.129953875530825,-5.34351736895643,-5.113767049614905,-5.085366882733444,-5.12970854180661,-5.277874552687578,-5.097998124735554,-5.1273521744260195,-5.133511608356287,-5.1276631448174435,-5.134180150689513,-5.12795952621982
2013-01-30,-5.1676523314785,-5.105725208701541,-4.994068635054042,-5.104735359943022,-5.3351898927082395,-5.092073710887831,-5.029275969536289,-5.10211523609413,-5.257254493406334,-5.073755414234443,-5.094544229405638,-5.102535848952034,-5.0950411594196865,-5.098612245636759,-5.095539189695395
2013-01-31,-5.182369010450161,-4.982380393752053,-4.886264681749924,-4.996950298848477,-5.166306255167523,-4.970500576167852,-4.900610176681361,-4.982984729200047,-5.120741866163161,-4.961638714967288,-4.972833556813445,-4.981998627155951,-4.9735996339763835,-4.9751975591280315,-4.97338587440337
2013-02-01,-5.179910669596892,-5.190306480755768,-4.938962111206232,-5.195567753350951,-5.3082689132619105,-5.1781052813854025,-4.927723894877475,-5.190528473332212,-5.236979538467259,-5.169044654064571,-5.153451184937626,-5.167748660280237,-5.153913013514493,-5.153606394100881,-5.1526487555409215
2013-02-04,-5.191042932440172,-5.138230857617768,-4.96104353288855,-5.1444616831816985,-5.285803603347286,-5.123316480377415,-4.969805718603301,-5.13666611862561,-5.176207949514063,-5.105945088689052,-5.116627607382591,-5.12706391893098,-5.117179948872292,-5.1190312037218435,-5.11659015805166
2013-02-05,-5.193770973926603,-5.196455114771233,-5.000461085641634,-5.201182102504107,-5.343076448298561,-5.1914591876951635,-5.021258768525356,-5.194908300664104,-5.189904799792596,-5.1864300349695265,-5.174351319873284,-5.186500064363429,-5.176348770327325,-5.175068085606641,-5.173867876252937
2013-02-06,-5.209821247967544,-5.153777262941828,-5.010247106171228,-5.163888610192167,-5.26869546379356,-5.139973289092514,-5.002859179785037,-5.15719321129397,-5.218569025254355,-5.116305080017723,-5.135958255735463,-5.149848624013113,-5.137293242501769,-5.138855321840595,-5.135963943357523
2013-02-07,-5.244353606616833,-4.937365455261181,-4.864225762658329,-4.932246562358289,-5.029017827451191,-4.921493327825871,-4.870310560082697,-4.9327319810658885,-4.945417484442883,-4.870990530557785,-4.932350267669494,-4.938417232473102,-4.934294134127729,-4.9391832122292,-4.9326104069294425
2013-02-08,-5.244147321247133,-5.152300473450298,-5.097218277414287,-5.150879145216535,-5.25630341783416,-5.143550906466218,-5.066108905854568,-5.149255588995106,-5.126104766586507,-5.104321938855168,-5.14696984513141,-5.153105933875956,-5.14828868952853,-5.155239108943287,-5.146636846334528
2013-02-11,-5.246481370252359,-5.346431761115811,-5.150321494881796,-5.361226517442419,-5.4070059502857255,-5.324329553349271,-5.133590226466225,-5.349132397481811,-5.304457136989218,-5.2969288793477265,-5.322160218081522,-5.3363791705758885,-5.323150964668975,-5.328240048555515,-5.321863390102029
2013-02-12,-5.2396014804144935,-5.337321689951379,-5.19328277411652,-5.348008491398147,-5.459688582079294,-5.317466123657744,-5.191437871124114,-5.338403552129097,-5.358060063372418,-5.305162205378106,-5.321786337140819,-5.331125209863497,-5.322063118832662,-5.327426617502624,-5.322131232534183
2013-02-13,-5.230844732249108,-5.149152138742246,-5.1814258330359575,-5.156036363126002,-5.246584157394601,-5.126694036370134,-5.215650355451762,-5.149863202760576,-5.163471041873146,-5.117898392821261,-5.165212686749691,-5.155273530536173,-5.165396991185337,-5.172238575533254,-5.165856473345729
2013-02-14,-5.1277967887005,-5.464185684426225,-5.178265717912951,-5.45623815052931,-5.618878607709577,-5.455575274050447,-5.185536180334022,-5.464073925441538,-5.537642040614308,-5.44546426194261,-5.421146849026635,-5.438307105979174,-5.421793256574499,-5.425442571046285,-5.421482311325387
2013-02-15,-5.114931287963459,-5.355822402388689,-5.159533097167041,-5.347990349906389,-5.437721316539021,-5.327320693600536,-5.1533535817066465,-5.355675160930914,-5.346726146391095,-5.3324812900779675,-5.3277022259736615,-5.341984431347184,-5.328499390129486,-5.329964529764699,-5.327504251559411
2013-02-19,-5.089551795292374,-5.309755848053871,-5.153126659654212,-5.307202596721242,-5.411481850792431,-5.295592249588921,-5.159689513702284,-5.309950566763103,-5.311038966497977,-5.3039343320670405,-5.292622865616138,-5.304801017050936,-5.2928501471325,-5.295918963409872,-5.292709800765919
2013-02-20,-5.103889981488163,-5.090601007595613,-4.998631215446341,-5.097895872600531,-5.221564380935451,-5.070067834658022,-5.029969273779482,-5.0904287820793535,-5.110913145344611,-5.082101506552202,-5.084999055061735,-5.0902420863136415,-5.085657416893593,-5.089062551131836,-5.085932700249716
2013-02-21,-5.063697636401675,-5.029862399846531,-4.803081748484992,-5.035199948982602,-5.186691416746416,-5.0094540436934265,-4.806317261779782,-5.030888730841649,-5.113293012274558,-5.021268062912783,-5.000536096633364,-5.01382116751396,-5.000821722544632,-5.003804015855053,-5.00094619104979
2013-02-22,-5.060606458597957,-5.11547385559785,-4.993554600066827,-5.1169211584405065,-5.275477844117998,-5.089485673576845,-4.990433693655694,-5.116492228270016,-5.192534960993083,-5.109950970906268,-5.100887290404712,-5.1127247052839255,-5.10110225389237,-5.10541298956602,-5.101341112537786
2013-02-25,-5.160917947820022,-4.5495736274914576,-4.71564945619897,-4.551854163353293,-4.661847350179376,-4.5440210148339,-4.790820808798405,-4.549948568186858,-4.6136048196600195,-4.549255337855824,-4.584920493747771,-4.572222543967102,-4.585133898234846,-4.589838517632604,-4.586527668772949
2013-02-26,-5.231694063451927,-4.577484899123595,-4.495462092948141,-4.583948244262849,-4.800377307775741,-4.559454487849281,-4.564663656882451,-4.576770013338462,-4.671957831588697,-4.579437057979117,-4.575941614864398,-4.579038895566104,-4.576578508082461,-4.580060247231634,-4.577240312596709
2013-02-27,-5.247115654908901,-4.686566990123734,-4.6661212330932695,-4.68968701219682,-4.77055800851537,-4.65884378191881,-4.711332441553507,-4.686284005334058,-4.650738680677326,-4.689688812708644,-4.690832113851298,-4.689921497424212,-4.691331156185577,-4.694209345046525,-4.691210888753043
2013-02-28,-5.276236460336765,-4.646854521990156,-4.762793209381826,-4.65275550734237,-4.747579407300613,-4.6167039749203855,-4.844874341391861,-4.639591115637965,-4.624011891946819,-4.650452243836452,-4.6783217441771505,-4.665535955553626,-4.678391807283756,-4.682908649708515,-4.679390263708258
2013-03-01,-5.322384871242742,-4.450486133801986,-4.545469639720997,-4.459323084214414,-4.584970299476933,-4.425604126355122,-4.631087814732994,-4.445069973346442,-4.4814569091148355,-4.452553144377412,-4.477673402165014,-4.4703972725530505,-4.477560929974973,-4.482415860092791,-4.478940088429204
2013-03-04,-5.304402813589202,-4.756726091855872,-4.7339532957909585,-4.762009404114075,-4.875210188969807,-4.717874356463627,-4.7523461860194764,-4.75177268462269,-4.688226144935231,-4.762648141219518,-4.760054915959857,-4.757644491039967,-4.760993906957785,-4.764419508382234,-4.7609946858974235
2013-03-05,-5.289261322855975,-4.859297155677236,-4.779408428798911,-4.864202998273504,-5.017564051958206,-4.817854523817229,-4.808555701057778,-4.857320145216637,-4.853516080154378,-4.863770222223665,-4.854174615846146,-4.86027768585557,-4.854092428957344,-4.857222110801216,-4.854643415172723
2013-03-06,-5.2894006194883385,-4.921698525807801,-4.848881742855646,-4.924954361216369,-5.042160996743164,-4.895744732085209,-4.865327183041941,-4.921283929764132,-4.915160842791754,-4.922255083576564,-4.915473008036749,-4.917038186099578,-4.916718185940368,-4.917780177429104,-4.915892233056488
2013-03-07,-5.270713621675107,-5.05123220621875,-4.951612505820784,-5.053400026124942,-5.173358328223915,-5.020704476035434,-4.9586489217959056,-5.050508679009411,-5.085514706009514,-5.046955039017649,-5.039115196089604,-5.048410843397493,-5.039923312122133,-5.042630815344883,-5.039879110966926
2013-03-08,-5.262212871426327,-5.18081560608364,-4.997030030545712,-5.187600061875754,-5.272938152446321,-5.15377498469746,-4.998760482838388,-5.177590147827621,-5.16262049663413,-5.177197656897469,-5.156838704600888,-5.166740539049139,-5.157289397722179,-5.15773573725386,-5.156638626081454
2013-03-11,-5.235506584752058,-5.34350535577625,-5.168671093582168,-5.347107447496057,-5.505451398049484,-5.325249039010813,-5.168379722717042,-5.345515345463953,-5.453845520269153,-5.33392199220852,-5.318537024022591,-5.331667142870913,-5.31887020110145,-5.322121837626608,-5.3191629134071565
2013-03-12,-5.228929617009788,-5.180427233133306,-5.200750026997916,-5.18066668223578,-5.3330915864628246,-5.16032372828618,-5.230069365175462,-5.1826416576742185,-5.284629414997601,-5.169888203770769,-5.188530771227386,-5.182602398063112,-5.188627050842479,-5.193374450948235,-5.189891125069159
2013-03-13,-5.085153678705387,-5.239630177613606,-5.223910343558985,-5.240101313280026,-5.428509709323469,-5.219174173094251,-5.252440866096628,-5.241320535279259,-5.340783261715332,-5.229062732286793,-5.244509151443315,-5.240421924406464,-5.245077171696419,-5.250060179653931,-5.245722095104163
2013-03-14,-5.043375696470894,-5.4627542961768105,-5.214817457298531,-5.462400657142443,-5.602411114475676,-5.446338498374379,-5.176340425155936,-5.464176379958412,-5.5248098013074065,-5.452195059131892,-5.423350459760261,-5.433504974261153,-5.423401206504488,-5.424167396685192,-5.4231131688539
2013-03-15,-4.9578591502912985,-5.3046103964772415,-5.142247331503894,-5.304409584881312,-5.436467030336456,-5.292322644972845,-5.152722046013088,-5.305039492887615,-5.374563152503237,-5.295238484218603,-5.2817947871618225,-5.292425072846764,-5.281742632400842,-5.282616477427024,-5.2819153107740995
2013-03-18,-4.899744733123888,-5.070338330162406,-5.071780328883011,-5.075815766034963,-5.2215483090438815,-5.060555318126392,-5.108933956265093,-5.069647163222701,-5.169467957836108,-5.064207312472574,-5.077493605596897,-5.07284359707027,-5.077727325753097,-5.080103006189988,-5.0783221629685915
2013-03-19,-4.937032159414043,-4.647010340857022,-4.746859658738912,-4.647115305052333,-4.779577200144374,-4.645171868456956,-4.8070888031140555,-4.647364941259825,-4.715681614101237,-4.638874754131199,-4.670361865757838,-4.660257272328005,-4.67032775142521,-4.672953210837442,-4.671629090896444
2013-03-20,-4.914865834573313,-4.874293748793942,-4.89024022288947,-4.869884953379474,-5.050134853339906,-4.867856644261333,-4.938017983071337,-4.874697786918673,-4.9374217454859535,-4.86490658339654,-4.883072918754007,-4.875825303455487,-4.883216218851927,-4.885446694539794,-4.883733667500521
2013-03-21,-4.847319473055542,-4.741123098513309,-4.847700593753608,-4.737919348459849,-4.941985182786979,-4.72314122962025,-4.912090990156355,-4.7410011904795955,-4.847714837694756,-4.723176435182072,-4.766414925413725,-4.754870234376382,-4.76662691315723,-4.77020035041535,-4.767903136700967
2013-03-22,-4.8495736173819015,-4.851137345415969,-4.942799659054858,-4.844991327602559,-4.985961998913999,-4.840920472693873,-4.997893756133281,-4.850258195154538,-4.941184142499129,-4.8448359503914125,-4.87203054601813,-4.8580071135396565,-4.8724574080982,-4.876901009349445,-4.873110560005418
2013-03-25,-4.898157173415603,-4.5380987565617055,-4.761867375161122,-4.5390828916447346,-4.714279620672384,-4.527777847186938,-4.844377548038499,-4.537596384348479,-4.655424702111355,-4.525730455018104,-4.586650541962941,-4.570770265969177,-4.586251648093067,-4.592941322833351,-4.5884340708098
2013-03-26,-4.890389806160282,-4.864565678840757,-5.036676482488517,-4.867110690087038,-4.980909853839131,-4.842351515397017,-5.107289058925273,-4.8638626205761115,-4.894476269846406,-4.843874383589278,-4.90341205758258,-4.886126430764261,-4.9033607454857835,-4.909170726386419,-4.90482052856632
2013-03-27,-4.897912417097874,-4.861390647071201,-5.0459423076256416,-4.8633330969211395,-4.997280532062551,-4.860168336746667,-5.100979673957885,-4.859584002945206,-4.9593149736393185,-4.852695731143697,-4.899893934970157,-4.880911007569979,-4.899803798834416,-4.906814135125194,-4.901502491138027
2013-03-28,-4.8832090766584,-5.046701314678251,-5.030651931402133,-5.039138881441977,-5.168001983936445,-5.045859537791357,-5.060006967109531,-5.041974299475728,-5.104848963511074,-5.040255047482868,-5.047526453402063,-5.045829517514639,-5.047859030174338,-5.051608821793735,-5.04805146844341
2013-04-01,-4.872539420393003,-4.905898422886896,-4.932920776857877,-4.913116851922528,-5.104550110973335,-4.897422006025421,-4.9702842857125145,-4.90444373935957,-5.057357898605036,-4.8964029741206785,-4.916422347725943,-4.911864315849574,-4.9171813164080005,-4.92120881176195,-4.917528549755343
2013-04-02,-4.880040423965939,-5.053544326786529,-4.996631197651598,-5.0556858626628065,-5.211551888808681,-5.051169720705642,-4.990886553696367,-5.054559540839033,-5.1110820266721495,-5.0317600913761815,-5.049292101765336,-5.0534398741638125,-5.049731758549044,-5.053127588522235,-5.049685589157629
2013-04-03,-4.912383284622046,-4.872768826082315,-4.730795833799154,-4.882239190736049,-5.053553108107841,-4.857967010792546,-4.70814768650319,-4.875271366655194,-4.957084324331844,-4.847095973792602,-4.855123913621931,-4.865899865684039,-4.855607795507379,-4.857509623107039,-4.855131984084155
2013-04-04,-4.945355090784105,-4.866758698587888,-4.782072174650601,-4.87455675107544,-5.05523768593952,-4.863036660759999,-4.783898337676373,-4.865604534952161,-5.037330048181494,-4.859029766767669,-4.858598513992695,-4.864149815678919,-4.858604474736284,-4.860799902302978,-4.858858779071492
2013-04-05,-4.9659813818369525,-4.861271316032401,-4.735650482051889,-4.86981817274749,-5.0732244506468795,-4.848300637753449,-4.728289201459826,-4.863850200056691,-5.05736249866317,-4.847739992273893,-4.845395322688846,-4.855443633900249,-4.845734239225707,-4.847992058222028,-4.845579223914617
2013-04-08,-4.975174008815399,-4.983355885015207,-4.857807303487125,-4.982337805680805,-5.212433212361132,-4.974287357962944,-4.857732258642126,-4.980723211465791,-5.181095320561408,-4.9803605760958005,-4.967951347773909,-4.976912855722036,-4.968412113784945,-4.9709868779006765,-4.967941795477199
2013-04-09,-4.959983943649097,-4.911527491677052,-4.843183728317015,-4.902455463800618,-5.085809988617912,-4.903152562952856,-4.81513693880935,-4.903883358642209,-5.066758133135906,-4.913151389766192,-4.900548086747901,-4.90717747520023,-4.9005052814428085,-4.904685887334133,-4.900841955649139
2013-04-10,-4.941623329486699,-5.0033749866071,-4.904351336270579,-5.001387312382416,-5.198664526896632,-4.991677239569907,-4.904205840237421,-4.994908420354811,-5.176503760058823,-4.996622234877026,-4.990923681207459,-4.997624905339245,-4.990953360483685,-4.99696702226582,-4.9916450418228475
2013-04-11,-4.9463915712442,-4.9687596698670795,-4.936004232956766,-4.971960212665926,-5.09940683139428,-4.952752824741667,-4.915712153315016,-4.965640821799092,-5.110731849741631,-4.954078475415776,-4.965276176060619,-4.970355598632774,-4.965451010040127,-4.969972946087987,-4.965654910315528
2013-04-12,-4.952322105615533,-4.988491989781182,-4.865067550704364,-4.985419721943916,-5.202492703214509,-4.971281814601406,-4.835355857094331,-4.979295404286163,-5.2203101536578504,-4.969406988445748,-4.969100168116567,-4.982014540930512,-4.969411242115761,-4.974632334676053,-4.969546149815271
2013-04-15,-5.054017957915355,-4.427254795360856,-4.478896495990387,-4.4231477875076655,-4.604956726228443,-4.427134274237744,-4.506445331810086,-4.420372144329414,-4.587270496935217,-4.429635560432352,-4.439792337350503,-4.431034316313978,-4.439941045209355,-4.445954692257599,-4.440720870125444
2013-04-16,-5.061990006066508,-4.634973061211347,-4.644062806647385,-4.631459587556729,-4.791173870975391,-4.630031172988167,-4.657307736512553,-4.632639100739191,-4.752776680527283,-4.629324045763897,-4.641892067848125,-4.641116750132552,-4.642034176836805,-4.647276345737047,-4.642719199604077
2013-04-17,-5.151237412323731,-4.368155629448461,-4.400867358712579,-4.3522164825640015,-4.545485415788324,-4.377027503398636,-4.410562697603968,-4.349416022622067,-4.518002166641434,-4.389026362939414,-4.37374427360312,-4.371620916699499,-4.374158654316,-4.37873290640935,-4.374207863522697
2013-04-18,-5.230568862006257,-4.3124998806576045,-4.286919242445962,-4.314832441322206,-4.535396982950893,-4.306068939386326,-4.287739818126892,-4.307448899911157,-4.541226413330096,-4.309483001646773,-4.310824932021274,-4.315149391139434,-4.311166682258347,-4.315875915386865,-4.311764918538589
2013-04-19,-5.252249269932472,-4.413142960268846,-4.432840740392513,-4.4052955067207575,-4.614054529669361,-4.418312171014645,-4.419678104165021,-4.396801763375261,-4.62177354073887,-4.424412150185291,-4.416859123555051,-4.4186427931887255,-4.4175526961832965,-4.422258057326032,-4.417548479724932
2013-04-22,-5.128955348841738,-4.490322032201402,-4.535691720285301,-4.490925044898421,-4.731044434187808,-4.480117070840282,-4.552284872059383,-4.480484712502508,-4.7375287350195,-4.477463323582393,-4.503240386179019,-4.499059416546981,-4.5036427661191984,-4.508449832188198,-4.504525749013856
2013-04-23,-5.146163778281438,-4.2528867272995665,-4.0514311032704,-4.239505525211264,-4.446418609460719,-4.26123969506168,-4.025781960021094,-4.230942847061174,-4.440101836626446,-4.262879583497071,-4.2199636811886965,-4.233748374700017,-4.2205307019256555,-4.221474951307219,-4.21952285549398
2013-04-24,-5.116695391068572,-4.673430176633445,-4.569186018441364,-4.660732615681031,-5.0491306761028145,-4.673421354929031,-4.559600458819937,-4.651215816988074,-5.099281016500034,-4.669375065801091,-4.6630300565478535,-4.673333475227363,-4.663991478843349,-4.66847564600276,-4.663987279075752
2013-04-25,-5.083493232368644,-4.757489437502346,-4.541640767717203,-4.736142533379908,-5.046819004175607,-4.763114276444726,-4.50506440258408,-4.728493195166603,-5.044808758134606,-4.769141743154282,-4.720073900137453,-4.746357041710547,-4.720371908928628,-4.724482819740374,-4.7205005625858005
2013-04-26,-5.030733394519994,-4.689562731561068,-4.714069876465383,-4.684537566147006,-4.891270997834989,-4.681707781502075,-4.731853621036751,-4.672810896109015,-4.900586928566783,-4.674544127016809,-4.699680136571234,-4.693173336447323,-4.6999741809380176,-4.7035968654195806,-4.700718112404691
2013-04-29,-5.003411884224041,-4.832296854919932,-4.851880147411655,-4.816068413787008,-5.059786576467446,-4.831196810731145,-4.8582768423636455,-4.803512919854654,-5.047789047202619,-4.8154026407396495,-4.841296081952625,-4.833219425963701,-4.841764649919494,-4.846012965118818,-4.842876927139676
2013-04-30,-4.940539490696051,-4.900424839901591,-4.833038434897474,-4.876997998865089,-5.16030181926144,-4.893541513587293,-4.806851102013532,-4.865146039802091,-5.187054818143552,-4.878397607954579,-4.892388344418238,-4.899325743337733,-4.892562436720612,-4.8971187220945716,-4.893452367013265
2013-05-01,-4.851739638596248,-4.794318253858107,-4.711159328996918,-4.773423240694277,-4.944121290635983,-4.793092062498202,-4.6763891999512746,-4.766904828620676,-4.942164761666624,-4.7874425375097545,-4.780622250813069,-4.790224525770276,-4.780833300547575,-4.783733433087554,-4.780823807661554
2013-05-02,-4.7865434542942,-4.983953881096834,-4.742346320376397,-4.968396282840924,-5.150666392676966,-4.988751003387072,-4.645538506776971,-4.948452681331558,-5.120851077959277,-4.981427396193852,-4.940260936945161,-4.967380180620398,-4.941263673883141,-4.941441320034697,-4.939859473050113
2013-05-03,-4.716870780763466,-5.0772254863665705,-4.812139288800441,-5.070329135177043,-5.3094348424998525,-5.078444508893043,-4.754846267540223,-5.0614611144753905,-5.258305204411857,-5.064528547837374,-5.036035119530328,-5.056046457405551,-5.03664606675276,-5.037900572614083,-5.0353703543635975
2013-05-06,-4.637367544089029,-5.206887776404711,-4.928984087547147,-5.18468137714478,-5.3855763905737835,-5.19654178720993,-4.826816710554811,-5.185592697948766,-5.358379298909538,-5.175074395534681,-5.157094895983089,-5.179099425429298,-5.15812848340595,-5.160053255598158,-5.156733964714835
2013-05-07,-4.602706188656276,-5.1496262481100015,-4.974505700677744,-5.127159877056449,-5.3976120080456695,-5.141390902676378,-4.95137234808104,-5.117750422636946,-5.3630552389544635,-5.130115143844286,-5.1237998482969065,-5.136049309229378,-5.124132737448312,-5.126801131811654,-5.124416932517021
2013-05-08,-4.5794736383482535,-5.2961425080605125,-5.08091846680907,-5.274860694636774,-5.425600419543965,-5.288532665080464,-5.001307220560293,-5.275242496973127,-5.429797546914098,-5.278837201593216,-5.2584643828932975,-5.279994342959178,-5.259552177140472,-5.2587699736397076,-5.258152433770263
2013-05-09,-4.556408142585059,-4.939810206845793,-5.006108265161609,-4.915489810495312,-5.086613783097347,-4.944710864009191,-5.022985764204032,-4.915162818344591,-5.099337935917907,-4.943519514739048,-4.951905244924925,-4.946877531230495,-4.951943916806012,-4.952570446018427,-4.953401815175099
2013-05-10,-4.528650069419388,-4.868194165643986,-4.963519755846296,-4.84544274858669,-4.974366971161541,-4.871829009657639,-4.9964581652182165,-4.842645886192588,-4.96466517952578,-4.847621831134251,-4.886931624042116,-4.874519523347612,-4.886934976576299,-4.886605727987345,-4.888474461234083
2013-05-13,-4.5029123952231584,-4.930223345211742,-4.982652981600238,-4.913782766216344,-5.0943143077095945,-4.927989951264649,-4.991685425272305,-4.9054673388145895,-5.105737028362274,-4.9177191790845045,-4.940883462360137,-4.933783082348116,-4.94136003851361,-4.940796014839702,-4.942446180920998
2013-05-14,-4.464591978465336,-4.9306757124765594,-4.995880890205543,-4.901717133612097,-5.057855189415591,-4.9236459870441065,-4.977649177949467,-4.901342661355499,-5.072850201985515,-4.913790221072596,-4.941086847950808,-4.936472906980242,-4.941134301642181,-4.939649550199176,-4.942143607321516
2013-05-15,-4.449441839531854,-4.795001446672191,-4.871671761020745,-4.775427830653567,-4.885960779600323,-4.789051222896341,-4.8744125509983585,-4.7650480026544955,-4.9128652799807595,-4.781750853184453,-4.809873850522119,-4.80508813623787,-4.810377380898308,-4.807733651404288,-4.810821383650408
2013-05-16,-4.4560360579147265,-4.820535228460839,-4.807948250777711,-4.794771250750504,-4.956758718252095,-4.80677263481476,-4.784309257492098,-4.786739998289465,-4.983660540202192,-4.801949221078351,-4.820074736961363,-4.824961259122436,-4.820552194363981,-4.8179033829049445,-4.821155903916179
2013-05-17,-4.380498921440822,-4.998144975132646,-4.959783213030734,-4.967303642915295,-5.168114555400225,-5.000475376602424,-4.935859803021532,-4.953853699469598,-5.171773025481175,-5.005177160266976,-4.99225206243981,-4.997929880367334,-4.992210151070581,-4.990475177651113,-4.992966955021146
2013-05-20,-4.328197002509352,-4.937714664526235,-4.940586945784051,-4.925990240066925,-5.063595922532512,-4.929426228198011,-4.929045993763717,-4.914470663198397,-5.0788340899822,-4.914748672746242,-4.941008265096243,-4.939602610733175,-4.941108629248251,-4.937163198769028,-4.942249009622351
2013-05-21,-4.273796437593845,-4.86166559153574,-4.916399696703101,-4.833205839034992,-4.938300427656432,-4.861000021393731,-4.876528784308591,-4.823583907468138,-4.968418999804618,-4.855432903268006,-4.869019683591975,-4.863602231594005,-4.86913164937059,-4.863347428942441,-4.870229762367097
2013-05-22,-4.2493995821315735,-4.383049400643543,-4.40366830947894,-4.371299870494488,-4.460186793306652,-4.387077867835442,-4.396171116722609,-4.362687205851339,-4.469241481004084,-4.3965806398170315,-4.386214872680666,-4.386951237377318,-4.386225864240727,-4.381288603120467,-4.386952701823826
2013-05-23,-4.253579024265008,-4.413178421027272,-4.489744951955444,-4.400176981818473,-4.443945710135472,-4.418409750026778,-4.492957782444469,-4.3944235106314995,-4.462294155598569,-4.434475011654977,-4.427809215655805,-4.422864239045651,-4.428172682180577,-4.423332529500141,-4.428182005671777
2013-05-24,-4.251708464544054,-4.551846893756893,-4.668132931259541,-4.540110737542662,-4.63223907329281,-4.556050809293053,-4.706172264385687,-4.530555342128109,-4.629153618116767,-4.565899448684162,-4.576228214902874,-4.5631317285368755,-4.576202499522412,-4.572925090960839,-4.576957335475461
2013-05-28,-4.2528879938041175,-4.5048415855349395,-4.604051551188839,-4.473141044164701,-4.510689661061933,-4.511663007237242,-4.582170576628392,-4.464262486237092,-4.488881608945682,-4.5201861383880395,-4.5183717604063185,-4.511757120614789,-4.5184659358150725,-4.514437745295363,-4.5187668699093875
2013-05-29,-4.258281593083672,-4.353973897101533,-4.455046918627784,-4.340218861303511,-4.311004121294171,-4.365177638545471,-4.43812724543312,-4.337492385483834,-4.277755318788272,-4.387224314830198,-4.370349501137163,-4.363544352896456,-4.370394024029708,-4.366083406407995,-4.370081124173475
2013-05-30,-4.260257864984622,-4.552422492537276,-4.676991873148397,-4.543395088950892,-4.498695755600812,-4.557601804342307,-4.646563294284683,-4.537631619734572,-4.532646650309708,-4.578439240025651,-4.570972083043772,-4.5626985525433685,-4.571120327262523,-4.56796566717972,-4.57121343480078
2013-05-31,-4.2732738633148335,-4.3949557601449705,-4.575481824466861,-4.368718947031391,-4.410565103123484,-4.411438382258045,-4.5763463835447435,-4.356121635909805,-4.422787069981821,-4.444587462081178,-4.423110373276973,-4.409664080176809,-4.42353712722627,-4.417913966296632,-4.423468902597531
2013-06-03,-4.315583175316321,-4.21403148584566,-4.307352708608016,-4.200737795979132,-4.188284090227566,-4.230206014900185,-4.260127728676022,-4.187455146136986,-4.257694507821045,-4.263163690270787,-4.228148628106022,-4.225691985012449,-4.228201930487379,-4.222662256323641,-4.22811042653054
2013-06-04,-4.326155577253427,-4.2521115764535615,-4.333506731314101,-4.248322710297757,-4.30859808129589,-4.254845848736683,-4.3344413889128095,-4.239149113794754,-4.351104885757313,-4.2642171134481375,-4.268284241412226,-4.26325090671307,-4.268417848069418,-4.266908043469586,-4.268831107313
2013-06-05,-4.36307253063811,-4.206445984869335,-4.333596084149513,-4.197557993024796,-4.26209107920546,-4.209091914997162,-4.344282073461971,-4.185881011492745,-4.30113619906552,-4.217099246572384,-4.230514157655324,-4.218028256852516,-4.23075075230277,-4.229457383141248,-4.231319971167038
2013-06-06,-4.415394243935658,-4.116779066760166,-4.2825236722738715,-4.116921758884727,-4.2064608633006175,-4.12411038917105,-4.317186966271585,-4.106101181528595,-4.230533244094292,-4.134553279839983,-4.148743188702535,-4.131026552428375,-4.148598444335406,-4.148557662521814,-4.14985458492033
2013-06-07,-4.422415992043895,-4.2515527666951485,-4.421409139220318,-4.2395343822238205,-4.309672278873861,-4.257797850947753,-4.410802579423925,-4.2348041030378,-4.354954895763319,-4.266447985216321,-4.278989396401569,-4.27006557260907,-4.27927957868148,-4.280619441420818,-4.279888669579308
2013-06-10,-4.437099762125621,-4.377890666469395,-4.595449351778117,-4.364760683452952,-4.411434814146891,-4.379977754454678,-4.605579865708042,-4.35948209844796,-4.40773831285456,-4.382126488539721,-4.415974943088583,-4.404755864477373,-4.415937182604609,-4.418044447409185,-4.417310167005543
2013-06-11,-4.473664186048934,-4.270294165889093,-4.5088014620108465,-4.255222404913507,-4.342232404315498,-4.274198148110247,-4.53090594491151,-4.246665503378598,-4.3568532102029485,-4.2790619532640575,-4.312908240482664,-4.301190386360892,-4.312646335053971,-4.316414627445561,-4.314416967237417
2013-06-12,-4.522510954054865,-4.260519801428154,-4.46989129046171,-4.240334353646816,-4.350745878009395,-4.267929931173344,-4.503952776396519,-4.236345518853292,-4.354308772023841,-4.274651324616934,-4.296933289425183,-4.284192023954411,-4.296473839150479,-4.301513440739986,-4.2980532079101925
2013-06-13,-4.552877463383531,-4.348166621152611,-4.548769002920286,-4.336199375459305,-4.4175623991068065,-4.354556976391506,-4.584233569365798,-4.329951807905789,-4.4326346693323195,-4.363488850880107,-4.38487372747867,-4.373813005316093,-4.384737482556607,-4.3908904120960095,-4.385968473456878
2013-06-14,-4.594785126636688,-4.263711823276679,-4.495724851778984,-4.253315682454888,-4.337827196037357,-4.271679266810422,-4.5345727388572,-4.250983138551326,-4.349191600620512,-4.283870679017925,-4.303838835312722,-4.28892981612046,-4.303748821286844,-4.312061673094681,-4.304756637967655
2013-06-17,-4.6278509383446575,-4.3022834493605,-4.57423485046328,-4.2855111132589725,-4.341737395204604,-4.305060459372131,-4.602887551833834,-4.280915329124512,-4.355403432519267,-4.312612537765974,-4.3484843058854805,-4.3340781358690394,-4.348399263110836,-4.357697659334502,-4.349860166661126
2013-06-18,-4.63304087916602,-4.537909265611076,-4.714374654615529,-4.521148285463224,-4.599200923615194,-4.541813559350275,-4.723119666613269,-4.511792886937017,-4.619476975924679,-4.547139981806709,-4.568528997960047,-4.5575852844187965,-4.568139406028488,-4.577868641505612,-4.569703324701805
2013-06-19,-4.7384465836577405,-4.089791749830204,-4.27397467154415,-4.071512205115066,-4.089665005253991,-4.098145485198989,-4.2871214844504,-4.069075225938634,-4.137207344220313,-4.112745843405038,-4.116778580322625,-4.106768711024104,-4.116652437505314,-4.128076894513752,-4.117414777810238
2013-06-20,-4.834560286098034,-4.073855486249558,-4.1904731873956385,-4.058399865794151,-4.13519495847252,-4.081001983987837,-4.187926714656952,-4.057283365296865,-4.198410034261948,-4.091177853038163,-4.092605869429401,-4.087136153995301,-4.092533466712748,-4.105188275725126,-4.093585490496132
2013-06-21,-4.9378335981211645,-3.9948860964307995,-4.054977167435426,-3.9815493640899624,-4.077761887544325,-3.998269660961735,-4.058857028574462,-3.9848046023365793,-4.137795314624753,-4.003325297627236,-4.006856349608793,-4.003149885430378,-4.006796821880134,-4.016633669333023,-4.00774637422393
2013-06-24,-5.121804235213272,-3.8456588363883686,-4.001329243125511,-3.827549115337712,-3.930856361843338,-3.852593385057862,-4.02638970463728,-3.830039337872516,-3.956195045369816,-3.859442831955843,-3.8738149880681303,-3.868323969316161,-3.873967833307611,-3.8836811098243684,-3.8748654232637363
2013-06-25,-5.193283110472418,-3.9858847245784625,-4.242071197812298,-3.959727986612962,-4.014554588863699,-3.993027701426142,-4.295354706067114,-3.961473802238388,-4.032296782763965,-4.000513115582352,-4.0319106398722795,-4.013326257250778,-4.031836497915577,-4.042761366936835,-4.0334031843168745
2013-06-26,-5.229914564944717,-4.166197339409336,-4.374485982387468,-4.145996350760892,-4.22593362628291,-4.1714628469426485,-4.415881314126691,-4.148330407401595,-4.241645239939312,-4.174585474436329,-4.204080167564405,-4.185541560820335,-4.2039148265377895,-4.212464750702998,-4.205573738230471
2013-06-27,-5.2622398757876985,-4.217989975808204,-4.422605094565424,-4.18670234728679,-4.288249515325087,-4.225695583472939,-4.465968255041002,-4.190114628111009,-4.314635355091134,-4.228497567212992,-4.254589190010395,-4.243273024484445,-4.254894631822664,-4.264154659526962,-4.256335154325782
2013-06-28,-5.28706940756884,-4.1813797302584925,-4.368274627441923,-4.14729022907817,-4.225894548224414,-4.190345317859534,-4.418243744409887,-4.156014875204347,-4.220275375625228,-4.192327697735053,-4.213113399630931,-4.199682363120251,-4.213297711310161,-4.222283122591156,-4.214600925922239
2013-07-01,-5.326084541429506,-4.416830508587999,-4.4779294349019745,-4.381474716585195,-4.496477519813795,-4.4296378775766065,-4.4860072444961,-4.3891844423042565,-4.473665295722352,-4.427775009615056,-4.42632004144784,-4.4224965414487905,-4.426126551395342,-4.435006855641884,-4.427376282609982
2013-07-02,-5.410810331493586,-4.346407401437552,-4.551774795464488,-4.322656328827663,-4.384766846009879,-4.351312686561668,-4.564812464975728,-4.329385980540877,-4.38419662664958,-4.3493341486737975,-4.381639945932565,-4.365942570778133,-4.380919551541098,-4.389017564575658,-4.383019695102198
2013-07-03,-5.483443097360497,-4.4028612628604415,-4.613730385137048,-4.379120809928867,-4.431316064400638,-4.411432928189755,-4.622967016261772,-4.386676804866739,-4.469671283238948,-4.409442918803024,-4.435757209127153,-4.425296802441029,-4.435493890470168,-4.443844097908219,-4.437283000298598
2013-07-05,-5.5726158768044805,-4.318774670840652,-4.531114221529529,-4.2950184970452865,-4.368447969401297,-4.332397117728217,-4.5673966758278315,-4.305392720260619,-4.432530581162937,-4.32795128128972,-4.355249247950258,-4.342172761134613,-4.3551762818082445,-4.364693228944346,-4.357030632413837
2013-07-08,-5.5847799478045115,-4.551833430478205,-4.674922766503522,-4.533346229028329,-4.595937553034077,-4.561864378594301,-4.693347342031033,-4.543234632305797,-4.675511873843954,-4.555087270673627,-4.573310646372498,-4.5637629593866675,-4.57271134932806,-4.580938193453056,-4.574730416191514
2013-07-09,-5.5803023869378405,-4.675356183262815,-4.734059825280099,-4.659006976440908,-4.759606973609082,-4.674925251106516,-4.7294892761028935,-4.670221091514974,-4.7908339259061785,-4.673939975361449,-4.686389068562802,-4.68204809613624,-4.686340472594031,-4.691471141559459,-4.6878748580647125
2013-07-10,-5.612502247097315,-4.505835252510761,-4.6123828748672535,-4.492693450671276,-4.566321420200189,-4.516474508574037,-4.637870501957676,-4.50415358372813,-4.601391802391752,-4.506505100316084,-4.5260008689008835,-4.5190901980945135,-4.525944587750866,-4.53377097257362,-4.527395328607738
2013-07-11,-5.613461563368478,-4.760968801049663,-4.7289788355898095,-4.7550488844089935,-4.8031585526582266,-4.765703784384882,-4.728902962749152,-4.763737631297859,-4.814687856199014,-4.759122124205199,-4.757194122939605,-4.761053686856476,-4.7568464473134275,-4.761849600864202,-4.757530276943678
2013-07-12,-5.581137854143518,-4.909414341696409,-4.836236364558908,-4.899159716987678,-4.941861665848069,-4.924150148534818,-4.801070286996624,-4.918831341986965,-4.971412885265636,-4.908697843464647,-4.8935257143135455,-4.90848827457007,-4.89390766153818,-4.898901710260491,-4.893782586560574
2013-07-15,-5.532762184242177,-5.183781889154964,-4.949361972270615,-5.176434509702822,-5.209745526922345,-5.200061206461738,-4.915415445056696,-5.197459622560645,-5.223993146028039,-5.1834372221391805,-5.142199347504147,-5.164375639141568,-5.143436270513414,-5.146024483329072,-5.1419176715132675
2013-07-16,-5.4697466143871605,-4.975839698195557,-4.917593629267568,-4.97336652819594,-5.0692426870397576,-4.976685720865073,-4.913409856788099,-4.983979145900914,-5.073401208639145,-4.968147220837923,-4.970721734658158,-4.975336421681883,-4.971141649263213,-4.9764260604617405,-4.972080946694351
2013-07-17,-5.433938047088809,-5.029298197761129,-4.974669457254323,-5.0288362339067,-5.105445806979313,-5.033580953819566,-4.991520618068289,-5.040019023767143,-5.0832708477037265,-5.024435630216497,-5.022678606327889,-5.031330558921066,-5.023023697666916,-5.028480477724655,-5.023476113234402
2013-07-18,-5.416341180811708,-5.108302931093775,-4.96412097273927,-5.109668238323978,-5.217015235058042,-5.103602833949228,-4.9081064130088015,-5.117653262554062,-5.213599155322995,-5.099828945965949,-5.080971475149143,-5.100898773936622,-5.083199233933848,-5.083364977922663,-5.0806879405486844
2013-07-19,-5.412209458071854,-5.093192811624597,-4.99234979957617,-5.095786550262107,-5.220006398664891,-5.0928389105265435,-5.005120905528434,-5.115484706197564,-5.228151769117481,-5.080300306209764,-5.078087738460209,-5.089189989441152,-5.077556002957452,-5.0837262975487025,-5.0786641640092425
2013-07-22,-5.302802104757975,-5.196974595573347,-5.014361207202576,-5.202575408119654,-5.354792622370678,-5.2084801330348816,-5.011241668101372,-5.233796780120429,-5.327514437515412,-5.186679058134074,-5.16674055867611,-5.180190579999185,-5.167503366923269,-5.172307268245804,-5.167711429725996
2013-07-23,-5.292114139038471,-5.266893670485523,-5.046969240268975,-5.2742886570064496,-5.390273641750498,-5.272488886920585,-4.997751955656904,-5.289568466998353,-5.394883324288737,-5.245477885945516,-5.2256746101337965,-5.240994433463301,-5.225836760891834,-5.228851094883549,-5.2257799528616005
2013-07-24,-5.299000575773492,-5.03895057666008,-4.973399170999002,-5.046824435324798,-5.127468188482199,-5.0529483053787185,-4.97904503582725,-5.067401204840492,-5.113876834461711,-5.030907369588126,-5.026475065727655,-5.035556596352045,-5.026201987183128,-5.031546877299745,-5.027037872342136
2013-07-25,-5.289345599028,-5.086442958476734,-4.866821397033152,-5.097348171108647,-5.174061816558437,-5.102902996544024,-4.851328552418116,-5.132103495863959,-5.180421776411421,-5.074082733466017,-5.050405014053257,-5.068986932074605,-5.050098490362523,-5.054392151231255,-5.050724690703619
2013-07-26,-5.241981886969974,-5.033862500969763,-5.029884892044379,-5.049470757504947,-5.094492772259073,-5.078207007456721,-5.066074848744244,-5.0877055367920745,-5.132214329254055,-5.0433653205604605,-5.034925221877112,-5.033952667730736,-5.03501332680601,-5.040733812336503,-5.036219582404305
2013-07-29,-5.216027775183998,-5.120614086381125,-5.083082552528158,-5.131783034895672,-5.170356366101784,-5.154596922504988,-5.1278612682627465,-5.150501311656697,-5.160147151554877,-5.114826326058962,-5.119720903818713,-5.120920643048106,-5.120329081827075,-5.124255866333926,-5.120364035824325
2013-07-30,-5.201477753276884,-5.073332951496731,-5.017542569593449,-5.086429762187747,-5.132985567723411,-5.11165450624963,-5.0250433283825275,-5.1048315133457365,-5.148772308169738,-5.070208849006447,-5.066252812571019,-5.073364753185353,-5.066853988951411,-5.069429894497067,-5.065816877592605
2013-07-31,-5.184401879849025,-4.86074282327998,-4.814058432973064,-4.869302966897517,-4.791661067048758,-4.937270721086283,-4.860640802026427,-4.8687413852334025,-4.801184686453295,-4.8799710713131,-4.856723592720264,-4.861606000793417,-4.856659543426683,-4.861737682513405,-4.856530062616435
2013-08-01,-5.138108109961218,-5.164065048874974,-4.832830483332678,-5.177546913280261,-5.26249849432474,-5.22992120294391,-4.847627076968203,-5.195266480507033,-5.2170772293060566,-5.16562540569901,-5.111980764153132,-5.141555520943211,-5.111861211018354,-5.1175841812931395,-5.110138399107584
2013-08-02,-5.119593804017678,-5.29389631408218,-5.055584956869667,-5.305830059577227,-5.39814340499991,-5.351098592950619,-5.048742186252844,-5.317216513611285,-5.409665235361974,-5.29370681425697,-5.255645300980407,-5.2745598893478025,-5.256446002965326,-5.261532597716144,-5.25447808920059
2013-08-05,-5.106938642528317,-5.377917221748868,-5.203423693506784,-5.38712495403362,-5.458597758942038,-5.411139602376732,-5.205823903225167,-5.403699921835437,-5.379108770184588,-5.365647007934426,-5.353199891446891,-5.3653448740608525,-5.354266054352742,-5.358432353296151,-5.352916777830978
2013-08-06,-5.003720482550837,-5.234335131382933,-5.064330823903102,-5.251205724486134,-5.262733156211685,-5.273304482086575,-5.079882755725089,-5.277943436308022,-5.242185869863511,-5.220535746448292,-5.210389070865183,-5.224596119854354,-5.210832831218744,-5.215913346141026,-5.210055126291523
2013-08-07,-5.0119576472293215,-5.293260127152266,-5.155742579696767,-5.307674262489335,-5.3390614027096195,-5.319426222600861,-5.1375696294143,-5.3233899811637055,-5.297811770090055,-5.275668438032121,-5.272386950495617,-5.287642914195764,-5.2727620947347065,-5.276938943371087,-5.272169139647197
2013-08-08,-5.023089469192023,-5.271740518765321,-5.169754473344401,-5.276730098790639,-5.285105183487264,-5.276393180999391,-5.162113841292353,-5.281249020644653,-5.227971919183071,-5.243031778037014,-5.256647626052095,-5.26643093495446,-5.256803765210258,-5.2601023618425256,-5.256564754068476
2013-08-09,-5.043093547412407,-5.1295660467831175,-5.130882675928054,-5.147012767455564,-5.151576899739565,-5.162641498180559,-5.168395016340569,-5.161405813043452,-5.121192161421688,-5.120694416223757,-5.13281155292369,-5.131873262706887,-5.132821430711913,-5.137196586482296,-5.133498853718086
2013-08-12,-5.044055673649746,-5.2168211287664406,-5.151366589003749,-5.228686368711662,-5.238971944010713,-5.223499383615083,-5.15873084655814,-5.245823739446293,-5.213784455106604,-5.204904042029208,-5.2060934745205,-5.2149495055645225,-5.206987390719969,-5.209991475454382,-5.20639563721616
2013-08-13,-5.069712580442843,-5.066688347871841,-5.1208835063049705,-5.0793443192078,-5.03727610266764,-5.09645946475927,-5.115294402568793,-5.0909722339749734,-5.043632556509571,-5.058228461065698,-5.075626645396002,-5.0759584307393615,-5.076606136354703,-5.081807374577352,-5.076841492581436
2013-08-14,-5.084547152238255,-5.047656611327096,-5.155660696054165,-5.060764356556191,-5.0665666703435095,-5.065973914190356,-5.1758720345536435,-5.075571083978391,-5.0117534933960375,-5.019286427967827,-5.066858935727594,-5.056516497203571,-5.067034829826409,-5.072667601504491,-5.068710075052075
2013-08-15,-5.144076085475539,-4.852968791389168,-4.947073365896771,-4.867465211096379,-4.87976047469466,-4.877373154259628,-4.985771488669034,-4.89007923556903,-4.857951446957438,-4.838040016544408,-4.873330616783115,-4.862970153372755,-4.873856600313429,-4.881159731935517,-4.875634915725763
2013-08-16,-5.014661343224675,-4.874018493910536,-4.956391285121326,-4.881117775843939,-4.877782727873369,-4.9021645936907,-5.008242172609971,-4.890155451373289,-4.883182607552205,-4.862089715021864,-4.893052416525296,-4.882174148633393,-4.89273336029207,-4.900309111711721,-4.894318993913195
2013-08-19,-5.020902462976018,-4.953675792376766,-5.052407138714581,-4.965672722548839,-4.9473068737392945,-4.99565454615971,-5.100676672344214,-4.975367737760925,-4.9547623395359714,-4.944475251680804,-4.97461440525328,-4.963452469613634,-4.974705965251009,-4.983419865199522,-4.976608892861073
2013-08-20,-5.0187336027304426,-5.034946986822751,-4.98879263044405,-5.0452158144296755,-5.044269867533205,-5.039370955400309,-5.006730852462785,-5.051752461402782,-5.048544944013652,-5.008499689781642,-5.03277993500219,-5.035696620566684,-5.033635515579205,-5.038401439878529,-5.0329011571550035
2013-08-21,-5.084327806249609,-4.622870763876431,-4.75762313499266,-4.632382806316567,-4.592565816574741,-4.661577645080145,-4.815672168433455,-4.642576663901594,-4.610779674944764,-4.618850292803313,-4.652801250314755,-4.646170928398885,-4.652751527702633,-4.663525915406221,-4.654431648171778
2013-08-22,-5.076187401695235,-5.009216104420957,-4.816001971261764,-5.021245162701084,-5.015270093996587,-5.026016604557026,-4.833409445506632,-5.037546778021486,-5.000740762661352,-4.991774218371268,-4.9811338854419915,-4.993345532391435,-4.98103511940152,-4.986460370579178,-4.979845227682633
2013-08-23,-5.048550422218296,-4.961162976537966,-5.034682787087735,-4.971219311254033,-4.943048529114139,-4.996824034673921,-5.087211623758997,-4.9766259474621535,-4.980329462556253,-4.963842190405284,-4.977370775579057,-4.970864039575993,-4.977766039485804,-4.986602715057743,-4.9787132626208095
2013-08-26,-5.046304005126253,-4.896983736521275,-5.074888204816503,-4.906298114790116,-4.881192388561443,-4.913449026765245,-5.124755157707395,-4.914518722487563,-4.895667469079179,-4.893692418148885,-4.931148955027096,-4.917477149739401,-4.930909498008126,-4.940082278775278,-4.9335420809000095
2013-08-27,-5.099285635493349,-4.672333150504106,-4.885557302846254,-4.679157589666262,-4.684495453464785,-4.694511235938863,-4.938524611502884,-4.685124070075962,-4.664779056164,-4.6665605115418005,-4.713877947312347,-4.7028438050328765,-4.7134938331630565,-4.723165449562476,-4.716178625183254
2013-08-28,-5.089881243981861,-4.846755959744684,-4.988718241525628,-4.851309608550773,-4.864116276785653,-4.858845198624504,-5.048253856599927,-4.855192954800025,-4.904164798240697,-4.842775603935736,-4.874089921265837,-4.865134142909626,-4.873782387240596,-4.882144348587856,-4.875729828809946
2013-08-29,-5.091272369493553,-4.85005492932767,-4.933967513735899,-4.8548803206515165,-4.883757637087409,-4.867347220393662,-4.980137287559045,-4.8656836938634545,-4.857821312000932,-4.84629830617522,-4.870568127852757,-4.8618609207859755,-4.870648747852187,-4.880164741155154,-4.872366776385893
2013-08-30,-5.12697664406172,-4.653193698174124,-4.834569136897208,-4.657737019616762,-4.67784519202315,-4.6809420758114255,-4.89736178482267,-4.667010055568161,-4.644815362913815,-4.644967690769501,-4.688288355372114,-4.6736571733410965,-4.687653515927198,-4.698045893725203,-4.6905519204246575
2013-09-03,-5.092634826133959,-4.667678944785189,-4.675434023758645,-4.674397218183153,-4.702332582024681,-4.703727022228072,-4.728184881487973,-4.688047150228126,-4.649613440976219,-4.664807163025861,-4.6747083370664715,-4.6719084123735275,-4.67458897436656,-4.684559000520219,-4.67549358135179
2013-09-04,-5.0898296338236655,-4.862139063150855,-4.865239037069928,-4.867547917393234,-4.884718216755992,-4.877230354792567,-4.913528295886364,-4.878397945070105,-4.868167246355094,-4.860381212500406,-4.86663994312707,-4.862912393940084,-4.866574513975427,-4.8731404410263925,-4.867377375019206
2013-09-05,-5.07047255746283,-4.950879964935187,-4.997428951971128,-4.959399951708756,-5.003886947329755,-4.976551151554894,-5.045871345632357,-4.982294098448113,-4.939028274371839,-4.949271981179541,-4.963811500025,-4.9564227805491345,-4.963304682088454,-4.973465096130695,-4.965757597624281
2013-09-06,-5.100584579379605,-4.442903983239944,-4.6219663148015,-4.447247916579436,-4.490537189016083,-4.461875024914454,-4.688504570932077,-4.462678401551974,-4.432792156670042,-4.438173057105707,-4.478461652167888,-4.459110632694726,-4.478239680299445,-4.48831708945639,-4.480597928064284
2013-09-09,-5.041431227400951,-4.916028170792387,-4.9299786763586235,-4.920824620536858,-4.942416808862881,-4.932616536806882,-4.971384108665341,-4.932576655365701,-4.929064197739171,-4.909597291107691,-4.923301224814342,-4.91896480725544,-4.923176217272683,-4.928747930161714,-4.924352857779175
2013-09-10,-5.012232354433135,-5.0255751590708835,-4.889239603670366,-5.034748823474856,-5.1119322171744335,-5.042336174124292,-4.917206450658908,-5.0533785863169784,-5.073355863320427,-5.022828547370404,-5.005488480101563,-5.0146519929998075,-5.005548234783673,-5.010055982852697,-5.006065628004192
2013-09-11,-4.9916858724536395,-5.010554282311202,-4.9371127267900565,-5.018697767357238,-5.07640384943646,-5.03802129663437,-4.959413959085863,-5.031553543935016,-5.0370252699933165,-5.007521283421102,-5.000370890654398,-5.008706247127076,-5.000329429354682,-5.00594216510233,-5.00145313209764
2013-09-12,-4.972341226571915,-4.973901451331401,-4.999422552952029,-4.978745174209106,-4.9947163065903695,-4.9913179818202105,-5.048002569144944,-4.986741306429842,-4.971844564418038,-4.969249952486531,-4.982185623833273,-4.975409607448372,-4.981541368709518,-4.989101538148523,-4.9840620348567475
2013-09-13,-4.906763631421466,-5.3421207027660875,-5.2217289925582815,-5.349314532094908,-5.404288363391685,-5.361985193036874,-5.219756082622168,-5.360620435831699,-5.385337640470042,-5.336016175082293,-5.323686132314134,-5.333076825830922,-5.323944056869877,-5.3297991345902425,-5.324301979422561
2013-09-16,-4.876929902458814,-5.220849371816647,-5.154708692099346,-5.225858975247387,-5.288049085951105,-5.243793552159726,-5.180644919593842,-5.238887063435216,-5.299931622589111,-5.216558088285211,-5.211408023364712,-5.218124504926019,-5.211082716560866,-5.216468547262898,-5.212418190533982
2013-09-17,-4.86296328392279,-5.522299423529533,-5.21553883343932,-5.529625021078337,-5.579909871190334,-5.538324231576301,-5.184862720521508,-5.547207874495522,-5.629097568789023,-5.52132906698183,-5.467004660212931,-5.487369212172151,-5.467227924886418,-5.466802336485952,-5.465930829992578
2013-09-18,-4.999734996699219,-4.461824419525704,-4.756673516350437,-4.463481381063957,-4.427863715870463,-4.498067701461755,-4.866548910496549,-4.464939911088204,-4.50273293769627,-4.456799011706628,-4.52148414381363,-4.49715724292729,-4.52132884405078,-4.531586715907215,-4.524943877683972
2013-09-19,-5.011135586434665,-4.870268976472058,-4.815419433338464,-4.871065238649701,-4.929272167549139,-4.888738283519305,-4.835908452011235,-4.868522469135921,-5.005322981568999,-4.864951549234959,-4.866038998358304,-4.868372122429477,-4.866644140618852,-4.8731833613547515,-4.867020977391113
2013-09-20,-4.994649221438347,-4.847432809783308,-4.845048482657454,-4.849736213897062,-4.915873098698794,-4.86824908739411,-4.892918523155499,-4.854553004493222,-4.940099837454474,-4.844731666193395,-4.851433718693558,-4.848279441678231,-4.851551862860065,-4.857929368427339,-4.852744627763772
2013-09-23,-4.977542798955759,-4.840964021949726,-4.836216991713839,-4.844651003030045,-4.883682715755194,-4.857814642401224,-4.868487714505234,-4.849527471632363,-4.936899308942095,-4.838122608521609,-4.844217768990058,-4.8408607932477254,-4.84412575245832,-4.851057150514598,-4.845644362107811
2013-09-24,-4.984776609322047,-4.811473314447662,-4.831375413281988,-4.81337357997273,-4.799378824983589,-4.8184448102888,-4.855422686754445,-4.816192332514511,-4.8633972192304356,-4.80854962785169,-4.819070068804306,-4.813510407903367,-4.819057743494098,-4.8254760322122126,-4.820451293261649
2013-09-25,-5.018299774908541,-4.817301569504623,-4.876318625523229,-4.820822958071484,-4.734190478897841,-4.827451078404794,-4.881121524450514,-4.826280593891535,-4.755388557906359,-4.814358098453717,-4.828608157690853,-4.82290471329839,-4.828592907895207,-4.836865970957718,-4.829775750551737
2013-09-26,-5.042366414900945,-4.865651471057902,-5.010574407239352,-4.867718078730127,-4.849766442022453,-4.880169278971778,-5.073415587771994,-4.870319749735724,-4.835923870452095,-4.8646668353865214,-4.896050883528497,-4.882738832333742,-4.896139060465485,-4.905429887207721,-4.897904659704486
2013-09-27,-5.04672629262971,-5.011311300896031,-5.004712235039304,-5.014446686637586,-5.017685357206858,-5.033403808966793,-5.017625373148684,-5.017180855412049,-5.023757145431739,-5.0111043626212455,-5.010605747089388,-5.013215217462301,-5.0108823214979825,-5.018051255842792,-5.011427140197504
2013-09-30,-5.049320442995266,-4.786625673930691,-4.896925364569985,-4.791337298982641,-4.801170494056263,-4.803224456674838,-4.9339092914082805,-4.7956742765146645,-4.806468834626663,-4.78634038798351,-4.810503380577966,-4.803624368495903,-4.810098737017318,-4.8202214329723265,-4.812559019597088
2013-10-01,-5.042471541061919,-4.853742887457486,-4.856222159365428,-4.857259456854815,-4.893082557423956,-4.874663380653373,-4.870111848550047,-4.864817874403306,-4.8370773059075,-4.85368063184571,-4.857189102741105,-4.857342773020781,-4.857080569806849,-4.867844292262598,-4.858072748673785
2013-10-02,-5.041123873063799,-4.880334563650622,-4.9700658252826555,-4.889427925069494,-4.883940156365242,-4.902295095949446,-4.985520535098022,-4.902353314099743,-4.808002244168818,-4.880526598532116,-4.8982316530276995,-4.891623429091947,-4.898228975664393,-4.908277131546213,-4.899963547512909
2013-10-03,-5.12163791877978,-4.622578700634209,-4.667463679512274,-4.629677581204926,-4.681782794134145,-4.6382998742451855,-4.701320492633884,-4.640226906727744,-4.635182890326798,-4.62269405963994,-4.634710017679758,-4.625851935868329,-4.635274209198193,-4.644517411838002,-4.6361473512723474
2013-10-04,-5.138461765879255,-4.82879588397279,-4.9632075802021225,-4.835260428386611,-4.845673199023631,-4.854546940659214,-5.013040958489915,-4.839255862105521,-4.856783095393221,-4.829285074794096,-4.856749314972243,-4.845520174051,-4.856542630210475,-4.868151459866198,-4.858714421853079
2013-10-07,-5.15565339352131,-4.79012640090379,-4.934256940511841,-4.801460761173195,-4.832770229050434,-4.812989288901705,-4.993839699369538,-4.814283741801082,-4.78266844980892,-4.790606560146646,-4.818121222219303,-4.802619368890146,-4.817436401525784,-4.829409082309195,-4.820312662468319
2013-10-08,-5.17669158981996,-4.545708800757624,-4.732807061980242,-4.558601660855383,-4.631683903066008,-4.558967060131983,-4.804604089855902,-4.566813978171142,-4.570061174726063,-4.545775391495009,-4.584821242283799,-4.565683493000096,-4.584930992939236,-4.595285030450237,-4.587600774186327
2013-10-09,-5.21104727063914,-4.546672453798429,-4.5972230274473915,-4.571960287550394,-4.679540606363902,-4.570972156410661,-4.634450401390582,-4.5878867691093665,-4.613070510505223,-4.547396077518224,-4.562530915873702,-4.555921363661319,-4.562656140323474,-4.571494921240608,-4.56482283078887
2013-10-10,-5.250848091557278,-4.700407768574135,-4.788834700966083,-4.724480217983313,-4.762804722541715,-4.733788019825353,-4.872721979759352,-4.738364242393596,-4.774661854314893,-4.700866961047413,-4.722676016918048,-4.711438980641965,-4.722450586956109,-4.730138085063132,-4.725072281821468
2013-10-11,-5.24750980697439,-4.714444642606228,-4.872877482159231,-4.729568182845459,-4.739141774527325,-4.7274662630479,-4.913245965498117,-4.745133819119166,-4.683469443610593,-4.714430602575464,-4.743386309480533,-4.734088422664584,-4.744087632491781,-4.748624150672718,-4.745972409858742
2013-10-14,-5.263086437579592,-4.695018335475983,-4.805525045859868,-4.713889150368487,-4.745583113922721,-4.734061914127451,-4.89065996531634,-4.721107198202251,-4.729271632411076,-4.694429869852368,-4.721972184843799,-4.7123610114253776,-4.722070249113496,-4.730332192703656,-4.724302962238802
2013-10-15,-5.345753266694684,-4.542017989367969,-4.789082063373826,-4.5675662774085914,-4.585534309445546,-4.569120463914027,-4.862118600298132,-4.58232875191228,-4.540326521750498,-4.5419728472488785,-4.590428430321193,-4.577805088289221,-4.590668885054071,-4.599288414654342,-4.593452747201675
2013-10-16,-5.411747381368504,-4.646012789622199,-4.776395722554769,-4.664236104762152,-4.610054360362529,-4.683382254547283,-4.816772672997276,-4.671070186011592,-4.593360283569022,-4.645739836891179,-4.670105720053397,-4.662286974267005,-4.67061435489628,-4.676784497888494,-4.672176221334858
2013-10-17,-5.391571358786524,-4.86159833607214,-4.851204844997944,-4.884083567232392,-4.937252157839429,-4.896810872534401,-4.8844850199169,-4.884153661455819,-4.886349311057818,-4.862874357486348,-4.865915700497873,-4.865301257353994,-4.866773923570719,-4.870302809925425,-4.867536705332373
2013-10-18,-5.355287990805472,-4.933555974535466,-4.879795277982332,-4.948754801584873,-5.06380808589644,-4.957134760915016,-4.926533539827588,-4.96301811564776,-4.974731150306094,-4.933642295962059,-4.930802374146764,-4.935074726081286,-4.931158807174434,-4.934198491713917,-4.931528131792372
2013-10-21,-5.289180972730512,-5.068222548867176,-4.987544376383543,-5.101962167821184,-5.18794668021852,-5.095590233120502,-5.019965000060209,-5.120721028263296,-5.207031885012999,-5.0676953346533224,-5.059630635391975,-5.065620558969063,-5.060030212012821,-5.063312293995771,-5.0613164697778785
2013-10-22,-5.322304427004819,-4.90125618808243,-4.921019620424528,-4.950241433430336,-5.011027108077281,-4.932702634824598,-4.96461942022748,-4.9700702010618585,-5.023034807413717,-4.900208943866612,-4.9102350732128235,-4.907433633218179,-4.91068358571642,-4.917632750852034,-4.913182605397667
2013-10-23,-5.372669317275593,-4.902353233534281,-4.851996212493581,-4.955686390952941,-5.011713512320051,-4.9298001568418295,-4.899609620191791,-4.974062538685113,-4.978545870892013,-4.902692218847279,-4.895962307876505,-4.902431324062567,-4.896217829512896,-4.898912457420568,-4.897025096909105
2013-10-24,-5.389095185382257,-5.0708031935277855,-4.912185670729633,-5.1166134588849745,-5.190234520141842,-5.087654711892083,-4.957555998353275,-5.149499406606522,-5.129585079758601,-5.071229589440713,-5.04951036359035,-5.069384653360557,-5.050306672865689,-5.052234863147921,-5.049800285659098
2013-10-25,-5.396576854983399,-5.069033505065458,-5.050381109784873,-5.127659143074066,-5.144952640674234,-5.101486707960673,-5.097382840190325,-5.153269972167939,-5.097738111004718,-5.067676587352843,-5.06932770383314,-5.0713133152699,-5.069607416165947,-5.074747081109074,-5.0713341292631196
2013-10-28,-5.402215285355607,-5.136441807754652,-5.014990707496563,-5.1887378899325585,-5.208282638485121,-5.179562531134728,-5.017467484900249,-5.2142128855842,-5.1587266793890025,-5.133188100649117,-5.118033409205204,-5.130842166098273,-5.11803388183377,-5.12220231733257,-5.118444610407892
2013-10-29,-5.392366440587018,-5.171857643263326,-5.071689907593691,-5.241418593615153,-5.252437212989816,-5.20348107181594,-5.055495260884473,-5.280183076874444,-5.21821804409041,-5.167770065482617,-5.154005771758717,-5.171167616650212,-5.155128829151228,-5.157499287496437,-5.155012327122627
2013-10-30,-5.428316962841711,-4.949893808992144,-4.929391477139145,-5.027057273527981,-5.006046436042571,-4.991826344663861,-4.986214550436912,-5.043866003938123,-4.9550543755253305,-4.952897694768268,-4.95093502235764,-4.950370525585678,-4.9510860335425555,-4.9567777482006985,-4.95305330525535
2013-10-31,-5.442248210964704,-4.9314220363722505,-4.862531279125712,-4.9943289652430085,-5.041610893217502,-4.969176715695627,-4.912695014786158,-5.008485430095032,-4.96710139520796,-4.934847412999001,-4.925434488799948,-4.931618741312452,-4.925963941699935,-4.929012690411445,-4.925790675738693
2013-11-01,-5.388417083879807,-4.9159961553099825,-4.858600911854057,-4.980121462167232,-5.0146535441193905,-4.955619967679391,-4.904281150419217,-4.985598293457194,-4.953001241936836,-4.913795477211055,-4.913587464586083,-4.915725912393336,-4.91411111192511,-4.91846529784954,-4.914395036642708
2013-11-04,-5.359371273903463,-5.181860274492723,-5.103228823178008,-5.251427713548954,-5.214353327183872,-5.210634822209196,-5.119684592634504,-5.282231953470529,-5.189716000678061,-5.181765963239451,-5.17044296217618,-5.178251199574078,-5.170949440255983,-5.175752488151122,-5.171713941384581
2013-11-05,-5.345094916757403,-5.13249458543783,-4.972228078790333,-5.206228220054915,-5.2517271601673405,-5.166340874772731,-5.0242105992368264,-5.231571933227718,-5.1976011044196495,-5.135849456445975,-5.111440974676253,-5.1261527862046306,-5.112548315647028,-5.117338016743262,-5.112211703086134
2013-11-06,-5.360570425456772,-5.104353631732709,-5.014861324216558,-5.1735651952686945,-5.203485939419435,-5.1290167961599735,-5.066723713481301,-5.193638820147354,-5.191926450205849,-5.108203258913781,-5.0950585399575195,-5.101702356179463,-5.095716243147235,-5.1005433336193695,-5.0961094301019685
2013-11-07,-5.441660215976745,-4.809648186094246,-4.852068572416862,-4.87664177302246,-4.964273791619223,-4.831329006537146,-4.916104529961092,-4.917980104635073,-4.922405690397981,-4.813500251801316,-4.822487813698703,-4.8156087456266885,-4.822728386196314,-4.829691942051401,-4.825188284538824
2013-11-08,-5.44320629784731,-4.920244927017552,-4.860401045091591,-4.95034803245715,-4.946332605255204,-4.949789372631545,-4.891073060350129,-4.9593833961982,-4.899020650861786,-4.916216229095271,-4.9157615289790835,-4.91960154432148,-4.916676053656381,-4.919972454274999,-4.9161689880251895
2013-11-11,-5.402060585049058,-5.216937768922544,-5.0737514478449715,-5.263456312130364,-5.230976098944105,-5.2426895115058825,-5.086694014787388,-5.2661062090940804,-5.2062269557728795,-5.213719776724607,-5.1975573230855545,-5.2082183959783155,-5.197763496352606,-5.201195258191904,-5.197660691373167
2013-11-12,-5.41582301135044,-4.917619548092056,-5.032287301471157,-4.970381120952504,-4.959131598896248,-4.947760366431152,-5.087781656678728,-4.994026184092015,-4.901637172048296,-4.9137013305266555,-4.94193205431197,-4.929027020560215,-4.942010176090813,-4.9488976538011356,-4.944478288294784
2013-11-13,-5.431368155069106,-4.990631135141854,-5.045421171725852,-5.040558487930526,-5.022499419793743,-5.019391091159329,-5.124840697763531,-5.040392006955665,-4.89316789678295,-4.984685450770135,-5.007388349194403,-4.99922425453903,-5.007389881882843,-5.0127471304351126,-5.009142244176678
2013-11-14,-5.415738434481334,-5.1752081180341465,-5.047326410800626,-5.242488978662906,-5.208279149562082,-5.204234359277492,-5.076743513497162,-5.265421618473806,-5.147279275297273,-5.168947131638776,-5.1599022969381805,-5.172063064227355,-5.1601710581663,-5.16470481249148,-5.160444733017909
2013-11-15,-4.9800435259499904,-5.443684445316493,-5.223737188164997,-5.5284206820063355,-5.490855153283483,-5.4859370789325865,-5.241938620690303,-5.550316388519047,-5.418788794447143,-5.439583606580393,-5.413688939845238,-5.4286963253893115,-5.414100818294981,-5.418582505597955,-5.413900858656103
2013-11-18,-4.990047739145411,-5.1057975844688075,-5.218208619839948,-5.151060783539006,-5.162949408654355,-5.136314832669154,-5.281650674759863,-5.166763274019351,-5.145669808748799,-5.101304215491552,-5.130928680200297,-5.116975117108826,-5.13084077212641,-5.1371171423898785,-5.133200188526818
2013-11-19,-5.018464428246671,-5.02763902744007,-5.095017493819792,-5.068897151913028,-5.036130397889897,-5.0449230776650955,-5.145538052340983,-5.085542804397319,-5.076082424618083,-5.028282800136941,-5.042526491196642,-5.036510887231778,-5.0427511139245915,-5.047990473610413,-5.044333670014377
2013-11-20,-5.07324073253489,-4.88354103738355,-5.0095724881188675,-4.934246664597588,-4.869889100859063,-4.922224487986307,-5.106277452321791,-4.923527717223672,-4.875893960708116,-4.882934846236311,-4.911861211861579,-4.895951601420434,-4.911565202364065,-4.917792477312831,-4.913787969397044
2013-11-21,-5.088499692809214,-5.1602489950603685,-5.114787141603189,-5.210002949945704,-5.161089089060523,-5.190538324261459,-5.140555220350916,-5.2160466460407,-5.150028623519334,-5.1564230196113225,-5.154587929467823,-5.158943043479654,-5.155416651989223,-5.158092869129821,-5.155021685119834
2013-11-22,-5.09425544150549,-5.29812265410348,-5.169202905578321,-5.364044707648805,-5.3190838036660955,-5.325594146317602,-5.198979300284649,-5.397305559939406,-5.283141717574035,-5.297824782557919,-5.278645285538535,-5.28860243001801,-5.279309013448636,-5.283086475482222,-5.279404355073037
2013-11-25,-5.095518773974386,-5.354396467291086,-5.161219094123654,-5.412405198645581,-5.396545092564326,-5.377599630744216,-5.190451020285749,-5.421687542933817,-5.433478899018024,-5.353983067616518,-5.324218003713571,-5.336312376166911,-5.324139989245129,-5.327576284414168,-5.3242053596687295
2013-11-26,-5.10909088717992,-5.309308897769152,-5.289801286158896,-5.373392697842417,-5.309129786857321,-5.344902108050476,-5.331664164035104,-5.382010886328203,-5.330519493848027,-5.309020013997332,-5.308663419557906,-5.3102227196996665,-5.308896476996498,-5.314344411203519,-5.309708781656372
2013-11-27,-5.1092102483665744,-5.5405497852106675,-5.4762456752042965,-5.608459352048607,-5.607041928656665,-5.573174861013108,-5.509747732800771,-5.634336955300956,-5.727831067708012,-5.540878675336969,-5.530246308727249,-5.537065163185817,-5.530737738913268,-5.535356855952417,-5.531209334057203
2013-11-29,-5.091386150265545,-5.367339360852215,-5.441746185284784,-5.441412124341539,-5.3168503945267815,-5.4104553104422095,-5.465563826559738,-5.442886857732123,-5.285288444909837,-5.363309000331606,-5.377785908592232,-5.376248693181317,-5.3777922266952345,-5.383703646667415,-5.3793845751831455
2013-12-02,-5.100415944119105,-5.310779143157247,-5.222868907261442,-5.394716128164397,-5.319424664723374,-5.345719788150437,-5.251141055768005,-5.413391502661868,-5.35501492009946,-5.309034268522229,-5.297865842797264,-5.307572223389525,-5.2986005412234185,-5.302790853817138,-5.2988298194683825
2013-12-03,-5.09051255071003,-5.186019646529948,-5.16382540309677,-5.228172274405852,-5.195115659177365,-5.212186936149329,-5.173694888508684,-5.2470748892561225,-5.193313524324048,-5.182711303534275,-5.182480634839465,-5.187708775182628,-5.182522792827364,-5.185852001779804,-5.183303936979748
2013-12-04,-5.15928380375667,-4.875716242538972,-4.921251247152128,-4.924455955155498,-4.880006842860891,-4.902201358369413,-4.979617549067494,-4.9294570285949355,-4.9092767106316275,-4.872136274347035,-4.888845447205766,-4.881665231525733,-4.889000728104431,-4.893207994633952,-4.890484697916139
2013-12-05,-5.1419596432262376,-5.007962428118274,-4.9767812297789025,-5.079469620550628,-5.046173478359954,-5.038899229477575,-5.021192236140739,-5.0836583248074465,-5.03669118124435,-5.003139584392555,-5.008111163384841,-5.008423710557646,-5.008018831232035,-5.013757884269108,-5.0092781876648305
2013-12-06,-5.132287308863777,-5.041467159788159,-5.028794227785609,-5.120569738407657,-5.043601147149223,-5.073108346820915,-5.070429078557778,-5.107847800559694,-5.024091046123644,-5.035622924449823,-5.047124549891112,-5.041645518568169,-5.047475092202848,-5.053918142416957,-5.048740923592702
2013-12-09,-5.109555812445022,-5.1959640013437,-5.087312907747362,-5.289733883697883,-5.209179440005512,-5.221989870981756,-5.11186945697021,-5.301277597658286,-5.249475718371342,-5.193999388742995,-5.178936224458987,-5.186964852231907,-5.180094390883186,-5.186706462786124,-5.180783371784325
2013-12-10,-5.095259393151623,-5.156027844428448,-5.018644850855411,-5.215947068148123,-5.173027543640243,-5.182530611665465,-5.027621216643278,-5.211056762106146,-5.227571660054071,-5.150882485327619,-5.136681307114119,-5.145816783175545,-5.137831923834493,-5.143204634132355,-5.137567719155075
2013-12-11,-5.110862327652431,-5.063222301145967,-5.06573737187999,-5.139482742892069,-5.109586592318399,-5.082048035878071,-5.114765357462162,-5.14945177250638,-5.02527291949072,-5.057878697929089,-5.070237587500544,-5.066064428134223,-5.070556711458349,-5.078323070554782,-5.072151173565887
2013-12-12,-5.130426746724477,-5.068498246315294,-5.032601235817956,-5.1188811389286,-5.106868934521055,-5.089396715506366,-5.087656665035816,-5.114315408034719,-5.059318672254,-5.065333877966917,-5.066598186904545,-5.068047933329089,-5.066366740503334,-5.073140276490172,-5.067688448864617
2013-12-13,-5.1468849297779355,-5.1037500351564615,-5.119441307698903,-5.1501804658330625,-5.075175272231858,-5.122487917456025,-5.159424627004026,-5.1610448132398705,-5.0615033693746625,-5.0994600733764095,-5.108819759706711,-5.104608944055002,-5.108930482984256,-5.118096027247678,-5.110506469297514
2013-12-16,-5.138724012692323,-5.208854842717952,-5.129906533677672,-5.277863185966636,-5.221120822864009,-5.225867486068468,-5.1452693627253066,-5.280680655962642,-5.1956298611906515,-5.205219990552181,-5.1975573891600435,-5.206017960916831,-5.19851827854845,-5.206068480344622,-5.199004347681495
2013-12-17,-5.121266966184274,-5.07744971007851,-5.124696172699162,-5.120016520474372,-5.077412569521915,-5.09307003395498,-5.17376170134263,-5.113315055663332,-5.023218504012533,-5.068872336074218,-5.092618683210071,-5.082793085670527,-5.092580738318257,-5.101837793641967,-5.094527830510319
2013-12-18,-5.629738555446482,-4.085290976762392,-4.478721765799066,-4.140737142533746,-4.103146537514669,-4.106947169057595,-4.640968074682514,-4.145453594026143,-4.0897912691605285,-4.08153330082172,-4.160981131426194,-4.137590277804495,-4.16052593801156,-4.179611602593711,-4.166570659208262
2013-12-19,-5.6109458440893825,-4.667234242665928,-4.686318147497484,-4.737705697551492,-4.696956619245596,-4.6878828838444155,-4.782818919686357,-4.7317119732539705,-4.753223560734495,-4.668341147348269,-4.67749918577995,-4.668567574514537,-4.677529487314417,-4.684498172368827,-4.680124338640753
2013-12-20,-5.517560225091092,-4.764643281605774,-4.768215107320933,-4.834882015982525,-4.83458044345224,-4.786466562107894,-4.850245489348179,-4.832618083447596,-4.791080820787169,-4.763620114556808,-4.771909800894924,-4.76846304461739,-4.772047240693119,-4.777634908586068,-4.774145857464642
2013-12-23,-5.361845405634464,-4.92725106853436,-4.845253401088436,-5.00548336327121,-4.972767949678248,-4.949243193289312,-4.931170771349271,-5.002568170302841,-4.9253063763827445,-4.923923470401219,-4.92349123184719,-4.923103902534684,-4.923211477198261,-4.928333742032254,-4.925959056083759
2013-12-24,-5.314542729969998,-5.12727780712525,-4.880716133494948,-5.227539637907284,-5.128081831716602,-5.146811248858771,-4.920147739961375,-5.220507446907401,-5.132604694881384,-5.1247236923817665,-5.091691294220464,-5.110274776524598,-5.093722461947476,-5.095329519095389,-5.0930093613209895
2013-12-26,-5.185525190676186,-5.666501762470026,-5.412038483096583,-5.7744457743935715,-5.724388871564482,-5.681645984026985,-5.430444687558672,-5.7835523234820725,-5.63967551090874,-5.664440105841216,-5.625467464964852,-5.642478685224679,-5.626111137555529,-5.628020979626131,-5.6262008322475
2013-12-27,-5.150194513268867,-5.630507561169162,-5.48835755833111,-5.703569058844695,-5.657285827081607,-5.6476912879502,-5.527987335140116,-5.689766674116339,-5.574996381644157,-5.629556474933037,-5.610534100451818,-5.619324442464371,-5.610652758878245,-5.614529667104318,-5.611958147848582
2013-12-30,-5.056054937574296,-5.84575026804925,-5.574536858176531,-5.955980304820047,-5.879598042202416,-5.856680161859054,-5.5650011883926,-5.957635042377385,-5.822706261437828,-5.8458853721571495,-5.798819495401484,-5.8137105422221715,-5.799273190239513,-5.8005649663419065,-5.799616112403423
2013-12-31,-4.9379191893651235,-5.628147830418897,-5.611742292508003,-5.711140286733722,-5.6252569528245076,-5.638782966497359,-5.635180891083965,-5.70599280656558,-5.595993607018626,-5.628583683491186,-5.626086418259121,-5.628347458549574,-5.626230612445654,-5.629044332669277,-5.6282594847889635
2014-01-02,-4.888061752344043,-5.165002518207119,-5.153235775633231,-5.2397247860361365,-5.214919540162864,-5.171168046110192,-5.1912253552970675,-5.229505170569648,-5.153421676533155,-5.165769535378315,-5.165585838492028,-5.165092650127253,-5.165683693030544,-5.166407089850946,-5.167224462312959
2014-01-03,-4.80964256162259,-5.314906721671847,-5.200760172691946,-5.3955310003505685,-5.336793151172092,-5.317467388610584,-5.231324636594187,-5.388393824755621,-5.353811930212352,-5.3154556942004625,-5.2970111741896995,-5.308815160930681,-5.2976928305939825,-5.297636412244274,-5.298796103407919
2014-01-06,-4.825770574263265,-5.017946515244402,-5.098210354856978,-5.0984892078765105,-5.032628507215075,-5.017287891520841,-5.170772351513801,-5.081155788894013,-4.999074827613947,-5.017809157914062,-5.037814820577837,-5.025932880201781,-5.037543403654557,-5.03969117710143,-5.040774440091048
2014-01-07,-4.7968726677914395,-5.258995605132171,-5.094052768458276,-5.35453279428139,-5.30374717293188,-5.256471436426877,-5.130805645302646,-5.351742951550775,-5.259017525202973,-5.25988749022472,-5.236550518798276,-5.24328119878482,-5.237488599867144,-5.236625579402046,-5.237697401044298
2014-01-08,-4.823061334863172,-4.917222760476682,-4.9530308105644965,-5.009105352283024,-4.952232785116976,-4.912585672416166,-5.010422808747584,-5.000426290429966,-4.918512356936159,-4.917780267187229,-4.92874134208016,-4.920849822826884,-4.929072045484255,-4.929466343301319,-4.931696437625789
2014-01-09,-4.826916858093356,-4.990307840385106,-5.054858769146726,-5.07535103512761,-5.036355279753931,-4.985962388772409,-5.109144231765683,-5.050539856543762,-4.961745582539596,-4.9905798305168245,-5.008490728654809,-4.998140183059091,-5.008609392313161,-5.0096830538031645,-5.0110163537885235
2014-01-10,-4.828265384902155,-4.959970022754377,-5.017031164265783,-5.042018751940705,-4.978357395922522,-4.952832417205267,-5.07498760115156,-5.017134648433566,-4.927078832451272,-4.959370842258867,-4.975510895991339,-4.968379149039125,-4.975466959309742,-4.976581718842461,-4.9782816997118475
2014-01-13,-4.8342868648226185,-4.969340907223982,-4.982173054910447,-5.082965678779657,-4.962299170804366,-4.96338161729045,-5.035471552542523,-5.070518833126485,-4.912199610846593,-4.969197167506827,-4.976081101890168,-4.970272210845269,-4.976612044063703,-4.977051327217022,-4.978836525836677
2014-01-14,-4.846447262380371,-4.9726795356623485,-4.986467569619229,-5.066435388181365,-4.986733282529317,-4.968067743434889,-5.057041120475656,-5.034123237075293,-4.954822104628075,-4.972561044376164,-4.980095942706306,-4.973139714516435,-4.9801138140148815,-4.980688394170715,-4.982060400377396
2014-01-15,-4.84245819291711,-5.099506621209632,-5.057084958005485,-5.193672439773898,-5.070981482701587,-5.09633959479943,-5.075830257792917,-5.193092148265185,-5.0017927341629465,-5.099656610694344,-5.091451817960056,-5.096144349233166,-5.0916310376022755,-5.091692659403094,-5.093406425542154
2014-01-16,-4.807674515993375,-5.181446731450727,-5.087361088412825,-5.2772224371128935,-5.1460325596544285,-5.1752802523982036,-5.081078641151088,-5.245069184438245,-5.14202798757942,-5.18346242255844,-5.167005176036336,-5.174204144067709,-5.168133016230424,-5.166353280454104,-5.16823390776994
2014-01-17,-4.790024886751121,-5.1127487101914655,-5.129674790298847,-5.19075720907836,-5.0908211063389945,-5.1054321812380685,-5.131768843768618,-5.1682756777901675,-5.106322387198827,-5.1141422854460385,-5.115841475191481,-5.113731166059233,-5.116233784961594,-5.115383969195699,-5.117379943957751
2014-01-21,-4.810510395857099,-4.952713346322083,-5.038429433503055,-5.009793031693063,-4.9369723712054014,-4.9480309274937335,-5.060612660975507,-4.985606812623829,-4.922650645039787,-4.9528481666843325,-4.968645665357846,-4.96252097138977,-4.968912106647172,-4.968494057181884,-4.9700765501102655
2014-01-22,-4.795201539202253,-5.3598251283588265,-5.195685413629261,-5.444534773167909,-5.32111542840365,-5.355725036452966,-5.178791917678067,-5.429556082848656,-5.333247829695299,-5.359861787962581,-5.328257160908587,-5.348296710054164,-5.329371429484695,-5.3280733308777055,-5.328319083942019
2014-01-23,-4.7820359612632775,-5.16318123207781,-5.044230670578939,-5.253033120582211,-5.15375075456106,-5.15958260819556,-5.03670042846017,-5.225013346041121,-5.0863867216525085,-5.164942608151313,-5.143707095781171,-5.158875930280555,-5.144158845447643,-5.1426088055940795,-5.144886611391353
2014-01-24,-4.802930647691885,-4.892263730905949,-4.7647984538832855,-4.997634018508357,-4.972668068832539,-4.885234106397966,-4.775614691520228,-4.9827044236494284,-4.905996703983971,-4.895752691459258,-4.86947442548196,-4.8904629295928395,-4.8704312871178255,-4.867503835069132,-4.871292029110524
2014-01-27,-4.86399769934052,-4.6447112795455485,-4.698550881429281,-4.694086876367544,-4.751826242082532,-4.638044547687273,-4.754700528459855,-4.686668614989262,-4.653071451927978,-4.654991254891968,-4.659303735840669,-4.651175528075508,-4.659621096092772,-4.659488095473932,-4.6615410487465265
2014-01-28,-4.83742574266157,-4.874561794868193,-4.850855225642256,-4.941243794331665,-4.95059821194705,-4.867416004615138,-4.896569169759795,-4.923999362574666,-4.873132244271323,-4.885838402028676,-4.875931635399151,-4.874904406119297,-4.876374631074403,-4.876477965636985,-4.877223838046406
2014-01-29,-4.859687860010011,-4.528290553086016,-4.576943995911469,-4.617824454899779,-4.609861840607474,-4.514366157793776,-4.648327654791365,-4.611612429579086,-4.522290282401968,-4.54090759154434,-4.540377638745999,-4.536109044359318,-4.540960627115872,-4.54211315078274,-4.543046479346854
2014-01-30,-4.871053391567546,-4.73420958486808,-4.684056600124118,-4.849273226864109,-4.81576338520335,-4.718969800655708,-4.760280611688893,-4.8344743630990665,-4.7199182475175485,-4.743797093287914,-4.732677068613844,-4.735116751038617,-4.733649967809826,-4.734831670692792,-4.734423433559501
2014-01-31,-4.931239525296116,-4.507571490950609,-4.627880249611675,-4.602667283929218,-4.5811461842246235,-4.4859400219179095,-4.707485253364155,-4.587193330706026,-4.458389146608122,-4.531466422355444,-4.533549158385797,-4.523947781758392,-4.533994567823059,-4.538310300496349,-4.536882475668903
2014-02-03,-5.044653602289265,-4.374043429544307,-4.370052561041467,-4.478721841474065,-4.4830856377036135,-4.35226735552142,-4.44329283271906,-4.4558672040275775,-4.311469910729299,-4.398650458243347,-4.382358252590076,-4.374788023467719,-4.382693934275672,-4.388473932571752,-4.385186656436625
2014-02-04,-5.081848457956412,-4.391008603016059,-4.507414130293779,-4.439239752364141,-4.457941025143951,-4.358612506549904,-4.552826166147442,-4.445011179562543,-4.299849065951069,-4.420770435830373,-4.4149322731256255,-4.406616204430373,-4.415203349124075,-4.421775546501667,-4.417736083678835
2014-02-05,-5.16595967713922,-4.337164834999645,-4.399730880077175,-4.437084267714647,-4.431692194623389,-4.322809717152538,-4.492006778678941,-4.4174995722497865,-4.303561656326528,-4.362779524198145,-4.356227056057563,-4.346589827477134,-4.356832102821003,-4.363987306558824,-4.35963816872126
2014-02-06,-5.134581251000592,-4.6836742054689,-4.597556472497369,-4.802999374106447,-4.6864451712569535,-4.646511300135325,-4.600033243122609,-4.777132413311501,-4.621400570003816,-4.710473360897746,-4.671097633683263,-4.682307927005505,-4.671573693164438,-4.67568246617232,-4.673561529275785
2014-02-07,-5.138921858801038,-4.54544765047378,-4.638788971641204,-4.625764852574653,-4.609561343105479,-4.5157269455110365,-4.699242260162848,-4.606126357322269,-4.491167202798709,-4.569334005160356,-4.567905104707759,-4.559633483019551,-4.568719837819257,-4.573703202848942,-4.570364634089671
2014-02-10,-5.079045019565995,-4.8872904117579274,-4.810072521677747,-4.984414564144931,-4.962950529177104,-4.850147771205105,-4.857833165374875,-4.951397047937856,-4.787157012349938,-4.914212339460766,-4.882562275442882,-4.885043557335637,-4.8828053953022215,-4.8867722881259406,-4.884335777059354
2014-02-11,-5.041386219604327,-4.821788364241809,-4.860098268559514,-4.894203810733724,-4.91158125287517,-4.7568343775249335,-4.9190558784536,-4.867322451973167,-4.733290989646574,-4.844381862893383,-4.834941329285757,-4.8283468947913235,-4.835288752523591,-4.8401181582003305,-4.836891501119116
2014-02-12,-5.031200284922221,-4.921787125851311,-4.957495667190242,-4.991388012165595,-5.011908940664598,-4.8560525696060415,-4.9976599202136756,-4.963558142288699,-4.8398517992870715,-4.960519813216634,-4.9333023114584496,-4.926435715159629,-4.933230134599649,-4.937113836022206,-4.934935126194311
2014-02-13,-5.029238912212477,-4.956009612920464,-4.990296342538596,-5.03352106677352,-5.022052537266384,-4.890414559330395,-5.013878363411604,-4.9988977216834405,-4.826965660712128,-4.967070373016814,-4.965216348950305,-4.962490460792161,-4.9656122796050886,-4.968833311686495,-4.966738062976786
2014-02-14,-4.961610587844794,-5.136182849039493,-5.030826430111877,-5.240076063171475,-5.22515508025565,-5.108814154251058,-5.03417791919671,-5.212051896940982,-5.090196221146602,-5.163067865629563,-5.119663335612737,-5.126639344374808,-5.120534504978281,-5.1241682695081225,-5.1206263253308375
2014-02-18,-4.9425818400717585,-5.012732317208371,-4.99233451472094,-5.12281194046212,-5.076244104310758,-4.9980851809666005,-5.0503762732488315,-5.0786152195594605,-5.0107931610210175,-5.052785304479011,-5.0158523039414415,-5.015174117710392,-5.016292373869401,-5.020401328446899,-5.01819225777591
2014-02-19,-4.9402487432948154,-4.770735657090076,-4.89576844863246,-4.842803984792271,-4.849183934343692,-4.721586377995531,-4.9495221002459235,-4.813535303107888,-4.680821341942723,-4.808515923899456,-4.795816577454019,-4.785008833131154,-4.795971364169745,-4.801535534687748,-4.798638889580121
2014-02-20,-4.913005555113543,-4.789079887434013,-4.874648011730248,-4.885129212929139,-4.853913624610217,-4.695508286345876,-4.913851128186039,-4.867212619680902,-4.690849197463476,-4.839464456293135,-4.806137119426417,-4.799916412242746,-4.806400322526603,-4.812152662410281,-4.808847091943282
2014-02-21,-4.879220770103016,-4.97346331364301,-4.960160997422359,-5.098990369622267,-5.03737689240502,-4.917572702639111,-5.0368663691383375,-5.059863963036315,-4.928195214509853,-5.027201930493872,-4.977376161530084,-4.974218950812317,-4.977733914211844,-4.982815622636338,-4.979675452104424
2014-02-24,-4.859316845881155,-4.834734273200455,-4.988453974150024,-4.936561398972949,-4.874645493494807,-4.754288155156903,-5.04742571508081,-4.909829482061076,-4.770135002300882,-4.857176631355897,-4.863181525567627,-4.853813869231571,-4.863669904767084,-4.870108093012249,-4.866062826962051
2014-02-25,-4.8431832417918415,-4.711772466560724,-4.8320702293712,-4.805585681749752,-4.748695983089095,-4.6474828271126825,-4.881774431650338,-4.78787586036003,-4.630255063495677,-4.749428686392367,-4.734196309863898,-4.725470521849147,-4.735107894232636,-4.741116795270916,-4.737199758771296
2014-02-26,-4.846727067604745,-4.766260858030195,-4.8220582003657375,-4.851808014828243,-4.7772763402289184,-4.719348354365591,-4.859226591556786,-4.831368048808451,-4.689993796328839,-4.786219524899321,-4.78208840630537,-4.777930161026595,-4.783381502842326,-4.78797270646021,-4.78448189647598
2014-02-27,-4.859961270281694,-4.840056568472256,-4.856218355870843,-4.952909837894018,-4.8606489141961235,-4.779942753002503,-4.9078746236087705,-4.925262709401117,-4.782589503240598,-4.867401910022088,-4.849091497780599,-4.844740739799174,-4.849644838284996,-4.8561920524208535,-4.851414082412987
2014-02-28,-4.901216839924803,-4.639597536093461,-4.848442073871491,-4.725460479086107,-4.660510090779306,-4.5768477498235836,-4.908344520014672,-4.708797765934763,-4.568045124590119,-4.6919858193680035,-4.678467822909362,-4.6640648427088,-4.678337948028907,-4.686977378009761,-4.682010845009152
2014-03-03,-4.958840837280117,-4.566467978031374,-4.740613806009936,-4.679534969728198,-4.575292282092358,-4.554447470504275,-4.81749522847589,-4.661870080442723,-4.5248748079308365,-4.581730758193387,-4.60093454301541,-4.581010284173145,-4.600797907021321,-4.6105084924875195,-4.604949070641642
2014-03-04,-4.961179637316329,-4.845028269773703,-4.944593810254399,-4.925344212671913,-4.857603168478046,-4.790186261687837,-4.982485769068814,-4.909760061973402,-4.714490047190556,-4.855319578385737,-4.864772835867876,-4.858658973987771,-4.865054692678791,-4.872279107597162,-4.866468244970159
2014-03-05,-4.9100123949680565,-4.909327420875719,-4.969208464453978,-4.992548942941759,-4.917311517288229,-4.851530150470421,-5.013745499753821,-4.96944838322796,-4.858845279263496,-4.905662716409754,-4.921853190547322,-4.913644560879971,-4.9220309676554415,-4.928877398012968,-4.923689934376686
2014-03-06,-4.8440163614766325,-5.0523655790192885,-5.036942255347318,-5.136101093034087,-5.057980723545797,-5.013206867679651,-5.059278354847175,-5.114234339701511,-4.984221821960496,-5.071521584749069,-5.052717903476313,-5.054301252441466,-5.0529989789838305,-5.058123168688594,-5.054027852428201
2014-03-07,-4.848318067048174,-4.790806709778883,-4.992801464967536,-4.865620169117154,-4.79513937831741,-4.747923064948831,-5.077644829881498,-4.832281590158645,-4.705034938571567,-4.842736341938143,-4.832116518934742,-4.821071705757916,-4.8319834277314015,-4.8403345017500365,-4.834977409111495
2014-03-10,-4.8477573634421764,-5.0095376746537195,-5.155475736321122,-5.08037127083327,-5.012271763188502,-5.000565012286408,-5.22166240626117,-5.063465420963198,-4.921958095370857,-5.024335274461535,-5.040199992832062,-5.022706560735685,-5.039925329850451,-5.049040640866251,-5.043027343349155
2014-03-11,-4.802567611916878,-4.875526907775692,-5.08420409716769,-4.9565600722662655,-4.877918104569242,-4.891951739802555,-5.142603762555555,-4.919597122045312,-4.835466078414151,-4.899703182900137,-4.913899039601893,-4.904802347079453,-4.914218427007411,-4.922104202613411,-4.917050417996403
2014-03-12,-4.754959056614034,-4.866852675519819,-5.062042717891687,-4.944824183995297,-4.867391621207513,-4.880466442165956,-5.113874020019099,-4.93189645268712,-4.852835348721227,-4.881882558381562,-4.9015513381656595,-4.8908451425007335,-4.901435536016559,-4.909001625268213,-4.904786306846988
2014-03-13,-4.758068096460419,-4.687334848277319,-4.829569440662852,-4.755090260601053,-4.687714911686686,-4.678538120979931,-4.868714676332001,-4.7314780057779044,-4.661772714198831,-4.720328580291187,-4.713517672526011,-4.707169774875169,-4.7132871122658315,-4.7185796256994275,-4.71571246426908
2014-03-14,-4.674768629942888,-4.680420130859491,-4.82403476103192,-4.766455287027997,-4.680497799080004,-4.665081166003521,-4.897907643392234,-4.72608635948009,-4.614389389083346,-4.767231697979948,-4.710795618714799,-4.696899761048105,-4.710687336621357,-4.7195388511972585,-4.713584234691883
2014-03-17,-4.6683718317349685,-4.763806612578366,-4.9650309135023605,-4.818965491556608,-4.76357812511243,-4.769729889326016,-5.047813933037944,-4.797633371146668,-4.709791501796946,-4.80571105590947,-4.80278869143293,-4.787010384601059,-4.802946117655415,-4.81165342128711,-4.805847334159841
2014-03-18,-4.6634488697744,-4.8669785990948045,-5.0491406769258145,-4.939737959925652,-4.866429158968903,-4.862276619626673,-5.117173175921776,-4.9048781353219315,-4.733350197660557,-4.860335644928563,-4.902606734528148,-4.8865647305370565,-4.9027168090522,-4.9104477589457245,-4.9055834458741465
2014-03-19,-4.712921108415808,-4.574015741101603,-4.792156570630754,-4.625698989673993,-4.571230291022113,-4.494731578561022,-4.85842326671833,-4.586937214287327,-4.472774879378557,-4.675553469700518,-4.614302704042203,-4.600311233797393,-4.6141404098020224,-4.619318366259061,-4.616736597532264
2014-03-20,-4.736759965605168,-4.725029103181495,-4.847050482283275,-4.783561159466359,-4.720739108630651,-4.701447034077268,-4.9113597196052705,-4.754689305958675,-4.690878985637622,-4.829523906825231,-4.750445796392892,-4.736923706072291,-4.7505116511952625,-4.7573257011105,-4.752447247927214
2014-03-21,-4.769670508329867,-4.665863197163405,-4.825949120266621,-4.751995847747971,-4.661260951628716,-4.6143957411883845,-4.905123338946595,-4.707663115631493,-4.636676645894375,-4.755394930121566,-4.697352053381049,-4.686485499156062,-4.697374138962956,-4.705334940206238,-4.700117481879717
2014-03-24,-4.793076987868375,-4.572355124621675,-4.749939322949642,-4.662562786766849,-4.567533845142012,-4.526569586791139,-4.796780899641287,-4.626694194168704,-4.4947349782261,-4.671903714078872,-4.6077259984329935,-4.599379331576593,-4.607731997407686,-4.6184105289152715,-4.610816473873051
2014-03-25,-4.7989867428261475,-4.588709210598774,-4.849721919199125,-4.684415400124233,-4.585694481156153,-4.596034506817696,-4.9601675585503635,-4.6588700352632095,-4.585412413178793,-4.684929248271624,-4.64066558526719,-4.6248792524383875,-4.640772719952557,-4.656621902316513,-4.645101955342546
2014-03-26,-4.75694896354368,-4.612775375046431,-4.788481073013834,-4.6881276325110655,-4.607876563989632,-4.640549175721807,-4.8849086056850695,-4.64627946169121,-4.596362544152241,-4.721756123908717,-4.651481405204016,-4.637060722443793,-4.651504934506284,-4.667480193229975,-4.654590794286587
2014-03-27,-4.791776726921948,-4.542765928127124,-4.593525041391864,-4.645320327818355,-4.538329209898572,-4.59916651582614,-4.684055826440486,-4.587522995265505,-4.528368977212461,-4.639616607178016,-4.562268360425559,-4.559531435546788,-4.562614463159017,-4.579362925419925,-4.565159581099514
2014-03-28,-4.80135503039755,-4.677379050396907,-4.763903962184409,-4.766665606005546,-4.67235652945091,-4.699034533448885,-4.8436736996179235,-4.735421049214724,-4.664088678699046,-4.791116370225382,-4.699253909122634,-4.686636061812257,-4.699234677096083,-4.715557717555407,-4.701919699791774
2014-03-31,-4.795928287627359,-4.869784000995361,-4.889966471804257,-4.963003945922576,-4.861792404355194,-4.931616888234505,-4.97447266920403,-4.930910025606787,-4.9057065876194885,-5.019488840014945,-4.880521740572881,-4.873075002552055,-4.880336473547445,-4.894147936866811,-4.882816307548395
2014-04-01,-4.771108308101156,-4.933695457634413,-4.992250244723682,-5.038011276405258,-4.921647904605225,-4.910207848551206,-5.051053529343241,-5.004220080196193,-4.922438583650147,-5.061370375343913,-4.949307702071372,-4.939802085061601,-4.9493273576575145,-4.962848597289216,-4.951856287447547
2014-04-02,-4.7587893653001005,-5.062098005763889,-5.045469469748346,-5.183517375453482,-5.055643879191363,-4.986847670186799,-5.0940669589401,-5.153120789903688,-5.034850215526769,-5.1802503739758645,-5.064683448948481,-5.0618593243027235,-5.065222730250888,-5.074251959098546,-5.066656521613602
2014-04-03,-4.747580210952136,-5.100375950398571,-5.074431032075934,-5.20178468677353,-5.089852417260568,-5.08215549837516,-5.1109986084372965,-5.171362449886987,-5.113175983602754,-5.183429878276086,-5.099338604938957,-5.1013334082224535,-5.10103589253201,-5.1024637175091865,-5.100534283011759
2014-04-04,-4.7193393350879385,-4.752097306465905,-4.785565111139027,-4.869452746683018,-4.747980032498896,-4.748559305195717,-4.848612687829899,-4.825416361012708,-4.780698240232117,-4.8523226690850905,-4.764738702770718,-4.757862410596045,-4.765111889302192,-4.771657522599962,-4.767324845549407
2014-04-07,-4.745217131905782,-4.594747657049971,-4.663794258265998,-4.696460167403042,-4.5943439508647455,-4.600097973326294,-4.739825527460565,-4.655887481540602,-4.623477407718493,-4.7021869942097725,-4.613903912937547,-4.602732911660727,-4.613920053959299,-4.622104106040448,-4.616325792241756
2014-04-08,-4.744528290995288,-4.6614871269750235,-4.605787053367927,-4.743963358788305,-4.65582944842724,-4.718693374240739,-4.64263835063662,-4.7136385514983985,-4.616411268361242,-4.728048901323563,-4.659689553237962,-4.659634414563274,-4.659783847991584,-4.666238870980943,-4.66152803141914
2014-04-09,-4.764936024028314,-4.737670163629744,-4.735926408316611,-4.8521860301452575,-4.71619807713684,-4.746628964106764,-4.799436937350502,-4.8213843442834525,-4.654442411634941,-4.8476411726315485,-4.74448379028956,-4.739589192255774,-4.744630331239058,-4.752398022943542,-4.747227950045841
2014-04-10,-4.836341637564237,-4.418723765355253,-4.540109765626216,-4.518337879172526,-4.405738814949703,-4.406133790365477,-4.604036522579821,-4.491179738861021,-4.393159144055014,-4.498663686879076,-4.444274553449728,-4.429068629716053,-4.443834116127287,-4.454733856443612,-4.447725357282682
2014-04-11,-4.908189800464841,-4.382567307932912,-4.463190553130201,-4.4666399710321185,-4.376261040819179,-4.347848304199732,-4.525800343392459,-4.416028963564867,-4.347048486934961,-4.449987688178023,-4.40461748465908,-4.391181196639512,-4.404981220739269,-4.418713569497094,-4.407076522089643
2014-04-14,-4.896474709970184,-4.5015297279699835,-4.6521873662144015,-4.566200130420785,-4.4916203236278065,-4.487791876719913,-4.7275429597427365,-4.526966467056321,-4.455098508208103,-4.538452010701151,-4.53396588319984,-4.523029131996692,-4.534270188072673,-4.545193328410842,-4.536214096461977
2014-04-15,-5.03065408721547,-4.182688264460603,-4.416311044784281,-4.260869505697779,-4.178969743927156,-4.188003275944972,-4.495858346175362,-4.2197173571436135,-4.183403267612922,-4.204220041035233,-4.229304414365783,-4.211871124753701,-4.229007081911717,-4.243017214529599,-4.232427094634961
2014-04-16,-5.066957686463058,-4.431490370204755,-4.563455590494561,-4.5026724245617995,-4.423374807028508,-4.396900959196859,-4.617359323134754,-4.469111784976152,-4.410224803383508,-4.48194650220309,-4.45702679706497,-4.444471905389111,-4.457192715364421,-4.46732602610581,-4.459475463442905
2014-04-17,-5.064948989773176,-4.5476736860084905,-4.577000581764746,-4.64275216742377,-4.540718774274214,-4.476426697884464,-4.645452721391849,-4.599114191928492,-4.6036761986001515,-4.619630339360264,-4.557204900464361,-4.553158538064236,-4.557777902260046,-4.5669994105146605,-4.558597432909879
2014-04-21,-5.05845551793814,-4.7894890301263535,-4.761874845035505,-4.895728248017293,-4.780137705822583,-4.78495528065869,-4.815863657711693,-4.866812048505198,-4.824176395094973,-4.841793345751973,-4.788626704428843,-4.78910082873839,-4.7886399526116366,-4.795841553801484,-4.790484130393987
2014-04-22,-5.055306042865074,-4.870480273293531,-4.800911773025369,-4.978837969876174,-4.852670592049654,-4.930685700658507,-4.866926889794104,-4.930744478589801,-4.828664789909707,-4.899889666557353,-4.8669570156246,-4.868374216947137,-4.867315467002284,-4.873446838925782,-4.869209100833971
2014-04-23,-5.070907821446837,-5.038808884894987,-4.866836670347126,-5.177082273543348,-5.034603665923807,-5.137156724697293,-4.943728723536548,-5.133045981945748,-5.0071077768192955,-5.057446534960461,-5.019814915287831,-5.030889953018526,-5.019845422687696,-5.026080596376065,-5.021606100153305
2014-04-24,-5.113036869314097,-4.8660931640839795,-4.781380677046467,-4.97950206292688,-4.86710263536289,-4.9140302937468,-4.850071409148887,-4.933147858238071,-4.846676844649844,-4.948146029255882,-4.860738840327098,-4.86684756190902,-4.86112888716043,-4.868923861284076,-4.8625631023256135
2014-04-25,-5.158276678873781,-4.818913356536625,-4.842462186581546,-4.939821859345282,-4.81472181779562,-4.85737767135612,-4.902297845160044,-4.899697792050792,-4.7553459547812365,-4.90088207558854,-4.8306157244855426,-4.8264967695193475,-4.830968200393871,-4.842069426172737,-4.833164191483908
2014-04-28,-5.279931462402272,-4.509929585137426,-4.55662045906857,-4.6143969112572965,-4.51010187984568,-4.56219491569769,-4.632974952632323,-4.582941956260055,-4.448263702336177,-4.5752355623925345,-4.528284949198374,-4.516095503520046,-4.52834775838772,-4.541996439277034,-4.531865524633971
2014-04-29,-5.298724122948802,-4.804274476687403,-4.874473223634628,-4.941794026192382,-4.802628696181009,-4.8098712792764555,-4.949686375122491,-4.940545758167589,-4.800413521722472,-4.872955184969764,-4.821711695308434,-4.811741589582125,-4.821950032036669,-4.832650451742423,-4.825867223737541
2014-04-30,-5.307338004934862,-4.778116683798107,-4.694549034153622,-4.888323205397096,-4.762901629506107,-4.833045437823751,-4.774917558156786,-4.857580429583505,-4.795343035885878,-4.879531882964889,-4.772813197194183,-4.776847434741358,-4.77444804901343,-4.781332151425395,-4.774885019337839
2014-05-01,-5.325048319667472,-4.801399028566092,-4.705737381170455,-4.926847803612751,-4.779610978440996,-4.899500741861483,-4.754556188589284,-4.886716179932624,-4.779493986314661,-4.892275843307163,-4.79541032840189,-4.799322217258251,-4.79631632908491,-4.803099666160821,-4.79721349430399
2014-05-02,-5.385896239418537,-4.667123423915408,-4.75648800144972,-4.758778061461624,-4.644014296396958,-4.650634675693783,-4.857585003399063,-4.699799378374865,-4.614154000223405,-4.770950032632944,-4.692711771884722,-4.6769291082937485,-4.692841733554313,-4.701550357131653,-4.694945878611442
2014-05-05,-5.39753258357256,-4.86794411597637,-4.919292942942998,-4.957393917907391,-4.852025408038399,-4.858566442150793,-4.957032634860655,-4.931018901274955,-4.770190709662755,-4.9620744486408075,-4.882743069267472,-4.872067292162434,-4.882869649019319,-4.891487122291327,-4.885199719487145
2014-05-06,-5.443454826338791,-4.822469816527549,-4.97528068553017,-4.902245216553198,-4.812923311577489,-4.847841618940879,-5.066821784320199,-4.857697760216703,-4.757331369594149,-4.910549084017879,-4.860322549760947,-4.843311404337497,-4.85973756858541,-4.870688389375479,-4.863550769532637
2014-05-07,-5.617619175873589,-4.466602721718663,-4.603065359387383,-4.539794801487813,-4.461454218076513,-4.469834060967495,-4.690734869094057,-4.514895301555796,-4.410268766168219,-4.539218350066915,-4.499316422902446,-4.482826173440805,-4.4992269179463396,-4.510964352724485,-4.502867501082092
2014-05-08,-5.709656934343651,-4.597651941638984,-4.738007577366461,-4.679653550474715,-4.594198868715295,-4.57865676454796,-4.8573585243352335,-4.655237562962839,-4.606251920200869,-4.675050573568499,-4.633691328335724,-4.614223962679466,-4.63406192908871,-4.644336263672743,-4.637446370448087
2014-05-09,-5.797568127760296,-4.59795682276662,-4.763162714210218,-4.713004696701355,-4.600158052436815,-4.578290730385427,-4.909803311065733,-4.667180734586353,-4.60234851415445,-4.68717489517331,-4.63911605831141,-4.612660902457852,-4.638847508853966,-4.650814465819117,-4.6431763927012355
2014-05-12,-5.760558069274785,-5.0030755067476,-4.885244417665637,-5.099784382080971,-4.990206209660179,-5.00388697946412,-4.934420599523789,-5.071270188448966,-4.952071245810391,-5.065399725833269,-4.989751363199479,-4.993450053401958,-4.989967926542346,-4.994721582669657,-4.990763123367101
2014-05-13,-5.732469141844429,-4.925849162113938,-5.043205162888954,-5.009928476017679,-4.921522155919043,-4.918138793226427,-5.153597807458369,-4.964750538545641,-4.881059130535939,-4.928547911368277,-4.957922256927565,-4.939283265075181,-4.957737020898262,-4.965952582725001,-4.961255472432544
2014-05-14,-5.728419995507175,-5.015341554655499,-5.108396090150456,-5.08971637754902,-5.007459505686149,-5.012637223186282,-5.208853653442484,-5.059459730094435,-4.971514489232496,-5.070714511547374,-5.041366357303956,-5.025129725642322,-5.040986319398767,-5.050452534323015,-5.044766904314802
2014-05-15,-5.851917290739771,-4.713385144122415,-4.842992343471347,-4.800665724086518,-4.712012116017725,-4.712033913808106,-4.927960335566583,-4.796597132953044,-4.701019146800037,-4.775169833042627,-4.7411829497818925,-4.72618013052827,-4.74125256803562,-4.749461610741379,-4.745016985886135
2014-05-16,-5.877108933732393,-4.948429867967746,-5.054709547063331,-5.051317298108088,-4.937120749961881,-4.946380752460476,-5.16392422520244,-5.013991421721647,-4.9002665639617975,-5.016931053470634,-4.974981880241299,-4.960217790956632,-4.974806734905632,-4.982242086036436,-4.97856274030396
2014-05-19,-5.883585841316492,-5.115305875950255,-5.107836865732688,-5.218271391533716,-5.097964603098734,-5.11549168749577,-5.179717372533289,-5.1824357966025225,-5.049157740480488,-5.181257899452034,-5.121661658265029,-5.118453834968713,-5.121622735909696,-5.12809782167066,-5.124490569918308
2014-05-20,-5.9666923160164185,-4.914510837419864,-5.005432936186465,-4.997786018147317,-4.904811310469055,-4.914801925122515,-5.109937303189454,-4.935922806665843,-4.842885272361105,-4.985220665658542,-4.940392185071035,-4.92446601660132,-4.9399261717883185,-4.9481061618953435,-4.943465901925277
2014-05-21,-6.00454966723045,-5.022431796503734,-5.111268006574919,-5.0957897871612925,-5.015450949729347,-5.019693763609866,-5.190896750206318,-5.0835056243772705,-4.983025136019572,-5.096363171003699,-5.043129391059614,-5.030850745189538,-5.043743500629632,-5.049560539605323,-5.046092812643826
2014-05-22,-5.986430969851092,-5.18392394487626,-5.251189317264275,-5.333590956911217,-5.175547253638379,-5.184809629375553,-5.352711845584772,-5.309473091347432,-5.1789428926011345,-5.241827659549877,-5.206130715361786,-5.192057851027237,-5.2065826806304605,-5.211143161341013,-5.2090266349494945
2014-05-23,-5.945616667743025,-5.533208210977872,-5.29654509434177,-5.660911229251325,-5.528391440749308,-5.532435335778951,-5.351974525783873,-5.62675938456332,-5.529351853564622,-5.605100932147664,-5.503616088496308,-5.513382175362227,-5.504039973661492,-5.506498192412181,-5.503841119102386
2014-05-27,-5.864778986110071,-5.440150581771219,-5.353393791481915,-5.540632165925995,-5.425713508793101,-5.426272870445137,-5.435788753312469,-5.509107888568106,-5.412943728608651,-5.5172810065940805,-5.436511499539246,-5.4374219205924454,-5.436118249456303,-5.44088676652137,-5.438180844467146
2014-05-28,-5.863721163857962,-5.483145328339518,-5.398135918961565,-5.591240766880656,-5.47811561048885,-5.480095122459563,-5.442565095060232,-5.575195608627363,-5.4517017385902085,-5.538970988254253,-5.474050652505422,-5.480863724874846,-5.474361652799083,-5.4782591836941625,-5.475399731984289
2014-05-29,-5.87248795121491,-5.565106622291319,-5.532415024328435,-5.671519103385036,-5.553547587041411,-5.567168965722412,-5.593886187624772,-5.64654981908517,-5.5448943287625765,-5.644468990764406,-5.56681343865266,-5.565034711797278,-5.566722308942372,-5.570905943068896,-5.56854730170104
2014-05-30,-5.870793925900024,-5.596078965654381,-5.573339456526832,-5.711966138079641,-5.580190501246679,-5.587498570456448,-5.647730418921312,-5.682039016894879,-5.542778866551469,-5.682282584368913,-5.600712355278511,-5.597375279798328,-5.600731242766084,-5.6069546024746915,-5.603411218211676
2014-06-02,-5.905911421984246,-5.393688363481799,-5.404462476662033,-5.482252004663607,-5.380977103037351,-5.387368359340529,-5.473180297213141,-5.4508900743676145,-5.348879077920463,-5.460445731151198,-5.402405397030968,-5.395531905329334,-5.402308521544601,-5.4070582327248085,-5.404284466877711
2014-06-03,-5.9174009795488605,-5.452669367696061,-5.4840919089936255,-5.4953666800881145,-5.440188505533864,-5.447037651142322,-5.529922512502023,-5.472079164794276,-5.42877943726601,-5.515300358412148,-5.462608757284846,-5.456008393069988,-5.462550724123894,-5.466949200243157,-5.4638335209978885
2014-06-04,-5.917904256206026,-5.577235646026789,-5.52954574099462,-5.6409703833858345,-5.564687573489773,-5.564249085540266,-5.562675661839333,-5.578000205098256,-5.503906115306631,-5.595199410073605,-5.576101043526755,-5.576674248352283,-5.575448964786726,-5.580014714220354,-5.577347779357637
2014-06-05,-5.902568794098842,-5.351385967838043,-5.399693197816163,-5.400985901880165,-5.340527231542081,-5.347081382204999,-5.43251659786161,-5.3906895505503005,-5.335692530606063,-5.382784547357776,-5.363128358066393,-5.35304627011577,-5.363103763981673,-5.367387987007336,-5.3651146026807135
2014-06-06,-5.871371675151514,-5.644270047268313,-5.475068998309713,-5.697506001610066,-5.633052407324204,-5.622163441931091,-5.468119967882743,-5.675786687290435,-5.605998225517983,-5.703483208970734,-5.615722830755562,-5.633098413421139,-5.615874949708178,-5.6164673025837875,-5.614693014415994
2014-06-09,-5.841575961108075,-5.638256457584896,-5.540242153641995,-5.692605790818441,-5.622399721725795,-5.634373997365274,-5.5448213149830075,-5.690093731794354,-5.601640913894378,-5.747896337768065,-5.6219238758128265,-5.630458725653575,-5.622814013369869,-5.625143024360516,-5.622801255770587
2014-06-10,-5.828402080117096,-5.749681884611968,-5.5960378924497896,-5.8246565845867355,-5.7329788076489665,-5.74554492539713,-5.602814962826341,-5.809833152593272,-5.716999983987282,-5.834859489371158,-5.726121513722802,-5.735660364273102,-5.726430377546589,-5.72904370061176,-5.726299290892224
2014-06-11,-5.849043971821368,-5.668284838522497,-5.636830698622312,-5.712831777547809,-5.650853783257152,-5.671499054088014,-5.643939903984453,-5.70798541980132,-5.6651290725868995,-5.759481005622777,-5.6632000274620165,-5.666762139001358,-5.663807149525563,-5.666798446796388,-5.663848568300244
2014-06-12,-5.7781123513100745,-5.534982209015135,-5.488306252034265,-5.631926449946691,-5.516175580206949,-5.531712551337967,-5.50961397653058,-5.623703004618021,-5.515846325968788,-5.581224114613975,-5.5300473892796305,-5.531526318365343,-5.530132069219221,-5.533171880293678,-5.531345034791347
2014-06-13,-5.82093985134408,-5.411588743660314,-5.461126172189684,-5.452998728600194,-5.393535923735214,-5.426269068878869,-5.490821222788955,-5.441405518419139,-5.399485683495642,-5.537279916046309,-5.420912879471326,-5.415070700407703,-5.4214203403141825,-5.4250620214006755,-5.422398093703674
2014-06-16,-5.728364027338096,-5.414769498409616,-5.4152113574216365,-5.490600953356117,-5.3913983289061935,-5.466901866924649,-5.520063547634286,-5.4004822685487754,-5.429506759686634,-5.583414114767865,-5.427629573671808,-5.418367581485542,-5.428391543955881,-5.432192224232323,-5.429710951550751
2014-06-17,-5.736409165263572,-5.442275380952286,-5.347147796096587,-5.442785617601843,-5.429032030501559,-5.427443763084396,-5.363882312627579,-5.390739700200466,-5.373038875508585,-5.4888274029046835,-5.431113758429928,-5.439076611345397,-5.431356295620493,-5.435054145508139,-5.430848976987516
2014-06-18,-5.761526240097413,-5.386658994356246,-5.343926704165925,-5.44140722073467,-5.361658088203293,-5.403482471588333,-5.406924905355353,-5.391033442457986,-5.355293857285836,-5.520484948069344,-5.385789956187045,-5.385990223104431,-5.386008770614656,-5.391382830238833,-5.387052361901986
2014-06-19,-5.7633074233804615,-5.549904971953622,-5.438441460675522,-5.614872158503257,-5.5323248180279725,-5.554785945082579,-5.465728616771829,-5.572606412185615,-5.527621409786506,-5.638066434571706,-5.534692718989716,-5.543135202403375,-5.5350815378443405,-5.539042606998886,-5.5351179441742735
2014-06-20,-5.750445060923048,-5.849657494340863,-5.565655239418737,-5.93580079335478,-5.8335868760645795,-5.860170252587289,-5.593577905959983,-5.906338936485065,-5.837457295373817,-5.94005182401942,-5.805395078017708,-5.824657219451421,-5.806040373108907,-5.807921677339129,-5.80454783411465
2014-06-23,-5.744569801214956,-5.813266884828556,-5.611062628717138,-5.877615604120157,-5.799801587345258,-5.8106194891704,-5.599059817126252,-5.869265931496215,-5.785299539628797,-5.896571115116651,-5.778120561706336,-5.791878035063098,-5.779330931615673,-5.780802746712584,-5.777214786944578
2014-06-24,-5.750239727979198,-5.5907702822917305,-5.542074531208305,-5.632344014412939,-5.591357247558442,-5.593084629225572,-5.55168245167777,-5.649194685867374,-5.600744575788675,-5.626714403812712,-5.581602703573414,-5.587583523554185,-5.581798188533574,-5.585044212850253,-5.5820363514261135
2014-06-25,-5.728674905168977,-5.64125133230569,-5.421133226254323,-5.713678497685008,-5.634437730040382,-5.646304624933083,-5.404319092072736,-5.720588683249643,-5.641322337721062,-5.617462369564495,-5.604632216385469,-5.620631368282182,-5.605536427999665,-5.605994361179016,-5.603348804770282
2014-06-26,-5.717921171355644,-5.371022055858743,-5.481282133286754,-5.3960054352415385,-5.365889266734548,-5.352538638190054,-5.506628968198408,-5.390749547560108,-5.361363342767951,-5.365756190318516,-5.389069832760498,-5.385260800628997,-5.389346335515913,-5.393109764050835,-5.390219186307836
2014-06-27,-5.616137709795954,-5.592432722927553,-5.470775214383089,-5.638921377539303,-5.58144970236697,-5.60071898566253,-5.4764499519403165,-5.625174577230392,-5.585994723005755,-5.674815897290362,-5.57274021316116,-5.5809769405806975,-5.572678297730647,-5.57605653399437,-5.572836094764582
2014-06-30,-5.5034795640960095,-5.664781024306568,-5.45398973383924,-5.740713932552581,-5.645894206394813,-5.6640356229774955,-5.4498025132494305,-5.696699314672259,-5.612678800388968,-5.658822453630707,-5.6321923281712625,-5.648250622492055,-5.632511105997183,-5.636372889377849,-5.6323603967780045
2014-07-01,-5.370075129395168,-5.6150524579939125,-5.446173242703012,-5.692481582726525,-5.597601146078198,-5.613903261671798,-5.44145895655731,-5.642052303711065,-5.5581962790746315,-5.647941766055159,-5.590738921026686,-5.601008523818864,-5.5908882794383885,-5.597564325019227,-5.59197339287787
2014-07-02,-5.33777953373117,-5.748297080577505,-5.497089868656436,-5.80184562445689,-5.727247022875505,-5.759144813757106,-5.50113227390482,-5.764535446588517,-5.720120699734964,-5.829889343346125,-5.707291869229799,-5.719954307770871,-5.707529634128292,-5.709393949297509,-5.706205166008208
2014-07-03,-5.232072228338774,-5.818027484761908,-5.6377479912405235,-5.894575549122656,-5.788826698378575,-5.8221955312868,-5.62004273009313,-5.8620933027339,-5.776778678623251,-5.909515605731567,-5.784064176055381,-5.802525294641859,-5.78483996947124,-5.787193737203373,-5.784867875894072
2014-07-07,-5.174923101487405,-5.858779546641553,-5.687821730644285,-5.935675987266836,-5.84007164536099,-5.8611189321067085,-5.668462145420767,-5.882611330434327,-5.816658834352551,-5.804844609098238,-5.831802707682156,-5.844735548878027,-5.832536599455139,-5.833941920159226,-5.8318377832427055
2014-07-08,-5.129749258806125,-5.525948739507276,-5.450963474770097,-5.562882177060403,-5.513380201163805,-5.523745388363318,-5.440762626094424,-5.545017189575568,-5.494981385457612,-5.542000972832449,-5.514247521565328,-5.519629786327745,-5.514436393194203,-5.514894831165412,-5.514243413909423
2014-07-09,-5.098103163329176,-5.582841456708756,-5.498530295839377,-5.648720076029371,-5.555874107893355,-5.586143286862436,-5.515566151585715,-5.603797102614077,-5.539013082738926,-5.620402485633071,-5.572349305852743,-5.578462347126285,-5.572829651119646,-5.574247806221025,-5.573621935657258
2014-07-10,-5.10369353579963,-5.478354248362238,-5.354099031070402,-5.52276977910457,-5.468553446244693,-5.481800890328255,-5.331657615344624,-5.518709746130559,-5.4561763958186225,-5.486148850365603,-5.456257576943105,-5.46715322944563,-5.456306598100843,-5.455888833275228,-5.45612687722004
2014-07-11,-5.067398846246891,-5.564417111242226,-5.497553188158852,-5.5752427366870005,-5.55200632048783,-5.556995628107532,-5.4698668639267165,-5.567054851822601,-5.533538951713243,-5.543701317300278,-5.54942539833069,-5.557959380373587,-5.549582582238005,-5.549314859798691,-5.549139077147098
2014-07-14,-5.057358056344314,-5.77016194804594,-5.544615039989352,-5.832675686057446,-5.745005553162633,-5.7774477638579365,-5.51617958410429,-5.80898053212037,-5.735876718728563,-5.824042836329413,-5.731593035253834,-5.748654171359375,-5.731809348415389,-5.731256451122646,-5.731103345437527
2014-07-15,-5.110264222996891,-5.215570089344728,-5.400203140690554,-5.284529192298549,-5.203822972692114,-5.222674070145736,-5.4457388866944365,-5.263471052204502,-5.201868307990972,-5.232632144516898,-5.248816969486859,-5.235684902962759,-5.249231316862119,-5.248297626728837,-5.251744827332368
2014-07-16,-4.986222774336256,-5.5865458806378125,-5.340148922772621,-5.645595840329768,-5.570604670474941,-5.580332912045373,-5.313133100725473,-5.629315653284973,-5.545649969583622,-5.660016354732639,-5.545690717367626,-5.565044269790004,-5.546425161360796,-5.544289708996985,-5.545257411117048
2014-07-17,-5.0466193187143,-5.092106899416277,-5.24968718874128,-5.148188519843552,-5.074230144681019,-5.099708508114147,-5.293313233786313,-5.11332455517026,-5.0686831191950885,-5.1373773893186705,-5.120997700359793,-5.113520645675772,-5.121531333213047,-5.119740219122061,-5.123472531956752
2014-07-18,-5.060918074061582,-5.350645529534771,-5.340820801981507,-5.3891913657074655,-5.329470549516241,-5.357548544972929,-5.348743401030757,-5.331096986718401,-5.317500948035737,-5.4187041777520735,-5.348793575055791,-5.350027066571334,-5.348974330176149,-5.347750502891754,-5.3488263690395605
2014-07-21,-5.059722645566886,-5.383471790466656,-5.407666197570946,-5.452684299298115,-5.366559521486926,-5.3874784933149105,-5.443170675701784,-5.4189068101983295,-5.350049031966522,-5.431995892844608,-5.38878951905767,-5.384242007953299,-5.389004879014169,-5.3876417553806375,-5.390420331571569
2014-07-22,-5.064766985918003,-5.494201421501181,-5.450112641052006,-5.5645871073046,-5.483796395573055,-5.498722481738313,-5.4668212577229065,-5.5476432325516205,-5.466284269296924,-5.576509265013109,-5.486809765492489,-5.493311533039475,-5.4871841650321285,-5.485374430292921,-5.488602392857428
2014-07-23,-5.048080200904975,-5.5254747613954205,-5.43164230136067,-5.603746161693112,-5.521705621846737,-5.529402375629181,-5.462249122739779,-5.603257208961026,-5.511268313121309,-5.626177800991418,-5.510450331101159,-5.524348618948645,-5.511922140755527,-5.508327798576799,-5.512143694323866
2014-07-24,-5.051514039480674,-5.689889095345974,-5.4390218883464465,-5.7916620871242,-5.6818271883374925,-5.697311111851367,-5.4636412465580575,-5.786566684967333,-5.659797659425941,-5.852739835555611,-5.651033856230517,-5.672393361603576,-5.651828836029956,-5.646691238720624,-5.65220633508626
2014-07-25,-5.066751530125819,-5.553873657872143,-5.5866714934893125,-5.628021966070982,-5.531522894246005,-5.55717854945013,-5.611350752865432,-5.613558281618572,-5.506858580200749,-5.673436825318176,-5.5599813921608625,-5.5596381756082,-5.560585790487441,-5.553589314231724,-5.562185014558298
2014-07-28,-5.091769517472621,-5.420603504981438,-5.475682820095855,-5.491217429496486,-5.397978450198445,-5.4239198536118725,-5.522762740631109,-5.4545570633889255,-5.407465962681912,-5.508151901949645,-5.431931372495272,-5.424096860807593,-5.432389223501361,-5.427593802038072,-5.433456722613901
2014-07-29,-5.131825262955985,-5.232558166370031,-5.405064430730184,-5.255984216267779,-5.196793267987894,-5.238130468645922,-5.4456383013022585,-5.228839825318041,-5.220788466001836,-5.3551631844813095,-5.262144256601822,-5.2598391278466865,-5.262662438692595,-5.257893165464361,-5.26448891844123
2014-07-30,-5.195722512651692,-5.023545543236196,-5.125821543350862,-5.087028465034074,-4.9726680585703065,-5.027292738513479,-5.162863865627335,-5.066383455028611,-4.985357787100815,-5.147233062547809,-5.039960406462262,-5.03901487489704,-5.040482498624634,-5.03589714288511,-5.042604525206655
2014-07-31,-5.264767869848195,-4.873405346705276,-4.9131390634128635,-4.984507414194445,-4.849745852717938,-4.875087438156493,-4.974099411138087,-4.972108100189932,-4.874244847853726,-4.936314186844553,-4.883499027198018,-4.882678971627167,-4.884219408477515,-4.883165371280724,-4.885586914085319
2014-08-01,-5.383313332461366,-4.683943239587331,-4.777222354460311,-4.7587337408595,-4.6586417863831775,-4.685240145087523,-4.8030445131086905,-4.755019660722417,-4.651790466933599,-4.754360003639955,-4.699244009067921,-4.689402738391909,-4.700202475132726,-4.700969000452178,-4.701088940961773
2014-08-04,-5.391088704862568,-4.9107696010337145,-4.963266656140083,-5.009315457881394,-4.8709004588635265,-4.911853236645618,-5.064306968395992,-4.959938905511432,-4.909024743773365,-4.9925950159747225,-4.927327302748715,-4.919759363512849,-4.927151224308944,-4.931562727009573,-4.9289720715830985
2014-08-05,-5.488218701927725,-4.622898446082824,-4.755589389215097,-4.707013058038868,-4.608707662296075,-4.623676315159283,-4.827087215473566,-4.692456789555341,-4.6242767060702965,-4.64937592043097,-4.647851555782344,-4.6358962196182425,-4.648624039540162,-4.652611006748632,-4.650740373861572
2014-08-06,-5.547481315739123,-4.71110755398855,-4.8826412156572445,-4.8346079798689985,-4.683674666144116,-4.71259581220639,-4.984586715748063,-4.814549494025348,-4.709173905409529,-4.815621277658503,-4.7446850531772,-4.731615519552571,-4.744855390702401,-4.751163862480064,-4.748176723050389
2014-08-07,-5.610307761448533,-4.657645993982059,-4.952024935189466,-4.734283829046624,-4.63323802832033,-4.6586614034567715,-5.046216940812935,-4.6966367498886505,-4.639778166363552,-4.5958161153526715,-4.710980175921136,-4.696586798433517,-4.711326551939251,-4.719074467518502,-4.7146965365502025
2014-08-08,-5.621950505405713,-4.771160924160833,-5.179270954238991,-4.85265643885051,-4.742891113259325,-4.772016136166345,-5.32942112525105,-4.797032917093231,-4.730607385069227,-4.802067678264506,-4.846452294323235,-4.825237203662593,-4.846129001967282,-4.8553944851449415,-4.85169188771855
2014-08-11,-5.6133577141199344,-4.965938160287253,-5.2380294413771,-5.045710732679257,-4.94436685806112,-4.967525554754084,-5.355474415722501,-5.032313817738199,-4.954898649656419,-5.090801711902913,-5.015087983554253,-5.000357872645941,-5.015204923491071,-5.023401666786829,-5.018921513068998
2014-08-12,-5.633600159231839,-4.81989954812479,-5.289961428050966,-4.892780403533186,-4.803517420334145,-4.821611922851483,-5.414290597415695,-4.877558067517914,-4.800634582424562,-4.863551452062622,-4.8996016236892945,-4.884868730474016,-4.899236560900447,-4.910580367125633,-4.905242435695374
2014-08-13,-5.616983661071674,-5.103754583917354,-5.349920959108087,-5.197413606134159,-5.0868214275571155,-5.105007403051703,-5.411967419922823,-5.156805696194357,-5.052957316891189,-5.04283608684515,-5.148549744370735,-5.128841151762497,-5.1485537711753215,-5.157308037847059,-5.152720570389427
2014-08-14,-5.577874008435582,-5.3337198834551,-5.448526351873532,-5.444388521027281,-5.321425422045206,-5.335011940944551,-5.498203491714594,-5.400170266753725,-5.30388788170713,-5.310324403218435,-5.357132937346632,-5.34500870758793,-5.357206819449072,-5.3652591883050285,-5.359921482789615
2014-08-15,-5.716424519226789,-4.615369528528592,-5.119129482813405,-4.690357246901509,-4.5863715743639135,-4.616493974332698,-5.272356527351753,-4.6194949156033935,-4.564184004995216,-4.642479488394409,-4.707180261689224,-4.693785457518816,-4.706544197856387,-4.7192898750246455,-4.712854124222774
2014-08-18,-5.70292485663936,-5.205207068254773,-5.335773659396703,-5.283476693381353,-5.196617248035997,-5.2056870583559345,-5.358079842281169,-5.2679364779126905,-5.196530726838458,-5.162018762306555,-5.226133866603654,-5.217932083227081,-5.226687946480065,-5.231818595497474,-5.227820124186755
2014-08-19,-5.670127566330258,-5.360074536261691,-5.379899843352169,-5.461344390776792,-5.347241418895244,-5.360406275048876,-5.41873999610487,-5.412911437996874,-5.341915133913395,-5.391162352329709,-5.368401647146741,-5.3649338911771896,-5.368993033857721,-5.3728814907734925,-5.369878722684473
2014-08-20,-5.651318403632103,-5.146936635912184,-5.436864380488152,-5.274456108787802,-5.126573792784457,-5.146935977510924,-5.553000076270273,-5.22520979945371,-5.111633168921811,-5.150095557871032,-5.20220263359055,-5.1804435020146435,-5.2030946752751674,-5.212330459270961,-5.206895943904507
2014-08-21,-5.610049278999813,-5.27293552725769,-5.313844012600372,-5.36028517104258,-5.259467587926713,-5.272949323425989,-5.386473002570031,-5.305811232889979,-5.257389280278527,-5.312720950410432,-5.285758867753972,-5.278953886443514,-5.2860914131407295,-5.29034806973755,-5.287031996897715
2014-08-22,-5.602905649561353,-5.302926114139187,-5.544697406719862,-5.383732341173657,-5.27980077390867,-5.302891862962616,-5.654061722513307,-5.32287215926169,-5.276810410213228,-5.345499237818398,-5.349711355594941,-5.333100221463262,-5.349783407036796,-5.358744765161708,-5.352839786795793
2014-08-25,-5.521635150799689,-5.54394500353593,-5.627228078958248,-5.619455066270785,-5.526032394357102,-5.544279575785606,-5.672066656461246,-5.580034037761652,-5.511926957095196,-5.559797882089741,-5.56233748241671,-5.5530092086165785,-5.561959088796443,-5.566930092637159,-5.56452789524669
2014-08-26,-5.4537545508462495,-5.5633821993096335,-5.636143718886128,-5.678073840300272,-5.545700439964735,-5.563253364637574,-5.675002116760081,-5.651642013076887,-5.549387343340976,-5.5989837278900065,-5.577461301180322,-5.5700752367027775,-5.577399193514888,-5.582142066652264,-5.579883934726563
2014-08-27,-5.386441185577737,-5.607636098717457,-5.690987580540889,-5.733835798570411,-5.592127730033292,-5.606642276567132,-5.726669061363816,-5.7078196857493,-5.596507353095074,-5.6847273176101885,-5.621367120626562,-5.612731594739483,-5.621951401336628,-5.626616074743758,-5.623692593636227
2014-08-28,-5.311458110735893,-5.526602024701019,-5.66138360098104,-5.628170925597111,-5.507224396571458,-5.526335345239286,-5.769154087532401,-5.57173037008416,-5.508993780312974,-5.617367052067188,-5.557530521794058,-5.543800036050856,-5.5574058218464835,-5.562343117237934,-5.560722619085503
2014-08-29,-5.207427051545529,-5.6329733880937685,-5.836046700891264,-5.740191020508657,-5.6183156802108085,-5.632546054317053,-5.937659667997063,-5.703225854113254,-5.616735931259614,-5.663142551826973,-5.670348465941576,-5.653830784918313,-5.670310105057789,-5.676405683306173,-5.673959399020196
2014-09-02,-5.126825681201355,-5.497234307148023,-5.499441416571025,-5.621590423714685,-5.472332774505945,-5.497046837748423,-5.559262052496794,-5.568682981714614,-5.473753621412825,-5.544058747869493,-5.500704220087002,-5.499268920522232,-5.502049736632482,-5.503213585706906,-5.5027408223812095
2014-09-03,-5.08776130599619,-5.564540457198902,-5.656430057238338,-5.639070927558862,-5.546273725719522,-5.564503805866697,-5.692303860938554,-5.6240214283109236,-5.55139385140232,-5.603869798648003,-5.579275400104298,-5.574142628571362,-5.579592085552688,-5.580529823118463,-5.581249194517193
2014-09-04,-5.053322967291083,-5.371801567095219,-5.541559262212578,-5.457912462799373,-5.363795404185154,-5.37111202576474,-5.610304056447824,-5.456849496515267,-5.375162983107395,-5.421067064276902,-5.401779035252621,-5.388840822561452,-5.402141634509717,-5.402815552966431,-5.403910831540533
2014-09-05,-4.993802752234342,-5.3375892921724315,-5.468476789222894,-5.384736157544722,-5.321063209571248,-5.337035902046303,-5.514841669093286,-5.380120824986739,-5.328531677959612,-5.3699074305965055,-5.360145975707689,-5.348904987648599,-5.3600181347702165,-5.3601022112654,-5.362148685920987
2014-09-08,-4.874826677301295,-5.3897819669174325,-5.474917789942807,-5.478820856315961,-5.367087014631519,-5.38883039670697,-5.531294030582417,-5.446919455333465,-5.380939522355822,-5.44652724082199,-5.407181602300025,-5.3972074150951475,-5.407138862253351,-5.407395220407459,-5.409204979416125
2014-09-09,-4.762984855077693,-5.275573708753824,-5.453930827242897,-5.3274927052998375,-5.2518167969301865,-5.275537545399858,-5.5179692447899376,-5.317647883684562,-5.264165286871155,-5.2928137429468665,-5.308855893449454,-5.297818588901362,-5.309258256966714,-5.307278741307661,-5.311231381996583
2014-09-10,-4.659192647857932,-5.188429049140044,-5.363893507102161,-5.219648562905236,-5.167412962173443,-5.188063137183476,-5.383097151386307,-5.250097781090068,-5.188528065162778,-5.191882884726584,-5.2145700889631295,-5.206538075807112,-5.214842484559945,-5.212782637507349,-5.216605334329346
2014-09-11,-4.5352765208053345,-5.296489867321252,-5.448405433188497,-5.3296471287875065,-5.274213325886564,-5.2948949524492965,-5.453690582947321,-5.33967326096927,-5.295455902407977,-5.271960527035206,-5.31852044108702,-5.311251987576213,-5.318585903574155,-5.315921197265765,-5.319961391774875
2014-09-12,-4.424701184382486,-5.204426379047358,-5.346771388040189,-5.22325496543323,-5.162062207294958,-5.20369747325596,-5.408601040095671,-5.209812859436269,-5.195612427217257,-5.251233747512403,-5.232129756120831,-5.223003251004322,-5.232492723524706,-5.228834725318929,-5.233826986947065
2014-09-15,-4.187524646700701,-5.280685735523441,-5.378337984286044,-5.324116777417033,-5.25171653894556,-5.276482342449217,-5.412551491600932,-5.334179211942294,-5.282829492921256,-5.303271810586433,-5.2964528812666,-5.291826042870675,-5.29661551648345,-5.291701123048196,-5.2975093451149196
2014-09-16,-4.0624217212237435,-5.230571508094147,-5.341332782423349,-5.260953550727005,-5.193588508094442,-5.223421034589803,-5.340657419048005,-5.2658304327889285,-5.228470090348162,-5.262844046884983,-5.245731234937431,-5.242970457391673,-5.245748133531162,-5.241699831233046,-5.246955413803002
2014-09-17,-4.043740251394062,-5.136843183249347,-5.1110261536597275,-5.161698125184653,-5.0969451324236505,-5.135813361287692,-5.116420164985685,-5.145919032969232,-5.134972685443919,-5.143548032946948,-5.132574920231601,-5.13578236626603,-5.1326822819810305,-5.130396446449532,-5.132650392670463
2014-09-18,-4.018762154758325,-5.397360956740471,-5.375445189587171,-5.40761270987324,-5.350176391517758,-5.39797554368804,-5.3487360433916935,-5.3928685105423435,-5.397329258122769,-5.398868967169642,-5.391608888620489,-5.396834481322089,-5.39171095314783,-5.38696986702611,-5.391246908596137
2014-09-19,-4.013167466165326,-5.338836087474172,-5.332065244820732,-5.375353901337852,-5.314127839614778,-5.332790366470171,-5.307504398866051,-5.371750908922142,-5.338877452287568,-5.339354121087033,-5.33345454851679,-5.337502855723272,-5.334391236904329,-5.32994208405851,-5.334028396695833
2014-09-22,-3.998029186714852,-5.294975382754328,-5.384811693806724,-5.343489250051421,-5.282509102993105,-5.293991283156784,-5.387346623647574,-5.341841413814373,-5.293995365982528,-5.298803565444918,-5.309254402188484,-5.304061836129431,-5.3094569559011,-5.306348385460016,-5.310231516814746
2014-09-23,-3.982964491961851,-5.24817790493178,-5.361927031558732,-5.289107408161855,-5.2192660312157875,-5.239764459956475,-5.3785144133571,-5.287789222753701,-5.24704361561784,-5.24833621571608,-5.26553020300425,-5.2620669291460045,-5.265683581510974,-5.261787822363657,-5.266704004588406
2014-09-24,-3.971349904401348,-5.290760562429423,-5.395348235647334,-5.329819679758246,-5.2717245556748145,-5.284112037218655,-5.382821346733216,-5.362171266793031,-5.290273708105745,-5.296865204070259,-5.304326713433689,-5.302747636337019,-5.304325293072677,-5.300773471510852,-5.304867396864579
2014-09-25,-3.9679047667088176,-5.082708395699586,-5.227048728252728,-5.112446267194951,-5.061095457060471,-5.074801255251606,-5.241243382178688,-5.122507090717377,-5.084558718937208,-5.089033666708607,-5.102532366276255,-5.096158572883607,-5.1024482976642815,-5.100059771671794,-5.103429712973981
2014-09-26,-3.9743850184337965,-5.037843486483323,-5.2403514523740276,-5.114044140398537,-4.986559980792685,-5.024774631515993,-5.282036321247675,-5.1072824013704885,-5.042693606428377,-5.046268937453251,-5.068658004737361,-5.060655513794201,-5.069514366917042,-5.064032670771861,-5.0703336659073805
2014-09-29,-3.9589033781517675,-4.970200068828853,-5.169151557573449,-5.042317063603744,-4.937256658086355,-4.954497966860684,-5.175816938749173,-5.032688662587651,-4.970495345882514,-4.972655313451912,-5.0006801935213945,-4.994265960363559,-5.000936581722256,-4.996969364938289,-5.001715801470294
2014-09-30,-3.956541608967794,-4.862968722734884,-5.0823404632480225,-4.923372712776898,-4.8306246208747385,-4.844115225738469,-5.132431410346961,-4.913080315271773,-4.858846891105498,-4.8671790722153405,-4.898889408717104,-4.890170768289761,-4.899036005183852,-4.8949762333656475,-4.899963167717029
2014-10-01,-3.9785863060187983,-4.701841361642103,-4.903103341340377,-4.760229928736855,-4.687972886450653,-4.682302103655191,-4.947781000223104,-4.745655345062373,-4.696700432018712,-4.704181822181319,-4.7367509612610865,-4.727105320613761,-4.736875426389123,-4.733327676098278,-4.7377185277500224
2014-10-02,-4.001152415032496,-4.6595804665848055,-4.792089592342375,-4.73546251028815,-4.652649862658642,-4.635235378921352,-4.798715366996883,-4.738190938517093,-4.640787164606161,-4.659334462935932,-4.6791101773496235,-4.671153828394372,-4.6790234170875165,-4.675655624942106,-4.679743149016581
2014-10-03,-4.000908781164173,-4.754906633602052,-4.856788837305764,-4.797549510118774,-4.748799939921982,-4.725891065789249,-4.834368186735226,-4.8234370095982335,-4.725055898278001,-4.766216881497208,-4.764034210993832,-4.763717968245948,-4.764397642107425,-4.7613002393079125,-4.7636411343677745
2014-10-06,-4.01089689809413,-4.7046084982928145,-4.928031098852666,-4.777487933747783,-4.690376583363967,-4.693615777242933,-4.967669604881951,-4.786769136231498,-4.699863697394469,-4.714435740674091,-4.7399633588958565,-4.732571995284318,-4.7400996133270645,-4.736469901719705,-4.74094687034041
2014-10-07,-4.0322938692737305,-4.589412779492354,-4.848526619323623,-4.671084792638007,-4.572149764220902,-4.559553621740556,-4.882197257396961,-4.6797910577528405,-4.582293592471558,-4.600730662276801,-4.629207435731978,-4.61687568677617,-4.629243732212445,-4.6252121898307745,-4.6303607610387925
2014-10-08,-4.0817498956505895,-4.405744583858974,-4.598378199744604,-4.4903130903749595,-4.398909061723587,-4.390773683535439,-4.6125789922745,-4.495609592737982,-4.382941116356903,-4.404401784804845,-4.435144045185318,-4.429061157738005,-4.434804445188544,-4.431016554890244,-4.435678492449628
2014-10-09,-4.146462254771002,-4.302163682336161,-4.4267287478462904,-4.400252716282985,-4.284776723423747,-4.273606414256662,-4.454048539835986,-4.400261731267343,-4.292362827919103,-4.313885235605804,-4.319700306559668,-4.3133833258614755,-4.319850352759405,-4.316690147628914,-4.320379919480955
2014-10-10,-4.2219803770082835,-4.202283876577293,-4.245852159529225,-4.305481779260351,-4.234217157171603,-4.162384367876137,-4.212584266805526,-4.329955692141119,-4.1379239174544145,-4.216622705055576,-4.20248523512343,-4.205453615196804,-4.202605509645862,-4.1997480534142575,-4.202267643303563
2014-10-13,-4.314813198657068,-4.083716751109225,-4.154653059053256,-4.223543645306311,-4.113362290610018,-4.036399553658008,-4.1337887297684235,-4.252198962752626,-4.031015883955674,-4.101659971623134,-4.0911540895708685,-4.086734666308464,-4.091091271959716,-4.088159474291108,-4.091518636421121
2014-10-14,-4.4072852986992075,-3.9995582469098454,-4.092409922698843,-4.176897083627795,-4.003708610641439,-3.9363660710811375,-4.087138560382069,-4.182857281874598,-3.935612797864527,-4.016467805219465,-4.012080662469748,-4.007055253842613,-4.0123338246643065,-4.008371092739767,-4.01243354820919
2014-10-15,-4.714826960721239,-3.6889236143322166,-3.615143558788987,-3.8716362578099757,-3.6814888536352446,-3.651349555697635,-3.619246685497817,-3.8726275533977472,-3.6731583559261183,-3.70241309237356,-3.67894724097449,-3.6860103850557193,-3.678983560354378,-3.678001689691824,-3.6793993856422778
2014-10-16,-4.969518757080198,-3.7037792616017473,-3.7465556261292803,-3.9125367333404175,-3.6880455129383427,-3.6611622663241885,-3.795015762724773,-3.88074170012772,-3.6759421927289386,-3.7247566921813084,-3.7152165423266736,-3.7104540226332543,-3.7155093538929287,-3.7146996626117126,-3.7161192104104277
2014-10-17,-5.065948729310746,-3.9351269504855737,-4.0202778416161635,-4.102757595052565,-3.920488099757683,-3.9016746542171226,-4.072525808538962,-4.079580517379424,-3.9173366224277313,-3.9593121489455854,-3.9517199874396955,-3.9450305038973976,-3.9518148903485573,-3.9525534332686396,-3.9526395721659293
2014-10-20,-5.124286143047936,-4.006083888318252,-4.183515026348536,-4.1295783627008955,-4.025434711637916,-3.971214137382329,-4.218931030529886,-4.166819283397572,-3.962451265564767,-4.021417235742495,-4.033665227627613,-4.022207092979026,-4.0334467332120365,-4.035503870838512,-4.034633871969629
2014-10-21,-5.15248920763602,-4.195644630653459,-4.350609931112103,-4.349506397706365,-4.186137744723515,-4.149854292067677,-4.3930009106255925,-4.34652825810396,-4.174858383268967,-4.230364028556049,-4.218739485492054,-4.20772810387841,-4.218943322266659,-4.221213520676333,-4.2200688321816
2014-10-22,-5.205651507875347,-4.177016629994897,-4.284508319511541,-4.36955855312896,-4.185937920449254,-4.133879946795742,-4.3347553213318815,-4.383347797692224,-4.143971069670287,-4.213406483341066,-4.194317383317773,-4.186762774645773,-4.194605772159398,-4.198053221882566,-4.195731150236174
2014-10-23,-5.2880745986922495,-4.254979270721562,-4.384457253337177,-4.448904272312567,-4.27113962961754,-4.2213955090220265,-4.47840123336616,-4.4609579463432985,-4.2307692293961745,-4.2916608785412285,-4.2774356821937465,-4.267309947417628,-4.2774800264214,-4.2814996463741055,-4.278908386192484
2014-10-24,-5.352561827769593,-4.300848874823832,-4.559757402589688,-4.471328054564723,-4.292088566144762,-4.26886006803842,-4.638016197924614,-4.45837181962698,-4.278620994044396,-4.334372608897133,-4.341448218413127,-4.320334106749695,-4.342081009395765,-4.346087498614422,-4.343446078220415
2014-10-27,-5.441320166965023,-4.30775297025406,-4.596714535101252,-4.48349261673545,-4.309133645042321,-4.278093918218459,-4.698995745091658,-4.4625845485934255,-4.287486690746044,-4.345411404578644,-4.357278061560025,-4.328527492813908,-4.357015124880338,-4.362771356190087,-4.359828155560902
2014-10-28,-5.467651692126135,-4.464485345507288,-4.6114426711942516,-4.671104385630446,-4.467794897278658,-4.440288925437375,-4.707018175610317,-4.6634141998628,-4.447163898712238,-4.499443456091716,-4.491863627478475,-4.480252137703145,-4.491970829255437,-4.496867150969358,-4.49386791847162
2014-10-29,-5.540907987834022,-4.216260699190826,-4.412262840753716,-4.437513233992073,-4.200236508468247,-4.195899496990174,-4.5263284793697505,-4.397097123448164,-4.209306064621911,-4.233912124996114,-4.255489844462855,-4.237705119459859,-4.255311298609215,-4.261046942634512,-4.257917071768719
2014-10-30,-5.633723819972044,-4.2790153542251,-4.491465547656655,-4.509035846286542,-4.2703769708085755,-4.254574639467806,-4.604578578936433,-4.46337293010064,-4.257679413792904,-4.303328461175886,-4.318685500285232,-4.297769957804244,-4.318772047184079,-4.324903999083095,-4.321181394409112
2014-10-31,-5.666113294772559,-4.486750788854948,-4.630845031893827,-4.734061527479468,-4.480503675828218,-4.459828217434583,-4.73163712663643,-4.714797201989471,-4.472165297507022,-4.529597771081438,-4.51370405002756,-4.501007861105536,-4.514220369272052,-4.519689445304379,-4.515985906386452
2014-11-03,-5.660213827809254,-4.559409577347609,-4.643266789590853,-4.822193930482543,-4.575916142972875,-4.536601449940665,-4.7416783476564,-4.816975048308307,-4.525471898411184,-4.590242694027696,-4.577404722927399,-4.571326539665479,-4.577545935786705,-4.5846449518475785,-4.579378008506521
2014-11-04,-5.723832242914157,-4.410010852968544,-4.624240125805746,-4.619922203969177,-4.3971081627605075,-4.394185999082913,-4.752669114886493,-4.588878494878961,-4.410051460414183,-4.459695552234693,-4.450611128082811,-4.429287600061233,-4.45021905487647,-4.457405801180393,-4.453483870835481
2014-11-05,-5.71083090000663,-4.564091927838991,-4.661021240717973,-4.853909404768122,-4.543798586932889,-4.542520631779903,-4.776214436012051,-4.810120905862928,-4.555470450242741,-4.626623095412152,-4.587897398723888,-4.575875976381891,-4.587981875435644,-4.595054580729904,-4.590361855528751
2014-11-06,-5.643083976644922,-4.631566351489571,-4.751954829965446,-4.867624034801736,-4.597533451973831,-4.614463774899117,-4.86476224210407,-4.7701922440465,-4.645424882363881,-4.672431947885875,-4.660234102812834,-4.646122785113072,-4.660357142752469,-4.666050698400408,-4.662679650584814
2014-11-07,-5.513505408124702,-4.734256069775336,-4.7926450478529246,-5.026435016161356,-4.725197678368124,-4.7240517919503064,-4.894000292235506,-4.969641497372986,-4.726549576743215,-4.787106300059203,-4.752044235006162,-4.743393609600609,-4.751927220585831,-4.7588166276149035,-4.754290904496402
2014-11-10,-5.398191999499474,-4.900295047365807,-4.923430924468194,-5.184069683687265,-4.898324453304788,-4.890827664332416,-5.031648664459619,-5.113803370924221,-4.8954386622847315,-4.952301853388572,-4.911272932244311,-4.90539809125682,-4.912670210900156,-4.918174784447393,-4.913584186392381
2014-11-11,-5.258848701658147,-5.0372409619757255,-5.042680093308284,-5.326020551073602,-5.037145739497854,-5.032270427948426,-5.151598969427586,-5.325891214170398,-5.062678005067269,-5.079318048451625,-5.045609295065434,-5.040325929063609,-5.045411969490814,-5.052578662678005,-5.047828908064453
2014-11-12,-5.040521888689529,-4.9948089854222815,-5.0331723601975,-5.320142738251768,-4.983563312528775,-4.991044617469186,-5.176446993743444,-5.240029544125377,-5.006852307366085,-5.027362697831439,-5.014423444234009,-5.001733404670141,-5.014641410628744,-5.021460075649606,-5.016729814071767
2014-11-13,-4.885740416925589,-4.769873627557605,-4.952096125225721,-5.062671724855193,-4.769155633233468,-4.763584209865237,-5.098813408915048,-4.997015399591977,-4.771140272683404,-4.816322678448432,-4.806640285237522,-4.790851789418862,-4.80764737236221,-4.816829991465385,-4.809926634557625
2014-11-14,-4.70389424546864,-5.0491997824304455,-5.131932660053735,-5.351170424701949,-5.042865943287461,-5.041457419885397,-5.2614090650606435,-5.294814344625598,-5.0631454404846865,-5.090203887930022,-5.072180560431067,-5.060844573371307,-5.072401130014805,-5.080421560233016,-5.074923238675603
2014-11-17,-4.675250762346397,-5.012751046094769,-5.211240897086455,-5.223609038598593,-5.002433515115355,-5.0041286195266705,-5.296117490168258,-5.1941482930600245,-5.027850561501173,-5.043496792367092,-5.048469367832685,-5.029701795911841,-5.048301253756096,-5.055093862873602,-5.051296644192867
2014-11-18,-4.650051567889956,-5.273954467987026,-5.184993591171667,-5.610321343295427,-5.248931781558074,-5.261759327722505,-5.30089148508694,-5.528052985593505,-5.3049664166837855,-5.310943258310096,-5.273704661810251,-5.27227944846709,-5.273892617963583,-5.278008869413817,-5.275404624632389
2014-11-19,-4.6555628424811,-5.070554442883513,-5.10782349797971,-5.311228262708937,-5.049636621387723,-5.05965676432541,-5.199758615836271,-5.246921698289193,-5.095981309594799,-5.104886522100177,-5.08472122291005,-5.077288628582109,-5.085345998927406,-5.088267515281135,-5.086686544697491
2014-11-20,-4.652907534801816,-5.306093401653103,-5.190698248022856,-5.4874024892422755,-5.288599470115078,-5.299687266193704,-5.237414717909879,-5.475291491109102,-5.3374364213266645,-5.325495518080781,-5.29357674365036,-5.302491978058338,-5.294088220054785,-5.294550667562348,-5.294281858343372
2014-11-21,-4.66316595235907,-5.194921567245818,-5.237955506505623,-5.428209454137592,-5.188029184854345,-5.180260769739753,-5.320392280733493,-5.385184396768045,-5.2062615433362565,-5.234198729759647,-5.2072713796514885,-5.197907755779278,-5.208185336535585,-5.210277557878535,-5.209035969068767
2014-11-24,-4.665508110075319,-5.487251951850008,-5.329426750815975,-5.751445969215735,-5.472691323733185,-5.473722997208889,-5.391358035855685,-5.670238891634282,-5.509947910022213,-5.519044219035209,-5.469598108870333,-5.481308153937747,-5.470154911631697,-5.470007904054247,-5.4699250912640895
2014-11-25,-4.672043738788556,-5.342339226293181,-5.3312364746291205,-5.513874321457339,-5.341510842591315,-5.33046197684639,-5.390884478588786,-5.478289197111629,-5.338439714602846,-5.361806997975583,-5.345210987266753,-5.344377826761263,-5.345162247970555,-5.345862685114739,-5.346085482058871
2014-11-26,-4.666907308413666,-5.678848933699932,-5.405404154064709,-5.937965561370029,-5.6671654597397305,-5.655258561883744,-5.433411881866043,-5.933729787310523,-5.678157867055643,-5.714787339862718,-5.639639694793586,-5.653172202486891,-5.640279968923298,-5.638984127395359,-5.639361189859661
2014-11-28,-4.645938166958101,-5.460250663286474,-4.969184552400827,-5.896584167648103,-5.466381546507365,-5.4122056574288235,-5.011231813059182,-5.870505849619836,-5.420881608170141,-5.500371775960873,-5.384126843979283,-5.4355843366557135,-5.38671206553568,-5.382749198306657,-5.383282696408623
2014-12-01,-4.618555211498598,-5.153188513052819,-5.042190144797861,-5.326507272361344,-5.141400485165695,-5.112626517189301,-5.030338187409481,-5.335440852022509,-5.139670542101716,-5.183164402073717,-5.133243239730426,-5.1506523481453055,-5.133919911276536,-5.130850796275674,-5.133287848497486
2014-12-02,-4.561123267888809,-5.3547201823421515,-5.137125956103663,-5.57857696716729,-5.351713527073868,-5.311750414860064,-5.142447936396983,-5.599086867112128,-5.3340230072073815,-5.379508375792227,-5.323088093820468,-5.347178588048882,-5.3238949127166615,-5.320190877927592,-5.322555116059919
2014-12-03,-4.47283613893009,-5.456890342887117,-5.089238867802085,-5.7165711665109455,-5.451611111353501,-5.413376708982672,-5.064718778567073,-5.757318686946361,-5.437574927753424,-5.478369243515629,-5.3990214369629,-5.423558322570154,-5.3995226209504805,-5.393977465059324,-5.397902030646818
2014-12-04,-4.437631869787653,-5.250925776470919,-5.196394010831888,-5.4211318162139905,-5.242187018967964,-5.202812437331836,-5.200676785259156,-5.416889308948852,-5.229889644933749,-5.2656940333525055,-5.239931520610617,-5.2505639165762465,-5.240166800060901,-5.2354777159678685,-5.2401895528360525
2014-12-05,-4.426740478412399,-5.354031967752986,-5.189172612015228,-5.477384565068324,-5.333731393841375,-5.3095079410918755,-5.159877861927964,-5.46878768273713,-5.340182034747804,-5.370213600743171,-5.325168969068648,-5.343405611281712,-5.325552898463656,-5.3201050884110614,-5.324516466544287
2014-12-08,-4.386386018403988,-5.219998885276686,-5.108036106936571,-5.315526661177102,-5.199852026826936,-5.179337654530195,-5.069330166113438,-5.329147325740413,-5.212462326798155,-5.229217661118438,-5.1989253718405255,-5.216275013619647,-5.199153510011236,-5.1945055365334465,-5.1983568305953165
2014-12-09,-4.364864394695936,-5.020492303733432,-4.910469436763835,-5.205598227561197,-5.004059108466386,-4.962842987512229,-4.919112917056305,-5.187170523345141,-4.978890284130594,-5.028820203849978,-5.003670394197684,-5.014644271007156,-5.00419226674139,-4.999294991845057,-5.003537099566372
2014-12-10,-4.329844887659857,-4.813404574491844,-4.829366467386475,-4.987216483971647,-4.792575693127102,-4.7565917987582145,-4.869157731727391,-4.966958125187562,-4.785730728493298,-4.820176299644296,-4.816882759723927,-4.815722723359123,-4.817081400260778,-4.812607603994485,-4.817607110529648
2014-12-11,-4.282835091100678,-4.75335091502784,-4.8409116342157885,-4.929425708415073,-4.736604658041943,-4.6862046975724825,-4.859297941084673,-4.940333102471319,-4.722926705166566,-4.764367661564448,-4.764620824003396,-4.75766068032688,-4.764773309212762,-4.759182269975249,-4.765680853925604
2014-12-12,-4.26042134467393,-4.5981054647406525,-4.598832443099889,-4.854042527049142,-4.578171934861543,-4.52987735132256,-4.641727149675112,-4.801902223912038,-4.568062539615927,-4.602344523443637,-4.600667825723339,-4.600800028412285,-4.600822165541411,-4.595027146642226,-4.6016332074653885
2014-12-15,-4.312763285424911,-4.321742404942528,-4.436770227448624,-4.567586676784671,-4.28842743818128,-4.272067284948454,-4.507125493473689,-4.5145810862425,-4.324900884819839,-4.322336017696927,-4.343931499297802,-4.328629517580033,-4.343627281700745,-4.339854462085982,-4.345829299004912
2014-12-16,-4.355369127955213,-4.221042229112489,-4.2895058335655385,-4.546737236729756,-4.191494801246412,-4.137919554778775,-4.358078141163964,-4.498992402155738,-4.188493592954704,-4.219574107380158,-4.235538893163336,-4.226734019216549,-4.2356256518925886,-4.229544541023709,-4.237221361901761
2014-12-17,-4.3845913963573535,-4.090300684161483,-4.166308780837451,-4.409874598462896,-4.062493023069017,-3.9907400363296786,-4.24827517438217,-4.351266944019769,-4.05297648237424,-4.085068185132824,-4.105856262206811,-4.097717766095098,-4.106089908179396,-4.099766704301338,-4.107464083757174
2014-12-18,-4.370711193454929,-4.350985375101628,-4.522241459933802,-4.611754764027903,-4.335487465531285,-4.232901083789922,-4.567625278000778,-4.591492554925273,-4.282781025830271,-4.346631090316774,-4.378171159678225,-4.3663283322574316,-4.3787877903998815,-4.373296883733493,-4.3797328434171074
2014-12-19,-4.369098543334193,-4.452225182749231,-4.565801721925859,-4.788523807927789,-4.417221839600892,-4.340599220715838,-4.660814404159007,-4.693198865285198,-4.419726942085518,-4.436382243138735,-4.475518503452066,-4.460694500410487,-4.475731092865509,-4.471608303071478,-4.47749850866502
2014-12-22,-4.361368226705985,-4.680661830133021,-4.834958000721593,-4.964219039959204,-4.643235721141597,-4.561377342081867,-4.854261533389534,-4.908492713302162,-4.628331760233168,-4.666270312602592,-4.7045210162860664,-4.694581245504093,-4.704879975796992,-4.699659531363769,-4.705713530331754
2014-12-23,-4.316094208871521,-4.801099410871901,-4.896213667573638,-5.132703100001481,-4.757982640234257,-4.676036856359899,-4.952442539150429,-5.047064452691995,-4.7656820029016975,-4.775047870732292,-4.819388876951365,-4.810352129359032,-4.819739482686006,-4.813912210989393,-4.821042099961822
2014-12-24,-4.249500017766703,-5.118894227585219,-4.857736045174858,-5.509264843323198,-5.052341608220462,-4.9427821867432895,-4.855765356302079,-5.399889221546166,-5.026582968011101,-5.083796369536085,-5.08001798763454,-5.10988869725536,-5.081983671539701,-5.071958928378914,-5.079651404931217
2014-12-26,-4.179846089840963,-5.334611671629573,-5.230639279253012,-5.6732012796553635,-5.28361613864604,-5.19162898311907,-5.261594030540584,-5.602672389558212,-5.268191478579368,-5.302049966871839,-5.321401869048703,-5.33043266124227,-5.321866466524398,-5.311173134901045,-5.321655333985847
2014-12-29,-4.107271691924025,-5.341639292221685,-5.161411119728687,-5.593225167135565,-5.28869433262092,-5.259887046754508,-5.157983136406865,-5.546290717325026,-5.319818815905445,-5.316176647565841,-5.3123465928519025,-5.328105917395827,-5.312433332998937,-5.3037661630628525,-5.312062237995447
2014-12-30,-4.029449825475571,-5.2713642113125365,-5.223065827182785,-5.542628848340834,-5.217938244153856,-5.140191108351023,-5.2498667411363655,-5.468263658046901,-5.202062113233174,-5.225188653845487,-5.266050854502939,-5.269929391245697,-5.266333730365309,-5.257241218148072,-5.2664149592988645
2014-12-31,-4.021253712789061,-4.904726434226472,-5.103639663997036,-5.119703144418486,-4.836413055234936,-4.768007624956596,-5.132917007352755,-5.063889693857615,-4.8466598386672635,-4.8413438019689305,-4.9342017352242715,-4.9214301767936,-4.934285537070665,-4.926576009219103,-4.935587060598174
2015-01-02,-4.017903075534622,-4.602971053101551,-4.681826087648022,-4.825159156628031,-4.558051624654507,-4.548698017839374,-4.7339748183613395,-4.7392565707283625,-4.620165808604374,-4.565696967226644,-4.618226860290608,-4.608551577530328,-4.618240594557424,-4.612425320183925,-4.619402473395461
2015-01-05,-4.046310651937675,-4.457393793666631,-4.595547291769027,-4.658739613932798,-4.431710056540012,-4.3901769025100945,-4.647453704189612,-4.5879797276338845,-4.446537760190263,-4.426532957442396,-4.482019967247361,-4.471382272623939,-4.481896784646219,-4.47684742992361,-4.483126135745888
2015-01-06,-4.069933473854456,-4.260813527022055,-4.331174168407363,-4.5070577842174915,-4.237385451990504,-4.217830548551782,-4.388323477007364,-4.407983505369382,-4.296809825444853,-4.240394833882778,-4.275300069779272,-4.2613465240734385,-4.274859490946422,-4.270551328229245,-4.2766010134747106
2015-01-07,-4.083672218401979,-4.334629191139045,-4.460873585848109,-4.56481827816631,-4.319394975562742,-4.266898771366748,-4.514667669092753,-4.505160015969747,-4.3063739960706,-4.2962185474428995,-4.3569709113841135,-4.3453253554613145,-4.356708594847429,-4.349862961101095,-4.358171609819403
2015-01-08,-4.083179529253874,-4.5150807884637985,-4.6630389065420355,-4.754276139889753,-4.47560226027928,-4.420964491535583,-4.702351512350563,-4.699166946896927,-4.476850352337202,-4.459280027213543,-4.539395877112454,-4.526957153701241,-4.539038836103162,-4.531613034929313,-4.540780774578048
2015-01-09,-4.104568858408647,-4.266013541835944,-4.588191755470051,-4.4414924452807885,-4.232080433368569,-4.2082328170359915,-4.648507938970315,-4.374820959135368,-4.250858058806653,-4.233153235129425,-4.317815766594523,-4.299556681129336,-4.317440743983365,-4.311292781854665,-4.319247208651135
2015-01-12,-4.139914080195605,-4.272432034274535,-4.545491249488234,-4.477676767306873,-4.277908781223419,-4.166815103514438,-4.629289632500792,-4.453986459935456,-4.204438575932464,-4.249768145824482,-4.3169481899646955,-4.290316731655167,-4.316512899183459,-4.309396239895193,-4.318647710198865
2015-01-13,-4.203001769352648,-4.168622767708177,-4.267031777470061,-4.399383497711488,-4.156364735242878,-4.127408757061329,-4.3385870304879495,-4.319485195657977,-4.157292276621187,-4.146801055329017,-4.189082045686305,-4.173842741089051,-4.188912068372725,-4.183012491252697,-4.190380930946621
2015-01-14,-4.278046715299072,-4.099142223541221,-4.311196966119821,-4.343645662376916,-4.089752558488111,-3.9892507509261823,-4.36243044683318,-4.312150969361304,-4.016419395835399,-4.075473537874893,-4.132931518279533,-4.11755963465173,-4.132667229125174,-4.124912394825512,-4.134338987132641
2015-01-15,-4.345932550930879,-4.083201806422889,-4.248117442704887,-4.313979019454034,-4.104013627713371,-4.021137317933806,-4.310195584731905,-4.294447027172141,-4.0284716425826455,-4.078416859598791,-4.112533396927795,-4.094466714685858,-4.112346691297693,-4.105945517295633,-4.113877298064319
2015-01-16,-4.39042230280255,-4.200366309798926,-4.372916848976776,-4.377825501928389,-4.190845547883287,-4.139143974859392,-4.406613246017669,-4.354323963903406,-4.164263206155539,-4.18178038987945,-4.226862924916117,-4.209530653416465,-4.226760674944427,-4.222915675259922,-4.227722348440658
2015-01-20,-4.428085308562746,-4.157025256082639,-4.365677534506091,-4.37503565946009,-4.147127113564175,-4.093960743808183,-4.436638181260634,-4.318327506818408,-4.112770492202546,-4.1410394326591256,-4.1924413451641405,-4.170443421757062,-4.192103439511578,-4.187793896075421,-4.193803788129484
2015-01-21,-4.534367377021339,-4.076511314646338,-4.378051728754853,-4.234264394023476,-4.055256918066497,-4.015762174571855,-4.436701701567434,-4.184393310253658,-4.0512008886760915,-4.057928492229951,-4.1252237959636755,-4.102627251477545,-4.125039682963659,-4.122733543823109,-4.126850964944117
2015-01-22,-4.579355514270691,-4.236302988330762,-4.414913645989868,-4.428903360864822,-4.222068768071928,-4.141077748659722,-4.455964500272422,-4.383520453597087,-4.1696060074142105,-4.218510739962136,-4.262934065413709,-4.246424112920933,-4.2632400907332855,-4.261575028485732,-4.263940010909924
2015-01-23,-4.6010012417182296,-4.41192665263405,-4.609098599249201,-4.602259340300928,-4.406823005346614,-4.315375726616664,-4.633007155410847,-4.597604425120532,-4.343380546984673,-4.387987542835722,-4.438452961074768,-4.425258794162705,-4.438501217979799,-4.437386430264364,-4.439465147410364
2015-01-26,-4.606997351154836,-4.503634781000808,-4.588576644431872,-4.737791557409187,-4.506379230584868,-4.419800868538891,-4.61770306685206,-4.70300243613148,-4.437868528303187,-4.479991712030507,-4.517241881739927,-4.510478827269077,-4.518409998177787,-4.5166185300320505,-4.518046818559972
2015-01-27,-4.658969229112271,-4.278375142549067,-4.530040063756014,-4.496849034336479,-4.277605682865214,-4.192178100251338,-4.607930007477996,-4.464003703078306,-4.226018020340755,-4.260143855108648,-4.319134144731257,-4.296324858292964,-4.318939211550894,-4.31993403383568,-4.320804195280091
2015-01-28,-4.757989191997168,-4.21160337156026,-4.3635279200561214,-4.514763553279904,-4.194924573287123,-4.15391611063096,-4.469692803921727,-4.418099428681823,-4.199415365258561,-4.182951337020847,-4.24291338007512,-4.222531808691521,-4.242974359065962,-4.244091343124222,-4.244563527339963
2015-01-29,-4.8560086268959735,-4.1478507115621595,-4.281723125573649,-4.457924875361896,-4.148122704517351,-4.013194652447851,-4.389205891296477,-4.379670356160371,-4.047507473806603,-4.126287483658164,-4.176382056696866,-4.159437307069457,-4.176362452404445,-4.180473900424886,-4.1779590746016
2015-01-30,-4.993914125502492,-4.0547646212801975,-4.221770531382709,-4.398191196871221,-4.025604081438661,-3.9043008164121367,-4.3231450574986185,-4.337062712721468,-3.965849788766946,-4.017031367626127,-4.086481901323108,-4.065923186600955,-4.086654661793413,-4.092835703383249,-4.08844235076049
2015-02-02,-5.1966655572599025,-3.950951264302495,-4.091902845681701,-4.297493881607655,-3.902876192441364,-3.863953286409584,-4.17554527070789,-4.234178246383293,-3.949834637747159,-3.9258120768259164,-3.9799737878169217,-3.960526701773883,-3.979523988316348,-3.9872412066530596,-3.981960066505221
2015-02-03,-5.193969501286039,-4.193046355477549,-4.279462911234869,-4.488386583447068,-4.168858225522478,-4.057232426071598,-4.34930044599362,-4.470291422045164,-4.119296948777194,-4.167394184501455,-4.211752129544888,-4.201780493651015,-4.211799662242771,-4.218844917584443,-4.212982513800731
2015-02-04,-5.282281316122245,-4.123527175207994,-4.318897162066375,-4.47327319648035,-4.080398902624318,-3.9834569872748755,-4.4270959482614325,-4.404829198682041,-4.0180373106495075,-4.098513441581667,-4.160946985552302,-4.13991611186653,-4.161143846183049,-4.1703427495834005,-4.163229840516882
2015-02-05,-5.242221048902998,-4.404065991773959,-4.508610399463691,-4.737418954357618,-4.372440104357374,-4.274125812423963,-4.618537553172243,-4.67688593990597,-4.3068681296355855,-4.386151806212017,-4.426426243766728,-4.41592698633948,-4.426812552124907,-4.434694195613164,-4.428218772642605
2015-02-06,-5.311406437695618,-4.219336685800334,-4.476180935154064,-4.482766743401305,-4.154288889722132,-4.133782127349986,-4.591311748897321,-4.408052388552119,-4.17468938280663,-4.208274955971263,-4.264889028200829,-4.243793707140018,-4.265115893069325,-4.273515459655055,-4.2669755656899975
2015-02-09,-5.347896282837521,-4.409889824252159,-4.641255844131484,-4.678923408184161,-4.37783274118696,-4.3195957587798395,-4.740289936188125,-4.638188451814473,-4.361981270955607,-4.401787066561642,-4.452058278818628,-4.427995813836782,-4.451895259462084,-4.461366249138628,-4.4542656485538785
2015-02-10,-5.27498536350854,-4.496240094608551,-4.651439850572657,-4.819124455180306,-4.456162478330272,-4.3908916141547225,-4.756233959933402,-4.784574032688348,-4.45011245480056,-4.487231384244063,-4.527586547926613,-4.5107899120224095,-4.527530664882031,-4.536778979253276,-4.529756066108653
2015-02-11,-5.317364677313047,-4.450241959289191,-4.695571943719375,-4.758437715233247,-4.387630654586767,-4.3098118772773875,-4.809257674962363,-4.667692366412864,-4.37258853733089,-4.447491839981244,-4.496383980218629,-4.475344777641498,-4.496716764716021,-4.50674340688339,-4.498653166030268
2015-02-12,-5.299305698976246,-4.6925876348381,-4.674365256438867,-5.063846776702152,-4.627142180109537,-4.547794930004576,-4.772068227266783,-4.980427651459579,-4.619663100403384,-4.687393853356169,-4.7016822282143576,-4.700311471567989,-4.701841810861486,-4.709043594173192,-4.702708796762604
2015-02-13,-5.115906485731551,-4.805297734317329,-4.7973643831046235,-5.135079924877516,-4.740486857876896,-4.700170370570234,-4.89363991161355,-5.067768328351708,-4.750775895385349,-4.802316174488792,-4.815504123372272,-4.806044157273769,-4.815336672936129,-4.822245785825036,-4.816750412624289
2015-02-17,-5.085669244162896,-4.84867262403845,-4.8784823483906115,-5.174153859039972,-4.7774688798443545,-4.717927917272697,-4.9856734321797855,-5.091482535766429,-4.7656552883723595,-4.848289414853397,-4.8649756624607905,-4.856718920348676,-4.865091854693059,-4.872795911694025,-4.866309835913858
2015-02-18,-5.082693786571995,-4.865775593384034,-4.857927494630317,-5.217658426708598,-4.795442354952336,-4.773417290529103,-4.970732567233903,-5.150951569771778,-4.8181635228027115,-4.870958982350637,-4.876803465832149,-4.868352169341639,-4.876374109627488,-4.884431438154314,-4.87826683607543
2015-02-19,-5.07073560854064,-5.029531065832097,-4.960108783191476,-5.330214133889888,-4.955940474519894,-4.863897254743371,-5.034862357104965,-5.277891499744393,-4.948882651157306,-5.03870440840153,-5.025824860489411,-5.030991063214698,-5.026038708795745,-5.032645694397779,-5.026422499982629
2015-02-20,-5.0997837804461446,-4.698055758285523,-4.953202756012163,-4.912937592178944,-4.60336917910748,-4.594383461447754,-5.040757648855646,-4.8382885287253545,-4.638512442359378,-4.712258931048496,-4.742853655733756,-4.723965161629674,-4.743044463564496,-4.752001537174802,-4.744748349790317
2015-02-23,-5.043717578365145,-5.067156873954958,-4.981937452941482,-5.3525246755617895,-4.9969385805190285,-4.9369747419459715,-5.0189450524294665,-5.326950171596747,-4.984057017612376,-5.083930848721865,-5.062526916278876,-5.066997805510493,-5.062467426595658,-5.068835831996116,-5.063208865535102
2015-02-24,-4.962872297888858,-4.899903702196248,-4.963431655769973,-5.136204334384453,-4.818619161906793,-4.834507940863786,-5.013654750015768,-5.104896194890102,-4.865928620643755,-4.914792310934986,-4.917338566035966,-4.91094489969707,-4.9173156306436425,-4.924411777154587,-4.9185371592028195
2015-02-25,-4.925071500485051,-5.01344314817821,-5.011515715478139,-5.291959799386907,-4.955612807933471,-4.922740722874291,-5.063703759362362,-5.29836649601058,-4.9735434032770405,-5.029510711678686,-5.019581610310541,-5.01449207287968,-5.019878153962571,-5.025669718193483,-5.020540651775931
2015-02-26,-4.930519355513304,-4.905682137526042,-4.985369868459515,-5.18107657276186,-4.84913336105527,-4.813868156704783,-5.069881784482424,-5.154019538599257,-4.83702925714297,-4.918298085029717,-4.926775808237527,-4.914797614267352,-4.926628040651322,-4.934050174024351,-4.928138922744067
2015-02-27,-4.9130026244377465,-4.9437559337738755,-5.085672588190827,-5.153511466898392,-4.893905398895945,-4.906711497095932,-5.155311736653342,-5.149964507948909,-4.927746143184678,-4.957533465753561,-4.972590852182391,-4.957682201176077,-4.973165355201315,-4.9792146681912755,-4.974226533851816
2015-03-02,-4.843993266867509,-5.137738551630694,-4.99533186361359,-5.427573242399988,-5.089159269550647,-5.05359746844427,-5.050216556899505,-5.420164507379905,-5.088967521802292,-5.153729861109982,-5.125042092314448,-5.132732783616713,-5.125074500173691,-5.129029391674338,-5.125559875540789
2015-03-03,-4.836331389970472,-4.918679631399966,-5.019323674956793,-5.1299903029362,-4.842412767162176,-4.851324975903193,-5.072051237487815,-5.064893173689512,-4.8748099950784045,-4.9330724271796775,-4.9391605292437,-4.927331593637093,-4.9394747732763316,-4.9435533468069774,-4.940506656618895
2015-03-04,-4.833117671076929,-4.988284863444985,-4.992413828951341,-5.195496345867697,-4.958104687495306,-4.915022485046786,-5.04177402748466,-5.156453352345531,-4.921972384688128,-4.997626639575355,-4.994556135073371,-4.990596281757437,-4.994555385488848,-4.997177156927217,-4.995506963686974
2015-03-05,-4.834822256353622,-5.079666115860308,-5.17088331162328,-5.218011138428331,-5.005390271876046,-5.02624211749305,-5.22270789231484,-5.10760987663011,-5.0346280242768,-5.090126282117295,-5.096630716852597,-5.087883578240929,-5.096455262721673,-5.099672192742495,-5.097715168655252
2015-03-06,-4.815780949199575,-4.830630779150874,-4.896104660571698,-4.922651283039406,-4.72450921010747,-4.857736861043564,-4.938659391548041,-4.809709417491121,-4.8409485859403,-4.845545196560065,-4.8449272554051905,-4.837312830229022,-4.845115398885163,-4.845604348289291,-4.845343626014056
2015-03-09,-4.807519327029328,-4.99737747773656,-5.1376357376357165,-5.178476755228526,-4.94154593445215,-4.84799937173293,-5.182218227817785,-5.1167370854554015,-4.894952020556614,-5.00889105408846,-5.019458109764039,-5.009217073195097,-5.019473054282002,-5.02312311827818,-5.0206723223191965
2015-03-10,-4.849164270544759,-4.8191732872986845,-5.002049357609609,-4.969164030013107,-4.75787493209763,-4.752797971724078,-5.04924199758933,-4.87574455485336,-4.761118513769835,-4.829782326970905,-4.848859498960004,-4.833536299064298,-4.84897707616646,-4.850879885618196,-4.850007347273717
2015-03-11,-4.870844740384705,-4.9004629432600915,-4.913074336297653,-5.090350794079392,-4.85762849541374,-4.815228425632228,-4.967612165816813,-5.023316723557112,-4.81937152296121,-4.910898363621566,-4.908253822360227,-4.903138289534718,-4.908009572254854,-4.909739947203732,-4.9088482242988905
2015-03-12,-4.856465063460411,-4.990567593680963,-5.049279543725494,-5.1097773008332155,-4.9217591015515,-4.963096156892393,-5.07003370292295,-5.0492845199073555,-4.973156483783597,-5.0021885600903095,-5.0034189256923804,-4.998225444592176,-5.003722268590476,-5.004477635038754,-5.003895808783378
2015-03-13,-4.918758832461872,-4.717211329749357,-4.8741459293010205,-4.884663030972724,-4.62524569064455,-4.648022298458068,-4.960577741858031,-4.744243339634284,-4.6322966892366235,-4.736145010769853,-4.745593195002751,-4.732505603639756,-4.745365560121259,-4.747511200048405,-4.746778596554078
2015-03-16,-4.921407637729754,-4.977538579979876,-5.00651265852559,-5.1897743911516745,-4.895664071664677,-4.901063577690128,-5.082551208778595,-5.075646705010012,-4.884167826159678,-5.00297429267361,-4.9896016372441805,-4.980095086819846,-4.98939696708999,-4.991924360949748,-4.990652423048459
2015-03-17,-4.888791645317775,-4.953751516739583,-5.065711488106649,-5.133314602753374,-4.892360605054307,-4.84215719083971,-5.125632193763646,-5.045623223078685,-4.8585014521427725,-4.968905458697486,-4.973279141334978,-4.964319606035837,-4.97324891933686,-4.975911716668048,-4.97415922848652
2015-03-18,-5.0300475847073765,-4.498147295200702,-4.576995231058081,-4.749272246926222,-4.37664201102213,-4.4361246546756306,-4.663430024541068,-4.621204466067801,-4.409599399691163,-4.524966621550779,-4.518117861874958,-4.5054040966536775,-4.517908245507409,-4.520700801539083,-4.519412187983861
2015-03-19,-5.0400051775037875,-4.733299419223519,-4.901686376845893,-4.88455260280734,-4.623377293376828,-4.660440009777394,-4.974429587074506,-4.74471853759545,-4.630673687225269,-4.763737706836297,-4.764054421942193,-4.7480807839994235,-4.763970218991447,-4.7687860211179345,-4.765159356103201
2015-03-20,-5.023502318640131,-4.895593270803991,-4.936777301500177,-5.110180533092495,-4.799530378559898,-4.8231678285709965,-5.00326412081703,-5.043370431675208,-4.797595214193193,-4.933614231540494,-4.907927349441884,-4.900494313165393,-4.9078828248034565,-4.9136432471433515,-4.908807325220883
2015-03-23,-5.00523521407084,-4.882028925745452,-4.9829590092259375,-5.0237512789314165,-4.786787611927318,-4.7809092074474,-5.002506577383551,-4.955703698748614,-4.780557398873294,-4.92283267140709,-4.893983492916251,-4.889079575884679,-4.89402511112514,-4.900262580254022,-4.894566188332945
2015-03-24,-5.018905609950383,-4.851644976999287,-4.974819104342035,-5.039634130250246,-4.756187151774521,-4.7962783601826775,-5.0521966928585496,-4.940660292614804,-4.744711515083183,-4.8974438170088455,-4.875486828087042,-4.8656021397019185,-4.8753902363553605,-4.882785001802526,-4.876639709097666
2015-03-25,-5.0558868640586345,-4.780558464947957,-4.883362447607518,-5.069277795772808,-4.709898620362823,-4.7304787517478735,-4.972033923471685,-4.985316125176628,-4.66636433976931,-4.800104063285428,-4.804947471053302,-4.788732942067008,-4.804715096250414,-4.811998485328646,-4.806638915764862
2015-03-26,-5.11787443931526,-4.604081372674771,-4.798450781285328,-4.879201117902747,-4.508896666498292,-4.529841381887265,-4.884860142042506,-4.799263753955336,-4.500453086044343,-4.618307074808807,-4.6389110558065525,-4.619634919857663,-4.637968364749941,-4.650409519548,-4.640910907072081
2015-03-27,-5.106141985460002,-4.69993519441194,-4.814362783059682,-4.928838585125481,-4.615248457763208,-4.634616224396652,-4.878599056823068,-4.846378233971545,-4.613056502823632,-4.693537548647477,-4.722243483991373,-4.715630378061508,-4.723492121537808,-4.733518147399641,-4.723859389915891
2015-03-30,-5.036485272845439,-4.90624645262816,-4.974072906126398,-5.142567716202546,-4.825964634711016,-4.763164781871141,-5.028456189416045,-5.095006205625894,-4.800296611848741,-4.896142440937842,-4.918012143842368,-4.912589499487474,-4.918549184639437,-4.930515635045142,-4.919326346735854
2015-03-31,-5.049643016635539,-4.7216404305097965,-4.8904398506113065,-4.914411748360116,-4.641443234343989,-4.693756920791554,-4.970694176571073,-4.843578720029436,-4.657999785605674,-4.759596645544935,-4.753705233256644,-4.733820225554828,-4.753182302581679,-4.76665258426259,-4.755425899276214
2015-04-01,-5.1330528531245045,-4.56268489596371,-4.698734300980157,-4.808347677969871,-4.466188322060424,-4.555994386429594,-4.794608241384788,-4.706498161189754,-4.496592604300876,-4.59114961239022,-4.59299113974028,-4.573948284724928,-4.592767029853451,-4.606875800299078,-4.594745296208744
2015-04-02,-5.123590953201795,-4.72532972413373,-4.874949156792041,-4.967830538465132,-4.669805395456923,-4.607013945328843,-4.955225910200367,-4.9259146675131324,-4.652875644587243,-4.693245009264007,-4.753320332879032,-4.734305673483124,-4.753342031306821,-4.766297070826174,-4.755042913833875
2015-04-06,-5.037854012795036,-4.8100386846855825,-4.977772824036895,-4.9992278128840315,-4.746443167980216,-4.708952687213931,-5.044362120314059,-4.936570433931985,-4.739713128157877,-4.7759751974789335,-4.83694732058594,-4.820812306275894,-4.836832143726191,-4.851451441850248,-4.838655571963524
2015-04-07,-4.999053673542559,-4.881861485558199,-5.032550253953091,-5.077630843697364,-4.829123352027535,-4.752240041503642,-5.079673475332729,-5.061642681219144,-4.797261151129888,-4.843399875203036,-4.9035481164367125,-4.891910539923181,-4.9035375719322545,-4.916046943358329,-4.904864416952101
2015-04-08,-5.077433201976783,-4.578044254556183,-4.845777196831984,-4.8153930220881245,-4.50997862736059,-4.556036484523748,-4.9660451502363845,-4.710933999066414,-4.52554482705445,-4.565319931768866,-4.6270070828303265,-4.6042782608967965,-4.626820617405734,-4.644117807714338,-4.629264517690773
2015-04-09,-5.0885453395994364,-4.771898673028601,-4.879763025216333,-4.96971027250681,-4.683380518333231,-4.7061520621571225,-4.941788807422709,-4.874861157379234,-4.701316478331807,-4.746475622408389,-4.791272174149891,-4.78113391531328,-4.791427537668497,-4.8049978362597265,-4.792570433036695
2015-04-10,-5.018926048093417,-5.0313412892788865,-5.1145722979102946,-5.1957765460740815,-4.967171627326919,-4.978642676180931,-5.162699969628202,-5.147847194022153,-4.980626403443865,-5.041363159771506,-5.0452155110022225,-5.038502305071628,-5.046236464179066,-5.057349443692356,-5.046114901339
2015-04-13,-4.994950068298145,-4.987997049583698,-5.143230729235009,-5.193566342894067,-4.9459717593563335,-4.904391805728297,-5.2273146265934685,-5.179103911822496,-4.93086276581027,-4.930564245304371,-5.0125436788367495,-4.993320170583406,-5.013192794561269,-5.028295381695053,-5.014084910979136
2015-04-14,-5.024542215993307,-4.788413610432505,-5.009546751591673,-4.926210320301664,-4.760958714730371,-4.752928673715006,-5.065823129129446,-4.913552513649083,-4.750588762022482,-4.770278569988657,-4.820031133964663,-4.804937919314191,-4.820063042862461,-4.831517405018936,-4.821411845141706
2015-04-15,-5.0311017065716666,-5.0138099368961635,-5.102584446833919,-5.217025900189295,-4.943334054502138,-4.866543503075668,-5.128496487930835,-5.197056617937882,-4.9389157470474885,-4.9499660605132085,-5.0272896617325555,-5.021514337551334,-5.027621299397321,-5.039261519240049,-5.028102373893659
2015-04-16,-5.045860997808696,-5.02817613139077,-5.0834630016166376,-5.232906967854076,-4.950223724420069,-4.96329952407408,-5.146527848635779,-5.167415790034735,-4.955098620995349,-5.017001021009176,-5.044389387168433,-5.038425029099738,-5.044736304853613,-5.0540297605594935,-5.045360749718499
2015-04-17,-5.103469338735316,-4.7418285408094905,-4.899747427339934,-4.945813341830399,-4.667102617934454,-4.681387473861442,-4.995143590200707,-4.854619172459704,-4.655482083168197,-4.703336966973289,-4.769242617684739,-4.754819604562364,-4.769938625445638,-4.783746043061106,-4.770670961083041
2015-04-20,-5.0895943187087695,-5.024283255829513,-5.047305359246533,-5.194692014771045,-4.943404495160244,-4.909433464949325,-5.067059354881423,-5.1387518337725355,-4.955141478725904,-4.9682430300438805,-5.029699213984264,-5.026573468743809,-5.030212592911572,-5.0390007189447745,-5.030013239285178
2015-04-21,-5.117765394244968,-4.910859095089146,-4.988481077188498,-5.088593778287641,-4.814778105556783,-4.789232820699674,-5.029684229127956,-5.0197947098175675,-4.836126363119095,-4.867445098669834,-4.9231371738206695,-4.920834056202034,-4.923866136947414,-4.932789446763542,-4.923812555043592
2015-04-22,-5.149923249187139,-4.868762375005063,-4.921134307653915,-5.045695578848418,-4.7731313577621775,-4.7905898754213325,-4.958839402169453,-4.977856282840857,-4.796778962440497,-4.830841814862949,-4.877853468594689,-4.877384008372829,-4.878452506932031,-4.886453034382715,-4.878432251483304
2015-04-23,-5.168301784679337,-4.828833123322841,-4.9412328627132975,-4.980137655863601,-4.783742107616358,-4.782844795684862,-5.01649491978529,-4.927184811896448,-4.778067193055797,-4.77849485992449,-4.845356681484147,-4.838658084160877,-4.845744729416227,-4.858147266338561,-4.8464040152625625
2015-04-24,-5.157814002539621,-5.052981067314617,-5.0322100352122945,-5.283243820209598,-5.005743725476075,-4.98952836422088,-5.103648880698123,-5.245899210638827,-4.996075963406934,-5.007232581550324,-5.055756670696109,-5.057743985565602,-5.056252618883466,-5.0680183622972805,-5.056629171135265
2015-04-27,-5.1493504923033315,-4.972599995971929,-5.005765738603519,-5.138765545301619,-4.923106574014962,-4.945337614770756,-5.075337251278271,-5.086327543109879,-4.9323066909284154,-4.9478674432969525,-4.982035501299547,-4.977282513426621,-4.98216647624961,-4.992680267670206,-4.982851645189661
2015-04-28,-5.150576951904788,-4.860702725824863,-4.816259721673747,-5.0860666314194924,-4.807832507668325,-4.868975186866038,-4.885980471994674,-5.077449575082472,-4.813563511390908,-4.866862974068932,-4.864264623092429,-4.8632392387740095,-4.864598905955651,-4.8709016192544015,-4.864672823210879
2015-04-29,-5.1670212164679254,-4.778444339240092,-4.792423773188005,-4.952319238490168,-4.709012195140614,-4.693130232843154,-4.845764746166665,-4.917251920332385,-4.727100141168662,-4.741351480747491,-4.78534157274705,-4.782893240434353,-4.785450038857483,-4.79400914518245,-4.785882595501281
2015-04-30,-5.215687045720708,-4.6796386724902765,-4.710850774546375,-4.918935723761589,-4.5924639924494555,-4.648914197342939,-4.826618009118187,-4.849261406579919,-4.631060301104691,-4.721788590633125,-4.698124778592704,-4.688368824481833,-4.698269328972142,-4.708877364735973,-4.699362542789513
2015-05-01,-5.2283904276127275,-4.838599714764396,-4.79951310294736,-5.07826120989001,-4.766928145916905,-4.7962890017891215,-4.873908509438167,-5.066290680047703,-4.7982126296262075,-4.844282266845078,-4.846476289642444,-4.841545012322456,-4.846789944314957,-4.855286771054782,-4.847405109097361
2015-05-04,-5.150808397436153,-5.045116134455614,-4.9957531852875725,-5.307138595261641,-4.971403313635247,-4.95537599469015,-5.074457612643929,-5.270755132678118,-4.987477850462995,-4.9991120234855275,-5.049748276030785,-5.046929464576099,-5.050548318834572,-5.061097076210824,-5.050528918149622
2015-05-05,-5.1585219646665035,-4.777424536233248,-4.872642621543692,-4.99676068686015,-4.686971113393365,-4.675495268379847,-4.951701828503249,-4.927852670897601,-4.713951985764791,-4.718585068574617,-4.799662068278639,-4.78869247167729,-4.799711685778175,-4.811504035292186,-4.80094352575479
2015-05-06,-5.268072558360911,-4.58932802632564,-4.681695142581588,-4.796483840712256,-4.556739146277524,-4.536211585239523,-4.7737500575083915,-4.780188651896718,-4.5541413635845505,-4.564665284416209,-4.610136607100984,-4.5957407614472725,-4.610233153175163,-4.62254559790141,-4.611420889706561
2015-05-07,-5.291579584606566,-4.713696753743846,-4.900460290958126,-4.889335388990689,-4.595000411826006,-4.586950473023806,-4.955248211382657,-4.819164147036044,-4.654912813248992,-4.702118232283409,-4.741144912404158,-4.727648812170629,-4.740926474259767,-4.751459506952045,-4.742653512643343
2015-05-08,-5.272906415434748,-5.010591650856543,-4.965059681681668,-5.218912229368513,-4.9144057661345375,-4.883131553425612,-5.028158918316551,-5.191493338756066,-4.964112692745621,-4.960291213570526,-5.010472127116401,-5.010547351747512,-5.010760058203062,-5.017604999191841,-5.011032666863591
2015-05-11,-5.283981034169085,-4.876406012424331,-5.070737757395656,-5.056440646117413,-4.767932285817402,-4.808995446500165,-5.155837888074817,-5.026689252945721,-4.824552023028549,-4.8602053995843395,-4.910866498331062,-4.8942991264645395,-4.910394903423524,-4.9228970104259195,-4.912648591467985
2015-05-12,-5.341374054227546,-4.658834554666161,-4.871531869549296,-4.815156548705455,-4.544405071908598,-4.674986647126091,-4.92494288633392,-4.751892719916109,-4.612826968691782,-4.712925732753975,-4.694222872832748,-4.6791707506765,-4.6942123009355425,-4.7046970093955265,-4.695802544705249
2015-05-13,-5.316207480158758,-4.825392190793866,-4.997877569505135,-4.969915257610311,-4.7125914399348865,-4.790396442541694,-5.064535664575417,-4.908271932862897,-4.77809194175026,-4.832760683571652,-4.854506310721121,-4.8397479322302885,-4.854244502730419,-4.864488529896185,-4.855953299430264
2015-05-14,-5.299054409292724,-5.063784522905046,-5.087841375976916,-5.2818296743488045,-4.978960635669376,-4.965693533320294,-5.10659274486353,-5.339428214679434,-5.019700257937317,-5.032515471901284,-5.072513595755878,-5.068528878991952,-5.0729866357841775,-5.080447041924662,-5.073261427269792
2015-05-15,-5.233772952321285,-5.057032303539801,-5.089097303668501,-5.200527737347047,-5.003589786516302,-4.927276361301216,-5.121431927353324,-5.207089200615451,-5.026330976379894,-5.02074733532583,-5.064831515051764,-5.063808270136181,-5.065375973175561,-5.071591808111626,-5.065450782806996
2015-05-18,-5.2114308434840835,-5.181384125395156,-5.195700284277456,-5.376247285578886,-5.120552198948719,-5.099082978840778,-5.239567276312181,-5.387786015136294,-5.15363433497869,-5.149936981604053,-5.189902091315074,-5.183370624132471,-5.189819267313634,-5.197120150271345,-5.190784747069491
2015-05-19,-5.210739538703618,-5.201854130918982,-5.182243887610973,-5.356543044831499,-5.162574129272129,-5.144315240243829,-5.2135786369316115,-5.3806979374856985,-5.177562625303822,-5.176516246160564,-5.204545281880998,-5.203196295862726,-5.205027698920615,-5.2100037371259225,-5.205197587562283
2015-05-20,-5.229595453205547,-5.079571006512446,-5.206461641153598,-5.287673420035113,-4.967602822142095,-5.015541622605319,-5.250175280492566,-5.2838711273043595,-5.038147500970688,-5.060977367825873,-5.102231662771061,-5.091179584527442,-5.102842772912877,-5.112309764180706,-5.103574374417863
2015-05-21,-5.225035555950974,-5.2857781640701536,-5.223837235562265,-5.459111154271197,-5.241626949656457,-5.225024798546027,-5.271389592771993,-5.494293977271343,-5.260652234515424,-5.25602720792537,-5.285864244778247,-5.288054804341159,-5.286224268160672,-5.291208267041288,-5.286273726658975
2015-05-22,-5.209720554411038,-5.286761736305733,-5.30896648725058,-5.444668330027108,-5.199450852446005,-5.222243924526191,-5.328909285905275,-5.481525126629123,-5.254415154754526,-5.28328134322817,-5.293501621773835,-5.290464650752391,-5.293891005561924,-5.30155015561158,-5.294324497274066
2015-05-26,-5.20964494037332,-5.099222630215772,-5.193688820342673,-5.234613094124721,-5.022086331919224,-5.046613867905167,-5.247714455847488,-5.2318075571741,-5.067290479988405,-5.0920442293411545,-5.116271391332085,-5.107370654432904,-5.116134748911872,-5.123233724542472,-5.117372082828809
2015-05-27,-5.186385046510898,-5.083051008665405,-5.215117065717206,-5.243369710999548,-5.0244094213032495,-4.9468144191038546,-5.278981652097626,-5.2271713239095074,-5.048773203273089,-4.989104582669722,-5.102518412350992,-5.088790967433164,-5.102329732333143,-5.111511036503752,-5.104066172553109
2015-05-28,-5.159737779455623,-5.0275489996486336,-5.216005831350421,-5.153987726623068,-4.938983908085159,-4.965711899588106,-5.261855922197386,-5.131693552057785,-4.991525535475743,-4.993784548783927,-5.053353758257337,-5.038898831334931,-5.0533416564345774,-5.063025574709182,-5.054983752205012
2015-05-29,-5.132264971398154,-4.9104917034121645,-5.083226220666318,-5.067830444465896,-4.801682286434317,-4.908833688760049,-5.148889367172036,-5.00939935828486,-4.870762238311068,-4.8903421585474,-4.936710394251004,-4.924598189111121,-4.937350739817379,-4.946543320543069,-4.938310694749789
2015-06-01,-5.144772640552793,-4.858700958342977,-4.9817720255580005,-4.986834759098802,-4.775617694895751,-4.887751918295664,-5.034706245179913,-4.945843841783677,-4.825220492430416,-4.893888908030593,-4.878162195079578,-4.86809782594959,-4.878265011110963,-4.887170223855982,-4.879499173095362
2015-06-02,-5.172993592968867,-4.886963733133752,-5.076000655847642,-5.050802039924273,-4.783039910866069,-4.851689279421163,-5.154203901953495,-5.014856098191863,-4.842999027282691,-4.866427856054101,-4.917060160598994,-4.9005376440662705,-4.916829319823209,-4.928719428659141,-4.91882346502164
2015-06-03,-5.140536649010007,-5.000183645416655,-5.12364826434654,-5.108094411904899,-4.889494952218394,-4.953583325643355,-5.156035801125508,-5.087697314637118,-4.9634655539732275,-4.999339149849875,-5.016714098472127,-5.006589343757356,-5.016606189792593,-5.025910849868161,-5.017689795706864
2015-06-04,-5.084234942894009,-4.730731015645071,-5.0328027846446455,-4.84635057484037,-4.609918068114759,-4.731014263128621,-5.119165063547135,-4.770808078779756,-4.693468164630527,-4.736456820273503,-4.774579254885245,-4.758271273658796,-4.774222235315537,-4.788166389316128,-4.776795987263842
2015-06-05,-5.010025977162055,-4.821007062852794,-5.002412394953421,-4.990691525115031,-4.675838294822302,-4.748023919165717,-5.060619690190328,-4.897988322576365,-4.773415059669905,-4.775251950453316,-4.850049665850631,-4.837798279765786,-4.849806327801155,-4.862227158116838,-4.85140428445212
2015-06-08,-4.97352551832957,-5.007407645453787,-5.215532854947288,-5.13267245378568,-4.898539340585334,-4.943189539581505,-5.258910277990067,-5.0846698407237,-4.968847120219828,-4.9607228560316186,-5.0337674006825806,-5.0181067453415045,-5.033281306646372,-5.047681750805021,-5.035395899710048
2015-06-09,-4.982239660070983,-4.9046170636415924,-5.197634584845384,-4.998582006590417,-4.834286535863085,-4.823345908687273,-5.241159213246327,-4.939846386201105,-4.872785955158313,-4.8456762113279055,-4.940271665771998,-4.928393132477398,-4.940338068184438,-4.954774168272862,-4.9422874188451456
2015-06-10,-4.993531454357699,-4.969324513545286,-5.160735641861245,-5.051596676119422,-4.874290932851733,-4.965824343411566,-5.212575911009919,-5.007634061816445,-4.93424090893057,-4.977467944571151,-4.994893570095369,-4.9805563681192115,-4.994740245519014,-5.006356576901645,-4.996464565958538
2015-06-11,-5.006666785174692,-5.085417134456006,-5.278362023141008,-5.191212759481473,-5.0033938307668215,-5.0244439122570785,-5.30915566387932,-5.150943124248322,-5.048319108735017,-5.051879022743801,-5.110207819876479,-5.096424503082238,-5.11049418353058,-5.121833816836871,-5.111479494065207
2015-06-12,-5.019911373979819,-5.0137356958865125,-5.303560295330576,-5.074730094802197,-4.956786219544296,-5.007218087499592,-5.362907556356593,-5.036866947269737,-4.986495728192014,-4.992793823425678,-5.0495815682383665,-5.034134643866958,-5.049561667388734,-5.06274120386524,-5.05149685668046
2015-06-15,-5.070875541221934,-4.876046915387144,-5.163980601987725,-4.928046116916689,-4.772102003364741,-4.848347104923794,-5.214152550706113,-4.869935003647647,-4.836310687577608,-4.875166812292881,-4.914527243090329,-4.901607986296137,-4.916024753292342,-4.928092953266394,-4.916498813324771
2015-06-16,-5.091495281998418,-5.030602771272478,-5.15102368982554,-5.1464803139983415,-4.950405907409075,-5.060362416667012,-5.235915982846127,-5.06272338750099,-4.997547711704518,-5.014958637816905,-5.049184832398532,-5.037411953362701,-5.049333048031865,-5.060752278982979,-5.0506273589076685
2015-06-17,-5.148566138644758,-4.816294629089597,-5.011632985264543,-4.965612909518572,-4.661133460155151,-4.831843789832295,-5.08195042154795,-4.881527845274427,-4.764958668277084,-4.8416715109628115,-4.847245297032929,-4.832129797926363,-4.847087267364497,-4.86010590924158,-4.848867454089562
2015-06-18,-5.157562424631475,-4.971116408180904,-5.03564832853823,-5.095976966880743,-4.832571405585704,-4.937171561151377,-5.060837283574425,-4.979427623213973,-4.934971107621261,-4.945078951940991,-4.983630899936433,-4.975547068223932,-4.983656743017016,-4.9897434165136785,-4.984050828957476
2015-06-19,-5.1506652132403925,-5.091737159953227,-5.158344060347233,-5.238961394361744,-4.979343364787336,-5.041113938779164,-5.191876733901058,-5.198502532212374,-5.045579542946905,-5.02522728389815,-5.101543691154923,-5.098037384348379,-5.101812545510049,-5.110331710211648,-5.102470238560587
2015-06-22,-5.133308878321256,-5.132909330093056,-5.32325669509283,-5.263782175552884,-5.023951179682619,-5.086949114330607,-5.379684576084496,-5.213710950942443,-5.086573959461104,-5.097857833609215,-5.159883013408871,-5.145240426798516,-5.159999590902192,-5.175159762928565,-5.1614441399745274
2015-06-23,-5.110465724012502,-5.166776173161862,-5.304451236675024,-5.292052289885511,-5.032437583451264,-5.1260709256630514,-5.34216419989695,-5.213488365362955,-5.113452418787725,-5.156569498621263,-5.189441083953459,-5.175856940126772,-5.189334840263425,-5.202216570248669,-5.190678111697474
2015-06-24,-5.075468999997272,-5.136914706518979,-5.310506550616637,-5.254107482078232,-5.045484304050795,-5.109653459580004,-5.370559517622012,-5.187750638661673,-5.097375637295231,-5.120600683883547,-5.162578725772842,-5.149754221116729,-5.162711083292834,-5.173483143339589,-5.164049627127121
2015-06-25,-5.062305603398208,-5.10934337541251,-5.2505211159642355,-5.2013973388517964,-4.973014273271494,-5.121154593712911,-5.265479915606364,-5.1273844170886305,-5.058611555127544,-5.139357278533377,-5.1269741710243775,-5.120991984082739,-5.127502977484755,-5.135558668733362,-5.127888706250591
2015-06-26,-5.063386391755309,-4.962185907101245,-5.201916380497883,-5.101222995026283,-4.866344127412421,-4.955827680734601,-5.269144093550234,-5.044717008481232,-4.922450624024292,-4.977709325156133,-4.996683078662472,-4.977044520664608,-4.996586576108427,-5.008844569279743,-4.998754175219746
2015-06-29,-5.074564679720876,-4.863409243622063,-5.04453439057553,-4.960465264196457,-4.767496745113841,-4.860722380761904,-5.094098143100731,-4.904870170359357,-4.832367786537462,-4.872424929226014,-4.887973298393586,-4.875464847645345,-4.88839572073005,-4.896908727339594,-4.889421768085168
2015-06-30,-5.128049123225135,-4.75658377279766,-4.911997520191632,-4.862519651593656,-4.659202519894529,-4.811353627432813,-4.948325489919085,-4.786957786860385,-4.727573571313215,-4.855398218604691,-4.782128464807178,-4.7686678976021035,-4.783151878514703,-4.791787564791021,-4.783360498059186
2015-07-01,-5.125965430719422,-4.851649253926624,-4.984271443761348,-4.961328694924044,-4.755253991795615,-4.822486488223542,-5.0147059100996305,-4.90359028884252,-4.82205923490508,-4.863036283006093,-4.869141542015768,-4.859051609959582,-4.869309047330147,-4.879799489441565,-4.8702897717523825
2015-07-02,-5.100456465712623,-4.996381503014314,-5.066634095014215,-5.112840297849327,-4.857082327582413,-4.993487189533395,-5.074144062863328,-5.0297775132967075,-4.953158750404779,-5.055821922767328,-5.010685483792867,-5.003141516936331,-5.011088202770299,-5.0197969341279,-5.011211353934513
2015-07-06,-5.129428053087967,-4.807776019401451,-5.027643920444075,-4.932810399219051,-4.714070394360844,-4.746979494722498,-5.073182039006318,-4.868254557631773,-4.776191473089652,-4.775123298191742,-4.838006938708595,-4.825367563778019,-4.838506834873993,-4.852456474585932,-4.839565932466321
2015-07-07,-5.226988227176312,-4.578291939859299,-4.6355509123368925,-4.744844155194793,-4.502537636094506,-4.485246797771817,-4.6736514444761905,-4.7414302363111975,-4.549402685691456,-4.529050082394348,-4.587896223357005,-4.5809588268774135,-4.58787112482143,-4.598140184405576,-4.58896699129907
2015-07-08,-5.32876221651712,-4.547785126233352,-4.745982534011979,-4.706798580350245,-4.4954959585697685,-4.450442610414267,-4.832773382971802,-4.672502948019882,-4.524972726890929,-4.473758911951933,-4.577569140451633,-4.562265303395028,-4.577393785913174,-4.589919936345953,-4.579523277190267
2015-07-09,-5.3958487235094115,-4.656687208884636,-4.878951107827155,-4.792035916094625,-4.579002964507689,-4.600878156834171,-4.936199027758136,-4.75837194607,-4.6338498033446385,-4.598349947361497,-4.688384505393687,-4.6750791896759,-4.6885910368612285,-4.697710569855206,-4.689959230930676
2015-07-10,-5.375220101812663,-4.759160359973828,-4.998474411922523,-4.918756298960963,-4.621179049625108,-4.650283838535537,-5.063473177156169,-4.827526332796319,-4.717725992708709,-4.663391406961783,-4.793025751380913,-4.779042644852398,-4.792964610111343,-4.803339934945018,-4.794978266162477
2015-07-13,-5.271713634539549,-4.901553941206702,-5.033531845469516,-5.014858940284315,-4.775406496273951,-4.774733922857641,-5.045693372678653,-5.016392230628686,-4.861485531428971,-4.836300412313189,-4.916093554266774,-4.9088098717447,-4.9161313931284685,-4.9245111337237075,-4.917462184856413
2015-07-14,-5.200116088734857,-5.119562789703807,-5.102915689368389,-5.3088913171174354,-5.009670055633128,-4.9987479413466,-5.122766116243755,-5.30356862282327,-5.085676998323422,-5.027970487601547,-5.121489667191827,-5.121131860835917,-5.121720063178183,-5.1273673767426216,-5.122007483768855
2015-07-15,-5.199192223985672,-5.0270342493870634,-5.137190123935495,-5.177104678024502,-4.956782421117514,-4.883023279228331,-5.190639605595391,-5.171802003193272,-4.9988712000439826,-4.934909710667727,-5.043461611028642,-5.033913484721388,-5.04355058418303,-5.052756402024389,-5.044673616972941
2015-07-16,-5.179610677776793,-5.253894802425504,-5.189238604260405,-5.414401858912706,-5.193509375690664,-5.13120684023363,-5.2232140020076825,-5.445879769617024,-5.229852431133517,-5.128906265773007,-5.252499774329587,-5.255571787433357,-5.252607342193304,-5.258680334974257,-5.252828431155719
2015-07-17,-5.155884567551001,-5.3559320923053955,-5.221550883441983,-5.5502853895850945,-5.3246497839603695,-5.216258811165687,-5.245270310769276,-5.605073681242218,-5.336166360431287,-5.277313463674559,-5.347648986590179,-5.356161612009425,-5.348366712979879,-5.351259540231902,-5.347692196661927
2015-07-20,-5.066029212028846,-5.277954674224379,-5.257008786897807,-5.477684076634935,-5.218773574383476,-5.15756298703429,-5.296837524824105,-5.514012038234642,-5.247087599526177,-5.172922577597356,-5.283050805998628,-5.281897756381502,-5.283258300815021,-5.288902433575126,-5.283807784343803
2015-07-21,-4.947698859967579,-5.208320932656342,-5.13163768828753,-5.385700684158782,-5.170340302980549,-5.094129264345214,-5.171053650636787,-5.417879579451342,-5.18180725287908,-5.122310851985259,-5.20482074565148,-5.209238307673211,-5.204945289874489,-5.206956909972098,-5.205015907125923
2015-07-22,-4.735680537747223,-5.191672858496223,-5.101456866777725,-5.375408105448839,-5.136501909633704,-5.067713247339851,-5.113160348936614,-5.407372791305505,-5.1629172025684635,-5.027281118663104,-5.18420248455943,-5.193077792174198,-5.18529624683396,-5.18567432651346,-5.184419884974728
2015-07-23,-3.886522571255421,-5.072476141372248,-4.983951040696499,-5.242971836011986,-4.984027947245482,-4.959653650095959,-4.982140277566468,-5.269637837634592,-5.030376098142834,-4.969590134881332,-5.0623167936664375,-5.073274983462371,-5.062777043758213,-5.0616759357810786,-5.062674131547768
2015-07-24,-3.693402058971264,-5.001068263949153,-4.909014893730377,-5.171386633993277,-4.921769929247837,-4.9405018052625085,-4.919393729991043,-5.210865572611342,-4.94328134034118,-4.9602436097545874,-4.989991573652971,-5.003056088727323,-4.992531412032836,-4.985557726129708,-4.990097973019176
2015-07-27,-3.5576043592307816,-4.849478071641454,-4.901852079379403,-5.036059394281061,-4.792974055029766,-4.758331022903662,-4.972931311870958,-5.0220727775444844,-4.817675314593085,-4.765644439193194,-4.862656254733438,-4.854757318724646,-4.862906041369173,-4.85938652673181,-4.8636620038727365
2015-07-28,-3.488299774928101,-4.886522078946011,-4.85648576124822,-5.072920749121557,-4.865023782866799,-4.706464247175842,-4.912232136532732,-5.116230812769159,-4.852022202121127,-4.752464922262537,-4.88657801626224,-4.8871567498281845,-4.8866291476870645,-4.883328829186028,-4.887213260397469
2015-07-29,-3.4621524512207804,-4.844422537218716,-4.764116833139008,-5.036549551183419,-4.757466756448602,-4.697263749007746,-4.836004707921026,-5.019085971927754,-4.765646927942727,-4.741025148305711,-4.843638425110264,-4.84943972078617,-4.844136332638188,-4.840706152220596,-4.844305986304157
2015-07-30,-3.4437806191596487,-4.826254809516008,-4.862835874872836,-5.07742145459065,-4.781175233504355,-4.704571028710126,-4.979306400503085,-5.104905620675247,-4.745327111792407,-4.747644343757369,-4.846262628009125,-4.833464879150473,-4.846587062231262,-4.8417364552403725,-4.847577225292442
2015-07-31,-3.390850569856868,-4.971443798367579,-4.939982307133741,-5.170057399704714,-4.912233508896813,-4.832705909415188,-5.009081045397354,-5.214841631963416,-4.876039784991032,-4.910088221502918,-4.9744763848754445,-4.972677556002608,-4.974711604936832,-4.969845102382312,-4.9753496686669605
2015-08-03,-3.3620553653748386,-4.871413657471749,-4.825520811592435,-5.059339943238096,-4.835146748117474,-4.712758815516312,-4.892312137369103,-5.0895977342909635,-4.791798385534062,-4.793707787439557,-4.871061133538885,-4.872548977230451,-4.871158591432374,-4.867414770641253,-4.871598005570102
2015-08-04,-3.3427860921871253,-4.861683298274525,-4.764525831228927,-5.027319962962699,-4.82465815420652,-4.714999737245649,-4.8018456735279464,-5.026506758208998,-4.749453105971613,-4.804782651399584,-4.8539014511619465,-4.8632929805562775,-4.855138954397554,-4.850799847015597,-4.854349007347822
2015-08-05,-3.3228739454966143,-4.974510081859622,-4.811859233977497,-5.176983387242626,-4.93828268676016,-4.7804498063018865,-4.840152576244388,-5.203273719691853,-4.8664130455197245,-4.880558413770054,-4.958151385441197,-4.972821468455711,-4.958756349238047,-4.954321319295516,-4.9583976147993765
2015-08-06,-3.3184084135404213,-4.892688035154674,-4.81174395895582,-5.105152457294961,-4.803484367135008,-4.655764373053889,-4.8270537006014385,-5.128909339865404,-4.744240384724121,-4.789775982008868,-4.884568695716903,-4.8919713232592414,-4.8849218163119925,-4.880261670038825,-4.884924308710529
2015-08-07,-3.2976237218585873,-4.917517469176267,-4.842409598621725,-5.108859831827573,-4.774511012329524,-4.764151219692833,-4.808135245001147,-5.091581052975198,-4.704681335264538,-4.9113172882527945,-4.909628747561169,-4.919795653556745,-4.911199528769379,-4.906381676225096,-4.909487876572007
2015-08-10,-3.269127571118536,-5.172670337122244,-4.971135732613369,-5.384571013494748,-5.042264084191029,-4.987327475589395,-4.898325391526557,-5.3891696535407,-4.934708147702656,-5.146342299542086,-5.149694782158409,-5.167669653062699,-5.149991232198688,-5.145269531385357,-5.149175489280089
2015-08-11,-3.262540274946209,-4.924385384987017,-4.908312631474032,-5.106246197505113,-4.801477224926597,-4.7150072226139415,-4.863985198780321,-5.102447729521251,-4.6467585840867,-4.900011994526598,-4.924061079585308,-4.928588591809822,-4.924320059902667,-4.919563560366195,-4.924075392037436
2015-08-12,-3.2675790822043904,-4.714584797663961,-4.586926265932668,-4.860043620220974,-4.6586856491131226,-4.5222586045892506,-4.547049720799536,-4.869636461947665,-4.504084210178622,-4.67456093442145,-4.699180446937511,-4.7137177189493595,-4.699372345325415,-4.69547869436068,-4.698960178631144
2015-08-13,-3.270041533727173,-4.749704176749099,-4.79599156369056,-4.879951292681693,-4.645396759440575,-4.575458745831087,-4.781279036338938,-4.877239992490695,-4.537176316025042,-4.734481527072969,-4.752745548886841,-4.751083795700589,-4.7528536275947895,-4.749385895411031,-4.753003435806431
2015-08-14,-3.265114110766313,-4.949562259622755,-4.95847271287194,-5.097911248207828,-4.82699527861284,-4.800647516215062,-4.914874135557223,-5.0780150682653975,-4.767248791010013,-4.961863973709218,-4.948193892164238,-4.950886466619558,-4.948347079003701,-4.944688765699981,-4.948255611492971
2015-08-17,-3.222890570767169,-4.909736681267781,-4.932350637298119,-5.0140182424252115,-4.829458688441229,-4.780251705576414,-4.889750908586786,-4.994620117307639,-4.755579153923609,-4.914224236410355,-4.908720653994602,-4.910245454751144,-4.908731923758496,-4.90581342607671,-4.908792570631685
2015-08-18,-3.2003481562494738,-4.904487973226617,-5.113300121126714,-4.998402267424311,-4.84533780510519,-4.774512623147888,-5.1248952879016825,-4.970407759043901,-4.752873956482461,-4.888690355576199,-4.927697011685435,-4.9145572739809475,-4.927732415966624,-4.92465594336941,-4.928229979048806
2015-08-19,-3.1965253427164404,-4.651816205613525,-4.734984300281123,-4.765766358867417,-4.5837001415270375,-4.541196258849633,-4.730351872909287,-4.736504995776036,-4.48985756745274,-4.641242307701704,-4.659370036542903,-4.65555791109118,-4.660064006512297,-4.656134006853796,-4.659530219547419
2015-08-20,-3.20219844455977,-4.502238421675417,-4.696934743770777,-4.606102213143288,-4.456561683355404,-4.36532430066491,-4.698776047908884,-4.584486568986289,-4.33687342822631,-4.4758106356935725,-4.523529867588134,-4.514280652173199,-4.523798478039685,-4.5199332737750595,-4.523791872286562
2015-08-21,-3.230320511125845,-4.20742738813311,-4.264082559661932,-4.303753908997394,-4.2926909861628495,-4.17486386691605,-4.317314118276974,-4.259287743044142,-4.260479084587267,-4.179685656525218,-4.217899265769775,-4.208669528186797,-4.217968843785535,-4.215407164382124,-4.218192818466432
2015-08-24,-3.5533143091269226,-3.368636102591075,-2.5838011848214792,-3.564166656564892,-3.4692614324027993,-3.575520873172733,-2.505619702379508,-3.4483889660320157,-3.665413782329445,-3.419611687555958,-3.290954697839849,-3.3025105834930413,-3.2962441344712867,-3.291075090220608,-3.2899836840546377
2015-08-25,-3.694991405595162,-3.4709152197357915,-3.5833920647224486,-3.6226799542619603,-3.477516293451605,-3.5830966533944526,-3.72115252876609,-3.538000063763039,-3.5759357375723058,-3.5247495409498395,-3.4968268876414843,-3.4817761208082185,-3.496462067468724,-3.4941153109854604,-3.4973272107470383
2015-08-26,-3.8210693060728476,-3.4413510770865594,-3.398485440768384,-3.595249905716372,-3.5155371686184016,-3.4943362164414227,-3.4839553684159292,-3.5250458173234844,-3.572907505029602,-3.462306986721907,-3.44840111593864,-3.442327043979226,-3.4482451865658237,-3.445904530887896,-3.4485561753596716
2015-08-27,-3.8510142995931655,-3.5270725497988,-3.667044960567301,-3.6856177014263483,-3.5465593364571646,-3.4858445041185657,-3.738861347027052,-3.6287310173340392,-3.5100354285607107,-3.53415029303392,-3.5509804666355307,-3.5373534308636447,-3.551028613192238,-3.547714064241616,-3.5513400086720006
2015-08-28,-3.8590049219081553,-3.675985786789168,-4.030484727724736,-3.846386848591862,-3.611054154704836,-3.4273337071385033,-4.066776744050448,-3.82175919600439,-3.4457925921616788,-3.6334206527586854,-3.718514160840383,-3.7007152125822493,-3.718608683386952,-3.7138854354321493,-3.7190120092099463
2015-08-31,-3.8384500628537066,-3.829592333238589,-4.036048748982016,-4.009807068099009,-3.7550033614405067,-3.6452608356596814,-4.038114987935405,-3.9738620891498053,-3.642682304411348,-3.8215237698900206,-3.8556596158157492,-3.842664365180835,-3.8558555643180212,-3.8517072695977617,-3.8558755903579582
2015-09-01,-3.8692047933468845,-3.7104534516636813,-3.951361871687033,-3.87961767390012,-3.684307874346186,-3.598281160123091,-4.024084548673373,-3.842350081941645,-3.576686545993102,-3.709076846534779,-3.7450643950957003,-3.7277397673710793,-3.7449991388617616,-3.741462487077035,-3.745527010327853
2015-09-02,-3.9170269434997844,-3.840678283648539,-4.053217209662554,-4.012514711823022,-3.78164262991832,-3.687357747733443,-4.084359314646799,-3.9800223065499605,-3.6530459580723402,-3.840312820101508,-3.869996906946526,-3.859167776435198,-3.870135371739345,-3.8664699491905337,-3.870310265803614
2015-09-03,-3.932568680852378,-3.9288838035408173,-4.243244603367249,-4.072037620792475,-3.905347918310725,-3.833322643917845,-4.3457148467211795,-4.036855655020156,-3.8009078283131754,-3.921709734287218,-3.9721867969794205,-3.951522206452637,-3.9723012280501533,-3.9691354807366332,-3.972851752267692
2015-09-04,-3.9394579747503005,-3.946823474819495,-4.293123279696392,-4.078282427550762,-3.9090074574280695,-3.9509663722965893,-4.423955683932663,-4.026766087970899,-3.8692926722222043,-3.9853850238418858,-3.9946237077241427,-3.9708779644749628,-3.9942526889180843,-3.992087380783417,-3.9954156207366647
2015-09-08,-3.9352846904873835,-4.084359107879876,-4.426699595757473,-4.231826750623854,-4.018735436449501,-4.0128410396969825,-4.519690448007898,-4.188151159053225,-3.9613414840005627,-4.096095586832435,-4.128370983603102,-4.108937844387953,-4.128267994577054,-4.125315446788379,-4.129015907111419
2015-09-09,-3.9679471495697785,-3.952459430702899,-4.302626345164205,-4.092529587474135,-3.9518901023088824,-3.865316284377095,-4.401231176628444,-4.060198739786818,-3.852685218896315,-3.952934507803834,-3.9989552842542087,-3.9748781519917484,-3.9990943527576555,-3.9955877974020697,-3.999627817597989
2015-09-10,-4.021451963153653,-3.9301141986859776,-4.327360150555076,-4.077207900698673,-3.9263536532031624,-3.816480335639936,-4.456367946021581,-4.0433984870783615,-3.8205471507527373,-3.9081490218579535,-3.982132868688746,-3.9572406911459352,-3.9820996337960604,-3.978438396076891,-3.982851581282866
2015-09-11,-4.03735363283209,-4.085811800111011,-4.441718821167166,-4.22249170426418,-4.070398133135951,-3.974887871414107,-4.545954213160122,-4.187631260180904,-3.9902002906733585,-4.076984728324523,-4.130473369448444,-4.110213999301877,-4.130643524692393,-4.127562122772173,-4.1311061385268655
2015-09-14,-4.02651911286717,-4.1658599166472685,-4.598791748724253,-4.295424926611958,-4.151228566765052,-4.095228233630805,-4.748596413289794,-4.256587506349086,-4.088833676679916,-4.167855202231442,-4.223624802335835,-4.199797522361745,-4.223377953345484,-4.220339641435711,-4.224577909782525
2015-09-15,-4.022489839094465,-4.218763613022264,-4.490366549021785,-4.356633037524351,-4.178579509626905,-4.11497859890005,-4.571104620939281,-4.321451074687715,-4.12028570403083,-4.2166671773540765,-4.253833207963353,-4.236702469565087,-4.253875298652043,-4.25050186442973,-4.254346099027722
2015-09-16,-4.031392828804696,-4.250969598195401,-4.49954157204192,-4.3975894212782745,-4.21015504430716,-4.157953445599058,-4.560057124807016,-4.356772353461454,-4.1013742142029335,-4.259839049252639,-4.283974750907944,-4.268218959958606,-4.283885227977092,-4.280480031624255,-4.284353714066664
2015-09-17,-4.1218003113411426,-3.874938386420669,-3.976694940482434,-3.9920256677757444,-3.81108684294338,-3.896733146143109,-4.039995703529016,-3.9449291120761325,-3.7914202526503824,-3.930402505629798,-3.8945764525655298,-3.886634031728575,-3.894633411242663,-3.8922499722524204,-3.894737861986202
2015-09-18,-4.174336344185557,-3.9479405209666676,-4.216190427616128,-4.07746908038861,-3.8925581744958793,-3.999852374573906,-4.362429336270164,-4.03002761747034,-3.902968265160899,-4.00893985804901,-3.9904969470841274,-3.976555752581136,-3.9904035447022044,-3.987255056760357,-3.9911351670107447
2015-09-21,-4.18666485144413,-3.996131657063864,-4.2648634571246005,-4.100635372581658,-3.9879024053307326,-3.9588888749885727,-4.338068064016054,-4.070999375738393,-3.945663351315979,-4.003891778513321,-4.031656352223967,-4.015591143825015,-4.032112382217297,-4.029192915356558,-4.032121279625545
2015-09-22,-4.204767586100063,-4.013480367984185,-4.237929611290626,-4.145297229810179,-4.011557390823392,-3.964134594722645,-4.335348121302202,-4.112244503987834,-3.971661188753956,-4.017301245694051,-4.048250150808673,-4.033234275499304,-4.047978816990086,-4.045692009481411,-4.048667740490573
2015-09-23,-4.228575854184985,-4.0077377846819235,-4.333472303509993,-4.127176250463209,-4.020879189243645,-3.9328433760829973,-4.477301875597598,-4.094997661298771,-3.9181213397662566,-4.008222640334703,-4.054744450308821,-4.0307736368365585,-4.054495304525233,-4.05272897118335,-4.055447010002664
2015-09-24,-4.291003668182931,-4.0323130155438855,-4.214063188211579,-4.150853165120386,-4.0330692207284615,-3.929874151970797,-4.290876686010259,-4.12619534492666,-3.944412962343387,-4.004983200979834,-4.058719487464247,-4.045583546135051,-4.05869955369031,-4.057063199259872,-4.058996206029615
2015-09-25,-4.332344161219952,-4.122428450215972,-4.354391450298643,-4.248601249140742,-4.116576118952203,-4.133221992820921,-4.471516168511287,-4.19505659576283,-4.075187939195372,-4.1252181057639055,-4.158856122658965,-4.139363995833456,-4.158770834973411,-4.15842714337921,-4.159444250986504
2015-09-28,-4.351777197660211,-4.090949934819655,-4.31229858134859,-4.212724118113013,-4.13404182398331,-4.123383545743997,-4.4390931968062075,-4.15481358019012,-4.091009642925564,-4.116552629402994,-4.1277386593453045,-4.107891166366782,-4.127639984098194,-4.127910272757971,-4.128415923054423
2015-09-29,-4.467446784467247,-3.9699127397014276,-4.13406218707507,-4.0908954473573385,-4.04699381046703,-3.9463225805247775,-4.246382488967477,-4.046703756360868,-3.953193681762836,-3.9613909174221305,-4.00037559580548,-3.9841106282579988,-4.0003546026081995,-4.0017679118581135,-4.000930523415465
2015-09-30,-4.5215317598065505,-4.077105576833477,-4.201595239951597,-4.200106155819659,-4.137294771668836,-3.983086478480018,-4.278584340387884,-4.169595323397222,-4.02270187331384,-4.041942881840835,-4.098852194672592,-4.084428410976665,-4.098741740988293,-4.101819718721035,-4.099193914076704
2015-10-01,-4.630933214898617,-3.9958509628442958,-4.073109829034218,-4.121060508244533,-4.0247372954333,-3.9247308107946344,-4.115178946298134,-4.09483188426727,-3.930259161133172,-3.9749891066794816,-4.01314424342892,-4.004168871168854,-4.013263790992785,-4.0169729588063205,-4.013326069763133
2015-10-02,-4.7460971674819605,-4.004569805545148,-4.119243138898055,-4.122776711255665,-3.9846102438066446,-3.9036431333026025,-4.159108153377316,-4.103591264021906,-3.8366461301905,-3.9825506897483764,-4.022314290726452,-4.012443426572337,-4.022335375376424,-4.027136966259659,-4.022541444489292
2015-10-05,-4.727617875271065,-4.317769300690869,-4.280789213330769,-4.464297816872107,-4.252790945597403,-4.150269466799325,-4.239064049545237,-4.4620517759798055,-4.094429964675873,-4.286277585975639,-4.312685719179259,-4.320281124696113,-4.313122867985302,-4.3183722536121385,-4.312444154219407
2015-10-06,-4.761653746559686,-4.207447030998339,-4.370984407600889,-4.366425914295903,-4.136554110007231,-4.011275135091955,-4.368209538982651,-4.364584486805899,-3.9679182396028185,-4.1515443962031515,-4.228181536124134,-4.2205270715526275,-4.228426064085674,-4.237552778045229,-4.228325209851096
2015-10-07,-4.792735084005139,-4.190386022300612,-4.104651581633965,-4.363861155793058,-4.149006659214491,-3.971378557042921,-4.084839596724343,-4.378385172942946,-3.979453840266698,-4.131496608137184,-4.182379422736734,-4.191510514000308,-4.18285088488757,-4.191624675457983,-4.1821619667316705
2015-10-08,-4.812979042490932,-4.286654734345588,-4.396538279917433,-4.429196113278763,-4.226514707292932,-4.166033657160427,-4.394937116576879,-4.420932593423125,-4.139063326295904,-4.275192403572012,-4.303173764288886,-4.296331424411951,-4.3033219205895135,-4.311843604310246,-4.303245307466553
2015-10-09,-4.821624717448741,-4.39816231903768,-4.517875772738475,-4.528675736297107,-4.363073453580356,-4.259423522338268,-4.533325792561675,-4.531363261876375,-4.225202565860901,-4.349530608756008,-4.4139612274777065,-4.404740851662675,-4.413971103841528,-4.423663257688527,-4.414137275836423
2015-10-12,-4.815524540307974,-4.588385662060971,-4.6485363197706935,-4.730661732334902,-4.540198544980505,-4.486882699169156,-4.660772307320222,-4.728132391884958,-4.4232774170929385,-4.581560738245087,-4.599817901303065,-4.596368518582844,-4.599847977976829,-4.609852168143565,-4.599964492768751
2015-10-13,-4.802967825404297,-4.5220906303773205,-4.637335700065333,-4.656031816623574,-4.487795386772216,-4.354615496031644,-4.685814659888638,-4.676101778124731,-4.316239308915436,-4.4609534238387205,-4.538459491667869,-4.527679384587103,-4.5385819790901305,-4.550956010141116,-4.538814050424571
2015-10-14,-4.820937681757799,-4.382432993341767,-4.465461437917487,-4.485873068520693,-4.419789121078533,-4.314666684727148,-4.4919139222657325,-4.48283552606109,-4.382216871862386,-4.351579478315829,-4.394123159751305,-4.389373944497105,-4.396182548539151,-4.403480592532921,-4.394315785976726
2015-10-15,-4.804564248778127,-4.477495813460133,-4.515941274611544,-4.571060513004334,-4.466310218511254,-4.389934654045328,-4.535340301825233,-4.5657177326322165,-4.369873405234377,-4.440193926111266,-4.485000524549284,-4.481936920353656,-4.485034461015761,-4.4943460786771965,-4.48516234294185
2015-10-16,-4.751320538281991,-4.654555750183243,-4.507061160419447,-4.782341988258099,-4.61799946580669,-4.466521957359771,-4.455451482330426,-4.799619820199448,-4.4640138364080135,-4.588052068447278,-4.635375838498624,-4.65243602832591,-4.636236662367936,-4.645352031343794,-4.63497300991387
2015-10-19,-4.731417788770441,-4.5793323824067675,-4.652570935935255,-4.695897204617059,-4.498566258765923,-4.478525547225501,-4.672670887007118,-4.6864357260314575,-4.4023239398730505,-4.542602942688478,-4.590738509969396,-4.584503649700153,-4.590869856633608,-4.601896535370135,-4.590812483373642
2015-10-20,-4.7310284626172345,-4.611296356582407,-4.631373946570097,-4.706087518999878,-4.624922318041305,-4.50331377140303,-4.642232694011573,-4.70542033791265,-4.493945048977104,-4.578088768053042,-4.615822377534391,-4.615384644190289,-4.616372840102104,-4.625148005187323,-4.615828483163198
2015-10-21,-4.7831742763536145,-4.455735901084714,-4.490610568648886,-4.575363254246678,-4.469997222887045,-4.4281392470802095,-4.507099358631013,-4.554482123270334,-4.386518050548614,-4.447460700543272,-4.46586450576883,-4.465665232115405,-4.46591636836172,-4.475811834474168,-4.4660245111131305
2015-10-22,-4.813938465829156,-4.536385862001876,-4.3432842816413855,-4.668194516376732,-4.639216240798496,-4.519784834884746,-4.363749392102287,-4.648198143667829,-4.486881469508921,-4.5319540527929085,-4.522247236636479,-4.535546574999779,-4.522694845061979,-4.532161103486471,-4.5221210001706815
2015-10-23,-4.809606547730309,-4.567667806120931,-4.3997235343733525,-4.701525811422242,-4.581582523741619,-4.506653400444255,-4.409171014502922,-4.695420580402988,-4.44881312938015,-4.565666594638058,-4.555398625735165,-4.565678240867884,-4.5556921411088425,-4.565349859374234,-4.555125218823819
2015-10-26,-4.815471054665258,-4.7483338699833535,-4.627366530392358,-4.876971479221493,-4.736812615764363,-4.687012891870298,-4.614097214731354,-4.876684890301366,-4.650238815831484,-4.756441527594062,-4.742169141094569,-4.7484449738687164,-4.74231312292553,-4.752608961191407,-4.7420578096198085
2015-10-27,-4.8320675912111515,-4.650196345074411,-4.442561704262879,-4.748201395230218,-4.690850419859807,-4.549471531981674,-4.399501039550967,-4.752034847380099,-4.661934842206701,-4.609506419683134,-4.628783524313873,-4.6493979205773455,-4.629494407038183,-4.635848133903251,-4.628674043877549
2015-10-28,-4.907535412369527,-4.4226221213442285,-4.18460460898972,-4.556846246901893,-4.323579656952822,-4.37688612574006,-4.154524227690893,-4.566870812069526,-4.284963652697594,-4.459235539828844,-4.400846881509608,-4.416620841991777,-4.401183954229337,-4.410230706016613,-4.4005503056046535
2015-10-29,-4.904338934051637,-4.67855266515531,-4.433757531373032,-4.802657700884556,-4.5389831514502745,-4.625215035857467,-4.3645791448049955,-4.805697356521786,-4.5164189365019904,-4.687945130464691,-4.655897647808596,-4.674558936345907,-4.656375091219183,-4.663339803091124,-4.655637643162473
2015-10-30,-4.913458607537879,-4.64207297786741,-4.565500516416225,-4.749575054019679,-4.5556476487353805,-4.617570037378964,-4.5658609276613875,-4.755155248734168,-4.578700623569631,-4.677284356993664,-4.639194250439954,-4.64297180690243,-4.640070994665361,-4.647086784269882,-4.639104073948005
2015-11-02,-4.838857274775275,-4.752780723951291,-4.6735549596692785,-4.884270624891135,-4.704698278932814,-4.7194265434715446,-4.678474321202367,-4.899997359232731,-4.727437694283159,-4.777386520326345,-4.752791786629451,-4.756268946027628,-4.752581428677351,-4.762981105047539,-4.752704583413262
2015-11-03,-4.785555692186895,-4.803582125185355,-4.620874009076679,-4.930752556156423,-4.696388079082973,-4.722425373498512,-4.58173656043901,-4.961953256520923,-4.7131044864791685,-4.81917972113572,-4.789837164209451,-4.801524578349459,-4.789839551462092,-4.79899240849651,-4.789564806345652
2015-11-04,-4.775343227353226,-4.666366487506885,-4.673519156035303,-4.7930380920398035,-4.5732311127567575,-4.542294962875019,-4.7052643767687,-4.821108383752191,-4.492768539119255,-4.672927821748064,-4.670975919641399,-4.668727522418893,-4.671267575975091,-4.681011065679451,-4.670940890401897
2015-11-05,-4.712693240857327,-4.708873483700737,-4.667003267473116,-4.840504719121429,-4.615799252333707,-4.576817276639891,-4.651763006400334,-4.854017953338481,-4.508224712448985,-4.6968153137435955,-4.707623388108978,-4.710891999217218,-4.707893087602231,-4.717548171099581,-4.707456750644784
2015-11-06,-4.640313845437973,-4.635966121648915,-4.621169023476014,-4.770089264883804,-4.492330582453895,-4.683482425785714,-4.666820409828338,-4.757943885983658,-4.460580951359668,-4.737847808469226,-4.649100678024127,-4.641876268028557,-4.648875887017297,-4.65598683775189,-4.648979082981369
2015-11-09,-4.597339421688168,-4.666828744958118,-4.575364002131184,-4.784495427860269,-4.564023855481753,-4.643984186082025,-4.540335509625644,-4.8054839747654405,-4.58894198602748,-4.718938366103712,-4.658868930811242,-4.668212960916717,-4.6607254962184,-4.666437452787904,-4.65849809852143
2015-11-10,-4.554551759693978,-4.67430425476498,-4.661100960975361,-4.772631758528297,-4.57807498028618,-4.578332197931751,-4.659974458322811,-4.790853706204955,-4.519193774537348,-4.675769167547776,-4.674846748149419,-4.676101872093334,-4.675366199080877,-4.682367042478535,-4.674620095123231
2015-11-11,-4.456688040566242,-4.781018271641821,-4.757159407067158,-4.890741330775305,-4.662148380257561,-4.675750808779581,-4.735853066042226,-4.918409955093672,-4.623795044395089,-4.77825126685579,-4.779016152854521,-4.782040940755265,-4.778970748147288,-4.785612054733971,-4.778810131699593
2015-11-12,-4.454002613165726,-4.666738242077641,-4.542271724681012,-4.781264572175106,-4.548718227200373,-4.567946430028264,-4.510508904737547,-4.797593249193696,-4.47698788845166,-4.646690321982189,-4.654259649927846,-4.666607119470757,-4.654061928414011,-4.658306227979259,-4.653920317662231
2015-11-13,-4.347708314349165,-4.635356844792783,-4.529020663435946,-4.7615637954433305,-4.639826771878918,-4.558553845628129,-4.52416808295159,-4.7835242274667875,-4.606451808494584,-4.656131135711903,-4.629107753055525,-4.635302910717186,-4.629484055856744,-4.630472764991638,-4.628762871792182
2015-11-16,-4.305755824817091,-4.589237729213072,-4.551454989776606,-4.705726245204823,-4.511126169206832,-4.483100212235522,-4.556535570187714,-4.7223800837708705,-4.475720587255827,-4.548299753652149,-4.589042272805284,-4.590866608453695,-4.589252219543044,-4.588081316099977,-4.588771305442497
2015-11-17,-4.293187629748722,-4.52081435774289,-4.402383964562245,-4.639228271588151,-4.459169222943932,-4.429800075210578,-4.383130433317375,-4.659840460090969,-4.449787873421237,-4.507510114822701,-4.511621409441108,-4.521356217298404,-4.512328883297863,-4.508903405356927,-4.511308768193924
2015-11-18,-4.285736422684088,-4.557665931604833,-4.533841413495711,-4.686789820467835,-4.365822169056934,-4.516815837405087,-4.525907366592757,-4.700764349120646,-4.339123745905128,-4.601722456711283,-4.559903418174025,-4.561536499894743,-4.5600301909700045,-4.555594999197585,-4.559549566692289
2015-11-19,-4.277004541917171,-4.670678855202589,-4.6588149158989065,-4.776977342675594,-4.53680302043337,-4.6114593815661795,-4.636895545850074,-4.785738909644268,-4.552143334400839,-4.6874246396276975,-4.670692067158096,-4.671965776624203,-4.670965023231937,-4.665990803827779,-4.670448054662552
2015-11-20,-4.275242081994407,-4.8075628363324405,-4.721181622390992,-4.9246224645213585,-4.700050921206164,-4.721047855154633,-4.665339313874609,-4.9349001248584266,-4.679401633134345,-4.799753583043442,-4.798987461494943,-4.8079377679650985,-4.7994574384506254,-4.791099453936642,-4.798563293803101
2015-11-23,-4.274577009764341,-4.850073445170588,-4.754477855739782,-4.961940927065369,-4.705082292537001,-4.761462341975192,-4.686840013275294,-4.969760350007666,-4.682629162812263,-4.837356181183187,-4.838463349104418,-4.8487397916248725,-4.838445582043507,-4.829399367516287,-4.837975131032536
2015-11-24,-4.284159840217279,-4.722031437013327,-4.6845775115195405,-4.81607325109524,-4.632360054657881,-4.616180065020225,-4.667618819583997,-4.831810223056724,-4.600012452174345,-4.700648355100923,-4.719620851160664,-4.722239916329913,-4.7206217452941965,-4.711087313528351,-4.719362621084659
2015-11-25,-4.281375742541479,-5.016600191906185,-4.958495378083149,-5.117084716527181,-4.905251948062739,-4.939382408694465,-4.9042377719544215,-5.119896928350447,-4.929526588193041,-5.007718878127361,-5.010965966473884,-5.0166880030992616,-5.010697105821704,-5.00090050659057,-5.010622375352195
2015-11-27,-4.275080037488381,-4.9989888541882515,-4.897417239570998,-5.076307772959804,-4.941173071452237,-4.988130826539291,-4.837599820137287,-5.060870258037919,-5.001574352685487,-5.014543931506861,-4.989539408482498,-4.999005554454492,-4.989804710780653,-4.983627796379938,-4.989108656829912
2015-11-30,-4.264334786471542,-4.908171421648604,-4.847503031189752,-5.0153673697844345,-4.776626337012272,-4.890438535363856,-4.789654042830473,-5.004279900588518,-4.82063957584012,-4.9374226188376955,-4.90303548302182,-4.907845158074205,-4.90325888454702,-4.894022141025482,-4.902600598362111
2015-12-01,-4.215623131121904,-4.837179460254028,-4.817864192740677,-4.91339096470935,-4.744078292824346,-4.8322652604933864,-4.772060957597042,-4.8893880271679135,-4.7374575076937075,-4.855722536868533,-4.8361789854811486,-4.83772839305424,-4.8362795865736405,-4.8295627123534395,-4.8358587089738645
2015-12-02,-4.18871977299537,-4.866916471339764,-4.8553152116348475,-4.963910030078886,-4.675166365647542,-4.819600366762857,-4.787771513585281,-4.95779342405521,-4.693207285417456,-4.876576148173922,-4.863228421408815,-4.8679010023868985,-4.863496959175279,-4.85345141017133,-4.862776472524951
2015-12-03,-4.1941636148135855,-4.552765627425892,-4.47079364653915,-4.636921898069238,-4.540346534703495,-4.518825137554882,-4.4539021478900835,-4.628560756576272,-4.533932577953324,-4.559870128638232,-4.546774944527111,-4.552477029666154,-4.547051929323685,-4.538398626837653,-4.546283411203859
2015-12-04,-4.137261970944139,-4.5375704615100965,-4.449478420844258,-4.630590354066485,-4.294990292584082,-4.484772459244818,-4.357662368971446,-4.63112439296179,-4.286149456386793,-4.529372237121224,-4.524226568953261,-4.535144517487804,-4.524267616321404,-4.513376057870637,-4.523586068276002
2015-12-07,-4.096728054438652,-4.534022998515442,-4.539941432382501,-4.61894268899606,-4.413671319219042,-4.503925329721221,-4.516140670472842,-4.6138811860789755,-4.406054482342105,-4.534982886674308,-4.535615866761585,-4.537166658228944,-4.536364294168054,-4.525859011409544,-4.535247418898127
2015-12-08,-4.070693891783839,-4.379604757533036,-4.4072647281587605,-4.463728156684177,-4.23612079914342,-4.351418157342763,-4.380051133794256,-4.464832313935821,-4.236594419073534,-4.38242498388789,-4.384562412647673,-4.383835775973126,-4.385133982998481,-4.37375892012947,-4.384152397400485
2015-12-09,-4.045808661421004,-4.26434891972284,-4.289564024537922,-4.340675796347717,-4.09667808012477,-4.232839972902725,-4.243883959743138,-4.341047259040633,-4.059818975027776,-4.252171856819702,-4.267090942117724,-4.267080289522694,-4.267494845940041,-4.255658086961814,-4.2666421819550555
2015-12-10,-3.9976742521346535,-4.32479622565933,-4.4656348263269985,-4.398600951204061,-4.115976536107782,-4.2967424960268685,-4.475321282145593,-4.395434253980873,-4.064435218581411,-4.3223883187978425,-4.339738033290231,-4.331108874025622,-4.339758161834371,-4.329488372316676,-4.339452394150565
2015-12-11,-3.908258851824199,-4.31245478401991,-4.371754208257088,-4.389707321948341,-4.211032485597117,-4.320684989958679,-4.3848717514106506,-4.3757590937341195,-4.186602153414468,-4.344981569967527,-4.323591382228592,-4.316918175206871,-4.323433059393202,-4.31356903493537,-4.323244894040472
2015-12-14,-3.8754391814020366,-4.158298159580452,-4.08271009687103,-4.226362461939277,-4.088474549685913,-4.144891890223963,-4.039113340059574,-4.219038391152816,-4.067642695864006,-4.153695939366139,-4.150183464632942,-4.154754754454905,-4.150289157719389,-4.140618347526271,-4.149681229618921
2015-12-15,-3.7896793663020594,-4.398485382639634,-4.376653885543277,-4.472664137109874,-4.2137764230447035,-4.379510846149397,-4.293928010999041,-4.475849900691886,-4.159236107048947,-4.386503409304385,-4.3937633590947796,-4.399620948461882,-4.394765982359506,-4.382181549441987,-4.3930692818485
2015-12-16,-3.7151476679725652,-4.067331640745578,-4.286070580011564,-4.120164752540702,-3.8465775610360406,-4.061594189256913,-4.299436777005408,-4.11247994783368,-3.8315249734493086,-4.076467487414954,-4.090929959322264,-4.0789581239809545,-4.090783686582425,-4.080868536507618,-4.090837901316364
2015-12-17,-3.6349502412565475,-4.1423382299178755,-4.239838320193551,-4.208734253805987,-4.065737386049227,-4.136319294086445,-4.289256172154888,-4.204099983608186,-4.0693813529874365,-4.137812783270507,-4.154802873509518,-4.144120002033844,-4.154577349765217,-4.1443426353809185,-4.154618441430965
2015-12-18,-3.6345094162724076,-4.198195753101424,-4.23614919408303,-4.264902530702667,-4.064449864758874,-4.195612282810333,-4.226426582048532,-4.2576613120518605,-4.04132803595045,-4.199211692616547,-4.202254925749144,-4.201376610952957,-4.203065910926186,-4.191557217292248,-4.20188247300211
2015-12-21,-3.6312195429342435,-4.2929863405973805,-4.386434806097058,-4.369932935008293,-4.091536736884818,-4.290149022486795,-4.393905805364321,-4.375961228041671,-4.096356852853821,-4.2870903769452084,-4.305051380675426,-4.299238172840381,-4.305328577096679,-4.2906168067332535,-4.304633125883681
2015-12-22,-3.6157037766256996,-4.363200999712054,-4.439981574559369,-4.431796162312106,-4.218399777113611,-4.363623123358608,-4.465604869601938,-4.422317227280356,-4.275303366382576,-4.368154450729942,-4.372011841166123,-4.365946582962138,-4.372148508520623,-4.361159857211933,-4.371693605585672
2015-12-23,-3.5342985747154048,-4.58765793495493,-4.646070302730151,-4.660665258106098,-4.362466892480511,-4.594080302794317,-4.634805667298105,-4.668121210593807,-4.474572505996444,-4.565172734330616,-4.592655507625154,-4.590028592168942,-4.592836017690635,-4.578798716258827,-4.59208740126635
2015-12-24,-3.4779475029775475,-4.671107204760929,-4.9525173465059975,-4.729452844041716,-4.334465996222652,-4.682854967269657,-4.949569746715672,-4.731038750453209,-4.405383276991469,-4.645175358264835,-4.695561831252042,-4.683131554453716,-4.695158549617905,-4.6828438685766,-4.695040800853733
2015-12-28,-3.4689385725689545,-4.668671127122265,-4.742152918125423,-4.72129936328222,-4.498463441993874,-4.684977314925475,-4.718870449717219,-4.716909753914855,-4.5732225096947845,-4.638159220401172,-4.675864511674306,-4.673048877907897,-4.6760165468622,-4.666948094437434,-4.675332117626855
2015-12-29,-3.4495867236750093,-4.824934972336483,-4.887389730504026,-4.876217750206824,-4.564778718779621,-4.844102077325372,-4.828512725386391,-4.875370314193968,-4.651356981029672,-4.807099104411495,-4.826090447705835,-4.825793138404839,-4.826142560565433,-4.817207348794857,-4.825419106671172
2015-12-30,-3.4340975562472464,-4.772549213847362,-4.9581054195217185,-4.820403432609859,-4.534029671110355,-4.79074134438015,-4.966703065177306,-4.807484035675111,-4.5953007893455515,-4.755906390556683,-4.791692387828192,-4.782334399585713,-4.791624844019567,-4.784130896402369,-4.7911772330038325
2015-12-31,-3.3453577640936993,-4.63660360312767,-4.730679838256597,-4.681101185721319,-4.484803851092031,-4.638550744320313,-4.715898973043584,-4.6620503390144,-4.481188213263815,-4.6464111913171635,-4.647329595385954,-4.643860893459372,-4.647442441072264,-4.641521655598345,-4.646853116505225
2016-01-04,-3.3206212365585936,-4.334116900064971,-4.2966619419282175,-4.381946060304781,-4.21407831051779,-4.351302937474302,-4.202715446444112,-4.356259022452431,-4.3194405833710405,-4.3208384696528155,-4.3286951521041885,-4.335088088965339,-4.328947405439846,-4.322947902539746,-4.328008057176179
2016-01-05,-3.2982741908810174,-4.363687739002136,-4.375902390210189,-4.4026557427491175,-4.277176105160636,-4.374875319107984,-4.32458012110447,-4.374358647646786,-4.331070292273003,-4.354949129882661,-4.365087506416678,-4.365518131132264,-4.365244790170643,-4.359931985970296,-4.364482374233003
2016-01-06,-3.275436262262166,-4.319012656221335,-4.348572374231193,-4.354807355744497,-4.20568476854479,-4.338919369872867,-4.309684165548302,-4.324264693125178,-4.323314903946529,-4.289049351856297,-4.319606957537268,-4.320621173739962,-4.319715256947999,-4.31389887627275,-4.318951270154987
2016-01-07,-3.263731444334564,-4.084247453574154,-4.004071349044756,-4.114096466997745,-4.023127754383895,-4.123019931396117,-3.8920756943305514,-4.082340108602805,-4.140739604614388,-4.021385190523627,-4.0723160852849,-4.083124411593097,-4.07237364352554,-4.066463387065393,-4.071595998893428
2016-01-08,-3.2529757734908356,-4.082513698490504,-4.06109720026989,-4.106021602846178,-4.059105160906077,-4.109028611605286,-3.9954558375828015,-4.076328858375114,-4.169773653394396,-4.034215679877452,-4.080102323759233,-4.0827734777234355,-4.080333630180553,-4.074874426532521,-4.079570155204575
2016-01-11,-3.2266839166506616,-4.040805734433008,-4.024287163851583,-4.065429721035454,-4.036964697501038,-4.0609568610627935,-3.968520716514088,-4.029836042531822,-4.099635314956102,-3.9982104810763888,-4.03956847583081,-4.0427307511859905,-4.039950964481547,-4.034156300987063,-4.039053834119683
2016-01-12,-3.247806245317394,-3.9688368374578107,-3.9800487161139455,-3.9909788684923675,-3.7950638627965314,-3.998268315923813,-3.827587467124485,-3.9464496107610576,-3.917600467834625,-3.8939636478626034,-3.966991848131434,-3.9715934451503916,-3.967553097766375,-3.959709103016715,-3.9660875546132766
2016-01-13,-3.2739844209529094,-3.918984220404637,-3.8023740257666545,-3.9352632531143534,-3.751416130904541,-3.9601337437036817,-3.5736814010036855,-3.8892743490328323,-3.8542116617893747,-3.813598097495431,-3.901598763130241,-3.9175970974697316,-3.902472052553007,-3.893789719669966,-3.90056808284661
2016-01-14,-3.3304863066638557,-3.793232392735465,-3.722381552422481,-3.805825460904116,-3.6051553139211294,-3.824040673865704,-3.4913009740290746,-3.7598672052388995,-3.8579317592365174,-3.727120206629856,-3.780761266229397,-3.7916388521386466,-3.781296772475032,-3.7735262962127556,-3.7798257533506208
2016-01-15,-3.3748190825073907,-3.8150880455110907,-3.7064469885675497,-3.8238898717385505,-3.8228490638280146,-3.8428635306778864,-3.564592437626444,-3.788025810236447,-3.969600151636912,-3.7337911534694546,-3.802756220355162,-3.8136036561358684,-3.8034361471106686,-3.7969583616354377,-3.8021205980269928
2016-01-19,-3.42422863091784,-3.7479421861502225,-3.6925388109277315,-3.7543024550703086,-3.643240207518942,-3.7822028444753344,-3.513733252242682,-3.713429651565489,-3.754160669357682,-3.620305168993916,-3.7385335027145734,-3.7482266711565484,-3.738994159212604,-3.7317595416797613,-3.737730997994533
2016-01-20,-3.532752933488675,-3.6088344779161194,-3.414701961165523,-3.613000250149838,-3.5543842905850602,-3.6465965351262906,-3.183473769397459,-3.563807856783508,-3.7135966804989247,-3.5091908731772112,-3.585876156155264,-3.6036037646886228,-3.586532355328309,-3.5780080389492284,-3.5848802293471236
2016-01-21,-3.6288723249009736,-3.5932880493191965,-3.39183760901938,-3.596045022970755,-3.4855259402890177,-3.6387963592436186,-3.0775571051568895,-3.5468977096100445,-3.659842732875558,-3.4726173389356227,-3.5671304469690783,-3.5874337926412196,-3.568000321266804,-3.559510174667354,-3.5660745949016746
2016-01-22,-3.624458017506438,-3.8875057404757998,-3.819118907610437,-3.888477280619686,-3.5022591980460813,-3.9501294638653364,-3.47702073937227,-3.81989052999554,-3.7689259382027203,-3.770891679384283,-3.869248702013783,-3.887696327654835,-3.870151948434612,-3.860621426577072,-3.8679891146023104
2016-01-25,-3.6251172111998273,-3.9527842757750804,-3.839350320189853,-3.951373466514985,-3.7545868795574604,-3.9851463729352363,-3.5596029028079803,-3.904474674598623,-3.9221253434854337,-3.8702484997074666,-3.9337478599257114,-3.952602292226678,-3.934283396889109,-3.927762520207207,-3.932725851144073
2016-01-26,-3.6351312878711157,-3.937757771561296,-3.8111631667887895,-3.934433285864127,-3.7917400501257985,-3.981791299670244,-3.558570739799386,-3.886098412613097,-3.8758998966476237,-3.855156490998129,-3.919938548558948,-3.9372968941901254,-3.9206928298910015,-3.9135157447320728,-3.9190953485566924
2016-01-27,-3.7070311316534803,-3.7285000979940723,-3.660245590627682,-3.7238061312437294,-3.554329214380796,-3.7763207498485736,-3.4372937863885786,-3.6766192944131397,-3.6973205634597193,-3.633796479781616,-3.71515665499474,-3.726523941228902,-3.7159282833133673,-3.7086048102848057,-3.7143427191498337
2016-01-28,-3.7636903135893363,-3.8065847828689248,-3.611901434811863,-3.7999803721014906,-3.8231745188599726,-3.8365045209027886,-3.3757729868356194,-3.759185367957494,-3.8957780718007062,-3.754088091872424,-3.785993607679225,-3.804223483464516,-3.7865399268050033,-3.7804114570148157,-3.7852233174955545
2016-01-29,-3.761409909827392,-4.060595205750974,-3.8500669417423157,-4.052795150526411,-4.07042793257199,-4.107343480413156,-3.604826819186545,-4.008984054140313,-4.204151655765316,-3.9648620085717123,-4.037946394114582,-4.055394636545854,-4.038623754903997,-4.032313575364562,-4.037049123476474
2016-02-01,-3.778464805689228,-3.981959234788914,-3.8207286361690795,-3.973802158242929,-4.020072461896317,-4.0281960707864135,-3.6193220034292826,-3.9374548139931047,-4.208269721704026,-3.8803688650567376,-3.965138099232391,-3.979727882515685,-3.9655077255598483,-3.9596903975639703,-3.964433278457945
2016-02-02,-3.790025831240828,-3.989872301645571,-3.9055374259034408,-3.981708926433913,-3.946844489414708,-4.034111700377517,-3.7182277447413834,-3.9449325115382674,-4.201580037430614,-3.9261373653611202,-3.977198923019988,-3.9886599440002635,-3.977359597287692,-3.97130779805373,-3.9765183565554088
2016-02-03,-3.926683655397198,-3.6448036499622405,-3.508520855274265,-3.6357668562968786,-3.579448476716947,-3.6761282479762625,-3.3064541625510926,-3.593806060993954,-3.7525108593895444,-3.60763588061867,-3.628982569621989,-3.6422774731479883,-3.6290836677237723,-3.6229907520609737,-3.6283038781369448
2016-02-04,-3.9940382073605267,-3.753916313465714,-3.5582175848582485,-3.745162833277398,-3.6481865561556477,-3.7964918979531777,-3.321123770343916,-3.698955386303283,-3.8861199647711846,-3.690155513756934,-3.727714078068209,-3.74860335747871,-3.7285381877979473,-3.7234875417636935,-3.7270083535298397
2016-02-05,-4.050809139584478,-3.7686938985425633,-3.6701990776198365,-3.7609924714941068,-3.696094922494832,-3.8107232515899234,-3.5054128313588198,-3.7160302139338417,-3.7985655005185515,-3.714974405113436,-3.7596119183837815,-3.7676071753598297,-3.7595504321903395,-3.7572321424124517,-3.7590095909970573
2016-02-08,-4.0718286041252485,-3.73891693673541,-3.5531898210406636,-3.7324287755945096,-3.770701047903471,-3.776385669403689,-3.401645322061312,-3.6985678266941218,-3.9153351950011666,-3.683321468082684,-3.7209656581794714,-3.734141172290919,-3.7222307170163895,-3.720029366008864,-3.7203772515215814
2016-02-09,-4.182694995072362,-3.667200618036533,-3.410671373103807,-3.6629130493831386,-3.7350296084369754,-3.705713651710764,-3.2653788989555173,-3.641133945166587,-3.852963529109027,-3.6244648205176673,-3.6431101174480744,-3.6587843768358286,-3.6435985159063677,-3.6432376227466348,-3.642503658265321
2016-02-10,-4.279639709030729,-3.7384277019418524,-3.5783075702790526,-3.735145163602066,-3.6619837178384618,-3.8121904474554347,-3.401460137081489,-3.7037529696558447,-3.889629770731382,-3.6229913071941087,-3.7227559740890306,-3.7355330630916503,-3.7230627411368027,-3.7241403871629166,-3.722082025646774
2016-02-11,-4.445638136447294,-3.64848533069841,-3.4899405081970176,-3.647221358566269,-3.620849318787082,-3.6873541348694308,-3.357413490395454,-3.6191388109518257,-3.7349227654388204,-3.6017878000430064,-3.6334586635579598,-3.6452806067770815,-3.6340175926035796,-3.6357023885772413,-3.6328480514030317
2016-02-12,-4.456180335787678,-3.888649907143386,-3.7149021854102213,-3.890666952179513,-3.8046451542863093,-3.9482428072449047,-3.5466174065867873,-3.8666321157200674,-3.9843886703160565,-3.801745819435606,-3.872224202551557,-3.8857323195812015,-3.8723373562513834,-3.8756062127618938,-3.871682226089402
2016-02-16,-4.492076640170919,-3.9433012431731336,-3.837560421826411,-3.9475926562699892,-3.8693431447721482,-3.9950874555273628,-3.7119471014427012,-3.926901969890357,-4.017291148283786,-3.855406355118087,-3.934846720594148,-3.9417378398154197,-3.935232124956511,-3.9384610999469025,-3.934394508163479
2016-02-17,-4.512998120028414,-4.089978028454788,-3.9056867762248295,-4.097706896382878,-3.8986596681798438,-4.1473353012390275,-3.699186627671182,-4.0741183961655585,-4.051912690437951,-4.022638311506815,-4.069194918036586,-4.0863016992895185,-4.070087337152497,-4.074512342857974,-4.068465801203964
2016-02-18,-4.532096851626111,-4.147049575316597,-3.9727635840871214,-4.156468134011634,-4.034581029038174,-4.196781779265725,-3.7850755731089216,-4.138470045365056,-4.19347758205661,-4.051175717873653,-4.130017745032746,-4.145069576939174,-4.1304833615164585,-4.135701334469816,-4.129365433982304
2016-02-19,-4.57471992113388,-4.174930201785371,-4.046583801663887,-4.185179091695014,-4.057474783796694,-4.23304510600398,-3.889289840633325,-4.171250459060401,-4.299418718181008,-4.12015779853857,-4.16216796849033,-4.172291645465195,-4.162583767312805,-4.167828165402478,-4.161624124234062
2016-02-22,-4.571458355260998,-4.484935641201409,-4.262081071767447,-4.497869636645827,-4.427618832723736,-4.52641747527927,-4.093916108253254,-4.485521072508873,-4.565155034214849,-4.414106951735864,-4.462844729079329,-4.477733087773046,-4.4633080489310455,-4.4694783632095065,-4.462304871754484
2016-02-23,-4.60156075045293,-4.347560376682068,-4.232275459850284,-4.35894644243833,-4.149677638761969,-4.4342147999339945,-4.105659113669306,-4.35013209870506,-4.401177636606568,-4.263924112193228,-4.334135410752793,-4.346361046412525,-4.334799367491036,-4.339965054656784,-4.333644604663565
2016-02-24,-4.678609959619515,-4.163229314560372,-4.055363927391055,-4.175515055949342,-4.056780487172813,-4.242128511938609,-3.919781611330918,-4.168833827233255,-4.284084867292615,-4.104523077800356,-4.15151584531237,-4.161661514107026,-4.1520845411424085,-4.157813719308971,-4.150935166588945
2016-02-25,-4.716019009935784,-4.221656364739836,-4.172280576120998,-4.237314419284803,-3.9993757232514375,-4.331792456807662,-4.040306756944964,-4.234083261404671,-4.281618963844007,-4.122709403756912,-4.216979613819628,-4.221911903033485,-4.2171479123827575,-4.224325443048451,-4.216488272788981
2016-02-26,-4.75321852293954,-4.261299923261131,-4.170417081400404,-4.279160938203995,-4.084123361203247,-4.32610576250542,-4.035545886972631,-4.280864306481626,-4.274561661822711,-4.194017650261198,-4.254620526649512,-4.260511620497974,-4.254948870644559,-4.262837778786592,-4.254144785630696
2016-02-29,-4.808042897709249,-4.214672416236509,-4.240389931339957,-4.2324004768295245,-3.983222944799997,-4.262218373322024,-4.156904659339826,-4.237668890839139,-4.080696146876653,-4.119530111037759,-4.215222446795134,-4.215509393778692,-4.215196251571326,-4.2216739689431275,-4.214850972387347
2016-03-01,-4.836646565158935,-4.265347660344809,-4.206534173202967,-4.28510174947476,-4.095129124057937,-4.324028936079398,-4.119330608632083,-4.2923235960847395,-4.150708056807117,-4.145388288447683,-4.262333656986421,-4.264961649065805,-4.262748697799028,-4.269402677903195,-4.262018903726764
2016-03-02,-4.889322697026636,-4.266131192500554,-4.249908005573208,-4.288680421022582,-3.9827759386326833,-4.319481629814948,-4.159315306206373,-4.300519566952466,-4.093049599023531,-4.205503872011164,-4.264240895919988,-4.267061308316604,-4.265888397266133,-4.271604831617442,-4.263909867525942
2016-03-03,-4.887730126403675,-4.380219937186732,-4.304563406280538,-4.40926131113614,-4.0963110112075976,-4.452882730055184,-4.162489117099913,-4.433263910434194,-4.258646205244515,-4.318243606250592,-4.372265938707741,-4.380369444699609,-4.372747729021074,-4.382035119385532,-4.371866379549745
2016-03-04,-4.8967737999518794,-4.345010848124923,-4.189051588600388,-4.37787163333642,-3.8758132807068093,-4.456887398770374,-3.968390829146018,-4.415692919636186,-4.085503797272384,-4.22938434273038,-4.324323119120944,-4.342159255873963,-4.324849266248906,-4.336004813406413,-4.323828435200057
2016-03-07,-4.899779602669324,-4.377854838642977,-4.309579007645938,-4.410994094808373,-4.040045254785909,-4.469880064344975,-4.190992774787711,-4.457196471165289,-4.222903500419922,-4.309967535553193,-4.371299449333942,-4.377128012910772,-4.3716075932778224,-4.382545103362025,-4.370936117231604
2016-03-08,-4.926969115277557,-4.347727136469246,-4.243908970224786,-4.378991745606105,-3.9711201216548173,-4.445898031080908,-4.091514996934583,-4.420200781015827,-4.120218023324458,-4.227159463280502,-4.333166275821191,-4.3459764523622715,-4.333327296266732,-4.34455425739949,-4.332846657595902
2016-03-09,-4.9356856980483315,-4.41023934901716,-4.3296317232958454,-4.445509546308269,-4.051226772708878,-4.491569738716994,-4.2016597077273445,-4.49968268542152,-4.160670429780052,-4.354498360759312,-4.4003408135551405,-4.4098887376449865,-4.400500348821637,-4.41200736581337,-4.400068761628404
2016-03-10,-5.059058216776256,-4.17875652253402,-4.1481217249967735,-4.2084323418288925,-4.014424115856255,-4.237504166311895,-4.123408515523694,-4.246162528670003,-4.0837747862825005,-4.146944346944672,-4.178764179152643,-4.179238861808752,-4.178811390497586,-4.1881890753966555,-4.178614894300233
2016-03-11,-5.0512402689237215,-4.5978282677298195,-4.491362514340747,-4.633864449798816,-4.389661792759887,-4.650761296083625,-4.437045221661971,-4.686352768003867,-4.434929555080309,-4.573101703049725,-4.588833162859116,-4.597513799048369,-4.588818280654983,-4.598349421777527,-4.5885989802153615
2016-03-14,-5.066969214973091,-4.589699845279695,-4.497577826828054,-4.623886276321747,-4.273427588210029,-4.671732016254854,-4.4143725871457,-4.67193628531142,-4.388381176588272,-4.52309862648753,-4.579574745152577,-4.588321645323914,-4.579609673107292,-4.58946188351941,-4.579382154029247
2016-03-15,-5.099053057516289,-4.617579080784132,-4.5697428766232955,-4.655346910568885,-4.397657864710461,-4.667444643420531,-4.538232542267058,-4.712851145626147,-4.439084692814986,-4.578826046950128,-4.615330732919079,-4.617849626996895,-4.615551137292056,-4.624987086357054,-4.6152489959712195
2016-03-16,-5.1777639405983145,-4.429925883586037,-4.2838983696675275,-4.467787719278707,-4.307789727740091,-4.424337072923802,-4.208857606636447,-4.527461188653486,-4.327233162818742,-4.461148774478692,-4.4209238717008885,-4.427403489614051,-4.420752522311486,-4.430769505472289,-4.420775272336522
2016-03-17,-5.187519863047775,-4.70321671840619,-4.556156510473451,-4.7405509387001254,-4.484311290379978,-4.788705989308314,-4.5070117909005125,-4.787940745823658,-4.528419555859867,-4.644125671511457,-4.689779304908937,-4.697753689451744,-4.689905774328682,-4.699090694052302,-4.689635790184965
2016-03-18,-5.194507524878459,-4.759834010203679,-4.523318986602542,-4.802104169743686,-4.553897840414877,-4.815284621439419,-4.403924383791146,-4.8702226289232895,-4.638073094742395,-4.718809270903358,-4.737458966257127,-4.750117569818535,-4.737851206117227,-4.748349260045608,-4.737375292017833
2016-03-21,-5.1875322180988634,-4.743717208488219,-4.629246054773848,-4.789721445401161,-4.497812028306652,-4.809386067517871,-4.557424164084225,-4.869721163507399,-4.534764435035642,-4.703448176010299,-4.736013879616935,-4.741982800826422,-4.7358152706032035,-4.747935710621173,-4.735985376496735
2016-03-22,-5.167914149611764,-4.794334876984645,-4.700750360847005,-4.829848519123024,-4.610932006905485,-4.832416371066497,-4.663619635320603,-4.884278607771132,-4.664978956282433,-4.792369569592183,-4.787999693060995,-4.792452923022349,-4.7877157989965,-4.798178382853679,-4.787987310880129
2016-03-23,-5.1688423957124465,-4.8340612553532125,-4.7090577028990515,-4.881381447458445,-4.651849241972039,-4.895370252254817,-4.645319516561835,-4.962878019455004,-4.6838192646413495,-4.783488598102484,-4.824210422406935,-4.832280238573318,-4.824289143962822,-4.8360892925636,-4.824158683141235
2016-03-24,-5.1622790172162505,-4.931224069105484,-4.762579428911638,-4.975551431759532,-4.722480543090924,-5.001256881705671,-4.689567179613798,-5.043186589548612,-4.756314698635197,-4.847994847685539,-4.9170522793206555,-4.927626969316396,-4.91721701823283,-4.928901523911977,-4.917029121371053
2016-03-28,-5.131010658998649,-4.896987260773966,-4.7951781486873974,-4.950476930934037,-4.637689594821139,-4.957715156380011,-4.74726992495066,-5.046120776391411,-4.595990146979828,-4.857859617112657,-4.888817964094099,-4.896491892557236,-4.888984317769802,-4.901139237548235,-4.888704763458438
2016-03-29,-5.117536853709795,-4.807832319724651,-4.709386556124242,-4.8490023659201995,-4.633304783874594,-4.868336981325137,-4.6497254246957365,-4.914435302491005,-4.593209340025925,-4.767831958375478,-4.799523055622353,-4.80744002077493,-4.799794558454703,-4.809535087702067,-4.7993228578042535
2016-03-30,-5.061499327534198,-4.87082172852593,-4.729263849874743,-4.909197217369573,-4.600975309051026,-4.962245607128116,-4.668831383964011,-4.990412529857509,-4.660612020982804,-4.813552644752875,-4.858174555755423,-4.867650772139429,-4.85836689913795,-4.869729555237267,-4.858262720988882
2016-03-31,-5.041054071420846,-4.926249818482983,-4.837559946021454,-4.967605973595118,-4.735636370776958,-4.947792965474942,-4.785612685316375,-5.040156712108235,-4.7076864725735375,-4.907097552033022,-4.918892261887094,-4.923615168923289,-4.918942886076166,-4.929663431796983,-4.918884106481228
2016-04-01,-5.031298988448724,-4.82140940124474,-4.648366279632134,-4.869872895612655,-4.513727447446065,-4.826241124383567,-4.530411133403953,-4.9508425926102,-4.495020839748356,-4.755131344975608,-4.800961660056085,-4.817753911142609,-4.80165992199522,-4.813230521695609,-4.800866144255213
2016-04-04,-5.00630213309319,-4.9344325342026325,-4.7674495678641975,-4.977318151994165,-4.679447526785369,-4.974491706608439,-4.654822208354888,-5.0531058494148375,-4.647144451795717,-4.883384215437842,-4.9162491632509315,-4.92968437166333,-4.916423991901355,-4.9292106373230204,-4.916104693712892
2016-04-05,-5.007578950307011,-4.771686933377054,-4.734122217862634,-4.808777448305099,-4.616162059391199,-4.7311088691820045,-4.712446828371828,-4.869526605249361,-4.466102505711373,-4.759011794099046,-4.768422389993249,-4.771627174338948,-4.768903334248872,-4.777644451923045,-4.76833638989536
2016-04-06,-5.012791379974345,-4.7394940834713495,-4.688091374102322,-4.7750454340923225,-4.451548107348456,-4.754134973871202,-4.619114177242266,-4.844476982778123,-4.44597433547511,-4.6922242299278825,-4.730546589952152,-4.737420880617682,-4.730891680610941,-4.741825629516525,-4.730489017001552
2016-04-07,-5.040732346613208,-4.671734139999778,-4.592444851750662,-4.708900606699887,-4.5087121636950975,-4.710671480203944,-4.557375645727512,-4.770197579427182,-4.479012886231612,-4.6368855875155,-4.663577146552288,-4.669719386283505,-4.663774204141327,-4.6725549475136505,-4.663606786717578
2016-04-08,-5.084932506363604,-4.69801625433033,-4.70926235409582,-4.729803800621958,-4.5307091899812555,-4.747209092530075,-4.733038237593191,-4.777888327570084,-4.5139304899848325,-4.666413288401441,-4.699965901325744,-4.698354476412549,-4.700167762398084,-4.708638043847864,-4.699971909264535
2016-04-11,-5.11846267947555,-4.665628571189794,-4.677306899233721,-4.6885852542463535,-4.486450236500852,-4.752437127358022,-4.7047470438617465,-4.722788333637913,-4.511157581064723,-4.6043968437575815,-4.66716335156917,-4.665193694925021,-4.667370326887727,-4.6762554897085025,-4.667244136082237
2016-04-12,-5.107230914594091,-4.725463555117375,-4.651942423567777,-4.754384802646839,-4.501395291658535,-4.812865079268399,-4.59131640162491,-4.805673160109473,-4.5511224921606965,-4.652070708858768,-4.71785091618376,-4.724131722707917,-4.718109665078203,-4.7278030201549806,-4.717765893115753
2016-04-13,-5.0669626581057745,-4.841917317331908,-4.7453731351433435,-4.866569693019077,-4.604495271367653,-4.891706618356177,-4.676623001771908,-4.9102299075565226,-4.6792184069845915,-4.806914499699151,-4.829988693975321,-4.840271898979217,-4.82987827212267,-4.840075574316267,-4.829943882769915
2016-04-14,-5.06019305414647,-5.009809833114245,-4.811509860543183,-5.024106208695924,-4.757962338692986,-5.016537810721839,-4.675322965581014,-5.050617053530195,-4.815211890164345,-4.982757970059477,-4.983065884777916,-4.998241368989737,-4.983639954896781,-4.99226545616828,-4.982972132245972
2016-04-15,-5.007987929674373,-5.1903031038247,-4.994338523358523,-5.208376900271267,-4.970527583841495,-5.197155829336717,-4.8603268901368715,-5.2391787763019195,-4.955415473508264,-5.165969808002518,-5.164684643408465,-5.180753858661904,-5.164936153081077,-5.172954452079035,-5.164568169947758
2016-04-18,-4.905414514762086,-5.042705751363106,-4.9670364419728354,-5.058737286330383,-4.803618354943081,-5.060850836135835,-4.874321776328412,-5.085284212934404,-4.7923918132047065,-5.0242095606095765,-5.029758845102856,-5.037688494412993,-5.029864722818585,-5.036772087476869,-5.029720833544183
2016-04-19,-4.850065656338032,-5.0583547379151,-4.92320215881929,-5.069844207721516,-4.869248432078359,-5.094383502293978,-4.8120362684404405,-5.089200390392178,-4.840074283373524,-5.048103269937856,-5.041076983682278,-5.0518174732052294,-5.041383916770288,-5.0466750679368,-5.041010869589367
2016-04-20,-4.846129020845115,-5.130262094889446,-4.933745947721207,-5.138211976146934,-4.985467069600161,-5.138740336042445,-4.7822772653971715,-5.1546662846003315,-4.986044621067701,-5.124707352745068,-5.106283529932587,-5.121245169183566,-5.106775484234221,-5.110473577256225,-5.106190366343057
2016-04-21,-4.856792773962393,-5.0003417920391735,-4.812014255285619,-5.005749758458842,-4.9407634557990665,-4.9487953439921775,-4.6605934869148635,-5.017645093445073,-4.941767851742128,-5.0200891142393935,-4.9794397857986645,-4.992615927615315,-4.979487260049107,-4.982801999389333,-4.979319016750644
2016-04-22,-4.879837475171078,-4.919766646872754,-4.832297523427159,-4.919782242122137,-4.792204019246931,-4.907013096424562,-4.744898184324139,-4.925108694658106,-4.769873097331728,-4.929749942606092,-4.907939121079077,-4.9187132483585545,-4.908289653987078,-4.9108632962512395,-4.907808255920665
2016-04-25,-4.888307316074937,-4.982936302385726,-4.895454511013255,-4.979344991569733,-4.795739542554948,-4.977323321616212,-4.752435672590286,-4.980223466902138,-4.79650253447263,-4.953883521390197,-4.967277752692172,-4.979503750479417,-4.9674821847966095,-4.970114093394641,-4.967086095185622
2016-04-26,-4.899742033280347,-5.007392555898279,-4.857990419137243,-5.000534595943675,-4.867078852917135,-5.065329102089568,-4.728046035243205,-4.9980492514079895,-4.912298492706526,-4.980238499449145,-4.987696245036599,-5.003047916064266,-4.987941001637635,-4.989560009209542,-4.987545247728975
2016-04-27,-4.939774661344994,-4.832291374668537,-4.698746114682416,-4.822477990864026,-4.79098152997221,-4.777960256326693,-4.5678472593053705,-4.816903266017735,-4.7889603014378865,-4.86351802110849,-4.816487199549159,-4.828399292461451,-4.817078155390357,-4.817235506382146,-4.816373357456951
2016-04-28,-4.969613028212854,-4.812880674093161,-4.696954393914344,-4.79874993834767,-4.787629563445931,-4.750404816115465,-4.618978910220791,-4.790820765881236,-4.786776724430025,-4.846088769404465,-4.800247347149717,-4.8092983007611565,-4.8004512783771,-4.801860906942105,-4.800336871741496
2016-04-29,-5.025264392735854,-4.696848037897565,-4.5639274711377755,-4.681355351811828,-4.581906488549781,-4.7148452014207125,-4.423363408761487,-4.6702800534721325,-4.67933822552584,-4.6870610277280855,-4.681010193916879,-4.694222278149725,-4.68093881879774,-4.683409776352603,-4.6809408448520005
2016-05-02,-5.044995584034022,-4.7948589861399915,-4.71459552071151,-4.778072660370296,-4.669444599921381,-4.79195401437749,-4.587585120688509,-4.7654119362598495,-4.716068734930555,-4.791010141028284,-4.783492682093788,-4.792170156371434,-4.783882745570169,-4.786833308732586,-4.783454881870956
2016-05-03,-5.05164339509662,-4.759256226632264,-4.6807677378515695,-4.742755139564857,-4.626787548780416,-4.804466484643655,-4.567850140038848,-4.732912571961346,-4.721307030524669,-4.743566222639517,-4.7486122626628235,-4.75715293146333,-4.748860301456167,-4.752716149044168,-4.748574607223958
2016-05-04,-5.075287780530157,-4.766171268357459,-4.683441310759126,-4.7499435849315725,-4.591629096919543,-4.79993293034675,-4.577633414620123,-4.741219774264792,-4.7066840443641516,-4.755230681725491,-4.755480645794892,-4.764595620975513,-4.7555333726484506,-4.759720135059499,-4.755467067445274
2016-05-05,-5.123999215699322,-4.754856886064035,-4.6594202925403785,-4.73514698190822,-4.637997367973849,-4.760747934929538,-4.5219514011275495,-4.731286838688155,-4.73281899208096,-4.748477758900543,-4.743501304579774,-4.7523468309536,-4.743211052540351,-4.7477497006953735,-4.74342309574214
2016-05-06,-5.166190687245329,-4.7839238513659055,-4.689273219895295,-4.767823937484977,-4.638126493069275,-4.796973415732347,-4.599859833097211,-4.764133721286409,-4.712307321266518,-4.782483623602006,-4.7748620654147995,-4.781182466302394,-4.774988109130257,-4.779571951135228,-4.774802452671915
2016-05-09,-5.187402008600129,-4.842852855209184,-4.777609547333559,-4.823178654145513,-4.653690202376715,-4.864855575865834,-4.663847406729963,-4.8212071586420775,-4.694439961910438,-4.84968931133658,-4.832806340778196,-4.841363056393661,-4.832900007440243,-4.8381488420094305,-4.832710362346104
2016-05-10,-5.171480823626677,-5.048073924065899,-4.9277154885429315,-5.033793574808033,-4.927548474192137,-5.069284897919882,-4.81383813613942,-5.037208832563254,-4.977112361404465,-5.057869188575051,-5.034345258086637,-5.043237965856933,-5.0345341957983205,-5.039671985859765,-5.0342567389919815
2016-05-11,-5.150280052920471,-4.957903985498421,-4.883742451386272,-4.940426652673241,-4.753392070336435,-4.987419364109896,-4.765591490441637,-4.945597701142173,-4.7947191682386485,-4.97150394970951,-4.944443560493972,-4.954346513748794,-4.944632131916876,-4.950047242360791,-4.944361304876136
2016-05-12,-5.144452401797046,-4.817617749154159,-4.7486187854124005,-4.801906692351267,-4.684988408560303,-4.8356268523832755,-4.653328308769755,-4.809016397593872,-4.753392531619556,-4.830280503552601,-4.808623104334392,-4.815983248232403,-4.808829839013649,-4.813688829232941,-4.808556805172904
2016-05-13,-5.172718309210441,-4.777623799931651,-4.7328308080752866,-4.762277026389358,-4.637332288123489,-4.818056515865807,-4.651323869679455,-4.770585877321296,-4.674736598446964,-4.796816812950358,-4.771285122501544,-4.777327281405443,-4.7715930773471085,-4.777071194779703,-4.771245536533584
2016-05-16,-5.118266222394541,-4.991475939888054,-4.8997101460913495,-4.976507956819643,-4.835061148050715,-5.028348969405179,-4.7889939990851635,-4.985661266377187,-4.838685229292874,-5.006769535278172,-4.977748738530972,-4.987751928158332,-4.977934753293972,-4.98401121543437,-4.977680498387608
2016-05-17,-5.134086753696368,-4.770590931841062,-4.696762332710171,-4.75861702205227,-4.657249437623911,-4.804679847900135,-4.599200588061349,-4.766147701622039,-4.674872362390262,-4.792358684753281,-4.758867668702668,-4.766719280013965,-4.759148954843533,-4.764624291141348,-4.758795713646139
2016-05-18,-5.256850552001123,-4.530291229662935,-4.456348165707121,-4.516902874984337,-4.509760315251471,-4.519276562889135,-4.374400942637261,-4.526657637295294,-4.608507720203455,-4.538949875483964,-4.523506799935245,-4.528207189132915,-4.523622327968216,-4.529443255768331,-4.52341891340753
2016-05-19,-5.343156549432245,-4.571950222770105,-4.4991830176452545,-4.560702567837202,-4.440155322142479,-4.588434456415517,-4.406388930334828,-4.5724881231505,-4.437723633262215,-4.598867851480512,-4.563032662793802,-4.570550197037154,-4.563535384890751,-4.5686883655475015,-4.562949401646888
2016-05-20,-5.322040781301116,-4.814700455823307,-4.780064871779407,-4.804926985471134,-4.745736106552379,-4.8231773980603565,-4.715142534160152,-4.81846846230027,-4.763943930179635,-4.827429372529201,-4.810508440259751,-4.814791876286726,-4.810991450451698,-4.8142180973205475,-4.810464206642311
2016-05-23,-5.315579341584345,-4.8319858478754725,-4.820603039360189,-4.8235629113916305,-4.6454814707344445,-4.8436311224091755,-4.771387980632798,-4.838869049216486,-4.657721057785099,-4.866233126748831,-4.827833661745164,-4.831429525568327,-4.827964494764607,-4.8318548845654945,-4.827781536098776
2016-05-24,-5.055988420131028,-4.931148759892701,-4.883852860544507,-4.9218827229519055,-4.832646852633966,-4.957323797155489,-4.825115403525612,-4.93932881175114,-4.867868106134761,-4.955490810134557,-4.923251902973487,-4.930126102155564,-4.923320669684259,-4.926933060562704,-4.923265443181184
2016-05-25,-4.929911921466568,-4.9746333842608985,-4.917256927174361,-4.965680050825166,-4.894951127706772,-4.988809717426773,-4.8630690864963775,-4.9843849807906375,-5.009874843639025,-4.992369268043122,-4.968567267956168,-4.973931588440033,-4.968732233043016,-4.972447767598553,-4.9685791429867345
2016-05-26,-4.878810154078655,-5.130403930991973,-5.048932419663564,-5.119004293267308,-4.945601358184275,-5.171738666346199,-4.95763788333525,-5.1427261192048785,-5.01504508005015,-5.152151048204987,-5.118252328331057,-5.12711663932835,-5.1182948335946366,-5.122987856905838,-5.118202877567239
2016-05-27,-4.870469101261342,-5.1942805718783465,-5.129011087568155,-5.184102183719197,-5.088890352338442,-5.1962940288270065,-5.066074988774328,-5.204120833145859,-5.184321036890378,-5.203163575720354,-5.188126556929505,-5.192137376740223,-5.188317566475,-5.191473003045759,-5.1881133292739525
2016-05-31,-4.840370402629528,-5.077787202803745,-5.037138608259135,-5.065129733407666,-4.998072953179335,-5.057109839050858,-4.965948461420434,-5.0870333227238715,-5.038471078470989,-5.0817174717729685,-5.072098552598587,-5.076060286171776,-5.0723924843737365,-5.074589917982071,-5.072073867554559
2016-06-01,-4.837003487722623,-5.05712420481124,-5.029189793864281,-5.044883454099909,-4.904264561260543,-5.073918573692815,-4.987527253063293,-5.0634965945682415,-4.836100331737407,-5.07590938728589,-5.050539617335343,-5.055357173860532,-5.0505375399962915,-5.05231015207268,-5.050528396268567
2016-06-02,-4.827747270591797,-5.058996649735351,-5.07198437713183,-5.04742693139956,-4.949413523435408,-5.0590795466267275,-5.032702072505883,-5.063027599500234,-4.947092501573809,-5.0717088956950835,-5.057019564886931,-5.058555542127645,-5.056985440785721,-5.0580724556155765,-5.056994415362076
2016-06-03,-4.8016734721356205,-4.925891011772595,-4.91626754063353,-4.918355560813044,-4.797285241910463,-4.926196978363606,-4.922254914796243,-4.927891965015689,-4.755496723746797,-4.9434276543226465,-4.922965235831582,-4.925420824288082,-4.92300935673935,-4.923304987608087,-4.923010811814949
2016-06-06,-4.789151079062098,-5.007705880411175,-5.013809097195375,-4.995978657007542,-4.896326132094198,-4.969854893730167,-4.998960100989704,-5.010191306020074,-4.92050314058462,-5.022974162817439,-5.008194349737194,-5.007948099109781,-5.008048049098424,-5.008523072837558,-5.008198802581395
2016-06-07,-4.7802991215601995,-5.21931237702875,-5.179676665733273,-5.207390810400118,-5.066704207655127,-5.243637896240616,-5.12219517694859,-5.220750702299844,-5.044853573934063,-5.244349458871114,-5.212671670618867,-5.2174975530529615,-5.2127770754643565,-5.212777873203816,-5.21266113151719
2016-06-08,-4.778944244277124,-5.158622347347999,-5.175583002721325,-5.147863472130482,-4.948965939031575,-5.163703195300935,-5.151247797355606,-5.157874945750755,-4.799306717836016,-5.183175649962119,-5.152867670305946,-5.157416033437056,-5.152904008090341,-5.151891896813802,-5.152885740918856
2016-06-09,-4.787323564823183,-5.102606871762179,-5.13241850926525,-5.090272371568321,-4.941776204040382,-5.127872899741868,-5.106570671996434,-5.100238967075283,-4.85604140443605,-5.146448927334449,-5.101676706948668,-5.102856834888339,-5.101712733549682,-5.100116107296571,-5.101614637381575
2016-06-10,-4.79345076317899,-5.07454060155913,-5.0736883439451255,-5.062221433595074,-4.999979633447011,-5.089580396285827,-5.0431419230667265,-5.07117596603975,-4.980677188682287,-5.111923277429155,-5.0740664510103795,-5.0750028962612035,-5.074231390621756,-5.07272629216697,-5.074026685612796
2016-06-13,-4.818102518364431,-4.946816455905493,-4.936911223904775,-4.93432221226897,-4.783838682379402,-4.966169230734354,-4.907796754322324,-4.941427265547235,-4.763265429415799,-4.986013930856146,-4.944456283546789,-4.9466133982170435,-4.944382197843297,-4.9424013113502365,-4.944452648399298
2016-06-14,-4.863365930808959,-4.825936537065048,-4.835052125689957,-4.814025969829686,-4.689085179047709,-4.835081138515182,-4.840375251587195,-4.820972188003034,-4.647039112840622,-4.861085389416259,-4.825546328510536,-4.82577711717333,-4.825412444979579,-4.823340895908197,-4.825551165468387
2016-06-15,-4.893696276533266,-4.890065930395475,-4.886096046213809,-4.875254865018828,-4.711375586205559,-4.90434746822559,-4.858235420986057,-4.88315474133017,-4.704759936616345,-4.922694612557586,-4.886991818168208,-4.889602495928669,-4.886957894575656,-4.8846525015732105,-4.886964848583219
2016-06-16,-4.946285477402819,-4.757343214240441,-4.745564124837711,-4.74224012421564,-4.60700503684174,-4.771236553566729,-4.7069899725644655,-4.749859747727001,-4.591448026520781,-4.786797496019301,-4.752409627880096,-4.755975198801989,-4.752352510447953,-4.750054217172677,-4.752384487811035
2016-06-17,-4.9801025108995365,-4.83469645653981,-4.821828247458621,-4.820204162283687,-4.732317837191905,-4.854663602666605,-4.788744575472002,-4.827800280431553,-4.765747436555061,-4.8718807531205615,-4.83207088207302,-4.834460940161403,-4.8319268830741935,-4.830346060794805,-4.832052950598737
2016-06-20,-4.996497139592601,-4.931360828746999,-4.935187399748264,-4.917475683430001,-4.7817003393460125,-4.920897065981184,-4.90180198909702,-4.923912311563884,-4.807467465766712,-4.953919083918864,-4.930089624566452,-4.931195396106768,-4.930142141211842,-4.928620329016626,-4.930094528678445
2016-06-21,-5.014903442242691,-5.000889125721977,-4.965090251471312,-4.987319358490773,-4.83369480232435,-5.04567207475275,-4.918763937148781,-4.992811170388161,-4.876941812105783,-5.046276006321334,-4.99675996490359,-4.999800039822269,-4.996737745205527,-4.995161178742324,-4.996727955187857
2016-06-22,-5.042195090931431,-4.9255673942857,-4.973454566194253,-4.906181339532083,-4.8107755686081575,-4.950344636374099,-4.979611746834549,-4.913848580447134,-4.752639233446096,-4.954811904331489,-4.930139112705904,-4.927120896269846,-4.929894479964894,-4.927919383820152,-4.930128996201237
2016-06-23,-5.039330752136179,-5.020044258490831,-5.084420159950008,-5.007582106335187,-4.8855036238490195,-5.029308787667941,-5.086912858342699,-5.011253647322682,-4.852499818781787,-5.053886342489585,-5.024326365801928,-5.022618745401909,-5.02477987998915,-5.022071140948148,-5.024285379672987
2016-06-24,-5.277582267899284,-4.453310594026512,-4.397558742303186,-4.439713696467635,-4.469395892996652,-4.398821052323909,-4.362609305269824,-4.445459916212958,-4.532702772598807,-4.454454607596556,-4.4480684860396,-4.452127302236585,-4.44818035036267,-4.447116565390576,-4.448043298110817
2016-06-27,-5.439728554331036,-4.466918870236589,-4.433589381323468,-4.4577586391202955,-4.384958623581672,-4.495723648896605,-4.423796753508378,-4.46277570244936,-4.399646533076256,-4.501700717362885,-4.464492805752403,-4.465582140332307,-4.464280170705181,-4.464429095772354,-4.464514239157097
2016-06-28,-5.513041323639746,-4.579110584942727,-4.55238040056974,-4.567516982126552,-4.522032753780084,-4.567925132339775,-4.537032934105371,-4.575098652453811,-4.616700043059632,-4.600405404197259,-4.57941225953489,-4.578998998008883,-4.579476221155815,-4.580121368552087,-4.579425609229195
2016-06-29,-5.489992310189279,-4.799134546471208,-4.674443181683177,-4.787844867684596,-4.655320119479164,-4.813595767520822,-4.592516465864451,-4.797195428763794,-4.651886506653682,-4.837475879707631,-4.783204492075748,-4.79437880766401,-4.783485565790076,-4.784496775049294,-4.783188189793861
2016-06-30,-5.512914675108263,-4.60461497962426,-4.604330939610038,-4.594063698969462,-4.523918877586264,-4.5899109989750855,-4.618156575337252,-4.603977905873911,-4.550304550056441,-4.62108253780498,-4.605474138366155,-4.605023400655032,-4.605519770598547,-4.606503564452114,-4.605518429883359
2016-07-01,-5.5333658447863465,-4.798949503308596,-4.79595168862798,-4.788847520272509,-4.7433311675961,-4.795489622397252,-4.7997856475411345,-4.800906273778099,-4.828555709748035,-4.827552693349178,-4.802351652392057,-4.798895086636299,-4.802242037052006,-4.8036411255697455,-4.802455468996622
2016-07-05,-5.5697523388382875,-4.82654312529115,-4.7888868902098,-4.816384546376724,-4.7121622582165985,-4.888356784347211,-4.7535113137744345,-4.831562528277895,-4.743526361393558,-4.872936220110974,-4.823761939616912,-4.826426200340108,-4.823550379250736,-4.825337378642066,-4.823802130275432
2016-07-06,-5.699801158100513,-4.684860545909183,-4.664283331322235,-4.6762122559993635,-4.603966787771659,-4.7353611035627345,-4.66862094303356,-4.692508497380804,-4.708364358750265,-4.734074723489212,-4.687575853974274,-4.685280991101029,-4.687328766081009,-4.6893454533218195,-4.6876451199661755
2016-07-07,-5.7770177691378946,-4.777770283919851,-4.749810368813705,-4.766466113947752,-4.638457357842249,-4.787352856195586,-4.699188038810182,-4.796103850956792,-4.6587946414833565,-4.793890772521465,-4.775676224172186,-4.777888968320772,-4.775643534808299,-4.778025640713669,-4.775718321349533
2016-07-08,-5.806564973502425,-4.933558247827239,-4.90486894238735,-4.92596228656293,-4.82147733224088,-4.924179781200407,-4.86372389697496,-4.954416349046541,-4.893433961481078,-4.941821757760856,-4.931838853286305,-4.93341222825368,-4.931817450958442,-4.933939115452258,-4.931900314387609
2016-07-11,-5.808069954608552,-4.975358970215537,-4.97698857732135,-4.969376735790942,-4.8742423146296145,-4.967862275314125,-4.96893666594452,-5.0003418071096855,-4.883787510970607,-4.979331511922122,-4.976524018960051,-4.975669837848255,-4.976449757059877,-4.978468675444062,-4.976592235355923
2016-07-12,-5.8115069212520485,-5.060894254228429,-5.0283973617902396,-5.0551177600866835,-4.978619614308772,-5.079417614237248,-5.00207361333778,-5.091931944154653,-5.03231860444922,-5.064092025942937,-5.060223684185082,-5.061208832014162,-5.060099075853203,-5.062248766826474,-5.060323503447857
2016-07-13,-5.84102314511361,-5.021950227881028,-4.986953534999855,-5.016614740448595,-4.866085035619274,-5.049451955351547,-4.9550276919955545,-5.055609565510007,-4.802596284841649,-5.06822861011556,-5.018474469411623,-5.021422776655077,-5.018571006956906,-5.021052718127204,-5.0186717666316465
2016-07-14,-5.878955634769523,-5.0940223611470365,-5.057922393718842,-5.090838519854787,-4.998042042706871,-5.096719427922956,-5.067245372038538,-5.120359941495235,-5.051657551358518,-5.142974560687954,-5.0932781003640475,-5.0934952225705,-5.093291553293606,-5.095434705515566,-5.093492671574964
2016-07-15,-5.887209766783545,-5.171115958599556,-5.152578592711425,-5.168974332691718,-5.094970502528482,-5.149186211690233,-5.192326469975071,-5.191863273806771,-5.124957065169668,-5.2061979577926465,-5.17319763722826,-5.171198230200297,-5.172998823053469,-5.174887915504186,-5.173352228032402
2016-07-18,-5.838089684469593,-5.262563679155132,-5.257878246932104,-5.260600580955592,-5.1533626815740625,-5.2748399890522,-5.272644409631421,-5.278862858426492,-5.066420221180958,-5.309253938163745,-5.260469517525455,-5.2622396143780295,-5.260632736001703,-5.261810144409403,-5.260607569025585
2016-07-19,-5.846421886283344,-5.226221468600628,-5.219413086757035,-5.224383667600889,-5.165729428369533,-5.255992850114277,-5.274087383983158,-5.249346734312566,-5.088736708586684,-5.242806743347235,-5.227656731278323,-5.226441527640214,-5.227826966017405,-5.229450339794434,-5.227787865912158
2016-07-20,-5.841018586420397,-5.310948587476934,-5.286892253316707,-5.308813772850826,-5.21350894202529,-5.353976240000276,-5.290354118657038,-5.342025091750756,-5.120685534575421,-5.3198103757806505,-5.309761633997151,-5.311242612322182,-5.310345106089061,-5.311917266316087,-5.309900794865592
2016-07-21,-5.8002799095796265,-5.2281022279702105,-5.197080166878482,-5.226406675497509,-5.112571887459358,-5.245570779539936,-5.162518323539771,-5.259406631820433,-5.096829267610958,-5.259561383495097,-5.224750550974353,-5.228058118840365,-5.224626167313272,-5.22720691378409,-5.224897034531454
2016-07-22,-5.810590418352066,-5.316414404017348,-5.271806065599849,-5.315149475811433,-5.179905724644842,-5.319938854725804,-5.212530204149502,-5.353303725272672,-5.106248325059567,-5.3123286786503705,-5.30897429795243,-5.316095145107335,-5.309242823821416,-5.31164471294841,-5.30907067705087
2016-07-25,-5.807659395899379,-5.2404306926673465,-5.245066816401638,-5.23969970032713,-5.141291699948214,-5.261255457008246,-5.250700975452701,-5.277642690417246,-5.022405778880725,-5.2865812353236885,-5.237897396194528,-5.2394574262862115,-5.238015077430399,-5.240360520243489,-5.2380175699748595
2016-07-26,-5.842104137763402,-5.068939145646714,-5.050942527487993,-5.068846542872185,-4.986841855742961,-5.0776931239404846,-5.01498542744507,-5.106938972286271,-4.871820709621087,-5.096127992235427,-5.062127305296894,-5.068326799181277,-5.0623308346674625,-5.064425788999707,-5.062199906983498
2016-07-27,-5.7213539702951755,-5.114857408732425,-5.000382621525985,-5.115942640652747,-5.074274749991515,-5.086466844999407,-4.907732322857459,-5.177051753366911,-5.1321482981638065,-5.104645372807706,-5.106197567485249,-5.11216807207556,-5.1062168959794265,-5.10902613758609,-5.1063507914917805
2016-07-28,-5.773884307602442,-5.098184668706278,-5.03052067196938,-5.1000480448525085,-5.025107341390552,-5.069764462890666,-4.967266425055108,-5.141234941593097,-4.946290516987165,-5.0979605005373845,-5.09108869932542,-5.09704239692889,-5.09119082950486,-5.093370554209102,-5.091279436621971
2016-07-29,-5.792899681170301,-5.156555268791602,-5.101684778621397,-5.158553204696155,-5.062146781748785,-5.138433007168304,-5.082259358235597,-5.19958318606687,-5.0014433828963245,-5.159327488092441,-5.149629625048292,-5.1547829818464015,-5.150077057870771,-5.151959892887367,-5.1497252895531975
2016-08-01,-5.826966335423556,-5.065646170731201,-5.042657086888692,-5.068403373245056,-4.941398177298506,-5.0772124393332225,-5.045038454348906,-5.113851050532217,-4.843714111402577,-5.111382477332176,-5.063573085075953,-5.064945646194744,-5.063302255588747,-5.0661608685536486,-5.063696153368845
2016-08-02,-5.824032285913019,-5.0132270900882405,-4.987303396951759,-5.018217854416767,-4.909718693253255,-5.009425972122563,-5.00170511471299,-5.084954593494536,-4.88522534021899,-5.035567661314622,-5.011612568528664,-5.012715347220419,-5.011273040334119,-5.014670291164212,-5.011766083842023
2016-08-03,-5.829660620465222,-5.189600178918906,-5.128141424911272,-5.196754883661904,-5.0672319848607925,-5.1945090869645885,-5.066699934890685,-5.265611667498662,-4.912266759872905,-5.219344518518906,-5.18121778521545,-5.188500850852892,-5.1813293027984395,-5.184414338505656,-5.181292836352452
2016-08-04,-5.831265245262852,-5.247230507078755,-5.183752509353209,-5.254462803863945,-5.151439202964668,-5.263793830640955,-5.159297523803699,-5.326222108084629,-5.10205333665274,-5.3081467321562865,-5.245217953600627,-5.246994016235919,-5.244744528627252,-5.248226524352296,-5.245449348613935
2016-08-05,-5.8178701678551885,-5.450431044415462,-5.343654456040776,-5.457100677093486,-5.382976197845357,-5.422961160780499,-5.2931670868526215,-5.518604589827687,-5.339064659840696,-5.44350237178025,-5.443358817256901,-5.447408486783932,-5.443491150502906,-5.446442702120253,-5.443455082807778
2016-08-08,-5.785760304076417,-5.555311510104795,-5.466536150891461,-5.563281739363802,-5.471091886002647,-5.541393631626512,-5.4190923476064174,-5.6154740177631375,-5.398433847418318,-5.56539470033185,-5.5472494695089525,-5.55316932446674,-5.547260591477189,-5.549951067281035,-5.547370926026813
2016-08-09,-5.6767010517401655,-5.604612234221596,-5.533345656088141,-5.61346718804045,-5.526458915857392,-5.5558899055931725,-5.470656176064628,-5.672649972397637,-5.415882089372186,-5.650890417849578,-5.596347112570364,-5.602810672091906,-5.5962238508255036,-5.59914518444544,-5.596416482876598
2016-08-10,-5.536707081866981,-5.465531768216721,-5.434282544280276,-5.473724159781979,-5.352973966473809,-5.488360649237352,-5.414726686946271,-5.505669812553861,-5.211976112833291,-5.479354763882463,-5.4608001916538695,-5.464834894554179,-5.4614152170506305,-5.4626556775852535,-5.460926174719599
2016-08-11,-5.29683685235483,-5.561820251702262,-5.507478819086103,-5.567378870160176,-5.462029411489561,-5.554976507011705,-5.498548733485667,-5.596122466729913,-5.313847756829716,-5.611158744065176,-5.556483317752501,-5.561544921046052,-5.556568738832835,-5.558734878319226,-5.556618185784001
2016-08-12,-5.219287994636649,-5.600954787926598,-5.552867993987726,-5.606829021481831,-5.486281664701126,-5.568283566546105,-5.51931505813731,-5.643093191254337,-5.382501022772783,-5.616551659883316,-5.5952210796633475,-5.600827307645176,-5.59513224834965,-5.59700879973992,-5.5953546005593715
2016-08-15,-5.154430125567745,-5.814569155480001,-5.71190659280961,-5.819204249038847,-5.754162584159201,-5.8171471602849625,-5.634668886139326,-5.854362166759338,-5.7601689070605495,-5.834906850011397,-5.803310429627383,-5.812116924659648,-5.803361072472084,-5.804347943202595,-5.803355427357609
2016-08-16,-5.127865804339174,-5.57567111207895,-5.512217260197404,-5.579794566052664,-5.493270919776347,-5.508921654262903,-5.467934070612849,-5.627939140252956,-5.441737473936185,-5.573343080629862,-5.568563948736787,-5.575268185456981,-5.5687204950559215,-5.569103551342625,-5.568654135124794
2016-08-17,-5.122385963715848,-5.332759561690404,-5.316366717867057,-5.336783127760593,-5.2863564416252204,-5.272897279950952,-5.274987281919987,-5.414948203491103,-5.317681644080706,-5.298737695254226,-5.334654883291561,-5.333111959661789,-5.33450331298706,-5.334836774338341,-5.334707403068647
2016-08-18,-5.1047498443578725,-5.552308555599843,-5.4909439440219705,-5.554688679889071,-5.485705364380725,-5.5203657719454675,-5.428077202064885,-5.595695406916417,-5.474747818663131,-5.55717107843749,-5.54438538173118,-5.551607254100856,-5.544679287149216,-5.544181706414613,-5.544444391275684
2016-08-19,-5.057434375520801,-5.494636039099024,-5.473302760777058,-5.496290818707305,-5.432794524880084,-5.457848574608107,-5.451063243787733,-5.522891459014474,-5.355075002764593,-5.519816639108348,-5.491129050909216,-5.494427958993388,-5.49152580801015,-5.4906819066575085,-5.491147052587077
2016-08-22,-5.067674045561981,-5.227258208888178,-5.280813998960569,-5.228011288429564,-5.1348273464067224,-5.232312451197119,-5.317900333324187,-5.263715205988135,-5.00817383555433,-5.268107117661727,-5.232052398329714,-5.228725862360735,-5.232045783347882,-5.231618358127431,-5.232029835651946
2016-08-23,-5.055948734100278,-5.5375581243381164,-5.520917312096191,-5.537997462572108,-5.458432919883183,-5.528543333108315,-5.515943343141511,-5.566372339794753,-5.37551129583375,-5.530831365942801,-5.537175844249142,-5.538230093128876,-5.537310642665206,-5.536537070568348,-5.537287278727762
2016-08-24,-5.050161274338435,-5.384709030397288,-5.4123755756031775,-5.384393825991841,-5.333886507133492,-5.3908540339903785,-5.438808993262959,-5.420294084851106,-5.250106986213662,-5.415077832851395,-5.389981079417511,-5.386347236293852,-5.3899549806454985,-5.389181819992241,-5.390025911053422
2016-08-25,-5.033128405224291,-5.372845844289567,-5.35671931999282,-5.371699918636227,-5.322080292357634,-5.36669169232948,-5.363288308623643,-5.408998921223336,-5.199366599262001,-5.40023502049512,-5.371264878107385,-5.372696339778282,-5.371021395326138,-5.36987063668614,-5.371341117855373
2016-08-26,-5.084534982366304,-4.951679150413838,-4.986540006310731,-4.950422192330219,-4.912589536181799,-4.922913013508432,-5.069657169681669,-4.991755049270886,-4.979292160529921,-4.9667210180975845,-4.963956686419826,-4.954939403247809,-4.9635810565354666,-4.96298644358894,-4.964027597325077
2016-08-29,-5.000279273318422,-5.388941049171625,-5.384963351369966,-5.387704143757887,-5.341674394365194,-5.354148130893172,-5.385206063523012,-5.422728461785091,-5.356780171762379,-5.378860519499357,-5.3903409315319655,-5.389643122993233,-5.390364147429379,-5.389071760552907,-5.390445228164252
2016-08-30,-4.987818113303085,-5.287034771687617,-5.2984895678622195,-5.285408322835042,-5.239346400044235,-5.232632018772567,-5.2928878922638045,-5.329572072780703,-5.26874287966338,-5.250209805303772,-5.291867125161259,-5.2885006127655405,-5.2917912619633,-5.290509452968964,-5.291938060150602
2016-08-31,-4.980682541165226,-5.252198677465333,-5.261488247253889,-5.250662405488725,-5.13635932404464,-5.223154773562204,-5.292245839831032,-5.29268771737497,-5.09232070535634,-5.255783777199919,-5.255469001264782,-5.252829990752529,-5.2551890714454945,-5.253642232058713,-5.255528088653324
2016-09-01,-4.9655895844004,-5.067588745052589,-5.088563029293496,-5.065680797841196,-4.966698031472444,-5.037367400558452,-5.118726540228048,-5.10850158289184,-4.912336481625194,-5.073664575514616,-5.072449591144419,-5.067989436417182,-5.072371481847255,-5.070660432093539,-5.072540403095753
2016-09-02,-4.966993338348488,-5.338975831866015,-5.3138033350466465,-5.337224937430967,-5.292927921110463,-5.301506963119241,-5.2945976127543055,-5.377739493488617,-5.340762948617973,-5.344081365908261,-5.3411337767768154,-5.340072573615591,-5.3411629101779186,-5.339199945592119,-5.341220438245744
2016-09-06,-4.958874595196057,-5.339432455139285,-5.318426457505392,-5.337676397806005,-5.264368949020869,-5.290888361116287,-5.302942400870259,-5.373562186933944,-5.270036668024386,-5.346833051500169,-5.339625019223432,-5.3394862283197,-5.339523249931963,-5.337429074539872,-5.339737178162158
2016-09-07,-4.922812306584521,-5.37626824277014,-5.355722698404321,-5.373913969199607,-5.263837075046314,-5.384201603611199,-5.334686628270636,-5.410808424998122,-5.16240585619547,-5.385524086509808,-5.372369040193738,-5.375568302307425,-5.372404688383388,-5.369942959623361,-5.372476153837107
2016-09-08,-4.935093122069907,-5.291161384188538,-5.312572011343242,-5.2874318330001095,-5.213106371424705,-5.2638653186582,-5.306211422464754,-5.3371962060542835,-5.149576117431178,-5.28621417461838,-5.29202899182225,-5.291761181082108,-5.292116115788053,-5.28910835846484,-5.2920868776307275
2016-09-09,-4.948031272942328,-5.044859940583579,-5.032195285935001,-5.0413447015920365,-4.993791687524851,-5.021449255656683,-5.028729748941804,-5.076819417907474,-5.0358134998451325,-5.024017066780004,-5.046545147114439,-5.045324140200128,-5.046290067927997,-5.044051525599179,-5.04660415347484
2016-09-12,-5.010302494903711,-4.846575459683536,-4.822126593626129,-4.842950468426483,-4.7842144497442645,-4.858795269787073,-4.8170451864313515,-4.879325318757618,-4.789393386841439,-4.867080698912007,-4.846077288691066,-4.846780669821468,-4.845877802946762,-4.843204172505584,-4.846146372490061
2016-09-13,-5.128804747764385,-4.579669225874179,-4.605334361095047,-4.576016387753113,-4.53622132240234,-4.570991809067152,-4.611537008635665,-4.615814110246234,-4.577669151782356,-4.585584668054563,-4.584606394115936,-4.581741479557805,-4.584668749884935,-4.582090741749992,-4.584685308897375
2016-09-14,-5.153784964846367,-4.708319395603974,-4.71394664970475,-4.704709996588455,-4.601965078006434,-4.717219242623505,-4.6988075266784,-4.757262947698769,-4.5582666092299355,-4.720390807177695,-4.709170288797113,-4.708646415519736,-4.70904464524117,-4.707072280869038,-4.709240156964605
2016-09-15,-5.182323425946781,-4.716927082345628,-4.746109394679168,-4.714560927823375,-4.667192273421955,-4.673801135787375,-4.782621686732723,-4.746705662277108,-4.648382105261014,-4.713446295818804,-4.720515514399697,-4.7177647233796165,-4.720206225754924,-4.719664538866024,-4.720620135462006
2016-09-16,-5.2076390497140785,-4.81824499577914,-4.843058300557512,-4.81636570127382,-4.797331281932739,-4.77596288808242,-4.874011574375571,-4.848893507160145,-4.862319364579749,-4.815905452825755,-4.824155332302859,-4.81968381006424,-4.823951606059244,-4.823892574941256,-4.824226273746096
2016-09-19,-5.236797372214331,-4.83574795514683,-4.888042831326665,-4.833960870280547,-4.764041169327028,-4.851920969199287,-4.94980038200771,-4.871437979340223,-4.721494754852982,-4.830710545214634,-4.842327782550275,-4.837726419518788,-4.842113042667904,-4.842192829037683,-4.842451215223217
2016-09-20,-5.197831432328466,-4.981750008721862,-5.013350301752018,-4.980492377829452,-4.912128317997976,-4.975852696027813,-5.069074028965041,-5.013903204723645,-4.929587586389827,-4.986599918902023,-4.988086121491823,-4.98353018244597,-4.987830505822894,-4.988291433091433,-4.988235143196497
2016-09-21,-5.2460171113277605,-4.832341700991986,-4.86589800544636,-4.830916671732573,-4.817751456275004,-4.820602944876603,-4.905983623763357,-4.871880640979684,-4.894133218690519,-4.826770284429646,-4.840803081203402,-4.836306004487011,-4.840560534804054,-4.841076896959688,-4.840951389833776
2016-09-22,-5.266132378734824,-5.012793223251732,-5.041418403719582,-5.011529099927037,-4.976667530799371,-5.002741671001655,-5.075666655074625,-5.04746762009524,-5.017995929711607,-5.035381375280315,-5.02029018563629,-5.016431053492962,-5.020166698721432,-5.020842264545218,-5.020472688095046
2016-09-23,-5.271304399015025,-5.091458636691488,-5.07974471350853,-5.090008666592241,-5.017301480505834,-5.059574438030262,-5.051478817466473,-5.1455448982851175,-4.995622835565295,-5.070003663057254,-5.09061396382148,-5.0913774808377426,-5.090556521770248,-5.0916319003433514,-5.09077466302394
2016-09-26,-5.257576201667761,-5.053868176665388,-5.059307578280468,-5.052933016706695,-4.993606345392382,-5.018457654499996,-5.085889955187996,-5.089366188032497,-4.970712530285678,-5.046525433471128,-5.0581475391559145,-5.054996767003711,-5.058088267324527,-5.059235720102619,-5.058314019463256
2016-09-27,-5.260222918083118,-4.967401317597323,-5.004635813498898,-4.966390559681311,-4.936828970768392,-4.94190508809422,-5.053068924568956,-5.0084317644849286,-4.994991729071261,-4.959788664359676,-4.976669822473125,-4.9692641570212075,-4.9763424022172265,-4.977879172147564,-4.976804852956708
2016-09-28,-5.174318595784557,-4.990456709878662,-5.0039027005162895,-4.989294661572087,-4.896672936154572,-4.927361036268077,-4.9541434763395715,-5.06520958245288,-4.794417315002545,-4.912950002419458,-4.990140299793915,-4.9914389642999435,-4.990676308624804,-4.992391143578424,-4.9903927067147205
2016-09-29,-5.261832763501656,-4.7327905063249744,-4.736862023223965,-4.731873500572439,-4.671003284269247,-4.701763051794922,-4.729128887462549,-4.782784201440009,-4.600192871449974,-4.703068284092688,-4.733991891608313,-4.733573465799602,-4.734207475174311,-4.736005521001586,-4.7342185081803025
2016-09-30,-5.214427484650673,-4.931872311705816,-4.914491620412828,-4.931856743305814,-4.917587364626194,-4.904429423216005,-4.9435960004941535,-4.970520910532114,-4.966634525167855,-4.942160527273426,-4.935442422460948,-4.932281624214614,-4.935341190371668,-4.937125668942175,-4.9356902833523
2016-10-03,-5.165068349531508,-4.935161875628607,-4.942152469804561,-4.935393304358815,-4.928169422987035,-4.90982318276441,-4.983520302788565,-4.985690399764771,-5.047218310955609,-4.948283187820518,-4.943828132018282,-4.936439461538604,-4.9436603258782545,-4.945756010520339,-4.944108674221451
2016-10-04,-5.206005691978413,-4.760875219976219,-4.7744471838809615,-4.761414286447311,-4.7541723609633575,-4.721712672711893,-4.8260110349872205,-4.8047344640362555,-4.836921459106997,-4.767239454457232,-4.767800426075441,-4.762559367940717,-4.7675140019351,-4.7699085457957215,-4.768011471136805
2016-10-05,-5.1882648155867095,-5.033828446791787,-5.0064395409891285,-5.034979206750416,-5.019718453785175,-4.963883850251486,-5.003330777999393,-5.089450341293413,-5.185431554915683,-5.036534240433844,-5.038673027829835,-5.034430229379308,-5.0384104055447425,-5.041054878598915,-5.038875238895721
2016-10-06,-5.191248100818108,-5.009194004387062,-5.004303169077718,-5.010617731802218,-5.000671702732626,-4.949705312559412,-5.00760400595922,-5.048184279635401,-5.1269266696359495,-4.976412147482978,-5.013437223122416,-5.011122226818985,-5.0134946029860155,-5.015704704710413,-5.0136479017135445
2016-10-07,-5.194822216570335,-4.84117045801244,-4.866126143302465,-4.842444079064111,-4.827523600282881,-4.824906875453464,-4.900416859058622,-4.87424135268786,-4.840945384866939,-4.889025471674188,-4.8500642804841,-4.84502834733592,-4.85004430100623,-4.85192632534549,-4.850291022503463
2016-10-10,-4.974128042167584,-5.2231723684963605,-5.206797712370791,-5.224811051953936,-5.243521253910709,-5.2009231681270744,-5.210189601395835,-5.264613659115112,-5.308237330819813,-5.218249509670635,-5.226624492864999,-5.223643365621188,-5.2262564281514985,-5.229179322854946,-5.226853893338474
2016-10-11,-4.859168827974168,-4.906788557004262,-4.921896133158263,-4.907791435626249,-4.908065085869033,-4.887611450830424,-4.947800112287205,-4.93828344848766,-4.99467775028882,-4.9168101358869665,-4.911970698992863,-4.907743297810238,-4.911814239182582,-4.913447313815914,-4.912150037979708
2016-10-12,-4.829722820053112,-4.986894171917649,-5.028149006083094,-4.9877523876421765,-4.973731202855492,-4.980286331300205,-5.077577137110637,-5.02915994439396,-5.040616206106261,-4.998571872747978,-4.995820479951592,-4.988350250720208,-4.995554835649597,-4.997294519640333,-4.996095530046326
2016-10-13,-4.83466844751055,-4.854288701256944,-4.857470068042193,-4.8548683994748485,-4.808747614242209,-4.860314784493955,-4.878633999842926,-4.903556998716683,-4.80583564708513,-4.838578492611816,-4.858144358590388,-4.854922484654081,-4.857941546665771,-4.859704204675248,-4.8584056453486175
2016-10-14,-4.8589166377345405,-4.905751408779563,-4.945220763673453,-4.90604115417044,-4.857216963914327,-4.900698885351663,-5.012973447523432,-4.94106224277967,-4.9217164188740785,-4.925149896959295,-4.91469102121333,-4.90839493765978,-4.914462240459923,-4.915917408823716,-4.914958839332804
2016-10-17,-4.8729776483414975,-4.960977832462149,-5.026634612463744,-4.961078363319895,-4.907800457920546,-5.005082893892644,-5.1086840006970045,-4.982432297877729,-4.841455739154248,-4.963950574437425,-4.969329053603589,-4.964468152435385,-4.969501041199233,-4.9700370583127205,-4.969493649901545
2016-10-18,-4.875612632744984,-5.161262508428379,-5.138191814801363,-5.161064884213559,-5.144394121531891,-5.166265044729784,-5.113634086989831,-5.2055379670919715,-5.243903533479031,-5.173251220855673,-5.1625468481613,-5.161326446178755,-5.162680478817563,-5.163363276953566,-5.162694449899749
2016-10-19,-4.8768846866672,-5.19859804285457,-5.134260359338046,-5.1981391867033935,-5.13984959602597,-5.205884529262573,-5.0860866493433345,-5.235831293710736,-5.114424999071651,-5.187206117667039,-5.1924468121260405,-5.197048204004748,-5.1924253488394045,-5.192693614844431,-5.192590378325205
2016-10-20,-4.921409905468706,-4.910458044650984,-4.924565814414216,-4.909697484460164,-4.902114644345003,-4.904389653062851,-4.956070708535525,-4.935889570776112,-4.886975060508342,-4.8762058145285065,-4.911282995728959,-4.910972440685347,-4.911362616454294,-4.910955506658796,-4.911412776661197
2016-10-21,-4.92872137885188,-5.173398142602835,-5.132866940811724,-5.172566754761757,-5.162696016411837,-5.179701255282843,-5.111112793357787,-5.190045915663019,-5.178334329429142,-5.138073267896476,-5.167750804264485,-5.1724737435774735,-5.168884613181467,-5.167418590878259,-5.167762814630361
2016-10-24,-4.925865372789442,-5.31555828134396,-5.256962378792734,-5.314214995722121,-5.295809833803013,-5.3351404453218025,-5.199525338355879,-5.355083563469203,-5.349675765587398,-5.303300939622944,-5.31074408471122,-5.314335097414181,-5.311458471614685,-5.309666532117189,-5.310821483384924
2016-10-25,-4.93523803379243,-5.252223732305288,-5.165694458259003,-5.250606523441155,-5.212021690590974,-5.313815955200925,-5.08630994476932,-5.291910956532844,-5.157389424467164,-5.2752683264056826,-5.245575555963893,-5.250822397597165,-5.245975222702587,-5.243270883746092,-5.245569503027936
2016-10-26,-4.953116249230824,-5.055160959144171,-4.971206586671657,-5.052728338566033,-5.018769940597296,-5.027875152929972,-4.8999874085615565,-5.100367188908846,-5.026622676156715,-5.018355590809546,-5.048397534179548,-5.053641652222462,-5.0483347566658985,-5.045350471452347,-5.048506873137479
2016-10-27,-4.971473723672454,-5.098911336203987,-4.971691315257671,-5.097146928426207,-5.112757973279926,-5.052779579349854,-4.915331000231461,-5.118040909182138,-5.137062825988811,-5.087232172992425,-5.089260950323126,-5.096763876896487,-5.089851785936327,-5.087390933594187,-5.0893737510552635
2016-10-28,-5.050001691958749,-4.7547958562800146,-4.697333638206623,-4.7530886539953565,-4.775282540266036,-4.733362309656614,-4.677633268833093,-4.778977031685977,-4.793076796373418,-4.7598902513252765,-4.751660025378891,-4.754981035024691,-4.7517474543769795,-4.749604267007056,-4.751736214240365
2016-10-31,-5.025365974118697,-5.068168499194462,-5.006409719508442,-5.065941475589492,-5.047395978278909,-5.033198980748688,-4.959169724694794,-5.105639094119492,-5.107111894822097,-5.060174451787337,-5.063031358899171,-5.067671758717131,-5.063164685891448,-5.061575511652417,-5.063087424444476
2016-11-01,-5.073766625679968,-4.800870900176925,-4.757590612375808,-4.798519213780068,-4.7679844971364655,-4.791550724065883,-4.69378105305376,-4.838872859867284,-4.844443125445865,-4.818199907157287,-4.798046383296267,-4.800746583564994,-4.798533503154565,-4.796116569584532,-4.798048039916464
2016-11-02,-5.135598755137258,-4.761639491256622,-4.718763125480303,-4.75938278723752,-4.746746855860943,-4.746082759552237,-4.6630945389466625,-4.80444380311275,-4.820199559984012,-4.76118129298811,-4.760016446511546,-4.76165569935965,-4.7599418065667525,-4.759476874858107,-4.760013286005187
2016-11-03,-5.158569386007227,-4.934074143253236,-4.863312229235157,-4.932325683007007,-4.904635943276051,-4.890927845639058,-4.786253332383504,-4.981002760126873,-4.927045897521754,-4.979063828758616,-4.928231287342494,-4.933491826428111,-4.928362359620204,-4.9284880615738,-4.9282198486928674
2016-11-04,-5.161936835797983,-4.974780868008449,-4.891751794950724,-4.97330122331023,-4.949814368489821,-4.999351870196611,-4.78210206261242,-5.024230752713695,-4.933572591161621,-5.021071909413899,-4.9686982426529696,-4.973435279486873,-4.968431527913275,-4.969470951535097,-4.968583052446313
2016-11-07,-5.158368406365136,-5.031199457927429,-4.989554066601639,-5.030601076025625,-5.039205732289614,-5.023195872905323,-4.9545954077864565,-5.067999344116308,-5.1086423142948805,-5.056714245779305,-5.028578803269086,-5.029992506814751,-5.028878561210142,-5.028874489745185,-5.028539726408117
2016-11-08,-5.199492035212309,-4.902644563488575,-4.886062500950418,-4.902142537525786,-4.910176362337541,-4.8903768906556175,-4.8640361021856195,-4.946439913610703,-5.012890556270269,-4.936494763000984,-4.9048786956386525,-4.902667835477677,-4.9049200610720325,-4.905407361420104,-4.904813713303348
2016-11-09,-5.466049793791534,-4.48341488307667,-4.305006999982104,-4.483453417361928,-4.524845831536926,-4.547011930661715,-4.167985501548458,-4.512061979002159,-4.583008051895832,-4.561908849960189,-4.465919769314403,-4.474633763450273,-4.466431064081626,-4.467200619935041,-4.465688648066966
2016-11-10,-5.7326252205175,-4.4376848258547,-4.288487387127281,-4.438669964138154,-4.464654426785578,-4.525520943666844,-4.190649625056096,-4.473238117129297,-4.6527809799422934,-4.533901519987887,-4.428325921437144,-4.432367297644863,-4.428109707158485,-4.430965112407355,-4.428193716635392
2016-11-11,-5.655439712474322,-4.601737211366695,-4.548678757981814,-4.604933231639953,-4.611495381048252,-4.6769906530422265,-4.521607595540194,-4.661834705641032,-4.718968535978696,-4.6540928532366745,-4.602959492598552,-4.601976480006009,-4.602573979208054,-4.6052383278069895,-4.60294958213737
2016-11-14,-5.661127467406115,-4.630177760393218,-4.552838954233912,-4.633488658669301,-4.621422041251404,-4.685190684265309,-4.505856090149121,-4.693612071779644,-4.746245309416556,-4.734998026556882,-4.6294988040767855,-4.629467539803632,-4.629285963218228,-4.632214582373144,-4.629472732132911
2016-11-15,-5.643101594141472,-4.835518691193548,-4.711770198310565,-4.841372916917117,-4.839368969672881,-4.850286737506643,-4.589955905697473,-4.918984392586259,-4.92659407547642,-4.8824227879389,-4.826722598185401,-4.832621037745198,-4.826672650673877,-4.830008856890515,-4.826542338451244
2016-11-16,-5.638487164960008,-4.949325252353864,-4.865650674954502,-4.955429163515288,-4.9416045989468484,-4.863725773072834,-4.801354228758039,-5.035574730260945,-4.999164639608194,-4.90618811064297,-4.943177140307696,-4.947383230253742,-4.943130052650334,-4.9460827985360245,-4.943175713361996
2016-11-17,-5.634525960997244,-5.1483811540875735,-5.031716474352014,-5.155052191308109,-5.146542948120341,-5.187729756931876,-4.949438220935372,-5.204284149054727,-5.155115592581931,-5.1795725217971444,-5.138189472749908,-5.145750641766132,-5.138278922167312,-5.141168748112856,-5.138102348794306
2016-11-18,-5.64505776713988,-5.202725500008119,-5.1171080743616715,-5.211792654145045,-5.200380708907203,-5.203025403210239,-5.037269439683359,-5.277150046036968,-5.236664011782713,-5.2322697017181365,-5.195450929848171,-5.200905442817663,-5.195912001820174,-5.1987054099649095,-5.195359460612886
2016-11-21,-5.642060046851165,-5.362357849505554,-5.2544811395758355,-5.371628345815243,-5.368204253876827,-5.433515665760306,-5.1815143979955325,-5.448120271249533,-5.434178137135864,-5.423887423562523,-5.356226087298585,-5.359367826858385,-5.3562245561582404,-5.359914497451235,-5.356195855999005
2016-11-22,-5.655269725343029,-5.345383770312154,-5.240609587564862,-5.357633456217462,-5.362267119623406,-5.336375892398133,-5.157287350800758,-5.469350851397041,-5.3606592813851055,-5.323366296716897,-5.337750930657606,-5.34359179976492,-5.337781495443199,-5.341956016230555,-5.337646640043928
2016-11-23,-5.670890210233862,-5.306238050981253,-5.2327113614284295,-5.3168635906052994,-5.34521067792141,-5.400291054898234,-5.175858900358731,-5.4082412562889495,-5.354547488863258,-5.394823575117739,-5.305414903084796,-5.306046126058257,-5.305553209537621,-5.309166546846499,-5.3053844204360825
2016-11-25,-5.632780853881094,-5.5412351799683615,-5.432610906053117,-5.551357912355598,-5.569056542199388,-5.612900635412115,-5.354281015361367,-5.622518073156379,-5.535293802094287,-5.609600921633519,-5.534107569148097,-5.540061966239771,-5.534886284246811,-5.538183801498295,-5.534017358007416
2016-11-28,-5.639793762015124,-5.292730309968318,-5.224530240158881,-5.305434046564162,-5.268726278319962,-5.357113673178613,-5.180230100810896,-5.3797623093240095,-5.20893945214064,-5.397480162701803,-5.289295331810154,-5.292228759469868,-5.289331665470396,-5.29246466779677,-5.289304946456241
2016-11-29,-5.603856624187972,-5.302703244380784,-5.22453652841388,-5.318685302023387,-5.290362494201799,-5.2998275322570825,-5.146259039013739,-5.465242084140692,-5.298795924659536,-5.265951089863385,-5.2972321659182935,-5.301261281600226,-5.297467131312412,-5.302085988456717,-5.297181464548282
