Date,RV_final,RV_1Day,RV_5Day,RV_22Day
2004-01-02,3.329436371054861e-05,0.0915979238577941,,
2004-01-05,2.079452099550626e-05,0.0723893589615737,,
2004-01-06,1.565969797095208e-05,0.0628191363254854,,
2004-01-07,2.957790064625572e-05,0.0863344135490387,,
2004-01-08,2.562328442016749e-05,0.0803558813894926,0.0793565894823415,
2004-01-09,4.200791996472248e-05,0.1028882686758313,0.0820769853825007,
2004-01-12,2.235066185090853e-05,0.0750490958401828,0.0825533829021653,
2004-01-13,4.162042278505898e-05,0.1024126288200574,0.0901303586990671,
2004-01-14,1.6062980761371896e-05,0.06362288229769,0.0862689376138616,
2004-01-15,5.511745873475088e-05,0.1178541454559712,0.0944925181296348,
2004-01-16,2.5458477658611177e-05,0.0800970434533636,0.0899707957631328,
2004-01-20,2.1284076851020585e-05,0.0732365166188096,0.0896715573984136,
2004-01-21,3.635799001653008e-05,0.0957194519633578,0.088180278944462,
2004-01-22,3.174181316913352e-05,0.0894367760969817,0.0925525512780405,
2004-01-23,3.519686438404154e-05,0.0941786059823486,0.0869596273726985,
2004-01-26,3.463794740319857e-05,0.0934278478057053,0.0895802548998705,
2004-01-27,3.13805413075447e-05,0.0889263538525068,0.0923768579057255,
2004-01-28,9.541233196932028e-05,0.1550609804440456,0.1072838417980789,
2004-01-29,7.743418112768271e-05,0.1396904207316165,0.1175275204199684,
2004-01-30,3.641600526213824e-05,0.0957957897094587,0.1177886359387958,
2004-02-02,7.139332840533485e-05,0.1341309761320791,0.1254058768911164,
2004-02-03,2.544608310110945e-05,0.0800775433032231,0.1242076377089006,0.097168024769882
2004-02-04,4.276794334794964e-05,0.1038148434651004,0.113023272288093,0.097724820727665
2004-02-05,3.208055202632218e-05,0.089912730525956,0.1024130712946343,0.0983840278790117
2004-02-06,3.395638259361344e-05,0.0925040994420819,0.1018060518314417,0.0994434369245951
2004-02-09,1.0238207050684589e-05,0.0507939777608774,0.085336124081375,0.0983232919913103
2004-02-10,2.6065616753071752e-05,0.0810465016010813,0.0855188784379843,0.098349054209086
2004-02-11,4.395010263304625e-05,0.1052398492184764,0.0858665208172522,0.0984620905906282
2004-02-12,1.8496913390921912e-05,0.0682731438745303,0.0817829078110789,0.0982376727461099
2004-02-13,4.267144485353164e-05,0.1036976571726187,0.0844256071813245,0.098298928410379
2004-02-17,1.7650276747064158e-05,0.0666923514374787,0.0866097653883951,0.0983913669009978
2004-02-18,1.934785283883296e-05,0.0698259186504975,0.0846325951354158,0.0962867410603391
2004-02-19,3.618156776166355e-05,0.0954869366769047,0.0822869491586455,0.0969224670910692
2004-02-20,4.202592353430586e-05,0.1029103140148988,0.089202040969162,0.0981404761179825
2004-02-23,3.395193714339914e-05,0.0924980440881675,0.0867037538084331,0.0979999633197022
2004-02-24,3.879374411833374e-05,0.0988737756830399,0.0926454083049202,0.0984112263629658
2004-02-25,2.1689276255114903e-05,0.0739303565275385,0.0932801126723482,0.0976219554816376
2004-02-26,2.114830811087161e-05,0.0730025591602078,0.0891263324375353,0.096827312808006
2004-02-27,2.6933840545664607e-05,0.0823852402891894,0.0847517678348868,0.0965639351394698
2004-03-01,2.238150327238763e-05,0.0751008576824638,0.0812386132577333,0.0921306606007338
2004-03-02,3.5435333458197546e-05,0.0944971112334434,0.0801900766103182,0.0894817350807356
2004-03-03,3.215751414946888e-05,0.0900205174705531,0.0834149121958666,0.0892087542399349
2004-03-04,1.0790364300199892e-05,0.0521456786670801,0.0802247294079967,0.0852292345736992
2004-03-05,7.486979729991029e-05,0.1373578862664149,0.0940849585693711,0.088488126925827
2004-03-08,2.176213795533224e-05,0.0740544310945923,0.0939189193774113,0.087117946797214
2004-03-09,4.1022073819260113e-05,0.1016738048980835,0.0954061587698521,0.0877038067701295
2004-03-10,5.423719725185092e-05,0.1169092541566596,0.1010700309665446,0.0890183421286322
2004-03-11,0.0001009427538965,0.1594916110079712,0.1214859316761896,0.0946744135979175
2004-03-12,5.0308962946080974e-05,0.1125959975417084,0.1162796867204191,0.0961298137990897
2004-03-15,6.63031583847971e-05,0.1292609605138723,0.1255620682110797,0.0974524765934867
2004-03-16,6.394682002700549e-05,0.1269432890971609,0.1300816673567579,0.1000879274222018
2004-03-17,1.883562902483727e-05,0.0688954172224756,0.1230325206751155,0.0987145621467065
2004-03-18,4.836744937124669e-05,0.1104019802429022,0.1117461668049511,0.1004809237112936
2004-03-19,3.162348893419345e-05,0.089269923330407,0.1074497924865415,0.1011781985484648
2004-03-22,5.868724695868719e-05,0.1216107981784067,0.1056485493015634,0.1024442296415972
2004-03-23,5.355971656340086e-05,0.1161767987765931,0.1031411942676601,0.1030870241270713
2004-03-24,8.58121520193809e-05,0.1470532635098044,0.1183795705089531,0.1059290787836598
2004-03-25,3.436469330696602e-05,0.0930585982774049,0.1153602349522766,0.1056893417905302
2004-03-26,3.176670035309633e-05,0.0894718307009545,0.1153915146956533,0.106234030708199
2004-03-29,2.589747841762589e-05,0.0807846802385311,0.1079935059588663,0.1064897594497267
2004-03-30,2.8951476522781488e-05,0.0854152918612407,0.102089872324538,0.1065982174835549
2004-03-31,3.245231586153267e-05,0.0904322044246751,0.087937513547319,0.1071379323640224
2004-04-01,2.2657625217004376e-05,0.0755626994931037,0.0845160934801819,0.1064526829694028
2004-04-02,3.939876078446345e-05,0.099641797041627,0.0867618919969577,0.1068415597981998
2004-04-05,1.6543627674452792e-05,0.064567748713751,0.0840011418103101,0.1071495213099184
2004-04-06,1.5019361977040386e-05,0.0615213720443081,0.0797120646598147,0.1039012049259512
2004-04-07,2.8211280146214767e-05,0.0843163246165659,0.0783598433655814,0.1042560903613443
2004-04-08,3.5437941864401616e-05,0.0945005891506989,0.0823674268828842,0.1039488753384648
2004-04-12,1.4406689711721704e-05,0.0602535128216925,0.0743289487968254,0.1017306656079457
2004-04-13,3.83671815509307e-05,0.0983286822388795,0.0813922585054351,0.0981445545471532
2004-04-14,4.685870809762841e-05,0.1086664365873951,0.0907160558506222,0.0979430063162642
2004-04-15,5.635568047702181e-05,0.1191705982204062,0.0982236252933371,0.0973595842658291
2004-04-16,3.126479143231309e-05,0.0887621960123953,0.0971470729563615,0.0954176653787464
2004-04-19,1.8245792951579448e-05,0.0678081103098886,0.0981378855859319,0.0953822549650539
2004-04-20,4.39969321890227e-05,0.1052959016848885,0.0995730084884317,0.0951194631739209
2004-04-21,5.413344665703689e-05,0.1167973824945289,0.101397390710173,0.0964652974307917
2004-04-22,6.226764912714297e-05,0.1252655083414426,0.1028561814515666,0.0966776369580641
2004-04-23,3.387386521643388e-05,0.0923916340073133,0.1034934364175684,0.0955043088490251
2004-04-26,3.55290513529856e-05,0.0946219897325794,0.107619550291516,0.0924397260194515
2004-04-27,4.2230347439200254e-05,0.103160300283968,0.1072050919199134,0.0929257791968336
2004-04-28,4.328166081821148e-05,0.1044364808205891,0.1046231414519765,0.0936327884738761
2004-04-29,9.490271947698714e-05,0.1546463232935098,0.1122087753828213,0.0977625835773071
2004-04-30,8.930517982159758e-05,0.1500163501590496,0.1240344610542275,0.1012365891636833
2004-05-03,4.291262134657776e-05,0.1039902907936005,0.1255256127516999,0.1018266420449151
2004-05-04,8.264238564015055e-05,0.1443117499766319,0.1333920769087041,0.1051463893578387
2004-05-05,4.607076008355223e-05,0.107748928259427,0.1339179479569143,0.105509184027905
2004-05-06,5.132865582811119e-05,0.1137313556970285,0.1254507233023686,0.1073807925113148
2004-05-07,7.527572927085337e-05,0.1377297490604518,0.1226001617834575,0.110547925798953
2004-05-10,9.607044400569832e-05,0.1555948324637935,0.1330787508633502,0.1140093845934918
2004-05-11,2.7364500944201e-05,0.0830412803245389,0.1221636138245499,0.1136030905362688
2004-05-12,0.0001286929862776,0.1800850702916685,0.1381597218542863,0.1192256673633543
2004-05-13,7.959100050117361e-05,0.1416224986585668,0.1432219637987697,0.1211897679930642
2004-05-14,8.20633050286182e-05,0.1438052602209383,0.1444113040331935,0.1228422261356725
2004-05-17,7.801735427913508e-05,0.1402154530654237,0.1412258793930796,0.1238480405543646
2004-05-18,2.677148267521804e-05,0.0821365547984266,0.1411200229931668,0.1236400757835261
2004-05-19,4.826846857292363e-05,0.1102889572005137,0.1259423090040684,0.1250230556430606
2004-05-20,3.905851408540936e-05,0.0992106120811839,0.1175526600376262,0.1247966229818998
2004-05-21,4.121265333277136e-05,0.1019097082708923,0.1084424042358479,0.1242022354599339
2004-05-24,3.1677034091766975e-05,0.0893454676585515,0.0970783338289636,0.1227835237433739
2004-05-25,5.653254441369928e-05,0.1193574513478409,0.1045187084240288,0.1238359340968714
2004-05-26,2.616953142311143e-05,0.0812078932039495,0.0990473320098861,0.1234023076250004
2004-05-27,3.2964841605375225e-05,0.0911435136724197,0.0974846289693042,0.1229715307274099
2004-05-28,1.7525044303924406e-05,0.066455332100509,0.0911558960804457,0.1217660339948055
2004-06-01,3.310370789334529e-05,0.091335285564359,0.0915494497516427,0.1188237663415586
2004-06-02,2.3088358150776766e-05,0.076277560619069,0.0818273472756954,0.1155880783381633
2004-06-03,2.687563170751964e-05,0.0822961675310275,0.0820445136283435,0.1147907114148819
2004-06-04,2.3466557102811083e-05,0.076899755460654,0.0790733120438382,0.1117992630089454
2004-06-07,1.434196574061313e-05,0.0601180119983562,0.0780522998891853,0.1101618640561435
2004-06-08,1.863523298666752e-05,0.0685279411090119,0.0732321676771537,0.1084488266157004
2004-06-09,1.808274113927744e-05,0.0675044499799673,0.0714889312083709,0.1053851427483392
2004-06-10,1.0487795703888922e-05,0.0514093816086131,0.0654577753267876,0.1006266265806142
2004-06-14,1.550883464824773e-05,0.0625158086515597,0.0623189468702915,0.0999495708270599
2004-06-15,2.541344209565504e-05,0.0800261670212004,0.0666457316511442,0.0938450663335939
2004-06-16,1.524016248406634e-05,0.0619719367616078,0.0653493840367698,0.0898319924973925
2004-06-17,1.5201588432946363e-05,0.0618934591463628,0.064228746660558,0.08546295281663
2004-06-18,2.357139368688136e-05,0.077071338441045,0.0691718529166955,0.0817328732745715
2004-06-21,1.819260155192352e-05,0.0677091987183774,0.0701427621916489,0.0811294976561623
2004-06-22,3.103417994730591e-05,0.0884342317585282,0.0721338497211775,0.0799035947095145
2004-06-23,2.109206784858709e-05,0.0729054257092292,0.0741500391501533,0.0786052604628089
2004-06-24,2.144922941761192e-05,0.0735201048233624,0.0762437499838276,0.0771518368857954
2004-06-25,2.477094193691717e-05,0.0790080841946134,0.0766391978259051,0.0766374568233535
2004-06-28,2.8563942296168127e-05,0.0848416964624963,0.0799767604802054,0.0745179989270782
2004-06-29,1.6879839899713857e-05,0.0652205462621089,0.07538503484452,0.0738005621271448
2004-06-30,3.247672790468138e-05,0.0904662115487307,0.0790992436457938,0.0737626724686069
2004-07-01,4.508066964049014e-05,0.1065848429627942,0.0863001444527743,0.0758720568632292
2004-07-02,2.846779007493376e-05,0.0846987786150621,0.087372971099338,0.0755212995206158
2004-07-06,2.2396282187105955e-05,0.0751256488234923,0.0855756157397013,0.0754687966360846
2004-07-07,1.85286197630635e-05,0.0683316338184007,0.0860597729159323,0.074832666917405
2004-07-08,4.433029501115942e-05,0.105694060111305,0.089463424350448,0.0764127781996845
2004-07-09,2.081182176395816e-05,0.0724194661987884,0.0823441216088381,0.076896176316498
2004-07-12,3.678442649751016e-05,0.0962791539086865,0.0848511216144429,0.0782362620153292
2004-07-13,7.769634396958825e-06,0.0442487047045856,0.0803898612426067,0.077477614471367
2004-07-14,4.0217585586365725e-05,0.1006719005868279,0.0869232631008523,0.0796449745667402
2004-07-15,2.937430383139972e-05,0.086036762872116,0.0824734606563839,0.0806358767593167
2004-07-16,2.380955327252197e-05,0.077459714850208,0.0833843953067462,0.0805218777930265
2004-07-19,3.5359817675702244e-05,0.0943963667429894,0.0829527401358906,0.0819404314623585
2004-07-20,3.0500140503403846e-05,0.0876700371099372,0.0895922686609588,0.0830028449411058
2004-07-21,3.936952321974703e-05,0.0996048184144534,0.0893534121370854,0.0840858648117997
2004-07-22,6.600207258577754e-05,0.1289671364790889,0.0991467185829187,0.0872815468484794
2004-07-23,4.776025139656133e-05,0.1097068063154399,0.1050580172629013,0.0883722692135649
2004-07-26,7.26676969934493e-05,0.1353227979401446,0.1136551983361365,0.0916538780103787
2004-07-27,3.292124369131039e-05,0.0910832224408547,0.1141907514183921,0.0923679601555358
2004-07-28,5.420460556136983e-05,0.1168741228906775,0.1174189757216217,0.0941753115268261
2004-07-29,4.066808628702964e-05,0.1012341728090444,0.1118498232008344,0.0949085705756147
2004-07-30,3.856062305044545e-05,0.0985762497192516,0.1097575586527582,0.0962080053051545
2004-08-02,3.4719880427747645e-05,0.0935382802268269,0.1006685240107468,0.096341447868161
2004-08-03,2.3809682374057167e-05,0.0774599248531936,0.0983612171341568,0.0950685283720494
2004-08-04,3.5863321935455655e-05,0.0950660671729656,0.0935442587301148,0.0955130228957499
2004-08-05,4.67590214426527e-05,0.1085507872083315,0.0951709591903437,0.0969628879875386
2004-08-06,7.008915434723584e-05,0.1329002140536404,0.103182117881774,0.099962013454807
2004-08-09,2.144917394697801e-05,0.0735200097567897,0.0998884670216613,0.0986423402634913
2004-08-10,3.234451277738715e-05,0.0902818764753013,0.102018926166988,0.0993096824387478
2004-08-11,5.039782410107237e-05,0.1126953933107748,0.1055480942765544,0.1000916994946421
2004-08-12,4.7344780620268295e-05,0.1092285892809552,0.1056878539282743,0.1023311468664889
2004-08-13,3.702400419247939e-05,0.0965921790648953,0.0974855830375165,0.1021522520347538
2004-08-16,3.866918481406136e-05,0.0987149156568725,0.1018397144922624,0.1026720567266593
2004-08-17,2.2546273516530765e-05,0.0753767930212326,0.0993855934686631,0.1026015640090128
2004-08-18,3.687370003709237e-05,0.0963959148996848,0.0958951528300246,0.102686034938627
2004-08-19,2.698316224353345e-05,0.0824606384002114,0.0903861425778661,0.1024896891598203
2004-08-20,2.5984270861103265e-05,0.0809199373269531,0.0872539524044899,0.1017389522381371
2004-08-23,2.181701992982618e-05,0.074147751296423,0.0822429516739248,0.0992204349338122
2004-08-24,1.8345910502058228e-05,0.067993892714851,0.0809456904603952,0.0975077781700685
2004-08-25,2.1639571829624885e-05,0.07384559635527,0.0760552742579616,0.094463023583379
2004-08-26,1.641813636677646e-05,0.0643223939575298,0.0724701830980521,0.093457087647347
2004-08-27,1.0078981246214376e-05,0.0503974530511813,0.0667105751862087,0.090712668696802
2004-08-30,9.136154449397352e-06,0.0479824022038093,0.0617347974926717,0.0886995169975123
2004-08-31,2.656135596712571e-05,0.0818135789689931,0.0650018743799022,0.0879213180370088
2004-09-01,4.7448006494895046e-05,0.1093476000500859,0.0743369946932899,0.0887465664910603
2004-09-02,1.984963868604369e-05,0.0707255890670626,0.0754913008029486,0.0884906354566733
2004-09-03,2.929503199695127e-05,0.085920591613604,0.0816543045696821,0.0880644978857349
2004-09-07,2.9124163631858363e-05,0.0856696517748747,0.0876060563976855,0.0869100483689224
2004-09-08,2.026420847737719e-05,0.0714603424026155,0.0857755494536241,0.0835621589013344
2004-09-09,2.705497064282585e-05,0.0825702888573857,0.0795590087741598,0.0839454957297495
2004-09-10,2.6020945212124e-05,0.0809770226265157,0.081490304491033,0.0835129490630177
2004-09-13,1.8072729201205507e-05,0.0674857596734584,0.0779427075815031,0.0812658808624454
2004-09-14,1.430241433998795e-05,0.0600350598706869,0.0729934894413565,0.0789028396565419
2004-09-15,1.554136691985468e-05,0.0625813427772477,0.0713443640824297,0.077327771600785
2004-09-16,9.96484636407025e-06,0.050111288985075,0.0650282709494648,0.0751717307983865
2004-09-17,1.57638341206899e-05,0.0630276621683991,0.0609238674385395,0.074653193842412
2004-09-20,2.592737998082461e-05,0.0808313043020326,0.0640904986949043,0.0738086324912487
2004-09-21,1.5789782229652916e-05,0.0630795142805692,0.0646726786564516,0.0729348966549567
2004-09-22,2.2739667932714367e-05,0.0756993812329005,0.0674192089515205,0.0726796649575659
2004-09-23,2.750745023247891e-05,0.083257897274581,0.0736851204152953,0.0731267050461163
2004-09-24,1.716005807443026e-05,0.0657596733169837,0.0741610858731524,0.0730337702050705
2004-09-27,1.6844831631633028e-05,0.0651528784565311,0.0710077898619992,0.0726567961090111
2004-09-28,2.30635160266722e-05,0.0762365138153719,0.073543880809049,0.0731787525461004
2004-09-29,2.181860669361024e-05,0.0741504476506364,0.0732275966969063,0.074091847712889
2004-09-30,2.248932077789177e-05,0.0752815305106685,0.0714798376711473,0.0751169511374216
2004-10-01,2.413269364946507e-05,0.0779835803208931,0.0738971449142341,0.0749315495987531
2004-10-04,1.7400115036478108e-05,0.0662180412666554,0.0740862626272881,0.0725985687651396
2004-10-05,1.4173023534224175e-05,0.0597628808762135,0.0709978414352164,0.0721493530148554
2004-10-06,1.6396988012663728e-05,0.0642809534713919,0.0690466791883609,0.0711181264472672
2004-10-07,1.5488718143981634e-05,0.0624752508781147,0.0664425581550813,0.0700114282045126
2004-10-08,2.579882238228788e-05,0.0806306594313636,0.0670715023115304,0.0704627317507828
2004-10-11,9.181347959149826e-06,0.0481009322748089,0.0639090021955302,0.0689946544473934
2004-10-12,1.959309231243676e-05,0.0702670567388023,0.0660116052527902,0.068458996553416
2004-10-13,3.204345389049275e-05,0.0898607276868164,0.0717364196785202,0.0696179754810997
2004-10-14,2.737947250166393e-05,0.083063993826563,0.075798469166072,0.0706856015551375
2004-10-15,4.251528669970683e-05,0.1035077400406661,0.0811659887484769,0.0728383707767907
2004-10-18,3.789934203771109e-05,0.0977273461908344,0.0896398607265616,0.0750027013370902
2004-10-19,3.2327831724997974e-05,0.0902585929133591,0.0931511432966362,0.0762570539119384
2004-10-20,4.897209910101051e-05,0.1110899139141562,0.0976234562801407,0.077968615826996
2004-10-21,5.99605139318507e-05,0.12292294135281,0.1056996863957597,0.0811483869711595
2004-10-22,4.21457831649896e-05,0.1030569617133038,0.1056115558355818,0.0825066599556986
2004-10-25,4.1801008945828665e-05,0.1026345665667703,0.1065384660025727,0.0834929647038274
2004-10-26,3.8116786597759705e-05,0.0980072967826143,0.1078990642395407,0.0849183428623263
2004-10-27,4.617413269309549e-05,0.1078697429247889,0.1072436038037216,0.0868739245495573
2004-10-28,2.940345176107162e-05,0.0860794391465816,0.0998053837395676,0.0872908921290804
2004-10-29,2.494242796341428e-05,0.0792810938798172,0.0953628099483386,0.0874956101836978
2004-11-01,1.77434826168664e-05,0.066868210828841,0.0887781853512632,0.0871844044682432
2004-11-02,5.551727312314388e-05,0.1182808218902466,0.0935871290036328,0.0892222868718084
2004-11-03,3.824791513732594e-05,0.0981757333285885,0.0914279462217752,0.0905506407957321
2004-11-04,3.1550818052123764e-05,0.0891672930459099,0.0920179146221042,0.0916431846114196
2004-11-05,4.112857390714365e-05,0.101805700354156,0.0963487330843785,0.0931759752324281
2004-11-08,2.270367391046724e-05,0.0756394462264085,0.0976374518725386,0.0936184084424308
2004-11-09,1.9379919600411006e-05,0.0698837587662797,0.0878165667207308,0.0932248935939885
2004-11-10,3.096217393300187e-05,0.0883315789008465,0.0857003385869544,0.0945535311173809
2004-11-11,1.878115923204843e-05,0.0687957275306846,0.0818593747190072,0.0945043381141318
2004-11-12,1.6216707008767454e-05,0.0639265998330069,0.0737929477505044,0.093540267964315
2004-11-15,1.636361448636559e-05,0.0642155031948214,0.07159511256178,0.092863340907372
2004-11-16,1.6821102419962428e-05,0.0651069720523887,0.0706887243967476,0.0912649159465399
2004-11-17,2.4984148539783684e-05,0.0793473719289145,0.068524472103192,0.0904507999508724
2004-11-18,1.894282422246436e-05,0.0690911839821913,0.0685838989307119,0.0895992635846162
2004-11-19,3.5828940646409495e-05,0.0950204874903049,0.0754467213858579,0.0887551639566454
2004-11-22,2.1851736948824933e-05,0.0742067228160891,0.0772580684458472,0.0862610016797962
2004-11-23,2.9454167390401005e-05,0.0861536428851447,0.0812743232176886,0.0854141892253281
2004-11-24,1.3645406296676256e-05,0.0586399384955545,0.0776791027589834,0.0835049345288967
2004-11-26,1.1908340332147714e-05,0.0547804870706826,0.0753624907853287,0.0816876260619248
2004-11-29,4.24998984404384e-05,0.1034890062131745,0.0775610810277152,0.0814296111274955
2004-11-30,4.023176977502582e-05,0.1006896518183795,0.0833191151214914,0.0821876817367558
2004-12-01,1.975185244213173e-05,0.0705511645220487,0.0803310542146408,0.0818251755025217
2004-12-02,2.3582026666381023e-05,0.0770887197969198,0.0833899510604766,0.0822328232169005
2004-12-03,3.8817892855580754e-05,0.0989045448885254,0.0911598891237243,0.0810614174801087
2004-12-06,1.672756612017122e-05,0.0649257010919647,0.0837329077251485,0.0795263955417934
2004-12-07,3.600484685331042e-05,0.0952534587667777,0.0824509728314577,0.0798465181659716
2004-12-08,2.270955169060149e-05,0.0756492367841974,0.0833500507676909,0.0785142339707977
2004-12-09,3.46782270608059e-05,0.0934821545500695,0.0866399414984548,0.0793829200733986
2004-12-10,2.2087491025700017e-05,0.0746059497525258,0.0816288381065765,0.0795780246006521
2004-12-13,1.9568785255243665e-05,0.070223456795585,0.0825013009293631,0.0787537675978191
2004-12-14,1.536964142866879e-05,0.0622346337662923,0.0759371470469848,0.0785052770525874
2004-12-15,2.0588884929773617e-05,0.0720305421491672,0.0752301049905533,0.0788235994854018
2004-12-16,3.031559000725388e-05,0.0874043973826716,0.0737542662453546,0.0798309048778714
2004-12-17,4.477759002290687e-05,0.1062259510937536,0.0811373698048555,0.0818119932015906
2004-12-20,2.1253919275340066e-05,0.0731846135289768,0.081659068899068,0.0815504393056939
2004-12-21,1.2497054220805282e-05,0.056118247154049,0.0807677233688459,0.0810964905866963
2004-12-22,1.4660342971106798e-05,0.0607816290396935,0.0788963029771966,0.0795874620854151
2004-12-23,7.768231451899402e-06,0.0442447095806792,0.0713318985607403,0.0785674485224225
2004-12-27,2.118023417619555e-05,0.0730576417111945,0.0624414367035664,0.077961976778642
2004-12-28,1.0822285878888834e-05,0.0522227540587432,0.0580790727751774,0.0777543070323716
2004-12-29,6.907193433027486e-06,0.0417206513027173,0.0556008067452294,0.0773850528048116
2004-12-30,4.274664431780096e-06,0.0328209603273363,0.0506755514260899,0.0745023067907341
2004-12-31,8.382469193383768e-06,0.0459606596638115,0.0509800852736546,0.0720123215563335
2005-01-03,3.5323926242385715e-05,0.0943484467973967,0.0575483377226925,0.0732403268909916
2005-01-04,4.053500085570681e-05,0.1010683937521425,0.0693493475778734,0.0745542359396211
2005-01-05,4.1515761935841465e-05,0.1022837817438915,0.080954331953383,0.0747611995660245
2005-01-06,3.2022767703506546e-05,0.0898317174570521,0.0891745942907145,0.0759238865069728
2005-01-07,4.061683017518824e-05,0.1011703573392297,0.0978607176572729,0.0762709952401288
2005-01-10,3.172700125159009e-05,0.0894159063891917,0.0969300523102117,0.0769451460509379
2005-01-11,2.519731718378977e-05,0.0796851550184538,0.0928569641103766,0.0762361855529474
2005-01-12,5.438367743725398e-05,0.1170670180460235,0.0962858178812797,0.0786250222443406
2005-01-13,2.4449064774808743e-05,0.0784930845568691,0.0942827879173107,0.0789797157915296
2005-01-14,2.646760074856676e-05,0.081669060167476,0.0904219162280852,0.079780433603693
2005-01-18,2.262779543680769e-05,0.0755129422686968,0.0878494334716726,0.0799266687600192
2005-01-19,2.258398828850641e-05,0.0754398107679467,0.0870965624176497,0.079370714975676
2005-01-20,4.6252856006815205e-05,0.1079616585354144,0.0847113793116216,0.0794770966821274
2005-01-21,3.128928546705613e-05,0.0887969590565923,0.0867223437631082,0.0801970040289302
2005-01-24,4.150794513313776e-05,0.1022741520304652,0.0909879017493484,0.0822427262671199
2005-01-25,2.049215819077096e-05,0.0718611429360421,0.0903944807360982,0.0826478482258587
2005-01-26,2.0619330166323498e-05,0.0720837790485038,0.089845107703151,0.0835336477757903
2005-01-27,2.093936607309421e-05,0.0726410369585934,0.0824399386555526,0.0835171316323439
2005-01-28,3.340374577422971e-05,0.091748263935106,0.0830837666756438,0.0850515822010117
2005-01-31,2.2398880265729752e-05,0.075130006169066,0.0770701979736361,0.0860884537315441
2005-02-01,1.3598984721328876e-05,0.0585401071896428,0.0747823473343514,0.0867065609771117
2005-02-02,2.321732960994811e-05,0.0764903069787729,0.0756527504112987,0.087680980260436
2005-02-03,1.654976418451013e-05,0.0645797226263519,0.0741761599815576,0.086445964664454
2005-02-04,1.9233068408189605e-05,0.0696184834570804,0.0691946570940358,0.0850229430993675
2005-02-07,1.117069371879445e-05,0.0530567132145989,0.0649769187357762,0.082953673155954
2005-02-08,1.3040734499584164e-05,0.0573259548014266,0.0647600506270627,0.0816325996640485
2005-02-09,2.4996331511777325e-05,0.0793667155737711,0.0654486505061175,0.0805292221243202
2005-02-10,2.209419893433695e-05,0.0746172777006298,0.067549725125001,0.0798411939035889
2005-02-11,3.6172303459229606e-05,0.0954747111633539,0.0735982527716223,0.080624622312948
2005-02-14,1.0943300057796532e-05,0.0525139182937697,0.0735203520837687,0.0774773511798765
2005-02-15,1.4436628426409044e-05,0.0603160871033182,0.0739972649794118,0.0767336434596092
2005-02-16,1.922650509791792e-05,0.0696066037432894,0.0720055273793253,0.076191263142931
2005-02-17,2.287571038256321e-05,0.0759254833136143,0.0722785179023849,0.0762098965511067
2005-02-18,1.5552025468533857e-05,0.0626027988038117,0.0646909741728652,0.0756795903435948
2005-02-22,3.1946347249895975e-05,0.0897244643727327,0.0724118479112094,0.074589046378958
2005-02-23,2.673025425691887e-05,0.0820732847688183,0.0765707154189761,0.0742381587156978
2005-02-24,3.1434918986913746e-05,0.0890033683896416,0.0804883750598756,0.0734569416300488
2005-02-25,2.760213689853788e-05,0.0834010701276161,0.081954807157264,0.0740092146150015
2005-02-28,2.6739388188163582e-05,0.082087306104033,0.0853254563260793,0.0744813153128016
2005-03-01,2.344080534485796e-05,0.0768575497066111,0.0827753235284511,0.0746734168266404
2005-03-02,4.1030991718317024e-05,0.1016848558685898,0.0870201778514283,0.0752561347394664
2005-03-03,2.826606274541597e-05,0.0843981505238404,0.0860976248146413,0.0757013323814608
2005-03-04,2.373478875447141e-05,0.077338003375616,0.084958146473789,0.0764643233955837
2005-03-07,1.8994463518732343e-05,0.0691852932834757,0.0826289443773938,0.0761473685740625
2005-03-08,2.1389518885006053e-05,0.0734177005838614,0.0820009610391604,0.0765105151659548
2005-03-09,2.9168176953958006e-05,0.085734360628615,0.0782705036857577,0.0772506380775793
2005-03-10,3.334175319916509e-05,0.0916630885699887,0.0798879624605057,0.0788772495209264
2005-03-11,3.630088158441184e-05,0.0956442479152394,0.083758089906111,0.0805484630768896
2005-03-14,2.459434993983309e-05,0.0787259562332394,0.085426295134131,0.0805198757317802
2005-03-15,2.594048887359941e-05,0.080851735888273,0.0867584047096807,0.0807929940700428
2005-03-16,3.0113727476566333e-05,0.0871129113512728,0.087032617644813,0.0803623646791129
2005-03-17,2.1144072909365377e-05,0.0729952489766291,0.0834260957225154,0.0810860954363849
2005-03-18,3.1029751420114794e-05,0.0884279218226286,0.0818183872196326,0.0822497510919199
2005-03-21,3.4422845510252026e-05,0.0931373022402061,0.0847915365114399,0.0833011928286661
2005-03-22,4.942429380601006e-05,0.1116016220272561,0.091505127903109,0.0851069367458157
2005-03-23,3.0768665942783456e-05,0.0880551180657969,0.091685316879322,0.0861248534526129
2005-03-24,2.273980418949816e-05,0.0756996080290614,0.0921228646307765,0.085510429868347
2005-03-28,1.985905497921785e-05,0.0707423625189525,0.0890147127567077,0.0850489691402302
2005-03-29,4.051141258678975e-05,0.1010389824368348,0.0907220087289555,0.0856580075668556
2005-03-30,2.699822688110552e-05,0.0824836539808863,0.0842627384720049,0.0856176193641143
2005-03-31,2.6898232160593785e-05,0.0823307628075292,0.0830971674136918,0.0856282443536053
2005-04-01,5.839222493771039e-05,0.1213047430412472,0.0932846248740328,0.0879349126087469
2005-04-04,3.0929782660122e-05,0.0882853624920391,0.0962288205944903,0.087274532924588
2005-04-05,2.1353094820212538e-05,0.0733551626996597,0.0910736333829451,0.0868196935716773
2005-04-06,2.202421762294481e-05,0.0744990123490378,0.0896867695424459,0.0867067781496962
2005-04-07,2.5659633655783138e-05,0.0804128576861769,0.0893380728822675,0.0871459228615875
2005-04-08,2.2239975103085525e-05,0.0748630331069851,0.0784806847233907,0.087201797348477
2005-04-11,1.958117870075865e-05,0.0702456904912406,0.0747478978640894,0.0865698489864741
2005-04-12,4.468578405411946e-05,0.1061169994941343,0.0822387729266995,0.0873171201460903
2005-04-13,2.982970947434485e-05,0.086701134868783,0.0845967644877735,0.0868916286849765
2005-04-14,4.7907638507112106e-05,0.1098759523453255,0.0909830314196377,0.0884149210208133
2005-04-15,8.179063180057554e-05,0.1435661492613946,0.1062038845987296,0.0919616020952037
2005-04-18,6.147364779988584e-05,0.1244642890373428,0.1157179568885326,0.0938943549565732
2005-04-19,3.032791639073311e-05,0.0874221649838571,0.112547807691761,0.0944528805559455
2005-04-20,5.865914192713751e-05,0.1215816752871856,0.1188276584463498,0.0961136241890804
2005-04-21,4.752410299433998e-05,0.109435250054878,0.1187462935084656,0.0968911642211145
2005-04-22,7.527972843252255e-05,0.1377334075850724,0.1173564343879311,0.0984076214289289
2005-04-25,4.664032711929697e-05,0.1084129255857567,0.1141268300179546,0.0993270487817136
2005-04-26,3.5868150605318584e-05,0.0950724668478749,0.1153436653412844,0.1000811763542373
2005-04-27,5.887973501372015e-05,0.1218100702875484,0.1153918499111873,0.1022898138309501
2005-04-28,4.632507116910327e-05,0.1080459066073954,0.1151296999993227,0.1026148080447396
2005-04-29,6.82378584918067e-05,0.1311332922637698,0.1135778921133949,0.1048912773536114
2005-05-02,2.5556876509902145e-05,0.0802516845959967,0.1087995021413631,0.1048180110744364
2005-05-03,6.584853116471158e-05,0.1288170402295725,0.1155350286553904,0.1052246361086645
2005-05-04,3.619520040004842e-05,0.0955049239610827,0.1104764332419943,0.1055108383581518
2005-05-05,6.854497967154895e-05,0.1314280597027527,0.1154336419350792,0.1080421149420694
2005-05-06,3.4173099933891606e-05,0.0927988210234412,0.1077407158834448,0.108684214703921
2005-05-09,2.453243760043765e-05,0.0786268037968623,0.1075008378480845,0.1086247992281498
2005-05-10,3.102676354292969e-05,0.0884236643258934,0.0990020860886393,0.1090871013224732
2005-05-11,4.118519104022221e-05,0.1018757485476106,0.1002641938987548,0.1102155153155964
2005-05-12,4.868044487395189e-05,0.1107586209206122,0.0951406118561796,0.1104228999810218
2005-05-13,8.572747617427486e-05,0.146980692595719,0.1079355205059184,0.1132850402731564
2005-05-16,2.9821865166912617e-05,0.0866897342368863,0.1091634725365306,0.1123669704000457
2005-05-17,3.169799063093904e-05,0.089375016861518,0.1093183131111597,0.1097840953948654
2005-05-18,2.258625932865885e-05,0.0754436037767419,0.1049433534017603,0.1077362995596965
2005-05-19,2.811945127960823e-05,0.0841789862285194,0.0998840995657058,0.1076188332905375
2005-05-20,1.6699486960924123e-05,0.0648711855460718,0.0806090732467441,0.1053621587845891
2005-05-23,2.413449492187107e-05,0.0779864906269766,0.0788110349465661,0.1040829821580785
2005-05-24,3.1852822117923176e-05,0.0895930308322954,0.0788605271114317,0.1016652925171025
2005-05-25,1.7088024424693292e-05,0.0656215068024402,0.0770835371342869,0.09998661664486
2005-05-26,1.2661753837235144e-05,0.0564868300312847,0.0718526530201731,0.0986483896547225
2005-05-27,5.942617933907194e-06,0.0386980583407567,0.0679754186973184,0.0955255681356915
2005-05-31,2.3532834616117765e-05,0.077008274381794,0.067752002683801,0.0941491341332448
2005-06-01,5.090593266562341e-05,0.1132620635152702,0.074502420358468,0.0930888292216037
2005-06-02,1.4155161225046796e-05,0.0597252093232982,0.07350370285916,0.092384677624911
2005-06-03,2.4121996193035776e-05,0.0779662942600519,0.0773329848689421,0.0897606270497538
2005-06-06,1.2369519930669397e-05,0.0558311653337872,0.0793996625268448,0.0882273077252333
2005-06-07,3.310843452366816e-05,0.0913418058720341,0.0823827448238852,0.0858961484077986
2005-06-08,1.817794502390149e-05,0.0676819189002733,0.07167584019441,0.0848229395996483
2005-06-09,3.250031078130259e-05,0.0904990514695499,0.0778589853851814,0.0853592376245937
2005-06-10,2.156726438007176e-05,0.0737221176023728,0.0770276776349677,0.0847221646602214
2005-06-13,3.19459442830235e-05,0.0897238984848625,0.0831860259250023,0.0840952662922686
2005-06-14,2.039434337130612e-05,0.0716894310869401,0.0792409282827764,0.0821462681889666
2005-06-15,2.3626690250527505e-05,0.077161687015856,0.0809551818881167,0.0776960301575767
2005-06-16,1.4257770295014209e-05,0.0599412888945806,0.0750620905253053,0.0765401428668516
2005-06-17,1.7755164768212053e-05,0.0668902199248099,0.0737711841682875,0.0754896333112609
2005-06-20,1.3755536152572334e-05,0.0588760996538343,0.0672710267783736,0.074816661362638
2005-06-21,2.550117796460803e-05,0.0801641868110768,0.0691576135166554,0.0746159613404032
2005-06-22,1.9643354215528743e-05,0.0703571265922169,0.0676905855430069,0.074841581677785
2005-06-23,3.894990301660637e-05,0.0990725772360081,0.0763315063412441,0.0759668751067289
2005-06-24,2.5190097209593803e-05,0.0796737378112614,0.0787478219087298,0.0754628890791213
2005-06-27,2.3318526601142737e-05,0.076656824246038,0.0817508053414581,0.0759342821033593
2005-06-28,9.94775630607724e-06,0.050068299243448,0.0768069119440888,0.0757293047008117
2005-06-29,1.388435388288439e-05,0.0591511384377922,0.0748935785339554,0.076327560984771
2005-06-30,2.731801104828611e-05,0.0829707103993216,0.0708717203856263,0.0766110569133443
2005-07-01,2.5360957679218345e-05,0.0799434883850024,0.0709324475687078,0.0746769573848766
2005-07-05,2.368484988095928e-05,0.0772565995239354,0.0710624711883159,0.0754042851311481
2005-07-06,2.0575266999986416e-05,0.072006716936662,0.0747362117742347,0.0751344131898476
2005-07-07,3.834574944857747e-05,0.0983012149520112,0.0825733352049812,0.0770890780015777
2005-07-08,2.076932535039796e-05,0.072345490448958,0.0805499964475519,0.0761668370108639
2005-07-11,1.8324466556373707e-05,0.0679541431570303,0.0783177040975363,0.076177853722675
2005-07-12,2.249510337614657e-05,0.0752912083233423,0.0779339435115835,0.0754218820687257
2005-07-13,1.8983534004923628e-05,0.0691653856292347,0.077417544576895,0.0752254268034708
2005-07-14,2.595500438157022e-05,0.0808743538098184,0.0732733420620239,0.0747679165441146
2005-07-15,1.1617943097195496e-05,0.0541084250416999,0.0700553566215815,0.074092588485493
2005-07-18,1.4202810117537376e-05,0.0598256479247773,0.0685567028587257,0.0733605166635233
2005-07-19,2.005531487375006e-05,0.0710910637716514,0.0676539442038587,0.0738117446145325
2005-07-20,3.111665917596305e-05,0.0885516691674566,0.0720316990980999,0.0748413220625825
2005-07-21,4.577373474565109e-05,0.1074010295849349,0.0786602166619752,0.0772526853852492
2005-07-22,1.880644035261147e-05,0.0688420145612989,0.0809304018708782,0.0767547537482169
2005-07-25,2.005522176583614e-05,0.0710908987493526,0.0827326507133436,0.0767854802584816
2005-07-26,2.140752573633104e-05,0.0734485975737823,0.0831435079938908,0.0754656877036708
2005-07-27,1.478012626544913e-05,0.0610294340371363,0.0780351309529259,0.0746714706914747
2005-07-28,1.720583552385751e-05,0.0658473275996231,0.0681884120805133,0.0742011484913368
2005-07-29,1.6920273442565696e-05,0.0652986133660321,0.0674877524429106,0.0747373899190085
2005-08-01,1.5494234410736862e-05,0.0624863750869394,0.0657626259139535,0.0748606565666411
2005-08-02,1.8206060996297272e-05,0.067734240758031,0.0645241748819842,0.0741602633189671
2005-08-03,1.0377097391056151e-05,0.0511373497802354,0.0627810201329309,0.0729939130803605
2005-08-04,1.4971086080423893e-05,0.0614224201107935,0.0618775008947713,0.072306978523859
2005-08-05,1.947679734907665e-05,0.0700582110245995,0.062910046271407,0.0722199188084771
2005-08-08,1.7695521888796216e-05,0.0667777771116757,0.0637857257602731,0.0705632886313613
2005-08-09,1.4401464350138764e-05,0.0602425847406547,0.0622644934115614,0.0700445340422585
2005-08-10,3.565836814281642e-05,0.0947940334197766,0.071770768323093,0.0714478041147776
2005-08-11,3.438537807639985e-05,0.0930866009437059,0.0782912734746618,0.072394657294891
2005-08-12,2.7799901663878207e-05,0.0836993143299113,0.0809259412039815,0.0730888082331228
2005-08-15,2.0660730574070243e-05,0.0721561092677931,0.0818440863928976,0.072672762359507
2005-08-16,2.8238635328364028e-05,0.0843571935447578,0.0859991156628406,0.0739710271904434
2005-08-17,2.922327088977798e-05,0.0858152915524037,0.0840923242230675,0.0751249985974919
2005-08-18,2.1039069398618467e-05,0.0728137726563584,0.0799929061597172,0.0751999592765473
2005-08-19,1.07444992197487e-05,0.0520347365072282,0.0744262907358226,0.0736320585273062
2005-08-22,2.7084301529574245e-05,0.08261503486323,0.0765703645599954,0.0721637102751473
2005-08-23,2.461125599743184e-05,0.0787530095383841,0.0753671069537077,0.0726229482005121
2005-08-24,3.3216602675723815e-05,0.0914908950348743,0.0766907082545421,0.073653582677363
2005-08-25,1.5447360619079252e-05,0.0623917853247362,0.074830759785629,0.0731886552613108
2005-08-26,2.942456627995511e-05,0.0861103402765817,0.0808771784246268,0.0743258007878928
2005-08-29,2.298686284914753e-05,0.0761097197339812,0.0795902448823686,0.0747699384982562
2005-08-30,4.173417478041539e-05,0.102552484341749,0.0848386833177989,0.076647085161877
2005-08-31,5.132847653281466e-05,0.1137311570602765,0.090057984818089,0.079279509452497
2005-09-01,4.7356027291559934e-05,0.1092415620424438,0.0985831498268755,0.0813580987545561
2005-09-02,1.7591766083593397e-05,0.0665817171081186,0.0955105454904931,0.0818644060836837
2005-09-06,1.580458285233491e-05,0.0631090712876397,0.093596353497624,0.0819226971607645
2005-09-07,1.5363652877266835e-05,0.0622225081869193,0.0862044261284391,0.0816346379288895
2005-09-08,1.3327832097281282e-05,0.0579535476784198,0.0742695806140214,0.0813276349621247
2005-09-09,1.174297640307141e-05,0.0543988056263553,0.0610005970446422,0.0811402023506386
2005-09-12,1.0326465146258623e-05,0.0510124417848937,0.0579215130375678,0.0793320049108704
2005-09-13,1.8302596711720937e-05,0.067913580168871,0.0589983183749689,0.0781623058321665
2005-09-14,1.7632820696493105e-05,0.0666593640497437,0.0599597167201713,0.0774137375529704
2005-09-15,2.7991920711429668e-05,0.0839878801928008,0.0658349276244477,0.0779542315245585
2005-09-16,1.623618214733965e-05,0.0639649740180482,0.0675329198600756,0.0770673703136183
2005-09-19,1.620413458325518e-05,0.063901814645441,0.0696916767229202,0.0760937006489656
2005-09-20,3.5189083532727046e-05,0.0941681955346241,0.0755513649130889,0.0771513658889847
2005-09-21,2.875262191044204e-05,0.0851214468946069,0.0791735228559002,0.0784767998738963
2005-09-22,4.490561650149535e-05,0.1063777014151783,0.0843854074424782,0.0797668050059247
2005-09-23,2.3218145410035192e-05,0.0764916508079729,0.0864452886956421,0.0796667165904725
2005-09-26,2.941100462228439e-05,0.0860904940444394,0.090213159725397,0.0793926592099158
2005-09-27,3.5133421665621694e-05,0.0940936887348809,0.0901976098881665,0.0808003045631661
2005-09-28,1.841110055465676e-05,0.0681145897717479,0.0872605074085998,0.0800158420173024
2005-09-29,3.427061553148756e-05,0.0929311310268785,0.0841331807571657,0.0808194607241078
2005-09-30,1.7525394232882907e-05,0.0664559955661375,0.0824104207305692,0.0790852998638481
2005-10-03,2.2795309965626623e-05,0.0757919396198428,0.0803619713191126,0.0769912345734812
2005-10-04,3.451770425542433e-05,0.0932655427924318,0.0801686614383696,0.076030211405541
2005-10-05,5.5837841822804886e-05,0.11862181982817,0.0911774206519059,0.0788586359214008
2005-10-06,0.0001068245360238,0.1640724933619209,0.1094076762825495,0.0852131248708624
2005-10-07,4.0709991320663794e-05,0.1012863160195259,0.1146234850402451,0.0868999852477742
2005-10-10,4.439990410507006e-05,0.1057770099524355,0.1192787276399243,0.0889242593291813
2005-10-11,5.368608402340942e-05,0.1163137703537254,0.1232619211585869,0.0915858238483748
2005-10-12,7.95629113209976e-05,0.1415975058145142,0.1280204855107752,0.0958177183500279
2005-10-13,7.397622502389342e-05,0.1365357414965808,0.1213824115595802,0.0990896122503592
2005-10-14,5.010293655605076e-05,0.1123652081924151,0.1233170477909799,0.100948906254373
2005-10-17,2.75003486269936e-05,0.0832471492244772,0.1198138417704222,0.1009210133677265
2005-10-18,2.957466356063972e-05,0.0863296890836588,0.1146304544545828,0.1016751551796804
2005-10-19,7.062552348395574e-05,0.1334077655834054,0.1126485541029145,0.1046957948232624
2005-10-20,7.440680637526366e-05,0.1369325206317566,0.1127448359863383,0.1068196173116074
2005-10-21,5.159981801684596e-05,0.1140313734910054,0.1130789143351244,0.1080376549583893
2005-10-24,3.618518792458504e-05,0.095491713551467,0.1149980728873706,0.1075743758680042
2005-10-25,5.07833975854788e-05,0.113125665485515,0.119555330130701,0.1090320768278779
2005-10-26,6.328968545402419e-05,0.126289353210847,0.117998943749308,0.1107973766247535
2005-10-27,3.715847208752817e-05,0.0967674271956069,0.1097562512016991,0.1109020049369394
2005-10-28,4.671922543395239e-05,0.1085045842780663,0.1086298891266701,0.1123544009026606
2005-10-31,2.212475682263048e-05,0.0746688604392947,0.1053176484931853,0.1117335496237844
2005-11-01,2.4873415120930883e-05,0.0791713370511991,0.0989239302086251,0.1121095640469349
2005-11-02,2.2193242072690847e-05,0.0747843366108043,0.0878332694455906,0.1120788023523959
2005-11-03,3.0206673711595723e-05,0.0872472450872927,0.0858155730817823,0.1118582899986729
2005-11-04,2.686463944551961e-05,0.0822793360466098,0.0797724353993139,0.110364859343148
2005-11-07,2.2766450425957005e-05,0.0757439470013358,0.0799748886035196,0.1059129596202952
2005-11-08,1.275494395382614e-05,0.0566943196128517,0.0760605801997546,0.1043903379378708
2005-11-09,2.78320333831867e-05,0.0837476710873983,0.0779063985971132,0.1034773657691093
2005-11-10,4.543687492069156e-05,0.1070051049250187,0.0826862085435698,0.103019776188278
2005-11-11,6.22688898431176e-06,0.0396128265091821,0.0761371555816596,0.0988587046474501
2005-11-14,1.412671275906017e-05,0.059665162492724,0.0732217432300969,0.095328351112887
2005-11-15,2.7059190522276347e-05,0.0825767280268093,0.0779894717811586,0.0939336941119372
2005-11-16,1.8378739248930367e-05,0.0680547007247144,0.074872636419039,0.0933758801847423
2005-11-17,1.4890400604415896e-05,0.0612566808790094,0.0637680906002157,0.0924708248193818
2005-11-18,2.1078568977879965e-05,0.0728820923301859,0.069389437600208,0.089349401790122
2005-11-21,1.631697154940052e-05,0.0641239177721459,0.0701803611668272,0.0855448592657254
2005-11-22,1.9680541009545907e-05,0.0704236915704194,0.0674788793480204,0.0833804661622638
2005-11-23,1.1988116655388582e-05,0.0549636734321672,0.0650485340292169,0.0817015035646012
2005-11-25,6.311964701963668e-06,0.0398825162808823,0.0616356926615301,0.0785221983602315
2005-11-28,1.7997380375533094e-05,0.0673449319149877,0.0603627923832912,0.0751460768640708
2005-11-29,2.3497730497707536e-05,0.0769508160153113,0.0632896275490936,0.0740976064564668
2005-11-30,3.3390881211724634e-05,0.0917305950343428,0.0685315846999965,0.0730601475350967
2005-12-01,1.4380458316788278e-05,0.0601986336707956,0.0694057066906414,0.0724505192431452
2005-12-02,1.584274663987349e-05,0.0631852210033969,0.0727839510530859,0.0717330853651239
2005-12-05,1.6929981316621668e-05,0.0653173429633253,0.0724134422488592,0.0713116209073292
2005-12-06,2.456562002325469e-05,0.0786799608913234,0.0727841208672361,0.0708571208175015
2005-12-07,3.1526167504242725e-05,0.0891324531866433,0.0721356131155711,0.0712329085155329
2005-12-08,4.349632648259259e-05,0.1046951492363105,0.0816761068802614,0.072880577406742
2005-12-09,2.217245108057106e-05,0.0747492988081086,0.0836062410285682,0.0736169262234706
2005-12-12,1.4390280620416196e-05,0.060219188937953,0.0828372055530502,0.0725636455711949
2005-12-13,2.710817182317031e-05,0.0826514325310754,0.083607100383604,0.0711022903697804
2005-12-14,1.837779023558072e-05,0.0680529436495317,0.0795453896854712,0.0720743973025438
2005-12-15,1.98099952249664e-05,0.0706549276179059,0.0716496889374204,0.0725246038518079
2005-12-16,1.2444427033139444e-05,0.05599996082455,0.0681423914523005,0.0713611427260517
2005-12-19,1.837162401860364e-05,0.0680415259432658,0.0695991754269201,0.0713605716725891
2005-12-20,1.763180481315454e-05,0.0666574437922348,0.0660790157523734,0.0715802537614739
2005-12-21,1.8514100191352616e-05,0.0683048552316807,0.0661309787056967,0.0713747707826439
2005-12-22,1.1058270833916647e-05,0.0527890542645631,0.0627074113264485,0.0709515459866633
2005-12-23,7.144192176453905e-06,0.0424303715334474,0.0605399669514896,0.0699322793876684
2005-12-27,2.402353678430093e-05,0.0778070129849735,0.0628485799511699,0.0709110990415893
2005-12-28,1.2705086857652368e-05,0.0565834064733504,0.0608410832983872,0.0714255855811829
2005-12-29,1.07336599582876e-05,0.0520084830531373,0.0575282819939446,0.0708407485838937
2005-12-30,1.2055288564206192e-05,0.0551174447718683,0.057963375702088,0.0699095393253893
2006-01-03,4.946370325944336e-05,0.1116461070587762,0.074112456991818,0.0712141176973819
2006-01-04,2.9767371693820103e-05,0.0866104939764383,0.0760404205722446,0.0724410150267024
2006-01-05,2.143582582838616e-05,0.0734971299354832,0.0788807632121344,0.0728818690614793
2006-01-06,2.12456406871033e-05,0.0731703591159017,0.0821704243244559,0.0732202209387553
2006-01-09,1.3662088566134982e-05,0.0586757728425115,0.0826617284706674,0.0723623227766321
2006-01-10,1.14300479223878e-05,0.0536690979656051,0.0701146569896106,0.0707538963055686
2006-01-11,1.7795811145968436e-05,0.0669667410643824,0.0656711388142388,0.0686420142572357
2006-01-12,1.4420533332281056e-05,0.0602824551568267,0.0629215998791776,0.0679921423922122
2006-01-13,2.153273421395625e-05,0.0736630777385589,0.0630364755130608,0.0685911436442567
2006-01-17,1.5556160297991848e-05,0.0626111203788428,0.0637891719682447,0.0676196860782454
2006-01-18,2.886562488383124e-05,0.0852885541601302,0.070340681964643,0.0685022286062184
2006-01-19,1.925893884176193e-05,0.069665289693821,0.0708629181950549,0.0684561408759592
2006-01-20,4.065441579813693e-05,0.1012171565552525,0.0796476041786454,0.0707769441429202
2006-01-23,2.816737270444708e-05,0.0842506849914032,0.0817198056245786,0.0715652266872211
2006-01-24,2.644106763857183e-05,0.0816281143045709,0.0850101521071698,0.0722667819419692
2006-01-25,5.404114043299053e-05,0.1166977608573258,0.0921714269443724,0.0750295533077562
2006-01-26,2.594840916965977e-05,0.0808640779997785,0.0939825582195325,0.07615768927661
2006-01-27,2.3765317953612017e-05,0.0773877259280192,0.0893393010836987,0.0773975521361809
2006-01-30,1.0291178648866056e-05,0.0509252100586168,0.0841460072595395,0.0763746237713313
2006-01-31,2.8330183018038253e-05,0.0844938229727217,0.0847098692765347,0.0775374846794323
2006-02-01,3.190361671312654e-05,0.0896644378318845,0.0778461993765042,0.0790857367818765
2006-02-02,4.1339953370907215e-05,0.1020669792316232,0.0826786827731872,0.0811787920979473
2006-02-03,3.918213046014396e-05,0.0993674839973131,0.0872512001948313,0.0804501432162053
2006-02-06,1.4415771599060377e-05,0.0602725015489088,0.088434447022234,0.0793497318358577
2006-02-07,3.7871393999615706e-05,0.0976913061019411,0.0911127238842074,0.0805272742933172
2006-02-08,1.951317652822971e-05,0.0701236086144594,0.087618778057452,0.080403963308129
2006-02-09,2.320002058719086e-05,0.0764617890712223,0.0822362307987284,0.0810805154863517
2006-02-10,4.476861799238313e-05,0.1062153083791623,0.0839306655973046,0.0834022071517824
2006-02-13,1.884961415427524e-05,0.0689209893057068,0.0852515236954121,0.0834745409825511
2006-02-14,4.079785087488553e-05,0.1013955542441144,0.0861122274645303,0.0852651111241189
2006-02-15,3.532148393708211e-05,0.0943451851031343,0.0906203862952987,0.0861863274276915
2006-02-16,1.4226252377120317e-05,0.0598749997831676,0.0880895935654241,0.0860979067384525
2006-02-17,1.2084168506642587e-05,0.055183425624674,0.0781823524872479,0.0849742642797058
2006-02-21,2.4932306453584708e-05,0.0792650063161755,0.080118961128596,0.08535579322499
2006-02-22,1.8100188711123066e-05,0.0675370087818746,0.0726297856204454,0.0838287720159786
2006-02-23,2.249256001424763e-05,0.0752869518813878,0.0680331389365579,0.0834401618994174
2006-02-24,1.6643906264912076e-05,0.064763140587512,0.0689228390992833,0.0827649599016449
2006-02-27,1.874694880615105e-05,0.068733042266075,0.0713173322313793,0.0802854885097539
2006-02-28,2.652600045494094e-05,0.0817591102853077,0.071878258564529,0.0803266811892613
2006-03-01,1.338100235020737e-05,0.058069032988782,0.0702042524472637,0.0795828379475605
2006-03-02,2.467473559537501e-05,0.0788545076075838,0.0709832283780327,0.0806113218017761
2006-03-03,4.0778051571039467e-05,0.1013709474943484,0.0790884292067858,0.0814909189958125
2006-03-06,2.854025938449905e-05,0.0848065172312468,0.0821496347377486,0.0812541946571463
2006-03-07,2.3683399048802625e-05,0.0772542332839972,0.0812729683023583,0.0799999771582982
2006-03-08,2.871493964594962e-05,0.0850656498874798,0.0858960174651977,0.0792470783837842
2006-03-09,1.7213207602073823e-05,0.0658614326880504,0.08367834131673,0.0794489948974708
2006-03-10,3.009142185103741e-05,0.0870806425473619,0.0803956383619849,0.0788861632075445
2006-03-13,1.6875698270887428e-05,0.0652125445314291,0.0766522327626863,0.0786944447278412
2006-03-14,1.7278800482774236e-05,0.0659867996015802,0.0745169310947332,0.0782623200920522
2006-03-15,1.541548929221565e-05,0.0623273880540356,0.0698747502460583,0.0760839273385756
2006-03-16,1.957903322252316e-05,0.070241842032195,0.0707228275256276,0.0761388150888514
2006-03-17,1.0706236589368616e-05,0.0519420024693011,0.0634405627026712,0.073840594522933
2006-03-20,1.8550531601672903e-05,0.0683720261775353,0.0641023914990942,0.072528130843544
2006-03-21,2.889333740290231e-05,0.0853294850888682,0.0685163429896663,0.0736772322754577
2006-03-22,1.9868732839917856e-05,0.0707595977635493,0.0701351034182013,0.0742798976962885
2006-03-23,2.133399644060947e-05,0.073322350637671,0.0707628636904509,0.0740019337326256
2006-03-24,2.269723402480408e-05,0.0756287179201831,0.0749114754121108,0.0743568642471566
2006-03-27,1.0295364877873872e-05,0.0509355666428107,0.0720809874068039,0.0734113746946787
2006-03-28,2.905347106465888e-05,0.0855656163905457,0.0721369494925614,0.0743732200367333
2006-03-29,2.54609249269646e-05,0.0801008931385604,0.0740647417012947,0.0748884597470728
2006-03-30,3.0194927777182008e-05,0.0872302802921661,0.077020626475268,0.0751685259804326
2006-03-31,2.231580498955214e-05,0.0749905517873227,0.0768957273147609,0.0758462352462582
2006-04-03,2.453206212104853e-05,0.0786262020862271,0.0814277742562209,0.0758354609746252
2006-04-04,2.551502841429828e-05,0.0801859536353042,0.0803252445420734,0.074673865232163
2006-04-05,2.299793794158652e-05,0.0761280523938436,0.0795487923646917,0.0742475681475137
2006-04-06,1.915014442862249e-05,0.0694682401966025,0.0759694233617278,0.0738970568068567
2006-04-07,4.552351902356318e-05,0.107107080970111,0.0833127965754817,0.0751884940747121
2006-04-10,1.660279121223079e-05,0.064683099689812,0.0808788403689319,0.0751419829319094
2006-04-11,3.3755361890998794e-05,0.0922298823404415,0.0834068320142234,0.0754207290250488
2006-04-12,1.902127488894921e-05,0.0692341048329159,0.0821965681083825,0.0755834834574832
2006-04-13,2.5653133741463423e-05,0.0804026722369896,0.0841666588986586,0.0762153997072166
2006-04-17,1.867745893478956e-05,0.0686055365955763,0.0757032696895514,0.0764601303430292
2006-04-18,4.19250916254171e-05,0.1027867846058291,0.0837091929390885,0.0781160385182127
2006-04-19,3.238354253530338e-05,0.0903363311126617,0.0832951936607779,0.0796895172533294
2006-04-20,4.29962190887127e-05,0.1040915328466038,0.0902575563299526,0.081427473241877
2006-04-21,2.048770372238781e-05,0.0718533321290093,0.0888036530875457,0.0808340935836413
2006-04-24,1.636603338355702e-05,0.0642202492416244,0.0881452945647755,0.080585537507374
2006-04-25,2.987122483773015e-05,0.0867614468477099,0.0846290616030429,0.0811900174041307
2006-04-26,2.5078415409207188e-05,0.0794969224757802,0.0824251154725086,0.0813578163207826
2006-04-27,8.365892350898373e-05,0.1451965864759357,0.0940388215761875,0.0863680525051564
2006-04-28,2.8051218337894964e-05,0.0840767924052144,0.0960442663570272,0.0863015651313335
2006-05-01,4.040087593747338e-05,0.1009010442772684,0.1021560432122201,0.0872874016800612
2006-05-02,1.829222452127399e-05,0.0678943339267795,0.0992586295937416,0.0865028926486253
2006-05-03,2.2961818744272327e-05,0.0760682478012779,0.0987198008350648,0.08654565402432
2006-05-04,1.4621207782926042e-05,0.0607004477849823,0.0791586900114041,0.085887286014799
2006-05-05,1.6693086670058857e-05,0.0648587530010779,0.0754562679189915,0.0852969786468498
2006-05-08,5.465949327658368e-06,0.0371135989978054,0.0627130613758246,0.0841115545320281
2006-05-09,4.811660508724894e-06,0.0348215227725421,0.0570395270044859,0.0831294941039857
2006-05-10,2.8803955552992603e-05,0.0851973990175412,0.0595646819521013,0.0819694930460765
2006-05-11,2.9300823838911272e-05,0.085929084758338,0.0654813254697599,0.0828519642623903
2006-05-12,4.639563278691258e-05,0.1081281622071788,0.076057953624628,0.0837211833389341
2006-05-15,5.444933727318418e-05,0.1171376668405275,0.0908491885600557,0.0861106781451529
2006-05-16,2.3604402874311043e-05,0.0771252845980252,0.0959204320113609,0.0859743078470317
2006-05-17,7.654956077017311e-05,0.1388902059689006,0.1077362881307501,0.0897467561018206
2006-05-18,4.7235571382119866e-05,0.1091025388718988,0.1118526667378553,0.0900850118641179
2006-05-19,8.959474039429634e-05,0.1502593577098034,0.1211951074911106,0.0936516824672311
2006-05-22,9.615522351960596e-05,0.1556634713956383,0.1295771227748228,0.0968480761890247
2006-05-23,4.295210242568834e-05,0.1040381171074979,0.1332867390402771,0.0981675574595351
2006-05-24,0.0001464218036962,0.1920892879143509,0.1459003627393115,0.1054826955962124
2006-05-25,2.9758457127245903e-05,0.0865975241913183,0.1428498137521258,0.10547657259969
2006-05-26,1.542161594981147e-05,0.0623397723716769,0.1291036165915386,0.1049509081381604
2006-05-30,2.814305778310148e-05,0.08421431328071,0.1150648976182362,0.1018763177172155
2006-05-31,6.12973944934424e-05,0.1242857329396559,0.1190148452257531,0.1037285107749194
2006-06-01,2.803507069826529e-05,0.0840525895851094,0.0905419352621428,0.1030434824207141
2006-06-02,4.4947158707162594e-05,0.1064268950698317,0.0946749840276821,0.104514493849457
2006-06-05,4.22846807014155e-05,0.1032266416035933,0.1015738699869347,0.105568053999343
2006-06-06,7.215569492979728e-05,0.1348452265462478,0.1119619934456161,0.1086445830377014
2006-06-07,5.038197844965659e-05,0.1126776755587079,0.1094776278867485,0.1104062333640572
2006-06-08,0.0001456308587748,0.1915697690431598,0.1338363879024188,0.1174523805294434
2006-06-09,6.0834906946220586e-05,0.1238159785748495,0.136795179878588,0.1201531627334989
2006-06-12,5.54002945070255e-05,0.1181561433687238,0.1391903307482886,0.1214142968860593
2006-06-13,0.0001374846778713,0.1861347329854576,0.1505540730570572,0.1264145100919909
2006-06-14,6.207482782903465e-05,0.1250714060563673,0.1524986836755989,0.1271228791921373
2006-06-15,5.771229502452248e-05,0.1205964275846497,0.137203326890336,0.1272698004711946
2006-06-16,3.9693308021465655e-05,0.1000135671867039,0.1332637097036126,0.1279917700764375
2006-06-19,5.8444971484194615e-05,0.1213595188438757,0.1338382159310937,0.1271790602512361
2006-06-20,3.988004354646537e-05,0.1002485459929932,0.1139885716799996,0.1268473852251273
2006-06-21,4.8950692519424405e-05,0.1110656315648317,0.1110492595834932,0.1249988001726913
2006-06-22,3.921058456899426e-05,0.0994035578406857,0.106768215528234,0.1223618612532514
2006-06-23,4.1805264121544734e-05,0.1026397903282604,0.1072655323695706,0.1223081705278765
2006-06-26,2.1207520736505025e-05,0.0731046867553597,0.0981281148134614,0.1162971017788319
2006-06-27,2.955344871352876e-05,0.0862987200125775,0.0954393343295302,0.1162870053099764
2006-06-28,2.50919883526906e-05,0.079518432233527,0.0889167467199541,0.1167623112318939
2006-06-29,7.62645476740474e-05,0.1386314034187779,0.0988620634407109,0.1190993161924532
2006-06-30,2.3230532615426457e-05,0.0765120527700536,0.0940081970885879,0.1172544605455004
2006-07-03,8.251612547115672e-06,0.0456005083510386,0.0904685765727612,0.1162841261616385
2006-07-05,1.96447130278636e-05,0.0703595599973566,0.0876650618464622,0.1150311696151576
2006-07-06,2.2316249982900267e-05,0.0749912994666105,0.0868634897681794,0.1140326299166602
2006-07-07,2.638327973114049e-05,0.0815388649188066,0.0709313044458094,0.1117100643418159
2006-07-10,2.1244586430521936e-05,0.0731685436543022,0.0702222063357803,0.1102060928167883
2006-07-11,3.923319874360223e-05,0.0994322185379958,0.0805768590041076,0.1045305986821942
2006-07-12,3.67839216447942e-05,0.0962784932084426,0.0857697284667565,0.1032044231440501
2006-07-13,6.368516552851938e-05,0.1266833126863474,0.0971670708870054,0.1036631679440528
2006-07-14,6.993692907310147e-05,0.1327558139081734,0.1078728121057163,0.0998615222657641
2006-07-17,4.845847717023644e-05,0.1105058199684504,0.1140531616610288,0.0990775177408552
2006-07-18,6.629308659322067e-05,0.1292511424378586,0.1198830347984966,0.0995723033215015
2006-07-19,5.0774963729141566e-05,0.11311627141903,0.1227888046751358,0.100207678936119
2006-07-20,3.616248269692128e-05,0.095461749615352,0.1170040483865243,0.0989259477443106
2006-07-21,6.636466719501656e-05,0.1293209036975236,0.1162321183674316,0.1004475607595273
2006-07-24,3.5992328196371633e-05,0.0952368978153197,0.1134971868897985,0.0997059691762934
2006-07-25,5.548302085891652e-05,0.1182443286439014,0.1110710768782266,0.100636343586813
2006-07-26,3.964913219793646e-05,0.0999578977063843,0.1085174742136776,0.1005135619675182
2006-07-27,4.758762230771035e-05,0.1095083595966217,0.1111389636720621,0.1020056283346219
2006-07-28,3.387891743680224e-05,0.092398523765665,0.1035112914530871,0.1022482004244767
2006-07-31,1.7284942399147274e-05,0.0659985263819209,0.0988520875556295,0.101809961827433
2006-08-01,2.342312319451704e-05,0.0768285561820492,0.0903101122345671,0.0987926810483432
2006-08-02,2.207988903634376e-05,0.074593109850432,0.0852667960959941,0.0987259526646417
2006-08-03,2.649575004921901e-05,0.0817124777032442,0.0787870303707905,0.0997787153246518
2006-08-04,6.359739449058985e-05,0.126595984974361,0.0877793107637487,0.1022704748180131
2006-08-07,1.929243795982076e-05,0.0697258514890627,0.0883537502000719,0.1021009971902209
2006-08-08,9.90042912535782e-05,0.1579527821720836,0.1077760457828797,0.1060964386993094
2006-08-09,4.049202410264675e-05,0.1010148012613348,0.1119984270065212,0.1071304109689457
2006-08-10,4.386258247756275e-05,0.1051350121717109,0.1158401312426898,0.1073776161068143
2006-08-11,2.2624383878924364e-05,0.0755072495690906,0.1065546633024367,0.1066197044257199
2006-08-14,2.084268556239968e-05,0.0724731451071686,0.1069206656856644,0.1042929539214923
2006-08-15,2.647625890709965e-05,0.0816824169854756,0.0881851230106479,0.1018783491020984
2006-08-16,1.8147780034801244e-05,0.0676257389517476,0.0815503894496139,0.100159885970743
2006-08-17,1.5502670394483428e-05,0.0625033834236981,0.0722573626033811,0.0972122503940142
2006-08-18,1.5214563504772804e-05,0.0619198675967798,0.0696252217485823,0.0950941291874354
2006-08-21,1.0472530631318711e-05,0.0513719545967672,0.0657648515166938,0.093534093689179
2006-08-22,1.912286240266342e-05,0.0694187390080746,0.0628840560968294,0.090595216661297
2006-08-23,1.7093366877047687e-05,0.0656317640553415,0.062460083957984,0.0893924732314273
2006-08-24,1.5851669453085473e-05,0.0632030118125516,0.0626007319493307,0.086816214812259
2006-08-25,1.6738748979494207e-05,0.0649473998157935,0.0632113169338997,0.085291424705955
2006-08-28,1.315902363399853e-05,0.0575853623394663,0.0642733991310011,0.0829473518560253
2006-08-29,2.527160806756154e-05,0.0798025390136523,0.0666405778588679,0.0823508977699451
2006-08-30,1.3267639141997364e-05,0.0578225307625266,0.0651778331913336,0.0820710300943776
2006-08-31,9.233770982895278e-06,0.0482380584983435,0.0625668271260396,0.0810747889351163
2006-09-01,9.09415630831178e-06,0.0478719896149571,0.0594080835071468,0.0801522035572313
2006-09-05,1.2919131115154796e-05,0.0570580497477701,0.0593062374716387,0.0791761437326961
2006-09-06,1.3536720257422232e-05,0.0584059372398937,0.0540905856634163,0.0754681354472969
2006-09-07,2.2844517724599608e-05,0.0758737007572393,0.0583820703467643,0.0757372228631033
2006-09-08,1.289910623233649e-05,0.0570138121032859,0.0599432984957148,0.0689190189375728
2006-09-11,1.853297610560629e-05,0.0683396662167206,0.0637880517991419,0.0670693689987976
2006-09-12,1.5030678562976049e-05,0.0615445448262473,0.0646168518553806,0.0645603895896405
2006-09-13,1.231578508317311e-05,0.0557097643233178,0.0641389305408037,0.0636393242460002
2006-09-14,1.2842436448747443e-05,0.0568884345459106,0.0600807582726375,0.0629152157539616
2006-09-15,1.5402071707450012e-05,0.0623002573853222,0.0611215753605944,0.0618989062319925
2006-09-18,1.7947635939032685e-05,0.0672517974230892,0.0608797653589886,0.0618803848814353
2006-09-19,2.2987196194851816e-05,0.0761102715873663,0.0640886442266651,0.0625692726029367
2006-09-20,1.984639010635596e-05,0.0707198013769955,0.06698430272818,0.0629918196467288
2006-09-21,2.6686927005943272e-05,0.0820067412198393,0.0720045771882811,0.0644491883788862
2006-09-22,1.850670852418653e-05,0.0682912186748413,0.0730830543397487,0.0643944106277024
2006-09-25,3.542108352162836e-05,0.0944781088265972,0.0788783531128121,0.0660043618518695
2006-09-26,2.8123097273507708e-05,0.0841844434139939,0.0805024471935713,0.0670607143656682
2006-09-27,3.300341949809653e-05,0.0911968295146291,0.0845207565364713,0.0684356911194171
2006-09-28,1.573920539820132e-05,0.062978407095978,0.0811910901298121,0.0686512827869321
2006-09-29,1.1659573064350798e-05,0.0542052802982919,0.0790373170678986,0.0675061401253114
2006-10-02,2.151001749192052e-05,0.0736242107459494,0.074469992355272,0.0682018449316507
2006-10-03,2.389597568210016e-05,0.0776001667001382,0.0730255628748408,0.069422190560885
2006-10-04,2.0504781827052635e-05,0.071883273578888,0.0685769749592873,0.0703572602574961
2006-10-05,1.4502470058630631e-05,0.060453473471546,0.0681209955406727,0.0704860305226435
2006-10-06,1.642249988338037e-05,0.0643309410051792,0.0698607296349776,0.0707201229689002
2006-10-09,1.0175786153066706e-05,0.0506388991840542,0.065645078152541,0.0696865929078099
2006-10-10,1.3705113097764904e-05,0.0587680908370925,0.061608902046723,0.0697528040538554
2006-10-11,2.0515596712292885e-05,0.0719022278618528,0.061613325519881,0.0699154038194299
2006-10-12,8.721243428727354e-06,0.0468802020477652,0.0592015883188255,0.0693966280138754
2006-10-13,1.0354091733249272e-05,0.0510806334805943,0.0565595287171409,0.0692345410474541
2006-10-16,3.670591834112759e-06,0.0304136341497759,0.0535828190283958,0.0684716172075061
2006-10-17,1.704858932835302e-05,0.0655457436508653,0.0551328368311613,0.0686092010880581
2006-10-18,2.9359403069419084e-05,0.0860149380834143,0.0590369167339438,0.0695552951201653
2006-10-19,1.3445850650115398e-05,0.0582095727851448,0.061020305976032,0.0687651605321589
2006-10-20,1.2500431878988573e-05,0.0561258303591592,0.0619003496335346,0.0681505883363527
2006-10-23,2.0863844227138104e-05,0.0725099217020595,0.0685433673331148,0.0676594555418207
2006-10-24,1.869549027049973e-05,0.0686386447139359,0.0691462002777195,0.0676754337504366
2006-10-25,3.0750316175306214e-05,0.0880288570650395,0.0696512672776541,0.0672789923856897
2006-10-26,1.5842847457681953e-05,0.0631854220476199,0.0705131737513251,0.0662253587134501
2006-10-27,2.1066460858311563e-05,0.0728611565670935,0.0735107851477757,0.0651848579149843
2006-10-30,1.633956872277699e-05,0.0641683046226078,0.0719431167494337,0.0652375857185663
2006-10-31,2.478022213472804e-05,0.0790228826223864,0.0740437879472664,0.0663794671683726
2006-11-01,2.592193215169096e-05,0.0808228117688695,0.0723818484068316,0.0667590453689159
2006-11-02,1.4981172462080655e-05,0.0614431075096656,0.0720812288949851,0.0659898107276187
2006-11-03,2.933490519681686e-05,0.0859790445957493,0.074916174179358,0.0667517802712043
2006-11-06,1.7445340580936656e-05,0.0663040407999093,0.0752872104365885,0.0670038014857347
2006-11-07,1.7578632203295536e-05,0.0665568577625963,0.0728368308122955,0.0671025512462058
2006-11-08,3.409371862433533e-05,0.0926909763317471,0.0756112555179467,0.0691138295019208
2006-11-09,2.3717420760053505e-05,0.0773097020530637,0.0784689038741976,0.0699386006554546
2006-11-10,1.3657620516666558e-05,0.0586661773954974,0.0732614068069846,0.0693747278307033
2006-11-13,1.640768712352601e-05,0.0643019218618584,0.0729036075450659,0.0700064109940656
2006-11-14,2.7220210839517286e-05,0.0828220570352992,0.076163452891466,0.0713729031791096
2006-11-15,1.6076329230718053e-05,0.0636493123775972,0.0699485177177634,0.0723615463566191
2006-11-16,1.3755719812476522e-05,0.0588764927007722,0.0662625490239726,0.0721004512300418
2006-11-17,1.3629462589576615e-05,0.0586056701401264,0.0662518395490196,0.0708399304725236
2006-11-20,2.054576070690289e-05,0.071955067216559,0.0678075596982463,0.0714116376497601
2006-11-21,8.717806226936428e-06,0.0468709629641634,0.0605420842039417,0.0711076207895587
2006-11-22,1.3542783578845586e-05,0.0584190162692687,0.0594781746433328,0.07051548987549
2006-11-24,1.1000171229293327e-05,0.0526501961039265,0.0582990017951453,0.0698876808216985
2006-11-27,3.436520420044575e-05,0.0930592900172375,0.0666622455929754,0.07018329452108
2006-11-28,4.315856177140005e-05,0.1042878591514506,0.0747230898795601,0.0723780624295961
2006-11-29,2.578472940896327e-05,0.0806086336012386,0.0802727418836741,0.0727504607727175
2006-11-30,4.6672503158100765e-05,0.1084503148720251,0.0900746965374707,0.0751004628407966
2006-12-01,5.3070653911853605e-05,0.1156451675851053,0.1011622621510535,0.0772278029962116
2006-12-04,2.106069669786748e-05,0.0728511878273965,0.0977919020440268,0.0768664446501242
2006-12-05,1.7064426143307275e-05,0.0655761800359965,0.0908191151120327,0.0770215102236743
2006-12-06,9.10187306445276e-06,0.0478922959591842,0.0860656476764645,0.0755020056084083
2006-12-07,2.2197822041901086e-05,0.0747920527500019,0.0785733528730501,0.0758616528017194
2006-12-08,2.126771016647656e-05,0.0732083530886475,0.0676084566969684,0.0761396550886806
2006-12-11,8.94104781134307e-06,0.0474672945137855,0.0629291118089635,0.0742235452258419
2006-12-12,2.1098333896627795e-05,0.0729162543055401,0.0645242749965653,0.074021174108265
2006-12-13,1.4860154237277338e-05,0.0611944349413726,0.0667352937728061,0.0741141598719803
2006-12-14,1.9929031145056466e-05,0.0708668882381202,0.0658730018576789,0.0743857788067394
2006-12-15,1.098695048514372e-05,0.0526185473217972,0.0618150635832609,0.0731252314189878
2006-12-18,1.4808036007177306e-05,0.0610870286870189,0.0641622809045364,0.0730258293188224
2006-12-19,2.3728490232512144e-05,0.07732774106744,0.0651871012563161,0.0738038298449736
2006-12-20,6.650567370859825e-06,0.0409382825416098,0.0619321805859746,0.0732602568059963
2006-12-21,1.878703543557382e-05,0.0688064890091378,0.0614657498805297,0.0731226355427512
2006-12-22,1.9332871048569265e-05,0.0697988789611943,0.0647971666415476,0.0739493784370117
2006-12-26,7.980060085721749e-06,0.0448438974845171,0.0620849645109919,0.073517291177772
2006-12-27,6.76895619519128e-06,0.0413010527854702,0.0547702684204684,0.0731869213533486
2006-12-28,1.2323429993089124e-05,0.0557270523018978,0.0573209785245377,0.0714412132639434
2006-12-29,1.3903127234520676e-05,0.0591911147310068,0.0551320742007539,0.0690560587344012
2007-01-03,5.456312740991784e-05,0.1172600021631387,0.0693912856653442,0.071402960134297
2007-01-04,4.275992947242197e-05,0.1038051165745231,0.0810435435021143,0.0710884376169089
2007-01-05,3.1827565431955135e-05,0.0895575038109744,0.0884929932193052,0.0693558652186332
2007-01-08,2.8639396727403822e-05,0.0849536813522861,0.0930233012331935,0.0699789011359846
2007-01-09,3.3783697613235176e-05,0.0922685851118096,0.0982614640609871,0.0713341310959843
2007-01-10,2.020046544091051e-05,0.0713478611530117,0.0890136908355714,0.0722197174605155
2007-01-11,1.690189132866773e-05,0.0652631336577111,0.0813645625178768,0.0717985035428861
2007-01-12,1.7639957657824082e-05,0.0666728530195886,0.076844886634761,0.0715085369378344
2007-01-16,1.1579870282516688e-05,0.0540196937347316,0.0710305319499085,0.0717195745032844
2007-01-17,2.147302937758992e-05,0.0735608822891124,0.0665197624019392,0.0717494901260661
2007-01-18,2.252471644218505e-05,0.0753407495544783,0.0673945178814618,0.0723587134318719
2007-01-19,1.5538525300866732e-05,0.0625756212579501,0.0668827884636512,0.0720103614819079
2007-01-22,1.903617892816582e-05,0.0692612235662768,0.0674068019171562,0.0726477282083181
2007-01-23,1.9652946385496724e-05,0.070374302761343,0.0703602158914321,0.0730286838165752
2007-01-24,1.112484749198358e-05,0.0529477248612238,0.0665508197789807,0.0720334620944814
2007-01-25,2.4859851396773826e-05,0.07914974764323,0.0674292400592328,0.0734669907705947
2007-01-26,4.384217186477002e-05,0.1051105480431057,0.0772865201816356,0.0753949198022301
2007-01-29,1.5042705656814146e-05,0.0615691629431257,0.0759732528519758,0.0750683158029893
2007-01-30,1.8122919390322995e-05,0.0675794028263153,0.0754640430162173,0.0758382085787959
2007-01-31,2.810744630008212e-05,0.084161015129457,0.0809366713442161,0.0774329166781078
2007-02-01,1.6350320740560018e-05,0.0641894136647245,0.0782423441827281,0.0777301922574889
2007-02-02,1.2845576658373008e-05,0.0568953892500086,0.0675250770070355,0.0776522313088376
2007-02-05,8.845545634669068e-06,0.0472131072895716,0.0651713062604238,0.0742037391829059
2007-02-06,1.136808619794122e-05,0.0535234315219155,0.0625048443466098,0.0717399164554519
2007-02-07,9.355047477251505e-06,0.048553804838214,0.0544218215987232,0.0699228370036927
2007-02-08,1.8054414587300783e-05,0.0674515565128025,0.0552052623940779,0.0690503944636497
2007-02-09,3.046408627401085e-05,0.087618204392984,0.0627343118287523,0.0687745035358966
2007-02-12,1.0349124544024506e-05,0.0510683795033108,0.0633354107720053,0.0679491700060968
2007-02-13,1.247856622802062e-05,0.0560767214578491,0.0637757199189053,0.0675753100332648
2007-02-14,1.4372423735442683e-05,0.060181814373875,0.0657283668942678,0.0672978039036466
2007-02-15,9.970690886419136e-06,0.0501259823183309,0.0625523663826002,0.0671607176235971
2007-02-16,3.993899951776991e-06,0.0317247976801712,0.0507809132393507,0.0656532292366696
2007-02-20,1.5498639916931632e-05,0.0624952578926335,0.0532751041689923,0.0650374199694073
2007-02-21,1.566167537882426e-05,0.0628231024024101,0.0547600714519027,0.0650482638080584
2007-02-22,2.443348583102313e-05,0.0784680726755655,0.0592093147657929,0.0655217545681865
2007-02-23,1.4307809394564593e-05,0.0600463818013232,0.0610273195204023,0.0650528570246554
2007-02-26,1.5269099017839855e-05,0.0620307419953658,0.0655179651757809,0.0654167006547124
2007-02-27,0.0002277613633154,0.2395743382657683,0.1224362896369277,0.0812618564617875
2007-02-28,0.0001111142084544,0.167334337571548,0.1407176345987476,0.0858723466347107
2007-03-01,0.0001397794694318,0.1876817154035352,0.1600465252998197,0.0938235729817693
2007-03-02,6.505014519026742e-05,0.1280337322268916,0.167846072294377,0.0966457080684216
2007-03-05,0.0001163890459242,0.1712601517367609,0.1823972294436782,0.101742903849561
2007-03-06,3.210367468316757e-05,0.0899451278289059,0.1529954306561646,0.1026258544058862
2007-03-07,3.719380826682997e-05,0.0968134271846687,0.1402926000621977,0.1039757852494273
2007-03-08,2.762026754038246e-05,0.083428456896771,0.1184448810919421,0.1050048561910375
2007-03-09,3.008881198327677e-05,0.087076866157354,0.1107571156325948,0.1060210225764243
2007-03-12,2.2349580526045247e-05,0.0750472803808599,0.0867614523114094,0.1067206807400453
2007-03-13,7.077074799932767e-05,0.1335448557445421,0.0973466491581474,0.1095132199092133
2007-03-14,0.0001485505194779,0.1934805698472867,0.1228362664173629,0.115523901213484
2007-03-15,4.0044008765497054e-05,0.1004544185633726,0.1253591037982609,0.1169868076009647
2007-03-16,3.0711708679107745e-05,0.0879735789151217,0.1254842575727052,0.1178760599598167
2007-03-19,2.2710109723829948e-05,0.0756501662285361,0.1255566388931361,0.1182804714007769
2007-03-20,1.714216408837962e-05,0.0657253782816931,0.114287308748739,0.1186272139121455
2007-03-21,5.826097447429334e-05,0.1211683356637447,0.0922550587927178,0.1212188951952677
2007-03-22,2.2712627762247623e-05,0.0756543600599886,0.0873927586833374,0.1215592592279338
2007-03-23,1.799706211108352e-05,0.0673443364507591,0.0836461360928024,0.121669241378101
2007-03-26,3.79663574803031e-05,0.0978137111300679,0.088122590578023,0.1223046082163702
2007-03-27,1.846437073532638e-05,0.0682130590525175,0.0884998880518388,0.1224990967794138
2007-03-28,5.360718716028968e-05,0.1162282717947445,0.0871646677534092,0.1242786147534653
2007-03-29,4.690868514785113e-05,0.1087243701166324,0.0938997369367807,0.1156442340213889
2007-03-30,6.610276222269567e-05,0.1290654720679365,0.1060268262395035,0.1133931356192159
2007-04-02,2.4658946224267742e-05,0.0788292740580266,0.1028153410494645,0.1074213663091573
2007-04-03,1.4973218529795224e-05,0.0614267943938831,0.1019560703634606,0.1047174364997054
2007-04-04,1.3375502829448057e-05,0.058057098730654,0.09147329333573,0.0989230417812616
2007-04-05,5.180447040556868e-06,0.0361313251102188,0.0791470794980894,0.0973518097440508
2007-04-09,9.2390055359865e-06,0.0482517294515813,0.0582951700920988,0.0956930786519514
2007-04-10,8.189262652731769e-06,0.0454279009914436,0.0506779518534572,0.0945229706112513
2007-04-11,2.568875665099693e-05,0.0804584779625567,0.0557522907634286,0.0942559883475282
2007-04-12,2.623994354057713e-05,0.0813170693779936,0.0612918080758823,0.0944920826278795
2007-04-13,1.2527259830451777e-05,0.0561860256404904,0.0642414593687091,0.0908933495735102
2007-04-16,8.038677305881473e-06,0.045008295691818,0.0637688682589256,0.0815604175665563
2007-04-17,1.5702250647930186e-05,0.062904428804961,0.0666717567938794,0.0798328124196424
2007-04-18,1.5767836452493366e-05,0.0630356628110495,0.0628101009072396,0.0787534296087677
2007-04-19,1.7860810254316005e-05,0.0670889274328307,0.0593531840624415,0.0783999754715962
2007-04-20,9.88794174636054e-06,0.0499175452129094,0.0582218071422716,0.077868237005809
2007-04-23,1.1735060616513513e-05,0.0543804677743894,0.059800305565839,0.0743675274518028
2007-04-24,2.2982409650611133e-05,0.0761023470857108,0.0627932843503415,0.0743883012858723
2007-04-25,1.623151546321445e-05,0.0639557807921226,0.0629790916228805,0.0742522446385803
2007-04-26,1.376044513734011e-05,0.0588866043732333,0.0613164543964146,0.0723610952837667
2007-04-27,2.0304919512382544e-05,0.0715320887233163,0.065457797542807,0.0725066256303137
2007-04-30,2.056949862402094e-05,0.0719966225128184,0.0687748423097682,0.0698482573529409
2007-05-01,3.671983638641692e-05,0.0961945880461944,0.0736365754378766,0.0690077562595345
2007-05-02,1.3516479856957566e-05,0.0583622559875242,0.0727014954981171,0.0644958794213352
2007-05-03,1.7157631615360086e-05,0.0657550238922528,0.0738696530799688,0.0638262823073288
2007-05-04,1.596013126116492e-05,0.0634188700452283,0.072372289712939,0.0639147788067515
2007-05-07,4.00714583377758e-06,0.0317773622270941,0.0663551485392454,0.0630697128491534
2007-05-08,1.2041969072280184e-05,0.0550869876306066,0.0562071278845737,0.0636897503125456
2007-05-09,3.266489492529375e-05,0.090727909273685,0.0642208793499199,0.0657625821398261
2007-05-10,2.7420091040114065e-05,0.0831255853640065,0.0681289167643562,0.0674165974192499
2007-05-11,1.76248489357076e-05,0.0666442940678218,0.0687419163995413,0.0667280241736796
2007-05-14,2.149330217952018e-05,0.0735955987083404,0.0748782568580956,0.0663193681430735
2007-05-15,5.056726380480876e-05,0.112884677785835,0.086881690848109,0.0695268980000681
2007-05-16,2.220966710096876e-05,0.0748120051157842,0.0837943000584193,0.0706845937404722
2007-05-17,1.875462610339634e-05,0.0687471146889517,0.0811464434801047,0.0709314835997005
2007-05-18,1.7443747531219775e-05,0.066301013400003,0.0810901829982128,0.0710666740834523
2007-05-21,1.3852937594587866e-05,0.059084179556258,0.0786800063777518,0.0707429417378634
2007-05-22,1.84281704030124e-05,0.0681461586706039,0.0676071970736291,0.0714310033743512
2007-05-23,2.430487435796376e-05,0.0782612824978409,0.0683837081614113,0.0724318282657782
2007-05-24,4.746103980665269e-05,0.1093626171563047,0.0782504619318582,0.0743421907648044
2007-05-25,1.6277223886584727e-05,0.0640457681616775,0.0778738852302849,0.0743457120278212
2007-05-29,2.7554555007033188e-05,0.0833291537324864,0.0821882200710469,0.0754008630947359
2007-05-30,3.1717892217413023e-05,0.0894030695154706,0.0861667308065742,0.0762628387227513
2007-05-31,1.809173118523863e-05,0.0675212282077283,0.0843300840862101,0.0760765329802762
2007-06-01,2.374011794151614e-05,0.077346685263572,0.0769157241400248,0.0750930229474398
2007-06-04,1.2146675717733773e-05,0.055325963894621,0.0755503076914602,0.0749884765254513
2007-06-05,2.3116322398278267e-05,0.0763237397168543,0.0740551285786005,0.0754422010948162
2007-06-06,2.268394768135733e-05,0.0756065791826481,0.0709143939139005,0.0759509313099174
2007-06-07,7.4509398492841e-05,0.1370268894056781,0.0887259922259481,0.0810932501788828
2007-06-08,4.834152631291846e-05,0.1103723907091599,0.0954579105071847,0.0836176425939386
2007-06-11,2.289681147221066e-05,0.075960492961783,0.0982548702122359,0.0829458931897807
2007-06-12,5.4010814947243714e-05,0.1166650134646433,0.1058824912102618,0.0847620543209873
2007-06-13,4.562869951489576e-05,0.10723074315584,0.1112093406027637,0.0866335802796791
2007-06-14,2.04300115440667e-05,0.0717520934126998,0.0981932601306388,0.0865632584943544
2007-06-15,1.207400815847696e-05,0.0551602216813547,0.0883970215567212,0.0839778243030032
2007-06-18,1.5040070183754716e-05,0.0615637692665596,0.0861281235088822,0.0834874272024661
2007-06-19,1.69423734919005e-05,0.0653412436364577,0.0744970080594648,0.0833630132071387
2007-06-20,5.04971732432682e-05,0.1128064167381607,0.0761260486674695,0.0856037612387486
2007-06-21,7.912250085815995e-05,0.1412050644143343,0.093558947980149,0.0898645487242972
2007-06-22,5.653233308351155e-05,0.1193572282563771,0.1048521641330019,0.092261058853954
2007-06-25,7.588299888769407e-05,0.1382841846333083,0.1185768102541661,0.0954091554974614
2007-06-26,6.968759061714132e-05,0.1325189527408046,0.1293012717383888,0.096734182114159
2007-06-27,4.49241547050762e-05,0.106399656887037,0.1282105250704472,0.0984156469291794
2007-06-28,6.77995407789171e-05,0.1307114542658259,0.1259653188415206,0.100730469964805
2007-06-29,8.681938643012062e-05,0.1479137768444521,0.1318852874262896,0.1038161362669759
2007-07-02,2.609366639261176e-05,0.0810900976133224,0.1220014208186236,0.104256648133155
2007-07-03,1.0038750191085996e-05,0.0502967697586402,0.1089864446813901,0.103501235452886
2007-07-05,1.8350330638004303e-05,0.0680020832090979,0.1026582894427395,0.1038439492100638
2007-07-06,1.5732889836334446e-05,0.0629657703737219,0.0889638420022602,0.1034359314921606
2007-07-09,1.2425008392629596e-05,0.0559562517949751,0.0645374970905563,0.1028663231444227
2007-07-10,4.985218840320478e-05,0.1120836806926307,0.0732292157546935,0.1014842022361056
2007-07-11,5.176317408218086e-05,0.1142117326228333,0.0864027141018072,0.1016771199602016
2007-07-12,2.3894499463194303e-05,0.0775977697148891,0.0880048584621793,0.1017333022458399
2007-07-13,1.9395214063418324e-05,0.0699113291533026,0.0890473820726541,0.0997655191540806
2007-07-16,1.705885405709734e-05,0.0655654727916189,0.0903492228825595,0.0981116925685086
2007-07-17,2.575059826338661e-05,0.0805552652678484,0.0833562351143307,0.0984217919013815
2007-07-18,7.299263910444047e-05,0.1356250163292856,0.0895445529865299,0.1019050751841048
2007-07-19,1.808858431378466e-05,0.0675153556390969,0.0878954426920259,0.1020762640967493
2007-07-20,6.519133399207344e-05,0.128172603024213,0.1001685244497064,0.1047484300747897
2007-07-23,2.2965473602464945e-05,0.076074301494139,0.101643627028545,0.1032321195082065
2007-07-24,6.845574550897142e-05,0.1313424831052801,0.1117307761393227,0.1026386265699071
2007-07-25,0.0001196552542578,0.1736465492688109,0.1218013224083579,0.106102460075021
2007-07-26,0.0002599227191414,0.2559307039486134,0.1643897884168496,0.1156106542454428
2007-07-27,0.0001933074379972,0.2207112919070848,0.182978288814807,0.1215805598603583
2007-07-30,0.0001240943508574,0.1768382775760519,0.1964127022146064,0.125254505493536
2007-07-31,9.243681339124788e-05,0.1526239724767851,0.1994657750405076,0.1263760258334001
2007-08-01,0.0002655902006392,0.2587058765491777,0.2171214330970873,0.1342335216059991
2007-08-02,8.638840754301922e-05,0.1475461917530942,0.1959479201358733,0.1367818963749429
2007-08-03,0.000154772377199,0.1974908581533535,0.1909277882900896,0.1427135070176926
2007-08-06,0.0002120828038109,0.2311814580807613,0.2022079087726336,0.1502872666105463
2007-08-07,0.0002773984539231,0.2643944220073888,0.2240761144187551,0.1599484998460147
2007-08-08,0.0001309140603995,0.1816324398907695,0.2083804875340447,0.1641364092304607
2007-08-09,0.0002146232004218,0.2325619197252499,0.2233505342416192,0.1697885092750028
2007-08-10,0.0003783477287648,0.3087776346316708,0.247292658332052,0.1804688768408344
2007-08-13,7.452693477192078e-05,0.1370430135487542,0.2328536945495357,0.1820686327732221
2007-08-14,0.0001505471106156,0.1947764664304474,0.2186950739332518,0.1861485224234058
2007-08-15,0.0002144634049001,0.2324753277980809,0.2281193159850799,0.1921261351325803
2007-08-16,0.0005880785762268,0.3849620776247364,0.266196493714836,0.2082154249447602
2007-08-17,0.0002293841004919,0.2404262741963922,0.2516998339314481,0.2124736602219026
2007-08-20,0.0001122902672996,0.1682175596051113,0.2554526929991414,0.2149978924262938
2007-08-21,0.0001101648836279,0.1666179782443383,0.2514374954543047,0.2161926116135888
2007-08-22,6.37343500828384e-05,0.1267322225042837,0.2358475561831064,0.2172699571157486
2007-08-23,8.881881284987304e-05,0.149607288720062,0.1745318815670833,0.2178060695791776
2007-08-24,3.910190518718434e-05,0.0992657045870851,0.1444685261224352,0.2156774952262853
2007-08-27,2.891998290565598e-05,0.0853688215464247,0.1291096150816582,0.2094534568937634
2007-08-28,3.69343210120212e-05,0.0964751206012687,0.1139230984071872,0.2051330486010773
2007-08-29,5.998092408288235e-05,0.1229438606392623,0.113089785923822,0.2033351358401606
2007-08-30,8.243119005695438e-05,0.1441272350888356,0.1116573485782856,0.2030531152182916
2007-08-31,0.0001079866978845,0.1649625650470251,0.1262503744290586,0.198558029587709
2007-09-04,3.901291420617922e-05,0.0991526821621945,0.1282491355956205,0.1971867804187065
2007-09-05,7.028317346114725e-05,0.1330840325215955,0.1346425747839806,0.1947173360213764
2007-09-06,5.118555633326647e-05,0.1135727088520087,0.1329862263916048,0.1899258700454412
2007-09-07,9.081807599357784e-05,0.1512817079173209,0.1345661007129396,0.1842135790125088
2007-09-10,8.759515917934046e-05,0.1485731473490206,0.1306916290752585,0.1828618176917492
2007-09-11,5.925967022170913e-05,0.1222024422663913,0.1345389847350115,0.1779292717651454
2007-09-12,5.654012575745115e-05,0.1193654543445367,0.1319397165726127,0.1672503092212656
2007-09-13,2.7546806047887785e-05,0.0833174358947016,0.1273447910001751,0.1656337221542737
2007-09-14,3.136069705803761e-05,0.088898232033182,0.1149784497048341,0.1614599136721551
2007-09-17,3.2925397944840065e-05,0.0910889690472984,0.1022970572905606,0.1548866307033088
2007-09-18,0.0001294368364264,0.1806047695368336,0.1183284289890839,0.1368807353674273
2007-09-19,3.8374184951795966e-05,0.0983376561031052,0.1143942904625036,0.1286405999477018
2007-09-20,3.576354720586663e-05,0.0949337342354043,0.1161902639844741,0.1251871605281617
2007-09-21,2.0146321131797725e-05,0.0712521783892466,0.1137320223072609,0.1209987745608991
2007-09-24,3.12908895276941e-05,0.088799235137353,0.1133692801153607,0.1194532475557179
2007-09-25,3.3404141164238306e-05,0.0917488069316874,0.0895128249619136,0.1167661272627289
2007-09-26,3.765962981378632e-05,0.0974177946428379,0.0893114340591757,0.1166953635202069
2007-09-27,2.3237395611792184e-05,0.0765233539135055,0.0857042251780222,0.1164161346749507
2007-09-28,2.7273017481011912e-05,0.0829023546421632,0.0877747099645766,0.1159398575650762
2007-10-01,2.209349816030462e-05,0.0746160943523363,0.0850931911756111,0.114052914604688
2007-10-02,1.7274649514741142e-05,0.0659788729648723,0.080174340067845,0.1107326906316402
2007-10-03,2.111673262845438e-05,0.0729480405656691,0.0747941360480467,0.1061445844537647
2007-10-04,1.1531565082399849e-05,0.0539069049451437,0.0707402921148361,0.1046512610825681
2007-10-05,2.5258243850110813e-05,0.0797814354986667,0.0700188855773564,0.1021574585791684
2007-10-08,1.057621683258044e-05,0.0516256393840335,0.0657432381205675,0.0998548187027788
2007-10-09,3.4087116946753667e-05,0.0926820018697369,0.0718993860693613,0.0965461416581886
2007-10-10,2.282079575691263e-05,0.0758342965335736,0.072494182517119,0.0926239525121422
2007-10-11,9.0308047730689e-05,0.1508563158377322,0.0960507221435588,0.094524291218914
2007-10-12,2.692812377084927e-05,0.0823764965888572,0.0964878395048016,0.0927127262444722
2007-10-15,5.844409784741338e-05,0.1213586117980432,0.1082702377177215,0.0946021354992712
2007-10-16,5.094481498194424e-05,0.1133053104468186,0.1121252529826601,0.095780432291617
2007-10-17,7.265331430482926e-05,0.135309405455855,0.1228154358834448,0.0981272461334206
2007-10-18,4.577638516425992e-05,0.1074041389397703,0.1133103503564105,0.0931164002311029
2007-10-19,8.267446514625138e-05,0.1443397561895382,0.1250953680326045,0.0958024194117008
2007-10-22,8.839721203848688e-05,0.1492517920619337,0.1309904120859343,0.0988989295766137
2007-10-23,4.895473596732848e-05,0.1110702186176239,0.1306069985724587,0.1005533966040281
2007-10-24,0.0001737279688151,0.2092353893140574,0.1488366576600801,0.1083629898430145
2007-10-25,0.0001183887979707,0.1727251489755223,0.1606611846989448,0.112765234811292
2007-10-26,5.349866174519676e-05,0.1161105626538325,0.1560178059628301,0.1135668397608218
2007-10-29,2.61828269388992e-05,0.0812285195519566,0.1456226313745089,0.1137152833627906
2007-10-30,2.6990146452733395e-05,0.0824713095936327,0.1417707143838265,0.113701035664714
2007-10-31,0.0001036735885643,0.1616346012405871,0.1287174995572093,0.1177386443142057
2007-11-01,0.0001247547908562,0.1773082268135418,0.1299578421400163,0.1228557061328605
2007-11-02,0.0001895973727823,0.218583022993872,0.154105210067536,0.1304737279311698
2007-11-05,9.217491650802497e-05,0.1524076079466582,0.1645430554117776,0.133966886262123
2007-11-06,6.80530155680897e-05,0.1309555646895488,0.1707160967444408,0.1357840980108831
2007-11-07,0.0001322401948904,0.1825500728906477,0.1748820821196177,0.1408223236545727
2007-11-08,0.0003318864868278,0.2891978469501555,0.2025417984601237,0.1524535445901821
2007-11-09,0.0001892644214046,0.218391012163869,0.2025003688244179,0.1585831622011348
2007-11-12,0.0001532967528624,0.1965471488506633,0.209968902283852,0.1608419296071941
2007-11-13,5.7912863835636185e-05,0.120805801543553,0.2087483563503438,0.1619414784211721
2007-11-14,9.862904807166233e-05,0.1576531639836603,0.2046506156338303,0.1633564898379224
2007-11-15,0.0001241471047478,0.1768758615426242,0.177233771111698,0.1659031094574995
2007-11-16,0.0001223496199216,0.1755907293117811,0.1674494061731201,0.1676099350255746
2007-11-19,0.0001296042826129,0.1807215516158789,0.1638450582933637,0.1704502882982653
2007-11-20,0.0002078832948769,0.2288811707174244,0.1854823788170602,0.1746067324372744
2007-11-21,0.0001689813330378,0.2063572046852874,0.1948062319689203,0.1772302612121393
2007-11-23,7.990301970323131e-05,0.141899827220523,0.1889962066489233,0.1782275624366675
2007-11-26,9.861163456720104e-05,0.1576392460998677,0.1858041217675776,0.1757971573919636
2007-11-27,0.0001637979556977,0.2031676274307016,0.1903852220874686,0.1772703635928222
2007-11-28,7.894153997535752e-05,0.141043497098555,0.1724757036288212,0.1780904781663332
2007-11-29,8.034325664847503e-05,0.1422901988030648,0.1589984568863327,0.1798238068706679
2007-11-30,7.474922818860167e-05,0.1372472422437974,0.15817951257953,0.1813385234583929
2007-12-03,6.237925018275436e-05,0.125377713514221,0.1522978858255149,0.1800295870518602
2007-12-04,4.370914856551177e-05,0.1049509668297961,0.1309281106083002,0.1774325540044774
2007-12-05,5.128737337073035e-05,0.1136856107404277,0.1254926298656064,0.172910476968499
2007-12-06,4.3451636050544666e-05,0.1046413507402176,0.1178518666481375,0.1712890247937067
2007-12-07,3.2915511285641624e-05,0.0910752921707182,0.1085386711754902,0.1701100992734308
2007-12-10,3.2158151200322776e-05,0.0900214091340573,0.1012793155181582,0.1667064832458074
2007-12-11,0.0002121521510819,0.2312192510857147,0.1369197833720628,0.1625409153564525
2007-12-12,0.0002063700804864,0.228046618660687,0.1629821938657176,0.1631425349637423
2007-12-13,0.0001421674726723,0.1892781104972775,0.1775907477404688,0.1627513621097594
2007-12-14,7.064933666332173e-05,0.1334302545870203,0.1828667779615912,0.1631989472255177
2007-12-17,8.289001425163287e-05,0.1445277952208899,0.1897291342410014,0.1626456667028518
2007-12-18,0.0001099114592657,0.1664262230988746,0.1756252075082146,0.1621436093374193
2007-12-19,9.81455098123532e-05,0.1572662343693426,0.1593414420366889,0.1612864004481856
2007-12-20,5.752017093799143e-05,0.1203955276427402,0.145339159014088,0.1587060560779005
2007-12-21,2.786832188219136e-05,0.0838022500551878,0.1377218501108425,0.1520711101594745
2007-12-24,1.6821755560640268e-05,0.0651082360479943,0.1250498610951942,0.1462282590629406
2007-12-26,1.8512866576819e-05,0.0683025795805574,0.1050284660861414,0.1438037115276601
2007-12-27,3.227191689075801e-05,0.0901805026403768,0.0878120128750011,0.1411368702273221
2007-12-28,4.469099349708248e-05,0.1061231848432037,0.0840497415947101,0.1362178403333578
2007-12-31,2.8392715905351506e-05,0.0845870226934875,0.0842068199192014,0.1340756734911313
2008-01-02,0.000107456086841,0.164556780121428,0.107975732539469,0.1352288851094399
2008-01-03,6.157220087365573e-05,0.1245640181599856,0.1175965529511623,0.1346696495488396
2008-01-04,0.0001036280332013,0.161599085290504,0.1320049147874685,0.1364126114757645
2008-01-07,0.0001758569856646,0.210513563428771,0.1550356847093265,0.1418523668340054
2008-01-08,0.0001746262804815,0.2097756484469491,0.1772180441939466,0.1467476919553542
2008-01-09,0.0002185561120227,0.2346830633635934,0.1923685952984147,0.1534295515001622
2008-01-10,0.0002940116260461,0.2721964910935062,0.2207274869285121,0.1628845130393612
2008-01-11,0.0001516562343485,0.1954926368327513,0.226144300886835,0.1670334122659945
2008-01-14,7.065399007100576e-05,0.133434648790685,0.2141004760519654,0.1621091104663393
2008-01-15,8.729731239266809e-05,0.1483203381972693,0.2035623586373499,0.1578462519721631
2008-01-16,0.0002247008986657,0.2379592958128688,0.2043216363991055,0.1608130036446691
2008-01-17,0.0002713406863111,0.2614915925042279,0.201506118364094,0.1678083738318648
2008-01-18,0.0003999992746315,0.3174898694559214,0.2304803787059268,0.1783030924161815
2008-01-22,0.0006105804028135,0.3922579017801961,0.2834316428535268,0.193718682466924
2008-01-23,0.0007549101825175,0.4361620868374623,0.3376109963033502,0.2122495435405261
2008-01-24,0.0002324330150205,0.242018841797836,0.3381876453822975,0.2169179933898721
2008-01-25,0.000224511856671,0.2378591765753257,0.3346800120643023,0.2220492696765056
2008-01-28,0.0001803804644753,0.2132038391956758,0.3177135855507112,0.226228576509731
2008-01-29,6.700016276395875e-05,0.1299386047967177,0.2711926959654191,0.227452783600823
2008-01-30,0.0003766738098654,0.308093817020207,0.2334145778723479,0.2359655396566888
2008-01-31,0.0003083186076174,0.2787405408611829,0.2414684224287104,0.242279735831305
2008-02-01,0.00013546036394,0.1847593345757664,0.2319888010154105,0.2447976340482299
2008-02-04,5.6472384073354064e-05,0.1192939260251133,0.218114274049888,0.2436019016650281
2008-02-05,0.0001671801078632,0.2052544449738577,0.2293968303558517,0.246072300484612
2008-02-06,0.0001435706517312,0.1902098952112176,0.2021744459800688,0.2470002056786866
2008-02-07,0.0003138795887081,0.2812430556554974,0.2028664093789778,0.2501801106915375
2008-02-08,0.0001569752941782,0.1988913626402775,0.2055216108790613,0.249775706906619
2008-02-11,9.962057311726412e-05,0.1584436316976815,0.2107458214677989,0.2470335022302604
2008-02-12,0.0001524565838383,0.196007803740697,0.2089778353205967,0.2437295684952048
2008-02-13,7.751921720047894e-05,0.1397671017604668,0.2008550306936176,0.2419811908518352
2008-02-14,9.505848282350149e-05,0.1547731813704247,0.1712137833772454,0.2425581148871356
2008-02-15,7.10393765140447e-05,0.1337980675553248,0.1580600815135716,0.2421739288860015
2008-02-19,7.516516482329678e-05,0.1376285636612937,0.1541117672017972,0.2386112905369431
2008-02-20,0.0001249900950539,0.1774753615395184,0.1495530867462359,0.2350722622340847
2008-02-21,0.0001176010730559,0.1721495582628279,0.1561609787701152,0.2280881966161789
2008-02-22,0.0001450829613249,0.1912090642565744,0.1640350115277555,0.2160836963611899
2008-02-25,0.000141800641397,0.1890337579165266,0.1745676165759613,0.199171465641378
2008-02-26,0.0001379066945275,0.1864201894134055,0.1834012700449581,0.1964345099288733
2008-02-27,8.530159472776643e-05,0.1466151488468948,0.1778643456054825,0.1923328531942182
2008-02-28,9.387460259760344e-05,0.1538063713069002,0.1744703737789553,0.1897394031055911
2008-02-29,9.065198868348766e-05,0.1511433132766345,0.1664229260211501,0.1904519939668373
2008-03-03,0.0001102587333447,0.1666889342543901,0.1615762301194247,0.1822643640489321
2008-03-04,0.0001936969359377,0.2209335371922977,0.1700550096488761,0.1786263117623788
2008-03-05,0.0001512922653345,0.1952579085832223,0.1795679150217508,0.1791332087804652
2008-03-06,0.0001163958379533,0.1712651487145928,0.1827011394797138,0.18103895275395
2008-03-07,0.0002815862827758,0.2663827007511967,0.2073711522595136,0.184622786093873
2008-03-10,0.0001815759585742,0.2139091899865417,0.2158638064637173,0.1857980265229183
2008-03-11,0.0001378858738857,0.1864061163674529,0.2092469961877216,0.1802913715452394
2008-03-12,0.0001180867981036,0.1725047046376046,0.2052090394333228,0.1790517484073198
2008-03-13,0.0003016636649635,0.2757158747167126,0.2268220631827096,0.1854018349074457
2008-03-14,0.000733994349613,0.4300774071053674,0.2724878252602417,0.2025712002201914
2008-03-17,0.0004063269812586,0.3199912487509107,0.2925355815253073,0.2116634938714281
2008-03-18,0.0001905087090447,0.2191077239151198,0.2970341013256952,0.2142306551190969
2008-03-19,0.0001956292118731,0.222032793505872,0.3035414222216568,0.2175359591540031
2008-03-20,0.0001313423528153,0.1819293074506018,0.2890557054826576,0.2190099944715196
2008-03-24,8.346844374679577e-05,0.1450311960379302,0.2253146582369202,0.2179214675890606
2008-03-25,0.0001038790189313,0.1617946623677295,0.1884763059780307,0.2175605344346029
2008-03-26,8.555068073025331e-05,0.1468290555170325,0.1738776388385698,0.2159876638361226
2008-03-27,0.0001326075265738,0.1828034373216149,0.1644905479016695,0.2157437553621766
2008-03-28,7.965452840265255e-05,0.1416790074692381,0.1563715894866903,0.2141917736353848
2008-03-31,6.636739189662031e-05,0.1293235584027454,0.1535909534619313,0.2136848923206715
2008-04-01,9.801222279117216e-05,0.1571594099739986,0.1526253401630368,0.2137957618024217
2008-04-02,8.30626365272684e-05,0.1446782098481718,0.1522139843511504,0.2135923575070838
2008-04-03,7.697019761215726e-05,0.1392712813119188,0.1427059061580335,0.2126978846621898
2008-04-04,7.062659651078681e-05,0.1334087790241642,0.1411026856053259,0.2093577687660486
2008-04-07,6.35069806600279e-05,0.1265059647855666,0.1405909070982586,0.2069423465827
2008-04-08,5.89559783467788e-05,0.121888910666181,0.1334067780838506,0.2053465055129713
2008-04-09,4.7029233850944014e-05,0.1088639836237765,0.1264171070062395,0.1986968619475278
2008-04-10,7.288563903270805e-05,0.135525573366219,0.1256002515579597,0.1955388573714643
2008-04-11,5.441589615849923e-05,0.1171016901327295,0.1223045538549872,0.1930785697279005
2008-04-14,4.553324449466159e-05,0.107118521333403,0.1185433574306591,0.1909142899587911
2008-04-15,4.885286646711056e-05,0.1109545958926977,0.1163758168701631,0.1831732331092415
2008-04-16,4.885159661408484e-05,0.1109531538386781,0.1167697642177119,0.1603260257120285
2008-04-17,5.463270729843502e-05,0.1173347443820696,0.1127618289850456,0.1472274990395271
2008-04-18,4.446932973728053e-05,0.1058596764296712,0.1105166192408329,0.1414323929126688
2008-04-21,2.7637140362155228e-05,0.0834539356247691,0.1063576959140471,0.1344576102192738
2008-04-22,4.807539262136067e-05,0.1100681558879901,0.1061733243254591,0.130862766918153
2008-04-23,5.886219155303905e-05,0.1217919220283752,0.1085233098612571,0.1297813943955583
2008-04-24,9.99009297530247e-05,0.1586664246076095,0.1185699253392433,0.1296057218179069
2008-04-25,6.646232693402671e-05,0.1294160205978175,0.1231554881183528,0.1287594451359952
2008-04-28,3.499405617533375e-05,0.0939068802387988,0.1246517661754295,0.1243417740667801
2008-04-29,3.8970573173028864e-05,0.0990988619490823,0.1227973123095861,0.1224535036804818
2008-04-30,9.997710235387492e-05,0.1587269031801996,0.1309632445185295,0.124015501126966
2008-05-01,7.269238643716803e-05,0.1353457845009084,0.125618712108113,0.1228406174819791
2008-05-02,7.109885168901912e-05,0.1338540646586155,0.1265454135057948,0.1222815504731428
2008-05-05,4.189368892523158e-05,0.102748282755277,0.1279120133918134,0.1206274932300868
2008-05-06,5.445632007458319e-05,0.1171451777018369,0.1309273264593216,0.1198572857882389
2008-05-07,6.611076433224313e-05,0.1290732838806128,0.1242380834426205,0.1199816407412016
2008-05-08,8.188376813941475e-05,0.1436478665735503,0.1260886474480902,0.1210711424134702
2008-05-09,3.0289521521711475e-05,0.0873668096216823,0.1176501456644082,0.1202766632790068
2008-05-12,3.623530427794875e-05,0.0955578185081842,0.116431843533603,0.1185186179642628
2008-05-13,3.373129370993362e-05,0.0921969956934783,0.1118563045154589,0.117514807940117
2008-05-14,3.6603919320927694e-05,0.0960426346414642,0.1049985136622646,0.1170788141557713
2008-05-15,4.280800856378723e-05,0.1038634592052199,0.0951591802648234,0.1167827368428302
2008-05-16,4.278582525474766e-05,0.1038365444542354,0.0984128207949461,0.1164848787214432
2008-05-19,5.131114445148581e-05,0.1137119536450518,0.1022003211421786,0.1163214510661676
2008-05-20,5.270279344229142e-05,0.1152436720495205,0.106775789522135,0.1167261348730275
2008-05-21,8.89462361100038e-05,0.1497145667586189,0.1184868009283933,0.1196965262086458
2008-05-22,3.864973899230073e-05,0.0986900918332726,0.1175990867644889,0.1192446720339494
2008-05-23,6.481024029281753e-05,0.1277974199809605,0.1222275571455165,0.1195300129805891
2008-05-27,4.7495973837547486e-05,0.1094028583130348,0.1214384252484279,0.1169920897050844
2008-05-28,4.659555956020748e-05,0.1083608832059442,0.1201644146124841,0.1160154483835848
2008-05-29,4.840672841559037e-05,0.110446799685318,0.1113386516505501,0.1166757058152517
2008-05-30,2.8458592819754374e-05,0.0846850954452913,0.1090076216797074,0.11615855702751
2008-06-02,4.5379125024969104e-05,0.1069370819982115,0.1044190278386399,0.1134346303281017
2008-06-03,9.360615004703924e-05,0.1535862943489876,0.1150099398127181,0.1144856891212521
2008-06-04,9.865706035458808e-05,0.1576755504488765,0.1259014928257875,0.1158561166593011
2008-06-05,5.5976258281850816e-05,0.1187687546748992,0.1274075751320201,0.1165502003352452
2008-06-06,0.0001254298609002,0.1777873025467522,0.1453273618843878,0.1199871611783646
2008-06-09,0.0001220105764347,0.1753472704707558,0.1580577972240732,0.1226263666030719
2008-06-10,9.482153821459266e-05,0.1545801657072386,0.1582514544229245,0.1232291445303325
2008-06-11,8.075851767011843e-05,0.1426574444355072,0.1553751469047533,0.1255528632572941
2008-06-12,8.910793656342765e-05,0.1498505923044142,0.1606588710935849,0.1279419924884721
2008-06-13,0.0001284853842565,0.1799397588990215,0.1611374296624551,0.1321155497248149
2008-06-16,6.0329902045204216e-05,0.1233009947867066,0.1511838789322197,0.1331401097590768
2008-06-17,6.320758598884398e-05,0.1262074152702157,0.1458191415994976,0.1340147630432104
2008-06-18,8.719556933997841e-05,0.1482338809910695,0.146927361172027,0.1358994118669277
2008-06-19,0.000104251624927,0.1620845750884519,0.1495021449829377,0.1381124877980594
2008-06-20,8.061287250136333e-05,0.1425287475225386,0.1412023964458126,0.1392650586291881
2008-06-23,5.424985152608159e-05,0.1169228916191032,0.1401131050825605,0.1378307848075541
2008-06-24,9.013980024380876e-05,0.1507157246654767,0.1448760360250338,0.139953994182835
2008-06-25,0.0001012480361635,0.159732605041056,0.147300068371445,0.1414372612743657
2008-06-26,9.348184398950996e-05,0.1534842815579384,0.1454459115375296,0.1432872852583775
2008-06-27,0.0001204616418603,0.1742306911792397,0.1521935976270792,0.1462099466998442
2008-06-30,7.524190473543748e-05,0.1376988017134871,0.1556306224379534,0.1472573708203012
2008-07-01,0.0001944721863459,0.2213752266157322,0.1716952034856251,0.1535784604494568
2008-07-02,0.000106497935017,0.1638214870652931,0.1724640188624474,0.1558410462657602
2008-07-03,0.0002510760686667,0.2515376101182652,0.1941303343785226,0.1615245431560148
2008-07-07,0.0002285488703176,0.2399881566245201,0.2076877055585258,0.1660663412108359
2008-07-08,0.000172664172251,0.208593795227116,0.219190021038708,0.1700430436616256
2008-07-09,0.0001306906789213,0.1814774120604754,0.2117301994254703,0.170220142688403
2008-07-10,0.0003246904514117,0.2860454400191487,0.2362764909487237,0.17690817623136
2008-07-11,0.0003771784869785,0.3083001438834922,0.2493634737846684,0.1858245767424989
2008-07-14,0.0001886447320816,0.2180331912451936,0.2452977241860646,0.1891204929890571
2008-07-15,0.0002627590781753,0.2573233135574303,0.2543850560654995,0.1943081464150459
2008-07-16,0.0001989335349223,0.2239000911130221,0.261057841659464,0.1963736420888531
2008-07-17,0.0001376061370653,0.186216934086177,0.2423265302207729,0.1986146305130486
2008-07-18,9.490110771019984e-05,0.1546450100810574,0.210939250339326,0.1995264552359077
2008-07-21,5.914983162139831e-05,0.1220891377993651,0.1948559066349355,0.1987197905632526
2008-07-22,0.0001100372588295,0.1665214377341067,0.1739874841920946,0.1988864675336724
2008-07-23,0.0001388463860228,0.1870542415390402,0.1650553008871862,0.2005563895657071
2008-07-24,7.962236856294914e-05,0.1416504037334987,0.1559515002122169,0.2012796463761965
2008-07-25,0.0001172590936899,0.1718990739063326,0.1595233929924322,0.2020498335183678
2008-07-28,7.899166565607828e-05,0.1410882693399126,0.1626276155736345,0.2014179699460047
2008-07-29,8.547465610872903e-05,0.146763801188848,0.1587758992102989,0.201190158605301
2008-07-30,9.450529289528648e-05,0.1543221753657334,0.1515750476708231,0.2004498983301622
2008-07-31,9.839604190334792e-05,0.1574668300298309,0.1546647607335569,0.2011103723262999
2008-08-01,0.0001082843203356,0.1651897355303022,0.1531954948283783,0.1986407285235778
2008-08-04,6.531953288830586e-05,0.1282985669750565,0.1509297324724852,0.1974498902239478
2008-08-05,5.1046246736013286e-05,0.1134180504923063,0.1450675439642895,0.191559934385767
2008-08-06,4.895653647643451e-05,0.1110722611278869,0.1369267504482632,0.1861130299323716
2008-08-07,8.549995599728638e-05,0.1467855201009832,0.1345324208458892,0.1834111049896375
2008-08-08,9.17926625468884e-05,0.1520912586633955,0.1314069735824715,0.1821924102065382
2008-08-11,5.524406076406663e-05,0.1179894203415916,0.129460375833854,0.173515671936661
2008-08-12,6.344435109842571e-05,0.1264435703260679,0.1318516339334038,0.162831220862432
2008-08-13,0.0001061168035425,0.1635280847215853,0.1423577564835791,0.1599021156171159
2008-08-14,8.168216778970789e-05,0.1434709248698369,0.141680324341018,0.1532792643446892
2008-08-15,5.314139774655286e-05,0.1157222201313616,0.1346301992847041,0.1477313447304064
2008-08-18,8.808882108413267e-05,0.1489912175707059,0.1406437573430491,0.1457990118936367
2008-08-19,6.1025502565321e-05,0.1240097844787293,0.1402096876592413,0.1444621826300176
2008-08-20,9.629629778908187e-05,0.1557776204814049,0.1384333883986436,0.1459274412008311
2008-08-21,6.37338579153981e-05,0.1267317331795013,0.1351266376621001,0.1440986942513755
2008-08-22,4.040880487760054e-05,0.1009109450414341,0.1327308763071702,0.1401316378884091
2008-08-25,5.97039410437986e-05,0.1226596638795217,0.1272276997011125,0.1393151800913563
2008-08-26,8.066982641261152e-05,0.1425790877231934,0.1310609075702588,0.1378027792851466
2008-08-27,6.860210850475576e-05,0.1314828176728748,0.1256231441781723,0.1373702963674039
2008-08-28,5.259748651765616e-05,0.1151284786768649,0.1233689638230122,0.1359926663117193
2008-08-29,5.243664604513243e-05,0.114952315345857,0.1258018458910969,0.1342092696612806
2008-09-02,8.318556339750885e-05,0.1447852270646844,0.1304207736376161,0.1335585974229433
2008-09-03,0.0001294487247426,0.1806130633014544,0.1395278992605626,0.13446310861304
2008-09-04,9.86645165395867e-05,0.1576815086431375,0.1448557214507635,0.1358759699461125
2008-09-05,0.0001788360646288,0.2122891619618335,0.1653650639458735,0.1411596737261668
2008-09-08,0.0003169606562989,0.2826200371299296,0.2016869219622649,0.151644053160649
2008-09-09,0.0001978453152963,0.2232868546392008,0.215537620814353,0.1558293421781904
2008-09-10,0.000171767168272,0.208051259079449,0.2204298426715257,0.1587414737701545
2008-09-11,0.0002659946014863,0.2589027608476734,0.2387943714192357,0.1661713186533509
2008-09-12,0.0002348894700942,0.2432943617590395,0.2446381888768883,0.171978873852257
2008-09-15,0.0008149953781652,0.4531874174087696,0.2914597629845766,0.1941561611339173
2008-09-16,0.0010020779915387,0.5025173169829596,0.3542345555160345,0.2196345389631746
2008-09-17,0.0007131482137849,0.4239261136964728,0.3908551202370166,0.236218984800518
2008-09-18,0.001237355949703,0.5584028109932434,0.4491373252866147,0.2626094844905018
2008-09-19,0.0004089366964143,0.3210172074771126,0.4587987763411618,0.2700905513498305
2008-09-22,0.0002041361722567,0.2268089844091022,0.4239209987655236,0.2723676975567353
2008-09-23,0.0004640801661359,0.3419769025332658,0.3906327211000864,0.2806598433289459
2008-09-24,0.0002768990750767,0.2641563304547676,0.3613958580326629,0.2854449792989565
2008-09-25,0.0002365207336756,0.2441377170497242,0.283134016528187,0.2889709192900034
2008-09-26,0.0002522950126473,0.2521474631780371,0.2688310444378158,0.2923526649308668
2008-09-29,0.0021187279235768,0.7306979107273768,0.4108108502949501,0.3300808083310199
2008-09-30,0.0002933639163073,0.2718965003626188,0.400201768772576,0.334232269600668
2008-10-01,0.0003111541304868,0.280019358049892,0.4023529675811619,0.3386365326243409
2008-10-02,0.0003380890645764,0.2918877254583563,0.408664843605084,0.3429205519775867
2008-10-03,0.0006773914987953,0.4131617815050366,0.4340873383325376,0.3519530371803731
2008-10-06,0.0015042488178792,0.6156871787730831,0.3968149069446207,0.3741273441628923
2008-10-07,0.0012066565710537,0.5514321861349157,0.4511008979958769,0.3895439466354691
2008-10-08,0.0021345490786901,0.733421003128425,0.5434989655575555,0.4154083961143211
2008-10-09,0.0019837441154852,0.7070385541837662,0.61508709962731,0.4393413189608446
2008-10-10,0.0073332418445771,1.3594031575781442,0.8448591584136015,0.524454222737855
2008-10-13,0.0006680609411212,0.410306418622159,0.8195383630842036,0.5288267380821986
2008-10-14,0.0018467625701945,0.6821907121099011,0.8389901494793799,0.5460045719613676
2008-10-15,0.0011647002904822,0.5417605312326789,0.8093355867609888,0.5496605347089504
2008-10-16,0.0038526460676076,0.985325737529024,0.865573076282253,0.5786006092419335
2008-10-17,0.0016382946967705,0.6425342509050906,0.6798466107404451,0.5876868191959115
2008-10-20,0.0008753058470593,0.469656335482599,0.6874856779559488,0.5841478221298552
2008-10-21,0.0005524764203112,0.3731274017254997,0.638282488746505,0.5855534650149061
2008-10-22,0.0010767495561021,0.5209039144964541,0.6348006131279925,0.5940271458952568
2008-10-23,0.0030065510319326,0.8704314217943968,0.6002737947217547,0.6180542841527681
2008-10-24,0.0020921162166829,0.7260945438467988,0.6190324977198209,0.6346523342886158
2008-10-27,0.0013918570881962,0.5922398046614584,0.6397151051730293,0.6449941381176529
2008-10-28,0.0016635275586382,0.6474634698396708,0.6820794624955517,0.6574058605999192
2008-10-29,0.0021922376273135,0.7432656874113065,0.7221170209510889,0.6580459602443607
2008-10-30,0.001152707098336,0.5389639958111042,0.6542318073083933,0.6654831863642569
2008-10-31,0.0008275051561164,0.4566522739911987,0.6035584977791756,0.6699122611410391
2008-11-03,0.0002469650555242,0.2494698258148636,0.5536969403877777,0.6691327622553023
2008-11-04,0.0002557157122581,0.2538510576874581,0.48541382833334,0.6655137482121908
2008-11-05,0.0005330538504238,0.3665099866399244,0.3898765476173045,0.6571026952916079
2008-11-06,0.0008891411019704,0.4733535229577792,0.372451333955407,0.6543293947136715
2008-11-07,0.0007556125465589,0.4363649409987503,0.3675549056174657,0.6421462961040338
2008-11-10,0.0005562861757117,0.3744116935665183,0.3881834528942651,0.629286090537954
2008-11-11,0.0009996004717997,0.5018957251197946,0.433795095617517,0.5687284068404476
2008-11-12,0.0005920710130842,0.3862666116780201,0.4372100753412424,0.5679626490029835
2008-11-13,0.0024352012003316,0.7833713694561241,0.5187235091426833,0.5738657227075008
2008-11-14,0.0017609540146755,0.6661534445593043,0.5654584767517206,0.5797858941754415
2008-11-17,0.0010623302165923,0.5174043047571789,0.587578002133128,0.5515341180170298
2008-11-18,0.0011481434525266,0.5378960401757046,0.5939145349453859,0.5464205556437542
2008-11-19,0.0011360853570011,0.5350640241730676,0.6165653231838504,0.5491470972155562
2008-11-20,0.0028665364303526,0.8499218672612532,0.6339495984270865,0.5727731138503593
2008-11-21,0.0027138423906379,0.8269753820040538,0.6707590234162856,0.5889152691485743
2008-11-24,0.0011324750413943,0.5342131694664253,0.673389164350296,0.5703985498030693
2008-11-25,0.0011027760057239,0.5271617905751733,0.6716892490918207,0.560376715434363
2008-11-26,0.00053924841439,0.368633422828533,0.6489112924259636,0.5515938890088904
2008-11-28,0.0002679331895804,0.2598444992187843,0.5386244165492459,0.5369077381221766
2008-12-01,0.0004952018251947,0.353257498079042,0.4222520309065171,0.5184892916175907
2008-12-02,0.001062504494714,0.5174467437987488,0.4180553337202997,0.5174919474724264
2008-12-03,0.0011072711984918,0.5282351200175294,0.4183262121448921,0.5205790127807995
2008-12-04,0.0010278969207517,0.5089499229093452,0.4467938053376781,0.5291008675999155
2008-12-05,0.001067503040498,0.5186624781160635,0.4898193799497627,0.537816309668767
2008-12-08,0.000439662023316,0.3328585733846013,0.4869536106855391,0.5368208472265601
2008-12-09,0.0005674099449308,0.3781366236197727,0.4606202922696852,0.5333772940935789
2008-12-10,0.0004679477620857,0.3433989459005319,0.424204140073789,0.5302794249310149
2008-12-11,0.0004061670743506,0.3199282774878632,0.3855048225342031,0.5286555801606861
2008-12-12,0.000762531009575,0.4383580892522687,0.36502517425324,0.5260809818878593
2008-12-15,0.0004472546080134,0.33572036163953,0.3655489626675983,0.5245020432845299
2008-12-16,0.0005074459671954,0.3575980756844767,0.3613915599865235,0.5030117627515786
2008-12-17,0.0004614869236855,0.3410200943767771,0.36094076158578,0.4879918325197867
2008-12-18,0.0003526785738187,0.2981191047254644,0.3571868039938138,0.4795907542968029
2008-12-19,0.0002652034447651,0.2585174425078609,0.3201829222193091,0.4689281556426694
2008-12-22,0.0002905850692734,0.2706056862981574,0.3076051997746465,0.4584853254759932
2008-12-23,0.000212812282056,0.2315787016936402,0.2824383493744686,0.4240419670225331
2008-12-24,7.374204874146301e-05,0.1363194640645593,0.2454161353705069,0.3867433779982862
2008-12-26,3.547518905357904e-05,0.0945502387173185,0.2103378922306508,0.3701416023000642
2008-12-29,0.000133261438934,0.1832536019055778,0.1938869562764484,0.3548231349265716
2008-12-30,0.0001532023136024,0.1964865975780658,0.1751229880065065,0.348536188178643
2008-12-31,0.0001376125724003,0.1862212883772303,0.1639450992304428,0.3463880930934904
2009-01-02,0.0001561630588073,0.1983761347023366,0.1761590601388357,0.3407362265396902
2009-01-05,0.0002179385590276,0.234351268131741,0.2005696096513342,0.3262316005184453
2009-01-06,0.0002410023340181,0.2464398266769419,0.2136780508801202,0.3106514784977773
2009-01-07,0.0001867018587876,0.2169075111988407,0.2175929376272615,0.2947351930452963
2009-01-08,0.0002353608584987,0.2435383672887547,0.2286333311759698,0.2780953497832937
2009-01-09,0.0002837123389581,0.2673864420972784,0.2422843037512356,0.2748648591999218
2009-01-12,0.0001939106849508,0.2210554061940164,0.2397721397300993,0.2669689618145017
2009-01-13,0.0003170187678577,0.2826459437178259,0.2476326053981303,0.2637112124038707
2009-01-14,0.0003516278340005,0.2976746784127363,0.263882883884113,0.2625240585924894
2009-01-15,0.0005818921374776,0.3829318720665011,0.29512599490308,0.2585531766746936
2009-01-16,0.0005371286347774,0.3679081624045663,0.3160245784378575,0.260536391495174
2009-01-20,0.0005971221844853,0.387910802234606,0.3466891889767611,0.2625003078102298
2009-01-21,0.0004770279871353,0.3467146561051257,0.3581310631667622,0.2628391664462569
2009-01-22,0.0007682393537064,0.4399958149051111,0.3863354487982338,0.2717434217428513
2009-01-23,0.0008315145213215,0.4577572057029992,0.4022885123190386,0.2834278095535811
2009-01-26,0.0004916938158816,0.3520040363435669,0.3994322624319635,0.2874629237096
2009-01-27,0.0004063431914731,0.3199976316337688,0.3872090792113508,0.291293221868359
2009-01-28,0.0002554425888542,0.2537154555624438,0.3725090159316075,0.2948440913470809
2009-01-29,0.0002142109188746,0.2323384418394838,0.3329263189277951,0.2982957839860832
2009-01-30,0.0003542859804387,0.2987977025858003,0.2945973784240431,0.3025096864583144
2009-02-02,0.0002687395580732,0.2602352178980516,0.2748649136953923,0.3046892466425282
2009-02-03,0.0002815484866692,0.2663648224534133,0.263174975365552,0.3073829167213528
2009-02-04,0.0002811012385478,0.2661531741573743,0.2656205255683686,0.3097020625552432
2009-02-05,0.0004055759891782,0.3196954007690858,0.2831943910929695,0.3131527886249873
2009-02-06,0.0002000791505451,0.224543861945423,0.2691227209283534,0.3124034451768574
2009-02-09,0.00023609970824,0.2439203281329377,0.2660488498157567,0.3133077440317731
2009-02-10,0.0005620043824374,0.3763311100270941,0.2914051606183466,0.3192229558829813
2009-02-11,0.0003113313181471,0.2800990756376557,0.2940077612016544,0.319718092098643
2009-02-12,0.0004137358325086,0.3228953852134886,0.2947063279786527,0.3236319754906016
2009-02-13,0.0003163149225941,0.2823320040195819,0.304483337248413,0.3236195193933526
2009-02-17,0.0004372215008496,0.3319334544966795,0.320697117245314,0.3251307888833795
2009-02-18,0.0004686234667913,0.3436467861502674,0.3132734314634601,0.3231293684315565
2009-02-19,0.0002631391382645,0.2575093451559652,0.3093725213958217,0.318236018704831
2009-02-20,0.0006378494325389,0.400921509774423,0.3271187589184322,0.3189681421633985
2009-02-23,0.0003831577921316,0.3107342330950409,0.3322281792097493,0.3172781670705898
2009-02-24,0.0004853033814755,0.3497090964384913,0.3358554597510225,0.3121290315639163
2009-02-25,0.0006533403637473,0.405760732038377,0.3494404404918713,0.308842400518888
2009-02-26,0.0003974578873605,0.3164796796238994,0.358996220600707,0.3070898868923771
2009-02-27,0.0006962627763195,0.4188773324405535,0.3630734346273956,0.3124501491348004
2009-03-02,0.0004499561651786,0.3367327629218862,0.3676805093198475,0.3159955067653543
2009-03-03,0.000579626848416,0.3821857739383191,0.3740893739034881,0.322550513362853
2009-03-04,0.0003748251727208,0.3073368567641076,0.3548319236480395,0.3229150055080051
2009-03-05,0.0005259232493671,0.3640503520675529,0.3638411030723449,0.3274446870302353
2009-03-06,0.0008476515908305,0.462177672426185,0.3741795618900839,0.3372009442497212
2009-03-09,0.0006391046437069,0.4013157986101952,0.3867084533005213,0.3432276840235656
2009-03-10,0.00042466797172,0.3271335031350962,0.3764750994004823,0.3435461148987469
2009-03-11,0.0004607079854709,0.3407321709769519,0.3821805780402872,0.3478639358979971
2009-03-12,0.0003244048521573,0.285919608882706,0.3686535867339882,0.3493147766461028
2009-03-13,0.0003403715393361,0.2928713504470814,0.3321724738995036,0.3456618430023666
2009-03-16,0.0002725505973697,0.2620739409730857,0.303091122405658,0.3450186867097027
2009-03-17,0.0002990754627185,0.2745305385654973,0.2924625891074719,0.3431100577967546
2009-03-18,0.0007169894282032,0.4250662723707991,0.3137689448322664,0.3497342649759518
2009-03-19,0.0003900119923878,0.3135012313878936,0.3189945933848583,0.3489603023808106
2009-03-20,0.0003139465328042,0.2812730457520919,0.3169001897752087,0.3464123823805694
2009-03-23,0.0002650121964978,0.2584242123281903,0.3163001657850017,0.3464433484673276
2009-03-24,0.0002813315445843,0.2662621813837699,0.3148833139460645,0.3404985217946176
2009-03-25,0.0004766968937099,0.3465943121502354,0.2950267066948237,0.342068255228581
2009-03-26,0.0004061135557131,0.3199071991057738,0.2963988469187906,0.3407397948235467
2009-03-27,0.0002541939720302,0.2530946086972427,0.2912743507275899,0.3339634220830949
2009-03-30,0.0002623116268366,0.2571041228040173,0.2910406134560168,0.3316376460917375
2009-03-31,0.0002717970902308,0.2617114188150024,0.2902138904005771,0.3242244081035089
2009-04-01,0.000334685050076,0.2904145874765109,0.2776089070298171,0.3221817632680842
2009-04-02,0.00024658559492,0.2492780975533951,0.2627289402374953,0.316206028415214
2009-04-03,0.0002197262091109,0.235310443236051,0.2594018519347629,0.3133842119148644
2009-04-06,0.0002310778377328,0.2413122771610794,0.2563496397819844,0.3079486062768776
2009-04-07,0.0001973888474096,0.2230291226437014,0.2489276247791005,0.2956076452934856
2009-04-08,0.0002171440078283,0.2339236840782301,0.2367295795815989,0.2873160501473228
2009-04-09,0.0001355285907247,0.1848058572194734,0.2245965735211414,0.2814934324099749
2009-04-13,0.0001383979160268,0.1867519071890662,0.2152781337386564,0.2748574851610266
2009-04-14,0.0001951001243319,0.2217323416455948,0.2110246386339601,0.2721497938023843
2009-04-15,0.0001793089473883,0.2125696468027634,0.2088544257360134,0.268738928118327
2009-04-16,0.0001636872066006,0.2030989317139585,0.2023016271996937,0.2664087664253687
2009-04-17,0.0001410266238255,0.1885171323886134,0.2029853424164518,0.2629890743341797
2009-04-20,0.0001392804525058,0.1873464011702963,0.2030948770266394,0.2500917021764695
2009-04-21,0.0002238370627109,0.2375014522127113,0.2066297915809029,0.2462567790176222
2009-04-22,0.000299094984937,0.2745394984407963,0.2207557180714055,0.2459111292357847
2009-04-23,0.000237489046796,0.2446369550836341,0.2290255440056197,0.2452692771480098
2009-04-24,0.0002390464463652,0.2454377812889254,0.2395681507694019,0.2442798840123899
2009-04-27,0.0002194237689102,0.2351484419794662,0.2478550423329182,0.2381716083643379
2009-04-28,0.0001327070058862,0.1828719920691039,0.2384096624423762,0.2315037089946787
2009-04-29,0.0001739100028878,0.2093449801827729,0.2247884428759808,0.2295089342585162
2009-04-30,0.0002141515855785,0.2323062624334135,0.2221567824876074,0.2283039630028271
2009-05-01,0.0001726510297372,0.2085858564087565,0.2144931397672077,0.2258030700992198
2009-05-04,0.0001700045866233,0.206981051859999,0.2086062803942756,0.2215867473747891
2009-05-05,0.0001386529512422,0.186923898185958,0.2093233285276095,0.2187792660173765
2009-05-06,0.000216560705555,0.2336092844898507,0.2143964815016898,0.2186963827655465
2009-05-07,0.0002514997205682,0.2517497360141345,0.218742307941983,0.2192305435379384
2009-05-08,0.0001927379509919,0.2203859424962463,0.221044289939872,0.2191090078374666
2009-05-11,0.0001420412546037,0.1891940700976973,0.2178330236241382,0.2171370291197388
2009-05-12,0.00018478308944,0.2157900334558572,0.223105771208195,0.218432317456281
2009-05-13,0.0001499383731718,0.1943822780998658,0.2154493434529105,0.2187346977510774
2009-05-14,0.0001613091622204,0.2016182255639127,0.2046284815307025,0.2178481303311924
2009-05-15,0.0001467842356653,0.1923268764048737,0.1988887834974623,0.2169913641138031
2009-05-18,0.0001055161574606,0.1630646242447184,0.1942057756738666,0.2154505260459031
2009-05-19,0.0001169107488584,0.1716435513275019,0.1851894093618087,0.214808502595846
2009-05-20,0.0001528797874934,0.1962796638685139,0.1855892362762027,0.2151707856290826
2009-05-21,0.0001396291289164,0.1875807572405357,0.1826217154203261,0.2129175976356914
2009-05-22,0.0001310442851391,0.1817227554684696,0.1804366853955761,0.2083481677468054
2009-05-26,0.0001899740296068,0.2188000353311525,0.1918699408263592,0.2070379097636077
2009-05-27,0.0002518028077427,0.2519013845757112,0.2088363808355223,0.2073904877291072
2009-05-28,0.0002868602193214,0.2688657197728873,0.2244220303905356,0.2092445179378548
2009-05-29,0.0002238986483375,0.2375341225614753,0.2336930283586439,0.2117258300268966
2009-06-01,8.08650893220284e-05,0.1427515411796004,0.2282178784281668,0.2091937855406439
2009-06-02,0.0001253833372152,0.1777543275935368,0.2209706522091042,0.2067492200058494
2009-06-03,9.491797315941191e-05,0.1546587509201202,0.2022894793970244,0.204584562328481
2009-06-04,7.372476907244745e-05,0.1363034915409607,0.1737210602724148,0.2018712500497397
2009-06-05,0.0001762097331607,0.2107245898240079,0.1666597895632334,0.202933973159391
2009-06-08,0.0001563921708875,0.1985216035187354,0.1777133938907279,0.201228711288857
2009-06-09,8.789824764025253e-05,0.1488299647428018,0.1723159941896969,0.1965172097778981
2009-06-10,0.0001310521909596,0.1817282369963985,0.1775217350937995,0.1947111486194415
2009-06-11,0.0001179300379524,0.1723901666685336,0.1836897165936699,0.1940006401267932
2009-06-12,7.023204562677131e-05,0.1330356174035599,0.1685248840099074,0.1905888722653588
2009-06-15,9.14878231017369e-05,0.1518385044105667,0.1585227346538984,0.1888242403632556
2009-06-16,0.0001074980089226,0.1645888764421678,0.1616084322391025,0.1871849658689217
2009-06-17,0.0001367303737462,0.1856234203543356,0.162491432953326,0.1868770960524679
2009-06-18,0.0001019824166861,0.1603108511763854,0.1599990802204929,0.1867687651473801
2009-06-19,6.755831761682723e-05,0.1304787187224049,0.1595774099918361,0.1852491888449942
2009-06-22,0.0001023532876415,0.1606020811996469,0.1612841256680477,0.1836804395642487
2009-06-23,0.0001151970677859,0.1703809293379009,0.1624826198681475,0.182917046017445
2009-06-24,0.0001435432960206,0.1901917732111228,0.1635358463513326,0.1833079818557476
2009-06-25,0.0001465391137918,0.1921662214738417,0.1702634152599259,0.1819458408277304
2009-06-26,7.052797357560806e-05,0.1333156005164183,0.1707023761881964,0.1761472911139359
2009-06-29,6.15745159501047e-05,0.1245663599027698,0.1645723279991208,0.1686633417113865
2009-06-30,9.216603682319906e-05,0.1524002666646163,0.1610071028946551,0.1641291736737116
2009-07-01,6.057446991424909e-05,0.1235506633668584,0.147450528472332,0.1634196005028408
2009-07-02,7.855304748277881e-05,0.1406960126146447,0.135333516191649,0.1617700409412032
2009-07-06,0.0001090841526961,0.165798692634825,0.1423319782496825,0.1622708023445339
2009-07-07,8.132426856518883e-05,0.1431562631477491,0.145786760593232,0.1625388018471595
2009-07-08,0.000157785659215,0.1994040774963741,0.1567195218625143,0.1618883032014397
2009-07-09,0.0001306434524085,0.1814446196693139,0.1676081300251433,0.1609747894771951
2009-07-10,0.000118314774395,0.1726711416176426,0.1734833602594246,0.1620533564462919
2009-07-13,0.0001094261052499,0.1660583587868277,0.1735330247982004,0.1612872386574439
2009-07-14,6.160962659519978e-05,0.1246018695766253,0.1706461037947406,0.1592747583323658
2009-07-15,4.507955651560419e-05,0.1065835270664855,0.1531003107909185,0.1583677312839162
2009-07-16,7.685582132514644e-05,0.1391677655706841,0.1439750275487899,0.1578376868259724
2009-07-17,6.418375551547426e-05,0.1271782465278536,0.1341663341011698,0.1562580887445259
2009-07-20,7.149039726245327e-05,0.1342221297332829,0.1268410246078901,0.153848288979779
2009-07-21,8.743196568600296e-05,0.1484346837934879,0.1318714958349827,0.1533056659737037
2009-07-22,8.746934596626819e-05,0.1484664109605253,0.1397373851267775,0.1540477166299983
2009-07-23,8.106813514119606e-05,0.142930647712733,0.1404949729292769,0.1532543221318557
2009-07-24,8.272249704563954e-05,0.1443816790853367,0.1437817442915427,0.1520358701275242
2009-07-27,7.474646456918502e-05,0.1372447050761326,0.1443512929757744,0.1494217834602588
2009-07-28,0.0001005475812231,0.159179114422154,0.1466230636934297,0.147648424550051
2009-07-29,9.867965313553517e-05,0.1576936035169304,0.1485372757531879,0.1487364177505062
2009-07-30,9.849577971329588e-05,0.1575466168718026,0.1514650968857592,0.1501513844733635
2009-07-31,0.000123125701203,0.1761467476371789,0.1580442882996516,0.1513276813480062
2009-08-03,9.07568118522767e-05,0.1512306734322562,0.1605768307297514,0.1524657081110946
2009-08-04,5.949919370518147e-05,0.122449160118417,0.1540002592085745,0.1517482748357876
2009-08-05,9.831397744246016e-05,0.1574011509344832,0.1539404098389281,0.1513412417473885
2009-08-06,9.63868403535081e-05,0.1558508382046244,0.1535947890966482,0.1519101917807135
2009-08-07,7.599922865503227e-05,0.1383900488513106,0.1456577667727549,0.1487947579064497
2009-08-10,4.0136949854102175e-05,0.1005709270278133,0.1366197056669288,0.1452692986594129
2009-08-11,5.051687534630991e-05,0.1128284210084945,0.1349527144270583,0.142571298011282
2009-08-12,0.0001091640734281,0.1658594178932303,0.1369637907218816,0.1425607714667974
2009-08-13,8.723988611953988e-05,0.1482715458276605,0.1352703717578812,0.1435867561230554
2009-08-14,9.801788411582088e-05,0.1571639487833862,0.1393119295349079,0.1456830155293543
2009-08-17,5.716414787000427e-05,0.1200223531815681,0.1423586474041553,0.1449068039984945
2009-08-18,4.008531313690616e-05,0.1005062132930116,0.1404999421899762,0.143951190135577
2009-08-19,9.256877226063024e-05,0.1527328733759658,0.1374912018150477,0.1447873901483607
2009-08-20,3.0181052958890963e-05,0.0872102364727932,0.1266019959765622,0.142504754881466
2009-08-21,6.664435647847194e-05,0.129593124171674,0.1201950065199344,0.1416653252392706
2009-08-24,5.737593890252933e-05,0.120244486790195,0.1202394022788135,0.1407042324751267
2009-08-25,8.749901457723869e-05,0.1484915878878805,0.1297966271247412,0.1408985233194253
2009-08-26,7.694782176006021e-05,0.1392510362027341,0.1267275365014659,0.1409879761525755
2009-08-27,7.708034322369476e-05,0.1393708954278872,0.1357335357863947,0.1400314353109414
2009-08-28,8.117399914540932e-05,0.1430239412988019,0.1384047930076489,0.1393136158668668
2009-08-31,3.9949183819868425e-05,0.1003354091166565,0.1351945940906072,0.1368855687135454
2009-09-01,0.0001584046280094,0.1997948103889808,0.1478215856642898,0.1383537603129104
2009-09-02,9.183418992348056e-05,0.152125658127474,0.1503379331497588,0.1383983521173955
2009-09-03,5.823773585428344e-05,0.1211441679788153,0.1471455970538127,0.1383461399624814
2009-09-04,5.338309052085992e-05,0.1159850801235085,0.1423065878223693,0.1364734097029966
2009-09-08,4.315328770293534e-05,0.1042814868571584,0.1428728517716095,0.134220808399514
2009-09-09,5.4893257982419794e-05,0.1176142041233531,0.1232707537252551,0.1333171635873915
2009-09-10,4.997987506424794e-05,0.1122271291452761,0.1143950228597694,0.1337393447763694
2009-09-11,4.249615838153739e-05,0.1034844525141212,0.110873106524805,0.1333954222384021
2009-09-14,4.701683522746383e-05,0.1088496324170223,0.1094165731672931,0.1306999246721969
2009-09-15,6.51592723086649e-05,0.1281410809295112,0.1143725845987681,0.1297287435950761
2009-09-16,5.043581566405512e-05,0.1127378620843143,0.1133862117497396,0.1276107987156846
2009-09-17,8.232121132134104e-05,0.1440310565571812,0.1203596126710048,0.128734916303469
2009-09-18,4.199969876765148e-05,0.102878200263458,0.1202556227283133,0.1288200570287332
2009-09-21,6.106392010620625e-05,0.1240488124359277,0.1231640689310931,0.1274116687428765
2009-09-22,4.272951950531724e-05,0.1037681979960139,0.1184859837042944,0.1279744908655056
2009-09-23,9.535590163563696e-05,0.1550151193018942,0.1276828127327326,0.1292530386929389
2009-09-24,0.0001029780549569,0.1610914952725276,0.1316966422752464,0.1312581407857303
2009-09-25,0.0001010370134046,0.1595660596052907,0.1425464353965978,0.1318475299179253
2009-09-28,5.704585227492744e-05,0.119898101625012,0.1418343245677152,0.1309801631215802
2009-09-29,6.2989541884104e-05,0.1259895414500513,0.1453894107336254,0.1303625690408119
2009-09-30,0.0001664569396764,0.204810031000566,0.1572309545564272,0.1340569905888163
2009-10-01,0.0001184734171816,0.1727868661957939,0.1596951449695643,0.1373707979377541
2009-10-02,9.364476984584734e-05,0.1536179742125039,0.1585243522348823,0.1346437573268473
2009-10-05,7.332267432772699e-05,0.1359312838554363,0.1610910366313102,0.1338540264253073
2009-10-06,7.318572664034503e-05,0.1358042823822833,0.1626782400773523,0.1344920920730283
2009-10-07,5.355455508121573e-05,0.1161712007360962,0.144131639868099,0.134499393600047
2009-10-08,5.675711389242066e-05,0.1195942837299927,0.1329038296110867,0.1350774315873068
2009-10-09,2.582490886562881e-05,0.0806714139837554,0.1193537051452101,0.133839261048381
2009-10-12,1.8010019165003415e-05,0.0673685744956864,0.1070399416651956,0.1324641371481486
2009-10-13,5.36197417195211e-05,0.1162418810640954,0.1023299734763913,0.132944210935888
2009-10-14,2.500623266190957e-05,0.0793824327594034,0.0950399285655556,0.1319925822680835
2009-10-15,3.0431962304454828e-05,0.0875719960987678,0.0877826883941956,0.1304770333155973
2009-10-16,5.653327483801433e-05,0.119358222419654,0.0961951247554712,0.1307444065576223
2009-10-19,3.245789848207211e-05,0.0904399824053619,0.0999083337079592,0.1285415818428932
2009-10-20,6.089522849499682e-05,0.1238773489413589,0.1017268876835663,0.1293807480532664
2009-10-21,9.136088286553086e-05,0.1517331291515263,0.117015529089294,0.1307150178972721
2009-10-22,7.191036271574793e-05,0.1346157918090165,0.1256309891259979,0.1319873827259257
2009-10-23,0.0001249130234858,0.177420635548466,0.1386704177560052,0.1332637707502614
2009-10-26,0.0001666056422926,0.2049014930588237,0.1612157903205378,0.1359707971804169
2009-10-27,0.000138322972474,0.1867013365336413,0.1728956024461506,0.1375323649140624
2009-10-28,0.0001367472219574,0.1856348564609157,0.1793888537101666,0.1408122663714786
2009-10-29,6.468672737661408e-05,0.1276755861506292,0.1783712129642987,0.1408812792710266
2009-10-30,0.0002132751271239,0.2318303949770667,0.1904461594197044,0.1427719016657613
2009-11-02,0.0002558836441179,0.2539343976654419,0.201914216759768,0.1481816034317994
2009-11-03,0.0001555148328035,0.1979639812351782,0.2040485743403207,0.1505539140774596
2009-11-04,0.0001388172697361,0.1870346277390825,0.2043040653006294,0.1530251347464702
2009-11-05,7.501002320948987e-05,0.1374864569650096,0.2055734545322931,0.1530933974805876
2009-11-06,9.088934672391132e-05,0.1513410564732044,0.1899794775131813,0.1544837901530657
2009-11-09,2.986602620940988e-05,0.0867538967699508,0.1571652440382207,0.1534836024918272
2009-11-10,4.146546603258917e-05,0.1022218051112993,0.1376692625401166,0.1540661277077885
2009-11-11,6.850609424606519e-05,0.1313907749806219,0.1241335675941113,0.1559319764966915
2009-11-12,6.751541941154638e-05,0.1304372864318699,0.1226026695150862,0.1564415225121188
2009-11-13,6.771663771927776e-05,0.1306315149772749,0.1177434076217939,0.1579973994786669
2009-11-16,5.271035969184605e-05,0.1152519442020185,0.1225351559590418,0.1588029192349742
2009-11-17,4.6442799885089744e-05,0.1081831113022851,0.1235545307630308,0.1584385854315277
2009-11-18,5.177769685542364e-05,0.1142277532282184,0.1200941748944735,0.1591354293115889
2009-11-19,6.374366217845519e-05,0.1267414804591247,0.1193001017561871,0.1592379112375102
2009-11-20,3.1524493029574054e-05,0.0891300860734054,0.1113931334808189,0.1570710467529687
2009-11-23,3.396137929848696e-05,0.0925109052124057,0.1070676495251962,0.1556811657605585
2009-11-24,6.40417346051905e-05,0.1270374634527469,0.1111326589475088,0.1534254621215356
2009-11-25,1.62000799973992e-05,0.0638938194142798,0.1027489951050563,0.1477042486771451
2009-11-27,8.671231998833134e-05,0.1478225444141031,0.1082357443209804,0.1456892875692791
2009-11-30,5.165832304543078e-05,0.1140960008389801,0.112826066941624,0.142305002906362
2009-12-01,4.422985705964176e-05,0.1055742581268261,0.1150967100341188,0.1414792907152005
2009-12-02,4.060722016945208e-05,0.101158388098575,0.1098460428650792,0.1343076964009333
2009-12-03,6.92240442758423e-05,0.1320774740730313,0.1214024749860988,0.1260970120248975
2009-12-04,0.0001478558133648,0.1930276274731925,0.1334922956538105,0.1257486614453979
2009-12-07,4.079422600946271e-05,0.1013910496759186,0.1314254256539105,0.1212019655176831
2009-12-08,6.34387616595479e-05,0.1264380003725386,0.1350583995912392,0.1206539386176821
2009-12-09,4.9526391995493824e-05,0.111716833032737,0.1367124630755344,0.1186742560915738
2009-12-10,2.889015199560893e-05,0.0853247812941436,0.1290638190557508,0.1186271506163262
2009-12-11,3.202208355764088e-05,0.0898307578534518,0.1040165823653842,0.1181703482670022
2009-12-14,2.2424593298842463e-05,0.0751731169455431,0.099466677426963,0.1159154371183189
2009-12-15,1.887408477150224e-05,0.0689657114979506,0.0874503299204869,0.1134866696300795
2009-12-16,2.762608377712657e-05,0.0834372405574147,0.0808936627245688,0.1114450766579597
2009-12-17,4.038545777691539e-05,0.1008817890393636,0.084398744542642,0.1108098775474963
2009-12-18,3.588269645834968e-05,0.0950917425831713,0.0855436904193983,0.1102627216124509
2009-12-21,1.294612057849179e-05,0.0571176188735133,0.0827043405479071,0.1082269362120589
2009-12-22,1.7970007199525968e-05,0.0672936981765792,0.0824284079419018,0.1057769034821508
2009-12-23,1.9962184359329004e-05,0.0709258095375083,0.0800511205741655,0.1051490005660988
2009-12-24,1.0788258930186566e-05,0.0521405911973293,0.0701176374623707,0.1038791353423154
2009-12-28,1.1398550637221014e-05,0.0535951001545821,0.0606834584868032,0.1009349841028074
2009-12-29,8.093890794542095e-06,0.0451626004590591,0.0586338618275183,0.1004739682860527
2009-12-30,1.9011074653192687e-05,0.0692155388088871,0.0590796035233253,0.0965377196287857
2009-12-31,1.7011925527545717e-05,0.0654752261007285,0.0578074952523583,0.0944598993008206
2010-01-04,1.4310290329360273e-05,0.0600515875143928,0.0593229878703845,0.0926280602130308
2010-01-05,2.401566546982684e-05,0.0777942652024965,0.0644602162378712,0.0915964454624764
2010-01-06,1.9222235580352097e-05,0.0695988747484377,0.0686730518809084,0.0884147093579368
2010-01-07,3.2867334042807455e-05,0.0910086159590809,0.0735822229065861,0.0806227019375164
2010-01-08,2.8875731774729995e-05,0.0853034841447402,0.0775388893571001,0.07977154338324
2010-01-11,2.534145368951871e-05,0.0799127419737222,0.0810447407058879,0.0769877379061472
2010-01-12,3.673013894951653e-05,0.0962080818605077,0.0849061803372461,0.0760298397061483
2010-01-13,3.063966916104198e-05,0.0878703398683684,0.0882298028555415,0.0761615155418901
2010-01-14,1.8715252667005936e-05,0.0686749129747209,0.0840906249863047,0.0751541931654172
2010-01-15,4.44127027762497e-05,0.105792254440554,0.0886244692455979,0.0768115652087192
2010-01-19,2.058716205803707e-05,0.0720275283389992,0.0872621352640265,0.0769391907382648
2010-01-20,4.981845433815558e-05,0.1120457517856665,0.0909633516666171,0.0785738034512426
2010-01-21,0.0001346749482453,0.1842229273402624,0.1162656845860861,0.0851697472301671
2010-01-22,0.0001413246660227,0.1887162309864215,0.1403467984864572,0.0919873669393912
2010-01-25,5.9231793435045776e-05,0.1221736958008209,0.1429828871389914,0.0948254028205091
2010-01-26,7.343016383072089e-05,0.1360308835718627,0.1520111617742093,0.0981179285610945
2010-01-27,9.693284702554728e-05,0.1562916422923436,0.1596306947156134,0.1025123985637675
2010-01-28,0.0001482893764185,0.1933104313208731,0.1617656510984908,0.1099263601672384
2010-01-29,0.0001273606035444,0.1791504175077155,0.159575490368704,0.1158106094692757
2010-02-01,6.764200405111007e-05,0.1305595075851611,0.1608981408887684,0.1187189699907933
2010-02-02,5.44606412121302e-05,0.1171498253752723,0.1578991697301952,0.1204169942623057
2010-02-03,5.427634461664936e-05,0.1169514379706194,0.1509379345296488,0.1221765095648976
2010-02-04,0.0001117508297757,0.167813018277714,0.1447090782545429,0.1266618986817467
2010-02-05,0.0002301917142333,0.240849147780912,0.1616273655913502,0.1356646214009564
2010-02-08,8.786403547407594e-05,0.1488009977771222,0.1647501007335579,0.1385321266595923
2010-02-09,0.0001834883757894,0.2150327200658746,0.1834273521435989,0.1446251903574431
2010-02-10,0.0001086140499606,0.1654410486852377,0.1907464648787677,0.1477491518623904
2010-02-11,0.0001059698108741,0.1634147861739359,0.1899811846239157,0.1508422124551076
2010-02-12,0.0001010821977671,0.1596017350698581,0.1720050315578293,0.1532660974944277
2010-02-16,3.221377861234146e-05,0.0900992353480874,0.1636488861415758,0.153324907792021
2010-02-17,4.736316024236643e-05,0.1092497889292072,0.1411391053953791,0.1543913083982752
2010-02-18,3.164539261754275e-05,0.0893008339245539,0.1266531750163329,0.1539169658432304
2010-02-19,3.9909573900207854e-05,0.1002856551200239,0.112745690818912,0.1546342841000136
2010-02-22,2.992513448519422e-05,0.0868397022695779,0.0955263042770191,0.1538957208067403
2010-02-23,6.561588062882994e-05,0.1285892760632283,0.1039650939039477,0.1513038421639213
2010-02-24,5.6464395369473306e-05,0.119285487940098,0.106148212424246,0.1480568027011335
2010-02-25,6.179230461045377e-05,0.1247864606511233,0.1130789430676886,0.1481558176978817
2010-02-26,5.527696757282912e-05,0.1180245560396349,0.1164532696252264,0.1474523981020541
2010-03-01,2.0925734802697245e-05,0.0726173888974239,0.1144892757528312,0.1444700065211505
2010-03-02,2.6758480445695194e-05,0.0821166065562574,0.1055906307073589,0.1395689851369893
2010-03-03,2.733338899831006e-05,0.0829940601945352,0.0983929802987551,0.1354021245640533
2010-03-04,2.262694111364397e-05,0.0755115167417413,0.0877909121255269,0.1334844869335121
2010-03-05,2.382183820095077e-05,0.0774796955765805,0.078242608158786,0.1321633636456736
2010-03-08,1.608372056656621e-05,0.0636639425638617,0.0766672564657711,0.1304977989926593
2010-03-09,2.368186293511386e-05,0.0772517278748423,0.0756492345728298,0.1265736369000992
2010-03-10,3.983822312920595e-05,0.100195969123313,0.0797060244376307,0.1176455389797458
2010-03-11,2.357155387149336e-05,0.0770716003182516,0.0800041174855881,0.1144728425825645
2010-03-12,2.7169635006232933e-05,0.082745078533836,0.0810517598429177,0.1063648041752275
2010-03-15,3.180649661363655e-05,0.0895278568191845,0.0858010238074485,0.1021453667875801
2010-03-16,3.3565510164759695e-05,0.0919701503832599,0.0886563675478558,0.0980016204079788
2010-03-17,2.797603502442425e-05,0.0839640448415565,0.0852179395802287,0.0936318307972571
2010-03-18,1.842088970678728e-05,0.0681326955734939,0.0836809640981646,0.0927843115269387
2010-03-19,3.4264962548313023e-05,0.092923466154545,0.0857910733148802,0.0919722488833934
2010-03-22,2.5574360742089845e-05,0.0802791312048569,0.0839405063875195,0.0915934149057425
2010-03-23,2.518108081261571e-05,0.0796594775577844,0.0813844786998427,0.0906677752045715
2010-03-24,4.164745549226236e-05,0.1024458822210542,0.0855129988061709,0.0914052477670453
2010-03-25,4.3305571006815385e-05,0.104465323881743,0.092556258039884,0.0899964713957419
2010-03-26,4.326653211287002e-05,0.1044182268210069,0.0949754705616101,0.0891526182403465
2010-03-29,1.5144304287577304e-05,0.0617767325169394,0.0921665078165157,0.0861037612363532
2010-03-30,2.981142654378575e-05,0.0866745607951607,0.0934239508260211,0.084392899593539
2010-03-31,3.547897644806417e-05,0.0945552857587145,0.0917449902943764,0.0853748339368399
2010-04-01,2.683949109257241e-05,0.0822408156290308,0.0871048380770975,0.0853802682701334
2010-04-05,1.4379423973216727e-05,0.0601964686775778,0.0783028898968541,0.0845068543295952
2010-04-06,1.2046425052593638e-05,0.0550971788139247,0.0772994789940765,0.0837867139022027
2010-04-07,3.775873560852993e-05,0.0975458936775379,0.079848317637999,0.0847340206256025
2010-04-08,1.8435155624674072e-05,0.0681590728914197,0.0742747955912362,0.0848928081237541
2010-04-09,2.385368534642674e-05,0.077531469141888,0.073254765377511,0.0849043992897719
2010-04-12,1.6409423732126384e-05,0.0643053246667478,0.0739497980954865,0.0833090077429671
2010-04-13,2.255276247221525e-05,0.0753876391923652,0.077447350143902,0.0832389390773694
2010-04-14,1.6633656713376196e-05,0.0647431964902166,0.0702380813234274,0.0825108243593674
2010-04-15,1.590485586043893e-05,0.0633089541599812,0.0693243172334135,0.0813995704512808
2010-04-16,0.0001336903880631,0.1835482982538961,0.1016938089403641,0.0881633429190975
2010-04-19,5.32227368625547e-05,0.1158107494551511,0.1104401274835052,0.0897884431786887
2010-04-20,2.077322356455542e-05,0.0723522794268982,0.1100333267588816,0.0899383646924419
2010-04-21,3.8922368858173705e-05,0.0990375532424936,0.1150247107787044,0.0902344607997813
2010-04-22,4.3535252823271415e-05,0.1047419863830374,0.120926655856562,0.0913673452091902
2010-04-23,4.338813158897497e-05,0.1045648562396644,0.1003594657735655,0.0925015959931847
2010-04-26,3.319291383734397e-05,0.0914582652744446,0.0951972651386837,0.0919766401299958
2010-04-27,0.0001535635629646,0.1967181177906072,0.1255195299371659,0.0986035370065907
2010-04-28,0.0001031947407518,0.1612608900801853,0.1378204627008844,0.1020250356533837
2010-04-29,3.1739315163731256e-05,0.0894332567966764,0.1356464694750477,0.1029523977694245
2010-04-30,9.369094797123338e-05,0.1536558456055311,0.1446901054900122,0.1064467335726142
2010-05-03,4.0840621918794176e-05,0.1014486901026136,0.1460159960895242,0.1067348223403906
2010-05-04,0.0001322046245374,0.1825255198141476,0.1422820460117336,0.1122463006535305
2010-05-05,0.0001155417974806,0.1706356731903127,0.1444523183490545,0.1172945054810019
2010-05-06,0.0036647151396843,0.9609933481561896,0.4516286680805961,0.2357915622709553
2010-05-07,0.0006529565797485,0.4056415389190584,0.4818251152377048,0.2502887782291037
2010-05-10,0.00022298475046,0.2370488496405751,0.4912591024625439,0.2549264504502574
2010-05-11,0.0001318444584877,0.1822767224274685,0.4912406267639103,0.2573411750163307
2010-05-12,7.683345956852462e-05,0.1391475181642425,0.4892509102215659,0.2586824505524503
2010-05-13,7.648497230621625e-05,0.1388315995051793,0.241908356029252,0.2598737754619125
2010-05-14,0.0001791321760844,0.2124648403225079,0.1861152942992723,0.2634306850943152
2010-05-17,0.0002055592654064,0.2275981873443038,0.18374073670638,0.2675222063755819
2010-05-18,0.0002181341310544,0.2344563947212973,0.195216950654304,0.2693239603089655
2010-05-19,0.0002586003194514,0.2552788289336834,0.2174182778904798,0.2736565410356819
2010-05-20,0.0003823376768742,0.310401505428531,0.2503710923231519,0.2811217866277835
2010-05-21,0.0004163251534275,0.3239042121734912,0.2732036052638774,0.2887082199510752
2010-05-24,0.0001366500741181,0.1855689054711516,0.2667717876542611,0.290549521115303
2010-05-25,0.0002800492124138,0.2656546659260432,0.2725577127669734,0.2951776911081895
2010-05-26,0.0002075040771771,0.2286723145652512,0.2677918149946693,0.2985406579876041
2010-05-27,9.559810402087244e-05,0.1552118623471152,0.2392922516638002,0.2974265564595857
2010-05-28,0.0001655410441927,0.2042457909886037,0.2112374554876516,0.2986246892909121
2010-06-01,0.0001842610696371,0.2154850100321347,0.2168429311161772,0.301535690132223
2010-06-02,8.543254788294503e-05,0.1467276458834603,0.1929045797349045,0.3013787918953869
2010-06-03,9.135787355016553e-05,0.1517306301794127,0.1770830545814664,0.3023372758350732
2010-06-04,0.0001390624723318,0.1871997409923785,0.1831638948667923,0.3024671583637709
2010-06-07,0.0001373953282762,0.186074239822718,0.1792497372399239,0.3028806764230676
2010-06-08,0.0002645062970917,0.2581774329160246,0.1901968132338016,0.2297582586286522
2010-06-09,0.0001560511904461,0.1983050679947872,0.1993339091812444,0.2170185062147873
2010-06-10,0.0001019338243618,0.1602726543711484,0.2006664776946637,0.2138000203563859
2010-06-11,0.0001073127849643,0.1644470182490506,0.1966388848296821,0.2131418530813251
2010-06-14,8.039594993882052e-05,0.1423368518149209,0.1891932407853332,0.213237558236862
2010-06-15,4.8089368434098334e-05,0.110084153470846,0.1577550923251415,0.2124735218975689
2010-06-16,5.510672818272354e-05,0.1178426726701594,0.1407091619491771,0.2091036641884751
2010-06-17,8.159272304936685e-05,0.143392350592493,0.1370177972027471,0.2056802420816718
2010-06-18,2.882648216646329e-05,0.0852307075293215,0.1217298939836972,0.2003395340757662
2010-06-21,6.556077103000653e-05,0.1285352648091629,0.1186190291322515,0.1947427755573421
2010-06-22,9.449718315424858e-05,0.1543155538332758,0.1280992893585812,0.1860851058327972
2010-06-23,0.0001268390817726,0.1787832447593879,0.141508793207713,0.1769512227891474
2010-06-24,0.000128222497763,0.1797555824898798,0.1495823492283444,0.1766782419828297
2010-06-25,0.0001340656453823,0.1838057198139916,0.1663698681454925,0.171880847641511
2010-06-28,6.852420400390566e-05,0.131408140573498,0.1668181346515812,0.1671857485296968
2010-06-29,0.0002144629202587,0.2324750651256869,0.1840504365620941,0.1712092782298243
2010-06-30,0.0001315060311827,0.1820426319795459,0.1846883251561031,0.1700669319662359
2010-07-01,0.000234314198234,0.2429962509072269,0.198637355884297,0.1717442784638362
2010-07-02,0.0001359998310036,0.1851268684251618,0.1988825837222012,0.1734223815661696
2010-07-06,0.0001708314635161,0.2074838037198499,0.2114487360743331,0.17602743046691
2010-07-07,9.269612724297003e-05,0.1528379012719961,0.1964014297795212,0.1745123229729112
2010-07-08,8.257567848872621e-05,0.144253495552652,0.1900195564768635,0.1727038410085566
2010-07-09,4.737071120715356e-05,0.1092584972631543,0.1633569101614953,0.1653463856901472
2010-07-12,7.199329524263595e-05,0.1346933940516173,0.1531651092617319,0.1624086890513356
2010-07-13,5.5813251509830726e-05,0.1185956971414955,0.1329008382593665,0.1607740404457475
2010-07-14,6.844694827558719e-05,0.131334043436757,0.1282204125328187,0.1593835047558908
2010-07-15,0.0001031828463812,0.1612515962341533,0.132208454540044,0.160200234485903
2010-07-16,0.0001155026425457,0.1706067581355334,0.1446130173647228,0.1625924461403093
2010-07-19,8.975681264504358e-05,0.150395202006417,0.1476760172418357,0.1638084384559198
2010-07-20,0.0001072885543949,0.1644284516363114,0.1562131919327509,0.1647043975657803
2010-07-21,0.0001447701941696,0.1910028505827575,0.1680751407165162,0.1686879399862814
2010-07-22,8.141598899257304e-05,0.1432369687829521,0.1647792563233913,0.1692253982464193
2010-07-23,0.0001247262568316,0.1772879486078035,0.1661838544338747,0.1702453984991819
2010-07-26,4.798336834305222e-05,0.1099627610714152,0.1597237987329343,0.167571594717947
2010-07-27,5.9356827456729714e-05,0.1223025777287457,0.1519734609857758,0.1652011331847786
2010-07-28,6.296880820715902e-05,0.1259688043453778,0.1377430324607677,0.1627176464076281
2010-07-29,0.0001162792942631,0.1711793858918217,0.1439800457602464,0.1643899185001859
2010-07-30,0.0001127414509742,0.1685551709248292,0.1418669072120404,0.1608069404934852
2010-08-02,4.086152238735621e-05,0.1014746453140574,0.1405961533106173,0.1575454869701893
2010-08-03,4.406264146072747e-05,0.1053745018878064,0.1378276146189293,0.1504703803405062
2010-08-04,4.822023853423379e-05,0.110233842855209,0.1351041207366698,0.147091332266367
2010-08-05,3.043217239695191e-05,0.0875722983827185,0.1180102897970122,0.1415190798655239
2010-08-06,7.813011164756095e-05,0.1403167421770665,0.1103721749170152,0.1409283608017041
2010-08-09,2.357148116965653e-05,0.0770714814620391,0.1063512995620652,0.1385096986425681
2010-08-10,0.0001057335677062,0.1632325306486498,0.1200783644180414,0.1409022945543488
2010-08-11,4.953370619212111e-05,0.1117250820559757,0.1203536969572163,0.1399864001501966
2010-08-12,5.9972407246773225e-05,0.1229351317817118,0.1263876584469404,0.1401564606625477
2010-08-13,4.4293110939353926e-05,0.1056497229372476,0.1194506398978542,0.1391659521498801
2010-08-16,4.891725795127929e-05,0.1110276947600119,0.1246831284569031,0.1369144791046386
2010-08-17,3.6824041042998696e-05,0.0963309832963189,0.1098764869204293,0.1335827345553375
2010-08-18,5.380678383981388e-05,0.1164444482473642,0.110852178559643,0.1320324040992969
2010-08-19,0.0001151471086126,0.1703439795542396,0.1227558977819667,0.1323728518191465
2010-08-20,5.45959895038386e-05,0.1172953083246185,0.1248530156620443,0.1284120997903323
2010-08-23,6.363152573336556e-05,0.1266299509784637,0.1277883978149966,0.1276164347949549
2010-08-24,0.0001124133061459,0.1683096941615865,0.1419139654061927,0.1270626427258069
2010-08-25,0.0001059055074355,0.1633651978658429,0.1508819049672048,0.1296471632991828
2010-08-26,9.721471862076566e-05,0.1565187180257778,0.1478565412517964,0.1313089177728484
2010-08-27,0.000172345546219,0.2084012419521246,0.1667217275863836,0.1359959289975373
2010-08-30,4.833645703279754e-05,0.11036660351875,0.1643936220991547,0.133103863154072
2010-08-31,0.00013862978393,0.1869082811176647,0.1683644067705473,0.1342131792080143
2010-09-01,8.79658694444273e-05,0.1488872026065225,0.1656575253722217,0.136208429833085
2010-09-02,3.926205762969798e-05,0.0994687816487358,0.1565937469968021,0.1360064257742757
2010-09-03,4.596537617981315e-05,0.1076256233306591,0.1347295106074517,0.135911439653037
2010-09-07,5.56129371848936e-05,0.1183826852651737,0.1360837081659266,0.1369684403189465
2010-09-08,3.961656126962877e-05,0.0999168326156631,0.116312119773076,0.1353484334227215
2010-09-09,4.533682328311392e-05,0.1068872278026926,0.1066771075703507,0.136266322070265
2010-09-10,2.5000963208494502e-05,0.0793740683632923,0.1032533104590237,0.1328297980224106
2010-09-13,3.076891815558519e-05,0.0880554789618878,0.0994753468771355,0.132018230275841
2010-09-14,3.707795368067044e-05,0.0966625280423026,0.0946635170892862,0.1310212485291415
2010-09-15,3.603558565117921e-05,0.0952941109623105,0.0937053909684162,0.1306597924664646
2010-09-16,4.2304842573517386e-05,0.1032512485567432,0.0928864277964228,0.1303696251236104
2010-09-17,3.310940903385854e-05,0.0913431501347109,0.0950607918038684,0.1302063352286482
2010-09-20,2.920278561538612e-05,0.0857852083699591,0.0946447096162927,0.129119565200824
2010-09-21,6.03729294156556e-05,0.1233449561706728,0.1006562856228841,0.1266666838292652
2010-09-22,6.0706739715754034e-05,0.1236854818010991,0.1066541794785849,0.1269426825711777
2010-09-23,4.704290554771084e-05,0.1088798061994194,0.1077678633645,0.126192034433327
2010-09-24,4.3588717649713246e-05,0.1048062824821476,0.1101910592034972,0.1230287575207603
2010-09-27,3.5178358706381805e-05,0.094153844286934,0.1115492645075476,0.1196909680682463
2010-09-28,7.783832170208647e-05,0.1400544789320419,0.1154274412062007,0.118760178586358
2010-09-29,6.11145670614685e-05,0.1241002453643426,0.1155164433387513,0.1132690589311578
2010-09-30,0.0001084553465087,0.1653201358582565,0.1282155829299574,0.1162691457925473
2010-10-01,7.110409051858251e-05,0.1338589960020722,0.1335140835217761,0.112893924277606
2010-10-04,5.995441928011806e-05,0.1229166939784411,0.1381112738033217,0.1114638044821861
2010-10-05,3.1093742734314456e-05,0.0885190554007849,0.1293011878197582,0.1110433040547101
2010-10-06,3.442923989725787e-05,0.0931459524300921,0.123991357289628,0.110446702884099
2010-10-07,5.299607479098319e-05,0.1155638821056465,0.1121548455839125,0.11031092062316
2010-10-08,3.449738048006176e-05,0.09323808171008,0.1036037219505642,0.1100448150513461
2010-10-11,2.1487044520419567e-05,0.0735848844474579,0.0937815307729673,0.1087964748728875
2010-10-12,5.193922567891008e-05,0.1144057903739375,0.0992249356489014,0.1102054376911625
2010-10-13,2.878854832676785e-05,0.0851746099394972,0.097781884822169,0.1101024716365609
2010-10-14,4.32696949739129e-05,0.104422043331023,0.0952422566752572,0.1104240818054012
2010-10-15,7.211379447069551e-05,0.1348060688790207,0.1047232291410245,0.1122797280251767
2010-10-18,2.6934029495947507e-05,0.0823855292692762,0.1060258589424775,0.1114929219651961
2010-10-19,9.514840934013956e-05,0.1548463727496229,0.1158413812979459,0.1146355101933959
2010-10-20,6.915778657604619e-05,0.1320142500534076,0.1243134555419474,0.1166146070264804
2010-10-21,8.077534803644965e-05,0.1426723088240507,0.1316970772004131,0.1176123590589654
2010-10-22,3.107490805011104e-05,0.08849224162958,0.1235951466180372,0.1161604400848217
2010-10-25,3.85091078518345e-05,0.0985103810705363,0.1259330942074832,0.1157389176858508
2010-10-26,3.83011871206637e-05,0.0982440794878106,0.1139914216807969,0.1154769709002832
2010-10-27,4.21033472748037e-05,0.1030050654737451,0.1078447980944219,0.1158199179961463
2010-10-28,5.461796290549642e-05,0.1173189100366394,0.1015488466966838,0.114665926714642
2010-10-29,2.806950159769036e-05,0.0841041877828801,0.1008002766872422,0.1130033563436254
2010-11-01,5.982747699910915e-05,0.1227864984588106,0.1059959507964678,0.1105113044139334
2010-11-02,1.3162415821797592e-05,0.0575927841581998,0.0998406105339123,0.1074665197014505
2010-11-03,0.000125017988651,0.1774951637089078,0.1189413529313697,0.1108797838631371
2010-11-04,2.4770298536263976e-05,0.0790070581096304,0.1124398646074218,0.1105526765417289
2010-11-05,3.33251308887019e-05,0.0916402367082979,0.113611649355171,0.1104954624575818
2010-11-08,2.49405865631202e-05,0.0792781673218187,0.1055902817082542,0.109031575053098
2010-11-09,4.799923321908923e-05,0.1099809382175406,0.1136005421996391,0.1097385162305337
2010-11-10,4.85070924104174e-05,0.1105612377256386,0.0951258851077172,0.1111397512648786
2010-11-11,4.232418631150661e-05,0.1032748514910559,0.0996676976828443,0.1106431579707391
2010-11-12,6.973913333891298e-05,0.132567950883334,0.1084846334044112,0.1127429764692673
2010-11-15,3.772993439660646e-05,0.0975086840642659,0.1114158822417037,0.1124612079955115
2010-11-16,7.400225684375805e-05,0.1365597624654752,0.1171496957161243,0.1125573399734604
2010-11-17,4.141274647412334e-05,0.1021568015918621,0.1156135639585221,0.1132916674060858
2010-11-18,2.393347716114341e-05,0.0776610342746485,0.111532974630882,0.10963241868154
2010-11-19,2.529070501237706e-05,0.0798326854309625,0.1009920969301834,0.1073163069912266
2010-11-22,4.9646519828410174e-05,0.1118522373346164,0.1039230462800166,0.1056419574249713
2010-11-23,4.680989721718144e-05,0.1086098250561602,0.0971056364117913,0.1064915974019568
2010-11-24,2.3120525810695883e-05,0.0763306786573744,0.0922365258533856,0.1056607358707539
2010-11-26,2.6762782113619104e-05,0.0821232067848791,0.0930063098456607,0.1050334419131501
2010-11-29,7.788108222521623e-05,0.1400929431511612,0.1063048855068954,0.1069665443555753
2010-11-30,6.043180930180549e-05,0.1234050888093962,0.1088315545790524,0.1072773814892288
2010-12-01,3.117519353088648e-05,0.0886349184564604,0.1051490285561593,0.1074430587269468
2010-12-02,2.550043167616886e-05,0.0801630138055858,0.1057178578194045,0.1055973965949458
2010-12-03,2.521239698848189e-05,0.0797089959860079,0.1053476437876848,0.1062489398753252
2010-12-06,1.5819750458295332e-05,0.063139346809184,0.089276172244133,0.1001899248512337
2010-12-07,4.539432867867586e-05,0.1069549943996367,0.0849255315388628,0.1013620241136592
2010-12-08,3.253818614557873e-05,0.0905517692189713,0.0853290146136639,0.1013175495069226
2010-12-09,2.428932513341298e-05,0.0782362443731808,0.0849705888245101,0.1012807283467015
2010-12-10,1.475202121966791e-05,0.0609713813797613,0.081809522834666,0.0993828669004575
2010-12-13,1.726630055822799e-05,0.0659629270171772,0.0822539005243663,0.0975659016411326
2010-12-14,2.02813678402759e-05,0.0714905916589695,0.074162058528718,0.0962632572528177
2010-12-15,2.944734037680204e-05,0.0861436577755676,0.0731042563635706,0.0938354438524832
2010-12-16,2.9468825540116867e-05,0.0861750778131905,0.0748684120238203,0.0933298627240548
2010-12-17,8.862918946964328e-06,0.0472594495803221,0.0728592366445344,0.0892430488568891
2010-12-20,1.4269982673197712e-05,0.0599669545136804,0.0718154157755752,0.0874837913419017
2010-12-21,5.116199293940841e-06,0.0359065763067587,0.0662806868422729,0.0862430888993009
2010-12-22,5.38360055969024e-06,0.0368329654120047,0.0563942990159556,0.0849107976059054
2010-12-23,6.193599399744266e-06,0.0395067975003739,0.0448022941826224,0.0819274685187339
2010-12-27,4.539089135963674e-06,0.0338208583903904,0.042300408290604,0.0789171540624816
2010-12-28,4.984944519135806e-06,0.0354429967528455,0.0363504968134836,0.077589834160621
2010-12-29,3.3212748215362374e-06,0.0289302826641415,0.0350841050217601,0.0758397689492291
2010-12-30,7.972659479043128e-06,0.0448230988299433,0.0368969239193903,0.0703626417090123
2010-12-31,1.1471548420814969e-05,0.0537664412254091,0.0403409422965706,0.0662577075859339
2011-01-03,1.269043040595782e-05,0.0565507600506073,0.0451466413521864,0.0646401520350326
2011-01-04,1.8281677720361635e-05,0.067874758088196,0.0520420462580472,0.0639973570532421
2011-01-05,1.432863616640624e-05,0.0600900683468938,0.0571239493601954,0.0630158168775688
2011-01-06,2.488211353880642e-05,0.0791851792432095,0.0641512437534787,0.0638341478096057
2011-01-07,4.006935389088371e-05,0.1004862039311999,0.074543352961949,0.0633545835818334
2011-01-10,2.6848814132695112e-05,0.0822550980878338,0.0791851880760365,0.0628381579177662
2011-01-11,1.7414655563210765e-05,0.0662457032714508,0.0789087833762304,0.0622084228655675
2011-01-12,1.1594785458477667e-05,0.0540544719291232,0.0780308273584054,0.0619170669111836
2011-01-13,1.6371883627816272e-05,0.064231726383538,0.0752322698761865,0.0618342788063326
2011-01-14,2.058762711619011e-05,0.0720283418751251,0.0683960188993395,0.0618626389373757
2011-01-18,1.40757644978676e-05,0.0595574735315613,0.0635157752033579,0.0604227745281766
2011-01-19,2.546939927480337e-05,0.0801142223157065,0.066634921645844,0.0600424855559355
2011-01-20,4.114257235929641e-05,0.1018230240885758,0.0770027352926442,0.0630464021892071
2011-01-21,2.9563300062996366e-05,0.0863131022259951,0.0812051022466083,0.0644207018604695
2011-01-24,1.865829037082425e-05,0.0685703228331886,0.0806041565858465,0.065613606256517
2011-01-25,4.976034501352188e-05,0.1119803864228352,0.0910798161883556,0.0693791089771007
2011-01-26,3.067904106862786e-05,0.0879267783402429,0.0925099933159299,0.0713717757031956
2011-01-27,1.9274972175322103e-05,0.0696942823205832,0.0863479693683707,0.0725446290852359
2011-01-28,6.306224871435274e-05,0.1260622333453477,0.0956259317657582,0.0769933265283169
2011-01-31,2.545871340783725e-05,0.0800974143076728,0.0974015407841935,0.0786228123792963
2011-02-01,1.7676061740829322e-05,0.0667410485285404,0.0887130896214938,0.0793265068479723
2011-02-02,1.905106556726452e-05,0.069288300043735,0.0853461323372213,0.0798718637091868
2011-02-03,3.445107429795963e-05,0.0931754834872662,0.0897153155927315,0.0814172764034761
2011-02-04,2.8646481687939447e-05,0.0849641888407153,0.0794624640555035,0.082143149532594
2011-02-07,1.3246014739541728e-05,0.0577753902138662,0.0754901528736702,0.0820676311269553
2011-02-08,1.517309368587209e-05,0.0618354235761328,0.0746499403276403,0.0813872451282478
2011-02-09,2.1972159085235696e-05,0.0744109137793603,0.0756296020366761,0.0801036112111335
2011-02-10,4.326695948928503e-05,0.1044187425288191,0.0785121475815609,0.0812690034473835
2011-02-11,2.4145509670702378e-05,0.0780042847349874,0.0770539312962035,0.0817419708329387
2011-02-14,9.62630060891569e-06,0.0492526928547744,0.0758608906882624,0.0816039318689186
2011-02-15,2.2135011843121103e-05,0.0746861632731694,0.0781393333164665,0.0820074125342928
2011-02-16,2.751272209728344e-05,0.0832658751741397,0.0799061936707603,0.0824896328383614
2011-02-17,1.1607241979626113e-05,0.0540835000611626,0.0692051300443995,0.0823180643748194
2011-02-18,1.3183133795330518e-05,0.0576380925814108,0.0650910614473562,0.0814587634083385
2011-02-22,6.356004323827545e-05,0.1265588041032523,0.0833972835820402,0.0830199498625173
2011-02-23,8.699758745946572e-05,0.14806549915421,0.1011146909203949,0.0868918622818453
2011-02-24,8.775728711836105e-05,0.1487105791590732,0.1151542738980595,0.0913328710263469
2011-02-25,2.297366342564129e-05,0.0760878648883092,0.1176153665039925,0.0896374032873025
2011-02-28,1.900798710820429e-05,0.0692099180122869,0.1188568342369816,0.0888885676001047
2011-03-01,6.636060118290802e-05,0.129316942038129,0.1194491321242929,0.0918723131728032
2011-03-02,5.5995564068034965e-05,0.1187892341298015,0.1127190897156231,0.0914307184004777
2011-03-03,1.7896412611630422e-05,0.0671557590838705,0.0958363454602661,0.0909557779858781
2011-03-04,6.039390263167525e-05,0.1233663789822095,0.1052168483046493,0.0936069815730674
2011-03-07,6.48935963018482e-05,0.1278795772125703,0.1156858672030565,0.0963710140616528
2011-03-08,4.056060792827162e-05,0.101100312551072,0.1099222462038033,0.096733418640849
2011-03-09,5.62372132851562e-05,0.1190452760417622,0.1099776310484658,0.0983534115887712
2011-03-10,8.226605078791263e-05,0.1439827934114142,0.1238519644378606,0.1022936298668723
2011-03-11,6.364453328814394e-05,0.1266428931626732,0.1245116094193755,0.1049724012277139
2011-03-14,5.86753146176684e-05,0.1215984345444152,0.123246661144716,0.1069561731873558
2011-03-15,0.0001227183027174,0.1758550888794088,0.1390341227925451,0.1111292131049023
2011-03-16,0.0002400166017305,0.2459353240916928,0.1690945548453227,0.1217473089708191
2011-03-17,7.62556765277577e-05,0.1386233403326977,0.1681964494738995,0.1248423664334607
2011-03-18,5.463775627989867e-05,0.1173401661091992,0.1668415537400994,0.1263246635469694
2011-03-21,2.020502570431997e-05,0.0713559141030975,0.1609260746217894,0.1259929136092733
2011-03-22,2.174195538426893e-05,0.0740200834695271,0.1442497611352889,0.126452769108138
2011-03-23,4.1330569982641305e-05,0.102055394936405,0.1038952240841504,0.1277212547008231
2011-03-24,3.085715480041084e-05,0.0881816478055583,0.0922286945176909,0.1262462759064444
2011-03-25,1.9535965901075586e-05,0.0701645452281353,0.0820792413302223,0.1231477972586931
2011-03-28,1.6686517577067267e-05,0.0648459900797339,0.0809917838285547,0.1197968973282192
2011-03-29,2.015339558189373e-05,0.0712646875151867,0.0804959976252958,0.1196619894672393
2011-03-30,1.7322082524891286e-05,0.0660693937937423,0.0725918581234908,0.1195812713286496
2011-03-31,1.5862507171277067e-05,0.0632246139344624,0.067185174148116,0.1171377297857184
2011-04-01,2.004803836503625e-05,0.0710781659019781,0.067376969934068,0.1153667420542356
2011-04-04,1.3764179239330135e-05,0.0588945937103839,0.0662749592627136,0.115161418527286
2011-04-05,2.0177622964669908e-05,0.0713075100329328,0.0662841706998456,0.1131436834903226
2011-04-06,1.823510226360133e-05,0.0677882421252206,0.0666303795591564,0.1107566759746633
2011-04-07,7.126717740319357e-05,0.1340124199677208,0.0850411833165899,0.1123333034712334
2011-04-08,3.439189014617847e-05,0.0930954151225342,0.089190431043108,0.1112139506622059
2011-04-11,3.197104803885275e-05,0.0897591449702529,0.0941942629736618,0.1085929851637295
2011-04-12,4.06284573327892e-05,0.101184837045196,0.0995152311422958,0.107372239142872
2011-04-13,3.739537349949495e-05,0.0970754043096021,0.1042542991899787,0.1062310956629269
2011-04-14,3.7150709755668654e-05,0.0967573194049344,0.0956529609063846,0.1015130917799755
2011-04-15,2.9142642473103245e-05,0.0856968255142628,0.0942598899184343,0.088822533465534
2011-04-18,4.935625707492997e-05,0.1115247810259332,0.0987984887680659,0.0870707863086845
2011-04-19,1.5479554354603964e-05,0.0624567666258844,0.0921609281244124,0.0844558016038037
2011-04-20,1.3917272815539432e-05,0.059221218743926,0.0855005286432882,0.0840283230421122
2011-04-21,1.2399934623334476e-05,0.0558997631934186,0.0778646346656305,0.0833891508040832
2011-04-25,1.244615735735409e-05,0.0560038539214332,0.0722592449571565,0.0813811566302786
2011-04-26,1.4830011236661172e-05,0.0611323386730674,0.0590023363226373,0.0802453052210809
2011-04-27,2.46940392763474e-05,0.078885346533051,0.0628146935962078,0.0806126069294336
2011-04-28,1.6535050056239413e-05,0.0645510078478433,0.0638562581468469,0.080601844919066
2011-04-29,7.103607720838509e-06,0.0423096814647818,0.0617307607974416,0.0796691785832547
2011-05-02,2.127030124331584e-05,0.0732128124942321,0.0652336085195617,0.079952505069605
2011-05-03,3.808299055076968e-05,0.0979638383220765,0.0736707122126188,0.0815286980381607
2011-05-04,6.285149301394468e-05,0.12585140539348,0.0857351124469397,0.084482085205593
2011-05-05,8.910663341661175e-05,0.1498494965656747,0.1049195754263815,0.0894440399731349
2011-05-06,5.94491955228638e-05,0.1223977012519503,0.1168175283631452,0.0919242856902085
2011-05-09,3.041828905726813e-05,0.0875523205999222,0.1187745491201606,0.092680241511146
2011-05-10,1.5194346509313856e-05,0.0618787145983745,0.1138147875234499,0.0891478456067524
2011-05-11,4.636175796687768e-05,0.1080886812189563,0.1101032388834946,0.0899135572167093
2011-05-12,5.558582987667051e-05,0.1183538302249697,0.102143402695538,0.0914053847610901
2011-05-13,5.39572710214262e-05,0.1166071708661152,0.1007793714970995,0.0922367598388765
2011-05-16,4.25904486323834e-05,0.1035991942794953,0.1037784108663078,0.09255877640626
2011-05-17,5.571958229158087e-05,0.1184961380698897,0.1131920069853099,0.0937007208314125
2011-05-18,2.742253780633538e-05,0.0831292940376406,0.1088939564405258,0.0935955237563967
2011-05-19,4.75693225508817e-05,0.1094873019250277,0.1070227161870384,0.0934861141801509
2011-05-20,3.712241487332818e-05,0.0967204660249251,0.1029824501077112,0.0948027566797629
2011-05-23,3.9079709027295456e-05,0.0992375265455485,0.1021197520271705,0.096310886941285
2011-05-24,3.169783062212879e-05,0.0893747912824217,0.0960091009745973,0.0974517089142734
2011-05-25,3.342260472151215e-05,0.0917741597064286,0.0975712603304647,0.0986768019350034
2011-05-26,3.842898319978529e-05,0.0984078440285422,0.0951812888081479,0.1000371267937662
2011-05-27,2.007901768305101e-05,0.0711330616248791,0.0905565597888419,0.0997725601683044
2011-05-31,2.335823144484336e-05,0.0767220589146337,0.0860704830393934,0.1001634674115183
2011-06-01,5.583746971143629e-05,0.1186214245711201,0.0928696175330533,0.102912314332373
2011-06-02,5.857698975053447e-05,0.1214965078392572,0.0994612832523205,0.1049679741659791
2011-06-03,4.659310222759154e-05,0.1083580258280533,0.101508711277406,0.1054312812287466
2011-06-06,3.977820748014434e-05,0.1001204688612492,0.1062866766390466,0.1041703463736319
2011-06-07,2.904801422847781e-05,0.0855575805266629,0.1076272395040793,0.1008142692289873
2011-06-08,5.5929832702303337e-05,0.1187194922537173,0.1076488633382078,0.1006141350843686
2011-06-09,2.5318278071929426e-05,0.0798761921609074,0.0995592221213407,0.1003234063971381
2011-06-10,6.197859386609962e-05,0.1249744199996827,0.1033802083959365,0.1029595947885885
2011-06-13,5.130128391285502e-05,0.1137010270227998,0.1061519219806965,0.103233997227185
2011-06-14,2.158142228173347e-05,0.0737463111958614,0.1043643344542567,0.1013299222887857
2011-06-15,8.642751005835355e-05,0.1475795803446571,0.111485412699711,0.1031488486606602
2011-06-16,0.0001085466790874,0.1653897310295436,0.128932961867804,0.1067482253706226
2011-06-17,6.556320105487603e-05,0.1285376468814827,0.1296316815378052,0.1072750567389206
2011-06-20,4.49661239926042e-05,0.1064493459169019,0.1283942397397107,0.1082076319108083
2011-06-21,1.8685563306245936e-05,0.068620419360231,0.1278246044624184,0.1066679017820223
2011-06-22,3.42950873193946e-05,0.0929643050019061,0.1170967779229223,0.1065159871502758
2011-06-23,0.0001673893979724,0.2053828821714331,0.1291407311104215,0.113205055906872
2011-06-24,6.669172326375721e-05,0.1296391694761534,0.1293607589304493,0.1149618363491686
2011-06-27,4.542939676384633e-05,0.1069962989289315,0.1294509748852144,0.115558453442339
2011-06-28,2.408141320824696e-05,0.0779006811810926,0.1304971483741819,0.114845162150414
2011-06-29,2.870497568978145e-05,0.0850508899061316,0.1294131527614591,0.115274531868197
2011-06-30,4.161675561665965e-05,0.1024081169409839,0.1020236390888477,0.1161781424902764
2011-07-01,2.887689618990135e-05,0.0853052040608024,0.0922114724337981,0.114841367449225
2011-07-05,3.3049187721217255e-05,0.0912600422186333,0.0887636925361975,0.1135611302731197
2011-07-06,3.153485052797762e-05,0.0891447268942496,0.0908550843573161,0.1127991351046153
2011-07-07,9.619351681964644e-06,0.0492349126520509,0.0853974876889307,0.1112573094037058
2011-07-08,3.35873310090611e-05,0.0920000402950096,0.0829942642798772,0.1114907382079233
2011-07-11,4.771305047590613e-05,0.1096525819118197,0.0885290352334912,0.1110678405329163
2011-07-12,6.808428004719189e-05,0.1309856426173966,0.0979957077253992,0.1132516238920226
2011-07-13,4.2914737472417e-05,0.1039928547692055,0.1008796561978757,0.1122834026229157
2011-07-14,8.977970384290095e-05,0.1504143788618995,0.1192341678526453,0.1142292226826725
2011-07-15,6.427290109248e-05,0.1272665355673083,0.1255521386345812,0.1163500184754908
2011-07-18,4.421334290453268e-05,0.1055545470926868,0.1248477242648815,0.1142531518285506
2011-07-19,3.2339074010305374e-05,0.0902742856554232,0.1174112254848777,0.1103669299492389
2011-07-20,2.351088650809913e-05,0.0769723547778095,0.1131699685484589,0.1081626972573045
2011-07-21,5.608788263636364e-05,0.1188871163093951,0.1054010151395597,0.1087500058294009
2011-07-22,2.2409390142759e-05,0.0751476301421093,0.0948654470320135,0.1089459430711324
2011-07-25,3.2933518834691e-05,0.0911002016811276,0.0918202042442934,0.1088743420809554
2011-07-26,2.8703693244154454e-05,0.0850489899853427,0.0908169957488671,0.1013165369268786
2011-07-27,8.411518848313641e-05,0.1455919898131431,0.1063117281224965,0.1022967180763226
2011-07-28,4.287562682012732e-05,0.1039454566523813,0.1031323704917777,0.1021536404406903
2011-07-29,0.0001152975795571,0.1704552435344516,0.1237653044667046,0.1071457231013826
2011-08-01,0.0001445585672999,0.1908631943554723,0.1447195668608175,0.1131691486673316
2011-08-02,9.185696346664034e-05,0.1521445194333117,0.1553276467715774,0.1156837713534272
2011-08-03,0.000184979312185,0.2159045776972318,0.1709100046403657,0.1231698712109915
2011-08-04,0.000284351364528,0.2676873995186475,0.2034222378862415,0.1343479414847572
2011-08-05,0.0009337515636246,0.4850828733663962,0.2874555403251929,0.1684750774779688
2011-08-08,0.0009936298570072,0.5003945682816855,0.354152341041107,0.1991362468065665
2011-08-09,0.0011548349866523,0.5394612281122524,0.423081520553018,0.2291257886611059
2011-08-10,0.0007081224756894,0.4224297147144467,0.4531714780015127,0.245078185094659
2011-08-11,0.0004706403207775,0.3443854829053193,0.4634148809318172,0.2543116459697415
2011-08-12,0.0002735304636813,0.2625446187749572,0.4260025920483443,0.2594532936661853
2011-08-15,6.994357893162068e-05,0.1327621252118555,0.3673205956884242,0.2590150532301037
2011-08-16,0.0001758177367486,0.2104900702186381,0.2925439293879679,0.261469870520556
2011-08-17,0.0001112518004453,0.1674379100210451,0.2355836764070246,0.2629341899585135
2011-08-18,0.0003406884870902,0.2930076769416296,0.2212466862387091,0.2695670428986929
2011-08-19,0.0003017446032536,0.2757528604020404,0.2244372714280177,0.2754150166069276
2011-08-22,0.0002152705620923,0.2329123904974993,0.2402011006580776,0.2787055733386014
2011-08-23,0.000224411831757,0.2378061849548156,0.2452462255484787,0.2828261705701897
2011-08-24,0.000162253835921,0.2022077314350072,0.2504320541259657,0.2854329136761551
2011-08-25,0.0002733369643719,0.2624517384619861,0.2435604585903637,0.2903000363993885
2011-08-26,0.0003366276449706,0.2912561871146966,0.2471432829175923,0.2952397780519435
2011-08-29,4.790768952018304e-05,0.1098760108444337,0.229444358208369,0.2953373774771639
2011-08-30,0.0001643537672688,0.203512037363242,0.2227505040700135,0.2962871628455394
2011-08-31,0.0001355914215684,0.184848690109605,0.2197134528882427,0.2961137759184469
2011-09-01,0.0002232017712085,0.2371641759299705,0.2138859220347115,0.2986433715306232
2011-09-02,0.0001052308178424,0.1628439931231262,0.1846206585335926,0.2971100479717893
2011-09-06,0.0001275354963267,0.1792733808303073,0.1951871640770106,0.2940716343265586
2011-09-07,6.354587235257874e-05,0.1265446950008171,0.1817066622792029,0.2766049809204701
2011-09-08,0.0001735442582327,0.2091247309015373,0.1868960515487928,0.2590687316181422
2011-09-09,0.0002582902509679,0.2551257400653858,0.1915687695434796,0.2384262889769134
2011-09-12,0.0002488656389411,0.2504279158024464,0.209613426210673,0.2271266540136988
2011-09-13,0.0002353112453414,0.2435126974636698,0.2221929031227554,0.2211129335251547
2011-09-14,0.0001919928362317,0.2199595297557903,0.2363121096719884,0.2189907598786356
2011-09-15,0.0001125398272908,0.1684043837828505,0.2297145834686037,0.2201019617705521
2011-09-16,9.41436227294547e-05,0.1540265981180607,0.2109402754215905,0.2179663591560715
2011-09-19,0.0001318773495155,0.1822994571519783,0.1964677836386572,0.2185076429169083
2011-09-20,0.0001269535239698,0.1788638813186988,0.1820394486114413,0.2128317484841368
2011-09-21,0.0003031631999956,0.2764003010108549,0.1968282174497806,0.2128699193020888
2011-09-22,0.0003414420822595,0.2933315610864163,0.2242276094393387,0.2162379244177628
2011-09-23,0.0002679022055886,0.2598294744795655,0.2429721247612193,0.2173867576932673
2011-09-26,0.0002121201389241,0.231201805807985,0.2511567040657585,0.2186965894905324
2011-09-27,0.0001642937615485,0.2034748827502353,0.2548757304474898,0.2158220515414044
2011-09-28,0.000216900191902,0.2337923188629258,0.2461990705978071,0.2126211052040916
2011-09-29,0.0002979797988035,0.2740272053984458,0.2417095018344161,0.2192537268119044
2011-09-30,0.0002862796706945,0.2685935163309308,0.2436179540148447,0.2224158324485588
2011-10-03,0.0003877832647895,0.312604194992572,0.2611572879741156,0.228817712284751
2011-10-04,0.0006182972446782,0.3947289014740451,0.3018027577934503,0.2385019591428358
2011-10-05,0.0002243433712561,0.2377699088542055,0.3024236115966785,0.241345322457791
2011-10-06,0.0001874891629692,0.2173643693622264,0.2930721972571433,0.2427638907909871
2011-10-07,0.0002014772138026,0.2253270021063947,0.2856873622997317,0.2459964379665364
2011-10-10,8.746758149856829e-05,0.148464913490155,0.2578397923903818,0.2439841763024739
2011-10-11,0.0001142768290599,0.1696990304129484,0.2026788829472693,0.2405798619973976
2011-10-12,9.198530477042886e-05,0.1522507694632381,0.1854936199492454,0.2368157027732845
2011-10-13,0.0001195212134399,0.1735492604042287,0.1760178922314387,0.2339986215694563
2011-10-14,6.834919204770531e-05,0.1312402240017203,0.1557968102662942,0.230952534417647
2011-10-17,8.687281115402015e-05,0.1479592795697961,0.1557005769539292,0.2303151518048978
2011-10-18,0.0002243160257881,0.2377554173906479,0.1725938735265181,0.2335297301387465
2011-10-19,0.0001305840130965,0.1814033387242859,0.1781404504275256,0.2334980091518476
2011-10-20,0.0001886627127804,0.2180435819295326,0.1876665970418894,0.2350067466820271
2011-10-21,8.031363316936904e-05,0.1422639643714493,0.189266371756355,0.2295115040544453
2011-10-24,5.303838590831174e-05,0.1156100049688371,0.1847065360116719,0.2221981036017635
2011-10-25,0.0001280969097478,0.1796675297777692,0.1710761847745031,0.2185648442184273
2011-10-26,0.0001685666332643,0.2061038368944246,0.1765825162734325,0.217420572894886
2011-10-27,0.0001021715412009,0.1604594290860677,0.1637749370503627,0.2157779500348253
2011-10-28,6.289938065387341e-05,0.125899340446152,0.1610731252539333,0.2116509258868314
2011-10-31,7.858174945324614e-05,0.1407217142526981,0.1650210204844642,0.2056283285440795
2011-11-01,0.0003616687539135,0.3018948922824002,0.1974941977570107,0.2077174936791326
2011-11-02,0.000151856595773,0.195621732266116,0.1953503833068257,0.2011072460806708
2011-11-03,0.0001363640720949,0.1853746103648361,0.1997124828727071,0.1868791026164851
2011-11-04,8.229525188861627e-05,0.1440083451607277,0.2021450660427119,0.1824738401928211
2011-11-07,9.390175843114252e-05,0.1538286160785694,0.2040459658456848,0.1795123983892509
2011-11-08,0.0001110211295227,0.167264235985223,0.1703000760675169,0.1766028534493053
2011-11-09,0.0001501958925487,0.1945491324120269,0.1700541574501997,0.1786255640625031
2011-11-10,0.0001377901592878,0.1863414074770436,0.1702653554326877,0.1793778878416474
2011-11-11,4.836072037149664e-05,0.1103943002768582,0.1651665549442642,0.1779795686633648
2011-11-14,7.822804962297711e-05,0.1404046598407269,0.162757598741887,0.1766457823999613
2011-11-15,0.0001198119007119,0.1737601766211084,0.1641130427972158,0.1783065180393092
2011-11-16,0.0001119084755283,0.1679313426169504,0.1581246501919692,0.1791088678174882
2011-11-17,0.0001940111931292,0.2211126877150165,0.1668440742248258,0.1781371899623396
2011-11-18,0.0001029328718517,0.1610561507879422,0.1748924856548772,0.177245951134067
2011-11-21,0.0001078348231259,0.1648465208238463,0.1791076852708692,0.1746146627788675
2011-11-22,0.0001063541678267,0.1637108740808881,0.1772041003636052,0.1754667003886227
2011-11-23,0.0001223536742531,0.1755936385857449,0.1786833265903805,0.1777147660334137
2011-11-25,0.0001082746479999,0.1651823577019495,0.1661523678040366,0.1770747951237209
2011-11-28,7.984994910142929e-05,0.1418526953341394,0.1626137448688586,0.1741817262998263
2011-11-29,0.0001055705377841,0.1631066384963935,0.1622624726763632,0.174293452939718
2011-11-30,5.439469047964254e-05,0.1170788708558035,0.1539816624821144,0.1740137649080444
2011-12-01,6.071316570365775e-05,0.1236920278648618,0.143539788037547,0.1734246633922181
2011-12-02,8.048299342573927e-05,0.1424138839554848,0.1385747861601317,0.1638757419450059
2011-12-05,7.143814874835417e-05,0.1341730728744976,0.1370365521367611,0.1610406844284959
2011-12-06,5.707155388843072e-05,0.1199251082129365,0.127807150947001,0.1581955823883746
2011-12-07,7.971846790758109e-05,0.1417358596570057,0.1327063910124814,0.1581022656319627
2011-12-08,0.0001632217688153,0.2028099744624401,0.150921899711024,0.1605937595543943
2011-12-09,7.105713229821062e-05,0.1338147874457418,0.1493397348717244,0.1591621380387351
2011-12-12,5.926287284011812e-05,0.1222057443646155,0.1472709153423779,0.1558556696995343
2011-12-13,0.000112884586279,0.168662134880085,0.1565301866678326,0.1549377544673651
2011-12-14,0.000131993020469,0.1823793879751437,0.1647311044926308,0.1579989801939385
2011-12-15,7.025315411126518e-05,0.1330556080593329,0.1498356386387387,0.1577096348965098
2011-12-16,5.666922569510531e-05,0.1195016521859281,0.1473959569102293,0.1553996727734295
2011-12-19,6.22343713272462e-05,0.1252320309444274,0.1479031157117166,0.1535580151395691
2011-12-20,4.180280750406616e-05,0.1026367745548576,0.135250914921034,0.1477720749732441
2011-12-21,5.7616299676854e-05,0.1204960892251993,0.1205994330793168,0.1460051554092427
2011-12-22,3.2424459678454575e-05,0.0903933838229908,0.1124173343378989,0.1430164814635871
2011-12-23,1.556041998008599e-05,0.0626196920703197,0.1027899472302714,0.1393331003693199
2011-12-27,1.7734509745780552e-05,0.0668513010788623,0.0912303690001093,0.1349642466850436
2011-12-28,3.170462550429954e-05,0.0893843701498393,0.0883970127046603,0.1316748764196492
2011-12-29,2.184745543266289e-05,0.0741994526194839,0.0775324583977616,0.1291273823785026
2011-12-30,1.2274899088884545e-05,0.0556172146947229,0.0706805790262524,0.1249208619317799
2012-01-03,2.988725384037248e-05,0.0867847219720952,0.075616246125054,0.123792165336987
2012-01-04,2.840399390104817e-05,0.0846038206174173,0.0790920898666247,0.1222882386896148
2012-01-05,5.126644622675864e-05,0.1136624144083838,0.0850968533136342,0.1209121625556859
2012-01-06,2.998942270951055e-05,0.0869329311756865,0.0874747368937758,0.1189326479039615
2012-01-09,1.7058790292009848e-05,0.0655653502513826,0.0888422068122625,0.1169899428073648
2012-01-10,2.1215078981145208e-05,0.0731177126505513,0.0863473224736457,0.11408995131197
2012-01-11,2.0999114319112323e-05,0.072744599857421,0.0841585062096411,0.1067118603050991
2012-01-12,3.4743921276473995e-05,0.0935706586578904,0.0790564286439999,0.1047447841351826
2012-01-13,3.6226027657165785e-05,0.095545585819575,0.0810200209781858,0.1034775010002104
2012-01-17,2.9522942553089248e-05,0.0862541681507536,0.0848082370602294,0.0987558781846654
2012-01-18,2.468999202270297e-05,0.0788788817727606,0.0858345658261203,0.0923234317997115
2012-01-19,1.993184786425632e-05,0.0708718961351577,0.0855206551730858,0.0891471164398351
2012-01-20,1.1199918660784089e-05,0.0531260717775894,0.0782762079395973,0.0861764360212593
2012-01-23,2.728246584934769e-05,0.0829167135988614,0.0753419485697645,0.0838213572743047
2012-01-24,2.23609658698882e-05,0.0750663932742996,0.0729071024623507,0.0824822555255849
2012-01-25,4.046929942559528e-05,0.100986451840086,0.0781711115602271,0.0812829095370037
2012-01-26,3.904031455244064e-05,0.0991874955184122,0.0841058226500756,0.0817477399881824
2012-01-27,3.0429300337910184e-05,0.0875681659346212,0.0896824968439947,0.0827829043890849
2012-01-30,3.011472301070833e-05,0.0871143512786412,0.0904748362867029,0.0836350343735952
2012-01-31,4.722405538484003e-05,0.1090892385021533,0.0971534647486093,0.084691126983101
2012-02-01,2.160006397482336e-05,0.073778154772639,0.0921291823796367,0.0846743953800017
2012-02-02,1.8691811829148835e-05,0.0686318918648284,0.0863841519532747,0.0851073207875213
2012-02-03,1.2730259628063951e-05,0.0566394334918007,0.0810567088951322,0.0839448061619169
2012-02-06,1.2382672895910364e-05,0.0558608411122622,0.0753425160923392,0.0828445141929541
2012-02-07,1.982510458519917e-05,0.0706818672324818,0.0655407324556454,0.0806415975466846
2012-02-08,2.022478383142301e-05,0.0713907944031903,0.0650097953511247,0.0799450921258158
2012-02-09,3.2983157385385824e-05,0.0911688305349872,0.0703317659925404,0.0810778893516051
2012-02-10,2.2372405378430736e-05,0.0750855921956039,0.0737056405809484,0.0811596007231096
2012-02-13,1.3472663217263429e-05,0.0582675821598115,0.0740773714817429,0.0806267245600181
2012-02-14,3.362520833200805e-05,0.0920519011192383,0.0786319413119332,0.0805472182325625
2012-02-15,4.705392593353473e-05,0.1088925586771233,0.0868053624865984,0.0813134860769597
2012-02-16,2.941292285453011e-05,0.0860933014777664,0.0857626441760899,0.0813057365279343
2012-02-17,1.0581660816060543e-05,0.0516389245206293,0.0822251640930631,0.0803057798122626
2012-02-21,2.7198536599560023e-05,0.0827890767135926,0.0863293787108357,0.0808223662588406
2012-02-22,1.9643177916773028e-05,0.0703568108645268,0.0821466207197293,0.0814184781521395
2012-02-23,1.90530816612155e-05,0.0692919661910838,0.0730535744802824,0.0808375205542855
2012-02-24,1.1148295919619487e-05,0.0530034958445583,0.0664551544037531,0.0800391697342768
2012-02-27,2.53116251879922e-05,0.0798656969378846,0.0718239357816879,0.0789470988904123
2012-02-28,2.795921643371715e-05,0.0839388023580079,0.0720903323255868,0.0781390778108198
2012-02-29,4.376908644000883e-05,0.1050229012305517,0.0800809703012184,0.0791107873010107
2012-03-01,3.461551038017818e-05,0.0933975835651271,0.084836950745653,0.0794359562219187
2012-03-02,2.061287151656546e-05,0.0720724886636676,0.0876032123949027,0.0774935618336915
2012-03-05,2.571442532035504e-05,0.0804986657077586,0.0877190056292108,0.077797045346986
2012-03-06,2.4420552751082725e-05,0.0784473026513521,0.0866964549389001,0.0782176475484184
2012-03-07,2.429517983333921e-05,0.0782456728388316,0.0808380504836465,0.0790599221614726
2012-03-08,1.5061039799911124e-05,0.0616066719566769,0.0744932553238958,0.0792537113807545
2012-03-09,1.4785239158551885e-05,0.0610399890887529,0.0724950509890658,0.0788886645850316
2012-03-12,1.8153451277295623e-05,0.0676363047621504,0.069817328265532,0.078738143406591
2012-03-13,3.5396795425620814e-05,0.0944457116403727,0.0736726676382345,0.0789135118579802
2012-03-14,2.048179583517872e-05,0.0718429714757472,0.0723565297912115,0.0787761783841384
2012-03-15,2.2253575918025697e-05,0.0748859207818297,0.0748195911762384,0.079412011965904
2012-03-16,1.1344812382323657e-05,0.0534686143484713,0.0736517054402514,0.0777885328073614
2012-03-19,1.7037124460948776e-05,0.0655237007819238,0.0732687576168292,0.0755461912968095
2012-03-20,2.122046255164168e-05,0.0731269892926934,0.0682189392021389,0.0749225340637258
2012-03-21,2.16228273654316e-05,0.0738170203685353,0.0686391408380806,0.07576184827894
2012-03-22,2.6006757070613764e-05,0.0809549429114409,0.0700035140909391,0.0756717011957245
2012-03-23,1.95675447808947e-05,0.0702212310116069,0.072903482070257,0.0756659766253118
2012-03-26,8.442554250601188e-06,0.046125087221072,0.0698695309800114,0.0748585415977405
2012-03-27,1.17681899478121e-05,0.0544571746131641,0.0663728620758044,0.0749059533980015
2012-03-28,3.609315636637429e-05,0.0953702018679121,0.07165655170172,0.0757258172185415
2012-03-29,3.2378711830680765e-05,0.0903295930541677,0.0738634410360677,0.0760593367334125
2012-03-30,1.9427532121089724e-05,0.0699695511956065,0.0738156574422695,0.0742037820056787
2012-04-02,2.0825098951722e-05,0.072442563012596,0.0779283743996432,0.0731316509413137
2012-04-03,3.655107901686592e-05,0.0959732874931885,0.085568038107995,0.0743693706553869
2012-04-04,2.4525613725917814e-05,0.0786158677299391,0.0820907119994234,0.0742777624544045
2012-04-05,2.1073608605786068e-05,0.0728735162364084,0.0785436680709373,0.0740192425750684
2012-04-09,1.754686965466997e-05,0.066496700316458,0.0779379394501165,0.0734952341700051
2012-04-10,6.25063373597417e-05,0.1255053664775132,0.0904160208231606,0.0771039153558845
2012-04-11,1.9147961871229043e-05,0.0694642814081432,0.0854279797101284,0.0774272998936766
2012-04-12,1.7376940004524774e-05,0.0661739290139269,0.0832925360509326,0.0773698402813099
2012-04-13,3.470875862626472e-05,0.0935232974922222,0.0873204335927624,0.0773188918464484
2012-04-16,4.892086472930107e-05,0.1110317878437696,0.0959484625962784,0.0793975292039712
2012-04-17,1.4638660496628492e-05,0.0607366647516175,0.082423155488543,0.0788463204523112
2012-04-18,2.4805121103036227e-05,0.0790625734337374,0.0841349950137968,0.0798180679228842
2012-04-19,7.465687849383064e-05,0.1371624342903162,0.0998278833083855,0.0838506532985375
2012-04-20,2.525594942626218e-05,0.0797778117988834,0.0974124463410734,0.0841258386372944
2012-04-23,2.7458495353432217e-05,0.0831837774392634,0.0916923185747242,0.0845221962010825
2012-04-24,3.311510498203365e-05,0.0913510068662216,0.0966369188647544,0.085002497286329
2012-04-25,2.5963641523233263e-05,0.0808878091176586,0.0969385553680839,0.0854323646271081
2012-04-26,1.689749975881042e-05,0.065254654540655,0.0805357735953784,0.085997305093931
2012-04-27,1.6742549123225047e-05,0.0649547717958635,0.077826315943471,0.0863279532173713
2012-04-30,1.6492651995271358e-05,0.0644681960567253,0.0741906796577688,0.0850176489821368
2012-05-01,3.225265711702472e-05,0.0901535889107595,0.0738971553964374,0.085009156795033
2012-05-02,2.611434631352505e-05,0.0811222242730579,0.0739485300537876,0.0854584762098872
2012-05-03,3.312078733767035e-05,0.0913588441755527,0.0792845432041483,0.0862785760060261
2012-05-04,3.3357060039983015e-05,0.0916841269254156,0.0844002970450641,0.086066292136203
2012-05-07,3.856005541754604e-05,0.0985755241691445,0.0907502466871452,0.0869951998236693
2012-05-08,5.9769830504322055e-05,0.1227273290147274,0.098094203766061,0.089506493758923
2012-05-09,8.211838710473469e-05,0.1438535142093968,0.1115575029676375,0.0935470459539843
2012-05-10,4.746165424211836e-05,0.1093633250638157,0.1147512795586988,0.0926213787421501
2012-05-11,3.1643555366151255e-05,0.089298241596742,0.114374365680416,0.0933908514993086
2012-05-14,4.287183164488724e-05,0.1039408561370916,0.1153204623935211,0.0949414742824186
2012-05-15,4.8299295971386206e-05,0.1103241704468668,0.1127860545732297,0.0957578036856034
2012-05-16,8.37673445995989e-05,0.1452906426412207,0.1131538844403351,0.0978197707740914
2012-05-17,8.986936886352287e-05,0.1504894712383818,0.1222339984654658,0.1021295311007645
2012-05-18,7.405456410210419e-05,0.1366080164328955,0.1306853672801493,0.1048550003877063
2012-05-21,4.264588496272162e-05,0.1036665954423402,0.1306417908188891,0.1030917054173547
2012-05-22,7.503960692135169e-05,0.1375135664004851,0.1357018392662554,0.1058213064251697
2012-05-23,8.999588302257953e-05,0.1505953602263032,0.1368535988447613,0.1091534985385006
2012-05-24,8.232469050790901e-05,0.1440341001568485,0.1354572099507439,0.1117056832815588
2012-05-25,3.450822037161755e-05,0.093252729362993,0.1278887016261538,0.1121429174946358
2012-05-29,4.586910521323494e-05,0.107512857434519,0.1285222560658241,0.113612897664735
2012-05-30,3.99914076389237e-05,0.1003884192773687,0.1214559222945299,0.1147788988551987
2012-05-31,8.895106879009775e-05,0.1497186338940635,0.1212389476327546,0.1183392320878949
2012-06-01,5.758345591371943e-05,0.1204617403587433,0.1159824305640757,0.1195588835568873
2012-06-04,8.604315477467524e-05,0.1472510611276474,0.12668577226139,0.122396012589971
2012-06-05,4.763274201835867e-05,0.1095602619046996,0.1270361058457122,0.1230731966857471
2012-06-06,3.446784713854011e-05,0.0931981624224003,0.1259356372883532,0.1231248768679966
2012-06-07,6.038610319461503e-05,0.1233584127858452,0.1200837644030671,0.1241359849524498
2012-06-08,3.759104454997507e-05,0.0973290461609159,0.1158123177407249,0.1231084678171008
2012-06-11,6.283851894239728e-05,0.125838415332855,0.1106479972459141,0.1222082350827922
2012-06-12,6.741667129087534e-05,0.1303418626738953,0.1150655870791378,0.1231398732006909
2012-06-13,6.627944168069112e-05,0.129237840060619,0.1218334670556127,0.1247403972497707
2012-06-14,8.500421306968615e-05,0.1463593580662368,0.126823288210386,0.1266600725728878
2012-06-15,2.1165037290524843e-05,0.0730314274625127,0.1235162971701239,0.1254271237999735
2012-06-18,5.158386424030584e-05,0.1140137438581729,0.1211983542364868,0.1239488452793042
2012-06-19,2.4997087927628653e-05,0.0793679164257347,0.1120316654706397,0.1209141586223575
2012-06-20,8.206904693974748e-05,0.1438102911088645,0.1155287417623067,0.1212931820561696
2012-06-21,6.137499334101497e-05,0.1243643772224818,0.1102541495765884,0.122174340336068
2012-06-22,2.9788234144278104e-05,0.0866408391254267,0.1122077832429012,0.120034309804313
2012-06-25,3.779513674027936e-05,0.0975929016811694,0.109067111240211,0.1175172315413616
2012-06-26,6.438509948103859e-05,0.1273775689406173,0.1178167667888421,0.116639658128326
2012-06-27,3.097845323146008e-05,0.0883547973475574,0.1063288512760235,0.1164662095637265
2012-06-28,6.449683407873684e-05,0.1274880472351886,0.1070661729345918,0.1173786613364912
2012-06-29,2.291950157647902e-05,0.0759981210114612,0.1054370962491041,0.1165426926630696
2012-07-02,4.230416106424017e-05,0.1032504168911124,0.1065093239644796,0.1142273176096632
2012-07-03,2.345238208936745e-05,0.0768765262386419,0.0963391256698453,0.1125029961901699
2012-07-05,2.2087298865147583e-05,0.0746056252169847,0.093984642121828,0.1091986212969987
2012-07-06,3.0938457060159354e-05,0.0882977416424687,0.0845089980595663,0.1083194970782293
2012-07-09,2.6446149614255088e-05,0.081635958393298,0.0855541571996107,0.1078945251083945
2012-07-10,5.423613884450704e-05,0.1169081134430616,0.0889993567070074,0.1075675764446417
2012-07-11,4.85488570658934e-05,0.1106088241534333,0.09584230711475,0.1081494348747131
2012-07-12,4.73700937557011e-05,0.1092577851982945,0.1022741448048428,0.1073271470053526
2012-07-13,3.4100250747309915e-05,0.0926998553845802,0.1030502552029559,0.1055343168396401
2012-07-16,2.5828105496902075e-05,0.0806764066206429,0.1028990071569194,0.1033157314342556
2012-07-17,6.042060288551167e-05,0.1233936462187131,0.1044025989214176,0.1019438388599516
2012-07-18,2.331921263435205e-05,0.076657951863174,0.0981240469110233,0.1020647901134211
2012-07-19,2.889616805593832e-05,0.0853336648111192,0.0932590088245026,0.100783650130832
2012-07-20,3.045100772103956e-05,0.0875993946651571,0.0922676588973874,0.1010931071135566
2012-07-23,3.98581565822274e-05,0.1002210330156365,0.096023098539388,0.0986727406308144
2012-07-24,8.168757554787967e-05,0.1434756740289645,0.1014509284101845,0.0998447852408111
2012-07-25,3.855715581337391e-05,0.0985718178029107,0.1051678810831096,0.1003465253590263
2012-07-26,4.521048583459971e-05,0.1067381957422886,0.1090069943974037,0.1007688672402936
2012-07-27,3.947479037444686e-05,0.0997378923697538,0.1110735048212999,0.0993429833301964
2012-07-30,3.0374286684606417e-05,0.0874889721308966,0.1089005804871913,0.0993081461098264
2012-07-31,3.040715664880346e-05,0.0875362980454306,0.0963057802934684,0.0973222796903087
2012-08-01,5.603373299311151e-05,0.1188297130951013,0.1007751100609301,0.0992518745065947
2012-08-02,7.03672997620851e-05,0.1331636569790926,0.1068808974033145,0.1008582425530234
2012-08-03,1.774213603572622e-05,0.0668656734132171,0.1016277543344647,0.1005334611853508
2012-08-06,1.5012184165886928e-05,0.0615066696367435,0.0977443117737439,0.1001295890083827
2012-08-07,1.0042620027421097e-05,0.0503064632717319,0.0923448852855705,0.0989271564328286
2012-08-08,1.7237117568165846e-05,0.0659071591496537,0.0810692816113966,0.0983925657949881
2012-08-09,1.6233130036307065e-05,0.0639589616015565,0.0619989214971415,0.096155030091608
2012-08-10,1.6187947918534298e-05,0.0638698902102598,0.0613639567311483,0.094207803854772
2012-08-13,1.6223823741148413e-05,0.0639406254486879,0.0618595329783164,0.0922948749471928
2012-08-14,2.2350573492747616e-05,0.0750489474954339,0.0666852508051659,0.0915628567123664
2012-08-15,9.897285915596244e-06,0.049941125845642,0.0638513520581856,0.0905608990255016
2012-08-16,1.3114949564174088e-05,0.0574888449194438,0.0626086165304973,0.0875180648556678
2012-08-17,7.080112936952159e-06,0.0422396550662046,0.058828598324209,0.0864488297807212
2012-08-20,1.187010275115557e-05,0.0546924665131424,0.0569330874175596,0.085313388934624
2012-08-21,2.021920379573647e-05,0.0713809453322494,0.0559817417571669,0.0846237181194849
2012-08-22,3.301952199979094e-05,0.0912190744523716,0.0655691704142239,0.0841596115586003
2012-08-23,3.2096612309281355e-05,0.0899352339294166,0.0724982200551361,0.0807143003137813
2012-08-24,2.4288313522301266e-05,0.0782346151496888,0.0782514231222956,0.0796953899076756
2012-08-27,1.3480068462639491e-05,0.0582835933396796,0.078768188328305,0.0773815072511361
2012-08-28,2.5579800574704687e-05,0.080287668697164,0.0804649089366497,0.0763461647511257
2012-08-29,1.1554876248861578e-05,0.0539613640924052,0.0734355732893567,0.074921085683151
2012-08-30,1.547262657990992e-05,0.0624427890003105,0.0674902551749226,0.0737705959473396
2012-08-31,6.287692038944853e-05,0.125876860217202,0.0806213391707207,0.07429997595902
2012-09-04,3.1367550872175925e-05,0.0889079457629537,0.0860309795545827,0.0712303448758717
2012-09-05,2.473266128614502e-05,0.0789470116224075,0.0857824785313272,0.0717902174419864
2012-09-06,1.958734854478137e-05,0.0702567564956204,0.0881105568402105,0.0721542912702201
2012-09-07,1.1449060187898688e-05,0.0537137148906168,0.0869521850244984,0.0722658417335261
2012-09-10,1.0738233415148646e-05,0.0520195619033595,0.0702345545798497,0.0717489380933299
2012-09-11,1.3369713068658487e-05,0.0580445319845197,0.0634492051308179,0.0715200040387949
2012-09-12,1.7125582079410906e-05,0.0656935817566035,0.0603523391403615,0.0715950497648038
2012-09-13,6.025399821718809e-05,0.1232234050443802,0.0754453708533699,0.075034637239958
2012-09-14,2.943079031747279e-05,0.0861194470488701,0.0812298170731231,0.0755731265145154
2012-09-17,1.2753089990553332e-05,0.0566901991319437,0.0818525012026721,0.0757892432259672
2012-09-18,1.100432316749572e-05,0.0526601313918691,0.0811209979112365,0.0756295783590422
2012-09-19,1.556877589876872e-05,0.0626365031470445,0.0806359303946477,0.0762696984293956
2012-09-20,2.3715994060284424e-05,0.0773073767708598,0.0682688645072007,0.077154106818503
2012-09-21,8.509333170060018e-06,0.0463071480319736,0.0600516146400155,0.0762799118615925
2012-09-24,1.6704968255532363e-05,0.0648818310499492,0.0616876899018586,0.0750449808859865
2012-09-25,3.352869377633988e-05,0.0919196977346947,0.0702893972382294,0.0751541948159723
2012-09-26,2.7780930867247208e-05,0.0836707510337172,0.0745391975709756,0.0754198869169805
2012-09-27,2.2636802311185365e-05,0.075527969537243,0.0741734501716776,0.0761120592721907
2012-09-28,3.534836857977522e-05,0.0943810832852821,0.0827912319936114,0.076843607885714
2012-10-01,4.252580318626453e-05,0.1035205409710491,0.0903092363799456,0.0791182530347281
2012-10-02,4.407413096379832e-05,0.1053882393954713,0.093205408693792,0.0811622769228469
2012-10-03,2.9408562169043257e-05,0.0860869192537339,0.0936444383152962,0.0787651595870677
2012-10-04,2.9252170148321675e-05,0.0858577129754634,0.095408046654247,0.078611192842503
2012-10-05,2.6935164212563624e-05,0.0823872646806897,0.0931593788422374,0.0787714942730276
2012-10-08,1.233237358144162e-05,0.0557472702697027,0.0845985875425142,0.0782422256170954
2012-10-09,3.055292375423658e-05,0.087745864780442,0.080470194300912,0.0796283363074635
2012-10-10,3.105799134311388e-05,0.0884681514357833,0.0809850813495899,0.081076664546007
2012-10-11,1.953222998310261e-05,0.0701578360252214,0.0779018511774441,0.0815108236004069
2012-10-12,2.659088522814209e-05,0.0818590439566197,0.0777904027246151,0.082173201891948
2012-10-15,2.724144407916985e-05,0.0828543535847743,0.0824788694705699,0.079839158983736
2012-10-16,1.2826322796087198e-05,0.0568527338358849,0.0768722526068579,0.0786390149942002
2012-10-17,1.357210090019794e-05,0.0584822146199156,0.0709087747921907,0.0786986408837556
2012-10-18,2.923902935817768e-05,0.0858384261170996,0.0742783752584384,0.0800146633303033
2012-10-19,3.639676724042586e-05,0.0957704826373309,0.0775338215519685,0.0814918494170532
2012-10-22,4.40104595083388e-05,0.1053120876067955,0.0828049024036779,0.0829058827729499
2012-10-23,3.4491752180446555e-05,0.0932304754330499,0.0891548624756627,0.0846817701629792
2012-10-24,2.5761195105017564e-05,0.0805718385446455,0.0925360462251183,0.0852920697370496
2012-10-25,4.04856381750905e-05,0.1010068355118741,0.0955497197031453,0.0857579488786315
2012-10-26,5.547828865454498e-05,0.1182392859456844,0.1004562472652709,0.0875881638100456
2012-10-31,3.001292446279929e-05,0.086966987786317,0.0968812770783192,0.0880691578594874
2012-11-01,2.4393699266837226e-05,0.0784041594256515,0.0942180448824966,0.0873538539990924
2012-11-02,3.426699735977245e-05,0.0929262252255124,0.0964662242192561,0.0868106844907638
2012-11-05,2.064425898647757e-05,0.0721273406177736,0.0911357608407024,0.0852509026825906
2012-11-06,2.908595825841667e-05,0.0856134421754025,0.0835197788074707,0.0852292269531905
2012-11-07,6.845977386429148e-05,0.1313463475464828,0.0944101406729385,0.0878244066644736
2012-11-08,6.443143178660435e-05,0.1274233919271665,0.1045522662637224,0.0902365175927655
2012-11-09,7.312748280131221e-05,0.1357502326551622,0.1135330121468373,0.0940160063459544
2012-11-12,1.897228527270537e-05,0.0691448905467479,0.1131612891936098,0.0933078694396308
2012-11-13,5.410400185857401e-05,0.1167656133815116,0.1186017991828442,0.0947118792673784
2012-11-14,5.402435817434039e-05,0.1166796394403658,0.1154939038158906,0.0967751606795308
2012-11-15,7.715951500012402e-05,0.1394424532917836,0.1182384760244971,0.0997229782590063
2012-11-16,9.172930462831995e-05,0.152038760736651,0.12213872863542,0.1033602995485833
2012-11-19,2.463827323078716e-05,0.0787962236034085,0.1233022093304255,0.1040127494393547
2012-11-20,3.997596680077169e-05,0.1003690372265992,0.1203801555857561,0.1054566087453405
2012-11-21,1.3576053650991444e-05,0.0584907302061603,0.1115920575617909,0.1046025050411147
2012-11-23,2.258073549759812e-05,0.0754343777424771,0.0984988163581002,0.1038432843147633
2012-11-26,1.795543471108961e-05,0.0672664072713459,0.077355114763785,0.1023961875824357
2012-11-27,4.2830426432861e-05,0.1038906514614331,0.0830704418039465,0.1028615329200974
2012-11-28,6.617672408899009e-05,0.129137657057984,0.0906709240541259,0.105087756035081
2012-11-29,4.020224341379544e-05,0.1006526966368832,0.0977914946857568,0.1050723099123354
2012-11-30,3.0344804317005427e-05,0.0874465018619119,0.0997721679696924,0.1036932865307027
2012-12-03,3.2992193472544726e-05,0.0911813180157057,0.1035004258104761,0.1038577096022816
2012-12-04,4.070699703920167e-05,0.1012825910701282,0.1029821212711674,0.1047534498461933
2012-12-05,5.557598125396264e-05,0.1183433448741355,0.1003545707111741,0.1059120860869293
2012-12-06,2.8848692167779624e-05,0.0852635351500303,0.0974618945015171,0.1063548213861935
2012-12-07,2.128571198296917e-05,0.0732393297327892,0.0950907073598121,0.105933940531684
2012-12-10,1.2780324806014204e-05,0.0567506991244652,0.0895743514930266,0.1028796237184423
2012-12-11,1.6123855033021996e-05,0.0637433248922704,0.0823685260781376,0.1001542592340707
2012-12-12,2.198704423982256e-05,0.0744361145441867,0.0713560905793764,0.097185828003148
2012-12-13,3.5929040951040635e-05,0.095153130897844,0.0738142346803686,0.0981800239016908
2012-12-14,1.978152299724737e-05,0.0706041344066077,0.0732989093818465,0.096157000260547
2012-12-17,1.874508786872956e-05,0.0687296307491888,0.0753216713498114,0.0940322322067705
2012-12-18,2.5789180955508068e-05,0.0806155915489555,0.0784887673582806,0.0908495287134654
2012-12-19,2.102930951441357e-05,0.0727968817850889,0.0781806675033009,0.0862774626411231
2012-12-20,2.788633236807577e-05,0.0838293251598454,0.0755437903383214,0.0864928066420412
2012-12-21,4.256384996849565e-05,0.1035668392491578,0.0827954922567115,0.0866639984433748
2012-12-24,9.870152264565094e-06,0.0498726214537636,0.0800487150651482,0.086418743396976
2012-12-26,2.695291490519664e-05,0.0824144074547014,0.0804142336570186,0.0867080188798715
2012-12-27,6.99260260188617e-05,0.1327454652963827,0.0945031400878816,0.0900754130632029
2012-12-28,5.320699384708672e-05,0.1157936200723764,0.1010297224830986,0.0907327884593824
2012-12-31,0.0001040020135224,0.1618904178994075,0.1153407485155558,0.093089797500915
2013-01-02,3.056054594289002e-05,0.087756809294825,0.1197759746757098,0.0924946978849161
2013-01-03,2.1382269193285653e-05,0.0734052575549461,0.1185981600432147,0.0919380626881995
2013-01-04,1.3851208817947083e-05,0.0590804927376428,0.1060158138143073,0.090737842668252
2013-01-07,1.1450050223472173e-05,0.0537160372357733,0.0955761624050667,0.088871992578801
2013-01-08,1.7151833242843927e-05,0.0657439120922741,0.0689750225370755,0.0863602913090323
2013-01-09,1.2221654550561706e-05,0.055496458866684,0.0619134364077518,0.0852504824433273
2013-01-10,2.128496940656805e-05,0.0732380522027664,0.0618738207852574,0.0852504325557643
2013-01-11,1.1228693276547494e-05,0.0531942732414868,0.0607963396536306,0.0851461274343227
2013-01-14,1.322384602322311e-05,0.0577270231161474,0.0615271828022953,0.0849508371473795
2013-01-15,1.1432077834980394e-05,0.0536738634198718,0.059138131108708,0.0842362296733723
2013-01-16,6.082745326957042e-06,0.0391516515921509,0.0564616465059342,0.0821819118766975
2013-01-17,8.092032300433771e-06,0.0451574151132381,0.0502294086767095,0.0813631909230589
2013-01-18,1.0508956265259308e-05,0.0514612182021116,0.0498670106447436,0.0807813573379438
2013-01-22,1.2757069982248171e-05,0.0566990443969432,0.0496305675786388,0.0798520556144216
2013-01-23,6.349600082619463e-06,0.0400012402410238,0.0469791055625673,0.0787921403878754
2013-01-24,1.7900242265456822e-05,0.06716294403088,0.0529399490475693,0.0780628930024313
2013-01-25,1.7620498756858067e-05,0.0666360689621486,0.0572963603954302,0.0762108949800922
2013-01-28,1.1136923671184187e-05,0.0529764548185174,0.0575718895974557,0.0763060338657716
2013-01-29,1.3468936641610186e-05,0.0582595231158457,0.0578826446480591,0.0752871699720206
2013-01-30,1.4301593698313225e-05,0.0600333375048808,0.0612468858774423,0.0709295803878531
2013-01-31,2.378004600947744e-05,0.0774117019215332,0.0636201472678513,0.0685122840255854
2013-02-01,1.309525089898138e-05,0.0574456545488282,0.0618017042349651,0.0604370533514578
2013-02-04,1.583950184073422e-05,0.0631787500973628,0.0636903492382592,0.0590255414968846
2013-02-05,1.2759447140762358e-05,0.0567043268143808,0.0634090081553772,0.0581828500664359
2013-02-06,1.5191416842314573e-05,0.0618727488015788,0.0637616609076831,0.0583146252288997
2013-02-07,3.228776369578896e-05,0.0902026410441446,0.067039826768097,0.060326462284179
2013-02-08,1.2751388403659645e-05,0.0566864170478451,0.066910445397802,0.0599072362598527
2013-02-11,6.523485865144519e-06,0.0405452640639621,0.0633046641106524,0.0593599783025486
2013-02-12,7.82874816768404e-06,0.0444167146270002,0.0613104662347252,0.0580471543337985
2013-02-13,1.7202078688888212e-05,0.0658401384384922,0.0621313980768716,0.0586335615579934
2013-02-14,7.774374487144369e-06,0.0442622002476196,0.0512331514829119,0.0580988237536848
2013-02-15,1.267165936098638e-05,0.0565089210564895,0.051193920216372,0.0582208911345058
2013-02-19,1.2848229714953742e-05,0.0569012643811044,0.0542179357514711,0.0588826605457015
2013-02-20,2.3022381278196225e-05,0.0761684979640891,0.0608715341183419,0.0603173944559802
2013-02-21,2.49375277282686e-05,0.0792733056427173,0.063993830151861,0.0616722044492129
2013-02-22,1.5131982690912802e-05,0.0617515962393687,0.0668283903066292,0.0618923609761131
2013-02-25,7.179798019348812e-05,0.1345105609562275,0.0862902098788342,0.0676782519876496
2013-02-26,4.50622063496104e-05,0.1065630142221109,0.0952343674485212,0.0699390716576969
2013-02-27,2.6694710956529043e-05,0.0820187000692239,0.096201196245722,0.0706782478591949
2013-02-28,2.98593246213535e-05,0.0867441629424198,0.0974819404942238,0.0721794382989209
2013-03-01,5.091672754278385e-05,0.1132740717939526,0.106330992015751,0.0750920683973849
2013-03-04,1.9462099122430388e-05,0.0700317712103046,0.0931050560231419,0.0754846340664543
2013-03-05,1.6513010249097753e-05,0.0645079730170824,0.0850274777563498,0.0749312310636189
2013-03-06,1.430174139546966e-05,0.0600336474958698,0.0812715590334599,0.0750233909453708
2013-03-07,1.0399690053512717e-05,0.051192986760739,0.0749953380251732,0.0746069609189454
2013-03-08,1.1435594769488544e-05,0.0536821188284433,0.0602864133427749,0.0745052648502049
2013-03-11,7.475315790975043e-06,0.0434025296420117,0.0550483219892356,0.073909742660726
2013-03-12,1.6100451781700963e-05,0.0636970474118592,0.0548591360401689,0.0726445576768688
2013-03-13,1.2846436085770082e-05,0.0568972924980974,0.0541865058798304,0.072652050818012
2013-03-14,5.44919685596772e-06,0.0370566810130624,0.0518331222512076,0.072567313549394
2013-03-15,1.1002555224415466e-05,0.0526559010610653,0.0516221596723437,0.0728173709561898
2013-03-18,2.1273423460336164e-05,0.073218185664524,0.0579678531237163,0.0731368916260257
2013-03-19,5.846214403827181e-05,0.1213773467235319,0.0741302993755179,0.0770039627358875
2013-03-20,1.9374697455780664e-05,0.069874342636312,0.0763172697267954,0.077500906649989
2013-03-21,2.632672419919408e-05,0.081451424163098,0.0829249843934327,0.0784906399470592
2013-03-22,1.536566916221827e-05,0.0622265910112309,0.0842404533411135,0.077929945478834
2013-03-25,4.668111119737108e-05,0.1084603154233727,0.0915259604760468,0.0795118812978638
2013-03-26,1.684074477344195e-05,0.0651449743488119,0.0792419265169358,0.0796348689988934
2013-03-27,1.8956002342051977e-05,0.0691152124368948,0.0791086637757429,0.0757392337118851
2013-03-28,1.0842799203389698e-05,0.052272223974633,0.0740120994472862,0.0731058394978101
2013-04-01,1.9554500403330497e-05,0.0701978212029353,0.0754248497456047,0.072544303031616
2013-04-02,1.6672993090072652e-05,0.0648197057899703,0.0646258369890805,0.0714956814670591
2013-04-03,3.079079336350416e-05,0.0880867749869584,0.0698539995667989,0.0698648627034179
2013-04-04,2.7194061837801407e-05,0.0827822661149473,0.0727652352024242,0.070495852069065
2013-04-05,2.3132278552629887e-05,0.0763500765897633,0.0769036358910671,0.0710315835991437
2013-04-08,1.4240388437814312e-05,0.0599047400990039,0.0751421184836028,0.0710266365412294
2013-04-09,1.870715126621523e-05,0.0686600474736672,0.0758212341120968,0.0716933838679182
2013-04-10,1.5266353300240384e-05,0.0620251645032931,0.0704728867231426,0.0719987561569543
2013-04-11,1.972423405309636e-05,0.0705018225394229,0.0677491582438022,0.0729666134554088
2013-04-12,1.916753235545742e-05,0.069499770888653,0.0662580201515731,0.0732069579548002
2013-04-15,8.519128586796413e-05,0.1465203195421268,0.0892527336549745,0.078663435363759
2013-04-16,2.8496439588223925e-05,0.0847413876227692,0.0919751629317125,0.0803239176877402
2013-04-17,6.129052074023447e-05,0.1242787641817341,0.1038221972185657,0.0838329144162627
2013-04-18,5.798606663780664e-05,0.1208821276811724,0.1127273036915199,0.0863046011494015
2013-04-19,3.466193646346205e-05,0.0934601946755539,0.1161394117627758,0.0847104693651499
2013-04-22,3.341615713086716e-05,0.0917653071535126,0.1043019485736192,0.0856545512985763
2013-04-23,7.1085175726052e-05,0.1338411905317832,0.1141287377376988,0.0885967825355408
2013-04-24,1.3822724427281316e-05,0.059019713280182,0.1031163994882851,0.0884969838189399
2013-04-25,1.4257505891700654e-05,0.0599407331011939,0.0918099797506995,0.0863731351999895
2013-04-26,2.1919310788573856e-05,0.0743213718840052,0.0882430963181227,0.086709233358045
2013-04-29,1.4036865050162672e-05,0.0594751207871072,0.0825234980289977,0.0863837060320569
2013-04-30,2.049215942165032e-05,0.0718611450942432,0.0652705117583748,0.0870211106747102
2013-05-01,2.664604370194756e-05,0.0819439016211138,0.0700466629943448,0.0874865938765309
2013-05-02,1.1679588856295574e-05,0.0542517869916419,0.0691130087469711,0.0871590897861395
2013-05-03,9.684026744521888e-06,0.049400149186207,0.0644976717582789,0.0857609381636693
2013-05-06,6.368157935480186e-06,0.040059653015734,0.061428387767047,0.0843586821366454
2013-05-07,1.0448997646914047e-05,0.0513142027807345,0.0571600513489271,0.0834931496242913
2013-05-08,8.671495844562328e-06,0.0467463041622512,0.0485937676888689,0.0831102695269568
2013-05-09,2.7936983658577936e-05,0.0839054222441055,0.0563979339713326,0.0837438979002026
2013-05-10,2.661146416495476e-05,0.0818907135734486,0.0635127530675896,0.0845162323083932
2013-05-13,1.675786170555785e-05,0.0649844685274918,0.0675093391482728,0.0843149754000812
2013-05-14,1.5497767477632483e-05,0.0624934988967923,0.069368356414901,0.084065329286905
2013-05-15,2.553401620579294e-05,0.0802157845056683,0.0752451985040292,0.0798976387703438
2013-05-16,2.4071269333923183e-05,0.0778842723028766,0.0739392175773328,0.0795797987384635
2013-05-17,1.4085552260700729e-05,0.0595781769584852,0.0695392114995112,0.0761067205319291
2013-05-20,1.9420402001385844e-05,0.0699567102167421,0.0704974748972152,0.0731469804678396
2013-05-21,2.4643889568788817e-05,0.0788052039609998,0.0736943588090551,0.0723583345444166
2013-05-22,9.339373281050851e-05,0.1534119313099478,0.0940796908857349,0.0769593687923543
2013-05-23,6.226342127614764e-05,0.1252612556283434,0.1038069009991317,0.0763000344533496
2013-05-24,2.902269225851114e-05,0.0855202809229764,0.1073718051954664,0.0774325769945233
2013-05-28,3.192868759279535e-05,0.0896996615009467,0.1102684095502434,0.0787287706879988
2013-05-29,5.123496264708472e-05,0.1136275080562156,0.1161865406485895,0.0808332654343894
2013-05-30,2.9836730479088425e-05,0.0867113376712081,0.1014694008575135,0.0819450857435501
2013-05-31,5.853317102325077e-05,0.1214510563884036,0.1005387223791747,0.0845620457063641
2013-06-03,8.46170272642836e-05,0.146025651413029,0.1136221333276562,0.0884011925276163
2013-06-04,5.764113724311179e-05,0.1205220585007747,0.1191884920799976,0.0913303864300528
2013-06-05,6.222913278237126e-05,0.1252267601639424,0.1214907519901086,0.094568069616479
2013-06-06,7.097436995400789e-05,0.1337368357200438,0.1297433614820351,0.0984030212097141
2013-06-07,4.026386658573446e-05,0.1007298087936489,0.1261450233065388,0.1001232757888019
2013-06-10,2.9241945161316e-05,0.0858427060422237,0.1145498265691294,0.1012931167523226
2013-06-11,4.883778986295605e-05,0.1109374735851908,0.1125965099772537,0.1024680669091808
2013-06-12,5.2412080123404e-05,0.114925385320641,0.1103775095073532,0.1039001398668726
2013-06-13,4.132895921060167e-05,0.1020534062198397,0.1033879388689907,0.1052458541587044
2013-06-14,5.3273257174917975e-05,0.1158657016035346,0.1065116856935097,0.107281829222849
2013-06-17,4.087259281074153e-05,0.1014883904114498,0.109228768329612,0.1080975823241665
2013-06-18,1.7366462074989477e-05,0.0661539752614863,0.1017092370942312,0.1077417597072673
2013-06-19,9.36019528514899e-05,0.1535828509911684,0.1114483669498395,0.1118888332666293
2013-06-20,7.810443738823881e-05,0.1402936856092824,0.1194747780744496,0.1148534281619945
2013-06-21,8.902818665084647e-05,0.1497835205755737,0.1267922357304491,0.1180203491693183
2013-06-24,0.000123425318515,0.1763609374713686,0.1422565584323633,0.1194688284933438
2013-06-25,5.706654439080908e-05,0.1199198448401426,0.1491234809335462,0.1192194326402672
2013-06-26,3.1345932224089005e-05,0.088877302616981,0.1382031444147227,0.1193309883343582
2013-06-27,3.046320309889025e-05,0.0876169343273339,0.1292245755184885,0.1192606318870832
2013-06-28,4.455576414635092e-05,0.1059625054671719,0.1202396807368806,0.1189394431434744
2013-07-01,2.73984056207015e-05,0.0830927085634881,0.0980705073599312,0.1188219728516424
2013-07-02,4.2593849926141657e-05,0.1036033309377053,0.0942783146477231,0.1180511903977889
2013-07-03,3.421547796434782e-05,0.0928563430629036,0.0950422312349838,0.115580087891035
2013-07-05,4.537612175005834e-05,0.1069335432921527,0.0989173231448516,0.1149707203571131
2013-07-08,2.040463400539784e-05,0.07170751543151,0.0925603579241079,0.1128680021843174
2013-07-09,1.4280801501017185e-05,0.0599896822650056,0.0889173358316975,0.1099535668373423
2013-07-10,3.28786681441812e-05,0.0910243064919127,0.0861199596469719,0.1095682105768562
2013-07-11,1.396472929586512e-05,0.0593221019735309,0.079975056840896,0.1087667191996917
2013-07-12,1.1756292553387888e-05,0.0544296401187234,0.0685679978210852,0.1067962897717404
2013-07-15,4.943467561661101e-06,0.0352952380008776,0.0626284882176476,0.1042195573237425
2013-07-16,1.2966874948198392e-05,0.057163384145325,0.062097549373272,0.1026491176064729
2013-07-17,1.551971778400213e-05,0.0625377396582938,0.0546004994483835,0.1005206034222053
2013-07-18,1.2181232649424273e-05,0.0554046083611726,0.053771054565001,0.0988723683505343
2013-07-19,1.2948642996932508e-05,0.0571231829927831,0.0543269801423469,0.0986161300893732
2013-07-22,8.665398423165065e-06,0.0467298662809727,0.0560268336318122,0.0935533617266234
2013-07-23,8.084362747248471e-06,0.0451360101505063,0.0537859412103096,0.089163800741369
2013-07-24,2.0926972454894672e-05,0.0726195363427325,0.0562623595958423,0.0846765310409519
2013-07-25,1.8238740057914165e-05,0.0677950034633406,0.0589130841212693,0.0772350339223367
2013-07-26,2.114131552449453e-05,0.0729904891898432,0.0623190354231264,0.0745234412649493
2013-07-29,1.3906515022043705e-05,0.0591983258678403,0.0644035282624513,0.0731709143097771
2013-07-30,1.5595585929931363e-05,0.0626904111833915,0.067278377663701,0.0719977840233025
2013-07-31,3.345766957754878e-05,0.0918222888711792,0.0718187109048982,0.0711094738805522
2013-08-01,1.0507004005549842e-05,0.0514564379781438,0.0690524998751109,0.0697357436898553
2013-08-02,8.104853277451348e-06,0.0451931745501213,0.0641187183414579,0.0668432357698452
2013-08-05,6.8884055454115565e-06,0.0416638716089097,0.0612984283985238,0.064459281527339
2013-08-06,1.4430043149752638e-05,0.0603023289246581,0.06081738212064,0.0616484039619324
2013-08-07,1.639314095252928e-05,0.0642734122327216,0.0532794681402411,0.0612745940952605
2013-08-08,1.5751749016601874e-05,0.0630034979360961,0.055704908884801,0.0614119281305957
2013-08-09,2.244569131677469e-05,0.075208471675917,0.061853173815463,0.060431117062501
2013-08-12,1.3659028268031817e-05,0.0586692008088061,0.0645527264820468,0.0604021377362001
2013-08-13,2.2220006554496977e-05,0.0748294170212038,0.0675253185987675,0.061386279662087
2013-08-14,2.124914133726716e-05,0.0731763870178852,0.06931385915714,0.0628891835865407
2013-08-15,3.542520362465048e-05,0.0944836034103903,0.0761311577706624,0.0649022292285801
2013-08-16,2.89265831370508e-05,0.0853785625935269,0.0782469816110718,0.0660747221517323
2013-08-19,1.8947589202060416e-05,0.0690998732192702,0.0799320561622085,0.0666586411961905
2013-08-20,1.4554710240682324e-05,0.0605622570637187,0.0774777559568047,0.0667964910483256
2013-08-21,5.370038490403823e-05,0.1163292611332919,0.0873976277931355,0.0705522963202407
2013-08-22,1.27537772609644e-05,0.0566917266429858,0.080595939445717,0.0709303358010698
2013-08-23,1.7912674205749078e-05,0.0671862627316683,0.0770753167038584,0.0706865271501163
2013-08-26,2.247073267015428e-05,0.0752504128419165,0.0782187373702235,0.071028590527226
2013-08-27,4.250419344042387e-05,0.1034942353321517,0.0867572753667321,0.072730755038101
2013-08-28,2.60491392777717e-05,0.0810208806296159,0.0783147626536347,0.0736807367626502
2013-08-29,2.254194189713808e-05,0.0753695519296671,0.0814034738027702,0.0742187194719552
2013-08-30,4.173986047233398e-05,0.1025594697676824,0.0884726835525755,0.0748551070543908
2013-09-03,3.368516124973823e-05,0.0921339277081685,0.0916112598723825,0.0766079780951728
2013-09-04,1.767908886585724e-05,0.0667467631739249,0.0845070273104376,0.0773204424752626
2013-09-05,1.3535462871800525e-05,0.0584032246001343,0.0806892085348846,0.0778112449768958
2013-09-06,7.190376117066387e-05,0.1346096126396896,0.0948608668807733,0.0819324426608089
2013-09-09,1.158558614254507e-05,0.0540330242344564,0.0864801054529332,0.0815956910949994
2013-09-10,9.31735221141579e-06,0.0484558846506467,0.0790611855692728,0.0811427982916104
2013-09-11,1.1061450964594252e-05,0.0527966442406877,0.0769229621985226,0.0803352501459568
2013-09-12,1.3117205073554228e-05,0.0574937881734684,0.0767858184846897,0.0802966131141531
2013-09-13,7.961912462855288e-06,0.0447928782357143,0.051704861913462,0.0792731107673724
2013-09-16,1.3170624170951831e-05,0.0576107393727928,0.0524716939132126,0.0786872947091791
2013-09-17,4.186208980166959e-06,0.0324796037999553,0.049946661983229,0.0763797215531692
2013-09-18,9.929327168045623e-05,0.1581831358377844,0.0833159817042707,0.0814854606475655
2013-09-19,1.5341052396234562e-05,0.0621767255800038,0.0839859197271153,0.0812315767246341
2013-09-20,1.5805471789790176e-05,0.0631108460648969,0.0863073004008756,0.0813197144743338
2013-09-23,1.7047045511142236e-05,0.0655427758704789,0.0874318119338297,0.0786959250536542
2013-09-24,1.7172955147551113e-05,0.065784380343535,0.091098044681918,0.079016886132168
2013-09-25,3.31871970953143e-05,0.0914503891080798,0.0704777098505448,0.0801163591956038
2013-09-26,2.3730942432147585e-05,0.0773317366473894,0.0734163336294288,0.0802063971311518
2013-09-27,1.3523321069441447e-05,0.0583770238150185,0.0726287659765883,0.0781095603679487
2013-09-30,3.108188473849855e-05,0.088502174855207,0.0773452877966123,0.0784777116926538
2013-10-01,2.1794497185739727e-05,0.0741094682939124,0.0788366619223917,0.0784231444988902
2013-10-02,2.290766987537809e-05,0.0759785022792321,0.0754793421485687,0.0770355464048404
2013-10-03,5.178631795156754e-05,0.1142372624137808,0.0843274689372299,0.0783697386247605
2013-10-04,1.9185317358142627e-05,0.0695320068331983,0.0860028291994514,0.0784797368423409
2013-10-07,2.4045084861469588e-05,0.0778418999324292,0.0839156237926392,0.079242993618577
2013-10-08,5.564222869385836e-05,0.1184138574274662,0.0935294476863673,0.0780588468702792
2013-10-09,4.400118625121028e-05,0.1053009920907917,0.0990498400294461,0.0804020493494959
2013-10-10,2.603897214796437e-05,0.0810050676271986,0.0922670286795737,0.0815844844025848
2013-10-11,2.312413657951561e-05,0.0763366387656539,0.0933366009136527,0.0824269414446249
2013-10-14,2.470307644032399e-05,0.07889977986637,0.0935140836756086,0.0832280695806216
2013-10-15,4.8947869383046216e-05,0.1110624287710639,0.0916923559323447,0.086002250392982
2013-10-16,3.272498967475261e-05,0.0908113285776486,0.0885390751531228,0.0872947503642415
2013-10-17,1.3542980159824212e-05,0.0584194402598629,0.0849080080603006,0.0879064901013595
2013-10-18,1.3055175898598126e-05,0.0573576875967531,0.0818650976573645,0.0820958757422909
2013-10-21,8.671159154527065e-06,0.0467453966390362,0.0767716456984326,0.0816292362979072
2013-10-22,2.547540344084226e-05,0.0801236648381253,0.0686358018803495,0.08230490198171
2013-10-23,2.7250627196514605e-05,0.0828683175497227,0.0665955361180867,0.0830118924036379
2013-10-24,1.283684771815236e-05,0.0568760549350462,0.0663277947454544,0.0827121885866123
2013-10-25,1.3497136162023232e-05,0.0583204793604258,0.0664954972390744,0.0813373557648893
2013-10-28,9.99678006845146e-06,0.0501915189773109,0.0669959882913413,0.0803644626420727
2013-10-29,1.10704306402573e-05,0.0528180700266948,0.0613388279801959,0.0801894638392912
2013-10-30,2.9627468501681253e-05,0.086406724636591,0.0623076610038,0.080085519502208
2013-10-31,2.564253340404453e-05,0.0803860586035863,0.0672878234031494,0.0803602385493712
2013-11-01,2.366796142860485e-05,0.0772290507516984,0.0709947939765243,0.0804144062582507
2013-11-04,8.115089863304456e-06,0.0452217054693066,0.070323705714572,0.0772414569170867
2013-11-05,1.0495708340910502e-05,0.0514287711491286,0.0701174556122985,0.0765944328603851
2013-11-06,1.531525500550162e-05,0.062124425642306,0.0647697616279016,0.0759388629906217
2013-11-07,4.516133184996347e-05,0.1066801557281896,0.0719643624512127,0.0751442413163219
2013-11-08,2.735275855543041e-05,0.0830234614790811,0.0732433153141057,0.0738644490348205
2013-11-11,7.453605988983646e-06,0.0433394590324323,0.073015371333273,0.072409045773026
2013-11-12,2.4654717327171893e-05,0.0788225143372584,0.077748688116542,0.0725300076968565
2013-11-13,1.7604797264132262e-05,0.0666063728975038,0.0784872692458994,0.0719673151856683
2013-11-14,1.3072465182347174e-05,0.0573956551138802,0.0674015767889034,0.0690532983058465
2013-11-15,6.139505788011583e-06,0.039333897068291,0.0589391602769546,0.066811925382408
2013-11-18,2.1485424938454933e-05,0.0735821111717422,0.0646608713922562,0.0674893359579238
2013-11-19,2.774791270407387e-05,0.0836210141138375,0.0658553364291896,0.0687248796989234
2013-11-20,3.685055762666329e-05,0.0963656604912722,0.0728485528921015,0.0710344373547952
2013-11-21,1.1123059359547898e-05,0.052943469461361,0.0721710579457183,0.0698676728727519
2013-11-22,6.318570988841952e-06,0.039903381926701,0.0722335551605075,0.0681302027251202
2013-11-25,6.23496379461553e-06,0.0396385024470288,0.0667012987090699,0.06757294535447
2013-11-26,1.0525861818328871e-05,0.0515025938979666,0.0598420578258722,0.0673206383425649
2013-11-27,7.772174508897083e-06,0.0442559371863489,0.0459947972677303,0.0671311142567295
2013-11-29,1.4964427067472726e-05,0.0614087585040043,0.0480533693738433,0.0674625115188091
2013-12-02,1.5597096541779027e-05,0.0626934472535074,0.0526950092138435,0.0662606891532722
2013-12-03,2.03397676332868e-05,0.0715934455351065,0.0590562961039387,0.0658007458583154
2013-12-04,4.457338457422245e-05,0.1059834558443159,0.0721362686615625,0.0675958598967318
2013-12-05,1.987132625058805e-05,0.0707642156400266,0.0762459081144316,0.0685847112646187
2013-12-06,1.6400409641980454e-05,0.0642876600116933,0.0767190460443137,0.0690760326647365
2013-12-09,8.918411650726486e-06,0.047407169668554,0.0744929950226227,0.0685436018584292
2013-12-10,1.3214137724336753e-05,0.0577058290516032,0.0720421720940548,0.0658200939567066
2013-12-11,2.6768458484098e-05,0.0821319154652605,0.0655187475848488,0.0657692319914374
2013-12-12,2.3315592793245968e-05,0.0766520018257709,0.0668303622527747,0.0671363070595362
2013-12-13,1.927639287543116e-05,0.0696968507510106,0.0679061622667855,0.0666759136697097
2013-12-16,1.1618150682675296e-05,0.0541089084350643,0.0689007526882923,0.0661596791732168
2013-12-17,1.909193867809676e-05,0.0693625875157522,0.0710179898975093,0.0666787333493407
2013-12-18,0.000218082432067,0.2344286093480998,0.1211848965740409,0.0829081622272773
2013-12-19,1.551192203541135e-05,0.0625220309404905,0.1195511361362414,0.0824944822602018
2013-12-20,1.110269709936399e-05,0.0528949871825272,0.1178156181681883,0.0813306598069504
2013-12-23,6.069521913877211e-06,0.0391090721226809,0.1166227636201651,0.0791333902466196
2013-12-24,2.8444498297348164e-06,0.0267731461934,0.1130574878389197,0.0785319409079142
2013-12-26,3.2285076563076745e-06,0.0285233926696936,0.0441968071940562,0.0783062607450016
2013-12-27,5.559101108239464e-06,0.0374285115824333,0.0381016481457052,0.0782568129430407
2013-12-30,3.318603072379901e-06,0.0289186440594944,0.0325486904876237,0.0777275555970591
2013-12-31,7.709222532526664e-06,0.0440763437480551,0.0337943510610731,0.0777229169088444
2014-01-02,2.4448700991292164e-05,0.0784925005959526,0.0472325356315066,0.0784186831028351
2014-01-03,1.0771180677919733e-05,0.0520993045139354,0.05109856301767,0.0780654288847534
2014-01-06,2.563488927094796e-05,0.0803740760213073,0.0601903884841367,0.0784529438481847
2014-01-07,8.862578086670746e-06,0.0472585407925491,0.062468385656999,0.0758011434103489
2014-01-08,2.863715894651955e-05,0.0849503622977732,0.0704064429001835,0.0764605909693273
2014-01-09,2.13609701982514e-05,0.0733686887572577,0.0692924640194556,0.0768312627629574
2014-01-10,2.076713448818699e-05,0.0723416746490093,0.0728370897409075,0.0777094889448554
2014-01-13,2.080525409510315e-05,0.0724080384485451,0.0711465250666709,0.0782669627594574
2014-01-14,1.848900523240287e-05,0.068258547586112,0.0744781844381785,0.0776587412077994
2014-01-15,1.311493080276195e-05,0.0574888037994878,0.0690266590438937,0.0769027706883407
2014-01-16,1.0848499063202026e-05,0.0522859614421204,0.0650757336766591,0.0762725274708086
2014-01-17,1.577985007746674e-05,0.0630596718951313,0.0631149109106173,0.0765843901958555
2014-01-21,2.8109096902423048e-05,0.0841634862598419,0.0659667011206721,0.0772557847052402
2014-01-22,1.0396966380001046e-05,0.0511862826132183,0.062799417979652,0.0599125501331921
2014-01-23,2.14566826411278e-05,0.0735328771745279,0.0660620253340501,0.0604781629519021
2014-01-24,4.235885203649441e-05,0.1033171365901929,0.0771512344754807,0.0633690243060322
2014-01-27,6.513828110206068e-05,0.128120438797716,0.0918693523691668,0.0684999199164725
2014-01-28,2.2687119803822395e-05,0.0756118654085669,0.0903698526000827,0.0701393455467106
2014-01-29,6.237258822634509e-05,0.1253710183137991,0.1038570247985971,0.0748130760828458
2014-01-30,2.3131201476309715e-05,0.0763482990775174,0.1042625404894278,0.0761464166942579
2014-01-31,5.328704685061602e-05,0.1158806964354082,0.1068712232920598,0.079816305263563
2014-02-03,7.74508507430546e-05,0.1397054558249238,0.1097361010690985,0.0846729073336789
2014-02-04,5.64459336164465e-05,0.1192659853912443,0.117232487365933,0.0868102240053685
2014-02-05,6.444049357760435e-05,0.1274323521777586,0.1176761595384006,0.0902816292275783
2014-02-06,1.4250641896572885e-05,0.0599263027220632,0.1157587937086785,0.0895565251501551
2014-02-07,2.939183368189078e-05,0.0860624313381656,0.1104345035629021,0.0908599168408919
2014-02-10,1.0007460781230325e-05,0.0502183245127716,0.0937903658331104,0.0896779223883728
2014-02-11,1.8659254829043103e-05,0.0685720950308422,0.0830191791830271,0.0895052112583015
2014-02-12,1.9824625343422747e-05,0.070681012913954,0.0681435569457657,0.089444881511203
2014-02-13,1.6612209541685933e-05,0.0647014436044888,0.0690113567649159,0.0891759912146935
2014-02-14,1.0097731599954078e-05,0.0504443095223676,0.0615641504254294,0.0886354284915388
2014-02-18,1.5856346779326102e-05,0.0632123357295882,0.0639134451575638,0.0888123913527389
2014-02-19,3.5222107497133607e-05,0.0942123722728478,0.0701405463792569,0.0903705121347103
2014-02-20,2.847533865241236e-05,0.084710007321496,0.0731825949058501,0.0911715444337716
2014-02-21,1.339455496204053e-05,0.0580984324266517,0.0720660974823781,0.0902424629813497
2014-02-24,2.1364659579889008e-05,0.0733750244574543,0.0759037257091399,0.0909358678697789
2014-02-25,3.102409529115351e-05,0.0884198620976683,0.0807826101430528,0.0915364540951418
2014-02-26,2.723310459629296e-05,0.0828416704217498,0.0782507786243823,0.0905851194552629
2014-02-27,2.2700784848984563e-05,0.0756346334819182,0.0763684937891885,0.0878610359426537
2014-02-28,4.083480005456855e-05,0.1014414590478236,0.0849419519218433,0.0890361447123752
2014-03-03,4.713570595761845e-05,0.1089871455783655,0.0922713169610703,0.0880505735626425
2014-03-04,1.5482096618047074e-05,0.062461895166156,0.0879242810639116,0.0875516218320641
2014-03-05,1.4199062935844884e-05,0.0598177553894569,0.0841056686610311,0.0849561733892628
2014-03-06,9.891702059376489e-06,0.0499270359521059,0.0801759672740086,0.080272610879919
2014-03-07,3.5906518653171346e-05,0.0951233026161265,0.0786117061619482,0.0787935428520148
2014-03-10,2.0716399593160355e-05,0.0722532538885025,0.0696295002489878,0.0755485458044604
2014-03-11,3.0133807746638244e-05,0.0871419505872621,0.0747443211609069,0.0767431900455038
2014-03-12,2.716488518917324e-05,0.0827378454376934,0.0789948795009685,0.0765768146087675
2014-03-13,4.1596947270024864e-05,0.1023837424205926,0.0885332442983381,0.078904066717104
2014-03-14,3.951811431219246e-05,0.0997926089781828,0.0895553447160128,0.0804038587293975
2014-03-17,2.560279827863921e-05,0.0803237521920949,0.0909199332432224,0.0808143974988836
2014-03-18,1.7731610626715113e-05,0.066845836653693,0.0874148930452237,0.0808936899499454
2014-03-19,5.006901769098167e-05,0.1123271670528878,0.0937855628772309,0.083675814827967
2014-03-20,2.759912455713676e-05,0.0833965190424544,0.0899457699920873,0.0844757371612866
2014-03-21,3.6677317255254194e-05,0.0961388784432398,0.0891463143814694,0.0845743396974701
2014-03-24,4.572126453619914e-05,0.1073394552954419,0.0946627491000594,0.0857342590637175
2014-03-25,3.5444576840522303e-05,0.0945094353163303,0.0992661551806893,0.0871948172489937
2014-03-26,3.47082113285524e-05,0.093522560138157,0.0952868559859661,0.0880669090811955
2014-03-27,4.203662571394132e-05,0.1029234165771483,0.0990314848015176,0.0887802005258659
2014-03-28,2.4798897939651866e-05,0.0790526551153866,0.0959612559759763,0.0886230290309392
2014-03-31,1.3686267073397956e-05,0.0587276706714669,0.087143552695318,0.0880385374197427
2014-04-01,1.3486985156964431e-05,0.0582985442318677,0.0805440013626735,0.0862410997273361
2014-04-02,1.0777596992338994e-05,0.0521148197931205,0.0726720936327363,0.0837917756727724
2014-04-03,1.4050204644464553e-05,0.0595033744455309,0.0622150911842422,0.0836938468389333
2014-04-04,4.630308250933507e-05,0.1080202610270519,0.0703884114991637,0.0858626633070334
2014-04-07,5.380118810624776e-05,0.1164383931646878,0.0835243706557028,0.0887432259611211
2014-04-08,3.295531297831718e-05,0.0911303400110848,0.0892049562279328,0.0885525574697776
2014-04-09,2.1100353832474728e-05,0.0729197446908835,0.092074921451882,0.0885773868192382
2014-04-10,6.179721183175996e-05,0.1247914154964335,0.1043275626218208,0.0906015637672089
2014-04-11,6.210767781108693e-05,0.1251044955562904,0.1080777124379408,0.0927841428448854
2014-04-14,3.926391361517074e-05,0.0994711326517549,0.1046332322518422,0.0926400200961419
2014-04-15,0.0001046022954509,0.1623569476604767,0.1206611835185041,0.0965799308067612
2014-04-16,3.08285450172521e-05,0.0881407587007709,0.1226760858676168,0.0968893264926027
2014-04-17,2.1776158126730263e-05,0.0740782818910915,0.1141593664009459,0.0971281114887557
2014-04-21,1.0315540664427088e-05,0.0509854513310966,0.1020883794801042,0.0947550105893892
2014-04-22,9.134278876649764e-06,0.0479774767668719,0.094358378716743,0.0936322893965375
2014-04-23,1.1898439402619276e-05,0.0547577093153106,0.0650478999600982,0.0921041521048933
2014-04-24,2.8587850198715293e-05,0.0848771951119748,0.0641739687908165,0.0910325181550035
2014-04-25,3.1181707008524085e-05,0.0886441772828202,0.0677667907902322,0.0907639252422658
2014-04-28,6.558618623469461e-05,0.128560176303329,0.0858951597632171,0.0926918728502684
2014-04-29,1.6362820838084935e-05,0.0642139459245217,0.0879903232498035,0.0910917204116197
2014-04-30,1.789347473277578e-05,0.0671502467058721,0.0896908399238451,0.0906565113135437
2014-05-01,1.7590523340870446e-05,0.0665793652860956,0.0865458346346571,0.090902830123295
2014-05-02,3.161620458526986e-05,0.0892596412466911,0.0866722572134671,0.0920379622352732
2014-05-05,1.994417710882984e-05,0.0708938123634575,0.0721922635088679,0.0926066169397665
2014-05-06,2.248967783822529e-05,0.0752821281263539,0.0743001783533586,0.0931270950386567
2014-05-07,6.799007225561508e-05,0.1308949892410515,0.0896960702511097,0.0944514184126423
2014-05-08,3.390548768774432e-05,0.0924347494036283,0.0941682495407791,0.0932371934121049
2014-05-09,3.3478273668132515e-05,0.0918505577793047,0.0946652391501269,0.0932693117394928
2014-05-12,5.758759252722011e-06,0.0380947152724094,0.0908105855250526,0.0923224432080288
2014-05-13,1.051629247555396e-05,0.051479177381147,0.0874248467034644,0.0890844200642467
2014-05-14,1.4075409085202772e-05,0.0595567216145339,0.0701840779474624,0.0859409453798222
2014-05-15,4.686217840951255e-05,0.1086704603799816,0.074691512300345,0.0864458255917546
2014-05-16,2.268322241844132e-05,0.0756053705066459,0.0709559823181115,0.0808364708321406
2014-05-19,1.0489660216956393e-05,0.0514139511676841,0.0726167255893955,0.0793823805145435
2014-05-20,2.28823258870215e-05,0.0759364610943216,0.0767882602958521,0.0794621481275606
2014-05-21,1.3906665531991483e-05,0.0591986462181514,0.0767328628697097,0.0797205600085376
2014-05-22,1.0884468386135685e-05,0.0523725694739736,0.0638330295302008,0.0798461978641771
2014-05-23,3.2821306468729736e-06,0.0287592928114025,0.0556492644490154,0.0792257496845074
2014-05-27,5.982022708781897e-06,0.0388261474088408,0.0535691674688384,0.077574351009539
2014-05-28,7.944038893939322e-06,0.0447425725821918,0.0460083257558141,0.0758393236314448
2014-05-29,8.069876761201088e-06,0.04509555348172,0.0426918245663648,0.0713637150632812
2014-05-30,8.085478324371901e-06,0.0451391242465083,0.0410063749396649,0.070696298570484
2014-06-02,1.4151117238899489e-05,0.0597166772702791,0.0472156722914173,0.0703924685427798
2014-06-03,9.996695625872487e-06,0.0501913069935408,0.0493118568394243,0.0697718838989662
2014-06-04,6.527235711738219e-06,0.0405569155552789,0.0485824283519149,0.0676811129373718
2014-06-05,1.531771157922296e-05,0.0621294078352931,0.0522067353834469,0.0672884758984665
2014-06-06,4.748073682194306e-06,0.0345906716892425,0.0505701297747148,0.0657610597352012
2014-06-09,7.644076223257901e-06,0.0438897164294893,0.0472163441854954,0.0602767038161862
2014-06-10,6.015090799627354e-06,0.0389333132613459,0.0450412064114673,0.0575656946804604
2014-06-11,9.13135622033232e-06,0.0479698005783195,0.046475347751615,0.0550901654695291
2014-06-12,1.5748437103825668e-05,0.0629968741301032,0.0467083131259685,0.0561191014760735
2014-06-13,1.8348648568498387e-05,0.0679989664573042,0.0535456393121163,0.0569128248232738
2014-06-16,1.5222731436494694e-05,0.0619364861934923,0.0570008746607487,0.0570281657200066
2014-06-17,1.3877120826207512e-05,0.0591357290324918,0.0603767010147956,0.0536132711553751
2014-06-18,1.6440637869608528e-05,0.0643664566613803,0.0633540355506541,0.0529422031607235
2014-06-19,8.909910895706073e-06,0.0473845707558687,0.0605728660347545,0.0527710296005704
2014-06-20,3.494604614795405e-06,0.02967558530052,0.0540409870783065,0.0506231570581241
2014-06-23,5.595228275475131e-06,0.0375499337605239,0.0493477671742329,0.0496739397942637
2014-06-24,1.482311204238082e-05,0.0611181170740719,0.0498285067243384,0.0501259979199801
2014-06-25,1.2420178643540956e-05,0.0559453753063854,0.0477519521840064,0.0511594356264561
2014-06-26,2.521999976661667e-05,0.0797210131721078,0.0556980916771618,0.053269598611966
2014-06-27,8.206233293346073e-06,0.0454749468380471,0.0577905139436956,0.0532977809476708
2014-06-30,5.905272171938089e-06,0.0385762697435664,0.05792555320632,0.0530646670797723
2014-07-01,8.502271719959376e-06,0.0462879301052635,0.0551071625290957,0.0531096325649311
2014-07-02,5.653661230960908e-06,0.0377454981448403,0.0519207750752446,0.0521852333049403
2014-07-03,7.280705621365819e-06,0.0428338396199101,0.0423276087145671,0.0518863001584266
2014-07-07,6.4089792026911015e-06,0.0401878434240773,0.0412437250175646,0.0518732452192088
2014-07-08,1.8947991832063616e-05,0.0691006073900948,0.0485633393023463,0.05227252413784
2014-07-09,1.2307268746175835e-05,0.0556904994055207,0.0504992056800512,0.053094292755448
2014-07-10,1.5087242823233522e-05,0.0616602399561893,0.0550056568596963,0.053891205343232
2014-07-11,9.377383229242157e-06,0.0486117328817747,0.0559579738554178,0.0542473551872613
2014-07-14,3.882627172319827e-06,0.031279738608636,0.0548084546002979,0.0536903505236634
2014-07-15,3.42474326042901e-05,0.0928996933056353,0.0614415047878316,0.0556286915555034
2014-07-16,7.022666465372293e-06,0.0420679444384179,0.0592344034800776,0.0544501363392206
2014-07-17,4.032860443662887e-05,0.100810754972029,0.0691439019795365,0.0570297616233471
2014-07-18,1.1601955615367114e-05,0.0540711828525371,0.0699499651838116,0.0568008162572654
2014-07-21,9.45417000926712e-06,0.0488103558923238,0.0719291553418959,0.0560919416121302
2014-07-22,8.421095387981776e-06,0.0460664307036198,0.062226650178976,0.0560420088359305
2014-07-23,7.044097357214596e-06,0.0421320843778002,0.0622353284674027,0.0564035865909707
2014-07-24,7.23181517882065e-06,0.0426897812721358,0.0469591091360555,0.056569523061449
2014-07-25,1.3243559792017528e-05,0.0577700360705133,0.0478319431066223,0.0564093776454784
2014-07-28,1.8475843164356512e-05,0.0682342471008352,0.0523697155651209,0.0570208976679722
2014-07-29,2.8288928183378973e-05,0.0844322799775743,0.061187628498412,0.0573283171818946
2014-07-30,3.8947884722996624e-05,0.0990700103472042,0.073156522364688,0.0603213693027324
2014-07-31,4.378616179893574e-05,0.1050433851955077,0.0848187233701905,0.0638167373550834
2014-08-01,5.92424514159755e-05,0.1221846870799521,0.0975323534628196,0.0682186313359299
2014-08-04,1.898897430837915e-05,0.0691752956315442,0.0976648441439145,0.0693291541210723
2014-08-05,5.40666259558442e-05,0.1167252746446661,0.1041038796077618,0.0730920177738132
2014-08-06,3.383990820325734e-05,0.0923453131849194,0.1028599812015951,0.0752107165591767
2014-08-07,4.1767954511257904e-05,0.1025939790476857,0.1023643399113849,0.0769288254500527
2014-08-08,2.8918830379675428e-05,0.0853671204602697,0.0946052196512646,0.0781557552130781
2014-08-11,1.2114403450264666e-05,0.0552524177703265,0.0927559659214169,0.0779376003556682
2014-08-12,2.8977759786291286e-05,0.0854540547086292,0.0856690746948371,0.0793648722886818
2014-08-13,9.431807238282964e-06,0.0487525940237779,0.0781602333059138,0.0797643171393061
2014-08-14,5.624906495466964e-06,0.0376493882667125,0.0654783357335769,0.0776819687080752
2014-08-15,7.659604015169337e-05,0.1389323652653575,0.0817945219617348,0.0826524024676743
2014-08-18,5.3746546782973455e-06,0.0368023501821681,0.0796910313952678,0.0801937530444592
2014-08-19,3.631186717288251e-06,0.0302499430207172,0.0712263518802122,0.0796224622371413
2014-08-20,1.011619831810604e-05,0.0504904146958877,0.0714680803756956,0.0796700679431164
2014-08-21,5.632907780861397e-06,0.0376761563960161,0.0714709016129695,0.0794693796652473
2014-08-22,1.6321426922314397e-05,0.0641326717393188,0.0454999919847253,0.0801351976198939
2014-08-25,5.310037235598463e-06,0.0365804508360792,0.0454641897706101,0.0799977299976398
2014-08-26,4.7949288031538364e-06,0.0347609271797339,0.0461047194181428,0.0793905635266853
2014-08-27,4.88047362015517e-06,0.035069635759145,0.0431481706199573,0.0784036529676345
2014-08-28,7.217663955853955e-06,0.0426479931166191,0.044064002758131,0.0768490145986943
2014-08-29,7.033999451844029e-06,0.0421018748022542,0.0383868466347116,0.0744326003530763
2014-09-02,1.1517848997423128e-05,0.053874835938039,0.0422661058929354,0.0719068365289028
2014-09-03,8.780982381470353e-06,0.0470404885192589,0.044579376483975,0.0677685764114569
2014-09-04,1.588360856759327e-05,0.0632666528198979,0.0504170487935466,0.0675056249197402
2014-09-05,1.7242314629770203e-05,0.0659170940401812,0.055200735529667,0.0643055491220455
2014-09-08,1.3067125288822186e-05,0.0573839313116763,0.0578894700718528,0.0624280454745862
2014-09-09,2.104971059391627e-05,0.0728321842983368,0.0618998915157627,0.0604974610631509
2014-09-10,2.522032676591906e-05,0.0797215299966803,0.0682652146165191,0.0601463059325332
2014-09-11,1.4839874405352322e-05,0.0611526642931343,0.0678788282519849,0.0604052741759358
2014-09-12,2.25944392363729e-05,0.0754572639814482,0.0698375429481539,0.0597969824730312
2014-09-15,1.4662189188409025e-05,0.0607854561180474,0.0704107493609777,0.0602958602283138
2014-09-16,1.8283962492583085e-05,0.0678789993159219,0.0694138309075881,0.0614865391203876
2014-09-17,3.389368585011461e-05,0.0924186606385792,0.0724942564560164,0.0573712335115729
2014-09-18,9.280078231987495e-06,0.0483588638665224,0.0705351223999299,0.0577597895274422
2014-09-19,1.3341933147363757e-05,0.0579841974432316,0.0671481733562949,0.0587147806998824
2014-09-22,1.5830685318441592e-05,0.0631611644940724,0.0675852749498045,0.0592695733385186
2014-09-23,1.8554121040465508e-05,0.0683786406869667,0.0676859319272029,0.0605052803343646
2014-09-24,1.861271532077453e-05,0.0684865261262037,0.0617351153410699,0.0607217804041489
2014-09-25,3.2562843970708394e-05,0.0905860733259727,0.0706022369291989,0.0632400437140973
2014-09-26,2.9318041692029965e-05,0.0859543280259438,0.0760912066539749,0.0654232698680945
2014-09-29,3.089924813613572e-05,0.0882417731593501,0.0809279141957193,0.0676626741682472
2014-09-30,3.8339686040749125e-05,0.0982934427226393,0.0868707072152863,0.0702476055976799
2014-10-01,5.426575528910223e-05,0.1169400287876386,0.0966614348460011,0.0739982728605408
2014-10-02,5.164401361756741e-05,0.1140801973684608,0.1015141563363918,0.0770413613775164
2014-10-03,2.942343302739676e-05,0.0861086820413829,0.1015403154416604,0.0785609397354566
2014-10-06,3.4762536301676974e-05,0.0935957218467948,0.1024946114853614,0.0799254076497655
2014-10-07,5.144381094703513e-05,0.1138588615727948,0.1056673709278885,0.08233974363672
2014-10-08,8.784829315985222e-05,0.1487876670839447,0.1133937969533509,0.0873865989078616
2014-10-09,9.99409026371929e-05,0.1586981646540772,0.1236621057320589,0.0924125554992743
2014-10-10,0.0001067624400031,0.1640247995907363,0.1385287058542826,0.0973350309828966
2014-10-13,0.000123952293757,0.1767370307172891,0.1539005072162227,0.1035564649047094
2014-10-14,0.0001320574029314,0.1824238623062038,0.166578183317692,0.1094430898540162
2014-10-15,0.000294554029244,0.2724474543274134,0.1953618700157829,0.1232226591218814
2014-10-16,0.0001949364212282,0.2216392973944521,0.2072535509781447,0.1311765883811274
2014-10-17,6.222122126341395e-05,0.1252187995405654,0.201765103445988,0.1324076145141155
2014-10-20,4.799181167944537e-05,0.109972435379145,0.1920436113799714,0.1340716289589888
2014-10-21,2.214607979698022e-05,0.0747048332361368,0.1770345107200479,0.1344471985193566
2014-10-22,3.990165329216029e-05,0.1002757030871606,0.136039473087461,0.1354687092523331
2014-10-23,4.287256740194874e-05,0.1039417480384618,0.104128382322357,0.1364929592899381
2014-10-24,3.76134742839317e-05,0.0973580788612367,0.0979922933566974,0.1372879200546757
2014-10-27,3.824144938131899e-05,0.0981674347433627,0.0954519318687656,0.1375246117490731
2014-10-28,1.865285498755252e-05,0.0685603344278835,0.0945251964667851,0.1370797358140351
2014-10-29,5.649404944912313e-05,0.1193168071194458,0.0988497320856018,0.1381449629406926
2014-10-30,4.227920008270271e-05,0.1032199516607186,0.0986983476077753,0.1383081925575911
2014-10-31,1.7853805474962777e-05,0.0670757704368024,0.0935172524860157,0.1367920823524264
2014-11-03,1.5192984866228645e-05,0.0618759419022419,0.0870852105754626,0.1352573244915626
2014-11-04,2.981259849038232e-05,0.0866762644532881,0.09025677245235,0.1352738021277622
2014-11-05,1.8885623303202363e-05,0.0689867891150689,0.0790621293399114,0.1345999209527334
2014-11-06,1.796068142303206e-05,0.0672762344264605,0.0708884119959918,0.1331675812327796
2014-11-07,1.3144371357713977e-05,0.0575532934083178,0.0691940132945339,0.1299149922967844
2014-11-10,7.60904309018596e-06,0.0437890266930753,0.066374549416863,0.1257787173626351
2014-11-11,6.302644854875068e-06,0.0398530614059762,0.0567510277181129,0.1211179774084342
2014-11-12,1.0415021769836204e-05,0.0512307084276483,0.0528560387257726,0.1156245934425195
2014-11-13,2.896943884609717e-05,0.0854417847965296,0.0578671081349574,0.1104002755355089
2014-11-14,1.284889818213376e-05,0.0569027445902015,0.0577382919374448,0.0946647590700438
2014-11-17,1.9030145586017165e-05,0.0692502468419884,0.062524666505656,0.0833456068410703
2014-11-18,6.473340988490724e-06,0.0403891313239052,0.0625934262265434,0.0794224373278899
2014-11-19,1.678499234136093e-05,0.0650370515169849,0.0651074767103025,0.0771392482495307
2014-11-20,7.699686900645136e-06,0.0440490760284773,0.0562759986631227,0.0760591004181447
2014-11-21,1.3753840480733685e-05,0.058872470656028,0.0566797769701084,0.0740639956121191
2014-11-24,4.983816169221972e-06,0.0354389852372205,0.0500465994326763,0.0710737435542885
2014-11-25,1.0072058338946092e-05,0.0503801419352349,0.0518269955644518,0.0688186211863939
2014-11-26,3.1248735676178e-06,0.0280618627150744,0.0446941549091271,0.0658312859370858
2014-11-28,8.820499760050707e-06,0.0471462187193498,0.0453216995616348,0.0649702474079612
2014-12-01,3.046334996641043e-05,0.087617145534053,0.0538165005294212,0.0626335630298432
2014-12-02,1.1922146622958556e-05,0.0548122335704863,0.0569728670868995,0.0597932853177733
2014-12-03,7.906245257303018e-06,0.0446360146612616,0.0560067014274784,0.0588327475851471
2014-12-04,1.6980932762109047e-05,0.0654155566822715,0.0619281518228105,0.0590065447121025
2014-12-05,1.1077152905729008e-05,0.0528341038747106,0.0628397271376257,0.0571591314297267
2014-12-08,2.261819242509325e-05,0.0754969170968159,0.0596106984244344,0.0575319145211569
2014-12-09,3.821527237465588e-05,0.0981338302442806,0.0698470393397917,0.0595141018682825
2014-12-10,5.5923950548842274e-05,0.1187132492113169,0.0854324367627893,0.0634976295270887
2014-12-11,5.0631732738865416e-05,0.1129566140170379,0.0948404005161119,0.0672662940090876
2014-12-12,6.536524160822454e-05,0.1283434489378892,0.1083089157948794,0.0721199660904783
2014-12-15,0.0001212078175097,0.1747694767756784,0.1292274674553613,0.0804386140092567
2014-12-16,0.0001235308783151,0.1764363379108884,0.1449125421912294,0.0869110403250078
2014-12-17,0.000144359817741,0.1907319429742485,0.1595519118995745,0.095183647420296
2014-12-18,4.201317927819207e-05,0.102894709184216,0.1581848206889386,0.096556651455721
2014-12-19,2.724430324299529e-05,0.0828587015179143,0.1519905990605475,0.0977809228409124
2014-12-22,1.2197384939744695e-05,0.0554413293925719,0.1326914330364186,0.0975118449938829
2014-12-23,9.906819672033486e-06,0.0499651734446348,0.1089970818217066,0.0976413929476896
2014-12-24,5.259204699622479e-06,0.0364049390097671,0.0697831852838661,0.0971418520777249
2014-12-26,3.056546258155401e-06,0.027753371994321,0.0539099122996183,0.0970281578939387
2014-12-29,4.717956051991017e-06,0.0344807906681638,0.0420826656204894,0.0967116053856872
2014-12-30,7.329782259985411e-06,0.0429779609743915,0.0390592315677876,0.0969603008144355
2014-12-31,2.621260063835976e-05,0.0812746907768135,0.0484503346878935,0.0979822358598049
2015-01-02,5.3731231961367016e-05,0.1163626677859548,0.0692128969583041,0.099332983223241
2015-01-05,6.284274338787721e-05,0.1258426451317082,0.0883382671366085,0.102226776561941
2015-01-06,9.211576939440788e-05,0.1523587013839077,0.110492077694089,0.1068405151062982
2015-01-07,5.268817874264331e-05,0.1152276921713965,0.12039336533166,0.1087377852465268
2015-01-08,2.2381192052092587e-05,0.0751003355327213,0.1195887094300072,0.1093315534077047
2015-01-09,6.559132818080763e-05,0.128565215752798,0.1220623130724406,0.1115599673152514
2015-01-12,6.18524529624142e-05,0.1248471791692883,0.121857694197581,0.1127669254118411
2015-01-13,9.54899579959572e-05,0.1551240452508289,0.1225534852244899,0.1147588345078391
2015-01-14,0.0001059706689402,0.1634154477793651,0.1330593636187477,0.1174881800766442
2015-01-15,9.26802363567268e-05,0.1528248002187313,0.1457664779007152,0.1188122607589779
2015-01-16,5.8361744159269605e-05,0.1212730783320681,0.1445112280928169,0.1157431643892077
2015-01-20,7.47484845037448e-05,0.1372465595012993,0.1467428193629154,0.1133035743281449
2015-01-21,0.0001120828146374,0.1680620995008238,0.1495651530581437,0.1116601162293268
2015-01-22,5.722676689520178e-05,0.1200880729197985,0.141113579595438,0.1124377440507969
2015-01-23,2.9025602020068603e-05,0.0855245678682873,0.1292472389479576,0.11252844198265
2015-01-26,2.0776129425274093e-05,0.0723573397463524,0.1216985365280827,0.1129642238662093
2015-01-27,6.150343838287268e-05,0.1244944435406011,0.1189242761953384,0.115550559012145
2015-01-28,8.552741537235493e-05,0.1468090892071517,0.1131573742432496,0.1194628291801473
2015-01-29,9.293307536407104e-05,0.1530331173038891,0.1208477939081135,0.1236966545370793
2015-01-30,0.0001052665787371,0.1628716606465016,0.1358187561384518,0.1282676931756554
2015-02-02,0.0001235727637415,0.1764662473756893,0.1537129951843176,0.1333570831555488
2015-02-03,3.899002195848852e-05,0.0991235871704565,0.1499766938585628,0.1339047093311481
2015-02-04,5.898497756957196e-05,0.1219188842941573,0.1454485126616454,0.1341292304046178
2015-02-05,1.885322927891565e-05,0.068927598088768,0.1319910814895953,0.1322375535165809
2015-02-06,5.647525239950236e-05,0.1192969555549285,0.1223215547047129,0.1306848294107198
2015-02-09,3.234402523003242e-05,0.0902811960375369,0.1018068481213327,0.1297901830146043
2015-02-10,2.310593803500356e-05,0.076306594635201,0.0977960965205486,0.1298221600604794
2015-02-11,3.445405258740629e-05,0.0931795109024853,0.091256330605363,0.1284411534678563
2015-02-12,1.1836478530790265e-05,0.0546149484093791,0.0892976687145291,0.1261912027503225
2015-02-13,1.0494127675493504e-05,0.05142489838808,0.0752105375047921,0.122272773133353
2015-02-17,1.1606044594858056e-05,0.0540807104049515,0.0679075159886367,0.1177698058538588
2015-02-18,1.3208739194296632e-05,0.0576940402204833,0.0641296491973512,0.1138394364632387
2015-02-19,9.13029860341195e-06,0.0479670225056737,0.0532568747241331,0.1113350504708881
2015-02-20,3.474957162107084e-05,0.0935782669668008,0.0631752688726542,0.1092580619341576
2015-02-23,7.00412418220756e-06,0.0420123707247794,0.0617674543839273,0.1036035494637375
2015-02-24,1.6004013671839483e-05,0.0635059953492861,0.063536415247875,0.1012990995069876
2015-02-25,9.842728484734472e-06,0.0498032888286816,0.0621870494780744,0.1002086646157272
2015-02-26,1.5535290015946005e-05,0.0625691064665174,0.0647305236343735,0.0999086834606141
2015-02-27,1.7370753542364647e-05,0.0661621484889652,0.0575686395428396,0.0973459048255059
2015-03-02,7.534389116380021e-06,0.0435736853769309,0.0578002907561518,0.0926436750237696
2015-03-03,2.297222514284484e-05,0.0760854830831539,0.0607624182339244,0.0882127019369214
2015-03-04,1.7755253649301875e-05,0.0668903873484379,0.0639598525477393,0.0823351585412117
2015-03-05,1.4961859371679846e-05,0.061403489816649,0.0637335220543909,0.0743975119949791
2015-03-06,4.029455006747574e-05,0.1007681825627707,0.0722310264244053,0.0744978695505059
2015-03-09,1.8031281088564443e-05,0.0674083291167956,0.0758047790955243,0.0712799171554712
2015-03-10,3.698325293957966e-05,0.0965390063175195,0.0803275814068659,0.0727220583441083
2015-03-11,2.5612685210676994e-05,0.0803392598490339,0.0827558752317319,0.0702494205748028
2015-03-12,1.6906414763811624e-05,0.0652718662248945,0.0833459085806461,0.068979346766265
2015-03-13,5.452415003459513e-05,0.1172181121188955,0.0875426314173628,0.0715404194686508
2015-03-16,1.591408488462503e-05,0.063327319467395,0.086931039489918,0.0700404505623229
2015-03-17,1.964089682383135e-05,0.0703527256018236,0.0817493172972348,0.0706757439229126
2015-03-18,9.82737076688779e-05,0.1573689115821712,0.1017106995869033,0.0774631265059205
2015-03-19,2.768792510761153e-05,0.0835305760013547,0.1043477576749247,0.0786431599021819
2015-03-20,1.4817694898458348e-05,0.0611069481680398,0.0942722079561284,0.0787602466708162
2015-03-23,1.564509073485108e-05,0.0627898309058279,0.0942002754124154,0.0792325718265178
2015-03-24,1.905837766709908e-05,0.0693015957399897,0.0940443136094661,0.0780901078489616
2015-03-25,3.770472147862987e-05,0.0974760986735452,0.0761029304185266,0.0803101882146718
2015-03-26,6.341638693797231e-05,0.1264157011939934,0.0871342096684034,0.0836230441670285
2015-03-27,3.336120813419343e-05,0.0916898274064072,0.0923415592331986,0.0852185837122827
2015-03-30,1.2090729199950493e-05,0.055198403585498,0.0913664256729973,0.0849867703321498
2015-03-31,2.8513368304737084e-05,0.0847665548007806,0.0939380395175261,0.0857343846934685
2015-04-01,5.338145635860136e-05,0.1159833048432727,0.0980533666242361,0.0887442507120956
2015-04-02,2.8260360725391503e-05,0.0843896374135987,0.0885584495417167,0.0890848765158899
2015-04-06,1.998541367881712e-05,0.0709670645233541,0.0846667522979465,0.089228138461364
2015-04-07,1.3778069977796358e-05,0.0589243042759495,0.085167487457863,0.0891521223743972
2015-04-08,5.3633560125671485e-05,0.1162568585145376,0.0923014549596069,0.0900049622014795
2015-04-09,2.389827450346772e-05,0.0776038992246772,0.0838665977738552,0.0903775246598527
2015-04-10,7.896609961762628e-06,0.0446088075425042,0.0775066009038889,0.0885150986529006
2015-04-13,1.0942817530999425e-05,0.0525127605236275,0.0745085655332641,0.0875607561832566
2015-04-14,2.6600716311242763e-05,0.0818741748687165,0.0787260294504327,0.0881925724826576
2015-04-15,1.3515632721542908e-05,0.0583604270531737,0.0646207719844194,0.0854879869661402
2015-04-16,1.4226338062380988e-05,0.0598751800975997,0.0607320226505882,0.0853748413927182
2015-04-17,4.073758481473033e-05,0.1013206364632202,0.0730996833633438,0.0867785486993411
2015-04-20,1.1669041622878992e-05,0.05422728546558,0.0733496107832336,0.0808609883105833
2015-04-21,2.2032124071976504e-05,0.0745123833073273,0.0717628619356338,0.0804593984598427
2015-04-22,2.422192759482381e-05,0.0781276247808392,0.0754288115696263,0.0811260501405398
2015-04-23,2.623726720581681e-05,0.0813129223178323,0.0793401313563027,0.0818704133265163
2015-04-24,1.111341080147884e-05,0.0529205019059028,0.0692950075645243,0.0813127209860642
2015-04-27,1.6748396070422973e-05,0.0649661127800224,0.0711181941385164,0.0798230130489257
2015-04-28,2.998209572356095e-05,0.086922310843289,0.0738815004501368,0.0773869420752169
2015-04-29,3.953136957782819e-05,0.0998093439193581,0.0789308050428157,0.0778422455898529
2015-04-30,5.025257626295181e-05,0.1125328806094639,0.0862580057802554,0.0806011278474659
2015-05-01,2.1099723607579064e-05,0.0729186557001013,0.0891277382559102,0.0800726038050224
2015-05-04,8.587338973332377e-06,0.0465189146614552,0.0867896102590665,0.0768018595245602
2015-05-05,3.3155896250010104e-05,0.0914072527483599,0.0877063053346434,0.0771660661211997
2015-05-06,6.65218788892449e-05,0.1294739876580995,0.0951457706088353,0.0805459857265903
2015-05-07,3.61858118590804e-05,0.0954925368208859,0.09134414452385,0.0821238474170626
2015-05-08,9.246679549686209e-06,0.0482717644852653,0.088013404196612,0.0789676818289474
2015-05-11,1.788227496793418e-05,0.0671292282982563,0.0906356667786149,0.0785301485628518
2015-05-12,4.671432053189795e-05,0.1084988883539287,0.0943301048245536,0.0813118900497989
2015-05-13,2.4949114693522045e-05,0.0792917202661637,0.0824797027198015,0.0822925223271748
2015-05-14,9.361823600023446e-06,0.0485713860951683,0.073830700609505,0.081083879722309
2015-05-15,9.762985860785944e-06,0.0496011334237238,0.0740067171989799,0.0808183808720546
2015-05-18,5.872098283070292e-06,0.0384677627024722,0.069797430365685,0.0802241651093372
2015-05-19,9.2841208908819e-06,0.0483693959493215,0.0546369767075874,0.0779463375359713
2015-05-20,1.907981601782357e-05,0.0693405627067702,0.051859295892735,0.0784889711197175
2015-05-21,7.0924910409417685e-06,0.0422765625650587,0.0507445781292201,0.0773911615225125
2015-05-22,7.674607615602308e-06,0.0439772795785708,0.0496966593037728,0.076156745288587
2015-05-26,1.7016542500172617e-05,0.0654841103630758,0.055058495570595,0.0754601261772472
2015-05-27,1.6354484115028843e-05,0.0641975856009185,0.0582046754221191,0.0758568701910825
2015-05-28,2.101813801607305e-05,0.0727775431025973,0.0590379172202577,0.0761785580618481
2015-05-29,2.936112004855461e-05,0.0860174531838496,0.0678808851716718,0.0761318574204441
2015-06-01,3.12785279110228e-05,0.088781693121824,0.076141001796528,0.0755084575679125
2015-06-02,2.660902699908316e-05,0.0818869635764384,0.0792522136809059,0.073693290430917
2015-06-03,1.5115031576591146e-05,0.0617169989330408,0.0788571174047512,0.0732266968231879
2015-06-04,4.635132284111564e-05,0.108076516209402,0.0865750395932272,0.0761230477410969
2015-06-05,2.9268705598085417e-05,0.0858819760527057,0.0865481356949138,0.0758300230474735
2015-06-08,1.4432666353884613e-05,0.0603078097859549,0.0814956954064781,0.0717881197880443
2015-06-09,2.5733063308137364e-05,0.0805278334096392,0.0812243793436538,0.0709492963975041
2015-06-10,1.752986709287282e-05,0.0664644755294431,0.0819701623139931,0.0716148225406085
2015-06-11,1.295105744378722e-05,0.0571285084334816,0.0709629067454049,0.0712193650087267
2015-06-12,2.20156099451097e-05,0.0744844527815546,0.0683387014278663,0.0692046634928689
2015-06-15,3.560509169517967e-05,0.09472319202384,0.0757447579047443,0.0700809875935642
2015-06-16,1.6779954879948908e-05,0.0650272914225029,0.0727051008201462,0.0706846245234633
2015-06-17,3.918786531579359e-05,0.099374755645385,0.0798598447012191,0.073029889519531
2015-06-18,1.639191444585675e-05,0.0642710077745471,0.0809383344813021,0.0738502841947477
2015-06-19,9.613386343321268e-06,0.0492196440307826,0.0769801397704434,0.0738758151341599
2015-06-22,1.0179893288632595e-05,0.0506491175513988,0.0681506560451697,0.073182590090083
2015-06-23,9.22938659047131e-06,0.0482266049064079,0.0652990296834291,0.0733496329881535
2015-06-24,1.4923387793243133e-05,0.0613244953007953,0.055145567459777,0.0739134638718252
2015-06-25,1.7052607679840776e-05,0.0655534677596835,0.0554466640065352,0.0739162583723733
2015-06-26,2.7579072661815104e-05,0.0833662180429063,0.0630856809419197,0.074780918766014
2015-06-29,3.4202394327011354e-05,0.0928385877230306,0.0720453828655243,0.0757839394244401
2015-06-30,4.332669591445024e-05,0.1044908004105694,0.0831206447410541,0.0768321208755948
2015-07-01,2.487276304142769e-05,0.079170299269611,0.0860842035142164,0.0763531248435328
2015-07-02,1.2446728370143578e-05,0.0560051385970625,0.0847251661401043,0.075283311430795
2015-07-06,3.14378140073225e-05,0.0890074667083906,0.0858652103082608,0.0765150118165287
2015-07-07,7.595325877935436e-05,0.1383481883235096,0.0973502845896197,0.0786995791223221
2015-07-08,7.092083969912576e-05,0.1336863927412947,0.1042488501443905,0.0816745371420605
2015-07-09,3.6081968912385886e-05,0.0953554202230856,0.1069241167011628,0.0831788010107466
2015-07-10,2.0492461119938013e-05,0.0718616740844824,0.1088038219131733,0.0828171734703102
2015-07-13,1.0806663991826282e-05,0.0521850488736019,0.1039156470515028,0.082350913693112
2015-07-14,5.2251265248756375e-06,0.0362868004137683,0.0850515363559459,0.0818118326356342
2015-07-15,1.4327492474222605e-05,0.0600876701454141,0.0661925912498647,0.0812718405609893
2015-07-16,6.953580448711597e-06,0.0418605097087376,0.0539758127109031,0.0792270284073357
2015-07-17,5.596338816889515e-06,0.0375536600327605,0.0465040191137158,0.0784144042361879
2015-07-20,9.40994358257134e-06,0.0486960551051928,0.0457408907335919,0.076208439386207
2015-07-21,1.185104019661752e-05,0.0546485327300524,0.0492562192434436,0.0758664127476046
2015-07-22,1.3091096206060973e-05,0.0574365410163892,0.0486195512344863,0.076128497744868
2015-07-23,1.9038165322467114e-05,0.0692648371200114,0.0545245251229217,0.0767920285482202
2015-07-24,2.112481983474628e-05,0.0729620079106658,0.0612826181162334,0.0776741426045291
2015-07-27,3.368300937749216e-05,0.0921309848157937,0.0705614753193561,0.0790452741629477
2015-07-28,2.4280363254775745e-05,0.0782218098755295,0.0748689500485701,0.079567242143127
2015-07-29,2.6982041857828608e-05,0.0824589264311196,0.0794069476949238,0.0795242560844236
2015-07-30,2.8065175757356907e-05,0.0840977068109109,0.0822218016595526,0.0790810233666105
2015-07-31,1.489308956995512e-05,0.0612622116122874,0.0802891366424956,0.0769942479695771
2015-08-03,2.5952268590886906e-05,0.0808700914114946,0.0778249068560473,0.0770745059392886
2015-08-04,2.584619320607876e-05,0.0807046509684036,0.078330287607656,0.0780638472329877
2015-08-05,1.62456926416755e-05,0.0639837053139486,0.0747965370602409,0.076941181431542
2015-08-06,2.791362308359015e-05,0.0838703345472326,0.0747454594035393,0.0732780540774967
2015-08-07,2.555862283981981e-05,0.0802544263927828,0.0782587156695491,0.0696424413303459
2015-08-10,8.608146790317307e-06,0.046575240108452,0.0724588354826284,0.0673451519423881
2015-08-11,2.874508732158317e-05,0.0851102931791387,0.0734601055193909,0.0680433653789218
2015-08-12,5.488560908084745e-05,0.1176060095759292,0.0856962011494926,0.0716575456752466
2015-08-13,3.849752447899352e-05,0.0984955642082747,0.0887539718648277,0.0742692671765867
2015-08-14,1.4772584121375286e-05,0.0610138607087485,0.0856367396061587,0.0743035824805976
2015-08-17,1.6484781833757366e-05,0.064452812367707,0.0879240216127675,0.07503464499118
2015-08-18,1.7397767705669146e-05,0.066213574603918,0.0846092705790585,0.0759300859514035
2015-08-19,5.673071613196697e-05,0.119566468816536,0.0851570435330911,0.0794192413253789
2015-08-20,8.102111105959079e-05,0.1428891877890586,0.0969273481890373,0.0842598813997079
2015-08-21,0.0001594737239788,0.200467898783465,0.1291814548446218,0.0936828376869076
2015-08-24,0.0010439669154555,0.512912919212205,0.2616733609107142,0.1432360535379999
2015-08-25,0.0004026871570048,0.3185548046493877,0.2964650620747495,0.1577567436529981
2015-08-26,0.0003497012608415,0.296858076750588,0.3204016986289953,0.1688402665061217
2015-08-27,0.0002028766282471,0.2261081827760092,0.3298465803227252,0.174793519986368
2015-08-28,9.764474238051012e-05,0.1568645118562147,0.3250885815866841,0.1770937145815819
2015-08-31,7.88315798226563e-05,0.1409452309065808,0.2388299917559494,0.1787279771810575
2015-09-01,0.0001664772519342,0.2048225268065463,0.2124494898713307,0.1835211636439325
2015-09-02,0.0001118501433406,0.1678875698848226,0.1820634214347936,0.186182541114876
2015-09-03,8.472464333035398e-05,0.1461184797321995,0.1649006652040533,0.1879850113685508
2015-09-04,7.829225310857838e-05,0.1404622646242105,0.1619162250221822,0.1898659517828316
2015-09-08,4.199871099134895e-05,0.1028769904780458,0.1560784653190056,0.1902903516368374
2015-09-09,9.195133647925145e-05,0.1522226553203279,0.1435422627570244,0.1922782262303891
2015-09-10,0.000101905883478,0.1602506868517448,0.1417857203682077,0.1950374308895602
2015-09-11,5.069316375398781e-05,0.1130251178544173,0.1356023743511991,0.1956808746074455
2015-09-14,3.808391997943761e-05,0.0979650337356052,0.1279120945805127,0.1951884960124688
2015-09-15,3.031732941154342e-05,0.0874069048285599,0.1255896584450799,0.1949483227919194
2015-09-16,3.116154448528023e-05,0.0886155133726065,0.1127340090294659,0.1954292113549648
2015-09-17,0.0001602840667968,0.2009765778213809,0.1251048249713943,0.1995989280952275
2015-09-18,9.669229225162824e-05,0.1560975901396633,0.1340506371018217,0.2018613752862891
2015-09-21,7.035589110802404e-05,0.1331528616261102,0.1399860016297524,0.2022475834677919
2015-09-22,6.081986835255333e-05,0.1238006737657087,0.1453733421742513,0.2016747107738979
2015-09-23,6.100916519883815e-05,0.123993183805027,0.1504583952422571,0.1988587996582714
2015-09-24,9.105024712132148e-05,0.1514749559319065,0.1383775422069316,0.1692028218136467
2015-09-25,7.251886597790957e-05,0.1351841493165275,0.1339029630106658,0.1576314283779842
2015-09-28,9.274638395565055e-05,0.1528793274344963,0.1380524695271913,0.1480012361280387
2015-09-29,0.0001464621205749,0.1921157317474932,0.1528883705667713,0.1458017947523296
2015-09-30,8.287426616691942e-05,0.1445140653156768,0.1564508067839654,0.1452204333481573
2015-10-01,0.0001170667631018,0.1717580399913017,0.1605866972970357,0.146720621954313
2015-10-02,0.0001095585227527,0.1661588027571227,0.166297582815323,0.1444817038106762
2015-10-05,2.6749296300904667e-05,0.0821025131638975,0.1559763854960745,0.141067966652247
2015-10-06,5.793246385061473e-05,0.1208262425566354,0.1409494169321606,0.1399759942908871
2015-10-07,6.654844781816207e-05,0.1294998411202764,0.1379996988719131,0.1394946559055724
2015-10-08,4.9103018963863365e-05,0.1112383062568536,0.1249741740688318,0.1397860352281597
2015-10-09,3.713306530228543e-05,0.0967343395913567,0.1093997309351617,0.1375216974367032
2015-10-12,1.588758979428026e-05,0.0632745812167779,0.1068684758043826,0.1338914366602642
2015-10-13,2.600310957531064e-05,0.0809492656728785,0.0990536807255368,0.1328311087926495
2015-10-14,5.486369834974803e-05,0.1175825326489292,0.0960349951427526,0.133552642044793
2015-10-15,3.660412188325551e-05,0.0960429003861315,0.0926972269229554,0.1338219733350063
2015-10-16,1.7304167067816357e-05,0.0660352186419468,0.0871401136571937,0.1332275894391473
2015-10-19,2.633767616447881e-05,0.0814683643719981,0.0901115073741786,0.127339293102309
2015-10-20,2.4240993851262177e-05,0.0781583677575093,0.0896173706864613,0.124037892907885
2015-10-21,5.389827057798572e-05,0.1165434004380016,0.089345484323819,0.123275643638932
2015-10-22,3.701883272760617e-05,0.0965854328941831,0.0894623775428144,0.1221648651215305
2015-10-23,3.035546248170437e-05,0.0874618576602938,0.0930661178113335,0.1207192198410767
2015-10-26,1.4054346923859984e-05,0.0595121451874549,0.0896784393862082,0.1170093030507094
2015-10-27,2.4113609171091504e-05,0.077952738958391,0.0896426366349475,0.1146155172133342
2015-10-28,7.067464019683098e-05,0.1334541469179635,0.0942408156355569,0.1135072464379857
2015-10-29,2.36013452965763e-05,0.0771202892547559,0.0905819516522531,0.1071288040581401
2015-10-30,3.0124587562448445e-05,0.0871286179491962,0.0905176992040818,0.1042705954123203
2015-11-02,1.870432611516033e-05,0.0686548627631022,0.0918031198840331,0.0987201097150751
2015-11-03,1.700724969588873e-05,0.0654662273494048,0.0898312434673591,0.0931961764132584
2015-11-04,4.089167847868309e-05,0.1015120829095144,0.0810468446782309,0.0940612665104085
2015-11-05,3.208542331996222e-05,0.0899195566972529,0.083643221869294,0.0924740815413608
2015-11-06,4.370139708592211e-05,0.1049416602958633,0.0876382323227654,0.0910480816700907
2015-11-09,3.459959060640896e-05,0.0933761041852521,0.0920954998630114,0.0901311433214752
2015-11-10,3.1027937323026154e-05,0.0884253368973089,0.0958552228698346,0.089742361961852
2015-11-11,2.0189733250471984e-05,0.0713289056352257,0.0902487989500349,0.0900165019774873
2015-11-12,3.494175988901969e-05,0.0938366852144349,0.09104287492717,0.0905834355971535
2015-11-13,4.210612538738352e-05,0.1030084637183792,0.0906002394113723,0.0897731953602887
2015-11-16,4.8219023908191176e-05,0.1102324544989549,0.094312368328909,0.0905111596897934
2015-11-17,5.641596089441088e-05,0.1192343161400758,0.1008681278095593,0.0929530948843922
2015-11-18,4.150091308823551e-05,0.102265488304879,0.1060587698949449,0.0938827238376051
2015-11-19,2.454062821922609e-05,0.0786399282250751,0.1035579337157288,0.0939010011163652
2015-11-20,1.478646020715372e-05,0.0610425095503349,0.0966816141279597,0.0914843702549969
2015-11-23,1.4882881428380997e-05,0.0612412125937428,0.0875625086975314,0.0900879167292528
2015-11-24,3.343139263016513e-05,0.0917862241450295,0.080676952649981,0.0902832549386503
2015-11-25,9.893370823920509e-06,0.0499312472068139,0.0701124137279969,0.0900189093049082
2015-11-27,1.246944842878531e-05,0.056056230733558,0.0656305043202289,0.0892749990979698
2015-11-30,2.0096938797459607e-05,0.0711647987207145,0.0676388292201972,0.0859690693463468
2015-12-01,2.566707095985116e-05,0.080424510454727,0.071543933150653,0.0861065783362897
2015-12-02,2.4248404918426584e-05,0.0781703143107631,0.0682327765080205,0.0857148402062819
2015-12-03,6.838425247684836e-05,0.1312738802053393,0.0871989233035651,0.0889724384642619
2015-12-04,5.484270215471252e-05,0.1175600312308037,0.0986877105474018,0.0913755039179525
2015-12-07,4.837392098509212e-05,0.1104093659443944,0.1056618385006832,0.0918432817529478
2015-12-08,7.969707020195396e-05,0.1417168363000402,0.1178453905638503,0.0947658070008739
2015-12-09,0.000102552174267,0.1607580415260275,0.1335441726632597,0.0982581654560214
2015-12-10,7.161092135986229e-05,0.134335223164609,0.1341516685100056,0.1003923057272395
2015-12-11,6.949295227039667e-05,0.1323337597597074,0.1368760123975304,0.1025632210461233
2015-12-14,0.000114606970744,0.1699439808510086,0.1485704831980359,0.1077066425524358
2015-12-15,3.766511199805004e-05,0.0974248850320523,0.1412613810785563,0.1078513588715497
2015-12-16,0.0001559918531501,0.1982673624019475,0.1504929818959321,0.1137384053682916
2015-12-17,9.66068223849219e-05,0.1560285846920374,0.1546218969344004,0.1161494084910419
2015-12-18,7.131166596423966e-05,0.1340542420924768,0.1549180240700289,0.1168816008772073
2015-12-21,5.042081520728831e-05,0.1127210957728705,0.1440993127766811,0.1173178675560187
2015-12-22,3.507856869562317e-05,0.0940202069307286,0.1436462674776809,0.1178311901241592
2015-12-23,1.692464230042966e-05,0.0653070429563938,0.1167273007202945,0.1179350722645866
2015-12-24,1.5690713955625584e-05,0.0628813161186822,0.0977092158837105,0.1179742964567124
2015-12-28,2.184331187395691e-05,0.0741924160021571,0.0839874146670755,0.1174103846629561
2015-12-29,1.3248616528113497e-05,0.0577810640702003,0.0719750443489192,0.1175739394642077
2015-12-30,2.009122943024944e-05,0.071154689349493,0.0665210125453157,0.1179446280169598
2015-12-31,3.321683582252776e-05,0.0914912161208768,0.0724304608819231,0.1185800056286541
2016-01-04,8.694421276699035e-05,0.1480200716703027,0.0940071699587886,0.1215035783055221
2016-01-05,5.9393268068966485e-05,0.1223401142445909,0.1035850655060326,0.1231490477977713
2016-01-06,6.119625071571693e-05,0.1241831517572358,0.1146578674097171,0.1228143016126279
2016-01-07,0.0001319436047826,0.1823452450852919,0.1370539538893451,0.1263586501761362
2016-01-08,0.0001060349280539,0.1634649866778289,0.1498459813447257,0.1289456827534745
2016-01-11,0.0001179835006151,0.1724292381094494,0.1549780572620157,0.1306351513116564
2016-01-12,0.0001400925725464,0.1878917993997949,0.1675871211590296,0.1322707486812276
2016-01-13,0.0001469290618769,0.1924217336814602,0.1800177126309933,0.1354927526504526
2016-01-14,0.0002194019054075,0.2351367265288219,0.1918704646692394,0.1416877727206869
2016-01-15,0.0001730815754205,0.2088457732537721,0.2004829824191233,0.144032027534686
2016-01-19,0.0001998385457432,0.2244088089342448,0.2105205940380246,0.1503424355400234
2016-01-20,0.0003086820620091,0.2789047859508567,0.2298169505999129,0.1560507765502804
2016-01-21,0.0002741260786167,0.2628303099176508,0.2433650764319497,0.1624353633034062
2016-01-22,7.232731868504575e-05,0.1350054973274478,0.2276268904499577,0.1624711700326124
2016-01-25,5.801477890337351e-05,0.1209120518544372,0.2145102205291251,0.1627386447470392
2016-01-26,7.123206657107957e-05,0.1339794042974966,0.1988287407825614,0.1640060620186286
2016-01-27,0.0002160795091352,0.2333496010325931,0.1867235911617341,0.1708192519990387
2016-01-28,0.0001633605836728,0.2028961978094848,0.1711231093428409,0.1757006206262609
2016-01-29,4.623263212223351e-05,0.1079380530434139,0.1672361992763413,0.176493843138628
2016-02-01,6.638753382395132e-05,0.1293431812027048,0.1684931250715983,0.17820987292912
2016-02-02,6.337065687031104e-05,0.1263701132836335,0.1673132336292456,0.1795953924193825
2016-02-03,0.0002945190069649,0.2724312569349464,0.178737429874359,0.1877434488204415
2016-02-04,0.0001640120193114,0.2033003415306349,0.1788292515062255,0.1900799286304021
2016-02-05,0.0001306746996473,0.1814663172908945,0.190356984104971,0.1922157008837152
2016-02-08,0.0001357080758943,0.1849281891042131,0.1993226949393515,0.1944231847147533
2016-02-09,0.0001707968282575,0.2074627694813939,0.2124707409404883,0.1955643647727672
2016-02-10,0.0001421407090866,0.189260293484458,0.1935560630482387,0.1966189107867981
2016-02-11,0.0002078950918167,0.2288876648878405,0.1991874905635414,0.1992207129976602
2016-02-12,6.767327061834501e-05,0.1305896787492141,0.1910507376953608,0.1971277816584328
2016-02-16,5.927237157522832e-05,0.122215537624958,0.1806876445036028,0.1945643717593723
2016-02-17,3.785023297436715e-05,0.0976640092845902,0.1610823282486023,0.1891446612354818
2016-02-18,3.764247378386465e-05,0.0973956025369415,0.143808224433558,0.1849981338496839
2016-02-19,5.57986665319809e-05,0.1185802005650993,0.1140839409399182,0.1804837892559146
2016-02-22,1.6217741116982122e-05,0.0639286380386716,0.1020871534205654,0.1709513156623308
2016-02-23,4.031065385546128e-05,0.100788316642239,0.0972939685717352,0.1629297484064233
2016-02-24,8.258016372317794e-05,0.1442574131829655,0.1082612803830523,0.1632897565535208
2016-02-25,5.648083339294525e-05,0.1193028499870066,0.1125609086427234,0.1632359456331052
2016-02-26,4.805321381193366e-05,0.1100427638720842,0.1108132994607829,0.1624206597826158
2016-02-29,5.63028567735413e-05,0.1191147342142541,0.1195820938371449,0.1566853592304288
2016-03-01,4.53002571249523e-05,0.1068441144634929,0.1206289897630668,0.15230881268117
2016-03-02,5.085622122543769e-05,0.1132067478059956,0.1138089032957087,0.1524825745188397
2016-03-03,3.206230162205537e-05,0.0898871515221055,0.1082671347552854,0.1511878156446447
2016-03-04,4.043326365689549e-05,0.1009414802820805,0.1064787630483431,0.1503163936043811
2016-03-07,4.2558567704610455e-05,0.1035604126177654,0.1031746810570844,0.1403884820132086
2016-03-08,5.193713923067613e-05,0.1144034924560014,0.1047831745527857,0.1357393055595011
2016-03-09,4.189982249852665e-05,0.1027558040678419,0.1026065844550107,0.1319404532668177
2016-03-10,0.000104096699341,0.1619640955086404,0.1189901038681707,0.1305610556737451
2016-03-11,1.4626895990962636e-05,0.0607122540326298,0.113393138629262,0.1235205799486969
2016-03-14,1.907311943204133e-05,0.0693283931508182,0.108047847249529,0.1176760399197005
2016-03-15,2.2987551441871047e-05,0.0761108596939458,0.1010706588021558,0.1083033634984217
2016-03-16,5.6934611554750783e-05,0.1197811425550666,0.1047522383490466,0.1077339876116467
2016-03-17,2.354460385074037e-05,0.0770275286529859,0.0831456903659257,0.1058176107617105
2016-03-18,1.761094068049131e-05,0.0666179934513477,0.0840452359076863,0.1047164497763787
2016-03-21,1.9532582265917768e-05,0.0701584687048632,0.0841828878431122,0.1037212334972913
2016-03-22,1.660827516112155e-05,0.0646937813132192,0.0822510977498552,0.1015341625210978
2016-03-23,1.9157969792270065e-05,0.0694824322232034,0.0697230258682683,0.1016998777868909
2016-03-24,1.3534770939303308e-05,0.0584017317954222,0.0660060963660993,0.1001806347250796
2016-03-28,1.760696010309637e-05,0.0666104642378379,0.0660045766321554,0.096394611155013
2016-03-29,2.669523112283837e-05,0.082019499163036,0.0686847991827804,0.0946083533554633
2016-03-30,1.951901842696216e-05,0.0701341047108641,0.069744556055489,0.0928649249533222
2016-03-31,1.6137772833640482e-05,0.063770829962275,0.0686446295981143,0.0903538682454212
2016-04-01,2.520280703780004e-05,0.0796938352291167,0.0728021578802892,0.0890708389506195
2016-04-04,1.5316105678514236e-05,0.062126150942945,0.0720048271231006,0.0867555098098972
2016-04-05,3.310957687433941e-05,0.0913433816558897,0.0742157540883555,0.0868246194598967
2016-04-06,3.450823485970249e-05,0.0932527489388116,0.0791418641624859,0.0864328990181339
2016-04-07,4.060112871761948e-05,0.1011508004755281,0.0865816828183994,0.0863030964614129
2016-04-08,3.4495569504868585e-05,0.0932356343638358,0.0892454090024029,0.0851377660360257
2016-04-11,3.640793676899082e-05,0.0957851766495509,0.095014584748691,0.084767518253662
2016-04-12,3.12877271480614e-05,0.0887947478250345,0.0945301543887546,0.0796965398834992
2016-04-13,1.8978933140978974e-05,0.0691570036332308,0.0902954776394594,0.0800086812587041
2016-04-14,1.0351744306035032e-05,0.051074842781166,0.0814168551824145,0.0793819229355772
2016-04-15,5.617405978746544e-06,0.0376242781544593,0.0719252727911247,0.0781186441778817
2016-04-18,1.6608479141837843e-05,0.0646941785923829,0.0646169652774656,0.0751039616229448
2016-04-19,1.876381655068125e-05,0.0687639569161902,0.0595327397955212,0.0747384994900468
2016-04-20,1.421526425248939e-05,0.059851872081225,0.0574809376713825,0.0744778314401692
2016-04-21,2.2922233753569583e-05,0.0760026506504841,0.0627503853672398,0.0747380377924831
2016-04-22,2.6269423340248967e-05,0.0813627352154703,0.0705582917789031,0.0754747530902324
2016-04-25,1.8696559662280826e-05,0.0686406077689786,0.0713001528538835,0.075439731645363
2016-04-26,1.68064889036949e-05,0.0650786847111334,0.0706049749208867,0.0756877080698178
2016-04-27,3.3491895661770155e-05,0.0918692424414508,0.077179043182763,0.0768803217296944
2016-04-28,3.369480942244901e-05,0.0921471213574094,0.0806197402645178,0.0774000055365428
2016-04-29,4.966353301435822e-05,0.1118714008119066,0.0876276534428112,0.0795993251830906
2016-05-02,2.756341615023084e-05,0.0833425513759818,0.0901415288026895,0.0804172128360633
2016-05-03,3.073721478816341e-05,0.0880101024122639,0.0939553287443736,0.0808104092642849
2016-05-04,2.974660752556098e-05,0.0865802812217734,0.092945367164794,0.0818267504230745
2016-05-05,3.2363704966862286e-05,0.0903086576782608,0.0925837653848492,0.0817745281926632
2016-05-06,3.147317634072015e-05,0.0890575119676127,0.0874926261834987,0.0815616836840055
2016-05-09,2.4598815937129663e-05,0.0787331036868017,0.0866345415278752,0.0804301499827509
2016-05-10,1.0076947879059909e-05,0.0503923691199679,0.0804006612754293,0.0786721349328822
2016-05-11,1.8590748588072643e-05,0.068446100284781,0.0768245471387688,0.0773641843685249
2016-05-12,3.718961938896985e-05,0.0968079753223896,0.0783915628747835,0.0777998747810588
2016-05-13,4.069175379856729e-05,0.1012636260324454,0.0813010051218718,0.0793821831843718
2016-05-16,1.4088565433310989e-05,0.0595845490810694,0.0779752320191108,0.0796513314049116
2016-05-17,3.530034294125711e-05,0.0943169466278292,0.085740281779155,0.0817578078548865
2016-05-18,7.964312800443958e-05,0.14166886834135,0.1021197132886388,0.0860602834985135
2016-05-19,5.556066626627716e-05,0.1183270379038613,0.1065567295142362,0.0884752145151166
2016-05-20,1.6910803765390073e-05,0.0652803381492337,0.1007758737153787,0.0886495333511177
2016-05-23,1.5644911900951097e-05,0.0627894720398227,0.1011643048958822,0.0881781228504143
2016-05-24,1.0805473347424066e-05,0.0521821740017686,0.0948666177195004,0.0871679346510122
2016-05-25,1.3101908658923688e-05,0.0574602556733675,0.0751398542886785,0.0867995659384473
2016-05-26,9.328203700980902e-06,0.0484840936044718,0.0575836920423908,0.0863047176539401
2016-05-27,7.974206728821697e-06,0.0448274480164002,0.0535301513036331,0.0845943896576416
2016-05-31,1.5328702682660176e-05,0.0621516940720875,0.0533810842339119,0.0833416783912765
2016-06-01,1.683934861512709e-05,0.0651422739164977,0.0561573456235266,0.0810546065616606
2016-06-02,1.6357346368437495e-05,0.0642032030731041,0.0575996660410433,0.0802588861695901
2016-06-03,2.701120226342558e-05,0.0825034724746979,0.0648763797971722,0.0799925560871411
2016-06-06,1.6693163155936367e-05,0.0648589015887253,0.0681790294703108,0.0790524367586741
2016-06-07,6.424959300821894e-06,0.0402379142576639,0.0648045630574643,0.0771503157233891
2016-06-08,1.000512236641971e-05,0.0502124569836785,0.0620901472871019,0.075539820069612
2016-06-09,1.4143337338774624e-05,0.0597002597094116,0.0611849682114733,0.0747429037520986
2016-06-10,1.790401915487552e-05,0.0671700292320066,0.057311415148887,0.0753402761144414
2016-06-13,2.920868270821252e-05,0.0857938694923451,0.0625730013009029,0.0761431599949252
2016-06-14,4.0147928494352686e-05,0.1005846806455977,0.0749334247125857,0.0763653514372126
2016-06-15,2.6502669288125584e-05,0.0817231464189163,0.0802900647901764,0.0752936742804184
2016-06-16,4.17854820324287e-05,0.1026155030790768,0.0885418465843744,0.0773717841126925
2016-06-17,2.709725114572724e-05,0.0826347825599079,0.0911207851640328,0.076762167041723
2016-06-20,2.0213669398348493e-05,0.0713711754729023,0.0885982438770243,0.0721920553385127
2016-06-21,1.7939210142932446e-05,0.0672360093701208,0.082038584904794,0.0691430124796992
2016-06-22,2.5817546706646937e-05,0.0806599142701939,0.0818278634395067,0.0698768836357234
2016-06-23,1.840817560423229e-05,0.0681091789134661,0.0742804347799167,0.0701030013361237
2016-06-24,0.0001379720700775,0.1864643710190501,0.1053834610612823,0.0798189598959862
2016-06-27,8.783847972053388e-05,0.1487793563958876,0.1204739154568032,0.0850125861812187
2016-06-28,4.2408422887644585e-05,0.1033775728467564,0.1254878983321756,0.0872127208814122
2016-06-29,1.3536004307513033e-05,0.0584043926900475,0.122996840979393,0.0875772033506049
2016-06-30,3.5788637522254094e-05,0.0949670293081132,0.1265077000485678,0.0889051505838125
2016-07-01,1.916657935991605e-05,0.0694980431285575,0.1000819735987064,0.0890549446728242
2016-07-05,2.2795825055997583e-05,0.0757927959248858,0.0820868542722861,0.089468055849362
2016-07-06,4.547141068807176e-05,0.1070457635471581,0.0830218418818871,0.0906420780540972
2016-07-07,2.57315561318482e-05,0.0805254751319465,0.0866445730637964,0.0912113863349509
2016-07-08,1.2882738171565832e-05,0.0569776273570125,0.0797046091147361,0.0916159806952587
2016-07-11,1.0998601641851124e-05,0.0526464397062753,0.0770789117537501,0.0916780659278575
2016-07-12,8.020629251304349e-06,0.0449577420621709,0.072086675388631,0.091294769478759
2016-07-13,1.3459282364847767e-05,0.058238639715756,0.0598588130611974,0.0910155068907759
2016-07-14,1.1598709037571426e-05,0.0540636169477033,0.0535796790541323,0.0899005464428397
2016-07-15,8.922935916510116e-06,0.0474191928543764,0.0516837302629078,0.0878887942454579
2016-07-18,6.35628985181401e-06,0.0400223068132901,0.0493683649685823,0.0865660010334466
2016-07-19,8.270123697060555e-06,0.0456516283571491,0.049495555151319,0.0843194481685265
2016-07-20,6.458159607245866e-06,0.0403417429101167,0.0457925036742273,0.082905717096451
2016-07-21,1.0456193194120838e-05,0.0513318681222342,0.045159390986197,0.0822288907414772
2016-07-22,7.173397562726946e-06,0.0425170105464529,0.0441723200795876,0.0814755974695413
2016-07-25,1.0215046682762244e-05,0.0507364934150566,0.0463214335431594,0.0803713471163112
2016-07-26,2.002577565663673e-05,0.0710386899194548,0.0523274312789762,0.0804865349646643
2016-07-27,1.8078662325252056e-05,0.0674968362663282,0.0576526963917862,0.0714475879356305
2016-07-28,2.1131646150707475e-05,0.0729737955020724,0.0621439959308657,0.0658836957415511
2016-07-29,1.5620733143639418e-05,0.0627409336254819,0.0654799354270714,0.063512365369039
2016-08-01,2.1747186699760707e-05,0.0740289878921743,0.0697770864997254,0.0642485479736147
2016-08-02,2.762205836667373e-05,0.083431161494982,0.0724685755964337,0.0635163873702853
2016-08-03,1.2036760065210177e-05,0.0550750718241289,0.070336210980333,0.0628702045915093
2016-08-04,1.0465491349917585e-05,0.0513546864480665,0.0664048821481531,0.0617367334532061
2016-08-05,4.8942077281427485e-06,0.0351189457058718,0.0622012177707886,0.0578500720980484
2016-08-08,4.0204875115017484e-06,0.0318302191776688,0.054548747493236,0.055659144975205
2016-08-09,5.0084500590011e-06,0.0355264607703649,0.0428467034248158,0.0548429031713614
2016-08-10,1.0603719676565356e-05,0.0516927205561331,0.041995413544653,0.0548016499281069
2016-08-11,7.121051695422008e-06,0.0423615984972987,0.0399381396687408,0.0547075550800713
2016-08-12,5.859801138470294e-06,0.0384274626653193,0.0405428280720568,0.0539061033622403
2016-08-15,2.1559595317183183e-06,0.0233088352774868,0.0393668477008163,0.0528933415116671
2016-08-16,6.915209977461037e-06,0.0417448549442944,0.0405690694715771,0.0526754970383834
2016-08-17,1.8552038376165985e-05,0.0683748028940035,0.045237646493264,0.0539852270909842
2016-08-18,6.158951162310983e-06,0.0393961380455288,0.0446984875961226,0.0537607870320316
2016-08-19,7.825215545872248e-06,0.0444066922609622,0.0457931400923084,0.0539062262330741
2016-08-22,2.100451186641413e-05,0.0727539482800511,0.0551994448992239,0.0550155198320636
2016-08-23,4.462983118673095e-06,0.0335361259823734,0.0540683501089088,0.0547326306415296
2016-08-24,1.0982709576820667e-05,0.0526083910926651,0.0504171827060233,0.0548129007301736
2016-08-25,1.1144966559582086e-05,0.0529955806932491,0.0528506148311919,0.0538769751840293
2016-08-26,5.060241654909907e-05,0.1129239078777074,0.0703502552845235,0.0572300032857769
2016-08-29,6.498996112035549e-06,0.0404690872176894,0.0649467506852879,0.0557464162175616
2016-08-30,1.0510528231887831e-05,0.0514650669331706,0.0672523360061416,0.05521890841603
2016-08-31,1.283158255279673e-05,0.0568643895887819,0.067941591799664,0.0542863118447162
2016-09-01,2.837803353247567e-05,0.0845651491465832,0.0740581290048972,0.0543660096531
2016-09-02,1.0588537346656352e-05,0.0516557006666002,0.0588889375002036,0.0542132296828273
2016-09-06,1.0054097488240534e-05,0.0503352020661148,0.0603910926318081,0.054169751180476
2016-09-07,8.348769796773985e-06,0.0458681805698356,0.0594821943453155,0.0545337728494496
2016-09-08,1.2492428428799483e-05,0.0561078600915902,0.0593383356379703,0.0554163749583169
2016-09-09,3.590130210523962e-05,0.095116392543664,0.0624516678108097,0.058522117114002
2016-09-12,5.5532581492003416e-05,0.1182971281814772,0.0785200015109349,0.0627652601475601
2016-09-13,0.0001003530508458,0.159025057186412,0.1035203259582301,0.070763041578758
2016-09-14,4.11097805338247e-05,0.1017824380456855,0.1112097694793293,0.0735607269181927
2016-09-15,3.381054748888028e-05,0.0923052434436843,0.1159398379689813,0.0759853239864984
2016-09-16,2.0484634848553395e-05,0.0718479504358715,0.1125390865367969,0.0770013055429004
2016-09-19,2.139634701598984e-05,0.07342941813762,0.1046163456680913,0.0772125722788246
2016-09-20,1.5419494621073465e-05,0.0623354846336379,0.0816328888819902,0.0778964481468501
2016-09-21,3.349224052481625e-05,0.0918697154249086,0.079246479611181,0.0797612734238814
2016-09-22,1.5346411567625427e-05,0.0621875848947489,0.0731396751451227,0.0793539524607333
2016-09-23,1.0946822689968036e-05,0.05252236969018,0.0697761158817355,0.0798205437605489
2016-09-26,1.421118010051783e-05,0.0598432735178356,0.0671310206611042,0.0800518573712818
2016-09-27,2.0755702953178e-05,0.0723217612078194,0.0691051288613201,0.0807365251014939
2016-09-28,2.2087903635963484e-05,0.0746066465957477,0.0648131179294862,0.0786877735177862
2016-09-29,5.401723539748412e-05,0.1166719474431021,0.0784203403254944,0.0820735373491453
2016-09-30,1.7884400883189664e-05,0.0671332184731508,0.0806188794123605,0.0825864994563998
2016-10-03,1.709560467221485e-05,0.0656360600386566,0.0815155121195853,0.0828816766701059
2016-10-04,3.749803777406736e-05,0.0972085671073541,0.0865366534544241,0.0835095074274716
2016-10-05,9.73449345816875e-06,0.0495287022993589,0.0828612123863164,0.0834509145919809
2016-10-06,1.5010165974263184e-05,0.0615025351145326,0.0700001729940712,0.0837903613668486
2016-10-07,3.085578534840825e-05,0.0881796910166897,0.0745237009027793,0.0853149007540267
2016-10-10,4.736476474483876e-06,0.0345484018670898,0.0702202387854191,0.0847926375722883
2016-10-11,2.783259063130942e-05,0.0837485094738406,0.0666614086191274,0.084245878024552
2016-10-12,1.812539945650204e-05,0.0675840266855898,0.0697613436037629,0.0816632456933693
2016-10-13,3.529161158121036e-05,0.0943052814982544,0.0767387120037365,0.0769651640924724
2016-10-14,2.835145573744023e-05,0.0845255396068841,0.0759118680286529,0.076009839313586
2016-10-17,1.9619645217660187e-05,0.0703146541970474,0.0807014461596302,0.0749329389345598
2016-10-18,8.230837757638561e-06,0.0455430687912542,0.0743289651981157,0.0739904295270801
2016-10-19,7.661636581764139e-06,0.0439401003481394,0.0706924424428517,0.0729195364537374
2016-10-20,3.386471786873232e-05,0.0923791583795855,0.0701819490711608,0.0743541555310629
2016-10-21,1.07868361123951e-05,0.0521371527830544,0.0635629541975885,0.0725841605161317
2016-10-24,6.186927447833625e-06,0.0394855127465007,0.057993449377714,0.0718577945016491
2016-10-25,8.621369936901964e-06,0.0466109989605382,0.058162900482699,0.0716722095820886
2016-10-26,2.0410180885117167e-05,0.0717172614023257,0.0634464311482478,0.0721658670192411
2016-10-27,1.9553940536403992e-05,0.0701968162751973,0.0574820532679548,0.0720704288901509
2016-10-28,6.276395480381843e-05,0.1257637332881075,0.0769664422326232,0.0752334526485652
2016-10-31,1.2611775423031385e-05,0.0563752375303546,0.0790420493654972,0.0720124411062434
2016-11-01,3.9862923800790014e-05,0.1002270262843265,0.088443314516348,0.0737397156481064
2016-11-02,4.1114602580663325e-05,0.101788407249191,0.0941579669284186,0.0755822225604576
2016-11-03,1.7493800484104254e-05,0.0663960670672162,0.0936049767771846,0.0740508806285054
2016-11-04,1.8303209341498533e-05,0.0679147167707974,0.0807531430110083,0.0747106663564838
2016-11-07,1.3558607662109438e-05,0.0584531361934633,0.081048074937076,0.0745993078169185
2016-11-08,2.9122442507723155e-05,0.0856671203668375,0.0776367837679751,0.0744661135846797
2016-11-09,0.0001242823315898,0.1769721660618686,0.1010896816489982,0.0831537461797561
2016-11-10,0.0001013739680775,0.1598319115681533,0.1201943600282598,0.0880734270621655
2016-11-11,3.8362494220897086e-05,0.0983226756331725,0.1243288869914174,0.0893797251971681
2016-11-14,3.1850901481372354e-05,0.0895903296863329,0.1279828259924568,0.0891589788304396
2016-11-15,1.172587386636382e-05,0.0543591778297251,0.1245103075632334,0.0880845333917156
2016-11-16,1.0161885849593734e-05,0.0506043005494357,0.0987478922518581,0.0874674264412564
2016-11-17,6.473234568487734e-06,0.0403887993292559,0.0704850995269948,0.0873522646680406
2016-11-18,6.814799619860638e-06,0.041440674514357,0.0581218155896573,0.0872967239371713
2016-11-21,4.89185309038728e-06,0.0351104967036582,0.0449378393843371,0.0853747445888464
2016-11-22,6.151308426037394e-06,0.0393716868239274,0.0416947396003384,0.0850632067995415
2016-11-23,7.99362347174947e-06,0.0448819909861501,0.0403629890679157,0.0851847640881282
2016-11-25,2.71153648950822e-06,0.026140145281847,0.0379418147077352,0.0847864940712734
2016-11-28,9.289708392185623e-06,0.0483839489379564,0.0395514437845357,0.0840319559408906
2016-11-29,8.340372039932707e-06,0.045845106108101,0.0416907910754687,0.0832641777068704
2016-11-30,1.7052783693509663e-05,0.0655538060738233,0.0478284059318203,0.0800582450590678
2016-12-01,2.6567746271991785e-05,0.0818234200002782,0.0567775677808692,0.0810504898466967
2016-12-02,1.2766189152016811e-05,0.0567193059399375,0.061077382862248,0.079112585128318
2016-12-05,8.352633174817296e-06,0.0458787920509461,0.0606895222122094,0.0767041567188224
2016-12-06,5.829615426483663e-06,0.0383283587892031,0.059637873646102,0.075828225088109
2016-12-07,1.6615669546581395e-05,0.064708181289065,0.0594528840345298,0.0757006586412938
2016-12-08,1.53470447774376e-05,0.062188867845574,0.054489650987116,0.0758358454357556
2016-12-09,8.893957597121193e-06,0.0473421304386963,0.0526684117316155,0.074292444791316
2016-12-12,1.153520729998618e-05,0.0539154174573147,0.0541697639854512,0.0650223061189295
2016-12-13,1.500334972131202e-05,0.0614885690984155,0.0582813824364079,0.0569083835574832
2016-12-14,6.104958601269999e-05,0.1240342520241904,0.0750745558001592,0.0591475649818847
2016-12-15,3.0118684622899444e-05,0.0871200810661391,0.0798791560846914,0.0589795955101742
2016-12-16,1.7249727740383655e-05,0.0659312626193119,0.0824730888958509,0.0595135776258493
2016-12-19,1.1592012954872904e-05,0.0540480088868033,0.082490444277075,0.0596510467448912
2016-12-20,7.706185892489158e-06,0.0440676621220966,0.0802302707215708,0.0597693088026389
2016-12-21,3.547443155313542e-06,0.0298990915437076,0.0594877158751642,0.0594553966567026
2016-12-22,5.818356278991873e-06,0.038291327768908,0.0481045922081387,0.0595445788002023
2016-12-23,2.0893679492858274e-06,0.0229460393798151,0.0393696540248958,0.0591525923579761
2016-12-27,3.2590955092212475e-06,0.0286581937379827,0.033615333090409,0.0586923957333171
2016-12-28,1.4393586201535864e-05,0.0602261049943215,0.0383019006624358,0.0598214834849904
2016-12-29,7.106411967373623e-06,0.042318031804163,0.0405759488180243,0.0596120895306164
2016-12-30,1.969208328871208e-05,0.0704443396502191,0.048431843489308,0.0606929148310759
